config_id,rank,wk inc flu hosp_mean,wk inc covid hosp_mean,wk inc rsv hosp_mean,wk inc flu prop ed visits_mean,wk inc covid prop ed visits_mean,wk inc rsv prop ed visits_mean,combined_mean,wk inc flu hosp_sd,wk inc covid hosp_sd,wk inc rsv hosp_sd,wk inc flu prop ed visits_sd,wk inc covid prop ed visits_sd,wk inc rsv prop ed visits_sd,combined_sd,seeds,states_dc_combined_mean,US_combined_mean
"pilot_method=joint,forecast_targets=flu,pathogen_inputs=flu,correction_weeks=3,growth_anchor=1,joint_weight=0.1,correction_penalty=3.0,reporting_missingness=0,reporting_method=synchronous_log,reporting_strength=2.0,nowcast_weeks=4,lookback=10,ed_transform=logit,loss_weights=flu_hosp_ed,spatial=neighbors,decoder=residual2,sum_wis_weight=0.5,us_error=shared_factor,width=96,epochs=240,patience=25,batch_size=4,lr=0.0005,fit_partition=pathogen,covariate_encoder=summary,input_mode=scheduled_final,input_normalization=b0,evaluation_seasons=recent_two,actual_share=0.5",1.0,0.7710668252939467,,,0.8175340615278948,,,0.7759225362687345,0.014631809778160957,,,0.048670528005174914,,,0.0049571055114516725,2,0.7943143221268448,0.7023553928362929
"pilot_method=joint,forecast_targets=flu,pathogen_inputs=flu,correction_weeks=2,reporting_random_strength=1,joint_weight=0.1,correction_penalty=3.0,reporting_missingness=0,nowcast_weeks=4,ed_transform=logit,loss_weights=flu_hosp_ed,spatial=neighbors,sum_wis_weight=0.25,width=96,epochs=240,patience=25,lr=0.0005,fit_partition=pathogen,covariate_encoder=summary,signal_features=multiscale,input_mode=scheduled_final,input_normalization=b0,evaluation_seasons=recent_two,actual_share=0.25",2.0,0.7715469341319111,,,0.8349008009690416,,,0.7826296409868363,0.048518137240062494,,,0.03722816018086302,,,0.04888488148199557,2,0.7918282541549386,0.7458351883144266
"pilot_method=joint,forecast_targets=flu,pathogen_inputs=flu,correction_weeks=2,joint_weight=0.1,correction_penalty=3.0,reporting_missingness=0,nowcast_weeks=4,ed_transform=logit,loss_weights=flu_hosp_ed,spatial=neighbors,decoder=quantile,width=96,epochs=240,patience=25,lr=0.0005,fit_partition=pathogen,covariate_encoder=summary,input_mode=scheduled_final,input_normalization=b0,evaluation_seasons=recent_two",3.0,0.7797154668802171,,,0.8940205291014481,,,0.7875289938630123,0.00014353343819963345,,,0.027511891509426116,,,0.0014979780293683342,2,0.793378298536357,0.7641317751696334
"pilot_method=joint,forecast_targets=flu,pathogen_inputs=flu,correction_weeks=3,joint_weight=0.1,correction_penalty=300.0,reporting_method=synchronous_log,reporting_strength=1.5,nowcast_weeks=4,ed_transform=logit,loss_weights=flu_hosp_ed,spatial=distance,decoder=quantile,epochs=240,patience=25,lr=0.0005,fit_partition=pathogen,weight_decay=0.0001,covariate_encoder=summary,input_mode=scheduled_final,input_normalization=b0,evaluation_seasons=recent_two,nowcast_noise=0.5",4.0,0.7864177368764484,,,0.90954132160065,,,0.7940153419240723,0.02303159712024497,,,0.014148686622689604,,,0.015567213687090799,2,0.8033677212254804,0.7566058247184395
"pilot_method=joint,forecast_targets=flu,pathogen_inputs=flu,ili_units=flu_scaled,ili_steps=1200,correction_weeks=2,ili_training=pretrain,reporting_random_strength=1,joint_weight=0.1,correction_penalty=300.0,reporting_strength=1.5,nowcast_weeks=4,lookback=10,ed_transform=logit,loss_weights=flu_hosp_ed,spatial=neighbors,decoder=quantile,latent=8,width=96,epochs=240,patience=25,lr=0.0005,fit_partition=pathogen,covariate_encoder=summary,input_mode=scheduled_final,input_normalization=b0,evaluation_seasons=recent_two,vintage_seasons=all,actual_share=0.25",5.0,0.7957389842219964,,,0.8217278307639051,,,0.7968789129620106,0.042547622324195344,,,0.0031356108546125062,,,0.03663698623552701,2,0.7982165108658553,0.7915285213466314
"pilot_method=two_stage,pilot_nowcaster=real_tree,forecast_targets=flu,pathogen_inputs=flu,ili_units=flu_scaled,ili_steps=1200,correction_weeks=1,ili_training=pretrain,joint_weight=0.05,correction_penalty=30.0,correction_strength=0.75,reporting_strength=2.0,lookback=10,count_transform=sqrt,ed_transform=logit,loss_weights=flu_hosp_ed,width=96,epochs=160,patience=25,batch_size=16,fit_partition=pathogen,covariate_encoder=summary,signal_features=multiscale,covariate_set=kinsa,input_mode=scheduled_final,input_normalization=b0,evaluation_seasons=recent_two,correction_realizations=2,uncorrected_share=0.1",6.0,0.797261963047631,,,0.7604490541351171,,,0.797376052901126,0.008338412920088668,,,0.018923883840893628,,,0.005812149587254421,2,0.8137661607715029,0.7318156214196185
"pilot_method=joint,forecast_targets=flu,pathogen_inputs=flu,correction_weeks=2,growth_anchor=1,joint_weight=0.1,correction_penalty=100.0,correction_strength=0.75,reporting_strength=2.0,nowcast_weeks=4,lookback=10,ed_transform=logit,loss_weights=flu_hosp_ed,spatial=neighbors,decoder=quantile,epochs=240,patience=25,lr=0.0005,fit_partition=pathogen,weight_decay=3e-05,covariate_encoder=summary,input_mode=scheduled_final,input_normalization=b0,evaluation_seasons=recent_two,vintage_seasons=all",7.0,0.7951709384789751,,,0.8205259254934689,,,0.7996430431358359,0.054174714576646694,,,0.03087166273923461,,,0.052360370821746195,2,0.8175684872874077,0.7279412665295484
"pilot_method=joint,pilot_nowcaster=real_tree,forecast_targets=flu,pathogen_inputs=flu,ili_units=flu_scaled,ili_steps=1200,correction_weeks=3,ili_training=pretrain,joint_weight=0.1,correction_penalty=3.0,reporting_strength=1.5,nowcast_weeks=4,lookback=10,ed_transform=logit,loss_weights=flu_hosp_ed,spatial=neighbors,decoder=quantile,latent=32,epochs=240,patience=25,lr=0.0005,fit_partition=pathogen,covariate_encoder=summary,input_mode=scheduled_final,input_normalization=b0,evaluation_seasons=recent_two,actual_share=0.5,nowcast_noise=1.0",8.0,0.7930189934504069,,,0.8202846649924371,,,0.7999398460209077,0.044239640144238576,,,0.0394575113551814,,,0.0425851569164735,2,0.7996949556185807,0.8009194076302155
"pilot_method=joint,forecast_targets=flu,pathogen_inputs=flu,correction_weeks=2,joint_weight=0.1,correction_penalty=3.0,reporting_missingness=0,nowcast_weeks=4,ed_transform=logit,loss_weights=flu_hosp_ed,spatial=neighbors,sum_wis_weight=0.25,width=96,epochs=240,patience=25,lr=0.0005,fit_partition=pathogen,covariate_encoder=summary,input_mode=scheduled_final,input_normalization=b0,evaluation_seasons=recent_two",9.0,0.7881388308751216,,,0.9000967188056812,,,0.8000190437937974,0.008377249624235694,,,0.0613593180214623,,,0.009524967599950888,2,0.8043120544610101,0.7828470011249457
"pilot_method=joint,forecast_targets=flu,pathogen_inputs=flu,correction_weeks=2,joint_weight=0.1,correction_penalty=30.0,reporting_missingness=0,reporting_method=synchronous_log,reporting_strength=2.0,nowcast_weeks=4,ed_transform=logit,loss_weights=flu_hosp_ed,spatial=neighbors,sum_wis_weight=0.25,width=128,epochs=240,patience=25,lr=0.0005,fit_partition=pathogen,covariate_encoder=summary,signal_features=multiscale,input_mode=scheduled_final,input_normalization=b0,evaluation_seasons=recent_two,vintage_seasons=all,actual_share=1.0,nowcast_noise=0.5",10.0,0.7925627787886579,,,0.8918129819768277,,,0.8016867832678438,0.013101681426187445,,,0.008745162396201593,,,0.015416785787081973,2,0.8046562439719787,0.7898089404513039
"pilot_method=joint,forecast_targets=flu,pathogen_inputs=flu,correction_weeks=2,joint_weight=0.1,correction_penalty=300.0,reporting_strength=1.5,nowcast_weeks=4,lookback=10,ed_transform=logit,loss_weights=flu_hosp_ed,spatial=neighbors,decoder=quantile,epochs=240,patience=25,batch_size=4,fit_partition=pathogen,covariate_encoder=summary,signal_features=multiscale,input_mode=scheduled_final,input_normalization=b0,evaluation_seasons=recent_two,vintage_seasons=all,actual_share=0.25,log_loss_weight=0.5",11.0,0.7876347684359519,,,0.9047408735887159,,,0.8024647405108114,0.06329863554810257,,,0.05704556746214733,,,0.050339365293232456,2,0.8196930069154946,0.7335516748920778
"pilot_method=joint,forecast_targets=flu,pathogen_inputs=flu,correction_weeks=2,joint_weight=0.1,correction_penalty=30.0,reporting_strength=1.5,nowcast_weeks=4,ed_transform=logit,loss_weights=flu_hosp_ed,spatial=neighbors,decoder=quantile,epochs=240,patience=25,batch_size=4,fit_partition=pathogen,weight_decay=3e-05,covariate_encoder=summary,input_mode=scheduled_final,input_normalization=b0,evaluation_seasons=recent_two,nowcast_noise=0.5,log_loss_weight=1.0",12.0,0.8010843790895003,,,0.8752215805945758,,,0.8028007567036795,0.017131662242084827,,,0.08300744381924512,,,0.021544316412649225,2,0.8115463412505238,0.767818418516302
"pilot_method=joint,forecast_targets=flu,pathogen_inputs=flu,correction_weeks=2,reporting_random_strength=1,joint_weight=0.1,correction_penalty=100.0,reporting_method=synchronous_log,nowcast_weeks=4,ed_transform=logit,loss_weights=flu_hosp_ed,spatial=distance,sum_wis_weight=0.5,noise=local,us_error=shared_factor,width=128,epochs=240,patience=25,fit_partition=pathogen,covariate_encoder=summary,input_mode=scheduled_final,input_normalization=b0,evaluation_seasons=recent_two,nowcast_noise=0.5,log_loss_weight=0.25",13.0,0.7931246866568923,,,0.8245067233820291,,,0.8031623538949357,0.049557071171789244,,,0.012873828299275265,,,0.04176507517832897,2,0.8040449376228063,0.7996320189834534
"pilot_method=two_stage,pilot_nowcaster=real_tree,forecast_targets=flu,pathogen_inputs=flu,ili_units=flu_scaled,ili_steps=1200,correction_weeks=2,ili_training=pretrain,reporting_random_strength=1,joint_weight=0.05,correction_penalty=300.0,reporting_method=synchronous_log,count_transform=sqrt,ed_transform=logit,loss_weights=flu_hosp_ed,spatial=distance,decoder=residual2,noise=local,us_error=shared_factor,latent=8,width=96,epochs=160,patience=25,members=64,fit_partition=pathogen,covariate_encoder=summary,covariate_set=kinsa,input_mode=scheduled_final,input_normalization=b0,evaluation_seasons=recent_two,vintage_seasons=all,actual_share=1.0,uncorrected_share=0.25,nowcast_noise=1.0,nowcast_noise_train=1,log_loss_weight=1.0",14.0,0.79772438598513,,,0.8387219189848731,,,0.8033950302151173,0.03774485514026711,,,0.09382461509740168,,,0.03327678679081016,2,0.8027641155276328,0.8059186889650548
"pilot_method=joint,forecast_targets=flu,pathogen_inputs=flu,correction_weeks=2,growth_anchor=1,reporting_random_strength=1,joint_weight=0.1,correction_penalty=100.0,reporting_missingness=0,reporting_method=synchronous_log,reporting_strength=2.0,nowcast_weeks=4,ed_transform=logit,loss_weights=flu_hosp_ed,spatial=distance,decoder=quantile,width=96,epochs=240,patience=25,batch_size=4,lr=0.0005,fit_partition=pathogen,weight_decay=3e-05,covariate_encoder=summary,signal_features=multiscale,input_mode=scheduled_final,input_normalization=b0,evaluation_seasons=recent_two,vintage_seasons=all,nowcast_noise=1.0",15.0,0.8030951641869155,,,0.834379434776891,,,0.8037555864117499,0.07025492879240153,,,9.10181917960651e-05,,,0.06619159868386844,2,0.8308254418529644,0.6954761646468914
"pilot_method=two_stage,pilot_nowcaster=real_tree,forecast_targets=flu,pathogen_inputs=flu,correction_weeks=2,joint_weight=0.05,correction_penalty=100.0,count_transform=sqrt,ed_transform=logit,loss_weights=flu_hosp_ed,spatial=distance,width=128,epochs=160,patience=25,lr=0.002,fit_partition=pathogen,weight_decay=3e-05,covariate_encoder=summary,covariate_set=kinsa,input_mode=scheduled_final,input_normalization=b0,evaluation_seasons=recent_two,actual_share=0.25,correction_realizations=4,uncorrected_share=0.1,log_loss_weight=1.0",16.0,0.7971231054453327,,,0.8715376899761222,,,0.8038821222031707,0.036105674798737074,,,0.07320394950093931,,,0.05305994688563339,2,0.8018793448391615,0.8118932316592073
"pilot_method=joint,forecast_targets=flu,pathogen_inputs=flu,correction_weeks=3,reporting_random_strength=1,joint_weight=0.1,correction_penalty=3.0,reporting_method=synchronous_log,reporting_strength=2.0,nowcast_weeks=4,lookback=10,ed_transform=logit,loss_weights=flu_hosp_ed,spatial=distance,decoder=quantile,latent=32,epochs=240,patience=25,batch_size=4,lr=0.0005,fit_partition=pathogen,weight_decay=3e-05,covariate_encoder=summary,input_mode=scheduled_final,input_normalization=b0,evaluation_seasons=recent_two,log_loss_weight=0.5",17.0,0.7978886666859859,,,0.9052293223862297,,,0.8039976901687947,0.05597892085673309,,,0.024850138871963683,,,0.03579419374131424,2,0.8093070649560119,0.7827601910199258
"pilot_method=joint,forecast_targets=flu,pathogen_inputs=flu,ili_units=flu_scaled,ili_steps=1200,correction_weeks=2,ili_training=pretrain,reporting_random_strength=1,joint_weight=0.1,correction_penalty=30.0,correction_strength=0.75,reporting_missingness=0,reporting_strength=0.5,nowcast_weeks=4,ed_transform=logit,loss_weights=flu_hosp_ed,spatial=neighbors,decoder=quantile,latent=8,width=96,epochs=240,patience=25,lr=0.0005,fit_partition=pathogen,covariate_encoder=summary,signal_features=multiscale,input_mode=scheduled_final,input_normalization=b0,evaluation_seasons=recent_two,actual_share=0.25,nowcast_noise=1.0",18.0,0.7962203288064333,,,0.8769045341426049,,,0.804656525453812,0.021757631980527672,,,0.004218399261329361,,,0.021563794158566862,2,0.8092356444351642,0.7863400495284031
"pilot_method=joint,forecast_targets=flu,pathogen_inputs=flu,correction_weeks=3,reporting_random_strength=1,joint_weight=0.1,correction_penalty=3.0,reporting_strength=2.0,nowcast_weeks=4,ed_transform=logit,loss_weights=flu_hosp_ed,spatial=neighbors,decoder=quantile,width=96,epochs=240,patience=25,fit_partition=pathogen,covariate_encoder=summary,input_mode=scheduled_final,input_normalization=b0,evaluation_seasons=recent_two,actual_share=1.0,log_loss_weight=0.25",19.0,0.7921815890750095,,,0.858815641476171,,,0.8054292774660915,0.11942867940248479,,,0.12932462737907027,,,0.12288066984753546,2,0.7997761088970081,0.8280419517424247
"pilot_method=joint,pilot_nowcaster=real_tree,forecast_targets=flu,pathogen_inputs=flu,ili_units=flu_scaled,ili_steps=1200,correction_weeks=3,ili_training=pretrain,growth_anchor=1,reporting_random_strength=1,joint_weight=0.1,correction_penalty=300.0,nowcast_weeks=4,ed_transform=logit,loss_weights=flu_hosp_ed,spatial=neighbors,sum_wis_weight=0.25,latent=8,width=128,epochs=240,patience=25,members=256,lr=0.0005,fit_partition=pathogen,covariate_encoder=summary,input_mode=scheduled_final,input_normalization=b0,evaluation_seasons=recent_two,vintage_seasons=all,actual_share=0.5,log_loss_weight=0.25",20.0,0.809043414610426,,,0.8928850440109928,,,0.8065965672031381,0.016712856014059804,,,0.022961936357562062,,,0.013244398349018483,2,0.8252975290785013,0.731792719701685
"pilot_method=two_stage,pilot_nowcaster=real_tree,forecast_targets=flu,pathogen_inputs=flu,correction_weeks=2,joint_weight=0.05,correction_penalty=300.0,reporting_strength=1.5,count_transform=sqrt,ed_transform=logit,loss_weights=flu_hosp_ed,spatial=distance,decoder=residual2,noise=local,width=96,epochs=160,patience=25,lr=0.002,fit_partition=pathogen,weight_decay=3e-05,covariate_encoder=summary,covariate_set=kinsa,input_mode=scheduled_final,input_normalization=b0,evaluation_seasons=recent_two,actual_share=0.5,correction_realizations=4,log_loss_weight=0.25,covariate_dropout=0.1",21.0,0.8039291590134947,,,0.8740584400838823,,,0.8066580354885751,0.012606793075084301,,,0.028729089679712688,,,0.022106528506293653,2,0.7925163046568986,0.8632249588152803
"pilot_method=joint,revision_signals=all,pilot_nowcaster=real_tree,forecast_targets=flu,pathogen_inputs=flu,correction_weeks=1,reporting_random_strength=1,joint_weight=0.1,correction_penalty=3.0,reporting_missingness=0,reporting_method=synchronous_log,reporting_strength=2.0,nowcast_weeks=4,lookback=10,ed_transform=logit,loss_weights=flu_hosp_ed,spatial=distance,decoder=quantile,width=128,epochs=240,patience=25,lr=0.00025,fit_partition=pathogen,covariate_encoder=summary,signal_features=multiscale,input_mode=scheduled_final,input_normalization=b0,evaluation_seasons=recent_two,vintage_seasons=all,actual_share=0.25,nowcast_noise=1.0,log_loss_weight=1.0",22.0,0.792174269213938,,,0.8868049914944699,,,0.8086845843607797,0.03957766574034935,,,0.020398192277757705,,,0.04136896429717772,2,0.8033769013505015,0.8299153164018929
"pilot_method=joint,pilot_nowcaster=real_tree,forecast_targets=flu,pathogen_inputs=flu,correction_weeks=2,joint_weight=0.1,correction_penalty=3.0,reporting_strength=2.0,nowcast_weeks=4,lookback=14,ed_transform=logit,loss_weights=flu_hosp_ed,spatial=neighbors,decoder=residual2,sum_wis_weight=0.25,latent=32,width=128,epochs=240,patience=25,batch_size=4,lr=0.0005,fit_partition=pathogen,covariate_encoder=summary,input_mode=scheduled_final,input_normalization=b0,evaluation_seasons=recent_two,vintage_seasons=all,actual_share=0.25,log_loss_weight=0.25",23.0,0.824145936078206,,,0.8248667543690619,,,0.8096713494882388,0.03499754326223081,,,0.05062120008595744,,,0.027984463921916277,2,0.8126625199168621,0.7977066677737463
"pilot_method=joint,forecast_targets=flu,pathogen_inputs=flu,correction_weeks=2,joint_weight=0.1,correction_penalty=100.0,reporting_method=synchronous_log,nowcast_weeks=4,ed_transform=logit,loss_weights=flu_hosp_ed,spatial=neighbors,decoder=quantile,epochs=240,patience=25,fit_partition=pathogen,covariate_encoder=summary,signal_features=multiscale,input_mode=scheduled_final,input_normalization=b0,evaluation_seasons=recent_two,actual_share=1.0,nowcast_noise=0.5",24.0,0.8119071142208565,,,0.8092255924783813,,,0.8147293759602827,0.03713774540976683,,,0.027909777677674344,,,0.03589974538109084,2,0.8176632984411298,0.8029936860368937
"pilot_method=joint,revision_signals=all,pilot_nowcaster=real_tree,forecast_targets=flu,pathogen_inputs=flu,correction_weeks=2,growth_anchor=1,joint_weight=0.1,correction_penalty=3.0,reporting_missingness=0,reporting_strength=2.0,nowcast_weeks=4,lookback=10,ed_transform=logit,loss_weights=flu_hosp_ed,spatial=distance,decoder=quantile,latent=8,epochs=240,patience=25,fit_partition=pathogen,covariate_encoder=summary,input_mode=scheduled_final,input_normalization=b0,evaluation_seasons=recent_two,nowcast_noise=0.5",25.0,0.8074914251567865,,,0.8333379605162979,,,0.8153499007445953,0.04818095786967903,,,0.03029132065672314,,,0.047404624212621545,2,0.8248511115766859,0.7773450574162335
"pilot_method=joint,forecast_targets=flu,pathogen_inputs=flu,correction_weeks=3,reporting_random_strength=1,joint_weight=0.1,correction_penalty=3.0,correction_strength=0.75,reporting_missingness=0,nowcast_weeks=4,ed_transform=logit,loss_weights=flu_hosp_ed,spatial=neighbors,sum_wis_weight=0.25,width=96,epochs=240,patience=25,batch_size=16,members=64,fit_partition=pathogen,weight_decay=0.0001,covariate_encoder=summary,input_mode=scheduled_final,input_normalization=b0,evaluation_seasons=recent_two,actual_share=1.0,nowcast_noise=0.5",26.0,0.8081087017793301,,,0.9072287240914023,,,0.8155955905991867,0.010738409463640797,,,0.030082281197038555,,,0.008163857537556326,2,0.8258465530346646,0.774591740857275
"pilot_method=joint,forecast_targets=flu,pathogen_inputs=flu,ili_units=flu_scaled,ili_steps=1200,correction_weeks=2,ili_training=pretrain,growth_anchor=1,joint_weight=0.1,correction_penalty=300.0,reporting_strength=2.0,nowcast_weeks=4,ed_transform=logit,loss_weights=flu_hosp_ed,spatial=neighbors,decoder=quantile,epochs=240,patience=25,lr=0.0005,fit_partition=pathogen,covariate_encoder=summary,input_mode=scheduled_final,input_normalization=b0,evaluation_seasons=recent_two,vintage_seasons=all,actual_share=0.25",27.0,0.8108868722772078,,,0.7789420684512585,,,0.8167780363832784,0.0518814854928371,,,0.01644703369131433,,,0.05138537162844971,2,0.834343617232518,0.7465157129863194
"pilot_method=joint,forecast_targets=flu,pathogen_inputs=flu,ili_units=flu_scaled,ili_steps=1200,correction_weeks=2,ili_training=pretrain,joint_weight=0.1,correction_penalty=100.0,reporting_strength=2.0,nowcast_weeks=4,lookback=10,ed_transform=logit,loss_weights=flu_hosp_ed,spatial=neighbors,decoder=quantile,latent=32,width=96,epochs=240,patience=25,lr=0.00025,fit_partition=pathogen,covariate_encoder=summary,signal_features=multiscale,input_mode=scheduled_final,input_normalization=b0,evaluation_seasons=recent_two,actual_share=1.0",28.0,0.8113340109609305,,,0.8249534755527153,,,0.8175232594676273,0.04563562153643288,,,0.03992225539474101,,,0.042807548032061556,2,0.8091688765557309,0.8509407911152125
"pilot_method=joint,pilot_nowcaster=real_tree,forecast_targets=flu,pathogen_inputs=flu,ili_units=flu_scaled,ili_steps=1200,correction_weeks=2,ili_training=pretrain,reporting_random_strength=1,joint_weight=0.1,correction_penalty=3.0,nowcast_weeks=4,lookback=10,ed_transform=logit,loss_weights=flu_hosp_ed,spatial=distance,decoder=quantile,width=128,epochs=240,patience=25,lr=0.0005,fit_partition=pathogen,weight_decay=3e-05,covariate_encoder=summary,input_mode=scheduled_final,input_normalization=b0,evaluation_seasons=recent_two,actual_share=1.0,log_loss_weight=1.0",29.0,0.8131795467502851,,,0.8784313464107569,,,0.8191976023604937,0.020359621153073718,,,0.02114320865755903,,,0.024312935016908618,2,0.8106451248678339,0.8534075123311313
"pilot_method=joint,forecast_targets=flu,pathogen_inputs=flu,correction_weeks=2,joint_weight=0.1,correction_penalty=300.0,reporting_missingness=0,reporting_method=synchronous_log,nowcast_weeks=4,ed_transform=logit,loss_weights=flu_hosp_ed,spatial=neighbors,sum_wis_weight=0.25,us_error=shared_factor,width=96,epochs=240,patience=25,batch_size=16,fit_partition=pathogen,covariate_encoder=summary,signal_features=multiscale,input_mode=scheduled_final,input_normalization=b0,evaluation_seasons=recent_two,nowcast_noise=1.0",30.0,0.8179734723287249,,,0.8772728981056392,,,0.8217209448776281,0.04840996240270625,,,0.11371121296178971,,,0.04829822148699881,2,0.8349513687457093,0.7687992494053031
"pilot_method=two_stage,pilot_nowcaster=real_tree,forecast_targets=flu,pathogen_inputs=flu,ili_units=flu_scaled,ili_steps=1200,correction_weeks=1,ili_training=pretrain,joint_weight=0.05,correction_penalty=30.0,correction_strength=0.75,reporting_strength=2.0,count_transform=sqrt,ed_transform=logit,loss_weights=flu_hosp_ed,sum_wis_weight=0.1,noise=local,us_error=shared_factor,latent=8,width=96,epochs=160,patience=25,batch_size=16,lr=0.004,fit_partition=pathogen,covariate_encoder=summary,covariate_set=kinsa,input_mode=scheduled_final,input_normalization=b0,evaluation_seasons=recent_two,actual_share=0.25,nowcast_noise=1.0,log_loss_weight=0.5",31.0,0.8186876698604841,,,0.7744946632972669,,,0.8220136456881035,0.02886569154650422,,,0.010389293689913651,,,0.032128905149078804,2,0.8407500593493593,0.7470679910430793
"pilot_method=two_stage,pilot_nowcaster=real_tree,forecast_targets=flu,pathogen_inputs=flu,correction_weeks=1,joint_weight=0.05,correction_penalty=300.0,correction_strength=0.75,reporting_method=synchronous_log,count_transform=sqrt,ed_transform=logit,loss_weights=flu_hosp_ed,spatial=distance,noise=local,width=96,epochs=160,patience=25,batch_size=4,members=64,lr=0.002,fit_partition=pathogen,covariate_encoder=summary,covariate_set=kinsa,input_mode=scheduled_final,input_normalization=b0,evaluation_seasons=recent_two,vintage_seasons=all,actual_share=0.5,log_loss_weight=1.0,covariate_dropout=0.1",32.0,0.8054281175909788,,,0.8969999239860482,,,0.8223701973162847,0.008566831679136641,,,0.11734579973847031,,,0.017822147752424664,2,0.8245722006393064,0.8135621840241978
"pilot_method=two_stage,pilot_nowcaster=real_tree,forecast_targets=flu,pathogen_inputs=flu,correction_weeks=3,reporting_random_strength=1,joint_weight=0.05,correction_penalty=100.0,reporting_method=synchronous_log,reporting_strength=1.5,count_transform=sqrt,ed_transform=logit,loss_weights=flu_hosp_ed,us_error=shared_factor,width=96,epochs=160,patience=25,batch_size=4,members=256,lr=0.002,fit_partition=pathogen,covariate_encoder=summary,signal_features=multiscale,covariate_set=kinsa,input_mode=scheduled_final,input_normalization=b0,evaluation_seasons=recent_two,vintage_seasons=all,correction_realizations=4,nowcast_noise=0.5,covariate_dropout=0.25",33.0,0.8146912481167801,,,0.8626610010909208,,,0.8239020390142704,0.037748835264644,,,0.03387407321983942,,,0.047419604965676015,2,0.8353423885630186,0.7781406408192776
"pilot_method=joint,forecast_targets=flu,pathogen_inputs=flu,correction_weeks=2,growth_anchor=1,joint_weight=0.1,correction_penalty=30.0,correction_strength=0.75,nowcast_weeks=4,lookback=10,ed_transform=logit,loss_weights=flu_hosp_ed,spatial=neighbors,decoder=quantile,latent=32,width=96,epochs=240,patience=25,lr=0.0005,fit_partition=pathogen,covariate_encoder=summary,input_mode=scheduled_final,input_normalization=b0,evaluation_seasons=recent_two,vintage_seasons=all,actual_share=0.5,log_loss_weight=0.5",34.0,0.8084497565559086,,,0.913427696095506,,,0.8248899261375662,0.05603501899435027,,,0.019929208967439473,,,0.044681200266359467,2,0.8309495260070129,0.8006515266597782
"pilot_method=joint,revision_signals=all,pilot_nowcaster=real_tree,forecast_targets=flu,pathogen_inputs=flu,correction_weeks=2,joint_weight=0.1,correction_penalty=3.0,reporting_method=synchronous_log,nowcast_weeks=4,lookback=14,ed_transform=logit,loss_weights=flu_hosp_ed,spatial=neighbors,decoder=quantile,width=96,epochs=240,patience=25,batch_size=4,lr=0.0005,fit_partition=pathogen,weight_decay=0.0001,covariate_encoder=summary,input_mode=scheduled_final,input_normalization=b0,evaluation_seasons=recent_two,vintage_seasons=all,actual_share=1.0,log_loss_weight=1.0",35.0,0.8210118527703889,,,0.9084939790412212,,,0.8267135787797019,0.028016691082160976,,,0.027246797597226046,,,0.02222610238871322,2,0.8272168816059681,0.8247003674746369
"pilot_method=joint,pilot_nowcaster=real_tree,forecast_targets=flu,pathogen_inputs=flu,correction_weeks=2,growth_anchor=1,reporting_random_strength=1,joint_weight=0.1,correction_penalty=300.0,nowcast_weeks=4,lookback=14,ed_transform=logit,loss_weights=flu_hosp_ed,spatial=neighbors,decoder=quantile,width=96,epochs=240,patience=25,lr=0.00025,fit_partition=pathogen,weight_decay=3e-05,covariate_encoder=summary,input_mode=scheduled_final,input_normalization=b0,evaluation_seasons=recent_two,vintage_seasons=all,actual_share=0.25,log_loss_weight=0.25",36.0,0.8173371674071788,,,0.9253990534787293,,,0.8269992624410165,0.010482531405277759,,,0.02600545405880141,,,0.008471115733993078,2,0.8340279359887107,0.7988845682502388
"pilot_method=two_stage,pilot_nowcaster=real_tree,forecast_targets=flu,pathogen_inputs=flu,correction_weeks=2,joint_weight=0.05,correction_penalty=30.0,reporting_missingness=0,count_transform=sqrt,ed_transform=logit,loss_weights=flu_hosp_ed,width=96,epochs=160,patience=25,lr=0.002,fit_partition=pathogen,covariate_encoder=summary,covariate_set=kinsa,input_mode=scheduled_final,input_normalization=b0,evaluation_seasons=recent_two",37.0,0.8198725346810606,,,0.7886729990081326,,,0.8272167510530525,0.01023049863324175,,,0.02190965417037372,,,0.00882190182297059,2,0.8398917798153067,0.7765166360040351
"pilot_method=joint,forecast_targets=flu,pathogen_inputs=flu,correction_weeks=1,growth_anchor=1,joint_weight=0.1,correction_penalty=30.0,reporting_method=synchronous_log,nowcast_weeks=4,ed_transform=logit,loss_weights=flu_hosp_ed,spatial=distance,decoder=residual2,sum_wis_weight=0.5,noise=local,us_error=shared_factor,width=96,epochs=240,patience=25,members=256,lr=0.0005,fit_partition=pathogen,covariate_encoder=summary,input_mode=scheduled_final,input_normalization=b0,evaluation_seasons=recent_two,log_loss_weight=0.25",38.0,0.8239821714730882,,,0.8741552125992043,,,0.8281604821363278,0.026908651401241518,,,0.05328558420288569,,,0.0326006186259849,2,0.8426510008630034,0.7701984072296254
"pilot_method=joint,forecast_targets=flu,pathogen_inputs=flu,correction_weeks=2,reporting_random_strength=1,joint_weight=0.1,correction_penalty=3.0,reporting_missingness=0,reporting_strength=2.0,nowcast_weeks=4,ed_transform=logit,loss_weights=flu_hosp_ed,spatial=neighbors,decoder=quantile,width=128,epochs=240,patience=25,batch_size=4,fit_partition=pathogen,covariate_encoder=summary,input_mode=scheduled_final,input_normalization=b0,evaluation_seasons=recent_two,actual_share=0.25,nowcast_noise=0.5,log_loss_weight=1.0",39.0,0.8223295833189723,,,0.8693465268559046,,,0.8299136074126383,0.055847488833999356,,,0.05504850617073609,,,0.07093438859645185,2,0.8289921902321732,0.8335992761344986
"pilot_method=joint,revision_signals=all,forecast_targets=flu,pathogen_inputs=flu,correction_weeks=2,growth_anchor=1,joint_weight=0.1,correction_penalty=3.0,reporting_missingness=0,reporting_strength=1.5,nowcast_weeks=4,lookback=10,ed_transform=logit,loss_weights=flu_hosp_ed,spatial=distance,decoder=quantile,latent=32,width=96,epochs=240,patience=25,fit_partition=pathogen,covariate_encoder=summary,signal_features=multiscale,input_mode=scheduled_final,input_normalization=b0,evaluation_seasons=recent_two,log_loss_weight=0.5",40.0,0.8208921856570246,,,0.8657065832195046,,,0.8319074354194991,0.09468847351816721,,,0.03398489929704686,,,0.10071761894228297,2,0.8244106863096663,0.861894431858829
"pilot_method=joint,pilot_nowcaster=real_tree,forecast_targets=flu,pathogen_inputs=flu,ili_units=flu_scaled,ili_steps=1200,correction_weeks=2,ili_training=pretrain,joint_weight=0.1,correction_penalty=30.0,reporting_method=synchronous_log,nowcast_weeks=4,lookback=14,ed_transform=logit,loss_weights=flu_hosp_ed,spatial=neighbors,decoder=quantile,width=96,epochs=240,patience=25,batch_size=16,lr=0.0005,fit_partition=pathogen,covariate_encoder=summary,signal_features=multiscale,input_mode=scheduled_final,input_normalization=b0,evaluation_seasons=recent_two,actual_share=0.5,nowcast_noise=1.0",41.0,0.8265150337443256,,,0.8501728859531568,,,0.8330492232927876,0.00043383101272300426,,,0.06510358434461844,,,0.003077296885702679,2,0.8269578673737128,0.8574146469690858
"pilot_method=joint,forecast_targets=flu,pathogen_inputs=flu,correction_weeks=2,reporting_random_strength=1,joint_weight=0.1,correction_penalty=3.0,correction_strength=0.75,nowcast_weeks=4,lookback=10,ed_transform=logit,loss_weights=flu_hosp_ed,spatial=distance,decoder=quantile,width=128,epochs=240,patience=25,batch_size=4,fit_partition=pathogen,covariate_encoder=summary,input_mode=scheduled_final,input_normalization=b0,evaluation_seasons=recent_two,vintage_seasons=all",42.0,0.8297389126567072,,,0.8606056421552196,,,0.833152868988814,0.0021675867403006042,,,0.009125186638927025,,,0.01160564520231185,2,0.8337190761983583,0.8308880401506369
"pilot_method=joint,revision_signals=all,pilot_nowcaster=real_tree,forecast_targets=flu,pathogen_inputs=flu,ili_units=flu_scaled,ili_steps=1200,correction_weeks=2,ili_training=pretrain,growth_anchor=1,joint_weight=0.1,correction_penalty=300.0,nowcast_weeks=4,lookback=10,ed_transform=logit,loss_weights=flu_hosp_ed,spatial=distance,decoder=quantile,latent=32,width=128,epochs=240,patience=25,lr=0.0005,fit_partition=pathogen,weight_decay=0.0001,covariate_encoder=summary,signal_features=multiscale,input_mode=scheduled_final,input_normalization=b0,evaluation_seasons=recent_two,actual_share=0.25,nowcast_noise=1.0",43.0,0.7913523513247331,,,1.0436056874076773,,,0.8337570367384806,0.0282848158871867,,,0.015254616532096105,,,0.03171263498764901,2,0.8445701984918483,0.7905043897250087
"pilot_method=joint,forecast_targets=flu,pathogen_inputs=flu,correction_weeks=1,growth_anchor=1,reporting_random_strength=1,joint_weight=0.1,correction_penalty=300.0,correction_strength=0.75,nowcast_weeks=4,ed_transform=logit,loss_weights=flu_hosp_ed,spatial=distance,decoder=quantile,latent=8,width=128,epochs=240,patience=25,lr=0.00025,fit_partition=pathogen,weight_decay=3e-05,covariate_encoder=summary,input_mode=scheduled_final,input_normalization=b0,evaluation_seasons=recent_two,vintage_seasons=all",44.0,0.8411534248509603,,,0.8174466698696026,,,0.8342027598511542,0.039277692170607004,,,0.06164405424848361,,,0.03973202132841057,2,0.8549863230810604,0.7510685069315289
"pilot_method=joint,forecast_targets=flu,pathogen_inputs=flu,ili_units=flu_scaled,ili_steps=1200,correction_weeks=1,ili_training=pretrain,growth_anchor=1,joint_weight=0.1,correction_penalty=100.0,reporting_method=synchronous_log,reporting_strength=1.5,nowcast_weeks=4,ed_transform=logit,loss_weights=flu_hosp_ed,spatial=distance,decoder=quantile,width=96,epochs=240,patience=25,batch_size=16,lr=0.0005,fit_partition=pathogen,covariate_encoder=summary,input_mode=scheduled_final,input_normalization=b0,evaluation_seasons=recent_two",45.0,0.8419588767049924,,,0.7923134416476452,,,0.8342067290696608,0.03409914783848253,,,0.018138377559332248,,,0.019991211504039777,2,0.8405346921159154,0.8088948768846415
"pilot_method=joint,pilot_nowcaster=real_tree,forecast_targets=flu,pathogen_inputs=flu,correction_weeks=2,reporting_random_strength=1,joint_weight=0.1,correction_penalty=30.0,reporting_strength=2.0,nowcast_weeks=4,ed_transform=logit,loss_weights=flu_hosp_ed,spatial=neighbors,sum_wis_weight=0.25,width=96,epochs=240,patience=25,lr=0.0005,fit_partition=pathogen,weight_decay=0.0001,covariate_encoder=summary,input_mode=scheduled_final,input_normalization=b0,evaluation_seasons=recent_two,nowcast_noise=0.5,log_loss_weight=1.0",46.0,0.8187058171449761,,,0.9225865123359384,,,0.8352029721082419,0.0604799637634702,,,0.04114940039260947,,,0.05919903398897248,2,0.8368922565302183,0.8284458344203363
"pilot_method=joint,pilot_nowcaster=real_tree,forecast_targets=flu,pathogen_inputs=flu,correction_weeks=2,reporting_random_strength=1,joint_weight=0.1,correction_penalty=100.0,correction_strength=0.75,nowcast_weeks=4,ed_transform=logit,loss_weights=flu_hosp_ed,spatial=neighbors,decoder=quantile,width=96,epochs=240,patience=25,lr=0.0005,fit_partition=pathogen,covariate_encoder=summary,signal_features=multiscale,input_mode=scheduled_final,input_normalization=b0,evaluation_seasons=recent_two,actual_share=0.5,nowcast_noise=1.0",47.0,0.8275639002876171,,,0.9015840699086028,,,0.8363973529721003,0.04484267393171652,,,0.0822299920882529,,,0.050999666491052774,2,0.8303819155433008,0.8604591026872984
"pilot_method=two_stage,pilot_nowcaster=real_tree,forecast_targets=flu,pathogen_inputs=flu,ili_units=flu_scaled,ili_steps=1200,correction_weeks=2,ili_training=pretrain,joint_weight=0.05,correction_penalty=100.0,count_transform=sqrt,ed_transform=logit,loss_weights=flu_hosp_ed,decoder=residual2,width=96,epochs=160,patience=25,batch_size=16,lr=0.004,fit_partition=pathogen,covariate_encoder=summary,covariate_set=kinsa,input_mode=scheduled_final,input_normalization=b0,evaluation_seasons=recent_two,vintage_seasons=all,actual_share=1.0,correction_realizations=2",48.0,0.8233777333187818,,,0.820941511485032,,,0.8367168534773859,0.04725748533254831,,,0.1162995886022983,,,0.055663050673367166,2,0.8514768325211199,0.777676937302449
"pilot_method=two_stage,pilot_nowcaster=real_tree,forecast_targets=flu,pathogen_inputs=flu,ili_units=flu_scaled,ili_steps=1200,correction_weeks=2,ili_training=pretrain,joint_weight=0.05,correction_penalty=100.0,reporting_missingness=0,reporting_strength=2.0,count_transform=sqrt,ed_transform=logit,loss_weights=flu_hosp_ed,decoder=residual2,us_error=shared_factor,latent=32,width=96,epochs=160,patience=25,batch_size=16,fit_partition=pathogen,weight_decay=0.0001,covariate_encoder=summary,signal_features=multiscale,covariate_set=kinsa,input_mode=scheduled_final,input_normalization=b0,evaluation_seasons=recent_two,correction_realizations=4,uncorrected_share=0.1,covariate_dropout=0.1",49.0,0.8256484934355163,,,0.8683657888081573,,,0.8373274450935039,0.07548825140745229,,,0.03976029349352206,,,0.07160465134504677,2,0.8474731687207568,0.7967445505844918
"pilot_method=two_stage,pilot_nowcaster=real_tree,forecast_targets=flu,pathogen_inputs=flu,ili_units=flu_scaled,ili_steps=1200,correction_weeks=1,ili_training=pretrain,reporting_random_strength=1,joint_weight=0.05,correction_penalty=100.0,reporting_strength=0.5,count_transform=sqrt,ed_transform=logit,loss_weights=flu_hosp_ed,us_error=shared_factor,epochs=160,patience=25,lr=0.004,fit_partition=pathogen,weight_decay=3e-05,covariate_encoder=summary,signal_features=multiscale,covariate_set=kinsa,input_mode=scheduled_final,input_normalization=b0,evaluation_seasons=recent_two,actual_share=1.0,log_loss_weight=1.0,covariate_dropout=0.1",50.0,0.820142028981188,,,0.8219476678226483,,,0.8374863314248105,0.07565537037303459,,,0.08297540285196223,,,0.0775259673134974,2,0.8496888585126978,0.7886762230732609
"pilot_method=two_stage,pilot_nowcaster=real_tree,forecast_targets=flu,pathogen_inputs=flu,correction_weeks=2,joint_weight=0.05,correction_penalty=30.0,correction_strength=0.75,reporting_missingness=0,reporting_strength=2.0,count_transform=sqrt,ed_transform=logit,loss_weights=flu_hosp_ed,width=96,epochs=160,patience=25,lr=0.004,fit_partition=pathogen,covariate_encoder=summary,covariate_set=kinsa,input_mode=scheduled_final,input_normalization=b0,evaluation_seasons=recent_two,vintage_seasons=all,actual_share=1.0,correction_realizations=2,covariate_dropout=0.1",51.0,0.8353098618153941,,,0.8242632767149418,,,0.8378969794570231,0.016050753535140728,,,0.02161530291498199,,,0.01758911977484128,2,0.8507721116844915,0.7863964505471489
"pilot_method=joint,pilot_nowcaster=real_tree,forecast_targets=flu,pathogen_inputs=flu,correction_weeks=1,growth_anchor=1,joint_weight=0.1,correction_penalty=300.0,reporting_strength=0.5,nowcast_weeks=4,ed_transform=logit,loss_weights=flu_hosp_ed,spatial=neighbors,decoder=quantile,latent=32,epochs=240,patience=25,batch_size=4,lr=0.0005,fit_partition=pathogen,covariate_encoder=summary,input_mode=scheduled_final,input_normalization=b0,evaluation_seasons=recent_two,nowcast_noise=1.0",52.0,0.8346634620061386,,,0.8071122788657805,,,0.8382108273680337,0.02857876801632676,,,0.011672295401834828,,,0.029907103786022897,2,0.8555802603502582,0.7687330954391347
"pilot_method=joint,forecast_targets=flu,pathogen_inputs=flu,correction_weeks=2,reporting_random_strength=1,joint_weight=0.1,correction_penalty=3.0,correction_strength=0.75,reporting_method=synchronous_log,nowcast_weeks=4,lookback=14,ed_transform=logit,loss_weights=flu_hosp_ed,spatial=neighbors,decoder=quantile,latent=8,width=128,epochs=240,patience=25,lr=0.0005,fit_partition=pathogen,covariate_encoder=summary,input_mode=scheduled_final,input_normalization=b0,evaluation_seasons=recent_two,actual_share=0.25,nowcast_noise=1.0,log_loss_weight=1.0",53.0,0.8417421709194082,,,0.8946383004127552,,,0.8394736421389299,0.022446520186303213,,,0.008139047619708016,,,0.01006865847321311,2,0.8325892416769458,0.8670112439868657
"pilot_method=two_stage,revision_signals=all,pilot_nowcaster=real_tree,forecast_targets=flu,pathogen_inputs=flu,correction_weeks=2,joint_weight=0.05,correction_penalty=30.0,reporting_missingness=0,reporting_strength=2.0,count_transform=sqrt,ed_transform=logit,loss_weights=flu_hosp_ed,spatial=distance,decoder=residual2,latent=32,width=96,epochs=160,patience=25,batch_size=16,lr=0.004,fit_partition=pathogen,covariate_encoder=summary,covariate_set=kinsa,input_mode=scheduled_final,input_normalization=b0,evaluation_seasons=recent_two,log_loss_weight=0.5,covariate_dropout=0.25",54.0,0.8272128601741819,,,0.8923483239332364,,,0.8398849774023498,0.03444400864140489,,,0.0011352057445092102,,,0.034165672942389404,2,0.833647964781594,0.8648330278853723
"pilot_method=joint,forecast_targets=flu,pathogen_inputs=flu,correction_weeks=3,reporting_random_strength=1,joint_weight=0.1,correction_penalty=300.0,nowcast_weeks=4,lookback=10,ed_transform=logit,loss_weights=flu_hosp_ed,spatial=neighbors,sum_wis_weight=0.25,noise=local,latent=8,width=128,epochs=240,patience=25,members=64,lr=0.00025,fit_partition=pathogen,weight_decay=0.0001,covariate_encoder=summary,signal_features=multiscale,input_mode=scheduled_final,input_normalization=b0,evaluation_seasons=recent_two,vintage_seasons=all,nowcast_noise=1.0,log_loss_weight=0.5",55.0,0.834391959432744,,,0.9078518432625567,,,0.8402726374166761,0.04993416161563667,,,0.037266060469224205,,,0.052624120982591185,2,0.8387132055312557,0.8465103649583576
"pilot_method=joint,pilot_nowcaster=real_tree,forecast_targets=flu,pathogen_inputs=flu,ili_units=flu_scaled,ili_steps=1200,correction_weeks=2,ili_training=pretrain,growth_anchor=1,joint_weight=0.1,correction_penalty=100.0,reporting_strength=1.5,nowcast_weeks=4,ed_transform=logit,loss_weights=flu_hosp_ed,spatial=distance,decoder=quantile,epochs=240,patience=25,batch_size=4,fit_partition=pathogen,weight_decay=0.0001,covariate_encoder=summary,signal_features=multiscale,input_mode=scheduled_final,input_normalization=b0,evaluation_seasons=recent_two,nowcast_noise=0.5,log_loss_weight=1.0",56.0,0.8315250958170147,,,0.9784844598999614,,,0.8403529256719362,0.03275587848890777,,,0.1298915932284982,,,0.039735000526780334,2,0.8619313100844348,0.7540393880219416
"pilot_method=joint,forecast_targets=flu,pathogen_inputs=flu,ili_units=flu_scaled,ili_steps=1200,correction_weeks=3,ili_training=pretrain,growth_anchor=1,reporting_random_strength=1,joint_weight=0.1,correction_penalty=300.0,reporting_method=synchronous_log,reporting_strength=1.5,nowcast_weeks=4,ed_transform=logit,loss_weights=flu_hosp_ed,spatial=neighbors,decoder=quantile,latent=8,epochs=240,patience=25,batch_size=16,lr=0.0005,fit_partition=pathogen,weight_decay=0.0001,covariate_encoder=summary,input_mode=scheduled_final,input_normalization=b0,evaluation_seasons=recent_two,actual_share=0.25,log_loss_weight=0.5",57.0,0.8309061065442304,,,0.918607603750527,,,0.8403570539886965,0.00662378848793714,,,0.034393716182387055,,,0.012236404669103999,2,0.8505236291987079,0.799690753148651
"pilot_method=joint,revision_signals=all,forecast_targets=flu,pathogen_inputs=flu,correction_weeks=2,growth_anchor=1,reporting_random_strength=1,joint_weight=0.1,correction_penalty=3.0,reporting_method=synchronous_log,reporting_strength=2.0,nowcast_weeks=4,ed_transform=logit,loss_weights=flu_hosp_ed,spatial=neighbors,decoder=residual2,sum_wis_weight=0.1,us_error=shared_factor,latent=8,width=128,epochs=240,patience=25,fit_partition=pathogen,covariate_encoder=summary,signal_features=multiscale,input_mode=scheduled_final,input_normalization=b0,evaluation_seasons=recent_two,actual_share=0.25,log_loss_weight=0.5",58.0,0.8055830998737694,,,0.9605894548370111,,,0.840638622679885,0.029816773783738454,,,0.046409162586191224,,,0.04022277498428591,2,0.8428225383445557,0.8319029600212021
"pilot_method=joint,pilot_nowcaster=real_tree,forecast_targets=flu,pathogen_inputs=flu,correction_weeks=2,joint_weight=0.1,correction_penalty=300.0,reporting_missingness=0,reporting_method=synchronous_log,nowcast_weeks=4,lookback=10,ed_transform=logit,loss_weights=flu_hosp_ed,spatial=neighbors,decoder=quantile,epochs=240,patience=25,fit_partition=pathogen,covariate_encoder=summary,signal_features=multiscale,input_mode=scheduled_final,input_normalization=b0,evaluation_seasons=recent_two,vintage_seasons=all,actual_share=0.5,log_loss_weight=0.5",59.0,0.8296038425906429,,,0.8498658959363046,,,0.8416197898665879,0.1837028535878508,,,0.04568059496350329,,,0.18349101642043084,2,0.8323274545189507,0.8787891312571371
"pilot_method=joint,revision_signals=all,forecast_targets=flu,pathogen_inputs=flu,correction_weeks=1,reporting_random_strength=1,joint_weight=0.1,correction_penalty=30.0,reporting_missingness=0,reporting_method=synchronous_log,nowcast_weeks=4,ed_transform=logit,loss_weights=flu_hosp_ed,spatial=distance,sum_wis_weight=0.25,noise=local,us_error=shared_factor,width=128,epochs=240,patience=25,fit_partition=pathogen,covariate_encoder=summary,input_mode=scheduled_final,input_normalization=b0,evaluation_seasons=recent_two,log_loss_weight=0.5",60.0,0.8320157679499225,,,0.9368317628475222,,,0.8417914661177955,0.08212017781721746,,,0.10434492446314174,,,0.0802298238952509,2,0.8321434188975195,0.880383654998899
"pilot_method=joint,forecast_targets=flu,pathogen_inputs=flu,correction_weeks=2,growth_anchor=1,joint_weight=0.1,correction_penalty=3.0,reporting_strength=0.5,nowcast_weeks=4,ed_transform=logit,loss_weights=flu_hosp_ed,spatial=neighbors,decoder=quantile,latent=8,width=96,epochs=240,patience=25,batch_size=4,lr=0.0005,fit_partition=pathogen,covariate_encoder=summary,input_mode=scheduled_final,input_normalization=b0,evaluation_seasons=recent_two",61.0,0.8399537063676407,,,0.8048841627346508,,,0.8418404641076465,0.029835702424895354,,,0.008090488634143004,,,0.02665083085849672,2,0.8711073764816482,0.7247728146116393
"pilot_method=joint,revision_signals=all,pilot_nowcaster=real_tree,forecast_targets=flu,pathogen_inputs=flu,correction_weeks=2,reporting_random_strength=1,joint_weight=0.1,correction_penalty=100.0,nowcast_weeks=4,ed_transform=logit,loss_weights=flu_hosp_ed,spatial=distance,decoder=quantile,width=96,epochs=240,patience=25,fit_partition=pathogen,weight_decay=3e-05,covariate_encoder=summary,signal_features=multiscale,input_mode=scheduled_final,input_normalization=b0,evaluation_seasons=recent_two,vintage_seasons=all,actual_share=0.5,nowcast_noise=0.5",62.0,0.8345883446070741,,,0.8463687041183809,,,0.8423445028043615,0.11581439764734919,,,0.02693650504604554,,,0.11553541728988513,2,0.8404963563058985,0.8497370887982133
"pilot_method=joint,forecast_targets=flu,pathogen_inputs=flu,ili_units=flu_scaled,ili_steps=1200,correction_weeks=2,ili_training=pretrain,reporting_random_strength=1,joint_weight=0.1,correction_penalty=3.0,reporting_method=synchronous_log,nowcast_weeks=4,ed_transform=logit,loss_weights=flu_hosp_ed,spatial=neighbors,decoder=quantile,epochs=240,patience=25,lr=0.00025,fit_partition=pathogen,covariate_encoder=summary,input_mode=scheduled_final,input_normalization=b0,evaluation_seasons=recent_two,actual_share=1.0",63.0,0.8409600688518797,,,0.8750037871764269,,,0.8423570587687532,0.007943418212067744,,,0.011283584830301311,,,0.008453476902062633,2,0.8405362600996619,0.8496402534451184
"pilot_method=joint,forecast_targets=flu,pathogen_inputs=flu,correction_weeks=2,growth_anchor=1,reporting_random_strength=1,joint_weight=0.1,correction_penalty=100.0,nowcast_weeks=4,ed_transform=logit,loss_weights=flu_hosp_ed,spatial=neighbors,decoder=quantile,width=96,epochs=240,patience=25,lr=0.00025,fit_partition=pathogen,weight_decay=0.0001,covariate_encoder=summary,input_mode=scheduled_final,input_normalization=b0,evaluation_seasons=recent_two,actual_share=0.5,nowcast_noise=1.0,log_loss_weight=0.25",64.0,0.8273817279030898,,,0.9434172697899093,,,0.8435995684363176,0.013517287366306358,,,0.056511823851907644,,,0.0033688745272328333,2,0.8630814828288498,0.7656719108661881
"pilot_method=joint,forecast_targets=flu,pathogen_inputs=flu,correction_weeks=1,growth_anchor=1,reporting_random_strength=1,joint_weight=0.1,correction_penalty=3.0,reporting_strength=2.0,nowcast_weeks=4,ed_transform=logit,loss_weights=flu_hosp_ed,spatial=distance,decoder=quantile,width=128,epochs=240,patience=25,lr=0.0005,fit_partition=pathogen,weight_decay=0.0001,covariate_encoder=summary,input_mode=scheduled_final,input_normalization=b0,evaluation_seasons=recent_two,vintage_seasons=all,log_loss_weight=0.25",65.0,0.840960164937872,,,0.8998183058090659,,,0.8437513101253469,0.017063554737103522,,,0.0006337863631348433,,,0.03015153530936829,2,0.850962957817203,0.8149047193579224
"pilot_method=joint,forecast_targets=flu,pathogen_inputs=flu,correction_weeks=2,joint_weight=0.1,correction_penalty=3.0,nowcast_weeks=4,ed_transform=logit,loss_weights=flu_hosp_ed,spatial=distance,decoder=quantile,epochs=240,patience=25,fit_partition=pathogen,covariate_encoder=summary,input_mode=scheduled_final,input_normalization=b0,evaluation_seasons=recent_two,actual_share=0.5",66.0,0.8442595077354342,,,0.7934782679942622,,,0.84455628666952,0.07455595001663345,,,0.018525721948600787,,,0.07384274992515248,2,0.8244476464548213,0.9249908475283142
"pilot_method=joint,forecast_targets=flu,pathogen_inputs=flu,correction_weeks=2,growth_anchor=1,reporting_random_strength=1,joint_weight=0.1,correction_penalty=3.0,correction_strength=0.75,reporting_strength=1.5,nowcast_weeks=4,ed_transform=logit,loss_weights=flu_hosp_ed,spatial=neighbors,decoder=quantile,width=96,epochs=240,patience=25,batch_size=16,lr=0.0005,fit_partition=pathogen,weight_decay=3e-05,covariate_encoder=summary,input_mode=scheduled_final,input_normalization=b0,evaluation_seasons=recent_two,nowcast_noise=1.0",67.0,0.8548754326994533,,,0.8334161839792913,,,0.8454317239142746,0.03136204952641365,,,0.02463454135170629,,,0.018446341796354508,2,0.8684360159929486,0.7534145555995775
"pilot_method=two_stage,pilot_nowcaster=real_tree,forecast_targets=flu,pathogen_inputs=flu,correction_weeks=2,reporting_random_strength=1,joint_weight=0.05,correction_penalty=100.0,reporting_strength=2.0,count_transform=sqrt,ed_transform=logit,loss_weights=flu_hosp_ed,noise=local,width=96,epochs=160,patience=25,members=64,lr=0.004,fit_partition=pathogen,weight_decay=3e-05,covariate_encoder=summary,covariate_set=kinsa,input_mode=scheduled_final,input_normalization=b0,evaluation_seasons=recent_two,vintage_seasons=all,actual_share=0.25,correction_realizations=2,nowcast_noise=0.5,covariate_dropout=0.25",68.0,0.8432544715595153,,,0.8193839995799228,,,0.8454678045753528,0.12375220748650702,,,0.06391799195841422,,,0.11722059443940705,2,0.8539489734267549,0.8115431291697435
"pilot_method=joint,pilot_nowcaster=real_tree,forecast_targets=flu,pathogen_inputs=flu,ili_units=flu_scaled,ili_steps=1200,correction_weeks=2,ili_training=pretrain,growth_anchor=1,reporting_random_strength=1,joint_weight=0.1,correction_penalty=100.0,reporting_strength=0.5,nowcast_weeks=4,lookback=10,ed_transform=logit,loss_weights=flu_hosp_ed,spatial=distance,sum_wis_weight=0.25,latent=32,width=96,epochs=240,patience=25,batch_size=4,members=256,lr=0.00025,fit_partition=pathogen,covariate_encoder=summary,input_mode=scheduled_final,input_normalization=b0,evaluation_seasons=recent_two,vintage_seasons=all,actual_share=0.25,nowcast_noise=1.0,log_loss_weight=1.0",69.0,0.8166289618819519,,,0.9985545799704647,,,0.8472860640388937,0.035202686736990625,,,0.004072513715032949,,,0.034068993149840854,2,0.8552999019282804,0.815230712481347
"pilot_method=joint,revision_signals=all,forecast_targets=flu,pathogen_inputs=flu,correction_weeks=3,reporting_random_strength=1,joint_weight=0.1,correction_penalty=3.0,reporting_missingness=0,nowcast_weeks=4,lookback=10,ed_transform=logit,loss_weights=flu_hosp_ed,spatial=neighbors,decoder=residual2,sum_wis_weight=0.1,width=96,epochs=240,patience=25,lr=0.00025,fit_partition=pathogen,weight_decay=3e-05,covariate_encoder=summary,signal_features=multiscale,input_mode=scheduled_final,input_normalization=b0,evaluation_seasons=recent_two,vintage_seasons=all,actual_share=0.25,nowcast_noise=0.5",70.0,0.8450384650845445,,,0.8871414631355226,,,0.847539586537997,0.0431809642769244,,,0.06828632579737452,,,0.04300318107585218,2,0.8463423523253495,0.8523285233885866
"pilot_method=joint,forecast_targets=flu,pathogen_inputs=flu,ili_units=flu_scaled,ili_steps=1200,correction_weeks=1,ili_training=pretrain,growth_anchor=1,joint_weight=0.1,correction_penalty=3.0,reporting_method=synchronous_log,nowcast_weeks=4,ed_transform=logit,loss_weights=flu_hosp_ed,spatial=distance,decoder=quantile,width=96,epochs=240,patience=25,lr=0.0005,fit_partition=pathogen,covariate_encoder=summary,input_mode=scheduled_final,input_normalization=b0,evaluation_seasons=recent_two,vintage_seasons=all,nowcast_noise=1.0,log_loss_weight=0.5",71.0,0.8409582415380649,,,0.9022549736998305,,,0.8482058542262461,0.01368670689652067,,,0.02974278502543417,,,0.00689192823866046,2,0.8523099034762436,0.8317896572262554
"pilot_method=two_stage,pilot_nowcaster=real_tree,forecast_targets=flu,pathogen_inputs=flu,correction_weeks=2,joint_weight=0.05,correction_penalty=30.0,lookback=14,count_transform=sqrt,ed_transform=logit,loss_weights=flu_hosp_ed,noise=local,us_error=shared_factor,latent=8,epochs=160,patience=25,batch_size=16,lr=0.002,fit_partition=pathogen,covariate_encoder=summary,covariate_set=kinsa,input_mode=scheduled_final,input_normalization=b0,evaluation_seasons=recent_two,vintage_seasons=all,actual_share=0.5,nowcast_noise=0.5",72.0,0.8417476944951708,,,0.8235231527089787,,,0.8492018099512476,0.060322374833441786,,,0.07431979023093828,,,0.05363319612809574,2,0.8669056568162418,0.7783864224912704
"pilot_method=joint,forecast_targets=flu,pathogen_inputs=flu,correction_weeks=2,joint_weight=0.1,correction_penalty=100.0,reporting_missingness=0,reporting_strength=0.5,nowcast_weeks=4,lookback=14,ed_transform=logit,loss_weights=flu_hosp_ed,spatial=distance,decoder=quantile,width=96,epochs=240,patience=25,batch_size=4,fit_partition=pathogen,covariate_encoder=summary,signal_features=multiscale,input_mode=scheduled_final,input_normalization=b0,evaluation_seasons=recent_two,vintage_seasons=all,actual_share=0.25,log_loss_weight=0.25",73.0,0.8401791499890305,,,0.8550590418537678,,,0.8496639309949854,0.04340874532402265,,,0.03960855031697969,,,0.046835424309273524,2,0.8492184293042072,0.8514459377580977
"pilot_method=joint,revision_signals=all,forecast_targets=flu,pathogen_inputs=flu,ili_units=flu_scaled,ili_steps=1200,correction_weeks=3,ili_training=pretrain,growth_anchor=1,joint_weight=0.1,correction_penalty=100.0,correction_strength=0.75,reporting_strength=1.5,nowcast_weeks=4,ed_transform=logit,loss_weights=flu_hosp_ed,spatial=neighbors,decoder=quantile,epochs=240,patience=25,batch_size=4,lr=0.0005,fit_partition=pathogen,covariate_encoder=summary,input_mode=scheduled_final,input_normalization=b0,evaluation_seasons=recent_two,vintage_seasons=all,actual_share=1.0,nowcast_noise=1.0",74.0,0.8583444551584118,,,0.8228683823773506,,,0.8498083792909774,0.03381279821186323,,,0.011803809944208698,,,0.03178698232158471,2,0.863546943095137,0.7948541240743381
"pilot_method=joint,revision_signals=all,pilot_nowcaster=real_tree,forecast_targets=flu,pathogen_inputs=flu,ili_units=flu_scaled,ili_steps=1200,correction_weeks=2,ili_training=pretrain,reporting_random_strength=1,joint_weight=0.1,correction_penalty=3.0,reporting_method=synchronous_log,reporting_strength=1.5,nowcast_weeks=4,lookback=10,ed_transform=logit,loss_weights=flu_hosp_ed,spatial=neighbors,decoder=quantile,latent=8,width=96,epochs=240,patience=25,lr=0.0005,fit_partition=pathogen,weight_decay=3e-05,covariate_encoder=summary,input_mode=scheduled_final,input_normalization=b0,evaluation_seasons=recent_two,nowcast_noise=1.0,log_loss_weight=1.0",75.0,0.8649518971599409,,,0.9216800806157277,,,0.8505175283700266,0.0768793926392246,,,0.014221801563736524,,,0.05494945426826914,2,0.8436135268693274,0.878133534372822
"pilot_method=joint,forecast_targets=flu,pathogen_inputs=flu,correction_weeks=2,growth_anchor=1,joint_weight=0.1,correction_penalty=100.0,reporting_strength=1.5,nowcast_weeks=4,lookback=10,ed_transform=logit,loss_weights=flu_hosp_ed,spatial=distance,decoder=residual2,sum_wis_weight=0.5,us_error=shared_factor,latent=8,width=128,epochs=240,patience=25,fit_partition=pathogen,covariate_encoder=summary,input_mode=scheduled_final,input_normalization=b0,evaluation_seasons=recent_two,vintage_seasons=all,nowcast_noise=1.0,log_loss_weight=0.5",76.0,0.8537107114420823,,,0.896737666796787,,,0.8513754364640869,0.08492197902352167,,,0.022870054204807495,,,0.0660613530429551,2,0.8623280297097791,0.807565063481317
"pilot_method=joint,forecast_targets=flu,pathogen_inputs=flu,correction_weeks=2,growth_anchor=1,joint_weight=0.1,correction_penalty=100.0,correction_strength=0.75,nowcast_weeks=4,ed_transform=logit,loss_weights=flu_hosp_ed,spatial=neighbors,decoder=quantile,width=96,epochs=240,patience=25,batch_size=16,lr=0.0005,fit_partition=pathogen,covariate_encoder=summary,signal_features=multiscale,input_mode=scheduled_final,input_normalization=b0,evaluation_seasons=recent_two,vintage_seasons=all,actual_share=0.25,log_loss_weight=0.5",77.0,0.8175095046665746,,,1.0115791030213623,,,0.8522361925733606,0.041042415517298425,,,0.029672627770917295,,,0.04176571545892158,2,0.8561067709014545,0.8367538792609839
"pilot_method=joint,revision_signals=all,pilot_nowcaster=real_tree,forecast_targets=flu,pathogen_inputs=flu,ili_units=flu_scaled,ili_steps=1200,correction_weeks=2,ili_training=pretrain,joint_weight=0.1,correction_penalty=3.0,nowcast_weeks=4,ed_transform=logit,loss_weights=flu_hosp_ed,spatial=neighbors,sum_wis_weight=0.1,latent=32,width=96,epochs=240,patience=25,batch_size=16,fit_partition=pathogen,weight_decay=3e-05,covariate_encoder=summary,input_mode=scheduled_final,input_normalization=b0,evaluation_seasons=recent_two,vintage_seasons=all,actual_share=1.0,log_loss_weight=0.25",78.0,0.84913798784598,,,0.877291616933761,,,0.8526683735120069,0.010959235902630612,,,0.017128327755010817,,,0.016428817435615466,2,0.8525827283357309,0.8530109542171096
"pilot_method=joint,forecast_targets=flu,pathogen_inputs=flu,correction_weeks=2,growth_anchor=1,joint_weight=0.1,correction_penalty=100.0,reporting_strength=1.5,nowcast_weeks=4,ed_transform=logit,loss_weights=flu_hosp_ed,spatial=distance,decoder=quantile,epochs=240,patience=25,batch_size=4,lr=0.0005,fit_partition=pathogen,weight_decay=3e-05,covariate_encoder=summary,input_mode=scheduled_final,input_normalization=b0,evaluation_seasons=recent_two,vintage_seasons=all,actual_share=1.0",79.0,0.861831918515565,,,0.807513808504849,,,0.8531000769109682,0.05798481665926311,,,0.04721247046626602,,,0.040840384966036744,2,0.8827839114543062,0.734364738737616
"pilot_method=joint,pilot_nowcaster=real_tree,forecast_targets=flu,pathogen_inputs=flu,correction_weeks=3,reporting_random_strength=1,joint_weight=0.1,correction_penalty=300.0,nowcast_weeks=4,ed_transform=logit,loss_weights=flu_hosp_ed,spatial=neighbors,decoder=quantile,latent=32,epochs=240,patience=25,lr=0.00025,fit_partition=pathogen,weight_decay=0.0001,covariate_encoder=summary,input_mode=scheduled_final,input_normalization=b0,evaluation_seasons=recent_two,actual_share=0.25,nowcast_noise=1.0",80.0,0.8485495771389563,,,0.9354587923320599,,,0.8531848135005355,0.006954540422685472,,,0.009302213924195871,,,0.0013095725329636582,2,0.8530170421802853,0.8538558987815359
"pilot_method=two_stage,revision_signals=all,pilot_nowcaster=real_tree,forecast_targets=flu,pathogen_inputs=flu,correction_weeks=2,joint_weight=0.05,correction_penalty=300.0,correction_strength=0.75,reporting_strength=2.0,count_transform=sqrt,ed_transform=logit,loss_weights=flu_hosp_ed,latent=8,width=96,epochs=160,patience=25,members=256,lr=0.002,fit_partition=pathogen,weight_decay=3e-05,covariate_encoder=summary,covariate_set=kinsa,input_mode=scheduled_final,input_normalization=b0,evaluation_seasons=recent_two,nowcast_noise=0.5,log_loss_weight=0.5,covariate_dropout=0.25",81.0,0.8499503479147162,,,0.9744087795902043,,,0.8541404400368247,0.05255417893358951,,,0.004467750448008099,,,0.045468977556843,2,0.8439682172017352,0.8948293313771822
"pilot_method=joint,forecast_targets=flu,pathogen_inputs=flu,ili_units=flu_scaled,ili_steps=1200,correction_weeks=2,ili_training=pretrain,growth_anchor=1,reporting_random_strength=1,joint_weight=0.1,correction_penalty=30.0,reporting_method=synchronous_log,nowcast_weeks=4,ed_transform=logit,loss_weights=flu_hosp_ed,spatial=neighbors,sum_wis_weight=0.25,latent=8,width=96,epochs=240,patience=25,batch_size=4,lr=0.00025,fit_partition=pathogen,covariate_encoder=summary,input_mode=scheduled_final,input_normalization=b0,evaluation_seasons=recent_two,vintage_seasons=all,actual_share=0.5",82.0,0.8580401887921749,,,0.8269983444712308,,,0.8544288204351567,0.066385936791909,,,0.01337221808798759,,,0.051776157962822304,2,0.873552717395639,0.7779332325932264
"pilot_method=two_stage,pilot_nowcaster=real_tree,forecast_targets=flu,pathogen_inputs=flu,correction_weeks=2,joint_weight=0.05,correction_penalty=30.0,reporting_strength=2.0,count_transform=sqrt,ed_transform=logit,loss_weights=flu_hosp_ed,decoder=residual2,width=128,epochs=160,patience=25,batch_size=16,lr=0.002,fit_partition=pathogen,weight_decay=3e-05,covariate_encoder=summary,covariate_set=kinsa,input_mode=scheduled_final,input_normalization=b0,evaluation_seasons=recent_two,vintage_seasons=all,actual_share=0.25",83.0,0.8499776252047855,,,0.8399106545162358,,,0.8547929011620353,0.05163412064795397,,,1.244120468621922e-05,,,0.043331238639508184,2,0.8628808801353385,0.8224409852688215
"pilot_method=joint,forecast_targets=flu,pathogen_inputs=flu,correction_weeks=2,growth_anchor=1,reporting_random_strength=1,joint_weight=0.1,correction_penalty=100.0,reporting_method=synchronous_log,reporting_strength=2.0,nowcast_weeks=4,lookback=10,ed_transform=logit,loss_weights=flu_hosp_ed,spatial=neighbors,sum_wis_weight=0.25,width=128,epochs=240,patience=25,batch_size=16,lr=0.0005,fit_partition=pathogen,covariate_encoder=summary,input_mode=scheduled_final,input_normalization=b0,evaluation_seasons=recent_two,nowcast_noise=1.0,log_loss_weight=1.0",84.0,0.8328559478603346,,,1.045238246466238,,,0.8554103731529393,0.06309859744331232,,,0.006249219892937356,,,0.06539836613032118,2,0.8665584531406968,0.8108180532019089
"pilot_method=joint,revision_signals=all,forecast_targets=flu,pathogen_inputs=flu,correction_weeks=1,growth_anchor=1,reporting_random_strength=1,joint_weight=0.1,correction_penalty=300.0,correction_strength=0.75,reporting_missingness=0,reporting_strength=2.0,nowcast_weeks=4,ed_transform=logit,loss_weights=flu_hosp_ed,spatial=neighbors,decoder=quantile,latent=32,epochs=240,patience=25,fit_partition=pathogen,covariate_encoder=summary,signal_features=multiscale,input_mode=scheduled_final,input_normalization=b0,evaluation_seasons=recent_two,vintage_seasons=all,actual_share=0.5,log_loss_weight=0.5",85.0,0.8448646038168053,,,0.8870216713776391,,,0.8554230487892448,0.10113525836418463,,,0.06965901823762205,,,0.09273904003400121,2,0.8538570297830577,0.8616871248139935
"pilot_method=joint,forecast_targets=flu,pathogen_inputs=flu,ili_units=flu_scaled,ili_steps=1200,correction_weeks=2,ili_training=pretrain,reporting_random_strength=1,joint_weight=0.1,correction_penalty=100.0,reporting_missingness=0,reporting_strength=0.5,nowcast_weeks=4,ed_transform=logit,loss_weights=flu_hosp_ed,spatial=distance,decoder=quantile,epochs=240,patience=25,lr=0.0005,fit_partition=pathogen,covariate_encoder=summary,signal_features=multiscale,input_mode=scheduled_final,input_normalization=b0,evaluation_seasons=recent_two,vintage_seasons=all,log_loss_weight=1.0",86.0,0.846575425495451,,,0.8439327881939684,,,0.8567045888739153,0.08717851557304271,,,0.010460829919287352,,,0.08756410228548393,2,0.8435757408818931,0.9092199808420043
"pilot_method=two_stage,pilot_nowcaster=real_tree,forecast_targets=flu,pathogen_inputs=flu,correction_weeks=2,reporting_random_strength=1,joint_weight=0.05,correction_penalty=300.0,lookback=14,count_transform=sqrt,ed_transform=logit,loss_weights=flu_hosp_ed,spatial=distance,sum_wis_weight=0.1,noise=local,width=96,epochs=160,patience=25,members=256,fit_partition=pathogen,covariate_encoder=summary,signal_features=multiscale,covariate_set=kinsa,input_mode=scheduled_final,input_normalization=b0,evaluation_seasons=recent_two,vintage_seasons=all,actual_share=1.0,correction_realizations=2,log_loss_weight=0.5,covariate_dropout=0.1",87.0,0.8403898381377204,,,0.9271479100779343,,,0.857775819927094,0.021319872096948557,,,0.006081041368697622,,,0.02659499241064174,2,0.8454280775498922,0.907166789435901
"pilot_method=joint,pilot_nowcaster=real_tree,forecast_targets=flu,pathogen_inputs=flu,correction_weeks=3,growth_anchor=1,joint_weight=0.1,correction_penalty=3.0,nowcast_weeks=4,ed_transform=logit,loss_weights=flu_hosp_ed,spatial=neighbors,decoder=quantile,latent=32,epochs=240,patience=25,batch_size=4,lr=0.0005,fit_partition=pathogen,covariate_encoder=summary,input_mode=scheduled_final,input_normalization=b0,evaluation_seasons=recent_two,vintage_seasons=all,actual_share=0.5",88.0,0.8575868446776824,,,0.8471770967139134,,,0.8578830185312264,0.03128538281949693,,,0.04774122875716728,,,0.019044956292399457,2,0.8718044224920256,0.8021974026880285
"pilot_method=joint,forecast_targets=flu,pathogen_inputs=flu,correction_weeks=2,reporting_random_strength=1,joint_weight=0.1,correction_penalty=100.0,reporting_strength=2.0,nowcast_weeks=4,ed_transform=logit,loss_weights=flu_hosp_ed,spatial=neighbors,decoder=quantile,latent=32,width=96,epochs=240,patience=25,lr=0.0005,fit_partition=pathogen,covariate_encoder=summary,input_mode=scheduled_final,input_normalization=b0,evaluation_seasons=recent_two,actual_share=0.25,nowcast_noise=1.0",89.0,0.858185177901442,,,0.8803721393590009,,,0.8580432750467791,0.08517503486176883,,,0.07949495042382528,,,0.07902640718694189,2,0.8509909678180547,0.8862525039616755
"pilot_method=two_stage,revision_signals=all,pilot_nowcaster=real_tree,forecast_targets=flu,pathogen_inputs=flu,correction_weeks=2,joint_weight=0.05,correction_penalty=30.0,reporting_strength=0.5,lookback=10,count_transform=sqrt,ed_transform=logit,loss_weights=flu_hosp_ed,noise=local,us_error=shared_factor,latent=8,width=96,epochs=160,patience=25,batch_size=4,members=64,lr=0.002,fit_partition=pathogen,weight_decay=0.0001,covariate_encoder=summary,covariate_set=kinsa,input_mode=scheduled_final,input_normalization=b0,evaluation_seasons=recent_two,vintage_seasons=all,actual_share=1.0,correction_realizations=2,covariate_dropout=0.25",90.0,0.8516313921518219,,,0.89373384784434,,,0.8584711591348095,0.02050876846353419,,,0.022207041615149876,,,0.02492512024874703,2,0.8668963242331134,0.824770498741594
"pilot_method=two_stage,pilot_nowcaster=real_tree,forecast_targets=flu,pathogen_inputs=flu,ili_units=flu_scaled,ili_steps=1200,correction_weeks=2,ili_training=pretrain,reporting_random_strength=1,joint_weight=0.05,correction_penalty=30.0,count_transform=sqrt,ed_transform=logit,loss_weights=flu_hosp_ed,spatial=distance,us_error=shared_factor,epochs=160,patience=25,batch_size=16,lr=0.004,fit_partition=pathogen,covariate_encoder=summary,signal_features=multiscale,covariate_set=kinsa,input_mode=scheduled_final,input_normalization=b0,evaluation_seasons=recent_two,log_loss_weight=0.5,covariate_dropout=0.25",91.0,0.8459882362051654,,,0.8244543351106173,,,0.8585073006653516,0.04549486017385467,,,0.04831895647908899,,,0.03873197853024218,2,0.8519618293341037,0.8846891859903425
"pilot_method=joint,forecast_targets=flu,pathogen_inputs=flu,correction_weeks=2,reporting_random_strength=1,joint_weight=0.1,correction_penalty=300.0,nowcast_weeks=4,lookback=10,ed_transform=logit,loss_weights=flu_hosp_ed,spatial=neighbors,decoder=quantile,latent=8,epochs=240,patience=25,fit_partition=pathogen,covariate_encoder=summary,input_mode=scheduled_final,input_normalization=b0,evaluation_seasons=recent_two",92.0,0.8554190473898082,,,0.8715207975918892,,,0.8590822064638979,0.01778325642227327,,,0.01813330868888278,,,0.01144643452577488,2,0.8646857575102398,0.8366680022785289
"pilot_method=joint,forecast_targets=flu,pathogen_inputs=flu,correction_weeks=2,growth_anchor=1,joint_weight=0.1,correction_penalty=30.0,nowcast_weeks=4,lookback=10,ed_transform=logit,loss_weights=flu_hosp_ed,spatial=neighbors,decoder=quantile,latent=8,width=96,epochs=240,patience=25,batch_size=16,fit_partition=pathogen,weight_decay=0.0001,covariate_encoder=summary,input_mode=scheduled_final,input_normalization=b0,evaluation_seasons=recent_two,vintage_seasons=all,nowcast_noise=0.5,log_loss_weight=0.25",93.0,0.848945778385095,,,0.944404598831653,,,0.8594448125626507,0.0015306429317597206,,,0.007028564846925978,,,0.006901269753017401,2,0.8749762852279936,0.7973189219012788
"pilot_method=joint,forecast_targets=flu,pathogen_inputs=flu,correction_weeks=1,growth_anchor=1,reporting_random_strength=1,joint_weight=0.1,correction_penalty=100.0,reporting_strength=0.5,nowcast_weeks=4,ed_transform=logit,loss_weights=flu_hosp_ed,spatial=distance,decoder=residual2,sum_wis_weight=0.25,width=128,epochs=240,patience=25,members=64,lr=0.00025,fit_partition=pathogen,covariate_encoder=summary,signal_features=multiscale,input_mode=scheduled_final,input_normalization=b0,evaluation_seasons=recent_two,nowcast_noise=1.0,log_loss_weight=0.5",94.0,0.8495283121706665,,,0.9600442024549665,,,0.8595098304970639,0.043627252563073884,,,0.07274572487165136,,,0.044472525716084156,2,0.8616361398978581,0.8510045928938864
"pilot_method=joint,forecast_targets=flu,pathogen_inputs=flu,correction_weeks=3,reporting_random_strength=1,joint_weight=0.1,correction_penalty=300.0,nowcast_weeks=4,lookback=14,ed_transform=logit,loss_weights=flu_hosp_ed,spatial=neighbors,decoder=quantile,width=96,epochs=240,patience=25,lr=0.0005,fit_partition=pathogen,covariate_encoder=summary,input_mode=scheduled_final,input_normalization=b0,evaluation_seasons=recent_two,vintage_seasons=all,actual_share=0.5",95.0,0.8673232989777354,,,0.9312005263612462,,,0.8604834419463399,0.010170063215081395,,,0.11008274419001378,,,0.002484669271863874,2,0.8602605962180158,0.8613748248596358
"pilot_method=two_stage,pilot_nowcaster=real_tree,forecast_targets=flu,pathogen_inputs=flu,correction_weeks=2,joint_weight=0.05,correction_penalty=30.0,reporting_strength=2.0,lookback=14,count_transform=sqrt,ed_transform=logit,loss_weights=flu_hosp_ed,decoder=residual2,latent=32,width=96,epochs=160,patience=25,members=64,lr=0.002,fit_partition=pathogen,covariate_encoder=summary,covariate_set=kinsa,input_mode=scheduled_final,input_normalization=b0,evaluation_seasons=recent_two,vintage_seasons=all,actual_share=0.25,nowcast_noise=0.5",96.0,0.855955517099994,,,0.8899934728600273,,,0.8620936486908264,0.014314133459579824,,,0.024786712134591837,,,0.026136684173094907,2,0.8644502836547993,0.8526671088349341
"pilot_method=joint,pilot_nowcaster=real_tree,forecast_targets=flu,pathogen_inputs=flu,ili_units=flu_scaled,ili_steps=1200,correction_weeks=2,ili_training=pretrain,reporting_random_strength=1,joint_weight=0.1,correction_penalty=3.0,reporting_strength=2.0,nowcast_weeks=4,lookback=10,ed_transform=logit,loss_weights=flu_hosp_ed,spatial=neighbors,decoder=quantile,epochs=240,patience=25,batch_size=4,fit_partition=pathogen,weight_decay=3e-05,covariate_encoder=summary,input_mode=scheduled_final,input_normalization=b0,evaluation_seasons=recent_two,nowcast_noise=0.5",97.0,0.8559295758862325,,,0.8778699161787046,,,0.8623477945575986,0.0015953003047512776,,,0.05671909328696504,,,0.00271699722824014,2,0.868087165565709,0.8393903105251571
"pilot_method=two_stage,pilot_nowcaster=real_tree,forecast_targets=flu,pathogen_inputs=flu,ili_units=flu_scaled,ili_steps=1200,correction_weeks=1,ili_training=pretrain,reporting_random_strength=1,joint_weight=0.05,correction_penalty=30.0,reporting_strength=1.5,count_transform=sqrt,ed_transform=logit,loss_weights=flu_hosp_ed,spatial=distance,noise=local,width=96,epochs=160,patience=25,members=256,lr=0.002,fit_partition=pathogen,covariate_encoder=summary,signal_features=multiscale,covariate_set=kinsa,input_mode=scheduled_final,input_normalization=b0,evaluation_seasons=recent_two,vintage_seasons=all,actual_share=0.25,covariate_dropout=0.25",98.0,0.861510205665768,,,0.8186343408845979,,,0.8628526408036086,0.07200925866775677,,,0.0021692677085769227,,,0.06590566222612204,2,0.8615304318179758,0.8681414767461391
"pilot_method=joint,pilot_nowcaster=real_tree,forecast_targets=flu,pathogen_inputs=flu,correction_weeks=2,reporting_random_strength=1,joint_weight=0.1,correction_penalty=300.0,nowcast_weeks=4,ed_transform=logit,loss_weights=flu_hosp_ed,spatial=distance,decoder=quantile,latent=32,epochs=240,patience=25,lr=0.0005,fit_partition=pathogen,covariate_encoder=summary,input_mode=scheduled_final,input_normalization=b0,evaluation_seasons=recent_two,log_loss_weight=0.5",99.0,0.8596116273550203,,,0.8937852366002328,,,0.8631245486324339,0.11251428504500365,,,0.05612875566314432,,,0.10274578698799998,2,0.8596817990162985,0.8768955470969753
"pilot_method=joint,revision_signals=all,pilot_nowcaster=real_tree,forecast_targets=flu,pathogen_inputs=flu,ili_units=flu_scaled,ili_steps=1200,correction_weeks=1,ili_training=pretrain,reporting_random_strength=1,joint_weight=0.1,correction_penalty=30.0,reporting_strength=2.0,nowcast_weeks=4,ed_transform=logit,loss_weights=flu_hosp_ed,spatial=distance,decoder=quantile,epochs=240,patience=25,batch_size=4,fit_partition=pathogen,covariate_encoder=summary,input_mode=scheduled_final,input_normalization=b0,evaluation_seasons=recent_two,vintage_seasons=all,actual_share=0.5",100.0,0.8489726569302535,,,0.9438035036830821,,,0.8633167767091674,0.016878739349911905,,,0.026961801551467924,,,0.016378809070597296,2,0.8653299781418231,0.8552639709785445
"pilot_method=two_stage,pilot_nowcaster=real_tree,forecast_targets=flu,pathogen_inputs=flu,ili_units=flu_scaled,ili_steps=1200,correction_weeks=2,ili_training=pretrain,reporting_random_strength=1,joint_weight=0.05,correction_penalty=30.0,reporting_strength=2.0,count_transform=sqrt,ed_transform=logit,loss_weights=flu_hosp_ed,decoder=residual2,noise=local,width=96,epochs=160,patience=25,batch_size=16,lr=0.002,fit_partition=pathogen,covariate_encoder=summary,signal_features=multiscale,covariate_set=kinsa,input_mode=scheduled_final,input_normalization=b0,evaluation_seasons=recent_two,correction_realizations=2,nowcast_noise=0.5,covariate_dropout=0.1",101.0,0.8534519201741757,,,0.8629081157871756,,,0.8638153166470005,0.07175546791800941,,,0.009912744451765714,,,0.06744316939574128,2,0.8738345796903104,0.8237382644737609
"pilot_method=joint,pilot_nowcaster=real_tree,forecast_targets=flu,pathogen_inputs=flu,correction_weeks=3,growth_anchor=1,joint_weight=0.1,correction_penalty=300.0,reporting_missingness=0,reporting_strength=0.5,nowcast_weeks=4,ed_transform=logit,loss_weights=flu_hosp_ed,spatial=neighbors,decoder=quantile,latent=8,width=96,epochs=240,patience=25,lr=0.0005,fit_partition=pathogen,covariate_encoder=summary,signal_features=multiscale,input_mode=scheduled_final,input_normalization=b0,evaluation_seasons=recent_two,actual_share=0.25,nowcast_noise=0.5,log_loss_weight=0.25",102.0,0.8479419018885801,,,0.8681408855148649,,,0.8642832063313666,0.04217891297153437,,,0.004841873795032743,,,0.041459660212705154,2,0.8675256874040215,0.8513132820407465
"pilot_method=joint,forecast_targets=flu,pathogen_inputs=flu,correction_weeks=2,joint_weight=0.1,correction_penalty=3.0,correction_strength=0.75,reporting_method=synchronous_log,reporting_strength=0.5,nowcast_weeks=4,lookback=10,ed_transform=logit,loss_weights=flu_hosp_ed,spatial=distance,decoder=quantile,width=96,epochs=240,patience=25,lr=0.0005,fit_partition=pathogen,weight_decay=0.0001,covariate_encoder=summary,input_mode=scheduled_final,input_normalization=b0,evaluation_seasons=recent_two,actual_share=1.0,nowcast_noise=1.0,log_loss_weight=1.0",103.0,0.8593644867050216,,,0.9022384087486361,,,0.8647838583302236,0.04668455092871015,,,0.01035115628095153,,,0.0533274010979068,2,0.8626693969720256,0.8732417037630154
"pilot_method=joint,forecast_targets=flu,pathogen_inputs=flu,correction_weeks=3,joint_weight=0.1,correction_penalty=3.0,reporting_strength=2.0,nowcast_weeks=4,ed_transform=logit,loss_weights=flu_hosp_ed,spatial=neighbors,decoder=residual2,sum_wis_weight=0.25,latent=8,width=128,epochs=240,patience=25,members=64,lr=0.0005,fit_partition=pathogen,covariate_encoder=summary,input_mode=scheduled_final,input_normalization=b0,evaluation_seasons=recent_two,vintage_seasons=all,actual_share=0.25,log_loss_weight=0.25",104.0,0.8584747843517868,,,0.875202718000342,,,0.8648928793805877,0.03679633969855838,,,0.08896797968034385,,,0.03868097818017414,2,0.8553208731117103,0.9031809044560968
"pilot_method=two_stage,pilot_nowcaster=real_tree,forecast_targets=flu,pathogen_inputs=flu,correction_weeks=3,growth_anchor=1,joint_weight=0.05,correction_penalty=30.0,count_transform=sqrt,ed_transform=logit,loss_weights=flu_hosp_ed,noise=local,width=96,epochs=160,patience=25,lr=0.002,fit_partition=pathogen,covariate_encoder=summary,covariate_set=kinsa,input_mode=scheduled_final,input_normalization=b0,evaluation_seasons=recent_two,vintage_seasons=all,actual_share=0.5,correction_realizations=4,uncorrected_share=0.25,nowcast_noise=0.5,log_loss_weight=0.25",105.0,0.8699090259115123,,,0.852199386187864,,,0.8651171284314676,0.013778664939031179,,,0.016721658805334813,,,0.027206181525720706,2,0.8938655104006816,0.7501236005546115
"pilot_method=joint,forecast_targets=flu,pathogen_inputs=flu,ili_units=flu_scaled,ili_steps=1200,correction_weeks=1,ili_training=pretrain,growth_anchor=1,reporting_random_strength=1,joint_weight=0.1,correction_penalty=30.0,reporting_missingness=0,reporting_strength=1.5,nowcast_weeks=4,ed_transform=logit,loss_weights=flu_hosp_ed,spatial=distance,decoder=quantile,epochs=240,patience=25,batch_size=4,fit_partition=pathogen,covariate_encoder=summary,input_mode=scheduled_final,input_normalization=b0,evaluation_seasons=recent_two,vintage_seasons=all",106.0,0.8707635603930961,,,0.8586512116419143,,,0.8652917120417485,0.0782120966270751,,,0.05541456666621582,,,0.06296425719946332,2,0.8761146687015064,0.8219998854027164
"pilot_method=two_stage,pilot_nowcaster=real_tree,forecast_targets=flu,pathogen_inputs=flu,correction_weeks=2,reporting_random_strength=1,joint_weight=0.05,correction_penalty=30.0,reporting_method=synchronous_log,reporting_strength=2.0,lookback=14,count_transform=sqrt,ed_transform=logit,loss_weights=flu_hosp_ed,decoder=residual2,sum_wis_weight=0.1,width=96,epochs=160,patience=25,lr=0.002,fit_partition=pathogen,covariate_encoder=summary,covariate_set=kinsa,input_mode=scheduled_final,input_normalization=b0,evaluation_seasons=recent_two,vintage_seasons=all",107.0,0.8558915223971554,,,0.8809402406389708,,,0.8653015182745342,0.08875004929400213,,,0.1192161110715697,,,0.0876999068569004,2,0.8713749070724472,0.8410079630828813
"pilot_method=joint,forecast_targets=flu,pathogen_inputs=flu,correction_weeks=2,growth_anchor=1,joint_weight=0.1,correction_penalty=30.0,reporting_missingness=0,reporting_method=synchronous_log,reporting_strength=1.5,nowcast_weeks=4,lookback=14,ed_transform=logit,loss_weights=flu_hosp_ed,spatial=neighbors,decoder=residual2,sum_wis_weight=0.25,latent=32,width=96,epochs=240,patience=25,members=64,lr=0.0005,fit_partition=pathogen,covariate_encoder=summary,input_mode=scheduled_final,input_normalization=b0,evaluation_seasons=recent_two,actual_share=0.25,nowcast_noise=1.0,log_loss_weight=0.5",108.0,0.8690655022479117,,,0.8659913535743533,,,0.8655214728821571,0.039225494678823566,,,0.027203454797213242,,,0.030287262640093838,2,0.8813722909815718,0.8021182004844983
"pilot_method=two_stage,pilot_nowcaster=real_tree,forecast_targets=flu,pathogen_inputs=flu,correction_weeks=3,joint_weight=0.05,correction_penalty=300.0,correction_strength=0.75,reporting_missingness=0,count_transform=sqrt,ed_transform=logit,loss_weights=flu_hosp_ed,noise=local,width=128,epochs=160,patience=25,batch_size=4,fit_partition=pathogen,covariate_encoder=summary,covariate_set=kinsa,input_mode=scheduled_final,input_normalization=b0,evaluation_seasons=recent_two,actual_share=0.5,nowcast_noise=1.0,covariate_dropout=0.1",109.0,0.8578306671870617,,,0.9246684147299233,,,0.8656023983467958,0.041421130442781666,,,0.010739951219975435,,,0.0449145008159204,2,0.8700718648149843,0.8477245324740412
"pilot_method=joint,forecast_targets=flu,pathogen_inputs=flu,ili_units=flu_scaled,ili_steps=1200,correction_weeks=3,ili_training=pretrain,growth_anchor=1,joint_weight=0.1,correction_penalty=3.0,correction_strength=0.75,reporting_missingness=0,reporting_strength=2.0,nowcast_weeks=4,lookback=10,ed_transform=logit,loss_weights=flu_hosp_ed,spatial=neighbors,sum_wis_weight=0.25,us_error=shared_factor,latent=8,width=128,epochs=240,patience=25,fit_partition=pathogen,covariate_encoder=summary,input_mode=scheduled_final,input_normalization=b0,evaluation_seasons=recent_two,actual_share=1.0,log_loss_weight=0.5",110.0,0.8622339165548061,,,0.8704323828085943,,,0.8669044830508104,0.17258429432558553,,,0.015747138723596985,,,0.15718650878587073,2,0.8764232159144141,0.8288295515963949
"pilot_method=joint,forecast_targets=flu,pathogen_inputs=flu,ili_units=flu_scaled,ili_steps=1200,correction_weeks=2,ili_training=pretrain,growth_anchor=1,joint_weight=0.1,correction_penalty=100.0,reporting_missingness=0,reporting_strength=2.0,nowcast_weeks=4,ed_transform=logit,loss_weights=flu_hosp_ed,spatial=distance,decoder=quantile,latent=32,epochs=240,patience=25,batch_size=4,lr=0.00025,fit_partition=pathogen,covariate_encoder=summary,input_mode=scheduled_final,input_normalization=b0,evaluation_seasons=recent_two,actual_share=0.25,nowcast_noise=0.5,log_loss_weight=1.0",111.0,0.8484436063495588,,,1.0418023928375588,,,0.8674102282706257,0.006208897608901795,,,0.02004452746289026,,,0.005620256398371237,2,0.8805700188719952,0.8147710658651478
"pilot_method=joint,revision_signals=all,forecast_targets=flu,pathogen_inputs=flu,ili_units=flu_scaled,ili_steps=1200,correction_weeks=1,ili_training=pretrain,reporting_random_strength=1,joint_weight=0.1,correction_penalty=100.0,reporting_method=synchronous_log,reporting_strength=2.0,nowcast_weeks=4,lookback=10,ed_transform=logit,loss_weights=flu_hosp_ed,spatial=neighbors,decoder=quantile,epochs=240,patience=25,lr=0.00025,fit_partition=pathogen,covariate_encoder=summary,input_mode=scheduled_final,input_normalization=b0,evaluation_seasons=recent_two,actual_share=1.0",112.0,0.8612600382994446,,,0.8859910613059876,,,0.8676402595329518,0.021706923997159455,,,0.0332943734396334,,,0.02351077736439668,2,0.8660990909577335,0.8738049338338248
"pilot_method=joint,pilot_nowcaster=real_tree,forecast_targets=flu,pathogen_inputs=flu,ili_units=flu_scaled,ili_steps=1200,correction_weeks=2,ili_training=pretrain,growth_anchor=1,joint_weight=0.1,correction_penalty=300.0,nowcast_weeks=4,lookback=10,ed_transform=logit,loss_weights=flu_hosp_ed,spatial=neighbors,decoder=quantile,width=96,epochs=240,patience=25,batch_size=16,lr=0.0005,fit_partition=pathogen,covariate_encoder=summary,input_mode=scheduled_final,input_normalization=b0,evaluation_seasons=recent_two,vintage_seasons=all,actual_share=1.0",113.0,0.8781251131384731,,,0.8122606948061571,,,0.867641966117327,0.04786627031216642,,,0.02210974198473033,,,0.033327780223650565,2,0.879205591411911,0.8213874649389903
"pilot_method=joint,forecast_targets=flu,pathogen_inputs=flu,correction_weeks=2,reporting_random_strength=1,joint_weight=0.1,correction_penalty=3.0,reporting_strength=1.5,nowcast_weeks=4,lookback=10,ed_transform=logit,loss_weights=flu_hosp_ed,spatial=neighbors,decoder=quantile,latent=8,width=96,epochs=240,patience=25,lr=0.00025,fit_partition=pathogen,covariate_encoder=summary,input_mode=scheduled_final,input_normalization=b0,evaluation_seasons=recent_two,actual_share=0.25",114.0,0.8592679764914534,,,0.9636924305653369,,,0.8680821457642219,0.002854536103598935,,,0.021989023776126427,,,0.0005549266489648971,2,0.8704514177589722,0.8586050577852208
"pilot_method=joint,forecast_targets=flu,pathogen_inputs=flu,correction_weeks=2,growth_anchor=1,joint_weight=0.1,correction_penalty=3.0,reporting_method=synchronous_log,nowcast_weeks=4,ed_transform=logit,loss_weights=flu_hosp_ed,spatial=neighbors,sum_wis_weight=0.25,width=128,epochs=240,patience=25,members=64,lr=0.0005,fit_partition=pathogen,covariate_encoder=summary,input_mode=scheduled_final,input_normalization=b0,evaluation_seasons=recent_two,actual_share=1.0",115.0,0.8747517545736785,,,0.8630322879769997,,,0.8683100093258241,0.05907837031646432,,,0.014521544400410381,,,0.05074241062647294,2,0.892073788873763,0.7732548911340682
"pilot_method=joint,forecast_targets=flu,pathogen_inputs=flu,ili_units=flu_scaled,ili_steps=1200,correction_weeks=2,ili_training=pretrain,joint_weight=0.1,correction_penalty=3.0,reporting_missingness=0,reporting_strength=0.5,nowcast_weeks=4,ed_transform=logit,loss_weights=flu_hosp_ed,spatial=distance,decoder=residual2,sum_wis_weight=0.25,noise=local,us_error=shared_factor,latent=8,width=96,epochs=240,patience=25,members=64,lr=0.0005,fit_partition=pathogen,weight_decay=0.0001,covariate_encoder=summary,signal_features=multiscale,input_mode=scheduled_final,input_normalization=b0,evaluation_seasons=recent_two,actual_share=0.25,nowcast_noise=0.5",116.0,0.8551574585286721,,,0.9287097125129422,,,0.8684269898215808,0.04024335949687674,,,0.08137459841334012,,,0.04086311556540533,2,0.8748659710651632,0.8426710648472513
"pilot_method=joint,pilot_nowcaster=real_tree,forecast_targets=flu,pathogen_inputs=flu,correction_weeks=2,growth_anchor=1,joint_weight=0.1,correction_penalty=3.0,correction_strength=0.75,reporting_strength=1.5,nowcast_weeks=4,ed_transform=logit,loss_weights=flu_hosp_ed,spatial=neighbors,sum_wis_weight=0.25,noise=local,epochs=240,patience=25,lr=0.0005,fit_partition=pathogen,covariate_encoder=summary,input_mode=scheduled_final,input_normalization=b0,evaluation_seasons=recent_two,vintage_seasons=all",117.0,0.8874571390049129,,,0.9017836471860483,,,0.8684590060404961,0.12455804356664588,,,0.06039204056589188,,,0.08353195154565142,2,0.8670862480103013,0.8739500381612748
"pilot_method=two_stage,pilot_nowcaster=real_tree,forecast_targets=flu,pathogen_inputs=flu,correction_weeks=2,growth_anchor=1,joint_weight=0.05,correction_penalty=30.0,correction_strength=0.75,reporting_strength=1.5,lookback=14,count_transform=sqrt,ed_transform=logit,loss_weights=flu_hosp_ed,spatial=distance,sum_wis_weight=0.1,us_error=shared_factor,latent=32,epochs=160,patience=25,batch_size=16,members=64,lr=0.002,fit_partition=pathogen,weight_decay=3e-05,covariate_encoder=summary,covariate_set=kinsa,input_mode=scheduled_final,input_normalization=b0,evaluation_seasons=recent_two,vintage_seasons=all,correction_realizations=4,log_loss_weight=0.25",118.0,0.869802131047681,,,0.8209684103507713,,,0.8685418541584884,0.08495878002634895,,,0.05829747221156974,,,0.08371107288727944,2,0.883413375557706,0.809055768561617
"pilot_method=joint,pilot_nowcaster=real_tree,forecast_targets=flu,pathogen_inputs=flu,correction_weeks=2,growth_anchor=1,joint_weight=0.1,correction_penalty=100.0,reporting_method=synchronous_log,nowcast_weeks=4,lookback=10,ed_transform=logit,loss_weights=flu_hosp_ed,spatial=neighbors,decoder=quantile,epochs=240,patience=25,fit_partition=pathogen,covariate_encoder=summary,input_mode=scheduled_final,input_normalization=b0,evaluation_seasons=recent_two,vintage_seasons=all,log_loss_weight=1.0",119.0,0.8449987776702319,,,0.9991954322757362,,,0.8691407635839983,0.11242325432852819,,,0.07801479847826927,,,0.10787270201098138,2,0.87236206235404,0.8562555685038301
"pilot_method=joint,forecast_targets=flu,pathogen_inputs=flu,ili_units=flu_scaled,ili_steps=1200,correction_weeks=1,ili_training=pretrain,reporting_random_strength=1,joint_weight=0.1,correction_penalty=30.0,reporting_method=synchronous_log,reporting_strength=2.0,nowcast_weeks=4,ed_transform=logit,loss_weights=flu_hosp_ed,spatial=neighbors,decoder=quantile,epochs=240,patience=25,lr=0.00025,fit_partition=pathogen,weight_decay=3e-05,covariate_encoder=summary,input_mode=scheduled_final,input_normalization=b0,evaluation_seasons=recent_two,actual_share=0.5",120.0,0.8632438906168753,,,0.9039736728264587,,,0.8697017479381055,0.08093756301594993,,,0.0876140361770463,,,0.08171707249341993,2,0.8646232255336566,0.890015837555901
"pilot_method=joint,forecast_targets=flu,pathogen_inputs=flu,correction_weeks=2,growth_anchor=1,joint_weight=0.1,correction_penalty=30.0,reporting_missingness=0,nowcast_weeks=4,lookback=14,ed_transform=logit,loss_weights=flu_hosp_ed,spatial=neighbors,sum_wis_weight=0.25,epochs=240,patience=25,lr=0.00025,fit_partition=pathogen,covariate_encoder=summary,input_mode=scheduled_final,input_normalization=b0,evaluation_seasons=recent_two,vintage_seasons=all,actual_share=1.0,log_loss_weight=1.0",121.0,0.8452925734936156,,,1.0490258756289483,,,0.8698556931738759,0.0191808516004334,,,0.05177398817469229,,,0.009849884042512436,2,0.8824857987985986,0.8193352706749844
"pilot_method=joint,forecast_targets=flu,pathogen_inputs=flu,correction_weeks=2,growth_anchor=1,reporting_random_strength=1,joint_weight=0.1,correction_penalty=300.0,reporting_method=synchronous_log,nowcast_weeks=4,ed_transform=logit,loss_weights=flu_hosp_ed,spatial=distance,decoder=quantile,latent=32,width=128,epochs=240,patience=25,lr=0.0005,fit_partition=pathogen,weight_decay=3e-05,covariate_encoder=summary,input_mode=scheduled_final,input_normalization=b0,evaluation_seasons=recent_two,vintage_seasons=all,log_loss_weight=1.0",122.0,0.8461829006953828,,,0.9554385721428063,,,0.8698814268936542,0.04733172289944318,,,0.02677050020432988,,,0.043136058157755085,2,0.8629194675167484,0.897729264401277
"pilot_method=joint,forecast_targets=flu,pathogen_inputs=flu,correction_weeks=2,growth_anchor=1,joint_weight=0.1,correction_penalty=3.0,reporting_missingness=0,reporting_strength=1.5,nowcast_weeks=4,lookback=10,ed_transform=logit,loss_weights=flu_hosp_ed,spatial=neighbors,decoder=quantile,latent=32,width=128,epochs=240,patience=25,lr=0.00025,fit_partition=pathogen,covariate_encoder=summary,input_mode=scheduled_final,input_normalization=b0,evaluation_seasons=recent_two,vintage_seasons=all,actual_share=1.0,nowcast_noise=1.0,log_loss_weight=0.25",123.0,0.8645538738966916,,,0.9122661459632537,,,0.8699534988729138,0.025689363552388916,,,0.0021638909698035945,,,0.030944640399785117,2,0.8827480290295858,0.8187753782462257
"pilot_method=joint,forecast_targets=flu,pathogen_inputs=flu,correction_weeks=3,growth_anchor=1,joint_weight=0.1,correction_penalty=3.0,reporting_missingness=0,nowcast_weeks=4,lookback=14,ed_transform=logit,loss_weights=flu_hosp_ed,spatial=neighbors,decoder=quantile,latent=8,width=96,epochs=240,patience=25,lr=0.0005,fit_partition=pathogen,covariate_encoder=summary,input_mode=scheduled_final,input_normalization=b0,evaluation_seasons=recent_two,nowcast_noise=1.0",124.0,0.8663187678876014,,,0.851696283546022,,,0.8700281632747282,0.047490312525952594,,,0.046994746898438994,,,0.05063623439286094,2,0.8912288451057095,0.785225435950803
"pilot_method=joint,revision_signals=all,pilot_nowcaster=real_tree,forecast_targets=flu,pathogen_inputs=flu,correction_weeks=3,growth_anchor=1,joint_weight=0.1,correction_penalty=3.0,correction_strength=0.75,nowcast_weeks=4,ed_transform=logit,loss_weights=flu_hosp_ed,spatial=distance,decoder=quantile,epochs=240,patience=25,batch_size=16,lr=0.0005,fit_partition=pathogen,covariate_encoder=summary,input_mode=scheduled_final,input_normalization=b0,evaluation_seasons=recent_two,actual_share=1.0,nowcast_noise=0.5,log_loss_weight=0.25",125.0,0.8636430521865681,,,0.9620196563651284,,,0.8709430107716734,0.0595424831946947,,,0.01656815324353105,,,0.04644429784183593,2,0.8793348636456505,0.8373755992757637
"pilot_method=joint,pilot_nowcaster=real_tree,forecast_targets=flu,pathogen_inputs=flu,correction_weeks=2,growth_anchor=1,joint_weight=0.1,correction_penalty=300.0,correction_strength=0.75,reporting_strength=1.5,nowcast_weeks=4,lookback=10,ed_transform=logit,loss_weights=flu_hosp_ed,spatial=neighbors,decoder=quantile,epochs=240,patience=25,lr=0.00025,fit_partition=pathogen,weight_decay=3e-05,covariate_encoder=summary,input_mode=scheduled_final,input_normalization=b0,evaluation_seasons=recent_two,actual_share=1.0,nowcast_noise=0.5",126.0,0.8663585321341266,,,0.8824210511089658,,,0.8721514763027813,0.03117968395316303,,,0.0008780579092051824,,,0.03022072009342045,2,0.8838147145527646,0.8254985233028473
"pilot_method=joint,pilot_nowcaster=real_tree,forecast_targets=flu,pathogen_inputs=flu,ili_units=flu_scaled,ili_steps=1200,correction_weeks=2,ili_training=pretrain,joint_weight=0.1,correction_penalty=300.0,reporting_missingness=0,reporting_method=synchronous_log,reporting_strength=1.5,nowcast_weeks=4,lookback=10,ed_transform=logit,loss_weights=flu_hosp_ed,spatial=neighbors,sum_wis_weight=0.1,latent=8,width=96,epochs=240,patience=25,lr=0.00025,fit_partition=pathogen,covariate_encoder=summary,signal_features=multiscale,input_mode=scheduled_final,input_normalization=b0,evaluation_seasons=recent_two,vintage_seasons=all",127.0,0.8859582325234947,,,0.8923507475042397,,,0.872192471756241,0.11872865322593963,,,0.012926545744122607,,,0.09167372941246103,2,0.8649700577271906,0.9010821278724426
"pilot_method=joint,forecast_targets=flu,pathogen_inputs=flu,ili_units=flu_scaled,ili_steps=1200,correction_weeks=2,ili_training=pretrain,joint_weight=0.1,correction_penalty=3.0,reporting_method=synchronous_log,reporting_strength=1.5,nowcast_weeks=4,ed_transform=logit,loss_weights=flu_hosp_ed,spatial=distance,decoder=quantile,epochs=240,patience=25,batch_size=16,lr=0.0005,fit_partition=pathogen,weight_decay=0.0001,covariate_encoder=summary,signal_features=multiscale,input_mode=scheduled_final,input_normalization=b0,evaluation_seasons=recent_two,actual_share=0.25,nowcast_noise=1.0,log_loss_weight=0.25",128.0,0.871312995973456,,,0.9765629449777595,,,0.8728689588389713,0.024918409150451203,,,0.05469658312337618,,,0.03246857756162744,2,0.8850488027881449,0.8241495830422769
"pilot_method=joint,revision_signals=all,forecast_targets=flu,pathogen_inputs=flu,correction_weeks=1,growth_anchor=1,joint_weight=0.1,correction_penalty=100.0,reporting_missingness=0,nowcast_weeks=4,lookback=14,ed_transform=logit,loss_weights=flu_hosp_ed,spatial=neighbors,decoder=quantile,width=96,epochs=240,patience=25,lr=0.00025,fit_partition=pathogen,covariate_encoder=summary,input_mode=scheduled_final,input_normalization=b0,evaluation_seasons=recent_two,vintage_seasons=all,actual_share=0.5,nowcast_noise=0.5,log_loss_weight=0.5",129.0,0.864546486672197,,,0.9315265133388284,,,0.8731411701240631,0.005981273979085243,,,0.0485591534189293,,,0.0018601477785160894,2,0.8803102295061715,0.844464932595629
"pilot_method=joint,pilot_nowcaster=real_tree,forecast_targets=flu,pathogen_inputs=flu,correction_weeks=2,growth_anchor=1,reporting_random_strength=1,joint_weight=0.1,correction_penalty=3.0,reporting_strength=2.0,nowcast_weeks=4,lookback=14,ed_transform=logit,loss_weights=flu_hosp_ed,spatial=neighbors,decoder=quantile,latent=8,width=96,epochs=240,patience=25,lr=0.00025,fit_partition=pathogen,covariate_encoder=summary,input_mode=scheduled_final,input_normalization=b0,evaluation_seasons=recent_two,vintage_seasons=all,log_loss_weight=0.5",130.0,0.8581236367899403,,,0.9708499864174857,,,0.874778835656241,0.05187269545909534,,,0.03055390035095614,,,0.050537528995394015,2,0.8811181911128949,0.8494214138296251
"pilot_method=two_stage,pilot_nowcaster=real_tree,forecast_targets=flu,pathogen_inputs=flu,ili_units=flu_scaled,ili_steps=1200,correction_weeks=3,ili_training=pretrain,joint_weight=0.05,correction_penalty=100.0,correction_strength=0.75,count_transform=sqrt,ed_transform=logit,loss_weights=flu_hosp_ed,sum_wis_weight=0.1,us_error=shared_factor,width=96,epochs=160,patience=25,lr=0.002,fit_partition=pathogen,weight_decay=0.0001,covariate_encoder=summary,covariate_set=kinsa,input_mode=scheduled_final,input_normalization=b0,evaluation_seasons=recent_two,vintage_seasons=all,actual_share=0.5,correction_realizations=4",131.0,0.8801503986507291,,,0.8254382223484855,,,0.875227524445455,0.08352100857778767,,,0.02389448186531108,,,0.0703409071012308,2,0.883489945549202,0.8421778400304669
"pilot_method=joint,revision_signals=all,forecast_targets=flu,pathogen_inputs=flu,correction_weeks=2,growth_anchor=1,reporting_random_strength=1,joint_weight=0.1,correction_penalty=100.0,reporting_missingness=0,reporting_strength=2.0,nowcast_weeks=4,lookback=14,ed_transform=logit,loss_weights=flu_hosp_ed,spatial=neighbors,decoder=quantile,width=128,epochs=240,patience=25,batch_size=4,lr=0.0005,fit_partition=pathogen,covariate_encoder=summary,input_mode=scheduled_final,input_normalization=b0,evaluation_seasons=recent_two,vintage_seasons=all,actual_share=0.25,nowcast_noise=1.0",132.0,0.8748776108330856,,,0.8537709157971773,,,0.8759764198851732,0.03597660979690984,,,0.08232712774140163,,,0.030474323677074602,2,0.8983454477522157,0.7865003084170024
"pilot_method=two_stage,revision_signals=all,pilot_nowcaster=real_tree,forecast_targets=flu,pathogen_inputs=flu,ili_units=flu_scaled,ili_steps=1200,correction_weeks=2,ili_training=pretrain,joint_weight=0.05,correction_penalty=30.0,correction_strength=0.75,reporting_strength=2.0,lookback=14,count_transform=sqrt,ed_transform=logit,loss_weights=flu_hosp_ed,decoder=residual2,latent=8,width=128,epochs=160,patience=25,fit_partition=pathogen,covariate_encoder=summary,covariate_set=kinsa,input_mode=scheduled_final,input_normalization=b0,evaluation_seasons=recent_two,vintage_seasons=all,actual_share=0.25,log_loss_weight=0.5",133.0,0.8781754816355793,,,0.8968171029427516,,,0.8764029505590236,0.10922866164523383,,,0.15476329366925753,,,0.11743361982096111,2,0.8779985917324177,0.8700203858654469
"pilot_method=joint,pilot_nowcaster=real_tree,forecast_targets=flu,pathogen_inputs=flu,correction_weeks=2,growth_anchor=1,reporting_random_strength=1,joint_weight=0.1,correction_penalty=3.0,reporting_method=synchronous_log,nowcast_weeks=4,lookback=14,ed_transform=logit,loss_weights=flu_hosp_ed,spatial=neighbors,sum_wis_weight=0.25,noise=local,us_error=shared_factor,width=96,epochs=240,patience=25,batch_size=16,lr=0.0005,fit_partition=pathogen,covariate_encoder=summary,signal_features=multiscale,input_mode=scheduled_final,input_normalization=b0,evaluation_seasons=recent_two,nowcast_noise=0.5,log_loss_weight=0.25",134.0,0.8629013693809009,,,0.9797859851294475,,,0.8766962151213166,0.0045290741125880345,,,0.03284426653924773,,,0.008763316040733401,2,0.8898438841992168,0.8241055388097154
"pilot_method=joint,forecast_targets=flu,pathogen_inputs=flu,correction_weeks=2,growth_anchor=1,joint_weight=0.1,correction_penalty=300.0,correction_strength=0.75,reporting_missingness=0,nowcast_weeks=4,ed_transform=logit,loss_weights=flu_hosp_ed,spatial=neighbors,decoder=quantile,width=96,epochs=240,patience=25,batch_size=4,lr=0.0005,fit_partition=pathogen,covariate_encoder=summary,signal_features=multiscale,input_mode=scheduled_final,input_normalization=b0,evaluation_seasons=recent_two,vintage_seasons=all,actual_share=1.0,nowcast_noise=0.5",135.0,0.8671508248068371,,,0.8440192443543562,,,0.8770128460878899,0.05372179114515819,,,0.013959622785082604,,,0.048987017305360425,2,0.8992616659941745,0.788017566462751
"pilot_method=two_stage,pilot_nowcaster=real_tree,forecast_targets=flu,pathogen_inputs=flu,correction_weeks=2,reporting_random_strength=1,joint_weight=0.05,correction_penalty=100.0,reporting_strength=2.0,count_transform=sqrt,ed_transform=logit,loss_weights=flu_hosp_ed,spatial=distance,noise=local,us_error=shared_factor,latent=32,epochs=160,patience=25,batch_size=16,fit_partition=pathogen,weight_decay=0.0001,covariate_encoder=summary,signal_features=multiscale,covariate_set=kinsa,input_mode=scheduled_final,input_normalization=b0,evaluation_seasons=recent_two,vintage_seasons=all,correction_realizations=2,nowcast_noise=1.0,nowcast_noise_train=1,covariate_dropout=0.1",136.0,0.8672266057961763,,,0.8875136413836519,,,0.8770865793542724,0.00639825941383334,,,0.048911093641159094,,,0.002585600510396764,2,0.8742415889278318,0.8884665410600342
"pilot_method=joint,forecast_targets=flu,pathogen_inputs=flu,ili_units=flu_scaled,ili_steps=1200,correction_weeks=2,ili_training=pretrain,reporting_random_strength=1,joint_weight=0.1,correction_penalty=30.0,reporting_missingness=0,reporting_method=synchronous_log,reporting_strength=2.0,nowcast_weeks=4,ed_transform=logit,loss_weights=flu_hosp_ed,spatial=neighbors,decoder=quantile,latent=32,width=96,epochs=240,patience=25,lr=0.00025,fit_partition=pathogen,covariate_encoder=summary,input_mode=scheduled_final,input_normalization=b0,evaluation_seasons=recent_two,vintage_seasons=all,actual_share=1.0,nowcast_noise=0.5",137.0,0.8723797333529651,,,0.9125458474622326,,,0.8778958597845025,0.02107969313968346,,,0.04713633396644607,,,0.021479668432954045,2,0.8660054689348103,0.92545742318327
"pilot_method=joint,forecast_targets=flu,pathogen_inputs=flu,correction_weeks=2,growth_anchor=1,reporting_random_strength=1,joint_weight=0.1,correction_penalty=300.0,reporting_missingness=0,nowcast_weeks=4,ed_transform=logit,loss_weights=flu_hosp_ed,spatial=neighbors,sum_wis_weight=0.1,latent=8,epochs=240,patience=25,batch_size=4,lr=0.0005,fit_partition=pathogen,covariate_encoder=summary,input_mode=scheduled_final,input_normalization=b0,evaluation_seasons=recent_two",138.0,0.8756852253523215,,,0.8304119187789678,,,0.8781915859908507,0.019965199883446964,,,0.011863368733188433,,,0.019200483517271057,2,0.8917668729637387,0.8238904380992985
"pilot_method=two_stage,pilot_nowcaster=real_tree,forecast_targets=flu,pathogen_inputs=flu,correction_weeks=2,joint_weight=0.05,correction_penalty=100.0,reporting_strength=1.5,count_transform=sqrt,ed_transform=logit,loss_weights=flu_hosp_ed,decoder=residual2,us_error=shared_factor,width=96,epochs=160,patience=25,fit_partition=pathogen,weight_decay=3e-05,covariate_encoder=summary,signal_features=multiscale,covariate_set=kinsa,input_mode=scheduled_final,input_normalization=b0,evaluation_seasons=recent_two,actual_share=1.0,correction_realizations=2,covariate_dropout=0.25",139.0,0.867440212508452,,,0.8719469035025506,,,0.8782826737235199,0.12269250399045477,,,0.025691287723342122,,,0.11858854092039048,2,0.8868419438628314,0.8440455931662734
"pilot_method=two_stage,pilot_nowcaster=real_tree,forecast_targets=flu,pathogen_inputs=flu,correction_weeks=2,joint_weight=0.05,correction_penalty=30.0,reporting_strength=0.5,count_transform=sqrt,ed_transform=logit,loss_weights=flu_hosp_ed,spatial=distance,decoder=residual2,width=96,epochs=160,patience=25,batch_size=4,lr=0.002,fit_partition=pathogen,covariate_encoder=summary,covariate_set=kinsa,input_mode=scheduled_final,input_normalization=b0,evaluation_seasons=recent_two,vintage_seasons=all,correction_realizations=2,uncorrected_share=0.25",140.0,0.8792466310395984,,,0.8041812465852672,,,0.8788312970413767,0.0038682658156234807,,,0.0732017728260143,,,0.010827951526948605,2,0.8721690968073204,0.9054800979776021
"pilot_method=two_stage,pilot_nowcaster=real_tree,forecast_targets=flu,pathogen_inputs=flu,ili_units=flu_scaled,ili_steps=1200,correction_weeks=2,ili_training=pretrain,reporting_random_strength=1,joint_weight=0.05,correction_penalty=300.0,correction_strength=0.75,reporting_strength=1.5,lookback=14,count_transform=sqrt,ed_transform=logit,loss_weights=flu_hosp_ed,latent=32,width=128,epochs=160,patience=25,members=256,lr=0.004,fit_partition=pathogen,weight_decay=0.0001,covariate_encoder=summary,covariate_set=kinsa,input_mode=scheduled_final,input_normalization=b0,evaluation_seasons=recent_two,correction_realizations=4,uncorrected_share=0.25,nowcast_noise=1.0,log_loss_weight=1.0,covariate_dropout=0.1",141.0,0.864206765527378,,,0.9263449168987734,,,0.8789689031810635,0.025574396895714443,,,0.010929669266850389,,,0.02713867202085768,2,0.8809979712867274,0.8708526307584077
"pilot_method=joint,forecast_targets=flu,pathogen_inputs=flu,correction_weeks=2,reporting_random_strength=1,joint_weight=0.1,correction_penalty=300.0,reporting_strength=2.0,nowcast_weeks=4,lookback=14,ed_transform=logit,loss_weights=flu_hosp_ed,spatial=distance,sum_wis_weight=0.1,width=128,epochs=240,patience=25,members=256,lr=0.0005,fit_partition=pathogen,covariate_encoder=summary,input_mode=scheduled_final,input_normalization=b0,evaluation_seasons=recent_two,actual_share=0.5,nowcast_noise=1.0",142.0,0.8676674191349607,,,0.909222000932012,,,0.8790367868794176,0.049794452738005465,,,0.05637886883230766,,,0.0497604331571384,2,0.8651371256346007,0.9346354318586856
"pilot_method=two_stage,pilot_nowcaster=real_tree,forecast_targets=flu,pathogen_inputs=flu,ili_units=flu_scaled,ili_steps=1200,correction_weeks=3,ili_training=pretrain,growth_anchor=1,joint_weight=0.05,correction_penalty=30.0,reporting_strength=1.5,count_transform=sqrt,ed_transform=logit,loss_weights=flu_hosp_ed,spatial=distance,us_error=shared_factor,latent=8,epochs=160,patience=25,batch_size=4,members=64,fit_partition=pathogen,weight_decay=0.0001,covariate_encoder=summary,covariate_set=kinsa,input_mode=scheduled_final,input_normalization=b0,evaluation_seasons=recent_two,correction_realizations=2,log_loss_weight=0.5,covariate_dropout=0.1",143.0,0.891814645174493,,,0.7574007433947589,,,0.8790645583385401,0.17404960856671245,,,0.004749022264978626,,,0.13939102917448498,2,0.8819729492260685,0.8674309947884256
"pilot_method=two_stage,pilot_nowcaster=real_tree,forecast_targets=flu,pathogen_inputs=flu,ili_units=flu_scaled,ili_steps=1200,correction_weeks=1,ili_training=pretrain,reporting_random_strength=1,joint_weight=0.05,correction_penalty=30.0,reporting_strength=1.5,count_transform=sqrt,ed_transform=logit,loss_weights=flu_hosp_ed,us_error=shared_factor,epochs=160,patience=25,batch_size=4,lr=0.002,fit_partition=pathogen,covariate_encoder=summary,covariate_set=kinsa,input_mode=scheduled_final,input_normalization=b0,evaluation_seasons=recent_two,actual_share=1.0,log_loss_weight=0.25",144.0,0.8663219824563033,,,0.9091490215893878,,,0.879478881894753,0.014021913807044775,,,0.05227932875817752,,,0.01882016671390692,2,0.8814406155773618,0.8716319471643181
"pilot_method=two_stage,pilot_nowcaster=real_tree,forecast_targets=flu,pathogen_inputs=flu,correction_weeks=3,reporting_random_strength=1,joint_weight=0.05,correction_penalty=30.0,reporting_strength=2.0,count_transform=sqrt,ed_transform=logit,loss_weights=flu_hosp_ed,sum_wis_weight=0.1,us_error=shared_factor,latent=32,epochs=160,patience=25,lr=0.004,fit_partition=pathogen,weight_decay=3e-05,covariate_encoder=summary,covariate_set=kinsa,input_mode=scheduled_final,input_normalization=b0,evaluation_seasons=recent_two,vintage_seasons=all,actual_share=0.25,correction_realizations=4,uncorrected_share=0.1,log_loss_weight=1.0",145.0,0.8636424376922911,,,0.9119961045225098,,,0.8797800375429737,0.1266868981579461,,,0.07277610357449579,,,0.12636203078838223,2,0.8816701476686113,0.8722195970404233
"pilot_method=two_stage,pilot_nowcaster=real_tree,forecast_targets=flu,pathogen_inputs=flu,correction_weeks=3,reporting_random_strength=1,joint_weight=0.05,correction_penalty=30.0,reporting_strength=2.0,count_transform=sqrt,ed_transform=logit,loss_weights=flu_hosp_ed,us_error=shared_factor,latent=32,width=96,epochs=160,patience=25,batch_size=4,members=256,lr=0.002,fit_partition=pathogen,weight_decay=0.0001,covariate_encoder=summary,covariate_set=kinsa,input_mode=scheduled_final,input_normalization=b0,evaluation_seasons=recent_two,uncorrected_share=0.1,nowcast_noise=1.0,nowcast_noise_train=1,log_loss_weight=0.5,covariate_dropout=0.1",146.0,0.8732075655244823,,,0.8741445660336411,,,0.8800883469105939,0.014703533895387163,,,0.022432048732723187,,,0.012919436645964821,2,0.8747982456619035,0.9012487519053554
"pilot_method=joint,pilot_nowcaster=real_tree,forecast_targets=flu,pathogen_inputs=flu,correction_weeks=3,growth_anchor=1,reporting_random_strength=1,joint_weight=0.1,correction_penalty=300.0,reporting_method=synchronous_log,reporting_strength=2.0,nowcast_weeks=4,ed_transform=logit,loss_weights=flu_hosp_ed,spatial=neighbors,decoder=quantile,epochs=240,patience=25,batch_size=16,lr=0.00025,fit_partition=pathogen,weight_decay=0.0001,covariate_encoder=summary,input_mode=scheduled_final,input_normalization=b0,evaluation_seasons=recent_two,nowcast_noise=0.5",147.0,0.8742644023172037,,,0.9104917121043479,,,0.8803136148302193,0.022891830285643205,,,0.017925923686614626,,,0.01952228307380656,2,0.8919345379240586,0.8338299224548609
"pilot_method=joint,revision_signals=all,forecast_targets=flu,pathogen_inputs=flu,correction_weeks=2,growth_anchor=1,reporting_random_strength=1,joint_weight=0.1,correction_penalty=300.0,nowcast_weeks=4,ed_transform=logit,loss_weights=flu_hosp_ed,spatial=neighbors,decoder=quantile,latent=32,width=96,epochs=240,patience=25,batch_size=16,fit_partition=pathogen,covariate_encoder=summary,input_mode=scheduled_final,input_normalization=b0,evaluation_seasons=recent_two,vintage_seasons=all,actual_share=1.0",148.0,0.8799381229008681,,,0.8158458336788161,,,0.8820143357950081,0.03506747677604875,,,0.01908819880952745,,,0.039524386992808046,2,0.897309675928097,0.820832975262652
"pilot_method=joint,pilot_nowcaster=real_tree,forecast_targets=flu,pathogen_inputs=flu,correction_weeks=2,reporting_random_strength=1,joint_weight=0.1,correction_penalty=3.0,reporting_missingness=0,reporting_strength=1.5,nowcast_weeks=4,ed_transform=logit,loss_weights=flu_hosp_ed,spatial=distance,decoder=quantile,latent=32,epochs=240,patience=25,batch_size=16,lr=0.00025,fit_partition=pathogen,covariate_encoder=summary,input_mode=scheduled_final,input_normalization=b0,evaluation_seasons=recent_two,vintage_seasons=all,nowcast_noise=0.5,log_loss_weight=0.5",149.0,0.8743085294506929,,,0.9563080519869636,,,0.8823556404802114,0.06217615147994979,,,0.0633652156106074,,,0.06608135532299905,2,0.8710641665406645,0.9275215362383982
"pilot_method=joint,forecast_targets=flu,pathogen_inputs=flu,ili_units=flu_scaled,ili_steps=1200,correction_weeks=2,ili_training=pretrain,joint_weight=0.1,correction_penalty=3.0,reporting_missingness=0,reporting_method=synchronous_log,nowcast_weeks=4,ed_transform=logit,loss_weights=flu_hosp_ed,spatial=neighbors,decoder=quantile,latent=32,epochs=240,patience=25,lr=0.0005,fit_partition=pathogen,weight_decay=0.0001,covariate_encoder=summary,input_mode=scheduled_final,input_normalization=b0,evaluation_seasons=recent_two,nowcast_noise=0.5",150.0,0.8874861757205615,,,0.9350476136928177,,,0.8836629844118213,0.008341887610831282,,,0.042441517073395385,,,0.008522867813072267,2,0.883740469446362,0.8833530442736581
"pilot_method=joint,revision_signals=all,forecast_targets=flu,pathogen_inputs=flu,correction_weeks=3,joint_weight=0.1,correction_penalty=30.0,reporting_strength=0.5,nowcast_weeks=4,lookback=10,ed_transform=logit,loss_weights=flu_hosp_ed,spatial=distance,decoder=quantile,latent=32,epochs=240,patience=25,lr=0.00025,fit_partition=pathogen,covariate_encoder=summary,input_mode=scheduled_final,input_normalization=b0,evaluation_seasons=recent_two,actual_share=0.25,nowcast_noise=1.0,log_loss_weight=0.25",151.0,0.8786375666868833,,,0.9585834206259031,,,0.8836650075103543,0.06863920762650207,,,0.03354206603823868,,,0.061248133604639314,2,0.8753849926822685,0.9167850668226962
"pilot_method=joint,forecast_targets=flu,pathogen_inputs=flu,correction_weeks=1,joint_weight=0.1,correction_penalty=3.0,reporting_strength=1.5,nowcast_weeks=4,lookback=14,ed_transform=logit,loss_weights=flu_hosp_ed,spatial=neighbors,decoder=quantile,width=96,epochs=240,patience=25,lr=0.0005,fit_partition=pathogen,covariate_encoder=summary,input_mode=scheduled_final,input_normalization=b0,evaluation_seasons=recent_two,vintage_seasons=all,actual_share=0.5",152.0,0.8801995169761285,,,0.8319242695735642,,,0.8837102576631182,0.09028155020163015,,,0.026008686092608663,,,0.08976598462641826,2,0.8806499543287821,0.895951471000462
"pilot_method=joint,forecast_targets=flu,pathogen_inputs=flu,ili_units=flu_scaled,ili_steps=1200,correction_weeks=2,ili_training=pretrain,reporting_random_strength=1,joint_weight=0.1,correction_penalty=3.0,reporting_missingness=0,nowcast_weeks=4,ed_transform=logit,loss_weights=flu_hosp_ed,spatial=distance,decoder=quantile,width=96,epochs=240,patience=25,batch_size=4,fit_partition=pathogen,covariate_encoder=summary,input_mode=scheduled_final,input_normalization=b0,evaluation_seasons=recent_two,actual_share=0.5,nowcast_noise=1.0",153.0,0.8840178486316055,,,0.9305176075653767,,,0.8840649113035677,0.1416318444871999,,,0.1612686866527591,,,0.13164286584147392,2,0.8860055598370873,0.8763023171694887
"pilot_method=joint,revision_signals=all,pilot_nowcaster=real_tree,forecast_targets=flu,pathogen_inputs=flu,correction_weeks=2,reporting_random_strength=1,joint_weight=0.1,correction_penalty=30.0,correction_strength=0.75,reporting_strength=2.0,nowcast_weeks=4,ed_transform=logit,loss_weights=flu_hosp_ed,spatial=neighbors,decoder=quantile,latent=8,width=128,epochs=240,patience=25,lr=0.00025,fit_partition=pathogen,covariate_encoder=summary,input_mode=scheduled_final,input_normalization=b0,evaluation_seasons=recent_two,vintage_seasons=all,actual_share=0.25",154.0,0.8798739462461853,,,0.932601839479112,,,0.8847187218347636,0.03214836390995895,,,0.0340766485528228,,,0.027410300848820256,2,0.8752615438982019,0.9225474335810098
"pilot_method=joint,forecast_targets=flu,pathogen_inputs=flu,correction_weeks=1,joint_weight=0.1,correction_penalty=3.0,nowcast_weeks=4,ed_transform=logit,loss_weights=flu_hosp_ed,spatial=distance,decoder=quantile,epochs=240,patience=25,batch_size=16,lr=0.00025,fit_partition=pathogen,weight_decay=0.0001,covariate_encoder=summary,signal_features=multiscale,input_mode=scheduled_final,input_normalization=b0,evaluation_seasons=recent_two,actual_share=0.25,log_loss_weight=0.5",155.0,0.8922309567887436,,,0.9351577195663829,,,0.88484849490578,0.06052387804752528,,,0.01096419439273825,,,0.03895156606936982,2,0.8816069710552692,0.8978145903078228
"pilot_method=two_stage,pilot_nowcaster=real_tree,forecast_targets=flu,pathogen_inputs=flu,correction_weeks=2,reporting_random_strength=1,joint_weight=0.05,correction_penalty=30.0,correction_strength=0.75,count_transform=sqrt,ed_transform=logit,loss_weights=flu_hosp_ed,us_error=shared_factor,latent=32,epochs=160,patience=25,lr=0.004,fit_partition=pathogen,weight_decay=3e-05,covariate_encoder=summary,signal_features=multiscale,covariate_set=kinsa,input_mode=scheduled_final,input_normalization=b0,evaluation_seasons=recent_two,vintage_seasons=all,uncorrected_share=0.25,nowcast_noise=0.5,nowcast_noise_train=1,log_loss_weight=1.0",156.0,0.8787980177600516,,,0.9294359067661073,,,0.8852609779777825,0.046811178677717585,,,0.01752754396999038,,,0.03689536252360282,2,0.895080295289501,0.8459837087309081
"pilot_method=two_stage,revision_signals=all,pilot_nowcaster=real_tree,forecast_targets=flu,pathogen_inputs=flu,correction_weeks=2,reporting_random_strength=1,joint_weight=0.05,correction_penalty=100.0,correction_strength=0.75,reporting_missingness=0,reporting_strength=0.5,count_transform=sqrt,ed_transform=logit,loss_weights=flu_hosp_ed,us_error=shared_factor,width=128,epochs=160,patience=25,lr=0.004,fit_partition=pathogen,covariate_encoder=summary,covariate_set=kinsa,input_mode=scheduled_final,input_normalization=b0,evaluation_seasons=recent_two,vintage_seasons=all,actual_share=0.5,correction_realizations=4,uncorrected_share=0.25",157.0,0.8819211713992205,,,0.8510348341655576,,,0.8858793869944932,0.08141264600308765,,,0.132641548243625,,,0.0811735105891735,2,0.8964563688004616,0.8435714597706188
"pilot_method=joint,revision_signals=all,pilot_nowcaster=real_tree,forecast_targets=flu,pathogen_inputs=flu,correction_weeks=1,growth_anchor=1,joint_weight=0.1,correction_penalty=3.0,reporting_strength=1.5,nowcast_weeks=4,lookback=14,ed_transform=logit,loss_weights=flu_hosp_ed,spatial=neighbors,decoder=residual2,sum_wis_weight=0.25,noise=local,us_error=shared_factor,width=128,epochs=240,patience=25,batch_size=16,lr=0.0005,fit_partition=pathogen,weight_decay=3e-05,covariate_encoder=summary,signal_features=multiscale,input_mode=scheduled_final,input_normalization=b0,evaluation_seasons=recent_two,nowcast_noise=1.0,log_loss_weight=0.5",158.0,0.8075101297551517,,,1.4186336819190404,,,0.8859779912560586,,,,,,,,1,0.8900634622253643,0.8696361073788352
"pilot_method=joint,forecast_targets=flu,pathogen_inputs=flu,correction_weeks=2,joint_weight=0.1,correction_penalty=3.0,nowcast_weeks=4,lookback=10,ed_transform=logit,loss_weights=flu_hosp_ed,spatial=neighbors,decoder=quantile,width=96,epochs=240,patience=25,lr=0.00025,fit_partition=pathogen,weight_decay=3e-05,covariate_encoder=summary,input_mode=scheduled_final,input_normalization=b0,evaluation_seasons=recent_two,vintage_seasons=all,actual_share=0.25",159.0,0.8891917567890169,,,0.9717783645073446,,,0.8879594799364179,0.04486642661517325,,,0.020423648323793744,,,0.03360600028968004,2,0.8882473645776224,0.8868079413715991
"pilot_method=joint,revision_signals=all,pilot_nowcaster=real_tree,forecast_targets=flu,pathogen_inputs=flu,correction_weeks=2,joint_weight=0.1,correction_penalty=3.0,correction_strength=0.75,reporting_missingness=0,reporting_strength=1.5,nowcast_weeks=4,ed_transform=logit,loss_weights=flu_hosp_ed,spatial=neighbors,decoder=quantile,latent=32,width=96,epochs=240,patience=25,lr=0.0005,fit_partition=pathogen,covariate_encoder=summary,input_mode=scheduled_final,input_normalization=b0,evaluation_seasons=recent_two,vintage_seasons=all,log_loss_weight=0.25",160.0,0.8867954661093278,,,0.8906401308863264,,,0.8882541157501668,0.04908215033203329,,,0.02625496197884385,,,0.041893913056864004,2,0.865728582690094,0.9783562479904566
"pilot_method=two_stage,pilot_nowcaster=real_tree,forecast_targets=flu,pathogen_inputs=flu,correction_weeks=2,reporting_random_strength=1,joint_weight=0.05,correction_penalty=30.0,reporting_strength=2.0,lookback=14,count_transform=sqrt,ed_transform=logit,loss_weights=flu_hosp_ed,us_error=shared_factor,latent=8,width=96,epochs=160,patience=25,members=64,lr=0.004,fit_partition=pathogen,covariate_encoder=summary,covariate_set=kinsa,input_mode=scheduled_final,input_normalization=b0,evaluation_seasons=recent_two,actual_share=0.5,log_loss_weight=0.25,covariate_dropout=0.25",161.0,0.882122521729646,,,0.8571846597156076,,,0.8882701334927499,0.00788790915276531,,,0.07195206679333796,,,0.004485830943115871,2,0.8868687932252206,0.893875494562866
"pilot_method=joint,pilot_nowcaster=real_tree,forecast_targets=flu,pathogen_inputs=flu,correction_weeks=2,growth_anchor=1,joint_weight=0.1,correction_penalty=3.0,reporting_missingness=0,nowcast_weeks=4,ed_transform=logit,loss_weights=flu_hosp_ed,spatial=neighbors,decoder=quantile,epochs=240,patience=25,lr=0.00025,fit_partition=pathogen,covariate_encoder=summary,signal_features=multiscale,input_mode=scheduled_final,input_normalization=b0,evaluation_seasons=recent_two,vintage_seasons=all,actual_share=1.0,nowcast_noise=1.0",162.0,0.8822630697235343,,,0.9309557305123516,,,0.8883105256551989,0.04834366774071212,,,0.07491291252124196,,,0.05040513462207241,2,0.9082398698031259,0.8085931490634903
"pilot_method=joint,revision_signals=all,forecast_targets=flu,pathogen_inputs=flu,correction_weeks=2,reporting_random_strength=1,joint_weight=0.1,correction_penalty=3.0,reporting_missingness=0,reporting_strength=0.5,nowcast_weeks=4,lookback=10,ed_transform=logit,loss_weights=flu_hosp_ed,spatial=distance,sum_wis_weight=0.25,width=128,epochs=240,patience=25,batch_size=4,members=256,lr=0.0005,fit_partition=pathogen,covariate_encoder=summary,input_mode=scheduled_final,input_normalization=b0,evaluation_seasons=recent_two,actual_share=0.5,nowcast_noise=0.5",163.0,0.890537809989036,,,0.9655133251304442,,,0.8884583191421407,0.05448025178138856,,,0.05647600669790817,,,0.045313355054481724,2,0.8833838732852515,0.9087561025696977
"pilot_method=two_stage,pilot_nowcaster=real_tree,forecast_targets=flu,pathogen_inputs=flu,correction_weeks=1,growth_anchor=1,joint_weight=0.05,correction_penalty=100.0,reporting_missingness=0,count_transform=sqrt,ed_transform=logit,loss_weights=flu_hosp_ed,spatial=distance,decoder=residual2,noise=local,latent=8,width=96,epochs=160,patience=25,batch_size=16,members=256,lr=0.002,fit_partition=pathogen,weight_decay=0.0001,covariate_encoder=summary,covariate_set=kinsa,input_mode=scheduled_final,input_normalization=b0,evaluation_seasons=recent_two,actual_share=0.25,uncorrected_share=0.25",164.0,0.886640033036298,,,0.9887015552053859,,,0.8886769367836835,0.013217018281468828,,,0.06705855858104227,,,0.023745962398266797,2,0.9046802641301399,0.8246636273978576
"pilot_method=joint,revision_signals=all,forecast_targets=flu,pathogen_inputs=flu,correction_weeks=2,growth_anchor=1,reporting_random_strength=1,joint_weight=0.1,correction_penalty=3.0,reporting_missingness=0,reporting_method=synchronous_log,reporting_strength=1.5,nowcast_weeks=4,lookback=10,ed_transform=logit,loss_weights=flu_hosp_ed,spatial=neighbors,decoder=quantile,width=96,epochs=240,patience=25,lr=0.0005,fit_partition=pathogen,weight_decay=0.0001,covariate_encoder=summary,input_mode=scheduled_final,input_normalization=b0,evaluation_seasons=recent_two,actual_share=0.25,log_loss_weight=0.5",165.0,0.8740818583766765,,,0.9378501279656081,,,0.8886882120439807,0.008711855973940322,,,0.0008366150017624053,,,0.01825571668008747,2,0.883604576841621,0.9090227528534189
"pilot_method=two_stage,pilot_nowcaster=real_tree,forecast_targets=flu,pathogen_inputs=flu,correction_weeks=1,growth_anchor=1,reporting_random_strength=1,joint_weight=0.05,correction_penalty=30.0,correction_strength=0.75,reporting_missingness=0,reporting_strength=2.0,lookback=10,count_transform=sqrt,ed_transform=logit,loss_weights=flu_hosp_ed,width=96,epochs=160,patience=25,lr=0.002,fit_partition=pathogen,weight_decay=3e-05,covariate_encoder=summary,covariate_set=kinsa,input_mode=scheduled_final,input_normalization=b0,evaluation_seasons=recent_two,vintage_seasons=all,actual_share=0.5,correction_realizations=4,uncorrected_share=0.1,log_loss_weight=1.0",166.0,0.8844115379722006,,,0.9947698461467327,,,0.8901176582107052,0.010608609304966954,,,0.12432750349392656,,,0.007774027725242269,2,0.904332220241087,0.8332594100891781
"pilot_method=joint,forecast_targets=flu,pathogen_inputs=flu,correction_weeks=2,growth_anchor=1,reporting_random_strength=1,joint_weight=0.1,correction_penalty=300.0,reporting_missingness=0,nowcast_weeks=4,ed_transform=logit,loss_weights=flu_hosp_ed,spatial=neighbors,decoder=quantile,latent=32,width=96,epochs=240,patience=25,lr=0.0005,fit_partition=pathogen,weight_decay=0.0001,covariate_encoder=summary,input_mode=scheduled_final,input_normalization=b0,evaluation_seasons=recent_two,nowcast_noise=1.0,log_loss_weight=1.0",167.0,0.8648883285462867,,,1.0019613290147869,,,0.8901556153755367,0.09188032131039961,,,0.0019408640074339073,,,0.09099468268608081,2,0.8855363363951239,0.9086327312971874
"pilot_method=two_stage,pilot_nowcaster=real_tree,forecast_targets=flu,pathogen_inputs=flu,correction_weeks=2,joint_weight=0.05,correction_penalty=100.0,count_transform=sqrt,ed_transform=logit,loss_weights=flu_hosp_ed,spatial=distance,width=128,epochs=160,patience=25,batch_size=4,lr=0.004,fit_partition=pathogen,weight_decay=0.0001,covariate_encoder=summary,covariate_set=kinsa,input_mode=scheduled_final,input_normalization=b0,evaluation_seasons=recent_two,vintage_seasons=all",168.0,0.8811681542163785,,,0.9566988633130342,,,0.8901683145367505,0.020600422453449067,,,0.013755999130621982,,,0.028576646921512436,2,0.8968166316491083,0.8635750460873182
"pilot_method=joint,forecast_targets=flu,pathogen_inputs=flu,correction_weeks=1,growth_anchor=1,reporting_random_strength=1,joint_weight=0.1,correction_penalty=3.0,correction_strength=0.75,reporting_strength=2.0,nowcast_weeks=4,ed_transform=logit,loss_weights=flu_hosp_ed,spatial=distance,sum_wis_weight=0.5,width=96,epochs=240,patience=25,members=256,fit_partition=pathogen,weight_decay=3e-05,covariate_encoder=summary,input_mode=scheduled_final,input_normalization=b0,evaluation_seasons=recent_two,vintage_seasons=all,actual_share=1.0,log_loss_weight=0.5",169.0,0.8672454416557589,,,1.0544267476477598,,,0.8902255397753436,0.052238929533889984,,,0.0068637684469160035,,,0.04971705045235326,2,0.8846143757982782,0.9126701956836044
"pilot_method=two_stage,pilot_nowcaster=real_tree,forecast_targets=flu,pathogen_inputs=flu,correction_weeks=2,growth_anchor=1,joint_weight=0.05,correction_penalty=300.0,reporting_strength=1.5,lookback=14,count_transform=sqrt,ed_transform=logit,loss_weights=flu_hosp_ed,spatial=distance,noise=local,width=128,epochs=160,patience=25,batch_size=16,lr=0.004,fit_partition=pathogen,covariate_encoder=summary,covariate_set=kinsa,input_mode=scheduled_final,input_normalization=b0,evaluation_seasons=recent_two,actual_share=0.5,correction_realizations=4,uncorrected_share=0.1,log_loss_weight=0.25",170.0,0.882463128310204,,,0.9429968621549043,,,0.8904477979178256,0.06843089253402541,,,0.09621655941663158,,,0.06650865710237584,2,0.9076164810777907,0.821773065277964
"pilot_method=joint,forecast_targets=flu,pathogen_inputs=flu,correction_weeks=1,growth_anchor=1,reporting_random_strength=1,joint_weight=0.1,correction_penalty=100.0,nowcast_weeks=4,lookback=14,ed_transform=logit,loss_weights=flu_hosp_ed,spatial=neighbors,sum_wis_weight=0.25,us_error=shared_factor,latent=32,width=96,epochs=240,patience=25,lr=0.00025,fit_partition=pathogen,covariate_encoder=summary,input_mode=scheduled_final,input_normalization=b0,evaluation_seasons=recent_two,vintage_seasons=all,actual_share=1.0,nowcast_noise=0.5,log_loss_weight=0.5",171.0,0.877520885008954,,,0.9827219789444941,,,0.8911334929037199,0.01720780370742274,,,0.04499257676283685,,,0.013973668316618115,2,0.9008666443832065,0.8522008869857735
"pilot_method=joint,pilot_nowcaster=real_tree,forecast_targets=flu,pathogen_inputs=flu,ili_units=flu_scaled,ili_steps=1200,correction_weeks=2,ili_training=pretrain,growth_anchor=1,joint_weight=0.1,correction_penalty=3.0,reporting_method=synchronous_log,nowcast_weeks=4,lookback=14,ed_transform=logit,loss_weights=flu_hosp_ed,spatial=neighbors,decoder=quantile,latent=32,width=96,epochs=240,patience=25,batch_size=16,lr=0.0005,fit_partition=pathogen,weight_decay=3e-05,covariate_encoder=summary,input_mode=scheduled_final,input_normalization=b0,evaluation_seasons=recent_two,actual_share=0.25,nowcast_noise=1.0,log_loss_weight=1.0",172.0,0.8730486920074902,,,0.9630581150070866,,,0.8912636006854715,0.06540851458119305,,,0.0005025330885182967,,,0.05647250079240628,2,0.8934628685289732,0.8824665293114649
"pilot_method=two_stage,pilot_nowcaster=real_tree,forecast_targets=flu,pathogen_inputs=flu,ili_units=flu_scaled,ili_steps=1200,correction_weeks=2,ili_training=pretrain,reporting_random_strength=1,joint_weight=0.05,correction_penalty=300.0,reporting_strength=1.5,count_transform=sqrt,ed_transform=logit,loss_weights=flu_hosp_ed,decoder=residual2,noise=local,us_error=shared_factor,width=96,epochs=160,patience=25,batch_size=4,members=256,fit_partition=pathogen,covariate_encoder=summary,covariate_set=kinsa,input_mode=scheduled_final,input_normalization=b0,evaluation_seasons=recent_two,vintage_seasons=all,correction_realizations=4,nowcast_noise=0.5,log_loss_weight=0.5,covariate_dropout=0.25",173.0,0.8864232544796962,,,0.924589338315584,,,0.8924969786487978,0.041553231744699916,,,0.011192574522039653,,,0.03488880848982778,2,0.8895960723148117,0.9041006039847415
"pilot_method=joint,forecast_targets=flu,pathogen_inputs=flu,correction_weeks=2,joint_weight=0.1,correction_penalty=3.0,nowcast_weeks=4,ed_transform=logit,loss_weights=flu_hosp_ed,spatial=neighbors,sum_wis_weight=0.25,epochs=240,patience=25,members=64,lr=0.0005,fit_partition=pathogen,covariate_encoder=summary,input_mode=scheduled_final,input_normalization=b0,evaluation_seasons=recent_two,actual_share=0.25,nowcast_noise=1.0,log_loss_weight=1.0",174.0,0.8883700811039623,,,0.9419589544948845,,,0.8930712618201111,0.08072529086628971,,,0.0015894036269434564,,,0.0854632965455812,2,0.8873164235701317,0.9160906148200283
"pilot_method=two_stage,revision_signals=all,pilot_nowcaster=real_tree,forecast_targets=flu,pathogen_inputs=flu,correction_weeks=2,growth_anchor=1,joint_weight=0.05,correction_penalty=30.0,correction_strength=0.75,reporting_missingness=0,reporting_strength=1.5,count_transform=sqrt,ed_transform=logit,loss_weights=flu_hosp_ed,spatial=distance,decoder=residual2,noise=local,epochs=160,patience=25,batch_size=16,lr=0.002,fit_partition=pathogen,covariate_encoder=summary,covariate_set=kinsa,input_mode=scheduled_final,input_normalization=b0,evaluation_seasons=recent_two,correction_realizations=4",175.0,0.901156308666581,,,0.8758193937919858,,,0.8933807900894893,0.016687186540124303,,,0.08598902101024823,,,0.014909596776155491,2,0.9154438078672716,0.8051287189783599
"pilot_method=joint,forecast_targets=flu,pathogen_inputs=flu,ili_units=flu_scaled,ili_steps=1200,correction_weeks=2,ili_training=pretrain,joint_weight=0.1,correction_penalty=100.0,nowcast_weeks=4,ed_transform=logit,loss_weights=flu_hosp_ed,spatial=distance,decoder=quantile,latent=32,epochs=240,patience=25,lr=0.0005,fit_partition=pathogen,covariate_encoder=summary,input_mode=scheduled_final,input_normalization=b0,evaluation_seasons=recent_two",176.0,0.8887858518987091,,,0.9218770808581549,,,0.8935061213167894,0.023259256198682465,,,0.08863358920993865,,,0.027921985738169817,2,0.874456162307344,0.9697059573545708
"pilot_method=joint,forecast_targets=flu,pathogen_inputs=flu,correction_weeks=3,growth_anchor=1,reporting_random_strength=1,joint_weight=0.1,correction_penalty=30.0,reporting_missingness=0,reporting_strength=1.5,nowcast_weeks=4,ed_transform=logit,loss_weights=flu_hosp_ed,spatial=neighbors,decoder=quantile,epochs=240,patience=25,lr=0.0005,fit_partition=pathogen,covariate_encoder=summary,input_mode=scheduled_final,input_normalization=b0,evaluation_seasons=recent_two,actual_share=1.0,nowcast_noise=1.0,log_loss_weight=0.25",177.0,0.8880078451670472,,,0.8704015647034917,,,0.8940938785760864,0.05902840213503864,,,0.06863363898056318,,,0.05344241950639582,2,0.8956721122492814,0.887780943883306
"pilot_method=two_stage,pilot_nowcaster=real_tree,forecast_targets=flu,pathogen_inputs=flu,correction_weeks=1,growth_anchor=1,joint_weight=0.05,correction_penalty=30.0,reporting_missingness=0,reporting_strength=0.5,count_transform=sqrt,ed_transform=logit,loss_weights=flu_hosp_ed,spatial=distance,width=96,epochs=160,patience=25,batch_size=4,lr=0.002,fit_partition=pathogen,weight_decay=0.0001,covariate_encoder=summary,covariate_set=kinsa,input_mode=scheduled_final,input_normalization=b0,evaluation_seasons=recent_two,actual_share=1.0,nowcast_noise=0.5,log_loss_weight=0.25,covariate_dropout=0.1",178.0,0.8870014532639345,,,0.9431303549723749,,,0.8943608806493777,0.023117277558663458,,,0.10405429416104192,,,0.028177067493846714,2,0.9064651626382917,0.8459437526937215
"pilot_method=two_stage,pilot_nowcaster=real_tree,forecast_targets=flu,pathogen_inputs=flu,correction_weeks=2,joint_weight=0.05,correction_penalty=30.0,reporting_missingness=0,reporting_strength=2.0,count_transform=sqrt,ed_transform=logit,loss_weights=flu_hosp_ed,sum_wis_weight=0.1,latent=8,epochs=160,patience=25,batch_size=16,members=256,fit_partition=pathogen,covariate_encoder=summary,covariate_set=kinsa,input_mode=scheduled_final,input_normalization=b0,evaluation_seasons=recent_two,vintage_seasons=all,actual_share=0.5,correction_realizations=4,covariate_dropout=0.25",179.0,0.8828582591864602,,,0.9217069763845256,,,0.8954414222305778,0.134511205274354,,,0.04141370840002404,,,0.13413673979360338,2,0.9014790828804561,0.8712907796310643
"pilot_method=two_stage,pilot_nowcaster=real_tree,forecast_targets=flu,pathogen_inputs=flu,correction_weeks=2,reporting_random_strength=1,joint_weight=0.05,correction_penalty=300.0,count_transform=sqrt,ed_transform=logit,loss_weights=flu_hosp_ed,latent=8,epochs=160,patience=25,batch_size=4,lr=0.004,fit_partition=pathogen,weight_decay=3e-05,covariate_encoder=summary,covariate_set=kinsa,input_mode=scheduled_final,input_normalization=b0,evaluation_seasons=recent_two,actual_share=0.25,log_loss_weight=0.5",180.0,0.8902649115650035,,,0.9295330870770772,,,0.8957163473230779,0.09051685909079836,,,0.040835556571281774,,,0.07443369432292428,2,0.89184207210126,0.9112134482103493
"pilot_method=joint,forecast_targets=flu,pathogen_inputs=flu,correction_weeks=2,reporting_random_strength=1,joint_weight=0.1,correction_penalty=300.0,reporting_missingness=0,reporting_strength=0.5,nowcast_weeks=4,lookback=10,ed_transform=logit,loss_weights=flu_hosp_ed,spatial=neighbors,decoder=quantile,latent=32,width=128,epochs=240,patience=25,lr=0.0005,fit_partition=pathogen,weight_decay=0.0001,covariate_encoder=summary,input_mode=scheduled_final,input_normalization=b0,evaluation_seasons=recent_two,vintage_seasons=all,actual_share=0.5,nowcast_noise=0.5",181.0,0.8954475757976995,,,0.9824391524933913,,,0.8964901534782151,0.028046465229737413,,,0.011853624345095664,,,0.01965203623136165,2,0.8900272349825237,0.9223418274609807
"pilot_method=joint,pilot_nowcaster=real_tree,forecast_targets=flu,pathogen_inputs=flu,correction_weeks=2,growth_anchor=1,reporting_random_strength=1,joint_weight=0.1,correction_penalty=3.0,nowcast_weeks=4,ed_transform=logit,loss_weights=flu_hosp_ed,spatial=distance,sum_wis_weight=0.25,us_error=shared_factor,width=96,epochs=240,patience=25,batch_size=16,lr=0.0005,fit_partition=pathogen,weight_decay=3e-05,covariate_encoder=summary,input_mode=scheduled_final,input_normalization=b0,evaluation_seasons=recent_two,vintage_seasons=all,log_loss_weight=0.5",182.0,0.8753831873739077,,,0.9955623498694764,,,0.8967204533375254,0.028665972206629236,,,0.018686159809709006,,,0.026157030155799676,2,0.8964873597501762,0.8976528276869217
"pilot_method=joint,forecast_targets=flu,pathogen_inputs=flu,correction_weeks=2,joint_weight=0.1,correction_penalty=100.0,reporting_missingness=0,reporting_strength=0.5,nowcast_weeks=4,lookback=10,ed_transform=logit,loss_weights=flu_hosp_ed,spatial=distance,decoder=quantile,width=96,epochs=240,patience=25,batch_size=16,fit_partition=pathogen,weight_decay=0.0001,covariate_encoder=summary,input_mode=scheduled_final,input_normalization=b0,evaluation_seasons=recent_two,actual_share=0.25,nowcast_noise=1.0",183.0,0.8887924208361997,,,0.9824238380999247,,,0.8967492774991559,0.07142932694274177,,,0.09125830844523974,,,0.0728019446470964,2,0.9030194037266711,0.8716687725890949
"pilot_method=two_stage,pilot_nowcaster=real_tree,forecast_targets=flu,pathogen_inputs=flu,correction_weeks=2,reporting_random_strength=1,joint_weight=0.05,correction_penalty=100.0,count_transform=sqrt,ed_transform=logit,loss_weights=flu_hosp_ed,us_error=shared_factor,width=96,epochs=160,patience=25,fit_partition=pathogen,covariate_encoder=summary,covariate_set=kinsa,input_mode=scheduled_final,input_normalization=b0,evaluation_seasons=recent_two,actual_share=0.5,uncorrected_share=0.1,log_loss_weight=0.5,covariate_dropout=0.25",184.0,0.8855418237737873,,,0.8823727193459432,,,0.8970517834324345,0.04709615894008563,,,0.0535953950808856,,,0.04501743353043895,2,0.8834970362522834,0.9512707721530381
"pilot_method=joint,pilot_nowcaster=real_tree,forecast_targets=flu,pathogen_inputs=flu,correction_weeks=2,reporting_random_strength=1,joint_weight=0.1,correction_penalty=30.0,reporting_method=synchronous_log,reporting_strength=2.0,nowcast_weeks=4,lookback=14,ed_transform=logit,loss_weights=flu_hosp_ed,spatial=distance,decoder=quantile,width=96,epochs=240,patience=25,lr=0.0005,fit_partition=pathogen,weight_decay=0.0001,covariate_encoder=summary,input_mode=scheduled_final,input_normalization=b0,evaluation_seasons=recent_two",185.0,0.8876040318305478,,,1.0146973457633077,,,0.8974402603550563,0.016087023402325543,,,0.007092627942268073,,,0.004602064386228355,2,0.9023499944481712,0.8778013239825965
"pilot_method=joint,pilot_nowcaster=real_tree,forecast_targets=flu,pathogen_inputs=flu,correction_weeks=1,growth_anchor=1,joint_weight=0.1,correction_penalty=300.0,reporting_strength=2.0,nowcast_weeks=4,ed_transform=logit,loss_weights=flu_hosp_ed,spatial=distance,decoder=quantile,latent=8,width=128,epochs=240,patience=25,batch_size=4,lr=0.00025,fit_partition=pathogen,covariate_encoder=summary,input_mode=scheduled_final,input_normalization=b0,evaluation_seasons=recent_two,vintage_seasons=all,log_loss_weight=0.25",186.0,0.9183870127409565,,,0.858756946270319,,,0.8982258201080724,0.04054285994596036,,,0.09110265790593365,,,0.042274491902049995,2,0.8820420360713326,0.962960956255031
"pilot_method=joint,pilot_nowcaster=real_tree,forecast_targets=flu,pathogen_inputs=flu,correction_weeks=3,growth_anchor=1,joint_weight=0.1,correction_penalty=300.0,correction_strength=0.75,nowcast_weeks=4,lookback=10,ed_transform=logit,loss_weights=flu_hosp_ed,spatial=distance,decoder=quantile,latent=32,epochs=240,patience=25,batch_size=4,lr=0.00025,fit_partition=pathogen,weight_decay=0.0001,covariate_encoder=summary,input_mode=scheduled_final,input_normalization=b0,evaluation_seasons=recent_two,vintage_seasons=all,actual_share=1.0,nowcast_noise=1.0,log_loss_weight=0.5",187.0,0.877097006465901,,,1.0066669765278105,,,0.8986069676057444,0.013267858923581854,,,0.008563425974631908,,,0.013842380442366123,2,0.9177282917505375,0.8221216710265719
"pilot_method=joint,revision_signals=all,pilot_nowcaster=real_tree,forecast_targets=flu,pathogen_inputs=flu,ili_units=flu_scaled,ili_steps=1200,correction_weeks=2,ili_training=pretrain,growth_anchor=1,reporting_random_strength=1,joint_weight=0.1,correction_penalty=100.0,reporting_method=synchronous_log,nowcast_weeks=4,ed_transform=logit,loss_weights=flu_hosp_ed,spatial=distance,sum_wis_weight=0.25,latent=8,epochs=240,patience=25,batch_size=4,members=64,fit_partition=pathogen,covariate_encoder=summary,input_mode=scheduled_final,input_normalization=b0,evaluation_seasons=recent_two,actual_share=1.0",188.0,0.9047219040283332,,,0.9031729421178276,,,0.8995078606167499,0.05247473344880919,,,0.014351602251615603,,,0.0598796754167029,2,0.9140160377631238,0.8414751520312542
"pilot_method=two_stage,pilot_nowcaster=real_tree,forecast_targets=flu,pathogen_inputs=flu,correction_weeks=2,reporting_random_strength=1,joint_weight=0.05,correction_penalty=30.0,correction_strength=0.75,reporting_missingness=0,reporting_strength=1.5,lookback=14,count_transform=sqrt,ed_transform=logit,loss_weights=flu_hosp_ed,us_error=shared_factor,latent=8,width=96,epochs=160,patience=25,members=256,lr=0.002,fit_partition=pathogen,covariate_encoder=summary,covariate_set=kinsa,input_mode=scheduled_final,input_normalization=b0,evaluation_seasons=recent_two,actual_share=1.0,correction_realizations=2,nowcast_noise=1.0,nowcast_noise_train=1,log_loss_weight=0.5",189.0,0.8948298192994162,,,0.9085250375579257,,,0.8997596912643862,0.04668830647416834,,,0.013566586876516051,,,0.048210367499919235,2,0.8947309064742707,0.9198748304248483
"pilot_method=joint,revision_signals=all,forecast_targets=flu,pathogen_inputs=flu,ili_units=flu_scaled,ili_steps=1200,correction_weeks=2,ili_training=pretrain,reporting_random_strength=1,joint_weight=0.1,correction_penalty=300.0,reporting_missingness=0,reporting_strength=0.5,nowcast_weeks=4,lookback=14,ed_transform=logit,loss_weights=flu_hosp_ed,spatial=neighbors,decoder=quantile,width=96,epochs=240,patience=25,lr=0.00025,fit_partition=pathogen,covariate_encoder=summary,input_mode=scheduled_final,input_normalization=b0,evaluation_seasons=recent_two,vintage_seasons=all",190.0,0.892539289435188,,,1.004115185604821,,,0.8999049296494621,0.01969625233490683,,,0.029728589173704387,,,0.026083441602085856,2,0.8976671449434934,0.9088560684733371
"pilot_method=two_stage,pilot_nowcaster=real_tree,forecast_targets=flu,pathogen_inputs=flu,correction_weeks=2,growth_anchor=1,joint_weight=0.05,correction_penalty=300.0,reporting_method=synchronous_log,count_transform=sqrt,ed_transform=logit,loss_weights=flu_hosp_ed,latent=32,width=128,epochs=160,patience=25,lr=0.002,fit_partition=pathogen,weight_decay=0.0001,covariate_encoder=summary,covariate_set=kinsa,input_mode=scheduled_final,input_normalization=b0,evaluation_seasons=recent_two,actual_share=0.5",191.0,0.9041078174167322,,,0.852041149210643,,,0.9003270864083133,0.035585119844933066,,,0.08177866464890611,,,0.03136166958484316,2,0.9252904523794419,0.8004736225237986
"pilot_method=joint,pilot_nowcaster=real_tree,forecast_targets=flu,pathogen_inputs=flu,ili_units=flu_scaled,ili_steps=1200,correction_weeks=2,ili_training=pretrain,joint_weight=0.1,correction_penalty=100.0,correction_strength=0.75,reporting_strength=0.5,nowcast_weeks=4,ed_transform=logit,loss_weights=flu_hosp_ed,spatial=distance,sum_wis_weight=0.5,us_error=shared_factor,width=128,epochs=240,patience=25,lr=0.0005,fit_partition=pathogen,covariate_encoder=summary,input_mode=scheduled_final,input_normalization=b0,evaluation_seasons=recent_two,actual_share=1.0,log_loss_weight=1.0",192.0,0.8909162163942592,,,0.8961295649378376,,,0.9008560793352429,0.10987306469299592,,,0.01600145117415337,,,0.10159182024364931,2,0.8923161322639575,0.935015867620384
"pilot_method=two_stage,pilot_nowcaster=real_tree,forecast_targets=flu,pathogen_inputs=flu,ili_units=flu_scaled,ili_steps=1200,correction_weeks=2,ili_training=pretrain,reporting_random_strength=1,joint_weight=0.05,correction_penalty=30.0,correction_strength=0.75,reporting_method=synchronous_log,count_transform=sqrt,ed_transform=logit,loss_weights=flu_hosp_ed,spatial=distance,us_error=shared_factor,width=96,epochs=160,patience=25,batch_size=4,members=256,lr=0.002,fit_partition=pathogen,weight_decay=0.0001,covariate_encoder=summary,covariate_set=kinsa,input_mode=scheduled_final,input_normalization=b0,evaluation_seasons=recent_two,vintage_seasons=all,actual_share=1.0,correction_realizations=2,uncorrected_share=0.1",193.0,0.8980244821582722,,,0.8906795559772329,,,0.9016641508344196,0.03256208915142881,,,0.03174238844722969,,,0.029743933562714656,2,0.9084043545004461,0.8747033361703136
"pilot_method=joint,forecast_targets=flu,pathogen_inputs=flu,correction_weeks=2,growth_anchor=1,joint_weight=0.1,correction_penalty=300.0,reporting_strength=1.5,nowcast_weeks=4,ed_transform=logit,loss_weights=flu_hosp_ed,spatial=neighbors,sum_wis_weight=0.25,noise=local,latent=8,width=128,epochs=240,patience=25,lr=0.00025,fit_partition=pathogen,covariate_encoder=summary,signal_features=multiscale,input_mode=scheduled_final,input_normalization=b0,evaluation_seasons=recent_two,nowcast_noise=1.0,log_loss_weight=0.25",194.0,0.8923150340988771,,,0.9472654654739954,,,0.9023489669035787,0.005599331970027236,,,0.07285731636866981,,,0.009194842948793492,2,0.9129395963176944,0.8599864492471152
"pilot_method=joint,forecast_targets=flu,pathogen_inputs=flu,correction_weeks=2,growth_anchor=1,joint_weight=0.1,correction_penalty=3.0,reporting_strength=2.0,nowcast_weeks=4,ed_transform=logit,loss_weights=flu_hosp_ed,spatial=neighbors,sum_wis_weight=0.25,noise=local,width=96,epochs=240,patience=25,members=64,lr=0.0005,fit_partition=pathogen,covariate_encoder=summary,input_mode=scheduled_final,input_normalization=b0,evaluation_seasons=recent_two,actual_share=0.5",195.0,0.8933612533604238,,,0.8966938395117989,,,0.9027673338552445,0.14444148340416646,,,0.05125505484948046,,,0.15015454846236892,2,0.9148740320850175,0.8543405409361524
"pilot_method=joint,revision_signals=all,forecast_targets=flu,pathogen_inputs=flu,correction_weeks=2,reporting_random_strength=1,joint_weight=0.1,correction_penalty=3.0,reporting_method=synchronous_log,reporting_strength=1.5,nowcast_weeks=4,ed_transform=logit,loss_weights=flu_hosp_ed,spatial=neighbors,sum_wis_weight=0.25,epochs=240,patience=25,lr=0.00025,fit_partition=pathogen,weight_decay=0.0001,covariate_encoder=summary,input_mode=scheduled_final,input_normalization=b0,evaluation_seasons=recent_two,vintage_seasons=all,nowcast_noise=0.5,log_loss_weight=0.5",196.0,0.9212316088619602,,,0.9542916917037407,,,0.9030893041456557,0.001250471522933428,,,0.05565829584590378,,,0.0033167356880381034,2,0.8902574560446774,0.9544166965495684
"pilot_method=two_stage,revision_signals=all,pilot_nowcaster=real_tree,forecast_targets=flu,pathogen_inputs=flu,correction_weeks=3,growth_anchor=1,reporting_random_strength=1,joint_weight=0.05,correction_penalty=100.0,correction_strength=0.75,reporting_missingness=0,reporting_method=synchronous_log,count_transform=sqrt,ed_transform=logit,loss_weights=flu_hosp_ed,latent=8,epochs=160,patience=25,fit_partition=pathogen,covariate_encoder=summary,covariate_set=kinsa,input_mode=scheduled_final,input_normalization=b0,evaluation_seasons=recent_two,vintage_seasons=all,correction_realizations=2,log_loss_weight=0.25",197.0,0.8918714465462145,,,0.9166524504226787,,,0.9032443329833856,0.0628511472727927,,,0.01894380157372067,,,0.06892151139445897,2,0.9128108912024839,0.8649781001069918
"pilot_method=two_stage,pilot_nowcaster=real_tree,forecast_targets=flu,pathogen_inputs=flu,correction_weeks=2,growth_anchor=1,joint_weight=0.05,correction_penalty=30.0,reporting_method=synchronous_log,count_transform=sqrt,ed_transform=logit,loss_weights=flu_hosp_ed,decoder=residual2,us_error=shared_factor,latent=8,width=96,epochs=160,patience=25,members=64,lr=0.002,fit_partition=pathogen,weight_decay=3e-05,covariate_encoder=summary,covariate_set=kinsa,input_mode=scheduled_final,input_normalization=b0,evaluation_seasons=recent_two,actual_share=0.25,correction_realizations=4,log_loss_weight=1.0",198.0,0.8988722712576562,,,0.9231263073089533,,,0.9035598524010484,0.02717114556461494,,,0.14000355398141445,,,0.025351522888987815,2,0.928476511593932,0.8038932156295144
"pilot_method=two_stage,pilot_nowcaster=real_tree,forecast_targets=flu,pathogen_inputs=flu,ili_units=flu_scaled,ili_steps=1200,correction_weeks=3,ili_training=pretrain,joint_weight=0.05,correction_penalty=30.0,reporting_method=synchronous_log,reporting_strength=1.5,count_transform=sqrt,ed_transform=logit,loss_weights=flu_hosp_ed,spatial=distance,decoder=residual2,width=96,epochs=160,patience=25,batch_size=16,members=256,lr=0.004,fit_partition=pathogen,covariate_encoder=summary,covariate_set=kinsa,input_mode=scheduled_final,input_normalization=b0,evaluation_seasons=recent_two,actual_share=0.25,covariate_dropout=0.1",199.0,0.8998908001014463,,,0.83898950791274,,,0.9038209348271863,0.0028035631110332297,,,0.0629742595629012,,,0.0028391230023159823,2,0.9078060307693621,0.8878805510584825
"pilot_method=two_stage,pilot_nowcaster=real_tree,forecast_targets=flu,pathogen_inputs=flu,correction_weeks=1,joint_weight=0.05,correction_penalty=300.0,correction_strength=0.75,reporting_method=synchronous_log,reporting_strength=1.5,count_transform=sqrt,ed_transform=logit,loss_weights=flu_hosp_ed,decoder=residual2,width=96,epochs=160,patience=25,lr=0.002,fit_partition=pathogen,covariate_encoder=summary,covariate_set=kinsa,input_mode=scheduled_final,input_normalization=b0,evaluation_seasons=recent_two,actual_share=0.25,correction_realizations=2",200.0,0.8979836066198915,,,0.9211872060652915,,,0.9042159054456747,0.0845906786262345,,,0.05695445007431644,,,0.08084974515185586,2,0.9029092551195421,0.9094425067502043
"pilot_method=joint,forecast_targets=flu,pathogen_inputs=flu,correction_weeks=1,growth_anchor=1,joint_weight=0.1,correction_penalty=300.0,reporting_method=synchronous_log,nowcast_weeks=4,lookback=10,ed_transform=logit,loss_weights=flu_hosp_ed,spatial=distance,decoder=quantile,width=128,epochs=240,patience=25,lr=0.00025,fit_partition=pathogen,covariate_encoder=summary,input_mode=scheduled_final,input_normalization=b0,evaluation_seasons=recent_two,log_loss_weight=0.25",201.0,0.9111191168672784,,,0.9513885541044262,,,0.9043223479211212,0.15150910348976576,,,0.02348018030749661,,,0.13285752875021142,2,0.9032272597360893,0.9087027006612486
"pilot_method=joint,pilot_nowcaster=real_tree,forecast_targets=flu,pathogen_inputs=flu,correction_weeks=1,reporting_random_strength=1,joint_weight=0.1,correction_penalty=100.0,correction_strength=0.75,nowcast_weeks=4,ed_transform=logit,loss_weights=flu_hosp_ed,spatial=neighbors,decoder=quantile,latent=8,width=128,epochs=240,patience=25,batch_size=16,lr=0.0005,fit_partition=pathogen,covariate_encoder=summary,input_mode=scheduled_final,input_normalization=b0,evaluation_seasons=recent_two,vintage_seasons=all,nowcast_noise=0.5",202.0,0.9054723855065661,,,0.9147570921021475,,,0.9059353287921637,0.10240557735048565,,,0.011148492987787566,,,0.1015882554904905,2,0.8997018102497298,0.9308694029618988
"pilot_method=two_stage,pilot_nowcaster=real_tree,forecast_targets=flu,pathogen_inputs=flu,correction_weeks=1,joint_weight=0.05,correction_penalty=30.0,correction_strength=0.75,reporting_missingness=0,reporting_strength=2.0,lookback=14,count_transform=sqrt,ed_transform=logit,loss_weights=flu_hosp_ed,latent=32,width=96,epochs=160,patience=25,lr=0.004,fit_partition=pathogen,weight_decay=3e-05,covariate_encoder=summary,covariate_set=kinsa,input_mode=scheduled_final,input_normalization=b0,evaluation_seasons=recent_two,vintage_seasons=all,actual_share=0.25,correction_realizations=4,uncorrected_share=0.25,nowcast_noise=1.0,nowcast_noise_train=1",203.0,0.9067475138590408,,,0.8915127972124731,,,0.9065947423211743,0.07070305743567432,,,0.04130782578645085,,,0.06874529247016864,2,0.908734160972866,0.8980370677144072
"pilot_method=joint,pilot_nowcaster=real_tree,forecast_targets=flu,pathogen_inputs=flu,correction_weeks=2,growth_anchor=1,joint_weight=0.1,correction_penalty=3.0,reporting_method=synchronous_log,reporting_strength=1.5,nowcast_weeks=4,ed_transform=logit,loss_weights=flu_hosp_ed,spatial=neighbors,decoder=quantile,epochs=240,patience=25,fit_partition=pathogen,covariate_encoder=summary,signal_features=multiscale,input_mode=scheduled_final,input_normalization=b0,evaluation_seasons=recent_two,actual_share=0.25",204.0,0.9095444276359086,,,0.8799081196249543,,,0.9074230721418127,0.1364347199944956,,,0.03252864666242314,,,0.13472148461598948,2,0.9346909914297742,0.7983513949899657
"pilot_method=joint,pilot_nowcaster=real_tree,forecast_targets=flu,pathogen_inputs=flu,correction_weeks=2,growth_anchor=1,joint_weight=0.1,correction_penalty=3.0,reporting_method=synchronous_log,nowcast_weeks=4,ed_transform=logit,loss_weights=flu_hosp_ed,spatial=neighbors,decoder=quantile,latent=8,epochs=240,patience=25,batch_size=16,lr=0.00025,fit_partition=pathogen,covariate_encoder=summary,signal_features=multiscale,input_mode=scheduled_final,input_normalization=b0,evaluation_seasons=recent_two,nowcast_noise=1.0,log_loss_weight=1.0",205.0,0.867251171371281,,,1.1288726471566983,,,0.907532038979501,0.03202388200720312,,,0.00043880323287959493,,,0.02731049044376416,2,0.9060032472488141,0.9136472059022485
"pilot_method=joint,pilot_nowcaster=real_tree,forecast_targets=flu,pathogen_inputs=flu,correction_weeks=1,joint_weight=0.1,correction_penalty=100.0,reporting_method=synchronous_log,reporting_strength=2.0,nowcast_weeks=4,lookback=10,ed_transform=logit,loss_weights=flu_hosp_ed,spatial=neighbors,sum_wis_weight=0.25,width=96,epochs=240,patience=25,lr=0.00025,fit_partition=pathogen,weight_decay=3e-05,covariate_encoder=summary,input_mode=scheduled_final,input_normalization=b0,evaluation_seasons=recent_two,vintage_seasons=all,nowcast_noise=0.5,log_loss_weight=1.0",206.0,0.9026221539091817,,,0.9351721958455305,,,0.9091752392359618,0.1012070848689034,,,0.010908735439506337,,,0.09521812125888153,2,0.899253434068703,0.9488624599049971
"pilot_method=joint,pilot_nowcaster=real_tree,forecast_targets=flu,pathogen_inputs=flu,correction_weeks=2,joint_weight=0.1,correction_penalty=3.0,correction_strength=0.75,reporting_strength=1.5,nowcast_weeks=4,lookback=10,ed_transform=logit,loss_weights=flu_hosp_ed,spatial=distance,decoder=quantile,epochs=240,patience=25,lr=0.0005,fit_partition=pathogen,covariate_encoder=summary,input_mode=scheduled_final,input_normalization=b0,evaluation_seasons=recent_two,actual_share=0.25,nowcast_noise=1.0,log_loss_weight=0.25",207.0,0.9112515149311154,,,0.9034616680426675,,,0.9110527442622813,0.11212465215704297,,,0.0075169344638810155,,,0.09874320307582858,2,0.8944674986313794,0.9773937267858889
"pilot_method=two_stage,revision_signals=all,pilot_nowcaster=real_tree,forecast_targets=flu,pathogen_inputs=flu,ili_units=flu_scaled,ili_steps=1200,correction_weeks=2,ili_training=pretrain,growth_anchor=1,joint_weight=0.05,correction_penalty=100.0,correction_strength=0.75,reporting_missingness=0,reporting_strength=2.0,count_transform=sqrt,ed_transform=logit,loss_weights=flu_hosp_ed,decoder=residual2,sum_wis_weight=0.1,width=128,epochs=160,patience=25,members=256,lr=0.002,fit_partition=pathogen,covariate_encoder=summary,covariate_set=kinsa,input_mode=scheduled_final,input_normalization=b0,evaluation_seasons=recent_two,nowcast_noise=1.0,log_loss_weight=0.25",208.0,0.9095135081832656,,,0.8311357734774973,,,0.9113632410525782,0.05873812714475966,,,0.016128753469294384,,,0.06183163849924463,2,0.9164003359461637,0.8912148614782358
"pilot_method=two_stage,pilot_nowcaster=real_tree,forecast_targets=flu,pathogen_inputs=flu,ili_units=flu_scaled,ili_steps=1200,correction_weeks=2,ili_training=pretrain,growth_anchor=1,joint_weight=0.05,correction_penalty=30.0,correction_strength=0.75,reporting_strength=1.5,count_transform=sqrt,ed_transform=logit,loss_weights=flu_hosp_ed,decoder=residual2,width=128,epochs=160,patience=25,batch_size=4,members=256,lr=0.004,fit_partition=pathogen,covariate_encoder=summary,covariate_set=kinsa,input_mode=scheduled_final,input_normalization=b0,evaluation_seasons=recent_two,vintage_seasons=all,nowcast_noise=0.5,log_loss_weight=1.0",209.0,0.9248089284219904,,,0.8532134625505114,,,0.9117172454764989,0.08660389945730197,,,0.07105469298474211,,,0.07781855905240301,2,0.9407541708462106,0.7955695439976517
"pilot_method=joint,revision_signals=all,forecast_targets=flu,pathogen_inputs=flu,correction_weeks=2,growth_anchor=1,reporting_random_strength=1,joint_weight=0.1,correction_penalty=30.0,correction_strength=0.75,nowcast_weeks=4,lookback=14,ed_transform=logit,loss_weights=flu_hosp_ed,spatial=distance,decoder=quantile,width=128,epochs=240,patience=25,lr=0.00025,fit_partition=pathogen,covariate_encoder=summary,input_mode=scheduled_final,input_normalization=b0,evaluation_seasons=recent_two,vintage_seasons=all,actual_share=0.5,log_loss_weight=0.5",210.0,0.8887096271454623,,,1.0366429543490994,,,0.9119171335294365,0.10377464703464132,,,0.024627983379259633,,,0.09779805676746635,2,0.9065674710006129,0.933315783644731
"pilot_method=joint,forecast_targets=flu,pathogen_inputs=flu,correction_weeks=2,joint_weight=0.1,correction_penalty=3.0,reporting_strength=1.5,nowcast_weeks=4,ed_transform=logit,loss_weights=flu_hosp_ed,spatial=neighbors,decoder=quantile,epochs=240,patience=25,batch_size=16,lr=0.00025,fit_partition=pathogen,weight_decay=0.0001,covariate_encoder=summary,input_mode=scheduled_final,input_normalization=b0,evaluation_seasons=recent_two,vintage_seasons=all",211.0,0.9159914226101182,,,0.972219139297261,,,0.9119699971833961,0.034398971819361496,,,0.04990578438567093,,,0.033276410639631084,2,0.9038473376657943,0.9444606352538033
"pilot_method=joint,pilot_nowcaster=real_tree,forecast_targets=flu,pathogen_inputs=flu,correction_weeks=3,growth_anchor=1,joint_weight=0.1,correction_penalty=30.0,correction_strength=0.75,reporting_missingness=0,nowcast_weeks=4,lookback=10,ed_transform=logit,loss_weights=flu_hosp_ed,spatial=distance,decoder=quantile,latent=32,epochs=240,patience=25,lr=0.00025,fit_partition=pathogen,covariate_encoder=summary,input_mode=scheduled_final,input_normalization=b0,evaluation_seasons=recent_two,vintage_seasons=all,actual_share=0.25,log_loss_weight=0.5",212.0,0.8933462269387575,,,1.0442685091175758,,,0.9120634035740429,0.04888985513606696,,,0.012667049306826775,,,0.056452575141069376,2,0.9225149471802445,0.8702572291492366
"pilot_method=joint,forecast_targets=flu,pathogen_inputs=flu,correction_weeks=2,growth_anchor=1,reporting_random_strength=1,joint_weight=0.1,correction_penalty=300.0,reporting_method=synchronous_log,nowcast_weeks=4,lookback=10,ed_transform=logit,loss_weights=flu_hosp_ed,spatial=distance,decoder=quantile,width=96,epochs=240,patience=25,lr=0.00025,fit_partition=pathogen,covariate_encoder=summary,input_mode=scheduled_final,input_normalization=b0,evaluation_seasons=recent_two,vintage_seasons=all,nowcast_noise=0.5,log_loss_weight=0.5",213.0,0.8948253937139539,,,0.9774035882403105,,,0.9132840878121173,0.0007318529469583116,,,0.019351091584292768,,,0.003375544409120823,2,0.910464213913877,0.9245635834050776
"pilot_method=joint,revision_signals=all,pilot_nowcaster=real_tree,forecast_targets=flu,pathogen_inputs=flu,correction_weeks=2,joint_weight=0.1,correction_penalty=3.0,reporting_strength=0.5,nowcast_weeks=4,ed_transform=logit,loss_weights=flu_hosp_ed,spatial=neighbors,decoder=quantile,epochs=240,patience=25,batch_size=4,lr=0.0005,fit_partition=pathogen,weight_decay=0.0001,covariate_encoder=summary,input_mode=scheduled_final,input_normalization=b0,evaluation_seasons=recent_two,nowcast_noise=1.0,log_loss_weight=1.0",214.0,0.930432207061397,,,0.904385831962594,,,0.9133769268459067,0.034156854762503845,,,0.07242734769625883,,,0.03177681353920383,2,0.9103157228607124,0.9256217427866841
"pilot_method=two_stage,pilot_nowcaster=real_tree,forecast_targets=flu,pathogen_inputs=flu,correction_weeks=2,reporting_random_strength=1,joint_weight=0.05,correction_penalty=300.0,lookback=10,count_transform=sqrt,ed_transform=logit,loss_weights=flu_hosp_ed,spatial=distance,us_error=shared_factor,width=96,epochs=160,patience=25,fit_partition=pathogen,weight_decay=0.0001,covariate_encoder=summary,covariate_set=kinsa,input_mode=scheduled_final,input_normalization=b0,evaluation_seasons=recent_two,log_loss_weight=1.0",215.0,0.8948423753448855,,,0.9210264113889681,,,0.9139705947454747,0.15379205950900068,,,0.0025136809543506206,,,0.1548290366473912,2,0.8944305811623018,0.9921306490781661
"pilot_method=joint,revision_signals=all,forecast_targets=flu,pathogen_inputs=flu,ili_units=flu_scaled,ili_steps=1200,correction_weeks=3,ili_training=pretrain,reporting_random_strength=1,joint_weight=0.1,correction_penalty=3.0,reporting_missingness=0,reporting_strength=2.0,nowcast_weeks=4,ed_transform=logit,loss_weights=flu_hosp_ed,spatial=neighbors,decoder=quantile,latent=8,width=96,epochs=240,patience=25,fit_partition=pathogen,covariate_encoder=summary,input_mode=scheduled_final,input_normalization=b0,evaluation_seasons=recent_two,vintage_seasons=all,nowcast_noise=1.0",216.0,0.9088074025509267,,,0.8802389310430663,,,0.914288574249372,0.08615042836317638,,,0.012310731535569901,,,0.08238037176122139,2,0.9128649029280715,0.9199832595345737
"pilot_method=joint,forecast_targets=flu,pathogen_inputs=flu,correction_weeks=1,growth_anchor=1,reporting_random_strength=1,joint_weight=0.1,correction_penalty=30.0,correction_strength=0.75,nowcast_weeks=4,lookback=10,ed_transform=logit,loss_weights=flu_hosp_ed,spatial=neighbors,decoder=quantile,epochs=240,patience=25,batch_size=16,lr=0.0005,fit_partition=pathogen,covariate_encoder=summary,input_mode=scheduled_final,input_normalization=b0,evaluation_seasons=recent_two,vintage_seasons=all,actual_share=0.5,nowcast_noise=0.5,log_loss_weight=1.0",217.0,0.8786136756751018,,,1.0649760328539357,,,0.9144459841618522,0.08155671947712512,,,0.005008414330791241,,,0.08109871235043542,2,0.9091072875877833,0.9358007704581279
"pilot_method=two_stage,pilot_nowcaster=real_tree,forecast_targets=flu,pathogen_inputs=flu,correction_weeks=2,growth_anchor=1,joint_weight=0.05,correction_penalty=300.0,reporting_method=synchronous_log,count_transform=sqrt,ed_transform=logit,loss_weights=flu_hosp_ed,width=128,epochs=160,patience=25,members=64,lr=0.004,fit_partition=pathogen,covariate_encoder=summary,covariate_set=kinsa,input_mode=scheduled_final,input_normalization=b0,evaluation_seasons=recent_two,actual_share=0.5,nowcast_noise=0.5,log_loss_weight=1.0,covariate_dropout=0.1",218.0,0.8930073457042517,,,1.0782420001700408,,,0.9155114299945943,0.06622431360663956,,,0.03378864658553627,,,0.0625326454929141,2,0.9320918845443223,0.8491896117956818
"pilot_method=joint,pilot_nowcaster=real_tree,forecast_targets=flu,pathogen_inputs=flu,ili_units=flu_scaled,ili_steps=1200,correction_weeks=2,ili_training=pretrain,growth_anchor=1,joint_weight=0.1,correction_penalty=3.0,correction_strength=0.75,reporting_method=synchronous_log,nowcast_weeks=4,ed_transform=logit,loss_weights=flu_hosp_ed,spatial=neighbors,decoder=quantile,width=128,epochs=240,patience=25,lr=0.00025,fit_partition=pathogen,weight_decay=0.0001,covariate_encoder=summary,input_mode=scheduled_final,input_normalization=b0,evaluation_seasons=recent_two,actual_share=0.25",219.0,0.9278375990736805,,,0.8343437629954087,,,0.9159784144599573,0.02697764533889405,,,0.017422746509223933,,,0.026720459606222224,2,0.9268606088216631,0.8724496370131336
"pilot_method=two_stage,pilot_nowcaster=real_tree,forecast_targets=flu,pathogen_inputs=flu,correction_weeks=3,reporting_random_strength=1,joint_weight=0.05,correction_penalty=30.0,lookback=14,count_transform=sqrt,ed_transform=logit,loss_weights=flu_hosp_ed,decoder=residual2,latent=32,width=96,epochs=160,patience=25,members=64,lr=0.002,fit_partition=pathogen,covariate_encoder=summary,covariate_set=kinsa,input_mode=scheduled_final,input_normalization=b0,evaluation_seasons=recent_two,vintage_seasons=all,actual_share=1.0,correction_realizations=2,nowcast_noise=1.0,nowcast_noise_train=1",220.0,0.9088733572865539,,,0.8103521562729332,,,0.9176287631786276,0.07850293995813562,,,0.02094757963744062,,,0.07386834134775301,2,0.9241006738530225,0.8917411204810466
"pilot_method=joint,revision_signals=all,forecast_targets=flu,pathogen_inputs=flu,correction_weeks=2,growth_anchor=1,reporting_random_strength=1,joint_weight=0.1,correction_penalty=300.0,correction_strength=0.75,nowcast_weeks=4,ed_transform=logit,loss_weights=flu_hosp_ed,spatial=distance,decoder=quantile,width=128,epochs=240,patience=25,batch_size=4,lr=0.00025,fit_partition=pathogen,weight_decay=0.0001,covariate_encoder=summary,input_mode=scheduled_final,input_normalization=b0,evaluation_seasons=recent_two,actual_share=0.25",221.0,0.8899965943550908,,,1.079314855330693,,,0.9184887314291681,0.006492882134583382,,,0.0168333664496715,,,0.0056049438733084085,2,0.9491395197419747,0.795885578177941
"pilot_method=joint,revision_signals=all,pilot_nowcaster=real_tree,forecast_targets=flu,pathogen_inputs=flu,ili_units=flu_scaled,ili_steps=1200,correction_weeks=1,ili_training=pretrain,growth_anchor=1,joint_weight=0.1,correction_penalty=30.0,nowcast_weeks=4,ed_transform=logit,loss_weights=flu_hosp_ed,spatial=neighbors,sum_wis_weight=0.25,width=96,epochs=240,patience=25,lr=0.00025,fit_partition=pathogen,weight_decay=3e-05,covariate_encoder=summary,input_mode=scheduled_final,input_normalization=b0,evaluation_seasons=recent_two,vintage_seasons=all,actual_share=0.5",222.0,0.9015085894553666,,,0.97276517294769,,,0.9189392525338995,0.099070424830739,,,0.033871401864431654,,,0.1118915603831316,2,0.9199079997909885,0.9150642635055434
"pilot_method=joint,forecast_targets=flu,pathogen_inputs=flu,ili_units=flu_scaled,ili_steps=1200,correction_weeks=2,ili_training=pretrain,reporting_random_strength=1,joint_weight=0.1,correction_penalty=100.0,reporting_missingness=0,reporting_method=synchronous_log,reporting_strength=2.0,nowcast_weeks=4,lookback=10,ed_transform=logit,loss_weights=flu_hosp_ed,spatial=neighbors,decoder=quantile,width=96,epochs=240,patience=25,batch_size=4,lr=0.00025,fit_partition=pathogen,covariate_encoder=summary,input_mode=scheduled_final,input_normalization=b0,evaluation_seasons=recent_two,nowcast_noise=0.5",223.0,0.9180987810959345,,,0.9429925936360326,,,0.9220876130375,0.03382854209482117,,,0.011099131101653925,,,0.037873694898584706,2,0.9108993740687321,0.9668405689125718
"pilot_method=joint,pilot_nowcaster=real_tree,forecast_targets=flu,pathogen_inputs=flu,correction_weeks=2,joint_weight=0.1,correction_penalty=300.0,correction_strength=0.75,nowcast_weeks=4,ed_transform=logit,loss_weights=flu_hosp_ed,spatial=neighbors,sum_wis_weight=0.1,epochs=240,patience=25,batch_size=16,lr=0.0005,fit_partition=pathogen,covariate_encoder=summary,input_mode=scheduled_final,input_normalization=b0,evaluation_seasons=recent_two,actual_share=0.25,nowcast_noise=1.0",224.0,0.9119879464487316,,,0.9864028650950891,,,0.9230047685762071,0.08745234391752899,,,0.0016261347544375478,,,0.08721556864695895,2,0.9253800177867662,0.9135037717339698
"pilot_method=two_stage,revision_signals=all,pilot_nowcaster=real_tree,forecast_targets=flu,pathogen_inputs=flu,correction_weeks=2,growth_anchor=1,joint_weight=0.05,correction_penalty=30.0,reporting_missingness=0,count_transform=sqrt,ed_transform=logit,loss_weights=flu_hosp_ed,decoder=residual2,width=128,epochs=160,patience=25,batch_size=16,members=256,fit_partition=pathogen,covariate_encoder=summary,covariate_set=kinsa,input_mode=scheduled_final,input_normalization=b0,evaluation_seasons=recent_two,vintage_seasons=all,correction_realizations=4,uncorrected_share=0.25,nowcast_noise=1.0,nowcast_noise_train=1,log_loss_weight=0.5,covariate_dropout=0.1",225.0,0.9173233480275531,,,0.8867154390728823,,,0.9230403488926416,0.0756400356838299,,,0.03758021368210943,,,0.0804262320038152,2,0.9200855123937337,0.9348596948882727
"pilot_method=joint,forecast_targets=flu,pathogen_inputs=flu,ili_units=flu_scaled,ili_steps=1200,correction_weeks=2,ili_training=pretrain,growth_anchor=1,joint_weight=0.1,correction_penalty=100.0,correction_strength=0.75,reporting_missingness=0,reporting_strength=1.5,nowcast_weeks=4,lookback=14,ed_transform=logit,loss_weights=flu_hosp_ed,spatial=neighbors,sum_wis_weight=0.25,us_error=shared_factor,width=128,epochs=240,patience=25,lr=0.0005,fit_partition=pathogen,covariate_encoder=summary,input_mode=scheduled_final,input_normalization=b0,evaluation_seasons=recent_two,actual_share=0.25,nowcast_noise=1.0",226.0,0.9378827513537702,,,0.8623041005317634,,,0.9238812007344575,0.0501465602672293,,,0.02338727534110287,,,0.044557947096765665,2,0.9401990480847825,0.8586098113331567
"pilot_method=joint,pilot_nowcaster=real_tree,forecast_targets=flu,pathogen_inputs=flu,correction_weeks=3,joint_weight=0.1,correction_penalty=100.0,correction_strength=0.75,reporting_strength=2.0,nowcast_weeks=4,lookback=14,ed_transform=logit,loss_weights=flu_hosp_ed,spatial=neighbors,decoder=quantile,latent=8,width=96,epochs=240,patience=25,batch_size=4,lr=0.00025,fit_partition=pathogen,covariate_encoder=summary,input_mode=scheduled_final,input_normalization=b0,evaluation_seasons=recent_two,actual_share=0.25",227.0,0.9474598661910452,,,0.8957954030807713,,,0.9243857153223768,0.20549914943286524,,,0.004622080549633133,,,0.15659300793161107,2,0.9188611703054422,0.9464838953901139
"pilot_method=two_stage,pilot_nowcaster=real_tree,forecast_targets=flu,pathogen_inputs=flu,correction_weeks=2,joint_weight=0.05,correction_penalty=300.0,reporting_strength=1.5,lookback=14,count_transform=sqrt,ed_transform=logit,loss_weights=flu_hosp_ed,spatial=distance,decoder=residual2,width=96,epochs=160,patience=25,batch_size=16,lr=0.004,fit_partition=pathogen,weight_decay=3e-05,covariate_encoder=summary,signal_features=multiscale,covariate_set=kinsa,input_mode=scheduled_final,input_normalization=b0,evaluation_seasons=recent_two,vintage_seasons=all,actual_share=0.5,uncorrected_share=0.1,nowcast_noise=0.5,nowcast_noise_train=1",228.0,0.9198577681876767,,,0.8830290330719128,,,0.9260826611177908,0.06143741541843749,,,0.032065392795974576,,,0.06620379714198708,2,0.9260548774255359,0.9261937958868094
"pilot_method=joint,forecast_targets=flu,pathogen_inputs=flu,ili_units=flu_scaled,ili_steps=1200,correction_weeks=2,ili_training=pretrain,growth_anchor=1,reporting_random_strength=1,joint_weight=0.1,correction_penalty=100.0,reporting_method=synchronous_log,reporting_strength=2.0,nowcast_weeks=4,lookback=14,ed_transform=logit,loss_weights=flu_hosp_ed,spatial=neighbors,decoder=quantile,latent=8,width=96,epochs=240,patience=25,lr=0.00025,fit_partition=pathogen,covariate_encoder=summary,input_mode=scheduled_final,input_normalization=b0,evaluation_seasons=recent_two,vintage_seasons=all,nowcast_noise=0.5,log_loss_weight=0.5",229.0,0.917189344620855,,,0.9394449552868618,,,0.9267460573261634,0.008097218306059412,,,0.026466170942766386,,,0.023726048014273866,2,0.9191440035543883,0.9571542724132639
"pilot_method=joint,pilot_nowcaster=real_tree,forecast_targets=flu,pathogen_inputs=flu,correction_weeks=2,growth_anchor=1,joint_weight=0.1,correction_penalty=100.0,correction_strength=0.75,reporting_method=synchronous_log,nowcast_weeks=4,ed_transform=logit,loss_weights=flu_hosp_ed,spatial=neighbors,decoder=quantile,width=128,epochs=240,patience=25,lr=0.0005,fit_partition=pathogen,weight_decay=0.0001,covariate_encoder=summary,input_mode=scheduled_final,input_normalization=b0,evaluation_seasons=recent_two,actual_share=0.5,log_loss_weight=1.0",230.0,0.9089384708639932,,,0.9759428875502887,,,0.9288141736518939,0.0792991041646664,,,0.014381296237275167,,,0.07835699060730168,2,0.9231954213144674,0.9512891830015995
"pilot_method=joint,revision_signals=all,pilot_nowcaster=real_tree,forecast_targets=flu,pathogen_inputs=flu,correction_weeks=2,growth_anchor=1,joint_weight=0.1,correction_penalty=30.0,correction_strength=0.75,reporting_missingness=0,reporting_strength=2.0,nowcast_weeks=4,lookback=14,ed_transform=logit,loss_weights=flu_hosp_ed,spatial=neighbors,decoder=quantile,latent=8,width=96,epochs=240,patience=25,batch_size=4,fit_partition=pathogen,weight_decay=0.0001,covariate_encoder=summary,input_mode=scheduled_final,input_normalization=b0,evaluation_seasons=recent_two,actual_share=1.0,log_loss_weight=0.5",231.0,0.9113189600158457,,,1.062898666310023,,,0.9288212297356107,0.09278620229960736,,,0.13909872869011258,,,0.09324633750180158,2,0.9522524027397592,0.8350965377190165
"pilot_method=joint,forecast_targets=flu,pathogen_inputs=flu,correction_weeks=1,reporting_random_strength=1,joint_weight=0.1,correction_penalty=30.0,correction_strength=0.75,reporting_method=synchronous_log,reporting_strength=1.5,nowcast_weeks=4,ed_transform=logit,loss_weights=flu_hosp_ed,spatial=distance,decoder=quantile,width=128,epochs=240,patience=25,batch_size=16,lr=0.0005,fit_partition=pathogen,covariate_encoder=summary,input_mode=scheduled_final,input_normalization=b0,evaluation_seasons=recent_two,nowcast_noise=0.5,log_loss_weight=0.25",232.0,0.9207507595395709,,,1.0196224673374465,,,0.9289970124172606,0.011241729509355817,,,0.0024597653058483025,,,0.011054010979356732,2,0.9182814184953374,0.971859388104953
"pilot_method=two_stage,pilot_nowcaster=real_tree,forecast_targets=flu,pathogen_inputs=flu,correction_weeks=3,joint_weight=0.05,correction_penalty=300.0,reporting_method=synchronous_log,reporting_strength=0.5,count_transform=sqrt,ed_transform=logit,loss_weights=flu_hosp_ed,latent=8,width=96,epochs=160,patience=25,batch_size=4,fit_partition=pathogen,covariate_encoder=summary,covariate_set=kinsa,input_mode=scheduled_final,input_normalization=b0,evaluation_seasons=recent_two,vintage_seasons=all,log_loss_weight=0.5,covariate_dropout=0.25",233.0,0.9138169051417695,,,0.9241622952134543,,,0.9292764435725742,0.03475754145150476,,,0.01098960147324806,,,0.03462993227820503,2,0.9158384620776838,0.9830283695521354
"pilot_method=two_stage,pilot_nowcaster=real_tree,forecast_targets=flu,pathogen_inputs=flu,correction_weeks=1,joint_weight=0.05,correction_penalty=100.0,correction_strength=0.75,reporting_strength=0.5,count_transform=sqrt,ed_transform=logit,loss_weights=flu_hosp_ed,decoder=residual2,noise=local,width=96,epochs=160,patience=25,lr=0.002,fit_partition=pathogen,covariate_encoder=summary,covariate_set=kinsa,input_mode=scheduled_final,input_normalization=b0,evaluation_seasons=recent_two,actual_share=0.5,uncorrected_share=0.25,nowcast_noise=1.0,log_loss_weight=0.25",234.0,0.9200641273726032,,,0.8930923837964132,,,0.9293531879033409,0.05168648134450976,,,0.017123293511206113,,,0.048585490894287424,2,0.9243419730199028,0.9493980474370927
"pilot_method=joint,forecast_targets=flu,pathogen_inputs=flu,correction_weeks=2,growth_anchor=1,reporting_random_strength=1,joint_weight=0.1,correction_penalty=3.0,reporting_method=synchronous_log,reporting_strength=1.5,nowcast_weeks=4,lookback=10,ed_transform=logit,loss_weights=flu_hosp_ed,spatial=neighbors,decoder=quantile,epochs=240,patience=25,lr=0.00025,fit_partition=pathogen,weight_decay=0.0001,covariate_encoder=summary,signal_features=multiscale,input_mode=scheduled_final,input_normalization=b0,evaluation_seasons=recent_two,actual_share=1.0,nowcast_noise=0.5,log_loss_weight=0.25",235.0,0.905874337251834,,,0.9964027514596676,,,0.9294201037505323,0.08143877720129772,,,0.022776385218616038,,,0.07706693974636392,2,0.9367188231806602,0.9002252260300195
"pilot_method=two_stage,pilot_nowcaster=real_tree,forecast_targets=flu,pathogen_inputs=flu,correction_weeks=2,growth_anchor=1,joint_weight=0.05,correction_penalty=100.0,correction_strength=0.75,reporting_method=synchronous_log,reporting_strength=1.5,lookback=14,count_transform=sqrt,ed_transform=logit,loss_weights=flu_hosp_ed,decoder=residual2,width=128,epochs=160,patience=25,batch_size=4,lr=0.004,fit_partition=pathogen,covariate_encoder=summary,covariate_set=kinsa,input_mode=scheduled_final,input_normalization=b0,evaluation_seasons=recent_two,vintage_seasons=all,actual_share=0.5,correction_realizations=2,nowcast_noise=0.5,nowcast_noise_train=1,log_loss_weight=0.5",236.0,0.9282085119418074,,,0.9194827208918096,,,0.9294483818116863,0.022863477839454086,,,0.00752180041252902,,,0.01426448928445122,2,0.9621753663256443,0.7985404437558534
"pilot_method=joint,forecast_targets=flu,pathogen_inputs=flu,ili_units=flu_scaled,ili_steps=1200,correction_weeks=2,ili_training=pretrain,reporting_random_strength=1,joint_weight=0.1,correction_penalty=3.0,correction_strength=0.75,reporting_strength=2.0,nowcast_weeks=4,lookback=14,ed_transform=logit,loss_weights=flu_hosp_ed,spatial=neighbors,decoder=quantile,latent=8,epochs=240,patience=25,lr=0.00025,fit_partition=pathogen,weight_decay=3e-05,covariate_encoder=summary,input_mode=scheduled_final,input_normalization=b0,evaluation_seasons=recent_two,vintage_seasons=all",237.0,0.92761006172699,,,1.016844378515693,,,0.9299313214233079,0.001729503518390269,,,0.011121316894574995,,,0.004145461918133333,2,0.9302767892268032,0.9285494502093252
"pilot_method=joint,revision_signals=all,pilot_nowcaster=real_tree,forecast_targets=flu,pathogen_inputs=flu,correction_weeks=2,growth_anchor=1,joint_weight=0.1,correction_penalty=100.0,nowcast_weeks=4,ed_transform=logit,loss_weights=flu_hosp_ed,spatial=neighbors,decoder=quantile,latent=32,epochs=240,patience=25,lr=0.0005,fit_partition=pathogen,weight_decay=0.0001,covariate_encoder=summary,input_mode=scheduled_final,input_normalization=b0,evaluation_seasons=recent_two,vintage_seasons=all,actual_share=0.25,log_loss_weight=0.25",238.0,0.8883350161078977,,,1.1047799803145266,,,0.9300027426842548,0.07156355343812555,,,0.008517576366617863,,,0.07557147610125087,2,0.9289534380240944,0.9341999613248948
"pilot_method=joint,forecast_targets=flu,pathogen_inputs=flu,correction_weeks=2,reporting_random_strength=1,joint_weight=0.1,correction_penalty=100.0,reporting_strength=2.0,nowcast_weeks=4,ed_transform=logit,loss_weights=flu_hosp_ed,spatial=neighbors,decoder=quantile,width=128,epochs=240,patience=25,lr=0.00025,fit_partition=pathogen,covariate_encoder=summary,signal_features=multiscale,input_mode=scheduled_final,input_normalization=b0,evaluation_seasons=recent_two,log_loss_weight=0.5",239.0,0.915971041152073,,,0.906919752204315,,,0.9301657461457905,0.07808154905719787,,,0.01312030669718418,,,0.08006929222143949,2,0.9107031281684214,1.0080162180552659
"pilot_method=two_stage,pilot_nowcaster=real_tree,forecast_targets=flu,pathogen_inputs=flu,ili_units=flu_scaled,ili_steps=1200,correction_weeks=2,ili_training=pretrain,reporting_random_strength=1,joint_weight=0.05,correction_penalty=300.0,correction_strength=0.75,reporting_missingness=0,reporting_method=synchronous_log,reporting_strength=2.0,lookback=14,count_transform=sqrt,ed_transform=logit,loss_weights=flu_hosp_ed,noise=local,width=96,epochs=160,patience=25,lr=0.002,fit_partition=pathogen,covariate_encoder=summary,covariate_set=kinsa,input_mode=scheduled_final,input_normalization=b0,evaluation_seasons=recent_two,vintage_seasons=all,correction_realizations=4,uncorrected_share=0.25,covariate_dropout=0.25",240.0,0.9256069472878564,,,0.8632744918146381,,,0.9308625769443424,0.09657215320754428,,,0.06735760674084419,,,0.09136266860826864,2,0.9361979364589177,0.9095211388860407
"pilot_method=two_stage,pilot_nowcaster=real_tree,forecast_targets=flu,pathogen_inputs=flu,ili_units=flu_scaled,ili_steps=1200,correction_weeks=1,ili_training=pretrain,joint_weight=0.05,correction_penalty=300.0,lookback=10,count_transform=sqrt,ed_transform=logit,loss_weights=flu_hosp_ed,decoder=residual2,us_error=shared_factor,epochs=160,patience=25,lr=0.002,fit_partition=pathogen,covariate_encoder=summary,covariate_set=kinsa,input_mode=scheduled_final,input_normalization=b0,evaluation_seasons=recent_two,correction_realizations=2,log_loss_weight=1.0,covariate_dropout=0.25",241.0,0.9328199826962988,,,0.9429790198608248,,,0.9310219566718173,0.09002221841266918,,,0.09724079479483248,,,0.057063847595705514,2,0.9391004680481189,0.8987079111666101
"pilot_method=joint,revision_signals=all,forecast_targets=flu,pathogen_inputs=flu,correction_weeks=2,reporting_random_strength=1,joint_weight=0.1,correction_penalty=3.0,reporting_method=synchronous_log,reporting_strength=1.5,nowcast_weeks=4,lookback=10,ed_transform=logit,loss_weights=flu_hosp_ed,spatial=neighbors,decoder=quantile,epochs=240,patience=25,batch_size=16,lr=0.0005,fit_partition=pathogen,covariate_encoder=summary,input_mode=scheduled_final,input_normalization=b0,evaluation_seasons=recent_two,vintage_seasons=all,actual_share=0.5,log_loss_weight=1.0",242.0,0.9262365770706746,,,0.94463217236684,,,0.9322714243554131,0.013954808273898542,,,0.015273814099100811,,,0.017025917894316973,2,0.9092254389580396,1.0244553659449065
"pilot_method=two_stage,pilot_nowcaster=real_tree,forecast_targets=flu,pathogen_inputs=flu,correction_weeks=2,growth_anchor=1,joint_weight=0.05,correction_penalty=30.0,reporting_strength=1.5,lookback=10,count_transform=sqrt,ed_transform=logit,loss_weights=flu_hosp_ed,decoder=residual2,width=96,epochs=160,patience=25,members=256,lr=0.004,fit_partition=pathogen,covariate_encoder=summary,signal_features=multiscale,covariate_set=kinsa,input_mode=scheduled_final,input_normalization=b0,evaluation_seasons=recent_two,vintage_seasons=all,nowcast_noise=0.5,nowcast_noise_train=1",243.0,0.9366321808730957,,,0.774321773609612,,,0.9334484211316988,0.04049449763082612,,,0.03187379162202939,,,0.040252310166445364,2,0.9543665237690376,0.8497760105823432
"pilot_method=joint,revision_signals=all,forecast_targets=flu,pathogen_inputs=flu,correction_weeks=1,growth_anchor=1,reporting_random_strength=1,joint_weight=0.1,correction_penalty=100.0,reporting_missingness=0,reporting_method=synchronous_log,reporting_strength=2.0,nowcast_weeks=4,ed_transform=logit,loss_weights=flu_hosp_ed,spatial=neighbors,sum_wis_weight=0.25,latent=8,width=96,epochs=240,patience=25,lr=0.00025,fit_partition=pathogen,covariate_encoder=summary,input_mode=scheduled_final,input_normalization=b0,evaluation_seasons=recent_two,actual_share=1.0,log_loss_weight=0.5",244.0,0.9192360043536769,,,1.0322040387411169,,,0.9335795821958219,0.035005293419001944,,,0.04315048763443297,,,0.03745388822352496,2,0.943249539831549,0.8948997516529127
"pilot_method=two_stage,pilot_nowcaster=real_tree,forecast_targets=flu,pathogen_inputs=flu,correction_weeks=2,reporting_random_strength=1,joint_weight=0.05,correction_penalty=100.0,reporting_strength=1.5,lookback=14,count_transform=sqrt,ed_transform=logit,loss_weights=flu_hosp_ed,decoder=residual2,noise=local,latent=8,width=96,epochs=160,patience=25,members=64,fit_partition=pathogen,covariate_encoder=summary,covariate_set=kinsa,input_mode=scheduled_final,input_normalization=b0,evaluation_seasons=recent_two,actual_share=0.5,uncorrected_share=0.25,log_loss_weight=0.5,covariate_dropout=0.25",245.0,0.9209865827240233,,,0.9472053442912685,,,0.9338210370956622,0.08666031248174644,,,0.040482828558937305,,,0.08766951980283491,2,0.9250957871241879,0.9687220369815589
"pilot_method=two_stage,pilot_nowcaster=real_tree,forecast_targets=flu,pathogen_inputs=flu,ili_units=flu_scaled,ili_steps=1200,correction_weeks=2,ili_training=pretrain,reporting_random_strength=1,joint_weight=0.05,correction_penalty=100.0,reporting_missingness=0,count_transform=sqrt,ed_transform=logit,loss_weights=flu_hosp_ed,decoder=residual2,sum_wis_weight=0.1,noise=local,width=128,epochs=160,patience=25,batch_size=4,lr=0.002,fit_partition=pathogen,covariate_encoder=summary,signal_features=multiscale,covariate_set=kinsa,input_mode=scheduled_final,input_normalization=b0,evaluation_seasons=recent_two,vintage_seasons=all,actual_share=1.0,correction_realizations=4,uncorrected_share=0.25,log_loss_weight=0.5",246.0,0.937882376343466,,,0.9020136214025236,,,0.9341890881184876,0.0008644196982989655,,,0.1290729757770789,,,0.0040697113372697895,2,0.9359041534008197,0.9273288269891581
"pilot_method=two_stage,pilot_nowcaster=real_tree,forecast_targets=flu,pathogen_inputs=flu,correction_weeks=2,reporting_random_strength=1,joint_weight=0.05,correction_penalty=30.0,reporting_strength=1.5,lookback=14,count_transform=sqrt,ed_transform=logit,loss_weights=flu_hosp_ed,latent=8,width=96,epochs=160,patience=25,members=64,lr=0.004,fit_partition=pathogen,weight_decay=0.0001,covariate_encoder=summary,covariate_set=kinsa,input_mode=scheduled_final,input_normalization=b0,evaluation_seasons=recent_two,vintage_seasons=all,correction_realizations=4,covariate_dropout=0.1",247.0,0.9238349146304448,,,1.0626333100213894,,,0.9344864984337554,0.06217116585766049,,,0.04784706163076161,,,0.06027975527430021,2,0.9370971104737011,0.9240440502739717
"pilot_method=two_stage,pilot_nowcaster=real_tree,forecast_targets=flu,pathogen_inputs=flu,correction_weeks=2,reporting_random_strength=1,joint_weight=0.05,correction_penalty=30.0,count_transform=sqrt,ed_transform=logit,loss_weights=flu_hosp_ed,epochs=160,patience=25,batch_size=4,lr=0.002,fit_partition=pathogen,weight_decay=3e-05,covariate_encoder=summary,covariate_set=kinsa,input_mode=scheduled_final,input_normalization=b0,evaluation_seasons=recent_two,vintage_seasons=all,actual_share=0.25,correction_realizations=2,uncorrected_share=0.1,log_loss_weight=0.25,covariate_dropout=0.1",248.0,0.926546414922248,,,0.8880935458505252,,,0.9350072547759027,0.0427075125744394,,,0.09226838906281742,,,0.03753505311698448,2,0.9323094710387538,0.9457983897244983
"pilot_method=joint,revision_signals=all,pilot_nowcaster=real_tree,forecast_targets=flu,pathogen_inputs=flu,ili_units=flu_scaled,ili_steps=1200,correction_weeks=2,ili_training=pretrain,growth_anchor=1,joint_weight=0.1,correction_penalty=30.0,correction_strength=0.75,reporting_missingness=0,reporting_strength=1.5,nowcast_weeks=4,lookback=14,ed_transform=logit,loss_weights=flu_hosp_ed,spatial=neighbors,decoder=residual2,sum_wis_weight=0.5,width=96,epochs=240,patience=25,batch_size=16,members=256,lr=0.0005,fit_partition=pathogen,covariate_encoder=summary,input_mode=scheduled_final,input_normalization=b0,evaluation_seasons=recent_two,vintage_seasons=all,actual_share=0.5,nowcast_noise=0.5,log_loss_weight=1.0",249.0,0.9235029516876605,,,0.8885315296174412,,,0.9359524542542721,,,,,,,,1,0.9310628192455896,0.9555109942890017
"pilot_method=two_stage,pilot_nowcaster=real_tree,forecast_targets=flu,pathogen_inputs=flu,ili_units=flu_scaled,ili_steps=1200,correction_weeks=2,ili_training=pretrain,growth_anchor=1,reporting_random_strength=1,joint_weight=0.05,correction_penalty=30.0,correction_strength=0.75,reporting_method=synchronous_log,reporting_strength=1.5,lookback=14,count_transform=sqrt,ed_transform=logit,loss_weights=flu_hosp_ed,spatial=distance,latent=32,epochs=160,patience=25,batch_size=16,members=64,fit_partition=pathogen,weight_decay=3e-05,covariate_encoder=summary,covariate_set=kinsa,input_mode=scheduled_final,input_normalization=b0,evaluation_seasons=recent_two,vintage_seasons=all,nowcast_noise=0.5,nowcast_noise_train=1,covariate_dropout=0.25",250.0,0.9422115387231907,,,0.7572337202994428,,,0.9376006952003052,0.25649046386614105,,,0.023078490268242827,,,0.24936747059988218,2,0.9522531957454595,0.8789906930196877
"pilot_method=two_stage,pilot_nowcaster=real_tree,forecast_targets=flu,pathogen_inputs=flu,ili_units=flu_scaled,ili_steps=1200,correction_weeks=1,ili_training=pretrain,reporting_random_strength=1,joint_weight=0.05,correction_penalty=100.0,correction_strength=0.75,reporting_strength=1.5,lookback=10,count_transform=sqrt,ed_transform=logit,loss_weights=flu_hosp_ed,decoder=residual2,epochs=160,patience=25,batch_size=4,lr=0.002,fit_partition=pathogen,weight_decay=0.0001,covariate_encoder=summary,covariate_set=kinsa,input_mode=scheduled_final,input_normalization=b0,evaluation_seasons=recent_two,vintage_seasons=all,actual_share=0.25,uncorrected_share=0.25,nowcast_noise=0.5,nowcast_noise_train=1,log_loss_weight=0.5",251.0,0.933239676896815,,,0.8704822037412319,,,0.9378541430418725,0.002253098440663135,,,0.1154497759005154,,,0.0006107254897676464,2,0.9241267436822238,0.9927637404804666
"pilot_method=two_stage,pilot_nowcaster=real_tree,forecast_targets=flu,pathogen_inputs=flu,correction_weeks=3,joint_weight=0.05,correction_penalty=30.0,reporting_missingness=0,reporting_strength=1.5,lookback=10,count_transform=sqrt,ed_transform=logit,loss_weights=flu_hosp_ed,spatial=distance,decoder=residual2,us_error=shared_factor,latent=8,width=96,epochs=160,patience=25,batch_size=4,fit_partition=pathogen,covariate_encoder=summary,signal_features=multiscale,covariate_set=kinsa,input_mode=scheduled_final,input_normalization=b0,evaluation_seasons=recent_two,actual_share=1.0,nowcast_noise=0.5",252.0,0.9330802766255537,,,0.8883666953349215,,,0.9390972821119589,0.13420717609234256,,,0.1347717071563279,,,0.1301032585690877,2,0.9314666917890864,0.9696196434034487
"pilot_method=joint,forecast_targets=flu,pathogen_inputs=flu,ili_units=flu_scaled,ili_steps=1200,correction_weeks=3,ili_training=pretrain,growth_anchor=1,reporting_random_strength=1,joint_weight=0.1,correction_penalty=100.0,reporting_strength=0.5,nowcast_weeks=4,ed_transform=logit,loss_weights=flu_hosp_ed,spatial=neighbors,decoder=quantile,latent=8,width=96,epochs=240,patience=25,lr=0.0005,fit_partition=pathogen,covariate_encoder=summary,input_mode=scheduled_final,input_normalization=b0,evaluation_seasons=recent_two,actual_share=0.5,nowcast_noise=1.0",253.0,0.9521919484788028,,,0.8389732978211398,,,0.9394481285490117,0.0005112032510418567,,,0.013219263827522088,,,0.00744213037871235,2,0.9400169196652308,0.9371729640841338
"pilot_method=joint,pilot_nowcaster=real_tree,forecast_targets=flu,pathogen_inputs=flu,correction_weeks=1,growth_anchor=1,joint_weight=0.1,correction_penalty=300.0,correction_strength=0.75,nowcast_weeks=4,ed_transform=logit,loss_weights=flu_hosp_ed,spatial=distance,decoder=quantile,latent=8,epochs=240,patience=25,lr=0.00025,fit_partition=pathogen,weight_decay=3e-05,covariate_encoder=summary,input_mode=scheduled_final,input_normalization=b0,evaluation_seasons=recent_two,vintage_seasons=all",254.0,0.9416087929160482,,,0.896811263113993,,,0.9396952905407886,0.12337083156460361,,,0.06857977376407862,,,0.11878607569071557,2,0.9426566830639032,0.9278497204483305
"pilot_method=two_stage,pilot_nowcaster=real_tree,forecast_targets=flu,pathogen_inputs=flu,correction_weeks=2,reporting_random_strength=1,joint_weight=0.05,correction_penalty=30.0,correction_strength=0.75,reporting_method=synchronous_log,count_transform=sqrt,ed_transform=logit,loss_weights=flu_hosp_ed,spatial=distance,noise=local,width=96,epochs=160,patience=25,batch_size=4,members=64,lr=0.002,fit_partition=pathogen,covariate_encoder=summary,covariate_set=kinsa,input_mode=scheduled_final,input_normalization=b0,evaluation_seasons=recent_two,actual_share=0.25,covariate_dropout=0.1",255.0,0.937742612253889,,,0.8892891595698755,,,0.9405998769800873,0.07982092445678703,,,0.03790415542156431,,,0.07245614156094722,2,0.9308439045542067,0.9796237666836086
"pilot_method=two_stage,pilot_nowcaster=real_tree,forecast_targets=flu,pathogen_inputs=flu,ili_units=flu_scaled,ili_steps=1200,correction_weeks=2,ili_training=pretrain,joint_weight=0.05,correction_penalty=30.0,count_transform=sqrt,ed_transform=logit,loss_weights=flu_hosp_ed,latent=8,width=128,epochs=160,patience=25,batch_size=4,members=256,lr=0.004,fit_partition=pathogen,covariate_encoder=summary,covariate_set=kinsa,input_mode=scheduled_final,input_normalization=b0,evaluation_seasons=recent_two,actual_share=1.0,uncorrected_share=0.1,log_loss_weight=0.5",256.0,0.9296199056504062,,,0.8752733579659367,,,0.9409538236665758,0.007640185081389107,,,0.0016323741835765314,,,0.01122131849322605,2,0.9438497468437367,0.929370130957932
"pilot_method=joint,pilot_nowcaster=real_tree,forecast_targets=flu,pathogen_inputs=flu,correction_weeks=3,growth_anchor=1,joint_weight=0.1,correction_penalty=3.0,reporting_strength=2.0,nowcast_weeks=4,lookback=10,ed_transform=logit,loss_weights=flu_hosp_ed,spatial=distance,decoder=quantile,epochs=240,patience=25,batch_size=16,lr=0.00025,fit_partition=pathogen,covariate_encoder=summary,signal_features=multiscale,input_mode=scheduled_final,input_normalization=b0,evaluation_seasons=recent_two,vintage_seasons=all,nowcast_noise=1.0,log_loss_weight=1.0",257.0,0.9015056481620956,,,1.2088045965990677,,,0.941173297461113,0.024171201770647126,,,0.0487711682161504,,,0.007684390856832219,2,0.9379604522891348,0.9540246781490251
"pilot_method=joint,pilot_nowcaster=real_tree,forecast_targets=flu,pathogen_inputs=flu,correction_weeks=2,joint_weight=0.1,correction_penalty=3.0,correction_strength=0.75,reporting_strength=2.0,nowcast_weeks=4,ed_transform=logit,loss_weights=flu_hosp_ed,spatial=distance,decoder=quantile,width=96,epochs=240,patience=25,batch_size=4,lr=0.00025,fit_partition=pathogen,weight_decay=0.0001,covariate_encoder=summary,signal_features=multiscale,input_mode=scheduled_final,input_normalization=b0,evaluation_seasons=recent_two,actual_share=0.25",258.0,0.9585892279741102,,,0.9498246767052712,,,0.9412493392798,0.125477755416925,,,0.04209135191559642,,,0.07983959305441843,2,0.9370606862946379,0.9580039512204477
"pilot_method=joint,forecast_targets=flu,pathogen_inputs=flu,ili_units=flu_scaled,ili_steps=1200,correction_weeks=3,ili_training=pretrain,growth_anchor=1,reporting_random_strength=1,joint_weight=0.1,correction_penalty=300.0,correction_strength=0.75,reporting_strength=1.5,nowcast_weeks=4,lookback=14,ed_transform=logit,loss_weights=flu_hosp_ed,spatial=neighbors,decoder=quantile,width=128,epochs=240,patience=25,batch_size=16,lr=0.0005,fit_partition=pathogen,covariate_encoder=summary,input_mode=scheduled_final,input_normalization=b0,evaluation_seasons=recent_two,vintage_seasons=all,nowcast_noise=1.0",259.0,0.9643067583706258,,,0.8675941743346569,,,0.9417108961494629,0.028836965434158486,,,0.08804822562105356,,,0.019714529648356516,2,0.9517886075512161,0.90140005054245
"pilot_method=two_stage,pilot_nowcaster=real_tree,forecast_targets=flu,pathogen_inputs=flu,ili_units=flu_scaled,ili_steps=1200,correction_weeks=2,ili_training=pretrain,joint_weight=0.05,correction_penalty=100.0,correction_strength=0.75,reporting_strength=1.5,lookback=14,count_transform=sqrt,ed_transform=logit,loss_weights=flu_hosp_ed,width=128,epochs=160,patience=25,batch_size=4,lr=0.002,fit_partition=pathogen,covariate_encoder=summary,signal_features=multiscale,covariate_set=kinsa,input_mode=scheduled_final,input_normalization=b0,evaluation_seasons=recent_two,actual_share=1.0,correction_realizations=2,uncorrected_share=0.25,nowcast_noise=0.5,log_loss_weight=1.0",260.0,0.9306966031579904,,,0.8996976590800667,,,0.9419119785259161,0.02351559540707317,,,0.0525780013573488,,,0.01734641965688777,2,0.9433278404225289,0.9362485309394638
"pilot_method=two_stage,revision_signals=all,pilot_nowcaster=real_tree,forecast_targets=flu,pathogen_inputs=flu,ili_units=flu_scaled,ili_steps=1200,correction_weeks=2,ili_training=pretrain,joint_weight=0.05,correction_penalty=100.0,lookback=14,count_transform=sqrt,ed_transform=logit,loss_weights=flu_hosp_ed,us_error=shared_factor,width=128,epochs=160,patience=25,batch_size=4,members=64,fit_partition=pathogen,covariate_encoder=summary,covariate_set=kinsa,input_mode=scheduled_final,input_normalization=b0,evaluation_seasons=recent_two,correction_realizations=2,uncorrected_share=0.1,log_loss_weight=0.5,covariate_dropout=0.25",261.0,0.9454467812345663,,,0.9106510268541911,,,0.941980322463738,0.009955542713752794,,,0.09506255771996393,,,0.0035127180103093235,2,0.9278154022508409,0.9986400033153255
"pilot_method=joint,revision_signals=all,pilot_nowcaster=real_tree,forecast_targets=flu,pathogen_inputs=flu,ili_units=flu_scaled,ili_steps=1200,correction_weeks=2,ili_training=pretrain,growth_anchor=1,joint_weight=0.1,correction_penalty=3.0,correction_strength=0.75,reporting_strength=2.0,nowcast_weeks=4,lookback=10,ed_transform=logit,loss_weights=flu_hosp_ed,spatial=distance,decoder=quantile,latent=32,epochs=240,patience=25,lr=0.0005,fit_partition=pathogen,covariate_encoder=summary,signal_features=multiscale,input_mode=scheduled_final,input_normalization=b0,evaluation_seasons=recent_two,actual_share=0.5",262.0,0.9208500949880072,,,0.9224725522810129,,,0.9434720829653425,0.07675974767197867,,,0.059233526554323526,,,0.0858806292560624,2,0.9463332524872854,0.9320274048775697
"pilot_method=two_stage,pilot_nowcaster=real_tree,forecast_targets=flu,pathogen_inputs=flu,ili_units=flu_scaled,ili_steps=1200,correction_weeks=2,ili_training=pretrain,growth_anchor=1,joint_weight=0.05,correction_penalty=30.0,count_transform=sqrt,ed_transform=logit,loss_weights=flu_hosp_ed,us_error=shared_factor,epochs=160,patience=25,lr=0.002,fit_partition=pathogen,covariate_encoder=summary,signal_features=multiscale,covariate_set=kinsa,input_mode=scheduled_final,input_normalization=b0,evaluation_seasons=recent_two,vintage_seasons=all,nowcast_noise=0.5,log_loss_weight=1.0",263.0,0.9606824790540966,,,0.7762428040189631,,,0.9436088628632658,0.03187206511145146,,,0.02112314161701164,,,0.030864236476571865,2,0.9546982120325662,0.8992514661860639
"pilot_method=two_stage,pilot_nowcaster=real_tree,forecast_targets=flu,pathogen_inputs=flu,ili_units=flu_scaled,ili_steps=1200,correction_weeks=2,ili_training=pretrain,growth_anchor=1,joint_weight=0.05,correction_penalty=300.0,reporting_strength=2.0,lookback=10,count_transform=sqrt,ed_transform=logit,loss_weights=flu_hosp_ed,spatial=distance,decoder=residual2,latent=8,width=96,epochs=160,patience=25,batch_size=16,lr=0.004,fit_partition=pathogen,weight_decay=0.0001,covariate_encoder=summary,covariate_set=kinsa,input_mode=scheduled_final,input_normalization=b0,evaluation_seasons=recent_two,vintage_seasons=all,actual_share=1.0,correction_realizations=2,covariate_dropout=0.1",264.0,0.9374461435264965,,,0.9218425940530173,,,0.9460086887761429,0.15810199243269848,,,0.0971716999540601,,,0.16095775036090865,2,0.9399789104062769,0.9701278022556062
"pilot_method=joint,pilot_nowcaster=real_tree,forecast_targets=flu,pathogen_inputs=flu,correction_weeks=2,growth_anchor=1,joint_weight=0.1,correction_penalty=30.0,reporting_strength=1.5,nowcast_weeks=4,lookback=10,ed_transform=logit,loss_weights=flu_hosp_ed,spatial=neighbors,decoder=residual2,sum_wis_weight=0.25,latent=32,width=128,epochs=240,patience=25,fit_partition=pathogen,covariate_encoder=summary,signal_features=multiscale,input_mode=scheduled_final,input_normalization=b0,evaluation_seasons=recent_two,vintage_seasons=all,nowcast_noise=1.0,log_loss_weight=1.0",265.0,0.9620502025103737,,,0.8446259678898322,,,0.9465374287782422,0.06930535001710281,,,0.047296282585613345,,,0.05167992590202436,2,0.9429698754053513,0.9608076422698055
"pilot_method=two_stage,pilot_nowcaster=real_tree,forecast_targets=flu,pathogen_inputs=flu,correction_weeks=1,growth_anchor=1,reporting_random_strength=1,joint_weight=0.05,correction_penalty=100.0,reporting_missingness=0,lookback=10,count_transform=sqrt,ed_transform=logit,loss_weights=flu_hosp_ed,spatial=distance,width=96,epochs=160,patience=25,batch_size=4,members=64,lr=0.004,fit_partition=pathogen,covariate_encoder=summary,covariate_set=kinsa,input_mode=scheduled_final,input_normalization=b0,evaluation_seasons=recent_two,actual_share=0.5,uncorrected_share=0.25,log_loss_weight=0.25,covariate_dropout=0.1",266.0,0.9523841807428541,,,0.8240799885199557,,,0.9473325380985238,0.034108658309275626,,,0.04213070728073708,,,0.03811562850635287,2,0.9579753810624472,0.9047611662428301
"pilot_method=joint,pilot_nowcaster=real_tree,forecast_targets=flu,pathogen_inputs=flu,correction_weeks=2,growth_anchor=1,reporting_random_strength=1,joint_weight=0.1,correction_penalty=3.0,reporting_strength=0.5,nowcast_weeks=4,lookback=10,ed_transform=logit,loss_weights=flu_hosp_ed,spatial=neighbors,sum_wis_weight=0.25,width=96,epochs=240,patience=25,fit_partition=pathogen,weight_decay=0.0001,covariate_encoder=summary,input_mode=scheduled_final,input_normalization=b0,evaluation_seasons=recent_two,vintage_seasons=all,actual_share=1.0,log_loss_weight=0.5",267.0,0.9328858116948484,,,0.9669915893087637,,,0.9482481403356385,0.05463350541088379,,,0.030560121440317948,,,0.05888096264057928,2,0.950473602241855,0.9393462927107729
"pilot_method=joint,forecast_targets=flu,pathogen_inputs=flu,correction_weeks=2,growth_anchor=1,joint_weight=0.1,correction_penalty=3.0,reporting_missingness=0,reporting_strength=1.5,nowcast_weeks=4,ed_transform=logit,loss_weights=flu_hosp_ed,spatial=distance,decoder=quantile,latent=8,width=96,epochs=240,patience=25,lr=0.00025,fit_partition=pathogen,weight_decay=0.0001,covariate_encoder=summary,input_mode=scheduled_final,input_normalization=b0,evaluation_seasons=recent_two,nowcast_noise=0.5,log_loss_weight=0.25",268.0,0.9457732528095952,,,0.9753126985750618,,,0.9484364247783221,0.1188994778571129,,,0.007852532209891546,,,0.09902359194904045,2,0.9427004583913339,0.9713802903262749
"pilot_method=two_stage,pilot_nowcaster=real_tree,forecast_targets=flu,pathogen_inputs=flu,correction_weeks=1,growth_anchor=1,reporting_random_strength=1,joint_weight=0.05,correction_penalty=30.0,correction_strength=0.75,lookback=10,count_transform=sqrt,ed_transform=logit,loss_weights=flu_hosp_ed,spatial=distance,decoder=residual2,width=128,epochs=160,patience=25,batch_size=4,lr=0.002,fit_partition=pathogen,weight_decay=0.0001,covariate_encoder=summary,signal_features=multiscale,covariate_set=kinsa,input_mode=scheduled_final,input_normalization=b0,evaluation_seasons=recent_two,vintage_seasons=all,correction_realizations=2,nowcast_noise=1.0,nowcast_noise_train=1,log_loss_weight=0.5",269.0,0.9321982771923835,,,1.0314408662654015,,,0.9502837262227787,0.09904949945559077,,,0.24605406479834335,,,0.10771958884863778,2,0.959415409265918,0.9137569940502207
"pilot_method=joint,forecast_targets=flu,pathogen_inputs=flu,ili_units=flu_scaled,ili_steps=1200,correction_weeks=1,ili_training=pretrain,growth_anchor=1,reporting_random_strength=1,joint_weight=0.1,correction_penalty=3.0,reporting_strength=1.5,nowcast_weeks=4,ed_transform=logit,loss_weights=flu_hosp_ed,spatial=distance,decoder=quantile,width=96,epochs=240,patience=25,lr=0.0005,fit_partition=pathogen,weight_decay=0.0001,covariate_encoder=summary,input_mode=scheduled_final,input_normalization=b0,evaluation_seasons=recent_two,actual_share=1.0,nowcast_noise=0.5,log_loss_weight=0.5",270.0,0.9359419391272383,,,0.9209631970629177,,,0.9506386017072088,0.09369446857012875,,,0.0011545267254092913,,,0.09347012856331169,2,0.9469082432219795,0.9655600356481255
"pilot_method=joint,forecast_targets=flu,pathogen_inputs=flu,correction_weeks=2,joint_weight=0.1,correction_penalty=100.0,reporting_strength=0.5,nowcast_weeks=4,ed_transform=logit,loss_weights=flu_hosp_ed,spatial=distance,decoder=quantile,width=96,epochs=240,patience=25,fit_partition=pathogen,weight_decay=0.0001,covariate_encoder=summary,input_mode=scheduled_final,input_normalization=b0,evaluation_seasons=recent_two,actual_share=0.25",271.0,0.9399359293804148,,,0.9453647229704877,,,0.9507922000497258,0.05587206686109427,,,0.018821763571381815,,,0.052882518462039035,2,0.945055529559552,0.9737388820104211
"pilot_method=two_stage,pilot_nowcaster=real_tree,forecast_targets=flu,pathogen_inputs=flu,correction_weeks=3,growth_anchor=1,reporting_random_strength=1,joint_weight=0.05,correction_penalty=300.0,reporting_strength=2.0,count_transform=sqrt,ed_transform=logit,loss_weights=flu_hosp_ed,decoder=residual2,latent=32,width=128,epochs=160,patience=25,batch_size=4,lr=0.002,fit_partition=pathogen,covariate_encoder=summary,signal_features=multiscale,covariate_set=kinsa,input_mode=scheduled_final,input_normalization=b0,evaluation_seasons=recent_two,vintage_seasons=all,actual_share=0.5,correction_realizations=4,uncorrected_share=0.1,log_loss_weight=0.25",272.0,0.9551659996928303,,,0.872309304361429,,,0.9515048204865969,0.07050436941673704,,,0.0499206135451388,,,0.08293872777369016,2,0.969498038284751,0.8795319492939799
"pilot_method=two_stage,revision_signals=all,pilot_nowcaster=real_tree,forecast_targets=flu,pathogen_inputs=flu,correction_weeks=2,joint_weight=0.05,correction_penalty=30.0,reporting_strength=1.5,count_transform=sqrt,ed_transform=logit,loss_weights=flu_hosp_ed,sum_wis_weight=0.1,width=96,epochs=160,patience=25,members=256,lr=0.004,fit_partition=pathogen,weight_decay=0.0001,covariate_encoder=summary,covariate_set=kinsa,input_mode=scheduled_final,input_normalization=b0,evaluation_seasons=recent_two,uncorrected_share=0.1,nowcast_noise=0.5,nowcast_noise_train=1,log_loss_weight=1.0",273.0,0.9631214180841239,,,1.0717572549376866,,,0.9518353367350341,0.15533932136515757,,,0.1336587466661561,,,0.13931005487245582,2,0.94001779394948,0.9991055078772493
"pilot_method=two_stage,pilot_nowcaster=real_tree,forecast_targets=flu,pathogen_inputs=flu,correction_weeks=2,reporting_random_strength=1,joint_weight=0.05,correction_penalty=100.0,reporting_missingness=0,reporting_strength=1.5,lookback=10,count_transform=sqrt,ed_transform=logit,loss_weights=flu_hosp_ed,noise=local,width=96,epochs=160,patience=25,fit_partition=pathogen,covariate_encoder=summary,signal_features=multiscale,covariate_set=kinsa,input_mode=scheduled_final,input_normalization=b0,evaluation_seasons=recent_two,actual_share=0.5,covariate_dropout=0.25",274.0,0.9499624801641218,,,0.8337160864976976,,,0.9538090339152032,0.0693740880557248,,,0.0252346629630843,,,0.07002222794135096,2,0.9545949096102271,0.9506655311351069
"pilot_method=two_stage,pilot_nowcaster=real_tree,forecast_targets=flu,pathogen_inputs=flu,correction_weeks=3,growth_anchor=1,reporting_random_strength=1,joint_weight=0.05,correction_penalty=30.0,count_transform=sqrt,ed_transform=logit,loss_weights=flu_hosp_ed,spatial=distance,width=96,epochs=160,patience=25,batch_size=16,lr=0.002,fit_partition=pathogen,weight_decay=0.0001,covariate_encoder=summary,signal_features=multiscale,covariate_set=kinsa,input_mode=scheduled_final,input_normalization=b0,evaluation_seasons=recent_two,nowcast_noise=0.5,covariate_dropout=0.1",275.0,0.9520967717452767,,,0.8861970083547817,,,0.9538124330698845,0.0145873507886044,,,0.03718456925100063,,,0.02547080750246108,2,0.9635505063578085,0.9148601399181879
"pilot_method=two_stage,pilot_nowcaster=real_tree,forecast_targets=flu,pathogen_inputs=flu,correction_weeks=2,growth_anchor=1,joint_weight=0.05,correction_penalty=300.0,reporting_method=synchronous_log,reporting_strength=0.5,lookback=10,count_transform=sqrt,ed_transform=logit,loss_weights=flu_hosp_ed,sum_wis_weight=0.1,noise=local,latent=8,width=96,epochs=160,patience=25,lr=0.002,fit_partition=pathogen,weight_decay=3e-05,covariate_encoder=summary,covariate_set=kinsa,input_mode=scheduled_final,input_normalization=b0,evaluation_seasons=recent_two,correction_realizations=4,nowcast_noise=0.5,log_loss_weight=1.0",276.0,0.9596152205601033,,,0.8811558258887242,,,0.9544763034329128,0.03783978283841405,,,0.020275414314618153,,,0.01588350147825428,2,0.961687981323025,0.9256295918724639
"pilot_method=two_stage,revision_signals=all,pilot_nowcaster=real_tree,forecast_targets=flu,pathogen_inputs=flu,correction_weeks=2,reporting_random_strength=1,joint_weight=0.05,correction_penalty=30.0,reporting_strength=1.5,count_transform=sqrt,ed_transform=logit,loss_weights=flu_hosp_ed,decoder=residual2,latent=32,width=128,epochs=160,patience=25,fit_partition=pathogen,covariate_encoder=summary,covariate_set=kinsa,input_mode=scheduled_final,input_normalization=b0,evaluation_seasons=recent_two,actual_share=0.25,correction_realizations=2,uncorrected_share=0.25",277.0,0.9430792216581552,,,0.8904850332322096,,,0.9548788588658742,0.058652653877262824,,,0.00806508870475825,,,0.042770151904576295,2,0.9521585138118872,0.9657602390818223
"pilot_method=two_stage,pilot_nowcaster=real_tree,forecast_targets=flu,pathogen_inputs=flu,correction_weeks=2,joint_weight=0.05,correction_penalty=30.0,reporting_missingness=0,reporting_strength=2.0,lookback=10,count_transform=sqrt,ed_transform=logit,loss_weights=flu_hosp_ed,decoder=residual2,sum_wis_weight=0.1,noise=local,width=96,epochs=160,patience=25,batch_size=4,lr=0.002,fit_partition=pathogen,weight_decay=0.0001,covariate_encoder=summary,signal_features=multiscale,covariate_set=kinsa,input_mode=scheduled_final,input_normalization=b0,evaluation_seasons=recent_two,vintage_seasons=all,nowcast_noise=1.0,nowcast_noise_train=1,log_loss_weight=0.25",278.0,0.9497164162936161,,,1.000909620221111,,,0.9555004984793174,0.04205797587072459,,,0.17447702943023458,,,0.051109952945195665,2,0.9545425811036169,0.9593321679821188
"pilot_method=two_stage,pilot_nowcaster=real_tree,forecast_targets=flu,pathogen_inputs=flu,correction_weeks=2,growth_anchor=1,reporting_random_strength=1,joint_weight=0.05,correction_penalty=300.0,reporting_method=synchronous_log,reporting_strength=2.0,count_transform=sqrt,ed_transform=logit,loss_weights=flu_hosp_ed,spatial=distance,width=96,epochs=160,patience=25,batch_size=16,fit_partition=pathogen,covariate_encoder=summary,signal_features=multiscale,covariate_set=kinsa,input_mode=scheduled_final,input_normalization=b0,evaluation_seasons=recent_two,correction_realizations=4,uncorrected_share=0.25,nowcast_noise=0.5,nowcast_noise_train=1",279.0,0.9534821212866201,,,0.8572118927180112,,,0.957241498706202,0.129317977279537,,,0.09580476914725092,,,0.12022200497307656,2,0.9568157631118485,0.9589444410836158
"pilot_method=joint,revision_signals=all,pilot_nowcaster=real_tree,forecast_targets=flu,pathogen_inputs=flu,correction_weeks=1,growth_anchor=1,joint_weight=0.1,correction_penalty=30.0,nowcast_weeks=4,ed_transform=logit,loss_weights=flu_hosp_ed,spatial=neighbors,sum_wis_weight=0.25,noise=local,us_error=shared_factor,epochs=240,patience=25,fit_partition=pathogen,weight_decay=0.0001,covariate_encoder=summary,signal_features=multiscale,input_mode=scheduled_final,input_normalization=b0,evaluation_seasons=recent_two,log_loss_weight=1.0",280.0,0.8540417803944215,,,1.5904986888143169,,,0.9582291521590764,0.005743038948006586,,,0.029190035226812443,,,0.005308120610408691,2,0.9507050910582227,0.9883253965624902
"pilot_method=two_stage,revision_signals=all,pilot_nowcaster=real_tree,forecast_targets=flu,pathogen_inputs=flu,correction_weeks=1,growth_anchor=1,reporting_random_strength=1,joint_weight=0.05,correction_penalty=30.0,correction_strength=0.75,reporting_method=synchronous_log,reporting_strength=1.5,count_transform=sqrt,ed_transform=logit,loss_weights=flu_hosp_ed,decoder=residual2,width=96,epochs=160,patience=25,batch_size=16,lr=0.002,fit_partition=pathogen,weight_decay=0.0001,covariate_encoder=summary,covariate_set=kinsa,input_mode=scheduled_final,input_normalization=b0,evaluation_seasons=recent_two,actual_share=0.5,nowcast_noise=0.5,log_loss_weight=0.5",281.0,0.9213803419611648,,,1.1670017371330155,,,0.958264411235981,0.024683775255234255,,,0.11717765496247323,,,0.03115109488521855,2,0.9394341986808923,1.0335852614563363
"pilot_method=joint,revision_signals=all,forecast_targets=flu,pathogen_inputs=flu,ili_units=flu_scaled,ili_steps=1200,correction_weeks=2,ili_training=pretrain,growth_anchor=1,joint_weight=0.1,correction_penalty=3.0,correction_strength=0.75,nowcast_weeks=4,lookback=14,ed_transform=logit,loss_weights=flu_hosp_ed,spatial=neighbors,sum_wis_weight=0.5,us_error=shared_factor,latent=8,width=96,epochs=240,patience=25,members=256,lr=0.00025,fit_partition=pathogen,weight_decay=0.0001,covariate_encoder=summary,input_mode=scheduled_final,input_normalization=b0,evaluation_seasons=recent_two,actual_share=0.25,nowcast_noise=0.5,log_loss_weight=1.0",282.0,0.9331775784867823,,,1.1630431330817816,,,0.9599852342346307,0.0013619437909849835,,,0.06417277192203744,,,0.003195468329646433,2,0.948377175548129,1.0064174689806369
"pilot_method=two_stage,pilot_nowcaster=real_tree,forecast_targets=flu,pathogen_inputs=flu,ili_units=flu_scaled,ili_steps=1200,correction_weeks=2,ili_training=pretrain,growth_anchor=1,joint_weight=0.05,correction_penalty=300.0,reporting_missingness=0,reporting_strength=1.5,lookback=10,count_transform=sqrt,ed_transform=logit,loss_weights=flu_hosp_ed,spatial=distance,sum_wis_weight=0.1,latent=32,width=128,epochs=160,patience=25,members=256,lr=0.002,fit_partition=pathogen,covariate_encoder=summary,covariate_set=kinsa,input_mode=scheduled_final,input_normalization=b0,evaluation_seasons=recent_two,vintage_seasons=all,uncorrected_share=0.25,nowcast_noise=1.0,nowcast_noise_train=1,log_loss_weight=0.5",283.0,0.9723603901423257,,,0.8589286505941103,,,0.9602664362115458,0.16750565781104876,,,0.02190705345536693,,,0.1573338869072655,2,0.9452231914527649,1.0204394152466691
"pilot_method=joint,forecast_targets=flu,pathogen_inputs=flu,correction_weeks=2,growth_anchor=1,reporting_random_strength=1,joint_weight=0.1,correction_penalty=100.0,reporting_strength=0.5,nowcast_weeks=4,lookback=14,ed_transform=logit,loss_weights=flu_hosp_ed,spatial=distance,decoder=quantile,latent=32,epochs=240,patience=25,fit_partition=pathogen,weight_decay=0.0001,covariate_encoder=summary,input_mode=scheduled_final,input_normalization=b0,evaluation_seasons=recent_two",284.0,0.9630767622905441,,,0.9429275664683734,,,0.9620606250995856,0.09309421652731814,,,0.02051289280594278,,,0.09254561272878394,2,0.9991380382141921,0.8137509726411594
"pilot_method=two_stage,pilot_nowcaster=real_tree,forecast_targets=flu,pathogen_inputs=flu,correction_weeks=3,growth_anchor=1,reporting_random_strength=1,joint_weight=0.05,correction_penalty=300.0,correction_strength=0.75,reporting_strength=2.0,lookback=10,count_transform=sqrt,ed_transform=logit,loss_weights=flu_hosp_ed,spatial=distance,width=96,epochs=160,patience=25,lr=0.004,fit_partition=pathogen,covariate_encoder=summary,signal_features=multiscale,covariate_set=kinsa,input_mode=scheduled_final,input_normalization=b0,evaluation_seasons=recent_two,vintage_seasons=all,actual_share=0.25,nowcast_noise=0.5,nowcast_noise_train=1,log_loss_weight=0.25",285.0,0.9642863020089582,,,0.9700897910025186,,,0.9622434428988177,0.015266945146689973,,,0.07239989048560594,,,0.011789406659090841,2,0.9724087316993095,0.9215822876968496
"pilot_method=joint,pilot_nowcaster=real_tree,forecast_targets=flu,pathogen_inputs=flu,correction_weeks=2,growth_anchor=1,reporting_random_strength=1,joint_weight=0.1,correction_penalty=3.0,correction_strength=0.75,nowcast_weeks=4,lookback=14,ed_transform=logit,loss_weights=flu_hosp_ed,spatial=neighbors,decoder=quantile,width=96,epochs=240,patience=25,lr=0.0005,fit_partition=pathogen,weight_decay=3e-05,covariate_encoder=summary,input_mode=scheduled_final,input_normalization=b0,evaluation_seasons=recent_two,nowcast_noise=1.0",286.0,0.9606217137456414,,,0.9275243345264241,,,0.9625264015909882,0.1925761804451889,,,0.04423261276929685,,,0.18238159467077786,2,0.9632630104489096,0.959579966159303
"pilot_method=two_stage,revision_signals=all,pilot_nowcaster=real_tree,forecast_targets=flu,pathogen_inputs=flu,correction_weeks=1,growth_anchor=1,reporting_random_strength=1,joint_weight=0.05,correction_penalty=30.0,reporting_missingness=0,lookback=14,count_transform=sqrt,ed_transform=logit,loss_weights=flu_hosp_ed,width=96,epochs=160,patience=25,batch_size=16,fit_partition=pathogen,weight_decay=0.0001,covariate_encoder=summary,signal_features=multiscale,covariate_set=kinsa,input_mode=scheduled_final,input_normalization=b0,evaluation_seasons=recent_two,actual_share=0.5,log_loss_weight=1.0",287.0,0.9381943506443957,,,1.0640326343219206,,,0.9629383669485437,0.1076062303632761,,,0.003487595415962001,,,0.10645235173543953,2,0.9679675228158225,0.9428217434794282
"pilot_method=two_stage,revision_signals=all,pilot_nowcaster=real_tree,forecast_targets=flu,pathogen_inputs=flu,correction_weeks=2,growth_anchor=1,reporting_random_strength=1,joint_weight=0.05,correction_penalty=30.0,reporting_strength=2.0,lookback=14,count_transform=sqrt,ed_transform=logit,loss_weights=flu_hosp_ed,epochs=160,patience=25,batch_size=4,lr=0.002,fit_partition=pathogen,covariate_encoder=summary,covariate_set=kinsa,input_mode=scheduled_final,input_normalization=b0,evaluation_seasons=recent_two,vintage_seasons=all,actual_share=0.5,correction_realizations=2,nowcast_noise=1.0",288.0,0.9628594152787191,,,0.9462399234947896,,,0.9633980198277061,0.007087743385846322,,,0.08178922330676727,,,0.0032084954193339226,2,0.9759047371274643,0.9133711506286726
"pilot_method=two_stage,pilot_nowcaster=real_tree,forecast_targets=flu,pathogen_inputs=flu,ili_units=flu_scaled,ili_steps=1200,correction_weeks=2,ili_training=pretrain,growth_anchor=1,joint_weight=0.05,correction_penalty=30.0,reporting_method=synchronous_log,reporting_strength=1.5,count_transform=sqrt,ed_transform=logit,loss_weights=flu_hosp_ed,noise=local,latent=32,width=96,epochs=160,patience=25,lr=0.002,fit_partition=pathogen,covariate_encoder=summary,covariate_set=kinsa,input_mode=scheduled_final,input_normalization=b0,evaluation_seasons=recent_two,correction_realizations=2,uncorrected_share=0.1,log_loss_weight=1.0,covariate_dropout=0.25",289.0,0.9725240828615778,,,0.8341342081633003,,,0.964054125234585,0.05846089251218123,,,0.0638218675948279,,,0.08263761535857773,2,0.9618982795611133,0.9726775079284716
"pilot_method=joint,pilot_nowcaster=real_tree,forecast_targets=flu,pathogen_inputs=flu,correction_weeks=2,growth_anchor=1,joint_weight=0.1,correction_penalty=3.0,correction_strength=0.75,reporting_strength=2.0,nowcast_weeks=4,ed_transform=logit,loss_weights=flu_hosp_ed,spatial=neighbors,decoder=quantile,width=128,epochs=240,patience=25,lr=0.0005,fit_partition=pathogen,covariate_encoder=summary,input_mode=scheduled_final,input_normalization=b0,evaluation_seasons=recent_two,actual_share=1.0,log_loss_weight=0.25",290.0,0.9638730887189741,,,0.8970398852633065,,,0.9657738921383362,0.050147729602054866,,,0.025096168770238722,,,0.04451701469041327,2,0.962110068592859,0.9804291863202447
"pilot_method=two_stage,pilot_nowcaster=real_tree,forecast_targets=flu,pathogen_inputs=flu,correction_weeks=1,reporting_random_strength=1,joint_weight=0.05,correction_penalty=30.0,correction_strength=0.75,reporting_strength=2.0,lookback=14,count_transform=sqrt,ed_transform=logit,loss_weights=flu_hosp_ed,sum_wis_weight=0.1,latent=8,width=128,epochs=160,patience=25,lr=0.002,fit_partition=pathogen,weight_decay=0.0001,covariate_encoder=summary,covariate_set=kinsa,input_mode=scheduled_final,input_normalization=b0,evaluation_seasons=recent_two,actual_share=0.25,uncorrected_share=0.25,log_loss_weight=0.25,covariate_dropout=0.1",291.0,0.9602503573647874,,,0.9574969525579913,,,0.9659277750678531,0.056054273885305074,,,0.08598794575809215,,,0.055917132552930134,2,0.9612288898927839,0.9847233157681299
"pilot_method=two_stage,pilot_nowcaster=real_tree,forecast_targets=flu,pathogen_inputs=flu,correction_weeks=3,growth_anchor=1,joint_weight=0.05,correction_penalty=30.0,correction_strength=0.75,reporting_strength=2.0,count_transform=sqrt,ed_transform=logit,loss_weights=flu_hosp_ed,us_error=shared_factor,epochs=160,patience=25,members=64,lr=0.004,fit_partition=pathogen,covariate_encoder=summary,covariate_set=kinsa,input_mode=scheduled_final,input_normalization=b0,evaluation_seasons=recent_two,correction_realizations=4,uncorrected_share=0.25",292.0,0.9729341106756739,,,0.8305680948478448,,,0.9675248232739853,0.010076796823637098,,,0.039227825553299595,,,0.0025507918810652435,2,0.9958249613077892,0.8543242711387696
"pilot_method=two_stage,pilot_nowcaster=real_tree,forecast_targets=flu,pathogen_inputs=flu,correction_weeks=3,growth_anchor=1,reporting_random_strength=1,joint_weight=0.05,correction_penalty=30.0,count_transform=sqrt,ed_transform=logit,loss_weights=flu_hosp_ed,decoder=residual2,noise=local,latent=8,width=96,epochs=160,patience=25,lr=0.004,fit_partition=pathogen,covariate_encoder=summary,covariate_set=kinsa,input_mode=scheduled_final,input_normalization=b0,evaluation_seasons=recent_two,correction_realizations=4,uncorrected_share=0.25,nowcast_noise=1.0,covariate_dropout=0.1",293.0,0.9688763878023254,,,0.9237723266165871,,,0.9695498498850412,0.03015711628737175,,,0.056947173126259375,,,0.038280102475391896,2,0.9915045751633986,0.8817309487716106
"pilot_method=joint,forecast_targets=flu,pathogen_inputs=flu,correction_weeks=2,growth_anchor=1,reporting_random_strength=1,joint_weight=0.1,correction_penalty=30.0,correction_strength=0.75,reporting_strength=2.0,nowcast_weeks=4,lookback=10,ed_transform=logit,loss_weights=flu_hosp_ed,spatial=neighbors,decoder=quantile,width=96,epochs=240,patience=25,lr=0.0005,fit_partition=pathogen,covariate_encoder=summary,input_mode=scheduled_final,input_normalization=b0,evaluation_seasons=recent_two,vintage_seasons=all,actual_share=0.5,nowcast_noise=1.0,log_loss_weight=1.0",294.0,0.9537716596539934,,,0.9886469423248332,,,0.9701522577054255,0.051765895402215996,,,0.04995086096201622,,,0.05112730646807911,2,0.9671951966534423,0.9819805019133576
"pilot_method=joint,revision_signals=all,forecast_targets=flu,pathogen_inputs=flu,ili_units=flu_scaled,ili_steps=1200,correction_weeks=1,ili_training=pretrain,growth_anchor=1,joint_weight=0.1,correction_penalty=300.0,reporting_method=synchronous_log,nowcast_weeks=4,ed_transform=logit,loss_weights=flu_hosp_ed,spatial=neighbors,decoder=quantile,latent=8,width=128,epochs=240,patience=25,lr=0.00025,fit_partition=pathogen,covariate_encoder=summary,input_mode=scheduled_final,input_normalization=b0,evaluation_seasons=recent_two,vintage_seasons=all,actual_share=0.25,log_loss_weight=0.5",295.0,0.9349283656152276,,,1.1163836293213225,,,0.9712286141429229,0.019548184552198096,,,0.012089065346425941,,,0.024595155648671003,2,0.9553115194969397,1.0348969927268543
"pilot_method=two_stage,pilot_nowcaster=real_tree,forecast_targets=flu,pathogen_inputs=flu,ili_units=flu_scaled,ili_steps=1200,correction_weeks=2,ili_training=pretrain,growth_anchor=1,joint_weight=0.05,correction_penalty=30.0,reporting_strength=2.0,lookback=14,count_transform=sqrt,ed_transform=logit,loss_weights=flu_hosp_ed,decoder=residual2,latent=8,width=96,epochs=160,patience=25,batch_size=4,lr=0.002,fit_partition=pathogen,covariate_encoder=summary,covariate_set=kinsa,input_mode=scheduled_final,input_normalization=b0,evaluation_seasons=recent_two,actual_share=0.25,log_loss_weight=0.5,covariate_dropout=0.1",296.0,0.9817769373300617,,,0.8633982280052487,,,0.9716698785847118,0.022539579147746205,,,0.014945408880183145,,,0.018333168686874513,2,0.9795285930323572,0.9402350207941298
"pilot_method=joint,revision_signals=all,forecast_targets=flu,pathogen_inputs=flu,correction_weeks=1,joint_weight=0.1,correction_penalty=100.0,nowcast_weeks=4,ed_transform=logit,loss_weights=flu_hosp_ed,spatial=distance,decoder=quantile,epochs=240,patience=25,lr=0.0005,fit_partition=pathogen,weight_decay=0.0001,covariate_encoder=summary,input_mode=scheduled_final,input_normalization=b0,evaluation_seasons=recent_two,vintage_seasons=all,nowcast_noise=1.0",297.0,0.9926730522749632,,,0.9989512540637664,,,0.9724384684833318,0.03593223482692159,,,0.057841771560131275,,,0.03781398084450974,2,0.9743795155513237,0.9646742802113635
"pilot_method=two_stage,pilot_nowcaster=real_tree,forecast_targets=flu,pathogen_inputs=flu,correction_weeks=2,reporting_random_strength=1,joint_weight=0.05,correction_penalty=30.0,correction_strength=0.75,reporting_method=synchronous_log,reporting_strength=2.0,count_transform=sqrt,ed_transform=logit,loss_weights=flu_hosp_ed,width=96,epochs=160,patience=25,batch_size=16,fit_partition=pathogen,covariate_encoder=summary,covariate_set=kinsa,input_mode=scheduled_final,input_normalization=b0,evaluation_seasons=recent_two,vintage_seasons=all,actual_share=0.5,correction_realizations=4,covariate_dropout=0.25",298.0,0.9680697601175632,,,0.9506944243304354,,,0.9727051906671839,0.02369432294624068,,,0.06342147661845017,,,0.031477981235631704,2,0.96700943290188,0.9954882217283989
"pilot_method=two_stage,pilot_nowcaster=real_tree,forecast_targets=flu,pathogen_inputs=flu,correction_weeks=2,growth_anchor=1,reporting_random_strength=1,joint_weight=0.05,correction_penalty=300.0,reporting_method=synchronous_log,count_transform=sqrt,ed_transform=logit,loss_weights=flu_hosp_ed,spatial=distance,us_error=shared_factor,width=96,epochs=160,patience=25,members=64,lr=0.002,fit_partition=pathogen,covariate_encoder=summary,covariate_set=kinsa,input_mode=scheduled_final,input_normalization=b0,evaluation_seasons=recent_two,vintage_seasons=all,actual_share=1.0,correction_realizations=4,uncorrected_share=0.25,nowcast_noise=0.5,log_loss_weight=1.0,covariate_dropout=0.25",299.0,0.9577599717120506,,,0.95042906368744,,,0.9740843148639811,0.037464050887070534,,,0.07994808043178994,,,0.030631097367299395,2,0.9842613536212862,0.93337615983476
"pilot_method=two_stage,pilot_nowcaster=real_tree,forecast_targets=flu,pathogen_inputs=flu,correction_weeks=2,growth_anchor=1,joint_weight=0.05,correction_penalty=30.0,count_transform=sqrt,ed_transform=logit,loss_weights=flu_hosp_ed,spatial=distance,decoder=residual2,width=128,epochs=160,patience=25,batch_size=4,fit_partition=pathogen,covariate_encoder=summary,covariate_set=kinsa,input_mode=scheduled_final,input_normalization=b0,evaluation_seasons=recent_two,vintage_seasons=all,actual_share=0.5,nowcast_noise=1.0,nowcast_noise_train=1",300.0,0.9820067368701567,,,0.8154605402438655,,,0.9747104541406924,0.08985912716478893,,,0.08764112826822626,,,0.08353590726555976,2,0.9635725603276203,1.0192620293929806
"pilot_method=joint,forecast_targets=flu,pathogen_inputs=flu,ili_units=flu_scaled,ili_steps=1200,correction_weeks=2,ili_training=pretrain,joint_weight=0.1,correction_penalty=30.0,nowcast_weeks=4,ed_transform=logit,loss_weights=flu_hosp_ed,spatial=neighbors,sum_wis_weight=0.5,us_error=shared_factor,latent=8,width=128,epochs=240,patience=25,batch_size=4,lr=0.0005,fit_partition=pathogen,covariate_encoder=summary,input_mode=scheduled_final,input_normalization=b0,evaluation_seasons=recent_two,nowcast_noise=0.5",301.0,0.9872951255245177,,,0.9439983080335483,,,0.9758270795713386,0.016662067465990176,,,0.01755034951756814,,,0.016836369904449904,2,0.9681204180675034,1.0066537255866788
"pilot_method=two_stage,pilot_nowcaster=real_tree,forecast_targets=flu,pathogen_inputs=flu,correction_weeks=2,growth_anchor=1,joint_weight=0.05,correction_penalty=100.0,correction_strength=0.75,reporting_strength=0.5,count_transform=sqrt,ed_transform=logit,loss_weights=flu_hosp_ed,noise=local,width=96,epochs=160,patience=25,members=64,lr=0.002,fit_partition=pathogen,covariate_encoder=summary,covariate_set=kinsa,input_mode=scheduled_final,input_normalization=b0,evaluation_seasons=recent_two,actual_share=0.5,nowcast_noise=1.0,nowcast_noise_train=1",302.0,0.9782877092081286,,,0.9484781449509541,,,0.9758658546727478,0.1706862110841229,,,0.2030792320447853,,,0.17107374465810976,2,0.9976843494433263,0.8885918755904325
"pilot_method=two_stage,pilot_nowcaster=real_tree,forecast_targets=flu,pathogen_inputs=flu,ili_units=flu_scaled,ili_steps=1200,correction_weeks=2,ili_training=pretrain,growth_anchor=1,joint_weight=0.05,correction_penalty=100.0,reporting_strength=2.0,count_transform=sqrt,ed_transform=logit,loss_weights=flu_hosp_ed,spatial=distance,us_error=shared_factor,epochs=160,patience=25,lr=0.002,fit_partition=pathogen,covariate_encoder=summary,covariate_set=kinsa,input_mode=scheduled_final,input_normalization=b0,evaluation_seasons=recent_two,log_loss_weight=0.25",303.0,0.9940286237523309,,,0.8640342489549686,,,0.977696567789102,0.08492832316488921,,,0.13854246925510535,,,0.07326582881910741,2,0.9621603664174476,1.0398413732757184
"pilot_method=two_stage,pilot_nowcaster=real_tree,forecast_targets=flu,pathogen_inputs=flu,correction_weeks=3,reporting_random_strength=1,joint_weight=0.05,correction_penalty=100.0,count_transform=sqrt,ed_transform=logit,loss_weights=flu_hosp_ed,spatial=distance,noise=local,width=96,epochs=160,patience=25,batch_size=4,members=256,lr=0.002,fit_partition=pathogen,weight_decay=0.0001,covariate_encoder=summary,covariate_set=kinsa,input_mode=scheduled_final,input_normalization=b0,evaluation_seasons=recent_two,covariate_dropout=0.25",304.0,0.9891650257665272,,,0.9869868726218548,,,0.9808517933226214,0.18300418495156381,,,0.11593677115802126,,,0.17059460304885293,2,0.9750908170710674,1.0038956983288372
"pilot_method=joint,pilot_nowcaster=real_tree,forecast_targets=flu,pathogen_inputs=flu,correction_weeks=2,reporting_random_strength=1,joint_weight=0.1,correction_penalty=3.0,reporting_strength=2.0,nowcast_weeks=4,ed_transform=logit,loss_weights=flu_hosp_ed,spatial=distance,sum_wis_weight=0.5,us_error=shared_factor,latent=8,width=96,epochs=240,patience=25,lr=0.00025,fit_partition=pathogen,weight_decay=3e-05,covariate_encoder=summary,input_mode=scheduled_final,input_normalization=b0,evaluation_seasons=recent_two,vintage_seasons=all,nowcast_noise=1.0",305.0,0.990123906716813,,,0.9981562141919726,,,0.9832082685618816,0.03662127253253905,,,0.051437612977416704,,,0.04074046092408885,2,0.9813018413332215,0.9908339774765218
"pilot_method=joint,revision_signals=all,forecast_targets=flu,pathogen_inputs=flu,correction_weeks=2,growth_anchor=1,reporting_random_strength=1,joint_weight=0.1,correction_penalty=30.0,nowcast_weeks=4,ed_transform=logit,loss_weights=flu_hosp_ed,spatial=neighbors,decoder=quantile,epochs=240,patience=25,batch_size=4,fit_partition=pathogen,covariate_encoder=summary,input_mode=scheduled_final,input_normalization=b0,evaluation_seasons=recent_two,vintage_seasons=all,actual_share=0.25,nowcast_noise=1.0",306.0,0.9844488558984495,,,1.0892468935784443,,,0.987505776119982,0.04965120807153843,,,0.0015760372999625528,,,0.021412193441267005,2,0.9923605106493948,0.9680868380023309
"pilot_method=two_stage,revision_signals=all,pilot_nowcaster=real_tree,forecast_targets=flu,pathogen_inputs=flu,ili_units=flu_scaled,ili_steps=1200,correction_weeks=2,ili_training=pretrain,growth_anchor=1,reporting_random_strength=1,joint_weight=0.05,correction_penalty=30.0,lookback=10,count_transform=sqrt,ed_transform=logit,loss_weights=flu_hosp_ed,spatial=distance,sum_wis_weight=0.1,latent=32,width=96,epochs=160,patience=25,batch_size=16,members=256,lr=0.002,fit_partition=pathogen,covariate_encoder=summary,covariate_set=kinsa,input_mode=scheduled_final,input_normalization=b0,evaluation_seasons=recent_two,actual_share=1.0,correction_realizations=2,nowcast_noise=1.0",307.0,0.9912429477635528,,,0.7760869218070261,,,0.9882111027438638,0.02200220270412855,,,0.03275536375715918,,,0.022502517947359305,2,0.980560259799591,1.0188144745209544
"pilot_method=two_stage,revision_signals=all,pilot_nowcaster=real_tree,forecast_targets=flu,pathogen_inputs=flu,correction_weeks=2,growth_anchor=1,joint_weight=0.05,correction_penalty=300.0,reporting_strength=1.5,count_transform=sqrt,ed_transform=logit,loss_weights=flu_hosp_ed,noise=local,epochs=160,patience=25,batch_size=16,members=64,lr=0.004,fit_partition=pathogen,covariate_encoder=summary,covariate_set=kinsa,input_mode=scheduled_final,input_normalization=b0,evaluation_seasons=recent_two,actual_share=0.5,uncorrected_share=0.1,nowcast_noise=1.0,log_loss_weight=0.25,covariate_dropout=0.1",308.0,0.9860089129158887,,,0.9497412734107724,,,0.9887297053548453,0.04286665507238294,,,0.11365544965780132,,,0.03271008189896484,2,1.018059098365943,0.8714121333104533
"pilot_method=joint,forecast_targets=flu,pathogen_inputs=flu,ili_units=flu_scaled,ili_steps=1200,correction_weeks=2,ili_training=pretrain,growth_anchor=1,joint_weight=0.1,correction_penalty=3.0,reporting_method=synchronous_log,reporting_strength=1.5,nowcast_weeks=4,lookback=14,ed_transform=logit,loss_weights=flu_hosp_ed,spatial=distance,decoder=quantile,width=96,epochs=240,patience=25,fit_partition=pathogen,weight_decay=3e-05,covariate_encoder=summary,input_mode=scheduled_final,input_normalization=b0,evaluation_seasons=recent_two,actual_share=0.5",309.0,1.005433429109818,,,0.8438092702780702,,,0.9889422567722588,0.1294724591906987,,,0.10608188082412029,,,0.0965077636855798,2,1.0083298059622277,0.9113920600123826
"pilot_method=two_stage,revision_signals=all,pilot_nowcaster=real_tree,forecast_targets=flu,pathogen_inputs=flu,correction_weeks=1,joint_weight=0.05,correction_penalty=30.0,reporting_strength=1.5,count_transform=sqrt,ed_transform=logit,loss_weights=flu_hosp_ed,spatial=distance,decoder=residual2,noise=local,width=96,epochs=160,patience=25,batch_size=4,members=256,lr=0.002,fit_partition=pathogen,covariate_encoder=summary,signal_features=multiscale,covariate_set=kinsa,input_mode=scheduled_final,input_normalization=b0,evaluation_seasons=recent_two,correction_realizations=2,uncorrected_share=0.1,log_loss_weight=1.0,covariate_dropout=0.25",310.0,0.998045788004629,,,0.9054096627782415,,,0.9893156510451628,0.0811975602320057,,,0.06994533543484485,,,0.06858118920993395,2,0.9616812422507481,1.0998532862228214
"pilot_method=two_stage,pilot_nowcaster=real_tree,forecast_targets=flu,pathogen_inputs=flu,correction_weeks=2,reporting_random_strength=1,joint_weight=0.05,correction_penalty=300.0,correction_strength=0.75,reporting_method=synchronous_log,reporting_strength=2.0,lookback=14,count_transform=sqrt,ed_transform=logit,loss_weights=flu_hosp_ed,decoder=residual2,sum_wis_weight=0.1,width=96,epochs=160,patience=25,members=256,lr=0.004,fit_partition=pathogen,covariate_encoder=summary,covariate_set=kinsa,input_mode=scheduled_final,input_normalization=b0,evaluation_seasons=recent_two,nowcast_noise=1.0,nowcast_noise_train=1",311.0,1.0044324679607928,,,0.9937596825842637,,,0.9894486140378244,0.1226201037112995,,,0.2596364762489946,,,0.1397757163928738,2,0.987655783681183,0.9966199354643891
"pilot_method=joint,revision_signals=all,forecast_targets=flu,pathogen_inputs=flu,ili_units=flu_scaled,ili_steps=1200,correction_weeks=2,ili_training=pretrain,reporting_random_strength=1,joint_weight=0.1,correction_penalty=100.0,reporting_strength=1.5,nowcast_weeks=4,lookback=10,ed_transform=logit,loss_weights=flu_hosp_ed,spatial=neighbors,decoder=residual2,sum_wis_weight=0.1,latent=8,epochs=240,patience=25,lr=0.0005,fit_partition=pathogen,weight_decay=0.0001,covariate_encoder=summary,input_mode=scheduled_final,input_normalization=b0,evaluation_seasons=recent_two",312.0,1.0043317660855005,,,1.0360018990567332,,,0.9895846528641568,0.010074997671703941,,,0.01661920907685832,,,0.0056285542619102825,2,0.9884798324541542,0.9940039345041669
"pilot_method=two_stage,pilot_nowcaster=real_tree,forecast_targets=flu,pathogen_inputs=flu,ili_units=flu_scaled,ili_steps=1200,correction_weeks=2,ili_training=pretrain,growth_anchor=1,reporting_random_strength=1,joint_weight=0.05,correction_penalty=30.0,reporting_missingness=0,lookback=10,count_transform=sqrt,ed_transform=logit,loss_weights=flu_hosp_ed,decoder=residual2,width=96,epochs=160,patience=25,lr=0.004,fit_partition=pathogen,covariate_encoder=summary,signal_features=multiscale,covariate_set=kinsa,input_mode=scheduled_final,input_normalization=b0,evaluation_seasons=recent_two,vintage_seasons=all,uncorrected_share=0.1,covariate_dropout=0.1",313.0,1.0046286365939319,,,0.8236206298707813,,,0.99101534795748,0.015030603092332916,,,0.051238818462403427,,,0.017389419862898253,2,1.0007460548495821,0.9520925203890706
"pilot_method=joint,forecast_targets=flu,pathogen_inputs=flu,correction_weeks=2,growth_anchor=1,joint_weight=0.1,correction_penalty=300.0,nowcast_weeks=4,lookback=14,ed_transform=logit,loss_weights=flu_hosp_ed,spatial=neighbors,decoder=quantile,width=128,epochs=240,patience=25,batch_size=16,lr=0.00025,fit_partition=pathogen,weight_decay=3e-05,covariate_encoder=summary,input_mode=scheduled_final,input_normalization=b0,evaluation_seasons=recent_two,vintage_seasons=all,nowcast_noise=0.5",314.0,0.984379795133931,,,1.1564652031904226,,,0.9914884230231515,0.03229416847166672,,,0.08834149548759399,,,0.02850391408250341,2,1.0048991704387542,0.9378454333607411
"pilot_method=joint,pilot_nowcaster=real_tree,forecast_targets=flu,pathogen_inputs=flu,correction_weeks=1,growth_anchor=1,joint_weight=0.1,correction_penalty=30.0,reporting_strength=2.0,nowcast_weeks=4,ed_transform=logit,loss_weights=flu_hosp_ed,spatial=neighbors,decoder=residual2,sum_wis_weight=0.5,noise=local,width=128,epochs=240,patience=25,lr=0.0005,fit_partition=pathogen,weight_decay=3e-05,covariate_encoder=summary,input_mode=scheduled_final,input_normalization=b0,evaluation_seasons=recent_two,vintage_seasons=all,log_loss_weight=0.5",315.0,1.0141662293437474,,,0.8595555295101622,,,0.9942420740388398,0.03127538338036646,,,0.0025486701596877433,,,0.006089001735183806,2,1.0024072374606643,0.9615814203515416
"pilot_method=two_stage,revision_signals=all,pilot_nowcaster=real_tree,forecast_targets=flu,pathogen_inputs=flu,correction_weeks=3,reporting_random_strength=1,joint_weight=0.05,correction_penalty=30.0,reporting_strength=2.0,count_transform=sqrt,ed_transform=logit,loss_weights=flu_hosp_ed,spatial=distance,latent=8,width=96,epochs=160,patience=25,lr=0.004,fit_partition=pathogen,covariate_encoder=summary,covariate_set=kinsa,input_mode=scheduled_final,input_normalization=b0,evaluation_seasons=recent_two,actual_share=0.5,correction_realizations=4,nowcast_noise=1.0",316.0,1.0001892363421532,,,0.9839007300536184,,,0.9946981703398148,0.011887145443197751,,,0.05441411706143178,,,0.002706943007222868,2,0.9886672302244581,1.018821930801241
"pilot_method=joint,revision_signals=all,forecast_targets=flu,pathogen_inputs=flu,correction_weeks=2,joint_weight=0.1,correction_penalty=3.0,nowcast_weeks=4,ed_transform=logit,loss_weights=flu_hosp_ed,spatial=distance,sum_wis_weight=0.1,width=96,epochs=240,patience=25,batch_size=16,members=64,fit_partition=pathogen,covariate_encoder=summary,input_mode=scheduled_final,input_normalization=b0,evaluation_seasons=recent_two,vintage_seasons=all,log_loss_weight=1.0",317.0,1.0157646649208427,,,1.016627539692144,,,0.9978829931860426,0.07924308526453704,,,0.08260186569472289,,,0.07789350052277748,2,0.9921842246791077,1.0206780672137823
"pilot_method=two_stage,revision_signals=all,pilot_nowcaster=real_tree,forecast_targets=flu,pathogen_inputs=flu,correction_weeks=2,reporting_random_strength=1,joint_weight=0.05,correction_penalty=30.0,correction_strength=0.75,reporting_strength=1.5,count_transform=sqrt,ed_transform=logit,loss_weights=flu_hosp_ed,spatial=distance,decoder=residual2,latent=8,width=96,epochs=160,patience=25,batch_size=4,lr=0.002,fit_partition=pathogen,covariate_encoder=summary,signal_features=multiscale,covariate_set=kinsa,input_mode=scheduled_final,input_normalization=b0,evaluation_seasons=recent_two,vintage_seasons=all,actual_share=0.5,correction_realizations=2,log_loss_weight=0.25",318.0,0.9713229083291836,,,1.1339780155295267,,,0.998223766503518,0.0025099838177198132,,,0.08420187418753555,,,0.004118684948607135,2,0.9850374560203397,1.050969008436231
"pilot_method=two_stage,pilot_nowcaster=real_tree,forecast_targets=flu,pathogen_inputs=flu,ili_units=flu_scaled,ili_steps=1200,correction_weeks=2,ili_training=pretrain,reporting_random_strength=1,joint_weight=0.05,correction_penalty=30.0,count_transform=sqrt,ed_transform=logit,loss_weights=flu_hosp_ed,us_error=shared_factor,latent=32,width=96,epochs=160,patience=25,batch_size=4,lr=0.004,fit_partition=pathogen,weight_decay=0.0001,covariate_encoder=summary,covariate_set=kinsa,input_mode=scheduled_final,input_normalization=b0,evaluation_seasons=recent_two,vintage_seasons=all,actual_share=0.25,nowcast_noise=0.5",319.0,0.9949225317319214,,,0.9563164618398152,,,0.9983070038566357,0.033514068416463656,,,0.14020788665767958,,,0.03439164591492104,2,1.0003731545111918,0.9900424012384104
"pilot_method=two_stage,pilot_nowcaster=real_tree,forecast_targets=flu,pathogen_inputs=flu,correction_weeks=3,growth_anchor=1,joint_weight=0.05,correction_penalty=30.0,correction_strength=0.75,reporting_missingness=0,reporting_method=synchronous_log,count_transform=sqrt,ed_transform=logit,loss_weights=flu_hosp_ed,spatial=distance,decoder=residual2,width=96,epochs=160,patience=25,batch_size=4,fit_partition=pathogen,covariate_encoder=summary,covariate_set=kinsa,input_mode=scheduled_final,input_normalization=b0,evaluation_seasons=recent_two,vintage_seasons=all,covariate_dropout=0.25",320.0,1.0156019040570277,,,0.8693653762293685,,,0.9995890805768972,0.14675090805397467,,,0.09855792289885176,,,0.1528858657372684,2,1.0078311805240523,0.9666206807882765
"pilot_method=joint,revision_signals=all,forecast_targets=flu,pathogen_inputs=flu,correction_weeks=1,growth_anchor=1,joint_weight=0.1,correction_penalty=300.0,reporting_method=synchronous_log,nowcast_weeks=4,lookback=14,ed_transform=logit,loss_weights=flu_hosp_ed,spatial=neighbors,decoder=residual2,sum_wis_weight=0.5,latent=8,width=96,epochs=240,patience=25,batch_size=4,fit_partition=pathogen,weight_decay=3e-05,covariate_encoder=summary,input_mode=scheduled_final,input_normalization=b0,evaluation_seasons=recent_two,actual_share=1.0,nowcast_noise=1.0",321.0,0.9996648781021322,,,0.9758827805110682,,,1.0013233200573848,0.11465599899651889,,,0.07586086231970006,,,0.0923973055316571,2,1.0109626094417836,0.9627661625197895
"pilot_method=two_stage,revision_signals=all,pilot_nowcaster=real_tree,forecast_targets=flu,pathogen_inputs=flu,correction_weeks=2,joint_weight=0.05,correction_penalty=300.0,reporting_strength=0.5,count_transform=sqrt,ed_transform=logit,loss_weights=flu_hosp_ed,decoder=residual2,width=96,epochs=160,patience=25,members=256,lr=0.004,fit_partition=pathogen,weight_decay=0.0001,covariate_encoder=summary,covariate_set=kinsa,input_mode=scheduled_final,input_normalization=b0,evaluation_seasons=recent_two,vintage_seasons=all,actual_share=0.5,nowcast_noise=1.0,nowcast_noise_train=1,log_loss_weight=0.25",322.0,0.9978230742697367,,,1.0034772546253317,,,1.0021318764652483,0.08940265872120287,,,0.006802024556282668,,,0.07523235861019584,2,0.9835783222376501,1.0763460933756412
"pilot_method=two_stage,pilot_nowcaster=real_tree,forecast_targets=flu,pathogen_inputs=flu,correction_weeks=2,growth_anchor=1,reporting_random_strength=1,joint_weight=0.05,correction_penalty=30.0,reporting_method=synchronous_log,reporting_strength=2.0,count_transform=sqrt,ed_transform=logit,loss_weights=flu_hosp_ed,noise=local,us_error=shared_factor,width=96,epochs=160,patience=25,batch_size=16,fit_partition=pathogen,covariate_encoder=summary,covariate_set=kinsa,input_mode=scheduled_final,input_normalization=b0,evaluation_seasons=recent_two,correction_realizations=4,nowcast_noise=0.5,nowcast_noise_train=1,log_loss_weight=1.0,covariate_dropout=0.25",323.0,0.9855647177403737,,,0.9846453669359579,,,1.0036219487080953,0.10660097936118965,,,0.00846187330582423,,,0.10636804464110629,2,0.9808584198647705,1.0946760640813946
"pilot_method=joint,revision_signals=all,forecast_targets=flu,pathogen_inputs=flu,correction_weeks=2,joint_weight=0.1,correction_penalty=30.0,reporting_missingness=0,nowcast_weeks=4,lookback=14,ed_transform=logit,loss_weights=flu_hosp_ed,spatial=neighbors,decoder=quantile,width=128,epochs=240,patience=25,fit_partition=pathogen,weight_decay=3e-05,covariate_encoder=summary,input_mode=scheduled_final,input_normalization=b0,evaluation_seasons=recent_two,vintage_seasons=all,nowcast_noise=0.5",324.0,0.9956235992382041,,,0.9191342017088053,,,1.003630532016348,0.09839290569534344,,,0.0031912792111443654,,,0.09743570113397393,2,0.9875387593381247,1.0679976227292414
"pilot_method=two_stage,pilot_nowcaster=real_tree,forecast_targets=flu,pathogen_inputs=flu,ili_units=flu_scaled,ili_steps=1200,correction_weeks=1,ili_training=pretrain,growth_anchor=1,reporting_random_strength=1,joint_weight=0.05,correction_penalty=30.0,reporting_strength=2.0,lookback=14,count_transform=sqrt,ed_transform=logit,loss_weights=flu_hosp_ed,decoder=residual2,width=96,epochs=160,patience=25,fit_partition=pathogen,covariate_encoder=summary,covariate_set=kinsa,input_mode=scheduled_final,input_normalization=b0,evaluation_seasons=recent_two,actual_share=0.5,correction_realizations=4,covariate_dropout=0.25",325.0,1.010670109461624,,,0.790214137158402,,,1.005777342284851,0.037737092002368175,,,0.016594755026830145,,,0.045804491160859516,2,1.0208187503729051,0.9456117099326342
"pilot_method=two_stage,pilot_nowcaster=real_tree,forecast_targets=flu,pathogen_inputs=flu,correction_weeks=2,growth_anchor=1,joint_weight=0.05,correction_penalty=30.0,reporting_strength=2.0,count_transform=sqrt,ed_transform=logit,loss_weights=flu_hosp_ed,decoder=residual2,width=96,epochs=160,patience=25,lr=0.004,fit_partition=pathogen,weight_decay=0.0001,covariate_encoder=summary,covariate_set=kinsa,input_mode=scheduled_final,input_normalization=b0,evaluation_seasons=recent_two,vintage_seasons=all,actual_share=0.25,correction_realizations=2,nowcast_noise=0.5,nowcast_noise_train=1",326.0,0.9999731682085279,,,1.0789384828477713,,,1.0068515231780961,0.14540606281233268,,,0.027219139275458357,,,0.11274165489972732,2,1.0229620182400483,0.942409542930287
"pilot_method=two_stage,pilot_nowcaster=real_tree,forecast_targets=flu,pathogen_inputs=flu,correction_weeks=3,growth_anchor=1,joint_weight=0.05,correction_penalty=100.0,correction_strength=0.75,reporting_strength=2.0,count_transform=sqrt,ed_transform=logit,loss_weights=flu_hosp_ed,decoder=residual2,noise=local,latent=32,width=96,epochs=160,patience=25,members=64,lr=0.002,fit_partition=pathogen,covariate_encoder=summary,signal_features=multiscale,covariate_set=kinsa,input_mode=scheduled_final,input_normalization=b0,evaluation_seasons=recent_two,actual_share=1.0,correction_realizations=4,uncorrected_share=0.1,nowcast_noise=1.0,nowcast_noise_train=1,log_loss_weight=0.25,covariate_dropout=0.25",327.0,1.0202008601787949,,,0.9253059215083788,,,1.0107076091510165,0.01073500885880422,,,0.15917184182184946,,,0.001848890920002871,2,1.0121346571175285,1.004999417284969
"pilot_method=joint,revision_signals=all,forecast_targets=flu,pathogen_inputs=flu,ili_units=flu_scaled,ili_steps=1200,correction_weeks=2,ili_training=pretrain,growth_anchor=1,joint_weight=0.1,correction_penalty=300.0,reporting_strength=2.0,nowcast_weeks=4,lookback=14,ed_transform=logit,loss_weights=flu_hosp_ed,spatial=neighbors,decoder=quantile,width=128,epochs=240,patience=25,lr=0.0005,fit_partition=pathogen,covariate_encoder=summary,input_mode=scheduled_final,input_normalization=b0,evaluation_seasons=recent_two,vintage_seasons=all",328.0,0.9799889946778639,,,1.3543926576878436,,,1.0112288255267285,0.07662190460820595,,,0.23486952676671258,,,0.008771316917076864,2,0.9965300500446375,1.0700239274550927
"pilot_method=joint,revision_signals=all,pilot_nowcaster=real_tree,forecast_targets=flu,pathogen_inputs=flu,correction_weeks=2,reporting_random_strength=1,joint_weight=0.1,correction_penalty=3.0,reporting_method=synchronous_log,reporting_strength=0.5,nowcast_weeks=4,ed_transform=logit,loss_weights=flu_hosp_ed,spatial=distance,decoder=quantile,latent=32,epochs=240,patience=25,lr=0.0005,fit_partition=pathogen,covariate_encoder=summary,input_mode=scheduled_final,input_normalization=b0,evaluation_seasons=recent_two,vintage_seasons=all,log_loss_weight=0.5",329.0,0.9683610170982438,,,1.2469427994462232,,,1.0114653148688013,0.03395171237450845,,,0.10982141798561475,,,0.026819967151808153,2,0.9869748690647437,1.1094270980850311
"pilot_method=two_stage,pilot_nowcaster=real_tree,forecast_targets=flu,pathogen_inputs=flu,correction_weeks=2,growth_anchor=1,reporting_random_strength=1,joint_weight=0.05,correction_penalty=30.0,correction_strength=0.75,reporting_method=synchronous_log,reporting_strength=0.5,lookback=14,count_transform=sqrt,ed_transform=logit,loss_weights=flu_hosp_ed,width=96,epochs=160,patience=25,batch_size=16,members=256,fit_partition=pathogen,weight_decay=0.0001,covariate_encoder=summary,covariate_set=kinsa,input_mode=scheduled_final,input_normalization=b0,evaluation_seasons=recent_two,actual_share=0.5,nowcast_noise=0.5,nowcast_noise_train=1,log_loss_weight=0.5",330.0,1.0068732991357017,,,1.0552852822624579,,,1.0124480830087714,0.038327691030640515,,,0.04602016995473386,,,0.042268121330102486,2,1.0128036717377638,1.0110257280928023
"pilot_method=two_stage,revision_signals=all,pilot_nowcaster=real_tree,forecast_targets=flu,pathogen_inputs=flu,correction_weeks=2,reporting_random_strength=1,joint_weight=0.05,correction_penalty=100.0,reporting_method=synchronous_log,reporting_strength=0.5,count_transform=sqrt,ed_transform=logit,loss_weights=flu_hosp_ed,spatial=distance,sum_wis_weight=0.1,width=128,epochs=160,patience=25,lr=0.002,fit_partition=pathogen,weight_decay=0.0001,covariate_encoder=summary,covariate_set=kinsa,input_mode=scheduled_final,input_normalization=b0,evaluation_seasons=recent_two,vintage_seasons=all,correction_realizations=4,uncorrected_share=0.1,nowcast_noise=1.0,nowcast_noise_train=1",331.0,1.0048641835346084,,,1.0464705128495613,,,1.0134532508714709,0.05733425635348546,,,0.03426612351656201,,,0.05590699514490175,2,1.0014963258695153,1.0612809508792918
"pilot_method=two_stage,pilot_nowcaster=real_tree,forecast_targets=flu,pathogen_inputs=flu,correction_weeks=2,growth_anchor=1,joint_weight=0.05,correction_penalty=300.0,reporting_strength=1.5,count_transform=sqrt,ed_transform=logit,loss_weights=flu_hosp_ed,spatial=distance,latent=8,epochs=160,patience=25,lr=0.002,fit_partition=pathogen,covariate_encoder=summary,covariate_set=kinsa,input_mode=scheduled_final,input_normalization=b0,evaluation_seasons=recent_two,vintage_seasons=all,uncorrected_share=0.25,nowcast_noise=1.0,nowcast_noise_train=1,covariate_dropout=0.1",332.0,1.0439166927056833,,,0.7720821660201127,,,1.015288354541671,0.19112608200586179,,,0.00950367188034363,,,0.16287949529864765,2,0.9920720028666343,1.1081537612418164
"pilot_method=two_stage,pilot_nowcaster=real_tree,forecast_targets=flu,pathogen_inputs=flu,correction_weeks=2,growth_anchor=1,joint_weight=0.05,correction_penalty=100.0,reporting_method=synchronous_log,reporting_strength=2.0,lookback=10,count_transform=sqrt,ed_transform=logit,loss_weights=flu_hosp_ed,decoder=residual2,us_error=shared_factor,latent=32,width=96,epochs=160,patience=25,fit_partition=pathogen,weight_decay=0.0001,covariate_encoder=summary,covariate_set=kinsa,input_mode=scheduled_final,input_normalization=b0,evaluation_seasons=recent_two,actual_share=0.25,uncorrected_share=0.1,nowcast_noise=1.0,log_loss_weight=1.0",333.0,1.0206975029171428,,,0.9449582114217446,,,1.0156034326223495,0.002286579528124337,,,0.011797163071670455,,,0.006656865187307983,2,1.0236074770745245,0.9835872548136498
"pilot_method=two_stage,pilot_nowcaster=real_tree,forecast_targets=flu,pathogen_inputs=flu,correction_weeks=2,growth_anchor=1,joint_weight=0.05,correction_penalty=300.0,reporting_method=synchronous_log,count_transform=sqrt,ed_transform=logit,loss_weights=flu_hosp_ed,latent=8,epochs=160,patience=25,members=64,lr=0.004,fit_partition=pathogen,weight_decay=3e-05,covariate_encoder=summary,covariate_set=kinsa,input_mode=scheduled_final,input_normalization=b0,evaluation_seasons=recent_two,nowcast_noise=0.5",334.0,1.0194496134295847,,,0.9377156521288217,,,1.0200526583158585,0.08022660039929007,,,0.036221648725345064,,,0.07470712937886737,2,1.0313564405679227,0.9748375293076001
"pilot_method=joint,revision_signals=all,forecast_targets=flu,pathogen_inputs=flu,correction_weeks=2,reporting_random_strength=1,joint_weight=0.1,correction_penalty=100.0,reporting_strength=2.0,nowcast_weeks=4,lookback=14,ed_transform=logit,loss_weights=flu_hosp_ed,spatial=neighbors,decoder=quantile,latent=8,epochs=240,patience=25,batch_size=4,lr=0.0005,fit_partition=pathogen,covariate_encoder=summary,input_mode=scheduled_final,input_normalization=b0,evaluation_seasons=recent_two,vintage_seasons=all,nowcast_noise=1.0",335.0,0.9900912100573153,,,1.2891254488730581,,,1.0216656589395539,0.015272353941943527,,,0.08237688397209866,,,0.014878919580640996,2,1.0240260413441966,1.0122241293209826
"pilot_method=two_stage,pilot_nowcaster=real_tree,forecast_targets=flu,pathogen_inputs=flu,correction_weeks=2,growth_anchor=1,joint_weight=0.05,correction_penalty=30.0,reporting_strength=1.5,count_transform=sqrt,ed_transform=logit,loss_weights=flu_hosp_ed,decoder=residual2,latent=8,width=96,epochs=160,patience=25,lr=0.002,fit_partition=pathogen,weight_decay=3e-05,covariate_encoder=summary,covariate_set=kinsa,input_mode=scheduled_final,input_normalization=b0,evaluation_seasons=recent_two,actual_share=1.0,correction_realizations=4,nowcast_noise=1.0",336.0,1.0184823596674963,,,1.0171793263027624,,,1.0222788056034506,0.11839717565082344,,,0.042206154402044616,,,0.1197959024578337,2,1.038944591671744,0.9556156613302766
"pilot_method=two_stage,pilot_nowcaster=real_tree,forecast_targets=flu,pathogen_inputs=flu,ili_units=flu_scaled,ili_steps=1200,correction_weeks=1,ili_training=pretrain,growth_anchor=1,reporting_random_strength=1,joint_weight=0.05,correction_penalty=30.0,correction_strength=0.75,count_transform=sqrt,ed_transform=logit,loss_weights=flu_hosp_ed,decoder=residual2,latent=32,width=96,epochs=160,patience=25,members=256,lr=0.002,fit_partition=pathogen,covariate_encoder=summary,signal_features=multiscale,covariate_set=kinsa,input_mode=scheduled_final,input_normalization=b0,evaluation_seasons=recent_two,correction_realizations=2,log_loss_weight=0.5,covariate_dropout=0.1",337.0,0.9991288355175055,,,1.0991065688078987,,,1.023163290480289,0.13588692236107444,,,0.34875587765198246,,,0.16555102415682338,2,1.0288790066255677,1.0003004258991737
"pilot_method=joint,revision_signals=all,pilot_nowcaster=real_tree,forecast_targets=flu,pathogen_inputs=flu,correction_weeks=2,reporting_random_strength=1,joint_weight=0.1,correction_penalty=300.0,reporting_strength=0.5,nowcast_weeks=4,lookback=14,ed_transform=logit,loss_weights=flu_hosp_ed,spatial=neighbors,sum_wis_weight=0.25,noise=local,width=96,epochs=240,patience=25,members=256,fit_partition=pathogen,weight_decay=0.0001,covariate_encoder=summary,input_mode=scheduled_final,input_normalization=b0,evaluation_seasons=recent_two,log_loss_weight=1.0",338.0,1.021736825600044,,,1.0764403393414574,,,1.0232475140727535,0.02972421893202185,,,0.03998314777505984,,,0.03188995432769149,2,1.0029137337585239,1.10458263532967
"pilot_method=joint,forecast_targets=flu,pathogen_inputs=flu,correction_weeks=3,growth_anchor=1,reporting_random_strength=1,joint_weight=0.1,correction_penalty=3.0,correction_strength=0.75,nowcast_weeks=4,ed_transform=logit,loss_weights=flu_hosp_ed,spatial=neighbors,sum_wis_weight=0.5,latent=8,width=96,epochs=240,patience=25,fit_partition=pathogen,covariate_encoder=summary,input_mode=scheduled_final,input_normalization=b0,evaluation_seasons=recent_two",339.0,1.047275748489899,,,0.9836571711837149,,,1.0245324947197838,0.28260481431714873,,,0.18397826165229175,,,0.26153865419031885,2,1.0251020490919225,1.0222542772312289
"pilot_method=two_stage,revision_signals=all,pilot_nowcaster=real_tree,forecast_targets=flu,pathogen_inputs=flu,ili_units=flu_scaled,ili_steps=1200,correction_weeks=2,ili_training=pretrain,growth_anchor=1,reporting_random_strength=1,joint_weight=0.05,correction_penalty=300.0,reporting_strength=0.5,count_transform=sqrt,ed_transform=logit,loss_weights=flu_hosp_ed,width=128,epochs=160,patience=25,batch_size=4,lr=0.002,fit_partition=pathogen,weight_decay=3e-05,covariate_encoder=summary,covariate_set=kinsa,input_mode=scheduled_final,input_normalization=b0,evaluation_seasons=recent_two,vintage_seasons=all,actual_share=1.0,nowcast_noise=1.0,nowcast_noise_train=1,covariate_dropout=0.25",340.0,1.033772807035739,,,0.9315001193536978,,,1.0261874022155708,0.09118401391271731,,,0.05911010932181267,,,0.10317175737907423,2,1.0302415760513672,1.009970706872384
"pilot_method=two_stage,revision_signals=all,pilot_nowcaster=real_tree,forecast_targets=flu,pathogen_inputs=flu,correction_weeks=3,growth_anchor=1,reporting_random_strength=1,joint_weight=0.05,correction_penalty=300.0,reporting_missingness=0,reporting_strength=0.5,lookback=10,count_transform=sqrt,ed_transform=logit,loss_weights=flu_hosp_ed,decoder=residual2,noise=local,width=96,epochs=160,patience=25,batch_size=16,members=256,lr=0.002,fit_partition=pathogen,covariate_encoder=summary,signal_features=multiscale,covariate_set=kinsa,input_mode=scheduled_final,input_normalization=b0,evaluation_seasons=recent_two,correction_realizations=2,covariate_dropout=0.25",341.0,1.0296091571960149,,,0.7801487376823308,,,1.0266896141147805,0.020225822036612582,,,0.020067841780701742,,,0.020948937419816262,2,1.0292470588530107,1.0164598351618581
"pilot_method=two_stage,pilot_nowcaster=real_tree,forecast_targets=flu,pathogen_inputs=flu,correction_weeks=2,growth_anchor=1,reporting_random_strength=1,joint_weight=0.05,correction_penalty=30.0,reporting_missingness=0,reporting_strength=2.0,lookback=10,count_transform=sqrt,ed_transform=logit,loss_weights=flu_hosp_ed,decoder=residual2,noise=local,width=96,epochs=160,patience=25,batch_size=16,members=256,lr=0.004,fit_partition=pathogen,covariate_encoder=summary,covariate_set=kinsa,input_mode=scheduled_final,input_normalization=b0,evaluation_seasons=recent_two,uncorrected_share=0.25,log_loss_weight=1.0",342.0,1.0569006596355743,,,0.9455556089537782,,,1.0271734572205644,0.2675100109936676,,,0.11337789150466375,,,0.22320618506601636,2,1.0327607503246792,1.004824284804104
"pilot_method=two_stage,pilot_nowcaster=real_tree,forecast_targets=flu,pathogen_inputs=flu,ili_units=flu_scaled,ili_steps=1200,correction_weeks=2,ili_training=pretrain,growth_anchor=1,reporting_random_strength=1,joint_weight=0.05,correction_penalty=100.0,reporting_strength=2.0,count_transform=sqrt,ed_transform=logit,loss_weights=flu_hosp_ed,decoder=residual2,noise=local,width=128,epochs=160,patience=25,batch_size=16,fit_partition=pathogen,covariate_encoder=summary,covariate_set=kinsa,input_mode=scheduled_final,input_normalization=b0,evaluation_seasons=recent_two,vintage_seasons=all,uncorrected_share=0.1,nowcast_noise=0.5,nowcast_noise_train=1,covariate_dropout=0.1",343.0,1.0419980951227399,,,0.8611159985565049,,,1.0272773445033696,0.11436961269463054,,,0.06321177313717577,,,0.10898584667568423,2,1.024030609279485,1.0402642853989075
"pilot_method=two_stage,pilot_nowcaster=real_tree,forecast_targets=flu,pathogen_inputs=flu,ili_units=flu_scaled,ili_steps=1200,correction_weeks=2,ili_training=pretrain,growth_anchor=1,reporting_random_strength=1,joint_weight=0.05,correction_penalty=30.0,lookback=10,count_transform=sqrt,ed_transform=logit,loss_weights=flu_hosp_ed,spatial=distance,latent=32,width=96,epochs=160,patience=25,lr=0.002,fit_partition=pathogen,covariate_encoder=summary,signal_features=multiscale,covariate_set=kinsa,input_mode=scheduled_final,input_normalization=b0,evaluation_seasons=recent_two,actual_share=1.0,covariate_dropout=0.25",344.0,1.0378520134630715,,,0.8670476563686893,,,1.0283987948297908,0.06805603176865391,,,0.04224595309923951,,,0.06830523025835317,2,1.030540864947132,1.0198305143604252
"pilot_method=two_stage,pilot_nowcaster=real_tree,forecast_targets=flu,pathogen_inputs=flu,correction_weeks=2,growth_anchor=1,reporting_random_strength=1,joint_weight=0.05,correction_penalty=30.0,correction_strength=0.75,reporting_method=synchronous_log,count_transform=sqrt,ed_transform=logit,loss_weights=flu_hosp_ed,spatial=distance,noise=local,us_error=shared_factor,width=128,epochs=160,patience=25,lr=0.002,fit_partition=pathogen,covariate_encoder=summary,covariate_set=kinsa,input_mode=scheduled_final,input_normalization=b0,evaluation_seasons=recent_two,nowcast_noise=1.0",345.0,1.0197648815615463,,,0.9418411132216349,,,1.030190057740247,0.050586467669619266,,,0.1683795165797359,,,0.0778367782352637,2,1.0229604341181158,1.0591085522287715
"pilot_method=joint,pilot_nowcaster=real_tree,forecast_targets=flu,pathogen_inputs=flu,correction_weeks=2,joint_weight=0.1,correction_penalty=30.0,reporting_missingness=0,reporting_method=synchronous_log,nowcast_weeks=4,ed_transform=logit,loss_weights=flu_hosp_ed,spatial=neighbors,decoder=residual2,sum_wis_weight=0.25,width=128,epochs=240,patience=25,lr=0.00025,fit_partition=pathogen,covariate_encoder=summary,input_mode=scheduled_final,input_normalization=b0,evaluation_seasons=recent_two,vintage_seasons=all",346.0,1.0478282074505803,,,0.9290279641444497,,,1.0307535785260216,0.21329990538954294,,,0.011240149640681702,,,0.18954238103368176,2,1.0117993095587279,1.1065706543951959
"pilot_method=two_stage,pilot_nowcaster=real_tree,forecast_targets=flu,pathogen_inputs=flu,correction_weeks=1,growth_anchor=1,joint_weight=0.05,correction_penalty=100.0,reporting_strength=2.0,count_transform=sqrt,ed_transform=logit,loss_weights=flu_hosp_ed,spatial=distance,latent=8,width=96,epochs=160,patience=25,batch_size=4,fit_partition=pathogen,covariate_encoder=summary,covariate_set=kinsa,input_mode=scheduled_final,input_normalization=b0,evaluation_seasons=recent_two,vintage_seasons=all,correction_realizations=4",347.0,1.0461170719143715,,,0.8711913054994851,,,1.0334649566626664,0.0055008574116354415,,,0.08492857985152419,,,0.03978209490647043,2,1.030300999398487,1.0461207857193817
"pilot_method=joint,forecast_targets=flu,pathogen_inputs=flu,ili_units=flu_scaled,ili_steps=1200,correction_weeks=2,ili_training=pretrain,growth_anchor=1,joint_weight=0.1,correction_penalty=300.0,reporting_missingness=0,nowcast_weeks=4,ed_transform=logit,loss_weights=flu_hosp_ed,spatial=neighbors,decoder=quantile,latent=8,width=96,epochs=240,patience=25,fit_partition=pathogen,weight_decay=3e-05,covariate_encoder=summary,input_mode=scheduled_final,input_normalization=b0,evaluation_seasons=recent_two,vintage_seasons=all",348.0,1.0417721229311092,,,0.8134977716955645,,,1.035511658908546,0.13712963086686047,,,0.002356924402193254,,,0.12928049841549902,2,1.0424791352945961,1.007641753364346
"pilot_method=two_stage,pilot_nowcaster=real_tree,forecast_targets=flu,pathogen_inputs=flu,correction_weeks=2,reporting_random_strength=1,joint_weight=0.05,correction_penalty=30.0,reporting_missingness=0,reporting_strength=2.0,lookback=14,count_transform=sqrt,ed_transform=logit,loss_weights=flu_hosp_ed,latent=32,width=96,epochs=160,patience=25,lr=0.004,fit_partition=pathogen,weight_decay=3e-05,covariate_encoder=summary,covariate_set=kinsa,input_mode=scheduled_final,input_normalization=b0,evaluation_seasons=recent_two,uncorrected_share=0.1,nowcast_noise=1.0,nowcast_noise_train=1",349.0,1.042729040624705,,,1.1290945183811831,,,1.0434963180067918,0.09189994631466683,,,0.12987813423321984,,,0.07825348022981661,2,1.0320268404604036,1.089374228192344
"pilot_method=two_stage,revision_signals=all,pilot_nowcaster=real_tree,forecast_targets=flu,pathogen_inputs=flu,correction_weeks=1,growth_anchor=1,joint_weight=0.05,correction_penalty=100.0,reporting_missingness=0,reporting_method=synchronous_log,lookback=14,count_transform=sqrt,ed_transform=logit,loss_weights=flu_hosp_ed,decoder=residual2,sum_wis_weight=0.1,latent=8,epochs=160,patience=25,batch_size=16,lr=0.004,fit_partition=pathogen,covariate_encoder=summary,covariate_set=kinsa,input_mode=scheduled_final,input_normalization=b0,evaluation_seasons=recent_two,vintage_seasons=all,actual_share=1.0,correction_realizations=2,uncorrected_share=0.1,nowcast_noise=0.5,nowcast_noise_train=1,log_loss_weight=1.0,covariate_dropout=0.25",350.0,1.0459604067812376,,,1.1545924973879709,,,1.0483383155185617,0.10619303682819911,,,0.002105038854598137,,,0.08757280263181372,2,1.0573873670527925,1.0121421093816403
"pilot_method=two_stage,revision_signals=all,pilot_nowcaster=real_tree,forecast_targets=flu,pathogen_inputs=flu,correction_weeks=1,growth_anchor=1,joint_weight=0.05,correction_penalty=30.0,reporting_method=synchronous_log,count_transform=sqrt,ed_transform=logit,loss_weights=flu_hosp_ed,latent=8,width=96,epochs=160,patience=25,batch_size=4,lr=0.002,fit_partition=pathogen,covariate_encoder=summary,covariate_set=kinsa,input_mode=scheduled_final,input_normalization=b0,evaluation_seasons=recent_two,vintage_seasons=all,actual_share=1.0,log_loss_weight=0.25",351.0,1.05445590256779,,,0.8605156157313048,,,1.0517138518700282,0.011303764291763592,,,0.025316868915757493,,,0.01736458857345759,2,1.0520656030202669,1.050306847269074
"pilot_method=two_stage,pilot_nowcaster=real_tree,forecast_targets=flu,pathogen_inputs=flu,ili_units=flu_scaled,ili_steps=1200,correction_weeks=3,ili_training=pretrain,growth_anchor=1,joint_weight=0.05,correction_penalty=300.0,reporting_method=synchronous_log,count_transform=sqrt,ed_transform=logit,loss_weights=flu_hosp_ed,decoder=residual2,width=96,epochs=160,patience=25,members=256,lr=0.002,fit_partition=pathogen,covariate_encoder=summary,covariate_set=kinsa,input_mode=scheduled_final,input_normalization=b0,evaluation_seasons=recent_two,actual_share=0.25,correction_realizations=4,uncorrected_share=0.25,nowcast_noise=1.0,log_loss_weight=1.0,covariate_dropout=0.1",352.0,1.0761873222963407,,,0.8298995467711819,,,1.052124493280699,0.045650295956408724,,,0.04262154515125195,,,0.03679925128059912,2,1.0611275433702239,1.0161122929225992
"pilot_method=joint,revision_signals=all,pilot_nowcaster=real_tree,forecast_targets=flu,pathogen_inputs=flu,correction_weeks=2,growth_anchor=1,reporting_random_strength=1,joint_weight=0.1,correction_penalty=100.0,reporting_strength=2.0,nowcast_weeks=4,lookback=10,ed_transform=logit,loss_weights=flu_hosp_ed,spatial=neighbors,decoder=quantile,latent=32,epochs=240,patience=25,batch_size=4,fit_partition=pathogen,weight_decay=3e-05,covariate_encoder=summary,input_mode=scheduled_final,input_normalization=b0,evaluation_seasons=recent_two,vintage_seasons=all,nowcast_noise=1.0,log_loss_weight=1.0",353.0,0.9267710822626234,,,1.7555090014833161,,,1.0574253370204085,0.007661114787647894,,,0.18482543815198355,,,0.024536683016404534,2,1.0410554922029642,1.1229047162901853
"pilot_method=two_stage,revision_signals=all,pilot_nowcaster=real_tree,forecast_targets=flu,pathogen_inputs=flu,correction_weeks=2,reporting_random_strength=1,joint_weight=0.05,correction_penalty=30.0,reporting_strength=2.0,count_transform=sqrt,ed_transform=logit,loss_weights=flu_hosp_ed,decoder=residual2,latent=8,width=128,epochs=160,patience=25,fit_partition=pathogen,weight_decay=3e-05,covariate_encoder=summary,covariate_set=kinsa,input_mode=scheduled_final,input_normalization=b0,evaluation_seasons=recent_two,vintage_seasons=all,correction_realizations=4,nowcast_noise=0.5,covariate_dropout=0.25",354.0,1.0512550632517974,,,1.0923240615923442,,,1.057664855359034,0.12496771672020243,,,0.010204385322142243,,,0.10821090422861365,2,1.0449075156595744,1.1086942141568703
"pilot_method=two_stage,pilot_nowcaster=real_tree,forecast_targets=flu,pathogen_inputs=flu,correction_weeks=2,growth_anchor=1,reporting_random_strength=1,joint_weight=0.05,correction_penalty=100.0,correction_strength=0.75,reporting_method=synchronous_log,reporting_strength=0.5,count_transform=sqrt,ed_transform=logit,loss_weights=flu_hosp_ed,decoder=residual2,latent=8,width=96,epochs=160,patience=25,batch_size=4,lr=0.002,fit_partition=pathogen,weight_decay=0.0001,covariate_encoder=summary,covariate_set=kinsa,input_mode=scheduled_final,input_normalization=b0,evaluation_seasons=recent_two,vintage_seasons=all,covariate_dropout=0.1",355.0,1.0564870402390034,,,1.0387317577238684,,,1.0607689957506727,0.2595905697837356,,,0.037195067989556636,,,0.25813328877803493,2,1.0810740463563564,0.9795487933279384
"pilot_method=two_stage,pilot_nowcaster=real_tree,forecast_targets=flu,pathogen_inputs=flu,correction_weeks=2,growth_anchor=1,reporting_random_strength=1,joint_weight=0.05,correction_penalty=30.0,lookback=14,count_transform=sqrt,ed_transform=logit,loss_weights=flu_hosp_ed,latent=8,width=96,epochs=160,patience=25,lr=0.002,fit_partition=pathogen,weight_decay=3e-05,covariate_encoder=summary,covariate_set=kinsa,input_mode=scheduled_final,input_normalization=b0,evaluation_seasons=recent_two,correction_realizations=2,uncorrected_share=0.25,covariate_dropout=0.1",356.0,1.0833444559645709,,,0.9601036364816752,,,1.0633838674259364,0.06576479286085438,,,0.05834421530126113,,,0.03443959621671195,2,1.065061742220406,1.0566723682480559
"pilot_method=two_stage,revision_signals=all,pilot_nowcaster=real_tree,forecast_targets=flu,pathogen_inputs=flu,ili_units=flu_scaled,ili_steps=1200,correction_weeks=3,ili_training=pretrain,growth_anchor=1,reporting_random_strength=1,joint_weight=0.05,correction_penalty=30.0,correction_strength=0.75,reporting_missingness=0,reporting_strength=1.5,count_transform=sqrt,ed_transform=logit,loss_weights=flu_hosp_ed,decoder=residual2,width=96,epochs=160,patience=25,fit_partition=pathogen,covariate_encoder=summary,covariate_set=kinsa,input_mode=scheduled_final,input_normalization=b0,evaluation_seasons=recent_two,covariate_dropout=0.1",357.0,1.0761448803595868,,,0.8503459157318687,,,1.0634843070596598,0.012695492833117425,,,0.003684243069084481,,,0.01797107328501492,2,1.0624041935020176,1.0678047612902275
"pilot_method=two_stage,pilot_nowcaster=real_tree,forecast_targets=flu,pathogen_inputs=flu,correction_weeks=1,growth_anchor=1,reporting_random_strength=1,joint_weight=0.05,correction_penalty=30.0,reporting_missingness=0,reporting_strength=0.5,lookback=10,count_transform=sqrt,ed_transform=logit,loss_weights=flu_hosp_ed,width=96,epochs=160,patience=25,members=64,lr=0.002,fit_partition=pathogen,covariate_encoder=summary,signal_features=multiscale,covariate_set=kinsa,input_mode=scheduled_final,input_normalization=b0,evaluation_seasons=recent_two,vintage_seasons=all,actual_share=0.5,correction_realizations=4,uncorrected_share=0.25,covariate_dropout=0.25",358.0,1.0821294898539449,,,0.9138322932962732,,,1.066553887015357,0.03941311710386822,,,0.029698554728107732,,,0.017219994518140203,2,1.0742129321643001,1.035917706419585
"pilot_method=two_stage,pilot_nowcaster=real_tree,forecast_targets=flu,pathogen_inputs=flu,correction_weeks=2,growth_anchor=1,reporting_random_strength=1,joint_weight=0.05,correction_penalty=300.0,reporting_method=synchronous_log,count_transform=sqrt,ed_transform=logit,loss_weights=flu_hosp_ed,decoder=residual2,latent=8,width=96,epochs=160,patience=25,members=256,lr=0.004,fit_partition=pathogen,weight_decay=3e-05,covariate_encoder=summary,covariate_set=kinsa,input_mode=scheduled_final,input_normalization=b0,evaluation_seasons=recent_two,vintage_seasons=all,actual_share=0.25,correction_realizations=4,uncorrected_share=0.25",359.0,1.0695152643652666,,,0.9896365539316005,,,1.0703873789726535,0.15856344830435162,,,0.14146283144508487,,,0.15259883872742525,2,1.0949398809874937,0.9721773709132919
"pilot_method=two_stage,pilot_nowcaster=real_tree,forecast_targets=flu,pathogen_inputs=flu,correction_weeks=2,growth_anchor=1,joint_weight=0.05,correction_penalty=30.0,reporting_method=synchronous_log,reporting_strength=1.5,lookback=10,count_transform=sqrt,ed_transform=logit,loss_weights=flu_hosp_ed,latent=8,width=96,epochs=160,patience=25,batch_size=4,lr=0.004,fit_partition=pathogen,weight_decay=0.0001,covariate_encoder=summary,signal_features=multiscale,covariate_set=kinsa,input_mode=scheduled_final,input_normalization=b0,evaluation_seasons=recent_two,actual_share=0.5,nowcast_noise=1.0,nowcast_noise_train=1,log_loss_weight=0.25,covariate_dropout=0.25",360.0,1.067249545499911,,,0.9966718163677499,,,1.0719935612048075,0.05923085579582256,,,0.1922811581972416,,,0.06863227996068282,2,1.0724839398722588,1.070032046535001
"pilot_method=two_stage,pilot_nowcaster=real_tree,forecast_targets=flu,pathogen_inputs=flu,ili_units=flu_scaled,ili_steps=1200,correction_weeks=3,ili_training=pretrain,growth_anchor=1,joint_weight=0.05,correction_penalty=300.0,correction_strength=0.75,reporting_strength=1.5,count_transform=sqrt,ed_transform=logit,loss_weights=flu_hosp_ed,spatial=distance,decoder=residual2,latent=32,width=96,epochs=160,patience=25,batch_size=4,members=256,lr=0.002,fit_partition=pathogen,covariate_encoder=summary,covariate_set=kinsa,input_mode=scheduled_final,input_normalization=b0,evaluation_seasons=recent_two,vintage_seasons=all,correction_realizations=2,nowcast_noise=1.0",361.0,1.0821887161700412,,,0.8288202760924464,,,1.0760647717144094,0.21695792526158852,,,0.07454008754975977,,,0.22080224633322093,2,1.0765955644612373,1.0739416007270979
"pilot_method=joint,revision_signals=all,pilot_nowcaster=real_tree,forecast_targets=flu,pathogen_inputs=flu,correction_weeks=3,growth_anchor=1,joint_weight=0.1,correction_penalty=3.0,nowcast_weeks=4,ed_transform=logit,loss_weights=flu_hosp_ed,spatial=distance,decoder=residual2,sum_wis_weight=0.25,noise=local,width=96,epochs=240,patience=25,members=256,lr=0.00025,fit_partition=pathogen,covariate_encoder=summary,signal_features=multiscale,input_mode=scheduled_final,input_normalization=b0,evaluation_seasons=recent_two,vintage_seasons=all,nowcast_noise=1.0,log_loss_weight=0.25",362.0,0.9936312008731981,,,1.5733593779764519,,,1.0800363142084293,0.07978955281589524,,,0.1674596599268829,,,0.11363947364781185,2,1.0757547167501236,1.0971627040416516
"pilot_method=two_stage,pilot_nowcaster=real_tree,forecast_targets=flu,pathogen_inputs=flu,correction_weeks=1,growth_anchor=1,reporting_random_strength=1,joint_weight=0.05,correction_penalty=100.0,count_transform=sqrt,ed_transform=logit,loss_weights=flu_hosp_ed,spatial=distance,decoder=residual2,us_error=shared_factor,latent=32,width=96,epochs=160,patience=25,batch_size=4,lr=0.004,fit_partition=pathogen,covariate_encoder=summary,covariate_set=kinsa,input_mode=scheduled_final,input_normalization=b0,evaluation_seasons=recent_two,actual_share=0.5,correction_realizations=2,uncorrected_share=0.1,covariate_dropout=0.1",363.0,1.0888168031347445,,,0.9015202797674438,,,1.0839280392289807,0.022241311630093824,,,0.11669436775555969,,,0.03425377413880413,2,1.1005759141055163,1.017336539722839
"pilot_method=joint,revision_signals=all,forecast_targets=flu,pathogen_inputs=flu,correction_weeks=2,growth_anchor=1,reporting_random_strength=1,joint_weight=0.1,correction_penalty=3.0,reporting_strength=0.5,nowcast_weeks=4,ed_transform=logit,loss_weights=flu_hosp_ed,spatial=distance,decoder=quantile,width=128,epochs=240,patience=25,lr=0.00025,fit_partition=pathogen,covariate_encoder=summary,signal_features=multiscale,input_mode=scheduled_final,input_normalization=b0,evaluation_seasons=recent_two,vintage_seasons=all,nowcast_noise=0.5",364.0,1.054481203803858,,,1.3303868901352944,,,1.084201507785913,0.05155163914710246,,,0.03431669560123381,,,0.045278159326705175,2,1.0592367697806493,1.184060459806968
"pilot_method=two_stage,pilot_nowcaster=real_tree,forecast_targets=flu,pathogen_inputs=flu,correction_weeks=2,growth_anchor=1,reporting_random_strength=1,joint_weight=0.05,correction_penalty=30.0,reporting_missingness=0,lookback=14,count_transform=sqrt,ed_transform=logit,loss_weights=flu_hosp_ed,spatial=distance,decoder=residual2,width=128,epochs=160,patience=25,batch_size=4,members=256,lr=0.002,fit_partition=pathogen,covariate_encoder=summary,signal_features=multiscale,covariate_set=kinsa,input_mode=scheduled_final,input_normalization=b0,evaluation_seasons=recent_two,vintage_seasons=all,correction_realizations=4",365.0,1.1002331642696888,,,0.9866808886826453,,,1.0944124062011595,0.011908517824938182,,,0.13259840125076056,,,0.0009081007672086202,2,1.0988962651572085,1.0764769703769637
"pilot_method=two_stage,revision_signals=all,pilot_nowcaster=real_tree,forecast_targets=flu,pathogen_inputs=flu,correction_weeks=2,growth_anchor=1,joint_weight=0.05,correction_penalty=30.0,reporting_strength=1.5,lookback=14,count_transform=sqrt,ed_transform=logit,loss_weights=flu_hosp_ed,spatial=distance,sum_wis_weight=0.1,us_error=shared_factor,width=128,epochs=160,patience=25,members=64,lr=0.004,fit_partition=pathogen,covariate_encoder=summary,covariate_set=kinsa,input_mode=scheduled_final,input_normalization=b0,evaluation_seasons=recent_two,correction_realizations=4,uncorrected_share=0.25,log_loss_weight=0.25,covariate_dropout=0.25",366.0,1.089680260244255,,,1.2941902358916935,,,1.097730429151732,0.07053148249331341,,,0.1966665207675191,,,0.08291087570761943,2,1.122861112768407,0.9972076946850329
"pilot_method=two_stage,pilot_nowcaster=real_tree,forecast_targets=flu,pathogen_inputs=flu,correction_weeks=2,growth_anchor=1,joint_weight=0.05,correction_penalty=30.0,reporting_missingness=0,reporting_strength=2.0,count_transform=sqrt,ed_transform=logit,loss_weights=flu_hosp_ed,sum_wis_weight=0.1,width=96,epochs=160,patience=25,members=64,fit_partition=pathogen,covariate_encoder=summary,signal_features=multiscale,covariate_set=kinsa,input_mode=scheduled_final,input_normalization=b0,evaluation_seasons=recent_two,vintage_seasons=all,actual_share=1.0,correction_realizations=2,uncorrected_share=0.25,nowcast_noise=1.0,covariate_dropout=0.1",367.0,1.0990034668004838,,,0.9544476301883206,,,1.0983321289656716,0.07285851668911951,,,0.1460222753303664,,,0.07143012735815774,2,1.100296088066341,1.0904762925629936
"pilot_method=two_stage,revision_signals=all,pilot_nowcaster=real_tree,forecast_targets=flu,pathogen_inputs=flu,correction_weeks=2,reporting_random_strength=1,joint_weight=0.05,correction_penalty=30.0,count_transform=sqrt,ed_transform=logit,loss_weights=flu_hosp_ed,width=96,epochs=160,patience=25,batch_size=4,lr=0.002,fit_partition=pathogen,covariate_encoder=summary,signal_features=multiscale,covariate_set=kinsa,input_mode=scheduled_final,input_normalization=b0,evaluation_seasons=recent_two,uncorrected_share=0.1,nowcast_noise=0.5,log_loss_weight=0.25",368.0,1.0731681024440243,,,1.0857183310167442,,,1.0993468171434584,0.06708320955462692,,,0.07909369328652029,,,0.05184975751881839,2,1.083892463283048,1.1611642325851004
"pilot_method=two_stage,revision_signals=all,pilot_nowcaster=real_tree,forecast_targets=flu,pathogen_inputs=flu,ili_units=flu_scaled,ili_steps=1200,correction_weeks=2,ili_training=pretrain,growth_anchor=1,joint_weight=0.05,correction_penalty=30.0,correction_strength=0.75,reporting_strength=1.5,lookback=10,count_transform=sqrt,ed_transform=logit,loss_weights=flu_hosp_ed,decoder=residual2,noise=local,latent=32,width=96,epochs=160,patience=25,batch_size=16,fit_partition=pathogen,covariate_encoder=summary,signal_features=multiscale,covariate_set=kinsa,input_mode=scheduled_final,input_normalization=b0,evaluation_seasons=recent_two,correction_realizations=2,uncorrected_share=0.25,covariate_dropout=0.1",369.0,1.0230078321241018,,,1.6588796674756423,,,1.0997446131826116,0.01745027878738061,,,0.13683408938582253,,,0.04736172330499724,2,1.107228132160424,1.0698105372713624
"pilot_method=two_stage,pilot_nowcaster=real_tree,forecast_targets=flu,pathogen_inputs=flu,ili_units=flu_scaled,ili_steps=1200,correction_weeks=2,ili_training=pretrain,growth_anchor=1,joint_weight=0.05,correction_penalty=300.0,correction_strength=0.75,reporting_method=synchronous_log,reporting_strength=1.5,count_transform=sqrt,ed_transform=logit,loss_weights=flu_hosp_ed,spatial=distance,width=96,epochs=160,patience=25,lr=0.002,fit_partition=pathogen,covariate_encoder=summary,covariate_set=kinsa,input_mode=scheduled_final,input_normalization=b0,evaluation_seasons=recent_two,correction_realizations=2,uncorrected_share=0.1,covariate_dropout=0.1",370.0,1.0988920694117867,,,0.7823095469512903,,,1.1004809056585705,0.14984903469388236,,,0.008242463174509843,,,0.13468619197055082,2,1.0995921424877904,1.1040359583416903
"pilot_method=two_stage,revision_signals=all,pilot_nowcaster=real_tree,forecast_targets=flu,pathogen_inputs=flu,correction_weeks=2,reporting_random_strength=1,joint_weight=0.05,correction_penalty=100.0,reporting_strength=0.5,count_transform=sqrt,ed_transform=logit,loss_weights=flu_hosp_ed,noise=local,width=128,epochs=160,patience=25,members=256,lr=0.002,fit_partition=pathogen,covariate_encoder=summary,covariate_set=kinsa,input_mode=scheduled_final,input_normalization=b0,evaluation_seasons=recent_two,correction_realizations=2,covariate_dropout=0.25",371.0,1.120115470815034,,,1.1169411307374606,,,1.1019449737992004,0.028321966091487395,,,0.07071272380540183,,,0.0033770493626539915,2,1.0811259685699064,1.1852209947163774
"pilot_method=two_stage,revision_signals=all,pilot_nowcaster=real_tree,forecast_targets=flu,pathogen_inputs=flu,correction_weeks=2,joint_weight=0.05,correction_penalty=300.0,reporting_method=synchronous_log,reporting_strength=2.0,count_transform=sqrt,ed_transform=logit,loss_weights=flu_hosp_ed,latent=8,width=96,epochs=160,patience=25,lr=0.004,fit_partition=pathogen,covariate_encoder=summary,signal_features=multiscale,covariate_set=kinsa,input_mode=scheduled_final,input_normalization=b0,evaluation_seasons=recent_two,nowcast_noise=1.0,log_loss_weight=1.0",372.0,1.0963383851138229,,,1.0281014191415885,,,1.1024069069181928,0.08538052689387567,,,0.006419831722821769,,,0.11691280372696283,2,1.0698430644441688,1.2326622768142874
"pilot_method=two_stage,pilot_nowcaster=real_tree,forecast_targets=flu,pathogen_inputs=flu,correction_weeks=2,growth_anchor=1,reporting_random_strength=1,joint_weight=0.05,correction_penalty=30.0,correction_strength=0.75,count_transform=sqrt,ed_transform=logit,loss_weights=flu_hosp_ed,spatial=distance,decoder=residual2,us_error=shared_factor,latent=32,width=128,epochs=160,patience=25,fit_partition=pathogen,weight_decay=3e-05,covariate_encoder=summary,signal_features=multiscale,covariate_set=kinsa,input_mode=scheduled_final,input_normalization=b0,evaluation_seasons=recent_two,vintage_seasons=all,actual_share=0.25,uncorrected_share=0.1",373.0,1.1123358993084027,,,1.0046799343774642,,,1.1084449728496428,0.04942292152255948,,,0.1153008898888304,,,0.06938105570114385,2,1.1202619417115258,1.0611770974021106
"pilot_method=joint,revision_signals=all,pilot_nowcaster=real_tree,forecast_targets=flu,pathogen_inputs=flu,correction_weeks=2,joint_weight=0.1,correction_penalty=100.0,reporting_method=synchronous_log,reporting_strength=2.0,nowcast_weeks=4,lookback=14,ed_transform=logit,loss_weights=flu_hosp_ed,spatial=distance,decoder=residual2,sum_wis_weight=0.25,width=96,epochs=240,patience=25,batch_size=16,fit_partition=pathogen,weight_decay=3e-05,covariate_encoder=summary,input_mode=scheduled_final,input_normalization=b0,evaluation_seasons=recent_two",374.0,1.2064225025421897,,,1.0598597684977475,,,1.1151131233441247,0.027757635620676402,,,0.008981454772385508,,,0.020362581021091834,2,1.0936417442606405,1.2009986396780614
"pilot_method=joint,revision_signals=all,pilot_nowcaster=real_tree,forecast_targets=flu,pathogen_inputs=flu,correction_weeks=2,growth_anchor=1,reporting_random_strength=1,joint_weight=0.1,correction_penalty=300.0,reporting_strength=1.5,nowcast_weeks=4,ed_transform=logit,loss_weights=flu_hosp_ed,spatial=distance,decoder=quantile,latent=8,width=96,epochs=240,patience=25,batch_size=16,lr=0.0005,fit_partition=pathogen,covariate_encoder=summary,input_mode=scheduled_final,input_normalization=b0,evaluation_seasons=recent_two,nowcast_noise=1.0,log_loss_weight=0.5",375.0,1.0440899005241824,,,1.414751688961236,,,1.1166955152992917,0.1368804950312759,,,0.17939893426354817,,,0.09088146910786454,2,1.0736267127992456,1.2889707252994755
"pilot_method=two_stage,revision_signals=all,pilot_nowcaster=real_tree,forecast_targets=flu,pathogen_inputs=flu,ili_units=flu_scaled,ili_steps=1200,correction_weeks=2,ili_training=pretrain,joint_weight=0.05,correction_penalty=100.0,reporting_method=synchronous_log,reporting_strength=2.0,count_transform=sqrt,ed_transform=logit,loss_weights=flu_hosp_ed,noise=local,us_error=shared_factor,latent=8,width=96,epochs=160,patience=25,batch_size=4,lr=0.002,fit_partition=pathogen,covariate_encoder=summary,covariate_set=kinsa,input_mode=scheduled_final,input_normalization=b0,evaluation_seasons=recent_two,vintage_seasons=all,correction_realizations=2,uncorrected_share=0.1,log_loss_weight=1.0,covariate_dropout=0.25",376.0,1.1624627801839682,,,1.1549166752631548,,,1.117086244303339,0.24191906709756705,,,0.2404084235577275,,,0.1967815926430132,2,1.1404676235935536,1.023560727142479
"pilot_method=two_stage,revision_signals=all,pilot_nowcaster=real_tree,forecast_targets=flu,pathogen_inputs=flu,correction_weeks=3,growth_anchor=1,joint_weight=0.05,correction_penalty=100.0,correction_strength=0.75,reporting_method=synchronous_log,count_transform=sqrt,ed_transform=logit,loss_weights=flu_hosp_ed,decoder=residual2,sum_wis_weight=0.1,latent=32,width=96,epochs=160,patience=25,members=256,fit_partition=pathogen,covariate_encoder=summary,signal_features=multiscale,covariate_set=kinsa,input_mode=scheduled_final,input_normalization=b0,evaluation_seasons=recent_two,actual_share=0.25,correction_realizations=2,uncorrected_share=0.25",377.0,1.1021039364383525,,,1.1357564441177663,,,1.120501056365077,0.13441343633359693,,,0.15423879997284146,,,0.15401101127451597,2,1.109501493317207,1.1644993085565578
"pilot_method=two_stage,revision_signals=all,pilot_nowcaster=real_tree,forecast_targets=flu,pathogen_inputs=flu,correction_weeks=3,growth_anchor=1,joint_weight=0.05,correction_penalty=100.0,count_transform=sqrt,ed_transform=logit,loss_weights=flu_hosp_ed,spatial=distance,latent=8,epochs=160,patience=25,batch_size=4,members=64,fit_partition=pathogen,weight_decay=0.0001,covariate_encoder=summary,signal_features=multiscale,covariate_set=kinsa,input_mode=scheduled_final,input_normalization=b0,evaluation_seasons=recent_two,vintage_seasons=all,actual_share=1.0,correction_realizations=4,uncorrected_share=0.1,nowcast_noise=0.5",378.0,1.1275009966358147,,,0.9103611611750946,,,1.1304092005040562,0.04687363972686319,,,0.08151004943149556,,,0.046796524008606316,2,1.1450006811592135,1.072043277883425
"pilot_method=two_stage,revision_signals=all,pilot_nowcaster=real_tree,forecast_targets=flu,pathogen_inputs=flu,correction_weeks=2,growth_anchor=1,reporting_random_strength=1,joint_weight=0.05,correction_penalty=30.0,reporting_method=synchronous_log,reporting_strength=2.0,count_transform=sqrt,ed_transform=logit,loss_weights=flu_hosp_ed,decoder=residual2,latent=8,width=96,epochs=160,patience=25,batch_size=16,fit_partition=pathogen,covariate_encoder=summary,covariate_set=kinsa,input_mode=scheduled_final,input_normalization=b0,evaluation_seasons=recent_two",379.0,1.1531070930654557,,,1.3740548851244085,,,1.1317472470149048,0.23604409452122696,,,0.025007027509333965,,,0.15178227400512023,2,1.1288699871826662,1.143256286343858
"pilot_method=two_stage,revision_signals=all,pilot_nowcaster=real_tree,forecast_targets=flu,pathogen_inputs=flu,correction_weeks=2,growth_anchor=1,reporting_random_strength=1,joint_weight=0.05,correction_penalty=30.0,reporting_method=synchronous_log,lookback=14,count_transform=sqrt,ed_transform=logit,loss_weights=flu_hosp_ed,noise=local,us_error=shared_factor,epochs=160,patience=25,batch_size=16,lr=0.002,fit_partition=pathogen,covariate_encoder=summary,covariate_set=kinsa,input_mode=scheduled_final,input_normalization=b0,evaluation_seasons=recent_two,uncorrected_share=0.1",380.0,1.1333830004162704,,,1.350481709088542,,,1.1366146663087655,0.20354728205248418,,,0.41306849497742254,,,0.23418327444542597,2,1.1434453403130092,1.1092919702917894
"pilot_method=two_stage,pilot_nowcaster=real_tree,forecast_targets=flu,pathogen_inputs=flu,ili_units=flu_scaled,ili_steps=1200,correction_weeks=1,ili_training=pretrain,growth_anchor=1,reporting_random_strength=1,joint_weight=0.05,correction_penalty=30.0,reporting_method=synchronous_log,reporting_strength=1.5,count_transform=sqrt,ed_transform=logit,loss_weights=flu_hosp_ed,decoder=residual2,noise=local,us_error=shared_factor,latent=8,width=96,epochs=160,patience=25,fit_partition=pathogen,covariate_encoder=summary,covariate_set=kinsa,input_mode=scheduled_final,input_normalization=b0,evaluation_seasons=recent_two",381.0,1.149591607866277,,,0.9464713762976936,,,1.1470777917266557,0.10644503222145221,,,0.15767453430163914,,,0.1140445224914283,2,1.1276306256033815,1.2248664562197535
"pilot_method=two_stage,revision_signals=all,pilot_nowcaster=real_tree,forecast_targets=flu,pathogen_inputs=flu,correction_weeks=2,growth_anchor=1,reporting_random_strength=1,joint_weight=0.05,correction_penalty=100.0,lookback=10,count_transform=sqrt,ed_transform=logit,loss_weights=flu_hosp_ed,sum_wis_weight=0.1,latent=32,epochs=160,patience=25,lr=0.002,fit_partition=pathogen,weight_decay=0.0001,covariate_encoder=summary,covariate_set=kinsa,input_mode=scheduled_final,input_normalization=b0,evaluation_seasons=recent_two,vintage_seasons=all,correction_realizations=4,nowcast_noise=1.0,covariate_dropout=0.25",382.0,1.0529781153172784,,,1.67803132532197,,,1.147884206891671,0.1668577968630516,,,0.19498406756554654,,,0.10246805229974952,2,1.150739329880403,1.136463714936744
"pilot_method=two_stage,revision_signals=all,pilot_nowcaster=real_tree,forecast_targets=flu,pathogen_inputs=flu,correction_weeks=1,growth_anchor=1,joint_weight=0.05,correction_penalty=300.0,count_transform=sqrt,ed_transform=logit,loss_weights=flu_hosp_ed,spatial=distance,epochs=160,patience=25,lr=0.004,fit_partition=pathogen,covariate_encoder=summary,covariate_set=kinsa,input_mode=scheduled_final,input_normalization=b0,evaluation_seasons=recent_two,vintage_seasons=all,correction_realizations=2,uncorrected_share=0.1,log_loss_weight=1.0",383.0,1.0901035120350162,,,1.7300312635242694,,,1.1497152899369827,0.15130721773284156,,,0.35327057673034845,,,0.1579498861039525,2,1.188177826197455,0.9958651448950924
"pilot_method=joint,revision_signals=all,pilot_nowcaster=real_tree,forecast_targets=flu,pathogen_inputs=flu,ili_units=flu_scaled,ili_steps=1200,correction_weeks=2,ili_training=pretrain,growth_anchor=1,joint_weight=0.1,correction_penalty=3.0,reporting_strength=0.5,nowcast_weeks=4,lookback=14,ed_transform=logit,loss_weights=flu_hosp_ed,spatial=neighbors,decoder=quantile,latent=32,width=96,epochs=240,patience=25,lr=0.0005,fit_partition=pathogen,covariate_encoder=summary,signal_features=multiscale,input_mode=scheduled_final,input_normalization=b0,evaluation_seasons=recent_two,vintage_seasons=all",384.0,1.1302542215316962,,,1.2852571448744787,,,1.1499900595356296,0.07480104403181385,,,0.1011372146271261,,,0.05976195497878931,2,1.1629986645485948,1.097955639483768
"pilot_method=two_stage,pilot_nowcaster=real_tree,forecast_targets=flu,pathogen_inputs=flu,correction_weeks=2,growth_anchor=1,reporting_random_strength=1,joint_weight=0.05,correction_penalty=30.0,reporting_missingness=0,reporting_strength=2.0,count_transform=sqrt,ed_transform=logit,loss_weights=flu_hosp_ed,width=96,epochs=160,patience=25,lr=0.002,fit_partition=pathogen,covariate_encoder=summary,covariate_set=kinsa,input_mode=scheduled_final,input_normalization=b0,evaluation_seasons=recent_two,vintage_seasons=all,actual_share=1.0,nowcast_noise=0.5,nowcast_noise_train=1",385.0,1.1275416843859263,,,1.071386960941251,,,1.1505787876938305,0.2095280471642259,,,0.12235041455770677,,,0.238319171711049,2,1.1468532806289753,1.1654808159532517
"pilot_method=two_stage,revision_signals=all,pilot_nowcaster=real_tree,forecast_targets=flu,pathogen_inputs=flu,ili_units=flu_scaled,ili_steps=1200,correction_weeks=3,ili_training=pretrain,growth_anchor=1,reporting_random_strength=1,joint_weight=0.05,correction_penalty=100.0,count_transform=sqrt,ed_transform=logit,loss_weights=flu_hosp_ed,decoder=residual2,noise=local,width=96,epochs=160,patience=25,batch_size=16,members=256,lr=0.002,fit_partition=pathogen,weight_decay=0.0001,covariate_encoder=summary,signal_features=multiscale,covariate_set=kinsa,input_mode=scheduled_final,input_normalization=b0,evaluation_seasons=recent_two,uncorrected_share=0.1,covariate_dropout=0.1",386.0,1.088585110120882,,,1.52741981826528,,,1.151731397152016,0.07951158540809919,,,0.1188663571484816,,,0.08028644418175786,2,1.147379745164447,1.1691380051022904
"pilot_method=two_stage,pilot_nowcaster=real_tree,forecast_targets=flu,pathogen_inputs=flu,correction_weeks=3,growth_anchor=1,reporting_random_strength=1,joint_weight=0.05,correction_penalty=30.0,reporting_missingness=0,reporting_strength=1.5,count_transform=sqrt,ed_transform=logit,loss_weights=flu_hosp_ed,decoder=residual2,width=96,epochs=160,patience=25,batch_size=4,fit_partition=pathogen,covariate_encoder=summary,covariate_set=kinsa,input_mode=scheduled_final,input_normalization=b0,evaluation_seasons=recent_two,vintage_seasons=all,log_loss_weight=0.25,covariate_dropout=0.1",387.0,1.1649455034568663,,,0.8631552904732347,,,1.1648597873380044,0.008576124716607325,,,0.08001999552542756,,,0.01627099493859871,2,1.1590197904780233,1.1882197747779295
"pilot_method=two_stage,revision_signals=all,pilot_nowcaster=real_tree,forecast_targets=flu,pathogen_inputs=flu,correction_weeks=3,growth_anchor=1,joint_weight=0.05,correction_penalty=100.0,count_transform=sqrt,ed_transform=logit,loss_weights=flu_hosp_ed,epochs=160,patience=25,lr=0.002,fit_partition=pathogen,weight_decay=3e-05,covariate_encoder=summary,covariate_set=kinsa,input_mode=scheduled_final,input_normalization=b0,evaluation_seasons=recent_two,uncorrected_share=0.25,covariate_dropout=0.25",388.0,1.1366282002700188,,,1.4588813610952962,,,1.166440660873477,0.1148284141241218,,,0.06469933463119357,,,0.08237031808721554,2,1.1496126515891574,1.2337526980107556
"pilot_method=two_stage,pilot_nowcaster=real_tree,forecast_targets=flu,pathogen_inputs=flu,correction_weeks=2,growth_anchor=1,reporting_random_strength=1,joint_weight=0.05,correction_penalty=100.0,count_transform=sqrt,ed_transform=logit,loss_weights=flu_hosp_ed,latent=8,width=96,epochs=160,patience=25,lr=0.004,fit_partition=pathogen,weight_decay=0.0001,covariate_encoder=summary,covariate_set=kinsa,input_mode=scheduled_final,input_normalization=b0,evaluation_seasons=recent_two,actual_share=1.0,correction_realizations=2,nowcast_noise=0.5",389.0,1.186715728525414,,,1.096946718073557,,,1.175326617461754,0.15460046376732822,,,0.1748092789023187,,,0.15943402586012995,2,1.1726509287031814,1.186029372496043
"pilot_method=joint,revision_signals=all,forecast_targets=flu,pathogen_inputs=flu,ili_units=flu_scaled,ili_steps=1200,correction_weeks=2,ili_training=pretrain,growth_anchor=1,joint_weight=0.1,correction_penalty=3.0,correction_strength=0.75,nowcast_weeks=4,ed_transform=logit,loss_weights=flu_hosp_ed,spatial=neighbors,decoder=quantile,width=128,epochs=240,patience=25,fit_partition=pathogen,covariate_encoder=summary,input_mode=scheduled_final,input_normalization=b0,evaluation_seasons=recent_two,vintage_seasons=all,nowcast_noise=0.5",390.0,1.1757940711074841,,,1.399059841847343,,,1.185563507220746,0.14742682074145333,,,0.18096411025849343,,,0.10700626656081737,2,1.1604746702854443,1.285918854961953
"pilot_method=two_stage,pilot_nowcaster=real_tree,forecast_targets=flu,pathogen_inputs=flu,ili_units=flu_scaled,ili_steps=1200,correction_weeks=3,ili_training=pretrain,growth_anchor=1,joint_weight=0.05,correction_penalty=100.0,count_transform=sqrt,ed_transform=logit,loss_weights=flu_hosp_ed,spatial=distance,us_error=shared_factor,latent=8,width=96,epochs=160,patience=25,batch_size=4,lr=0.002,fit_partition=pathogen,weight_decay=3e-05,covariate_encoder=summary,signal_features=multiscale,covariate_set=kinsa,input_mode=scheduled_final,input_normalization=b0,evaluation_seasons=recent_two,actual_share=0.5,uncorrected_share=0.25,nowcast_noise=1.0",391.0,1.2154384425429243,,,0.9678186238987946,,,1.1920144331877922,0.06601297099347551,,,0.06944803970401092,,,0.04763056349903407,2,1.1997977498831394,1.1608811664064023
"pilot_method=two_stage,revision_signals=all,pilot_nowcaster=real_tree,forecast_targets=flu,pathogen_inputs=flu,correction_weeks=2,reporting_random_strength=1,joint_weight=0.05,correction_penalty=30.0,lookback=10,count_transform=sqrt,ed_transform=logit,loss_weights=flu_hosp_ed,spatial=distance,decoder=residual2,noise=local,us_error=shared_factor,width=96,epochs=160,patience=25,members=64,lr=0.004,fit_partition=pathogen,covariate_encoder=summary,signal_features=multiscale,covariate_set=kinsa,input_mode=scheduled_final,input_normalization=b0,evaluation_seasons=recent_two,vintage_seasons=all,uncorrected_share=0.1,nowcast_noise=1.0,log_loss_weight=0.5,covariate_dropout=0.25",392.0,1.215854458654029,,,1.417799556442494,,,1.196689014396802,0.21939780358625055,,,0.2739358347644211,,,0.20488074309046145,2,1.1990863841909278,1.1870995352202984
"pilot_method=two_stage,revision_signals=all,pilot_nowcaster=real_tree,forecast_targets=flu,pathogen_inputs=flu,correction_weeks=3,reporting_random_strength=1,joint_weight=0.05,correction_penalty=30.0,reporting_method=synchronous_log,reporting_strength=1.5,lookback=14,count_transform=sqrt,ed_transform=logit,loss_weights=flu_hosp_ed,spatial=distance,noise=local,us_error=shared_factor,width=128,epochs=160,patience=25,batch_size=16,lr=0.004,fit_partition=pathogen,covariate_encoder=summary,signal_features=multiscale,covariate_set=kinsa,input_mode=scheduled_final,input_normalization=b0,evaluation_seasons=recent_two,vintage_seasons=all,correction_realizations=4,nowcast_noise=0.5,nowcast_noise_train=1",393.0,1.153784934220433,,,1.6499514561675306,,,1.2222600590096568,0.14152698748485762,,,0.527161694438633,,,0.046014968509699446,2,1.22746009049482,1.2014599330690028
"pilot_method=two_stage,revision_signals=all,pilot_nowcaster=real_tree,forecast_targets=flu,pathogen_inputs=flu,ili_units=flu_scaled,ili_steps=1200,correction_weeks=1,ili_training=pretrain,growth_anchor=1,reporting_random_strength=1,joint_weight=0.05,correction_penalty=300.0,reporting_strength=2.0,lookback=14,count_transform=sqrt,ed_transform=logit,loss_weights=flu_hosp_ed,noise=local,latent=8,width=128,epochs=160,patience=25,members=256,lr=0.002,fit_partition=pathogen,covariate_encoder=summary,covariate_set=kinsa,input_mode=scheduled_final,input_normalization=b0,evaluation_seasons=recent_two,vintage_seasons=all,correction_realizations=2,uncorrected_share=0.1",394.0,1.1622224798277856,,,1.8705321930036145,,,1.2256100393727198,0.15022897288360762,,,0.38279362246445464,,,0.17458989881051085,2,1.2379399613454984,1.176290351481605
"pilot_method=two_stage,revision_signals=all,pilot_nowcaster=real_tree,forecast_targets=flu,pathogen_inputs=flu,correction_weeks=2,growth_anchor=1,reporting_random_strength=1,joint_weight=0.05,correction_penalty=300.0,reporting_method=synchronous_log,lookback=10,count_transform=sqrt,ed_transform=logit,loss_weights=flu_hosp_ed,sum_wis_weight=0.1,noise=local,latent=8,width=96,epochs=160,patience=25,fit_partition=pathogen,covariate_encoder=summary,covariate_set=kinsa,input_mode=scheduled_final,input_normalization=b0,evaluation_seasons=recent_two,uncorrected_share=0.1,nowcast_noise=0.5,log_loss_weight=1.0,covariate_dropout=0.25",395.0,1.0721024099793086,,,2.1090805366855934,,,1.2325070079697107,0.2457226658921975,,,0.7057559614543399,,,0.34164297408098676,2,1.2282478936276628,1.2495434653379016
"pilot_method=two_stage,pilot_nowcaster=real_tree,forecast_targets=flu,pathogen_inputs=flu,correction_weeks=1,growth_anchor=1,joint_weight=0.05,correction_penalty=300.0,reporting_method=synchronous_log,count_transform=sqrt,ed_transform=logit,loss_weights=flu_hosp_ed,decoder=residual2,width=128,epochs=160,patience=25,members=64,lr=0.004,fit_partition=pathogen,covariate_encoder=summary,signal_features=multiscale,covariate_set=kinsa,input_mode=scheduled_final,input_normalization=b0,evaluation_seasons=recent_two,actual_share=0.25,correction_realizations=4,nowcast_noise=0.5,log_loss_weight=0.5,covariate_dropout=0.25",396.0,1.2169286306045275,,,1.297442584635593,,,1.2391772933835583,0.21421307523107885,,,0.29728240337624867,,,0.2191557855666064,2,1.223303247807972,1.3026734756859042
"pilot_method=joint,revision_signals=all,forecast_targets=flu,pathogen_inputs=flu,correction_weeks=2,growth_anchor=1,joint_weight=0.1,correction_penalty=3.0,reporting_method=synchronous_log,nowcast_weeks=4,ed_transform=logit,loss_weights=flu_hosp_ed,spatial=neighbors,sum_wis_weight=0.1,noise=local,epochs=240,patience=25,lr=0.0005,fit_partition=pathogen,weight_decay=0.0001,covariate_encoder=summary,input_mode=scheduled_final,input_normalization=b0,evaluation_seasons=recent_two,nowcast_noise=0.5",397.0,1.210855690326442,,,1.643846037664094,,,1.2522016852085311,0.18484643150790422,,,0.15306036580967664,,,0.17445555938162413,2,1.2251632535169144,1.3603554119749965
"pilot_method=joint,revision_signals=all,forecast_targets=flu,pathogen_inputs=flu,correction_weeks=2,growth_anchor=1,joint_weight=0.1,correction_penalty=30.0,reporting_strength=0.5,nowcast_weeks=4,ed_transform=logit,loss_weights=flu_hosp_ed,spatial=distance,decoder=quantile,epochs=240,patience=25,batch_size=4,lr=0.00025,fit_partition=pathogen,covariate_encoder=summary,signal_features=multiscale,input_mode=scheduled_final,input_normalization=b0,evaluation_seasons=recent_two,nowcast_noise=1.0",398.0,1.2717776657979292,,,1.5182245636368121,,,1.2546254598194178,0.018996474538316193,,,0.011078742365776035,,,0.021075876878704162,2,1.1626011075792881,1.622722868779935
"pilot_method=two_stage,pilot_nowcaster=real_tree,forecast_targets=flu,pathogen_inputs=flu,correction_weeks=2,growth_anchor=1,reporting_random_strength=1,joint_weight=0.05,correction_penalty=30.0,reporting_strength=1.5,count_transform=sqrt,ed_transform=logit,loss_weights=flu_hosp_ed,spatial=distance,width=96,epochs=160,patience=25,batch_size=4,members=256,lr=0.002,fit_partition=pathogen,weight_decay=3e-05,covariate_encoder=summary,covariate_set=kinsa,input_mode=scheduled_final,input_normalization=b0,evaluation_seasons=recent_two,vintage_seasons=all,actual_share=0.25,covariate_dropout=0.1",399.0,1.264710437960013,,,0.996058962648473,,,1.2635748078836273,0.010905127099312751,,,0.13958654851976438,,,0.00011135832879437673,2,1.2494464726563848,1.320088148792597
"pilot_method=two_stage,revision_signals=all,pilot_nowcaster=real_tree,forecast_targets=flu,pathogen_inputs=flu,correction_weeks=2,growth_anchor=1,joint_weight=0.05,correction_penalty=100.0,reporting_strength=1.5,lookback=10,count_transform=sqrt,ed_transform=logit,loss_weights=flu_hosp_ed,decoder=residual2,us_error=shared_factor,width=96,epochs=160,patience=25,fit_partition=pathogen,covariate_encoder=summary,covariate_set=kinsa,input_mode=scheduled_final,input_normalization=b0,evaluation_seasons=recent_two,vintage_seasons=all",400.0,1.4045123461109692,,,1.1623844018185165,,,1.3327795057220226,0.14371729807175812,,,0.14716943111524167,,,0.08525865720829362,2,1.3188384906027497,1.388543566199114
