name,seed,season,target,n,median_abs,zero_median_fraction,crps,zero_crps
pathogen_gated_nw0.1_rev0,42,2023-2024,nhsn_covid_admissions,724,0.0,1.0,601.9364636657167,601.9364640883978
pathogen_gated_nw0.1_rev0,42,2023-2024,nhsn_flu_admissions,624,0.0,1.0,153.83653047550908,153.83653846153845
pathogen_gated_nw0.1_rev0,42,2023-2024,nhsn_rsv_admissions,225,0.0,1.0,0.8977766590412838,0.8977777777777778
pathogen_gated_nw0.1_rev0,42,2023-2024,nssp_covid_proportion,1196,0.004485337412916124,0.0,0.013461585849222578,0.01892633783303195
pathogen_gated_nw0.1_rev0,42,2023-2024,nssp_flu_proportion,936,0.0035888939746655524,0.0,0.009712621823359186,0.013242735043449156
pathogen_gated_nw0.1_rev0,42,2023-2024,nssp_rsv_proportion,676,0.0009257528727175668,0.0,0.0036850149190286174,0.0044974852158411955
pathogen_gated_nw0.1_rev0,42,2025-2026,nhsn_covid_admissions,832,0.0,1.0,180.59254095106525,180.59254807692307
pathogen_gated_nw0.1_rev0,42,2025-2026,nhsn_flu_admissions,624,0.0,1.0,141.85736667167473,141.8573717948718
pathogen_gated_nw0.1_rev0,42,2025-2026,nhsn_rsv_admissions,624,0.0,1.0,71.63461324181601,71.63461538461539
pathogen_gated_nw0.1_rev0,42,2025-2026,nssp_covid_proportion,1196,0.010877304477617145,0.0,0.0050662866596757035,0.005390301011963148
pathogen_gated_nw0.1_rev0,42,2025-2026,nssp_flu_proportion,1040,0.005252128466963768,0.0,0.010983775999766994,0.01565807695525599
pathogen_gated_nw0.1_rev0,42,2025-2026,nssp_rsv_proportion,936,0.0009183360525639728,0.0,0.0019298709156805088,0.0025377136766747623
pathogen_gated_nw0.1_rev0,42,2024-2025,nhsn_covid_admissions,819,0.0,1.0,243.33088884357372,243.33089133089132
pathogen_gated_nw0.1_rev0,42,2024-2025,nhsn_flu_admissions,720,0.0,1.0,279.3638842941104,279.3638888888889
pathogen_gated_nw0.1_rev0,42,2024-2025,nhsn_rsv_admissions,565,0.0,1.0,51.76636883317166,51.766371681415926
pathogen_gated_nw0.1_rev0,42,2024-2025,nssp_covid_proportion,1196,0.008744362741708755,0.0,0.0031441600078208386,0.008698745842341312
pathogen_gated_nw0.1_rev0,42,2024-2025,nssp_flu_proportion,1040,0.004546280833892524,0.0,0.014488228180184356,0.0178285577713513
pathogen_gated_nw0.1_rev0,42,2024-2025,nssp_rsv_proportion,832,0.0010431176342535764,0.0,0.0024284700000145256,0.0032278846226920276
pathogen_gated_nw0.1_rev0,43,2023-2024,nhsn_covid_admissions,1038,0.0,1.0,729.5626201938861,729.5626204238921
pathogen_gated_nw0.1_rev0,43,2023-2024,nhsn_flu_admissions,620,0.0,1.0,179.32257624890264,179.32258064516128
pathogen_gated_nw0.1_rev0,43,2023-2024,nhsn_rsv_admissions,60,0.0,1.0,6.81665437946026,6.816666666666666
pathogen_gated_nw0.1_rev0,43,2023-2024,nssp_covid_proportion,1456,0.004873048630543053,0.0,0.008499129633012241,0.012973557718166606
pathogen_gated_nw0.1_rev0,43,2023-2024,nssp_flu_proportion,520,0.00243971252348274,0.0,0.01700183999810878,0.020287115407182473
pathogen_gated_nw0.1_rev0,43,2023-2024,nssp_rsv_proportion,416,0.0011898664524778724,0.0,0.002390294491935772,0.003356249996159022
pathogen_gated_nw0.1_rev0,43,2025-2026,nhsn_covid_admissions,1040,0.0,1.0,200.36826542777982,200.36826923076924
pathogen_gated_nw0.1_rev0,43,2025-2026,nhsn_flu_admissions,676,0.0,1.0,284.5044307705687,284.5044378698225
pathogen_gated_nw0.1_rev0,43,2025-2026,nhsn_rsv_admissions,624,0.0,1.0,18.61056935785512,18.610576923076923
pathogen_gated_nw0.1_rev0,43,2025-2026,nssp_covid_proportion,1456,0.009510868461802602,0.0,0.005073953442731111,0.0038309752875558024
pathogen_gated_nw0.1_rev0,43,2025-2026,nssp_flu_proportion,728,0.004137890529818833,0.0,0.008458108385429323,0.01193186817958981
pathogen_gated_nw0.1_rev0,43,2025-2026,nssp_rsv_proportion,676,0.0009076160786207765,0.0,0.001925348108676114,0.0024693787024353325
pathogen_gated_nw0.1_rev0,43,2024-2025,nhsn_covid_admissions,1031,0.0,1.0,344.69737944364056,344.6973811833172
pathogen_gated_nw0.1_rev0,43,2024-2025,nhsn_flu_admissions,720,0.0,1.0,717.801383765681,717.8013888888889
pathogen_gated_nw0.1_rev0,43,2024-2025,nhsn_rsv_admissions,417,0.0,1.0,10.827331190162365,10.827338129496402
pathogen_gated_nw0.1_rev0,43,2024-2025,nssp_covid_proportion,1456,0.0061565053183585405,0.0,0.0027384181920661922,0.007366414861540501
pathogen_gated_nw0.1_rev0,43,2024-2025,nssp_flu_proportion,832,0.003979779547080398,0.0,0.016630662239409642,0.019167668313754733
pathogen_gated_nw0.1_rev0,43,2024-2025,nssp_rsv_proportion,676,0.0010147393331862986,0.0,0.0024859336047661842,0.0035421597803980747
pathogen_gated_nw0.1_rev0,44,2023-2024,nhsn_covid_admissions,1344,0.0,1.0,665.4620532837334,665.4620535714286
pathogen_gated_nw0.1_rev0,44,2023-2024,nhsn_flu_admissions,988,0.0,1.0,301.19331308619627,301.19331983805665
pathogen_gated_nw0.1_rev0,44,2023-2024,nhsn_rsv_admissions,548,0.0,1.0,3.0547405312482043,3.0547445255474455
pathogen_gated_nw0.1_rev0,44,2023-2024,nssp_covid_proportion,728,0.004639933002181351,0.0,0.009218178862903477,0.014003021995809472
pathogen_gated_nw0.1_rev0,44,2023-2024,nssp_flu_proportion,416,0.0031131439027376473,0.0,0.0020771123436134076,0.003901442311206875
pathogen_gated_nw0.1_rev0,44,2023-2024,nssp_rsv_proportion,416,0.0009248645801562816,0.0,0.0024478432081265896,0.002962500006805595
pathogen_gated_nw0.1_rev0,44,2025-2026,nhsn_covid_admissions,1352,0.0,1.0,193.29733310901776,193.2973372781065
pathogen_gated_nw0.1_rev0,44,2025-2026,nhsn_flu_admissions,1196,0.0,1.0,391.59194235766523,391.59197324414714
pathogen_gated_nw0.1_rev0,44,2025-2026,nhsn_rsv_admissions,936,0.0,1.0,143.2414522533724,143.241452991453
pathogen_gated_nw0.1_rev0,44,2025-2026,nssp_covid_proportion,728,0.009216883219778538,0.0,0.003821130307227537,0.005690384626507364
pathogen_gated_nw0.1_rev0,44,2025-2026,nssp_flu_proportion,416,0.004941758932545781,0.0,0.003747460042999452,0.0011764423073215697
pathogen_gated_nw0.1_rev0,44,2025-2026,nssp_rsv_proportion,624,0.0008818617498036474,0.0,0.0012106806685458138,0.0020322115394894634
pathogen_gated_nw0.1_rev0,44,2024-2025,nhsn_covid_admissions,1338,0.0,1.0,280.95141834565015,280.95142002989536
pathogen_gated_nw0.1_rev0,44,2024-2025,nhsn_flu_admissions,1294,0.0,1.0,388.9227131348385,388.9227202472952
pathogen_gated_nw0.1_rev0,44,2024-2025,nhsn_rsv_admissions,832,0.0,1.0,160.39903829853282,160.39903846153845
pathogen_gated_nw0.1_rev0,44,2024-2025,nssp_covid_proportion,728,0.006818754016421735,0.0,0.003767942633783025,0.010165934095281985
pathogen_gated_nw0.1_rev0,44,2024-2025,nssp_flu_proportion,416,0.003909763763658702,0.0,0.002538675977260797,0.0015105769316330854
pathogen_gated_nw0.1_rev0,44,2024-2025,nssp_rsv_proportion,624,0.0008593883540015668,0.0,0.0010804787557390227,0.0016443910249924953
pathogen_gated_nw0.1_rev0,45,2023-2024,nhsn_covid_admissions,622,0.0,1.0,604.7443728424739,604.7443729903537
pathogen_gated_nw0.1_rev0,45,2023-2024,nhsn_flu_admissions,412,0.0,1.0,262.9417291206238,262.94174757281553
pathogen_gated_nw0.1_rev0,45,2023-2024,nhsn_rsv_admissions,326,0.0,1.0,6.874228833201065,6.874233128834356
pathogen_gated_nw0.1_rev0,45,2023-2024,nssp_covid_proportion,728,0.004906204529106617,0.0,0.008517271584983414,0.014096153857650819
pathogen_gated_nw0.1_rev0,45,2023-2024,nssp_flu_proportion,1456,0.0040128257824108005,0.0,0.00865906180345289,0.011986813194443339
pathogen_gated_nw0.1_rev0,45,2023-2024,nssp_rsv_proportion,728,0.000965724786510691,0.0,0.002438432846217468,0.003015934065093301
pathogen_gated_nw0.1_rev0,45,2025-2026,nhsn_covid_admissions,624,0.0,1.0,138.65061921025043,138.65064102564102
pathogen_gated_nw0.1_rev0,45,2025-2026,nhsn_flu_admissions,520,0.0,1.0,352.42882995042555,352.42884615384617
pathogen_gated_nw0.1_rev0,45,2025-2026,nhsn_rsv_admissions,780,0.0,1.0,89.88717743201612,89.88717948717948
pathogen_gated_nw0.1_rev0,45,2025-2026,nssp_covid_proportion,728,0.011079132091253996,0.0,0.0048242993420149856,0.006031043967765812
pathogen_gated_nw0.1_rev0,45,2025-2026,nssp_flu_proportion,1456,0.005054409732110798,0.0,0.008443026752467211,0.010478365410203328
pathogen_gated_nw0.1_rev0,45,2025-2026,nssp_rsv_proportion,1144,0.000870872347149998,0.0,0.0018173059258318259,0.0023504370662452015
pathogen_gated_nw0.1_rev0,45,2024-2025,nhsn_covid_admissions,624,0.0,1.0,310.5128192129808,310.5128205128205
pathogen_gated_nw0.1_rev0,45,2024-2025,nhsn_flu_admissions,520,0.0,1.0,320.38076508377526,320.3807692307692
pathogen_gated_nw0.1_rev0,45,2024-2025,nhsn_rsv_admissions,726,0.0,1.0,135.5165267531034,135.51652892561984
pathogen_gated_nw0.1_rev0,45,2024-2025,nssp_covid_proportion,728,0.0065206760773435235,0.0,0.003985279653804085,0.010668269265107274
pathogen_gated_nw0.1_rev0,45,2024-2025,nssp_flu_proportion,1456,0.005174303776584566,0.0,0.013207875855746702,0.015565041257114888
pathogen_gated_nw0.1_rev0,45,2024-2025,nssp_rsv_proportion,1144,0.0013628491142299026,0.0,0.001368132778199677,0.00261354895980088
pathogen_gated_nw0.1_rev0,46,2023-2024,nhsn_covid_admissions,728,0.0,1.0,454.39010966112437,454.3901098901099
pathogen_gated_nw0.1_rev0,46,2023-2024,nhsn_flu_admissions,722,0.0,1.0,310.0526171010101,310.05263157894734
pathogen_gated_nw0.1_rev0,46,2023-2024,nhsn_rsv_admissions,471,0.0,1.0,4.331204392735141,4.3312101910828025
pathogen_gated_nw0.1_rev0,46,2023-2024,nssp_covid_proportion,1248,0.00498287589289248,0.0,0.007827831178287736,0.01256362181942304
pathogen_gated_nw0.1_rev0,46,2023-2024,nssp_flu_proportion,832,0.003988831653259695,0.0,0.013136428893456188,0.018070673110121158
pathogen_gated_nw0.1_rev0,46,2023-2024,nssp_rsv_proportion,312,0.001039375114487484,0.0,0.005600774034927525,0.006981410292446992
pathogen_gated_nw0.1_rev0,46,2025-2026,nhsn_covid_admissions,936,0.0,1.0,124.66772850285975,124.66773504273505
pathogen_gated_nw0.1_rev0,46,2025-2026,nhsn_flu_admissions,832,0.0,1.0,247.370170655962,247.37019230769232
pathogen_gated_nw0.1_rev0,46,2025-2026,nhsn_rsv_admissions,988,0.0,1.0,115.43825659499463,115.43825910931174
pathogen_gated_nw0.1_rev0,46,2025-2026,nssp_covid_proportion,1248,0.009359091520309448,0.0,0.004592953027382371,0.005047916683347116
pathogen_gated_nw0.1_rev0,46,2025-2026,nssp_flu_proportion,936,0.006354350131005049,0.0,0.016152524920191633,0.022544764999888414
pathogen_gated_nw0.1_rev0,46,2025-2026,nssp_rsv_proportion,416,0.0019779871799983084,0.0,0.00110407326036903,0.0020341346192498558
pathogen_gated_nw0.1_rev0,46,2024-2025,nhsn_covid_admissions,825,0.0,1.0,207.26423774711128,207.2642424242424
pathogen_gated_nw0.1_rev0,46,2024-2025,nhsn_flu_admissions,828,0.0,1.0,245.81520203623754,245.81521739130434
pathogen_gated_nw0.1_rev0,46,2024-2025,nhsn_rsv_admissions,908,0.0,1.0,160.3160784851856,160.3160792951542
pathogen_gated_nw0.1_rev0,46,2024-2025,nssp_covid_proportion,1248,0.0056989314034581184,0.0,0.004164173338978845,0.00927676284654575
pathogen_gated_nw0.1_rev0,46,2024-2025,nssp_flu_proportion,936,0.006620157626457512,0.0,0.021470523707951845,0.02727884621194051
pathogen_gated_nw0.1_rev0,46,2024-2025,nssp_rsv_proportion,416,0.0012506723287515342,0.0,0.00173359408939597,0.0030223557772527643
pathogen_gated_nw0.2_rev0,42,2023-2024,nhsn_covid_admissions,724,0.0,1.0,601.9364637266328,601.9364640883978
pathogen_gated_nw0.2_rev0,42,2023-2024,nhsn_flu_admissions,624,0.0,1.0,153.83653161040843,153.83653846153845
pathogen_gated_nw0.2_rev0,42,2023-2024,nhsn_rsv_admissions,225,0.0,1.0,0.8977764819057031,0.8977777777777778
pathogen_gated_nw0.2_rev0,42,2023-2024,nssp_covid_proportion,1196,0.004713749629445374,0.0,0.013503373047083081,0.01892633783303195
pathogen_gated_nw0.2_rev0,42,2023-2024,nssp_flu_proportion,936,0.00465990009251982,0.0,0.0086259802992883,0.013242735043449156
pathogen_gated_nw0.2_rev0,42,2023-2024,nssp_rsv_proportion,676,0.0010105178807862103,0.0,0.0033403151379421164,0.0044974852158411955
pathogen_gated_nw0.2_rev0,42,2025-2026,nhsn_covid_admissions,832,0.0,1.0,180.59253721393912,180.59254807692307
pathogen_gated_nw0.2_rev0,42,2025-2026,nhsn_flu_admissions,624,0.0,1.0,141.85736615143597,141.8573717948718
pathogen_gated_nw0.2_rev0,42,2025-2026,nhsn_rsv_admissions,624,0.0,1.0,71.63461407181603,71.63461538461539
pathogen_gated_nw0.2_rev0,42,2025-2026,nssp_covid_proportion,1196,0.010386876296252012,0.0,0.004788877450071437,0.005390301011963148
pathogen_gated_nw0.2_rev0,42,2025-2026,nssp_flu_proportion,1040,0.005173906916752458,0.0,0.01101266945776073,0.01565807695525599
pathogen_gated_nw0.2_rev0,42,2025-2026,nssp_rsv_proportion,936,0.0008561710856156424,0.0,0.0018411293664014835,0.0025377136766747623
pathogen_gated_nw0.2_rev0,42,2024-2025,nhsn_covid_admissions,819,0.0,1.0,243.33088777734397,243.33089133089132
pathogen_gated_nw0.2_rev0,42,2024-2025,nhsn_flu_admissions,720,0.0,1.0,279.36388044704523,279.3638888888889
pathogen_gated_nw0.2_rev0,42,2024-2025,nhsn_rsv_admissions,565,0.0,1.0,51.7663702102143,51.766371681415926
pathogen_gated_nw0.2_rev0,42,2024-2025,nssp_covid_proportion,1196,0.01059054397046566,0.0,0.0034189313676120264,0.008698745842341312
pathogen_gated_nw0.2_rev0,42,2024-2025,nssp_flu_proportion,1040,0.005185357644222677,0.0,0.013490267734330421,0.0178285577713513
pathogen_gated_nw0.2_rev0,42,2024-2025,nssp_rsv_proportion,832,0.001334121625404805,0.0,0.0017638858872190283,0.0032278846226920276
pathogen_gated_nw0.2_rev0,43,2023-2024,nhsn_covid_admissions,1038,0.0,1.0,729.5626201840983,729.5626204238921
pathogen_gated_nw0.2_rev0,43,2023-2024,nhsn_flu_admissions,620,0.0,1.0,179.32257621301272,179.32258064516128
pathogen_gated_nw0.2_rev0,43,2023-2024,nhsn_rsv_admissions,60,0.0,1.0,6.816660657229824,6.816666666666666
pathogen_gated_nw0.2_rev0,43,2023-2024,nssp_covid_proportion,1456,0.004787777434103191,0.0,0.008539157252116538,0.012973557718166606
pathogen_gated_nw0.2_rev0,43,2023-2024,nssp_flu_proportion,520,0.0028566561522893608,0.0,0.016841299549448126,0.020287115407182473
pathogen_gated_nw0.2_rev0,43,2023-2024,nssp_rsv_proportion,416,0.0008677970618009567,0.0,0.0025988158489991084,0.003356249996159022
pathogen_gated_nw0.2_rev0,43,2025-2026,nhsn_covid_admissions,1040,0.0,1.0,200.36826345827652,200.36826923076924
pathogen_gated_nw0.2_rev0,43,2025-2026,nhsn_flu_admissions,676,0.0,1.0,284.50442492782514,284.5044378698225
pathogen_gated_nw0.2_rev0,43,2025-2026,nhsn_rsv_admissions,624,0.0,1.0,18.610569172517014,18.610576923076923
pathogen_gated_nw0.2_rev0,43,2025-2026,nssp_covid_proportion,1456,0.009489083429798484,0.0,0.005036172218072122,0.0038309752875558024
pathogen_gated_nw0.2_rev0,43,2025-2026,nssp_flu_proportion,728,0.004280446795746684,0.0,0.00788156292077434,0.01193186817958981
pathogen_gated_nw0.2_rev0,43,2025-2026,nssp_rsv_proportion,676,0.0009141697955783457,0.0,0.0019051530285952468,0.0024693787024353325
pathogen_gated_nw0.2_rev0,43,2024-2025,nhsn_covid_admissions,1031,0.0,1.0,344.6973796821736,344.6973811833172
pathogen_gated_nw0.2_rev0,43,2024-2025,nhsn_flu_admissions,720,0.0,1.0,717.801384057266,717.8013888888889
pathogen_gated_nw0.2_rev0,43,2024-2025,nhsn_rsv_admissions,417,0.0,1.0,10.82732718981479,10.827338129496402
pathogen_gated_nw0.2_rev0,43,2024-2025,nssp_covid_proportion,1456,0.006255372310988605,0.0,0.0024982549816291335,0.007366414861540501
pathogen_gated_nw0.2_rev0,43,2024-2025,nssp_flu_proportion,832,0.004138194490224123,0.0,0.016628597264396097,0.019167668313754733
pathogen_gated_nw0.2_rev0,43,2024-2025,nssp_rsv_proportion,676,0.0015581301413476467,0.0,0.0016853745634907466,0.0035421597803980747
pathogen_gated_nw0.2_rev0,44,2023-2024,nhsn_covid_admissions,1344,0.0,1.0,665.462053332847,665.4620535714286
pathogen_gated_nw0.2_rev0,44,2023-2024,nhsn_flu_admissions,988,0.0,1.0,301.1933079759507,301.19331983805665
pathogen_gated_nw0.2_rev0,44,2023-2024,nhsn_rsv_admissions,548,0.0,1.0,3.054738876304433,3.0547445255474455
pathogen_gated_nw0.2_rev0,44,2023-2024,nssp_covid_proportion,728,0.004962905077263713,0.0,0.008804393797098393,0.014003021995809472
pathogen_gated_nw0.2_rev0,44,2023-2024,nssp_flu_proportion,416,0.0033706684480421245,0.0,0.0021981363084145975,0.003901442311206875
pathogen_gated_nw0.2_rev0,44,2023-2024,nssp_rsv_proportion,416,0.0008417285280302167,0.0,0.0023950689991439644,0.002962500006805595
pathogen_gated_nw0.2_rev0,44,2025-2026,nhsn_covid_admissions,1352,0.0,1.0,193.29732966488461,193.2973372781065
pathogen_gated_nw0.2_rev0,44,2025-2026,nhsn_flu_admissions,1196,0.0,1.0,391.59195551026244,391.59197324414714
pathogen_gated_nw0.2_rev0,44,2025-2026,nhsn_rsv_admissions,936,0.0,1.0,143.2414522115393,143.241452991453
pathogen_gated_nw0.2_rev0,44,2025-2026,nssp_covid_proportion,728,0.009806654416024685,0.0,0.004106493818843583,0.005690384626507364
pathogen_gated_nw0.2_rev0,44,2025-2026,nssp_flu_proportion,416,0.004150810651481152,0.0,0.0030255334219278806,0.0011764423073215697
pathogen_gated_nw0.2_rev0,44,2025-2026,nssp_rsv_proportion,624,0.0010975983459502459,0.0,0.0016761526396807406,0.0020322115394894634
pathogen_gated_nw0.2_rev0,44,2024-2025,nhsn_covid_admissions,1338,0.0,1.0,280.95141909463683,280.95142002989536
pathogen_gated_nw0.2_rev0,44,2024-2025,nhsn_flu_admissions,1294,0.0,1.0,388.9227115933789,388.9227202472952
pathogen_gated_nw0.2_rev0,44,2024-2025,nhsn_rsv_admissions,832,0.0,1.0,160.3990375767882,160.39903846153845
pathogen_gated_nw0.2_rev0,44,2024-2025,nssp_covid_proportion,728,0.00574937486089766,0.0,0.004527851150759398,0.010165934095281985
pathogen_gated_nw0.2_rev0,44,2024-2025,nssp_flu_proportion,416,0.004198357346467674,0.0,0.002822441180831867,0.0015105769316330854
pathogen_gated_nw0.2_rev0,44,2024-2025,nssp_rsv_proportion,624,0.0009132142586167902,0.0,0.0008444763867980024,0.0016443910249924953
pathogen_gated_nw0.2_rev0,45,2023-2024,nhsn_covid_admissions,622,0.0,1.0,604.7443726541694,604.7443729903537
pathogen_gated_nw0.2_rev0,45,2023-2024,nhsn_flu_admissions,412,0.0,1.0,262.9417246840477,262.94174757281553
pathogen_gated_nw0.2_rev0,45,2023-2024,nhsn_rsv_admissions,326,0.0,1.0,6.874228373786976,6.874233128834356
pathogen_gated_nw0.2_rev0,45,2023-2024,nssp_covid_proportion,728,0.004849734017625451,0.0,0.008464580014953134,0.014096153857650819
pathogen_gated_nw0.2_rev0,45,2023-2024,nssp_flu_proportion,1456,0.004329168004915118,0.0,0.008612621538174738,0.011986813194443339
pathogen_gated_nw0.2_rev0,45,2023-2024,nssp_rsv_proportion,728,0.0011230721429456025,0.0,0.002332070766027715,0.003015934065093301
pathogen_gated_nw0.2_rev0,45,2025-2026,nhsn_covid_admissions,624,0.0,1.0,138.6506223739902,138.65064102564102
pathogen_gated_nw0.2_rev0,45,2025-2026,nhsn_flu_admissions,520,0.0,1.0,352.42882462311917,352.42884615384617
pathogen_gated_nw0.2_rev0,45,2025-2026,nhsn_rsv_admissions,780,0.0,1.0,89.88717699772292,89.88717948717948
pathogen_gated_nw0.2_rev0,45,2025-2026,nssp_covid_proportion,728,0.011153176659718156,0.0,0.004824511338713589,0.006031043967765812
pathogen_gated_nw0.2_rev0,45,2025-2026,nssp_flu_proportion,1456,0.004964057239703834,0.0,0.009032374994183976,0.010478365410203328
pathogen_gated_nw0.2_rev0,45,2025-2026,nssp_rsv_proportion,1144,0.0009427279437659308,0.0,0.0017947972987045191,0.0023504370662452015
pathogen_gated_nw0.2_rev0,45,2024-2025,nhsn_covid_admissions,624,0.0,1.0,310.51281906587957,310.5128205128205
pathogen_gated_nw0.2_rev0,45,2024-2025,nhsn_flu_admissions,520,0.0,1.0,320.3807596679263,320.3807692307692
pathogen_gated_nw0.2_rev0,45,2024-2025,nhsn_rsv_admissions,726,0.0,1.0,135.51652739359267,135.51652892561984
pathogen_gated_nw0.2_rev0,45,2024-2025,nssp_covid_proportion,728,0.007070728694088757,0.0,0.003508597955870145,0.010668269265107274
pathogen_gated_nw0.2_rev0,45,2024-2025,nssp_flu_proportion,1456,0.005283220554701984,0.0,0.013516306162943022,0.015565041257114888
pathogen_gated_nw0.2_rev0,45,2024-2025,nssp_rsv_proportion,1144,0.000626947803539224,0.0,0.001178910353427728,0.00261354895980088
pathogen_gated_nw0.2_rev0,46,2023-2024,nhsn_covid_admissions,728,0.0,1.0,454.39010965669564,454.3901098901099
pathogen_gated_nw0.2_rev0,46,2023-2024,nhsn_flu_admissions,722,0.0,1.0,310.05261726498645,310.05263157894734
pathogen_gated_nw0.2_rev0,46,2023-2024,nhsn_rsv_admissions,471,0.0,1.0,4.331203853705742,4.3312101910828025
pathogen_gated_nw0.2_rev0,46,2023-2024,nssp_covid_proportion,1248,0.004974236246198416,0.0,0.00782224046941757,0.01256362181942304
pathogen_gated_nw0.2_rev0,46,2023-2024,nssp_flu_proportion,832,0.004241046262905002,0.0,0.013095014499553005,0.018070673110121158
pathogen_gated_nw0.2_rev0,46,2023-2024,nssp_rsv_proportion,312,0.0011224813351873308,0.0,0.005493240624090481,0.006981410292446992
pathogen_gated_nw0.2_rev0,46,2025-2026,nhsn_covid_admissions,936,0.0,1.0,124.66772937639365,124.66773504273505
pathogen_gated_nw0.2_rev0,46,2025-2026,nhsn_flu_admissions,832,0.0,1.0,247.37018050960384,247.37019230769232
pathogen_gated_nw0.2_rev0,46,2025-2026,nhsn_rsv_admissions,988,0.0,1.0,115.43825594279,115.43825910931174
pathogen_gated_nw0.2_rev0,46,2025-2026,nssp_covid_proportion,1248,0.009013139177113771,0.0,0.004429566170774006,0.005047916683347116
pathogen_gated_nw0.2_rev0,46,2025-2026,nssp_flu_proportion,936,0.003952550934627652,0.0,0.01928665562706719,0.022544764999888414
pathogen_gated_nw0.2_rev0,46,2025-2026,nssp_rsv_proportion,416,0.0016733199881855398,0.0,0.0012412274861792237,0.0020341346192498558
pathogen_gated_nw0.2_rev0,46,2024-2025,nhsn_covid_admissions,825,0.0,1.0,207.26423767684744,207.2642424242424
pathogen_gated_nw0.2_rev0,46,2024-2025,nhsn_flu_admissions,828,0.0,1.0,245.8152070270993,245.81521739130434
pathogen_gated_nw0.2_rev0,46,2024-2025,nhsn_rsv_admissions,908,0.0,1.0,160.31607794150216,160.3160792951542
pathogen_gated_nw0.2_rev0,46,2024-2025,nssp_covid_proportion,1248,0.006406619562767446,0.0,0.0035338219930473804,0.00927676284654575
pathogen_gated_nw0.2_rev0,46,2024-2025,nssp_flu_proportion,936,0.006052039097994566,0.0,0.02213408156504191,0.02727884621194051
pathogen_gated_nw0.2_rev0,46,2024-2025,nssp_rsv_proportion,416,0.0019105156534351408,0.0,0.0015660239195872587,0.0030223557772527643
pathogen_gated_nw0.1_rev0.5,42,2023-2024,nhsn_covid_admissions,724,0.0,1.0,601.9364638349293,601.9364640883978
pathogen_gated_nw0.1_rev0.5,42,2023-2024,nhsn_flu_admissions,624,0.0,1.0,153.83652861617142,153.83653846153845
pathogen_gated_nw0.1_rev0.5,42,2023-2024,nhsn_rsv_admissions,225,0.0,1.0,0.8977762167494274,0.8977777777777778
pathogen_gated_nw0.1_rev0.5,42,2023-2024,nssp_covid_proportion,1196,0.004739508032798767,0.0,0.013516719749793652,0.01892633783303195
pathogen_gated_nw0.1_rev0.5,42,2023-2024,nssp_flu_proportion,936,0.0036800981033593416,0.0,0.009696386270288479,0.013242735043449156
pathogen_gated_nw0.1_rev0.5,42,2023-2024,nssp_rsv_proportion,676,0.000982448604190722,0.0,0.003658869171191951,0.0044974852158411955
pathogen_gated_nw0.1_rev0.5,42,2025-2026,nhsn_covid_admissions,832,0.0,1.0,180.5925394329709,180.59254807692307
pathogen_gated_nw0.1_rev0.5,42,2025-2026,nhsn_flu_admissions,624,0.0,1.0,141.85736657422908,141.8573717948718
pathogen_gated_nw0.1_rev0.5,42,2025-2026,nhsn_rsv_admissions,624,0.0,1.0,71.63461128049352,71.63461538461539
pathogen_gated_nw0.1_rev0.5,42,2025-2026,nssp_covid_proportion,1196,0.010860992828384042,0.0,0.004964281289264354,0.005390301011963148
pathogen_gated_nw0.1_rev0.5,42,2025-2026,nssp_flu_proportion,1040,0.005073907785117626,0.0,0.010725325630196144,0.01565807695525599
pathogen_gated_nw0.1_rev0.5,42,2025-2026,nssp_rsv_proportion,936,0.0011210926459170878,0.0,0.002180199366590293,0.0025377136766747623
pathogen_gated_nw0.1_rev0.5,42,2024-2025,nhsn_covid_admissions,819,0.0,1.0,243.3308898503429,243.33089133089132
pathogen_gated_nw0.1_rev0.5,42,2024-2025,nhsn_flu_admissions,720,0.0,1.0,279.36378911472536,279.3638888888889
pathogen_gated_nw0.1_rev0.5,42,2024-2025,nhsn_rsv_admissions,565,0.0,1.0,51.76637025116259,51.766371681415926
pathogen_gated_nw0.1_rev0.5,42,2024-2025,nssp_covid_proportion,1196,0.006695340853184462,0.0,0.003387720113899325,0.008698745842341312
pathogen_gated_nw0.1_rev0.5,42,2024-2025,nssp_flu_proportion,1040,0.009854133240878582,0.0,0.007677216390136611,0.0178285577713513
pathogen_gated_nw0.1_rev0.5,42,2024-2025,nssp_rsv_proportion,832,0.0013671214401256293,0.0,0.0017257597498708211,0.0032278846226920276
pathogen_gated_nw0.1_rev0.5,43,2023-2024,nhsn_covid_admissions,1038,0.0,1.0,729.5626200917237,729.5626204238921
pathogen_gated_nw0.1_rev0.5,43,2023-2024,nhsn_flu_admissions,620,0.0,1.0,179.32257039913563,179.32258064516128
pathogen_gated_nw0.1_rev0.5,43,2023-2024,nhsn_rsv_admissions,60,0.0,1.0,6.8166638212051245,6.816666666666666
pathogen_gated_nw0.1_rev0.5,43,2023-2024,nssp_covid_proportion,1456,0.006266107666306198,0.0,0.007151442908902287,0.012973557718166606
pathogen_gated_nw0.1_rev0.5,43,2023-2024,nssp_flu_proportion,520,0.0038123936392366886,0.0,0.014118922997854846,0.020287115407182473
pathogen_gated_nw0.1_rev0.5,43,2023-2024,nssp_rsv_proportion,416,0.0009816041856538504,0.0,0.0025726103782080126,0.003356249996159022
pathogen_gated_nw0.1_rev0.5,43,2025-2026,nhsn_covid_admissions,1040,0.0,1.0,200.36826492924123,200.36826923076924
pathogen_gated_nw0.1_rev0.5,43,2025-2026,nhsn_flu_admissions,676,0.0,1.0,284.5044282516224,284.5044378698225
pathogen_gated_nw0.1_rev0.5,43,2025-2026,nhsn_rsv_admissions,624,0.0,1.0,18.610549864565694,18.610576923076923
pathogen_gated_nw0.1_rev0.5,43,2025-2026,nssp_covid_proportion,1456,0.009226551512256265,0.0,0.0048908392757137055,0.0038309752875558024
pathogen_gated_nw0.1_rev0.5,43,2025-2026,nssp_flu_proportion,728,0.004220963921397924,0.0,0.008417630682733044,0.01193186817958981
pathogen_gated_nw0.1_rev0.5,43,2025-2026,nssp_rsv_proportion,676,0.0011931156914215535,0.0,0.0018045691875417126,0.0024693787024353325
pathogen_gated_nw0.1_rev0.5,43,2024-2025,nhsn_covid_admissions,1031,0.0,1.0,344.6973794070388,344.6973811833172
pathogen_gated_nw0.1_rev0.5,43,2024-2025,nhsn_flu_admissions,720,0.0,1.0,717.8013845821731,717.8013888888889
pathogen_gated_nw0.1_rev0.5,43,2024-2025,nhsn_rsv_admissions,417,0.0,1.0,10.827326592120514,10.827338129496402
pathogen_gated_nw0.1_rev0.5,43,2024-2025,nssp_covid_proportion,1456,0.006236653076484799,0.0,0.002725471699814879,0.007366414861540501
pathogen_gated_nw0.1_rev0.5,43,2024-2025,nssp_flu_proportion,832,0.004276048974134028,0.0,0.016674271355196443,0.019167668313754733
pathogen_gated_nw0.1_rev0.5,43,2024-2025,nssp_rsv_proportion,676,0.0014701293548569083,0.0,0.002214560791255614,0.0035421597803980747
pathogen_gated_nw0.1_rev0.5,44,2023-2024,nhsn_covid_admissions,1344,0.0,1.0,665.4620532838727,665.4620535714286
pathogen_gated_nw0.1_rev0.5,44,2023-2024,nhsn_flu_admissions,988,0.0,1.0,301.19331434681686,301.19331983805665
pathogen_gated_nw0.1_rev0.5,44,2023-2024,nhsn_rsv_admissions,548,0.0,1.0,3.054740646817494,3.0547445255474455
pathogen_gated_nw0.1_rev0.5,44,2023-2024,nssp_covid_proportion,728,0.005741614382714033,0.0,0.007908927507722202,0.014003021995809472
pathogen_gated_nw0.1_rev0.5,44,2023-2024,nssp_flu_proportion,416,0.0029523432604037225,0.0,0.0020637449503668063,0.003901442311206875
pathogen_gated_nw0.1_rev0.5,44,2023-2024,nssp_rsv_proportion,416,0.0008929424220696092,0.0,0.0024595358127743774,0.002962500006805595
pathogen_gated_nw0.1_rev0.5,44,2025-2026,nhsn_covid_admissions,1352,0.0,1.0,193.29732941981686,193.2973372781065
pathogen_gated_nw0.1_rev0.5,44,2025-2026,nhsn_flu_admissions,1196,0.0,1.0,391.591955570022,391.59197324414714
pathogen_gated_nw0.1_rev0.5,44,2025-2026,nhsn_rsv_admissions,936,0.0,1.0,143.24145243874705,143.241452991453
pathogen_gated_nw0.1_rev0.5,44,2025-2026,nssp_covid_proportion,728,0.010397621896117926,0.0,0.004383859251562511,0.005690384626507364
pathogen_gated_nw0.1_rev0.5,44,2025-2026,nssp_flu_proportion,416,0.0038414806476794183,0.0,0.002687712187427958,0.0011764423073215697
pathogen_gated_nw0.1_rev0.5,44,2025-2026,nssp_rsv_proportion,624,0.0006908737705089152,0.0,0.001100707277985818,0.0020322115394894634
pathogen_gated_nw0.1_rev0.5,44,2024-2025,nhsn_covid_admissions,1338,0.0,1.0,280.95141905424487,280.95142002989536
pathogen_gated_nw0.1_rev0.5,44,2024-2025,nhsn_flu_admissions,1294,0.0,1.0,388.92271258824906,388.9227202472952
pathogen_gated_nw0.1_rev0.5,44,2024-2025,nhsn_rsv_admissions,832,0.0,1.0,160.3990380459197,160.39903846153845
pathogen_gated_nw0.1_rev0.5,44,2024-2025,nssp_covid_proportion,728,0.005830072448588908,0.0,0.004489607875846879,0.010165934095281985
pathogen_gated_nw0.1_rev0.5,44,2024-2025,nssp_flu_proportion,416,0.004210611223243177,0.0,0.0028289435999795387,0.0015105769316330854
pathogen_gated_nw0.1_rev0.5,44,2024-2025,nssp_rsv_proportion,624,0.0007399057358270511,0.0,0.000754355496435612,0.0016443910249924953
pathogen_gated_nw0.1_rev0.5,45,2023-2024,nhsn_covid_admissions,622,0.0,1.0,604.7443727663558,604.7443729903537
pathogen_gated_nw0.1_rev0.5,45,2023-2024,nhsn_flu_admissions,412,0.0,1.0,262.9417159758304,262.94174757281553
pathogen_gated_nw0.1_rev0.5,45,2023-2024,nhsn_rsv_admissions,326,0.0,1.0,6.874227402202749,6.874233128834356
pathogen_gated_nw0.1_rev0.5,45,2023-2024,nssp_covid_proportion,728,0.004824080504477024,0.0,0.008645147569400801,0.014096153857650819
pathogen_gated_nw0.1_rev0.5,45,2023-2024,nssp_flu_proportion,1456,0.003797144687268883,0.0,0.008467577194396354,0.011986813194443339
pathogen_gated_nw0.1_rev0.5,45,2023-2024,nssp_rsv_proportion,728,0.0011444736446719617,0.0,0.002318166669043661,0.003015934065093301
pathogen_gated_nw0.1_rev0.5,45,2025-2026,nhsn_covid_admissions,624,0.0,1.0,138.65063250925616,138.65064102564102
pathogen_gated_nw0.1_rev0.5,45,2025-2026,nhsn_flu_admissions,520,0.0,1.0,352.42882690831976,352.42884615384617
pathogen_gated_nw0.1_rev0.5,45,2025-2026,nhsn_rsv_admissions,780,0.0,1.0,89.88717721516471,89.88717948717948
pathogen_gated_nw0.1_rev0.5,45,2025-2026,nssp_covid_proportion,728,0.00944516807794571,0.0,0.00415284975571302,0.006031043967765812
pathogen_gated_nw0.1_rev0.5,45,2025-2026,nssp_flu_proportion,1456,0.00511186255607754,0.0,0.008463215341075388,0.010478365410203328
pathogen_gated_nw0.1_rev0.5,45,2025-2026,nssp_rsv_proportion,1144,0.0009029616485349834,0.0,0.0018075980396407157,0.0023504370662452015
pathogen_gated_nw0.1_rev0.5,45,2024-2025,nhsn_covid_admissions,624,0.0,1.0,310.51281937383686,310.5128205128205
pathogen_gated_nw0.1_rev0.5,45,2024-2025,nhsn_flu_admissions,520,0.0,1.0,320.38074872925176,320.3807692307692
pathogen_gated_nw0.1_rev0.5,45,2024-2025,nhsn_rsv_admissions,726,0.0,1.0,135.51652685039903,135.51652892561984
pathogen_gated_nw0.1_rev0.5,45,2024-2025,nssp_covid_proportion,728,0.006494696019217372,0.0,0.0039108341107538976,0.010668269265107274
pathogen_gated_nw0.1_rev0.5,45,2024-2025,nssp_flu_proportion,1456,0.004605834023095667,0.0,0.013729854280477361,0.015565041257114888
pathogen_gated_nw0.1_rev0.5,45,2024-2025,nssp_rsv_proportion,1144,0.0013256105885375291,0.0,0.0013417194615384007,0.00261354895980088
pathogen_gated_nw0.1_rev0.5,46,2023-2024,nhsn_covid_admissions,728,0.0,1.0,454.39010958735827,454.3901098901099
pathogen_gated_nw0.1_rev0.5,46,2023-2024,nhsn_flu_admissions,722,0.0,1.0,310.0526218215831,310.05263157894734
pathogen_gated_nw0.1_rev0.5,46,2023-2024,nhsn_rsv_admissions,471,0.0,1.0,4.331207430048196,4.3312101910828025
pathogen_gated_nw0.1_rev0.5,46,2023-2024,nssp_covid_proportion,1248,0.004752010805532336,0.0,0.007843324635592954,0.01256362181942304
pathogen_gated_nw0.1_rev0.5,46,2023-2024,nssp_flu_proportion,832,0.0035450075520202518,0.0,0.013591008834282547,0.018070673110121158
pathogen_gated_nw0.1_rev0.5,46,2023-2024,nssp_rsv_proportion,312,0.0007806210196577013,0.0,0.006075253758995249,0.006981410292446992
pathogen_gated_nw0.1_rev0.5,46,2025-2026,nhsn_covid_admissions,936,0.0,1.0,124.66772813625587,124.66773504273505
pathogen_gated_nw0.1_rev0.5,46,2025-2026,nhsn_flu_admissions,832,0.0,1.0,247.37017920193935,247.37019230769232
pathogen_gated_nw0.1_rev0.5,46,2025-2026,nhsn_rsv_admissions,988,0.0,1.0,115.43825300775322,115.43825910931174
pathogen_gated_nw0.1_rev0.5,46,2025-2026,nssp_covid_proportion,1248,0.008959547383710742,0.0,0.004345385131949651,0.005047916683347116
pathogen_gated_nw0.1_rev0.5,46,2025-2026,nssp_flu_proportion,936,0.0038619323750026524,0.0,0.01930889637141939,0.022544764999888414
pathogen_gated_nw0.1_rev0.5,46,2025-2026,nssp_rsv_proportion,416,0.001509953523054719,0.0,0.0016276215863819323,0.0020341346192498558
pathogen_gated_nw0.1_rev0.5,46,2024-2025,nhsn_covid_admissions,825,0.0,1.0,207.26423788411043,207.2642424242424
pathogen_gated_nw0.1_rev0.5,46,2024-2025,nhsn_flu_admissions,828,0.0,1.0,245.8152119584571,245.81521739130434
pathogen_gated_nw0.1_rev0.5,46,2024-2025,nhsn_rsv_admissions,908,0.0,1.0,160.31607705630205,160.3160792951542
pathogen_gated_nw0.1_rev0.5,46,2024-2025,nssp_covid_proportion,1248,0.005825154483318329,0.0,0.004116173538302694,0.00927676284654575
pathogen_gated_nw0.1_rev0.5,46,2024-2025,nssp_flu_proportion,936,0.006186584592796862,0.0,0.020468934530336446,0.02727884621194051
pathogen_gated_nw0.1_rev0.5,46,2024-2025,nssp_rsv_proportion,416,0.0016700388514436781,0.0,0.001581041610227028,0.0030223557772527643
pathogen_gated_nw0.2_rev0.5,42,2023-2024,nhsn_covid_admissions,724,0.0,1.0,601.9364637254023,601.9364640883978
pathogen_gated_nw0.2_rev0.5,42,2023-2024,nhsn_flu_admissions,624,0.0,1.0,153.83652808601587,153.83653846153845
pathogen_gated_nw0.2_rev0.5,42,2023-2024,nhsn_rsv_admissions,225,0.0,1.0,0.8977770134433006,0.8977777777777778
pathogen_gated_nw0.2_rev0.5,42,2023-2024,nssp_covid_proportion,1196,0.005799292819574475,0.0,0.01156353348119334,0.01892633783303195
pathogen_gated_nw0.2_rev0.5,42,2023-2024,nssp_flu_proportion,936,0.0037336077075451612,0.0,0.009852633241552344,0.013242735043449156
pathogen_gated_nw0.2_rev0.5,42,2023-2024,nssp_rsv_proportion,676,0.0009221364161930978,0.0,0.0035058083949748705,0.0044974852158411955
pathogen_gated_nw0.2_rev0.5,42,2025-2026,nhsn_covid_admissions,832,0.0,1.0,180.59253839935593,180.59254807692307
pathogen_gated_nw0.2_rev0.5,42,2025-2026,nhsn_flu_admissions,624,0.0,1.0,141.857365989089,141.8573717948718
pathogen_gated_nw0.2_rev0.5,42,2025-2026,nhsn_rsv_admissions,624,0.0,1.0,71.63461382945468,71.63461538461539
pathogen_gated_nw0.2_rev0.5,42,2025-2026,nssp_covid_proportion,1196,0.01009184098802507,0.0,0.004695315065882854,0.005390301011963148
pathogen_gated_nw0.2_rev0.5,42,2025-2026,nssp_flu_proportion,1040,0.005664586671628058,0.0,0.01031280525645483,0.01565807695525599
pathogen_gated_nw0.2_rev0.5,42,2025-2026,nssp_rsv_proportion,936,0.0009712276223581284,0.0,0.0015250540871218415,0.0025377136766747623
pathogen_gated_nw0.2_rev0.5,42,2024-2025,nhsn_covid_admissions,819,0.0,1.0,243.33088855372898,243.33089133089132
pathogen_gated_nw0.2_rev0.5,42,2024-2025,nhsn_flu_admissions,720,0.0,1.0,279.36386658313745,279.3638888888889
pathogen_gated_nw0.2_rev0.5,42,2024-2025,nhsn_rsv_admissions,565,0.0,1.0,51.76636642181104,51.766371681415926
pathogen_gated_nw0.2_rev0.5,42,2024-2025,nssp_covid_proportion,1196,0.007550276233814657,0.0,0.00294714979160644,0.008698745842341312
pathogen_gated_nw0.2_rev0.5,42,2024-2025,nssp_flu_proportion,1040,0.009122350253164768,0.0,0.0072262875021736435,0.0178285577713513
pathogen_gated_nw0.2_rev0.5,42,2024-2025,nssp_rsv_proportion,832,0.0015454341191798449,0.0,0.0019090112318561015,0.0032278846226920276
pathogen_gated_nw0.2_rev0.5,43,2023-2024,nhsn_covid_admissions,1038,0.0,1.0,729.5626201706918,729.5626204238921
pathogen_gated_nw0.2_rev0.5,43,2023-2024,nhsn_flu_admissions,620,0.0,1.0,179.32257526267904,179.32258064516128
pathogen_gated_nw0.2_rev0.5,43,2023-2024,nhsn_rsv_admissions,60,0.0,1.0,6.8166519858939525,6.816666666666666
pathogen_gated_nw0.2_rev0.5,43,2023-2024,nssp_covid_proportion,1456,0.00578526733443141,0.0,0.006533899979231237,0.012973557718166606
pathogen_gated_nw0.2_rev0.5,43,2023-2024,nssp_flu_proportion,520,0.003591615124605596,0.0,0.016249292083151744,0.020287115407182473
pathogen_gated_nw0.2_rev0.5,43,2023-2024,nssp_rsv_proportion,416,0.0011338969052303582,0.0,0.002326197184209797,0.003356249996159022
pathogen_gated_nw0.2_rev0.5,43,2025-2026,nhsn_covid_admissions,1040,0.0,1.0,200.3682651112733,200.36826923076924
pathogen_gated_nw0.2_rev0.5,43,2025-2026,nhsn_flu_admissions,676,0.0,1.0,284.5044285408778,284.5044378698225
pathogen_gated_nw0.2_rev0.5,43,2025-2026,nhsn_rsv_admissions,624,0.0,1.0,18.610568727660784,18.610576923076923
pathogen_gated_nw0.2_rev0.5,43,2025-2026,nssp_covid_proportion,1456,0.009164734510704875,0.0,0.0047896046205726005,0.0038309752875558024
pathogen_gated_nw0.2_rev0.5,43,2025-2026,nssp_flu_proportion,728,0.004387216875329614,0.0,0.008333495329100184,0.01193186817958981
pathogen_gated_nw0.2_rev0.5,43,2025-2026,nssp_rsv_proportion,676,0.0009210824791807681,0.0,0.0019084984149166297,0.0024693787024353325
pathogen_gated_nw0.2_rev0.5,43,2024-2025,nhsn_covid_admissions,1031,0.0,1.0,344.69737919074885,344.6973811833172
pathogen_gated_nw0.2_rev0.5,43,2024-2025,nhsn_flu_admissions,720,0.0,1.0,717.8013841590238,717.8013888888889
pathogen_gated_nw0.2_rev0.5,43,2024-2025,nhsn_rsv_admissions,417,0.0,1.0,10.827325136925364,10.827338129496402
pathogen_gated_nw0.2_rev0.5,43,2024-2025,nssp_covid_proportion,1456,0.006646355614066124,0.0,0.0025841211402991204,0.007366414861540501
pathogen_gated_nw0.2_rev0.5,43,2024-2025,nssp_flu_proportion,832,0.0048277092864736915,0.0,0.016230400916426264,0.019167668313754733
pathogen_gated_nw0.2_rev0.5,43,2024-2025,nssp_rsv_proportion,676,0.001438013365259394,0.0,0.002173742022104086,0.0035421597803980747
pathogen_gated_nw0.2_rev0.5,44,2023-2024,nhsn_covid_admissions,1344,0.0,1.0,665.4620531627403,665.4620535714286
pathogen_gated_nw0.2_rev0.5,44,2023-2024,nhsn_flu_admissions,988,0.0,1.0,301.1933140585632,301.19331983805665
pathogen_gated_nw0.2_rev0.5,44,2023-2024,nhsn_rsv_admissions,548,0.0,1.0,3.0547404109536376,3.0547445255474455
pathogen_gated_nw0.2_rev0.5,44,2023-2024,nssp_covid_proportion,728,0.005278793163597584,0.0,0.008405718948339639,0.014003021995809472
pathogen_gated_nw0.2_rev0.5,44,2023-2024,nssp_flu_proportion,416,0.00303117954172194,0.0,0.0021249636054283027,0.003901442311206875
pathogen_gated_nw0.2_rev0.5,44,2023-2024,nssp_rsv_proportion,416,0.0009036514966282994,0.0,0.002461915685146848,0.002962500006805595
pathogen_gated_nw0.2_rev0.5,44,2025-2026,nhsn_covid_admissions,1352,0.0,1.0,193.29733346273738,193.2973372781065
pathogen_gated_nw0.2_rev0.5,44,2025-2026,nhsn_flu_admissions,1196,0.0,1.0,391.5919598452202,391.59197324414714
pathogen_gated_nw0.2_rev0.5,44,2025-2026,nhsn_rsv_admissions,936,0.0,1.0,143.24145057506897,143.241452991453
pathogen_gated_nw0.2_rev0.5,44,2025-2026,nssp_covid_proportion,728,0.010617569787427783,0.0,0.00467790492097425,0.005690384626507364
pathogen_gated_nw0.2_rev0.5,44,2025-2026,nssp_flu_proportion,416,0.004365946631878614,0.0,0.003369045693541641,0.0011764423073215697
pathogen_gated_nw0.2_rev0.5,44,2025-2026,nssp_rsv_proportion,624,0.0013085364771541208,0.0,0.00172308143149936,0.0020322115394894634
pathogen_gated_nw0.2_rev0.5,44,2024-2025,nhsn_covid_admissions,1338,0.0,1.0,280.9514188570953,280.95142002989536
pathogen_gated_nw0.2_rev0.5,44,2024-2025,nhsn_flu_admissions,1294,0.0,1.0,388.9227112516,388.9227202472952
pathogen_gated_nw0.2_rev0.5,44,2024-2025,nhsn_rsv_admissions,832,0.0,1.0,160.39903820419798,160.39903846153845
pathogen_gated_nw0.2_rev0.5,44,2024-2025,nssp_covid_proportion,728,0.00750751537270844,0.0,0.003600789528278695,0.010165934095281985
pathogen_gated_nw0.2_rev0.5,44,2024-2025,nssp_flu_proportion,416,0.004610550822690129,0.0,0.003262924936559732,0.0015105769316330854
pathogen_gated_nw0.2_rev0.5,44,2024-2025,nssp_rsv_proportion,624,0.0010031440178863704,0.0,0.0011453574337069884,0.0016443910249924953
pathogen_gated_nw0.2_rev0.5,45,2023-2024,nhsn_covid_admissions,622,0.0,1.0,604.744372597696,604.7443729903537
pathogen_gated_nw0.2_rev0.5,45,2023-2024,nhsn_flu_admissions,412,0.0,1.0,262.94172125285525,262.94174757281553
pathogen_gated_nw0.2_rev0.5,45,2023-2024,nhsn_rsv_admissions,326,0.0,1.0,6.874227763132953,6.874233128834356
pathogen_gated_nw0.2_rev0.5,45,2023-2024,nssp_covid_proportion,728,0.005062905722297728,0.0,0.007994640048239559,0.014096153857650819
pathogen_gated_nw0.2_rev0.5,45,2023-2024,nssp_flu_proportion,1456,0.004429779713973403,0.0,0.008565044504084053,0.011986813194443339
pathogen_gated_nw0.2_rev0.5,45,2023-2024,nssp_rsv_proportion,728,0.0011331324931234121,0.0,0.0023300092069313484,0.003015934065093301
pathogen_gated_nw0.2_rev0.5,45,2025-2026,nhsn_covid_admissions,624,0.0,1.0,138.65063007783877,138.65064102564102
pathogen_gated_nw0.2_rev0.5,45,2025-2026,nhsn_flu_admissions,520,0.0,1.0,352.42883978904047,352.42884615384617
pathogen_gated_nw0.2_rev0.5,45,2025-2026,nhsn_rsv_admissions,780,0.0,1.0,89.88717660361134,89.88717948717948
pathogen_gated_nw0.2_rev0.5,45,2025-2026,nssp_covid_proportion,728,0.009937961352989078,0.0,0.004064036252192646,0.006031043967765812
pathogen_gated_nw0.2_rev0.5,45,2025-2026,nssp_flu_proportion,1456,0.0040719626704230905,0.0,0.008028917697754299,0.010478365410203328
pathogen_gated_nw0.2_rev0.5,45,2025-2026,nssp_rsv_proportion,1144,0.0008573461673222482,0.0,0.0018167500599377815,0.0023504370662452015
pathogen_gated_nw0.2_rev0.5,45,2024-2025,nhsn_covid_admissions,624,0.0,1.0,310.51281927487787,310.5128205128205
pathogen_gated_nw0.2_rev0.5,45,2024-2025,nhsn_flu_admissions,520,0.0,1.0,320.38075068639614,320.3807692307692
pathogen_gated_nw0.2_rev0.5,45,2024-2025,nhsn_rsv_admissions,726,0.0,1.0,135.5165251052272,135.51652892561984
pathogen_gated_nw0.2_rev0.5,45,2024-2025,nssp_covid_proportion,728,0.006911626318469644,0.0,0.003659536174062261,0.010668269265107274
pathogen_gated_nw0.2_rev0.5,45,2024-2025,nssp_flu_proportion,1456,0.0045864718267694116,0.0,0.013706296283729259,0.015565041257114888
pathogen_gated_nw0.2_rev0.5,45,2024-2025,nssp_rsv_proportion,1144,0.0015519099833909422,0.0,0.0014184900063575023,0.00261354895980088
pathogen_gated_nw0.2_rev0.5,46,2023-2024,nhsn_covid_admissions,728,0.0,1.0,454.3901095925226,454.3901098901099
pathogen_gated_nw0.2_rev0.5,46,2023-2024,nhsn_flu_admissions,722,0.0,1.0,310.0526226257575,310.05263157894734
pathogen_gated_nw0.2_rev0.5,46,2023-2024,nhsn_rsv_admissions,471,0.0,1.0,4.331207473515183,4.3312101910828025
pathogen_gated_nw0.2_rev0.5,46,2023-2024,nssp_covid_proportion,1248,0.004814967280253768,0.0,0.007781636388991058,0.01256362181942304
pathogen_gated_nw0.2_rev0.5,46,2023-2024,nssp_flu_proportion,832,0.003806447028182447,0.0,0.013387490515364893,0.018070673110121158
pathogen_gated_nw0.2_rev0.5,46,2023-2024,nssp_rsv_proportion,312,0.0007933550514280796,0.0,0.006064379880405259,0.006981410292446992
pathogen_gated_nw0.2_rev0.5,46,2025-2026,nhsn_covid_admissions,936,0.0,1.0,124.66772961708887,124.66773504273505
pathogen_gated_nw0.2_rev0.5,46,2025-2026,nhsn_flu_admissions,832,0.0,1.0,247.3701801106101,247.37019230769232
pathogen_gated_nw0.2_rev0.5,46,2025-2026,nhsn_rsv_admissions,988,0.0,1.0,115.43825768100896,115.43825910931174
pathogen_gated_nw0.2_rev0.5,46,2025-2026,nssp_covid_proportion,1248,0.008821944473311305,0.0,0.004305569150463457,0.005047916683347116
pathogen_gated_nw0.2_rev0.5,46,2025-2026,nssp_flu_proportion,936,0.0038829449913464487,0.0,0.01937390987477867,0.022544764999888414
pathogen_gated_nw0.2_rev0.5,46,2025-2026,nssp_rsv_proportion,416,0.0014263209595810622,0.0,0.0008896305678787869,0.0020341346192498558
pathogen_gated_nw0.2_rev0.5,46,2024-2025,nhsn_covid_admissions,825,0.0,1.0,207.26423976447782,207.2642424242424
pathogen_gated_nw0.2_rev0.5,46,2024-2025,nhsn_flu_admissions,828,0.0,1.0,245.81521056257395,245.81521739130434
pathogen_gated_nw0.2_rev0.5,46,2024-2025,nhsn_rsv_admissions,908,0.0,1.0,160.31607812672397,160.3160792951542
pathogen_gated_nw0.2_rev0.5,46,2024-2025,nssp_covid_proportion,1248,0.007394593674689531,0.0,0.0032537387582217492,0.00927676284654575
pathogen_gated_nw0.2_rev0.5,46,2024-2025,nssp_flu_proportion,936,0.007022077916190028,0.0,0.01851187267345819,0.02727884621194051
pathogen_gated_nw0.2_rev0.5,46,2024-2025,nssp_rsv_proportion,416,0.0013798478175885975,0.0,0.0017536889458124978,0.0030223557772527643
pathogen_C_nw0.1_rev0.5,42,2023-2024,nhsn_covid_admissions,724,0.0,1.0,601.9364637436131,601.9364640883978
pathogen_C_nw0.1_rev0.5,42,2023-2024,nhsn_flu_admissions,624,0.0,1.0,153.83652978231117,153.83653846153845
pathogen_C_nw0.1_rev0.5,42,2023-2024,nhsn_rsv_admissions,225,0.0,1.0,0.8977765054469657,0.8977777777777778
pathogen_C_nw0.1_rev0.5,42,2023-2024,nssp_covid_proportion,1196,0.005063138669356704,0.0,0.013327704936057255,0.01892633783303195
pathogen_C_nw0.1_rev0.5,42,2023-2024,nssp_flu_proportion,936,0.0035863262601196766,0.0,0.010441517188031182,0.013242735043449156
pathogen_C_nw0.1_rev0.5,42,2023-2024,nssp_rsv_proportion,676,0.0008227353391703218,0.0,0.003822324693333595,0.0044974852158411955
pathogen_C_nw0.1_rev0.5,42,2025-2026,nhsn_covid_admissions,832,0.0,1.0,180.59253490229005,180.59254807692307
pathogen_C_nw0.1_rev0.5,42,2025-2026,nhsn_flu_admissions,624,0.0,1.0,141.85736067845625,141.8573717948718
pathogen_C_nw0.1_rev0.5,42,2025-2026,nhsn_rsv_admissions,624,0.0,1.0,71.63461329136534,71.63461538461539
pathogen_C_nw0.1_rev0.5,42,2025-2026,nssp_covid_proportion,1196,0.01122712972573936,0.0,0.004973096214118024,0.005390301011963148
pathogen_C_nw0.1_rev0.5,42,2025-2026,nssp_flu_proportion,1040,0.004604725050739944,0.0,0.012952188593198325,0.01565807695525599
pathogen_C_nw0.1_rev0.5,42,2025-2026,nssp_rsv_proportion,936,0.0009228200506186113,0.0,0.0020759038475767332,0.0025377136766747623
pathogen_C_nw0.1_rev0.5,42,2024-2025,nhsn_covid_admissions,819,0.0,1.0,243.33088833493747,243.33089133089132
pathogen_C_nw0.1_rev0.5,42,2024-2025,nhsn_flu_admissions,720,0.0,1.0,279.36388625389645,279.3638888888889
pathogen_C_nw0.1_rev0.5,42,2024-2025,nhsn_rsv_admissions,565,0.0,1.0,51.76637043079149,51.766371681415926
pathogen_C_nw0.1_rev0.5,42,2024-2025,nssp_covid_proportion,1196,0.009745731251314282,0.0,0.003195969099478709,0.008698745842341312
pathogen_C_nw0.1_rev0.5,42,2024-2025,nssp_flu_proportion,1040,0.004697793745435774,0.0,0.01500969879855872,0.0178285577713513
pathogen_C_nw0.1_rev0.5,42,2024-2025,nssp_rsv_proportion,832,0.002259688393678516,0.0,0.0016986225352429057,0.0032278846226920276
pathogen_C_nw0.1_rev0.5,43,2023-2024,nhsn_covid_admissions,1038,0.0,1.0,729.5626203150166,729.5626204238921
pathogen_C_nw0.1_rev0.5,43,2023-2024,nhsn_flu_admissions,620,0.0,1.0,179.32257063198026,179.32258064516128
pathogen_C_nw0.1_rev0.5,43,2023-2024,nhsn_rsv_admissions,60,0.0,1.0,6.816652718571946,6.816666666666666
pathogen_C_nw0.1_rev0.5,43,2023-2024,nssp_covid_proportion,1456,0.004781904513947666,0.0,0.008912761977746294,0.012973557718166606
pathogen_C_nw0.1_rev0.5,43,2023-2024,nssp_flu_proportion,520,0.00416243658401072,0.0,0.01691050034379049,0.020287115407182473
pathogen_C_nw0.1_rev0.5,43,2023-2024,nssp_rsv_proportion,416,0.0008930766052799299,0.0,0.002546917777775749,0.003356249996159022
pathogen_C_nw0.1_rev0.5,43,2025-2026,nhsn_covid_admissions,1040,0.0,1.0,200.36826503391814,200.36826923076924
pathogen_C_nw0.1_rev0.5,43,2025-2026,nhsn_flu_admissions,676,0.0,1.0,284.50443235490326,284.5044378698225
pathogen_C_nw0.1_rev0.5,43,2025-2026,nhsn_rsv_admissions,624,0.0,1.0,18.61057303215545,18.610576923076923
pathogen_C_nw0.1_rev0.5,43,2025-2026,nssp_covid_proportion,1456,0.009956048335880041,0.0,0.005264415062521328,0.0038309752875558024
pathogen_C_nw0.1_rev0.5,43,2025-2026,nssp_flu_proportion,728,0.006214770022779703,0.0,0.008671236833843967,0.01193186817958981
pathogen_C_nw0.1_rev0.5,43,2025-2026,nssp_rsv_proportion,676,0.0010324499453417957,0.0,0.0019486744395126906,0.0024693787024353325
pathogen_C_nw0.1_rev0.5,43,2024-2025,nhsn_covid_admissions,1031,0.0,1.0,344.6973805146096,344.6973811833172
pathogen_C_nw0.1_rev0.5,43,2024-2025,nhsn_flu_admissions,720,0.0,1.0,717.8013854698066,717.8013888888889
pathogen_C_nw0.1_rev0.5,43,2024-2025,nhsn_rsv_admissions,417,0.0,1.0,10.827335698576734,10.827338129496402
pathogen_C_nw0.1_rev0.5,43,2024-2025,nssp_covid_proportion,1456,0.006814708234742284,0.0,0.002838550362687054,0.007366414861540501
pathogen_C_nw0.1_rev0.5,43,2024-2025,nssp_flu_proportion,832,0.004272891441360116,0.0,0.017232024712344494,0.019167668313754733
pathogen_C_nw0.1_rev0.5,43,2024-2025,nssp_rsv_proportion,676,0.0013196812360547483,0.0,0.0028281524563568148,0.0035421597803980747
pathogen_C_nw0.1_rev0.5,44,2023-2024,nhsn_covid_admissions,1344,0.0,1.0,665.4620534537789,665.4620535714286
pathogen_C_nw0.1_rev0.5,44,2023-2024,nhsn_flu_admissions,988,0.0,1.0,301.1933127387386,301.19331983805665
pathogen_C_nw0.1_rev0.5,44,2023-2024,nhsn_rsv_admissions,548,0.0,1.0,3.054741009390891,3.0547445255474455
pathogen_C_nw0.1_rev0.5,44,2023-2024,nssp_covid_proportion,728,0.004954917822033167,0.0,0.0092863398647271,0.014003021995809472
pathogen_C_nw0.1_rev0.5,44,2023-2024,nssp_flu_proportion,416,0.004026852315291762,0.0,0.002795904628048727,0.003901442311206875
pathogen_C_nw0.1_rev0.5,44,2023-2024,nssp_rsv_proportion,416,0.0007814192795194685,0.0,0.0026474560787881694,0.002962500006805595
pathogen_C_nw0.1_rev0.5,44,2025-2026,nhsn_covid_admissions,1352,0.0,1.0,193.29733257450457,193.2973372781065
pathogen_C_nw0.1_rev0.5,44,2025-2026,nhsn_flu_admissions,1196,0.0,1.0,391.5919665296009,391.59197324414714
pathogen_C_nw0.1_rev0.5,44,2025-2026,nhsn_rsv_admissions,936,0.0,1.0,143.24145183571818,143.241452991453
pathogen_C_nw0.1_rev0.5,44,2025-2026,nssp_covid_proportion,728,0.011747026117518544,0.0,0.005105472548006379,0.005690384626507364
pathogen_C_nw0.1_rev0.5,44,2025-2026,nssp_flu_proportion,416,0.004455530201084912,0.0,0.0035053779849232134,0.0011764423073215697
pathogen_C_nw0.1_rev0.5,44,2025-2026,nssp_rsv_proportion,624,0.0010789213120006025,0.0,0.0015733306292112013,0.0020322115394894634
pathogen_C_nw0.1_rev0.5,44,2024-2025,nhsn_covid_admissions,1338,0.0,1.0,280.95141850611776,280.95142002989536
pathogen_C_nw0.1_rev0.5,44,2024-2025,nhsn_flu_admissions,1294,0.0,1.0,388.9227170516276,388.9227202472952
pathogen_C_nw0.1_rev0.5,44,2024-2025,nhsn_rsv_admissions,832,0.0,1.0,160.3990375170025,160.39903846153845
pathogen_C_nw0.1_rev0.5,44,2024-2025,nssp_covid_proportion,728,0.008541174000129104,0.0,0.0034560626279146944,0.010165934095281985
pathogen_C_nw0.1_rev0.5,44,2024-2025,nssp_flu_proportion,416,0.004686004365794361,0.0,0.0030910034847518265,0.0015105769316330854
pathogen_C_nw0.1_rev0.5,44,2024-2025,nssp_rsv_proportion,624,0.0010418406454846263,0.0,0.0010470850040222174,0.0016443910249924953
pathogen_C_nw0.1_rev0.5,45,2023-2024,nhsn_covid_admissions,622,0.0,1.0,604.7443728338437,604.7443729903537
pathogen_C_nw0.1_rev0.5,45,2023-2024,nhsn_flu_admissions,412,0.0,1.0,262.94174256069977,262.94174757281553
pathogen_C_nw0.1_rev0.5,45,2023-2024,nhsn_rsv_admissions,326,0.0,1.0,6.874225256270698,6.874233128834356
pathogen_C_nw0.1_rev0.5,45,2023-2024,nssp_covid_proportion,728,0.004765701247379184,0.0,0.008889670669544773,0.014096153857650819
pathogen_C_nw0.1_rev0.5,45,2023-2024,nssp_flu_proportion,1456,0.004224558011628687,0.0,0.00908503311449829,0.011986813194443339
pathogen_C_nw0.1_rev0.5,45,2023-2024,nssp_rsv_proportion,728,0.001017662521917373,0.0,0.0024694457059232953,0.003015934065093301
pathogen_C_nw0.1_rev0.5,45,2025-2026,nhsn_covid_admissions,624,0.0,1.0,138.65063630664113,138.65064102564102
pathogen_C_nw0.1_rev0.5,45,2025-2026,nhsn_flu_admissions,520,0.0,1.0,352.42883591863324,352.42884615384617
pathogen_C_nw0.1_rev0.5,45,2025-2026,nhsn_rsv_admissions,780,0.0,1.0,89.88717693193135,89.88717948717948
pathogen_C_nw0.1_rev0.5,45,2025-2026,nssp_covid_proportion,728,0.011954184155911207,0.0,0.0053552729682101365,0.006031043967765812
pathogen_C_nw0.1_rev0.5,45,2025-2026,nssp_flu_proportion,1456,0.005088519887067378,0.0,0.008492764757273027,0.010478365410203328
pathogen_C_nw0.1_rev0.5,45,2025-2026,nssp_rsv_proportion,1144,0.0011869303998537362,0.0,0.0011959457876330886,0.0023504370662452015
pathogen_C_nw0.1_rev0.5,45,2024-2025,nhsn_covid_admissions,624,0.0,1.0,310.51281935301347,310.5128205128205
pathogen_C_nw0.1_rev0.5,45,2024-2025,nhsn_flu_admissions,520,0.0,1.0,320.3807671711805,320.3807692307692
pathogen_C_nw0.1_rev0.5,45,2024-2025,nhsn_rsv_admissions,726,0.0,1.0,135.51652645082973,135.51652892561984
pathogen_C_nw0.1_rev0.5,45,2024-2025,nssp_covid_proportion,728,0.009683947311714292,0.0,0.0034781195514209844,0.010668269265107274
pathogen_C_nw0.1_rev0.5,45,2024-2025,nssp_flu_proportion,1456,0.00448178278747946,0.0,0.013697681712523722,0.015565041257114888
pathogen_C_nw0.1_rev0.5,45,2024-2025,nssp_rsv_proportion,1144,0.0017540902481414378,0.0,0.0015459625834422684,0.00261354895980088
pathogen_C_nw0.1_rev0.5,46,2023-2024,nhsn_covid_admissions,728,0.0,1.0,454.39010966508147,454.3901098901099
pathogen_C_nw0.1_rev0.5,46,2023-2024,nhsn_flu_admissions,722,0.0,1.0,310.05262267507,310.05263157894734
pathogen_C_nw0.1_rev0.5,46,2023-2024,nhsn_rsv_admissions,471,0.0,1.0,4.331206936135196,4.3312101910828025
pathogen_C_nw0.1_rev0.5,46,2023-2024,nssp_covid_proportion,1248,0.004837116692215204,0.0,0.007871876071802921,0.01256362181942304
pathogen_C_nw0.1_rev0.5,46,2023-2024,nssp_flu_proportion,832,0.0038605015142820776,0.0,0.013828863001540763,0.018070673110121158
pathogen_C_nw0.1_rev0.5,46,2023-2024,nssp_rsv_proportion,312,0.0007873693539295346,0.0,0.005986366415550621,0.006981410292446992
pathogen_C_nw0.1_rev0.5,46,2025-2026,nhsn_covid_admissions,936,0.0,1.0,124.66772881311964,124.66773504273505
pathogen_C_nw0.1_rev0.5,46,2025-2026,nhsn_flu_admissions,832,0.0,1.0,247.37017715095968,247.37019230769232
pathogen_C_nw0.1_rev0.5,46,2025-2026,nhsn_rsv_admissions,988,0.0,1.0,115.43825653792713,115.43825910931174
pathogen_C_nw0.1_rev0.5,46,2025-2026,nssp_covid_proportion,1248,0.010012545622885227,0.0,0.004796568654175924,0.005047916683347116
pathogen_C_nw0.1_rev0.5,46,2025-2026,nssp_flu_proportion,936,0.006424347055144608,0.0,0.017490024093673968,0.022544764999888414
pathogen_C_nw0.1_rev0.5,46,2025-2026,nssp_rsv_proportion,416,0.0013339203724171966,0.0,0.0015468762654353878,0.0020341346192498558
pathogen_C_nw0.1_rev0.5,46,2024-2025,nhsn_covid_admissions,825,0.0,1.0,207.2642399190039,207.2642424242424
pathogen_C_nw0.1_rev0.5,46,2024-2025,nhsn_flu_admissions,828,0.0,1.0,245.81521458714326,245.81521739130434
pathogen_C_nw0.1_rev0.5,46,2024-2025,nhsn_rsv_admissions,908,0.0,1.0,160.31607841998425,160.3160792951542
pathogen_C_nw0.1_rev0.5,46,2024-2025,nssp_covid_proportion,1248,0.006104951840825379,0.0,0.004358371169870132,0.00927676284654575
pathogen_C_nw0.1_rev0.5,46,2024-2025,nssp_flu_proportion,936,0.004594029043801129,0.0,0.02405565688206837,0.02727884621194051
pathogen_C_nw0.1_rev0.5,46,2024-2025,nssp_rsv_proportion,416,0.0013563896354753524,0.0,0.0015766863955727435,0.0030223557772527643
pathogen_C_nw0.2_rev0.5,42,2023-2024,nhsn_covid_admissions,724,0.0,1.0,601.9364638901827,601.9364640883978
pathogen_C_nw0.2_rev0.5,42,2023-2024,nhsn_flu_admissions,624,0.0,1.0,153.8365289973601,153.83653846153845
pathogen_C_nw0.2_rev0.5,42,2023-2024,nhsn_rsv_admissions,225,0.0,1.0,0.8977749996647858,0.8977777777777778
pathogen_C_nw0.2_rev0.5,42,2023-2024,nssp_covid_proportion,1196,0.004924617358483374,0.0,0.013598789195080419,0.01892633783303195
pathogen_C_nw0.2_rev0.5,42,2023-2024,nssp_flu_proportion,936,0.00358823430724442,0.0,0.01042844161808413,0.013242735043449156
pathogen_C_nw0.2_rev0.5,42,2023-2024,nssp_rsv_proportion,676,0.0007630182371940464,0.0,0.0037887349091933493,0.0044974852158411955
pathogen_C_nw0.2_rev0.5,42,2025-2026,nhsn_covid_admissions,832,0.0,1.0,180.59253871540744,180.59254807692307
pathogen_C_nw0.2_rev0.5,42,2025-2026,nhsn_flu_admissions,624,0.0,1.0,141.85735765567972,141.8573717948718
pathogen_C_nw0.2_rev0.5,42,2025-2026,nhsn_rsv_admissions,624,0.0,1.0,71.63461317833891,71.63461538461539
pathogen_C_nw0.2_rev0.5,42,2025-2026,nssp_covid_proportion,1196,0.010126012610271573,0.0,0.004282881964489048,0.005390301011963148
pathogen_C_nw0.2_rev0.5,42,2025-2026,nssp_flu_proportion,1040,0.0048466065200045705,0.0,0.012894183605882202,0.01565807695525599
pathogen_C_nw0.2_rev0.5,42,2025-2026,nssp_rsv_proportion,936,0.000924111736821942,0.0,0.002068147125660639,0.0025377136766747623
pathogen_C_nw0.2_rev0.5,42,2024-2025,nhsn_covid_admissions,819,0.0,1.0,243.3308876272611,243.33089133089132
pathogen_C_nw0.2_rev0.5,42,2024-2025,nhsn_flu_admissions,720,0.0,1.0,279.36388622806453,279.3638888888889
pathogen_C_nw0.2_rev0.5,42,2024-2025,nhsn_rsv_admissions,565,0.0,1.0,51.766369390124105,51.766371681415926
pathogen_C_nw0.2_rev0.5,42,2024-2025,nssp_covid_proportion,1196,0.010057413019239902,0.0,0.0032910209484546316,0.008698745842341312
pathogen_C_nw0.2_rev0.5,42,2024-2025,nssp_flu_proportion,1040,0.004709815140813589,0.0,0.014934721613560844,0.0178285577713513
pathogen_C_nw0.2_rev0.5,42,2024-2025,nssp_rsv_proportion,832,0.0023140801931731403,0.0,0.0017284174106005313,0.0032278846226920276
pathogen_C_nw0.2_rev0.5,43,2023-2024,nhsn_covid_admissions,1038,0.0,1.0,729.5626203228763,729.5626204238921
pathogen_C_nw0.2_rev0.5,43,2023-2024,nhsn_flu_admissions,620,0.0,1.0,179.32257250127736,179.32258064516128
pathogen_C_nw0.2_rev0.5,43,2023-2024,nhsn_rsv_admissions,60,0.0,1.0,6.816652766366274,6.816666666666666
pathogen_C_nw0.2_rev0.5,43,2023-2024,nssp_covid_proportion,1456,0.0046091916738078,0.0,0.008968524450940275,0.012973557718166606
pathogen_C_nw0.2_rev0.5,43,2023-2024,nssp_flu_proportion,520,0.00410925957839936,0.0,0.016855597148969538,0.020287115407182473
pathogen_C_nw0.2_rev0.5,43,2023-2024,nssp_rsv_proportion,416,0.0008648925577290356,0.0,0.002583991509954313,0.003356249996159022
pathogen_C_nw0.2_rev0.5,43,2025-2026,nhsn_covid_admissions,1040,0.0,1.0,200.3682651841915,200.36826923076924
pathogen_C_nw0.2_rev0.5,43,2025-2026,nhsn_flu_admissions,676,0.0,1.0,284.50443168273966,284.5044378698225
pathogen_C_nw0.2_rev0.5,43,2025-2026,nhsn_rsv_admissions,624,0.0,1.0,18.610572730621282,18.610576923076923
pathogen_C_nw0.2_rev0.5,43,2025-2026,nssp_covid_proportion,1456,0.009997811634093523,0.0,0.005255619970589728,0.0038309752875558024
pathogen_C_nw0.2_rev0.5,43,2025-2026,nssp_flu_proportion,728,0.0065315369283780456,0.0,0.008771255937152911,0.01193186817958981
pathogen_C_nw0.2_rev0.5,43,2025-2026,nssp_rsv_proportion,676,0.0011187622149009258,0.0,0.00190979761186713,0.0024693787024353325
pathogen_C_nw0.2_rev0.5,43,2024-2025,nhsn_covid_admissions,1031,0.0,1.0,344.69737966244224,344.6973811833172
pathogen_C_nw0.2_rev0.5,43,2024-2025,nhsn_flu_admissions,720,0.0,1.0,717.8013852926753,717.8013888888889
pathogen_C_nw0.2_rev0.5,43,2024-2025,nhsn_rsv_admissions,417,0.0,1.0,10.827335435254673,10.827338129496402
pathogen_C_nw0.2_rev0.5,43,2024-2025,nssp_covid_proportion,1456,0.007678400259464979,0.0,0.002815831664290502,0.007366414861540501
pathogen_C_nw0.2_rev0.5,43,2024-2025,nssp_flu_proportion,832,0.004246638040058315,0.0,0.017249649092036634,0.019167668313754733
pathogen_C_nw0.2_rev0.5,43,2024-2025,nssp_rsv_proportion,676,0.001359187881462276,0.0,0.0028487913061337015,0.0035421597803980747
pathogen_C_nw0.2_rev0.5,44,2023-2024,nhsn_covid_admissions,1344,0.0,1.0,665.4620534350937,665.4620535714286
pathogen_C_nw0.2_rev0.5,44,2023-2024,nhsn_flu_admissions,988,0.0,1.0,301.1933134619308,301.19331983805665
pathogen_C_nw0.2_rev0.5,44,2023-2024,nhsn_rsv_admissions,548,0.0,1.0,3.0547360506464414,3.0547445255474455
pathogen_C_nw0.2_rev0.5,44,2023-2024,nssp_covid_proportion,728,0.00571826531086117,0.0,0.008420318527646737,0.014003021995809472
pathogen_C_nw0.2_rev0.5,44,2023-2024,nssp_flu_proportion,416,0.0038274097605608404,0.0,0.002800311360890471,0.003901442311206875
pathogen_C_nw0.2_rev0.5,44,2023-2024,nssp_rsv_proportion,416,0.0009379711700603366,0.0,0.0025028474033905903,0.002962500006805595
pathogen_C_nw0.2_rev0.5,44,2025-2026,nhsn_covid_admissions,1352,0.0,1.0,193.29733180880905,193.2973372781065
pathogen_C_nw0.2_rev0.5,44,2025-2026,nhsn_flu_admissions,1196,0.0,1.0,391.5919564292736,391.59197324414714
pathogen_C_nw0.2_rev0.5,44,2025-2026,nhsn_rsv_admissions,936,0.0,1.0,143.24145125853101,143.241452991453
pathogen_C_nw0.2_rev0.5,44,2025-2026,nssp_covid_proportion,728,0.010133667849004269,0.0,0.0041809518779800684,0.005690384626507364
pathogen_C_nw0.2_rev0.5,44,2025-2026,nssp_flu_proportion,416,0.005465247901156545,0.0,0.004434402318530864,0.0011764423073215697
pathogen_C_nw0.2_rev0.5,44,2025-2026,nssp_rsv_proportion,624,0.0013762193557340652,0.0,0.001377187619161701,0.0020322115394894634
pathogen_C_nw0.2_rev0.5,44,2024-2025,nhsn_covid_admissions,1338,0.0,1.0,280.95141814786405,280.95142002989536
pathogen_C_nw0.2_rev0.5,44,2024-2025,nhsn_flu_admissions,1294,0.0,1.0,388.92271717080547,388.9227202472952
pathogen_C_nw0.2_rev0.5,44,2024-2025,nhsn_rsv_admissions,832,0.0,1.0,160.39903783129571,160.39903846153845
pathogen_C_nw0.2_rev0.5,44,2024-2025,nssp_covid_proportion,728,0.007683850242756307,0.0,0.003274462355705679,0.010165934095281985
pathogen_C_nw0.2_rev0.5,44,2024-2025,nssp_flu_proportion,416,0.004672311944887042,0.0,0.003242134459049759,0.0015105769316330854
pathogen_C_nw0.2_rev0.5,44,2024-2025,nssp_rsv_proportion,624,0.001070016180165112,0.0,0.0010854388331911953,0.0016443910249924953
pathogen_C_nw0.2_rev0.5,45,2023-2024,nhsn_covid_admissions,622,0.0,1.0,604.7443728455188,604.7443729903537
pathogen_C_nw0.2_rev0.5,45,2023-2024,nhsn_flu_admissions,412,0.0,1.0,262.9417429599343,262.94174757281553
pathogen_C_nw0.2_rev0.5,45,2023-2024,nhsn_rsv_admissions,326,0.0,1.0,6.874224753202622,6.874233128834356
pathogen_C_nw0.2_rev0.5,45,2023-2024,nssp_covid_proportion,728,0.004803736344911158,0.0,0.008837972917008101,0.014096153857650819
pathogen_C_nw0.2_rev0.5,45,2023-2024,nssp_flu_proportion,1456,0.003836758725810796,0.0,0.009306410496319986,0.011986813194443339
pathogen_C_nw0.2_rev0.5,45,2023-2024,nssp_rsv_proportion,728,0.0010925391979981214,0.0,0.0024234323897402207,0.003015934065093301
pathogen_C_nw0.2_rev0.5,45,2025-2026,nhsn_covid_admissions,624,0.0,1.0,138.65063575192514,138.65064102564102
pathogen_C_nw0.2_rev0.5,45,2025-2026,nhsn_flu_admissions,520,0.0,1.0,352.42883670600787,352.42884615384617
pathogen_C_nw0.2_rev0.5,45,2025-2026,nhsn_rsv_admissions,780,0.0,1.0,89.88717683142754,89.88717948717948
pathogen_C_nw0.2_rev0.5,45,2025-2026,nssp_covid_proportion,728,0.010728144086897373,0.0,0.004747028586040199,0.006031043967765812
pathogen_C_nw0.2_rev0.5,45,2025-2026,nssp_flu_proportion,1456,0.0043640321819111705,0.0,0.00888613564149017,0.010478365410203328
pathogen_C_nw0.2_rev0.5,45,2025-2026,nssp_rsv_proportion,1144,0.0012091434036847204,0.0,0.001500197877465109,0.0023504370662452015
pathogen_C_nw0.2_rev0.5,45,2024-2025,nhsn_covid_admissions,624,0.0,1.0,310.51281932970653,310.5128205128205
pathogen_C_nw0.2_rev0.5,45,2024-2025,nhsn_flu_admissions,520,0.0,1.0,320.3807672868773,320.3807692307692
pathogen_C_nw0.2_rev0.5,45,2024-2025,nhsn_rsv_admissions,726,0.0,1.0,135.5165274948273,135.51652892561984
pathogen_C_nw0.2_rev0.5,45,2024-2025,nssp_covid_proportion,728,0.007584045408293605,0.0,0.004247571005560151,0.010668269265107274
pathogen_C_nw0.2_rev0.5,45,2024-2025,nssp_flu_proportion,1456,0.004951611859723926,0.0,0.013726557508102364,0.015565041257114888
pathogen_C_nw0.2_rev0.5,45,2024-2025,nssp_rsv_proportion,1144,0.0011398836213629693,0.0,0.0014352973831572872,0.00261354895980088
pathogen_C_nw0.2_rev0.5,46,2023-2024,nhsn_covid_admissions,728,0.0,1.0,454.3901096575925,454.3901098901099
pathogen_C_nw0.2_rev0.5,46,2023-2024,nhsn_flu_admissions,722,0.0,1.0,310.05262336942025,310.05263157894734
pathogen_C_nw0.2_rev0.5,46,2023-2024,nhsn_rsv_admissions,471,0.0,1.0,4.331206869171515,4.3312101910828025
pathogen_C_nw0.2_rev0.5,46,2023-2024,nssp_covid_proportion,1248,0.0050372694386169314,0.0,0.007741923764954733,0.01256362181942304
pathogen_C_nw0.2_rev0.5,46,2023-2024,nssp_flu_proportion,832,0.003897718444932252,0.0,0.013792277151529002,0.018070673110121158
pathogen_C_nw0.2_rev0.5,46,2023-2024,nssp_rsv_proportion,312,0.0007862069032853469,0.0,0.005994511441993102,0.006981410292446992
pathogen_C_nw0.2_rev0.5,46,2025-2026,nhsn_covid_admissions,936,0.0,1.0,124.66772916807892,124.66773504273505
pathogen_C_nw0.2_rev0.5,46,2025-2026,nhsn_flu_admissions,832,0.0,1.0,247.3701784871951,247.37019230769232
pathogen_C_nw0.2_rev0.5,46,2025-2026,nhsn_rsv_admissions,988,0.0,1.0,115.4382558229434,115.43825910931174
pathogen_C_nw0.2_rev0.5,46,2025-2026,nssp_covid_proportion,1248,0.011831771116703749,0.0,0.00615585954116026,0.005047916683347116
pathogen_C_nw0.2_rev0.5,46,2025-2026,nssp_flu_proportion,936,0.005498158396221697,0.0,0.01794456601235916,0.022544764999888414
pathogen_C_nw0.2_rev0.5,46,2025-2026,nssp_rsv_proportion,416,0.0012340824760030955,0.0,0.0015315787885321276,0.0020341346192498558
pathogen_C_nw0.2_rev0.5,46,2024-2025,nhsn_covid_admissions,825,0.0,1.0,207.2642404112474,207.2642424242424
pathogen_C_nw0.2_rev0.5,46,2024-2025,nhsn_flu_admissions,828,0.0,1.0,245.81521513241674,245.81521739130434
pathogen_C_nw0.2_rev0.5,46,2024-2025,nhsn_rsv_admissions,908,0.0,1.0,160.31607847388534,160.3160792951542
pathogen_C_nw0.2_rev0.5,46,2024-2025,nssp_covid_proportion,1248,0.006628876784816384,0.0,0.004075523720250483,0.00927676284654575
pathogen_C_nw0.2_rev0.5,46,2024-2025,nssp_flu_proportion,936,0.004652049392461777,0.0,0.023917838092980426,0.02727884621194051
pathogen_C_nw0.2_rev0.5,46,2024-2025,nssp_rsv_proportion,416,0.001403379050316289,0.0,0.002085426484672308,0.0030223557772527643
pathogen_C_nw0.1_rev0,42,2023-2024,nhsn_covid_admissions,724,0.0,1.0,601.9364638638724,601.9364640883978
pathogen_C_nw0.1_rev0,42,2023-2024,nhsn_flu_admissions,624,0.0,1.0,153.836529154379,153.83653846153845
pathogen_C_nw0.1_rev0,42,2023-2024,nhsn_rsv_admissions,225,0.0,1.0,0.8977763213575652,0.8977777777777778
pathogen_C_nw0.1_rev0,42,2023-2024,nssp_covid_proportion,1196,0.005124970106408,0.0,0.013488018429789648,0.01892633783303195
pathogen_C_nw0.1_rev0,42,2023-2024,nssp_flu_proportion,936,0.0034820420551113784,0.0,0.010482614481433356,0.013242735043449156
pathogen_C_nw0.1_rev0,42,2023-2024,nssp_rsv_proportion,676,0.0007945112010929734,0.0,0.0038314561111211553,0.0044974852158411955
pathogen_C_nw0.1_rev0,42,2025-2026,nhsn_covid_admissions,832,0.0,1.0,180.59253522811406,180.59254807692307
pathogen_C_nw0.1_rev0,42,2025-2026,nhsn_flu_admissions,624,0.0,1.0,141.8573624134451,141.8573717948718
pathogen_C_nw0.1_rev0,42,2025-2026,nhsn_rsv_admissions,624,0.0,1.0,71.63461330064824,71.63461538461539
pathogen_C_nw0.1_rev0,42,2025-2026,nssp_covid_proportion,1196,0.011575434124097228,0.0,0.005217567869735785,0.005390301011963148
pathogen_C_nw0.1_rev0,42,2025-2026,nssp_flu_proportion,1040,0.00442137464415282,0.0,0.012956108168145875,0.01565807695525599
pathogen_C_nw0.1_rev0,42,2025-2026,nssp_rsv_proportion,936,0.0009145372605416924,0.0,0.0020775855890759784,0.0025377136766747623
pathogen_C_nw0.1_rev0,42,2024-2025,nhsn_covid_admissions,819,0.0,1.0,243.3308882535245,243.33089133089132
pathogen_C_nw0.1_rev0,42,2024-2025,nhsn_flu_admissions,720,0.0,1.0,279.3638859774866,279.3638888888889
pathogen_C_nw0.1_rev0,42,2024-2025,nhsn_rsv_admissions,565,0.0,1.0,51.766370711120196,51.766371681415926
pathogen_C_nw0.1_rev0,42,2024-2025,nssp_covid_proportion,1196,0.009115590713918209,0.0,0.0031302364229995145,0.008698745842341312
pathogen_C_nw0.1_rev0,42,2024-2025,nssp_flu_proportion,1040,0.004443802987225354,0.0,0.014876690438583095,0.0178285577713513
pathogen_C_nw0.1_rev0,42,2024-2025,nssp_rsv_proportion,832,0.0026386306271888316,0.0,0.0018371686518233988,0.0032278846226920276
pathogen_C_nw0.1_rev0,43,2023-2024,nhsn_covid_admissions,1038,0.0,1.0,729.5626203110048,729.5626204238921
pathogen_C_nw0.1_rev0,43,2023-2024,nhsn_flu_admissions,620,0.0,1.0,179.32257234822686,179.32258064516128
pathogen_C_nw0.1_rev0,43,2023-2024,nhsn_rsv_admissions,60,0.0,1.0,6.816653569979781,6.816666666666666
pathogen_C_nw0.1_rev0,43,2023-2024,nssp_covid_proportion,1456,0.004686733009293675,0.0,0.008941806008686519,0.012973557718166606
pathogen_C_nw0.1_rev0,43,2023-2024,nssp_flu_proportion,520,0.004039874998852611,0.0,0.016935772915614787,0.020287115407182473
pathogen_C_nw0.1_rev0,43,2023-2024,nssp_rsv_proportion,416,0.0008891977195162326,0.0,0.002549984917935105,0.003356249996159022
pathogen_C_nw0.1_rev0,43,2025-2026,nhsn_covid_admissions,1040,0.0,1.0,200.36826547169412,200.36826923076924
pathogen_C_nw0.1_rev0,43,2025-2026,nhsn_flu_admissions,676,0.0,1.0,284.50443259282997,284.5044378698225
pathogen_C_nw0.1_rev0,43,2025-2026,nhsn_rsv_admissions,624,0.0,1.0,18.610573169772884,18.610576923076923
pathogen_C_nw0.1_rev0,43,2025-2026,nssp_covid_proportion,1456,0.009988893521949649,0.0,0.005218804473690477,0.0038309752875558024
pathogen_C_nw0.1_rev0,43,2025-2026,nssp_flu_proportion,728,0.005374113796278834,0.0,0.008855291401732256,0.01193186817958981
pathogen_C_nw0.1_rev0,43,2025-2026,nssp_rsv_proportion,676,0.0010161751415580511,0.0,0.0019354387002200792,0.0024693787024353325
pathogen_C_nw0.1_rev0,43,2024-2025,nhsn_covid_admissions,1031,0.0,1.0,344.6973800431074,344.6973811833172
pathogen_C_nw0.1_rev0,43,2024-2025,nhsn_flu_admissions,720,0.0,1.0,717.8013855484647,717.8013888888889
pathogen_C_nw0.1_rev0,43,2024-2025,nhsn_rsv_admissions,417,0.0,1.0,10.827335384442534,10.827338129496402
pathogen_C_nw0.1_rev0,43,2024-2025,nssp_covid_proportion,1456,0.0068444228963926435,0.0,0.0028335456577274223,0.007366414861540501
pathogen_C_nw0.1_rev0,43,2024-2025,nssp_flu_proportion,832,0.004225785494782031,0.0,0.017221377630151507,0.019167668313754733
pathogen_C_nw0.1_rev0,43,2024-2025,nssp_rsv_proportion,676,0.001296328380703926,0.0,0.0029188821876630637,0.0035421597803980747
pathogen_C_nw0.1_rev0,44,2023-2024,nhsn_covid_admissions,1344,0.0,1.0,665.4620534090545,665.4620535714286
pathogen_C_nw0.1_rev0,44,2023-2024,nhsn_flu_admissions,988,0.0,1.0,301.19331490668037,301.19331983805665
pathogen_C_nw0.1_rev0,44,2023-2024,nhsn_rsv_admissions,548,0.0,1.0,3.054739568987841,3.0547445255474455
pathogen_C_nw0.1_rev0,44,2023-2024,nssp_covid_proportion,728,0.00487442861776799,0.0,0.009132146572273295,0.014003021995809472
pathogen_C_nw0.1_rev0,44,2023-2024,nssp_flu_proportion,416,0.0038281676243059337,0.0,0.0029431951907099574,0.003901442311206875
pathogen_C_nw0.1_rev0,44,2023-2024,nssp_rsv_proportion,416,0.0008947644382715225,0.0,0.002441735507248338,0.002962500006805595
pathogen_C_nw0.1_rev0,44,2025-2026,nhsn_covid_admissions,1352,0.0,1.0,193.2973323096535,193.2973372781065
pathogen_C_nw0.1_rev0,44,2025-2026,nhsn_flu_admissions,1196,0.0,1.0,391.5919631684693,391.59197324414714
pathogen_C_nw0.1_rev0,44,2025-2026,nhsn_rsv_admissions,936,0.0,1.0,143.2414519972981,143.241452991453
pathogen_C_nw0.1_rev0,44,2025-2026,nssp_covid_proportion,728,0.010186974424868822,0.0,0.004251394483467416,0.005690384626507364
pathogen_C_nw0.1_rev0,44,2025-2026,nssp_flu_proportion,416,0.0044981264509260654,0.0,0.003329358384934704,0.0011764423073215697
pathogen_C_nw0.1_rev0,44,2025-2026,nssp_rsv_proportion,624,0.0009298788936575875,0.0,0.0016578033000652608,0.0020322115394894634
pathogen_C_nw0.1_rev0,44,2024-2025,nhsn_covid_admissions,1338,0.0,1.0,280.95141840267235,280.95142002989536
pathogen_C_nw0.1_rev0,44,2024-2025,nhsn_flu_admissions,1294,0.0,1.0,388.9227171484585,388.9227202472952
pathogen_C_nw0.1_rev0,44,2024-2025,nhsn_rsv_admissions,832,0.0,1.0,160.39903636383698,160.39903846153845
pathogen_C_nw0.1_rev0,44,2024-2025,nssp_covid_proportion,728,0.009084445890039206,0.0,0.0030250786866827684,0.010165934095281985
pathogen_C_nw0.1_rev0,44,2024-2025,nssp_flu_proportion,416,0.004578228225000203,0.0,0.003139201447048925,0.0015105769316330854
pathogen_C_nw0.1_rev0,44,2024-2025,nssp_rsv_proportion,624,0.0012616314343176782,0.0,0.0011509758717763291,0.0016443910249924953
pathogen_C_nw0.1_rev0,45,2023-2024,nhsn_covid_admissions,622,0.0,1.0,604.7443728937644,604.7443729903537
pathogen_C_nw0.1_rev0,45,2023-2024,nhsn_flu_admissions,412,0.0,1.0,262.94174258959566,262.94174757281553
pathogen_C_nw0.1_rev0,45,2023-2024,nhsn_rsv_admissions,326,0.0,1.0,6.8742304134412855,6.874233128834356
pathogen_C_nw0.1_rev0,45,2023-2024,nssp_covid_proportion,728,0.004613282741047442,0.0,0.009123072870612045,0.014096153857650819
pathogen_C_nw0.1_rev0,45,2023-2024,nssp_flu_proportion,1456,0.00393448316026479,0.0,0.009273726346951403,0.011986813194443339
pathogen_C_nw0.1_rev0,45,2023-2024,nssp_rsv_proportion,728,0.0008506597223458812,0.0,0.0026710541491871023,0.003015934065093301
pathogen_C_nw0.1_rev0,45,2025-2026,nhsn_covid_admissions,624,0.0,1.0,138.65063499558548,138.65064102564102
pathogen_C_nw0.1_rev0,45,2025-2026,nhsn_flu_admissions,520,0.0,1.0,352.42883726388726,352.42884615384617
pathogen_C_nw0.1_rev0,45,2025-2026,nhsn_rsv_admissions,780,0.0,1.0,89.88717702347486,89.88717948717948
pathogen_C_nw0.1_rev0,45,2025-2026,nssp_covid_proportion,728,0.012106457957997918,0.0,0.00540691553032957,0.006031043967765812
pathogen_C_nw0.1_rev0,45,2025-2026,nssp_flu_proportion,1456,0.0041451273718848825,0.0,0.00885777716764226,0.010478365410203328
pathogen_C_nw0.1_rev0,45,2025-2026,nssp_rsv_proportion,1144,0.0010346795606892556,0.0,0.0013950950290888288,0.0023504370662452015
pathogen_C_nw0.1_rev0,45,2024-2025,nhsn_covid_admissions,624,0.0,1.0,310.51281922062236,310.5128205128205
pathogen_C_nw0.1_rev0,45,2024-2025,nhsn_flu_admissions,520,0.0,1.0,320.38076635080415,320.3807692307692
pathogen_C_nw0.1_rev0,45,2024-2025,nhsn_rsv_admissions,726,0.0,1.0,135.5165266245093,135.51652892561984
pathogen_C_nw0.1_rev0,45,2024-2025,nssp_covid_proportion,728,0.007414284045808017,0.0,0.004638322790544787,0.010668269265107274
pathogen_C_nw0.1_rev0,45,2024-2025,nssp_flu_proportion,1456,0.004764805315062404,0.0,0.01369808312175327,0.015565041257114888
pathogen_C_nw0.1_rev0,45,2024-2025,nssp_rsv_proportion,1144,0.0017054782074410468,0.0,0.001622808901572228,0.00261354895980088
pathogen_C_nw0.1_rev0,46,2023-2024,nhsn_covid_admissions,728,0.0,1.0,454.3901096536553,454.3901098901099
pathogen_C_nw0.1_rev0,46,2023-2024,nhsn_flu_admissions,722,0.0,1.0,310.0526211682136,310.05263157894734
pathogen_C_nw0.1_rev0,46,2023-2024,nhsn_rsv_admissions,471,0.0,1.0,4.331206810662961,4.3312101910828025
pathogen_C_nw0.1_rev0,46,2023-2024,nssp_covid_proportion,1248,0.0051520903361961246,0.0,0.007822978148583504,0.01256362181942304
pathogen_C_nw0.1_rev0,46,2023-2024,nssp_flu_proportion,832,0.0038585319416597486,0.0,0.013891079290260677,0.018070673110121158
pathogen_C_nw0.1_rev0,46,2023-2024,nssp_rsv_proportion,312,0.0007798451551934704,0.0,0.005995450116083352,0.006981410292446992
pathogen_C_nw0.1_rev0,46,2025-2026,nhsn_covid_admissions,936,0.0,1.0,124.6677293042754,124.66773504273505
pathogen_C_nw0.1_rev0,46,2025-2026,nhsn_flu_admissions,832,0.0,1.0,247.37018297916407,247.37019230769232
pathogen_C_nw0.1_rev0,46,2025-2026,nhsn_rsv_admissions,988,0.0,1.0,115.43825589045147,115.43825910931174
pathogen_C_nw0.1_rev0,46,2025-2026,nssp_covid_proportion,1248,0.010176855837926269,0.0,0.004858703201744692,0.005047916683347116
pathogen_C_nw0.1_rev0,46,2025-2026,nssp_flu_proportion,936,0.003826178377494216,0.0,0.020067282745656438,0.022544764999888414
pathogen_C_nw0.1_rev0,46,2025-2026,nssp_rsv_proportion,416,0.001301713811699301,0.0,0.0015541650854384687,0.0020341346192498558
pathogen_C_nw0.1_rev0,46,2024-2025,nhsn_covid_admissions,825,0.0,1.0,207.26423996025434,207.2642424242424
pathogen_C_nw0.1_rev0,46,2024-2025,nhsn_flu_admissions,828,0.0,1.0,245.81521461213208,245.81521739130434
pathogen_C_nw0.1_rev0,46,2024-2025,nhsn_rsv_admissions,908,0.0,1.0,160.31607707568233,160.3160792951542
pathogen_C_nw0.1_rev0,46,2024-2025,nssp_covid_proportion,1248,0.0061553859850391746,0.0,0.004320606389554973,0.00927676284654575
pathogen_C_nw0.1_rev0,46,2024-2025,nssp_flu_proportion,936,0.00448577874340117,0.0,0.024008039868496204,0.02727884621194051
pathogen_C_nw0.1_rev0,46,2024-2025,nssp_rsv_proportion,416,0.0014056421932764351,0.0,0.0016877732595660816,0.0030223557772527643
pathogen_C_nw0.2_rev0,42,2023-2024,nhsn_covid_admissions,724,0.0,1.0,601.936463830703,601.9364640883978
pathogen_C_nw0.2_rev0,42,2023-2024,nhsn_flu_admissions,624,0.0,1.0,153.83652988336812,153.83653846153845
pathogen_C_nw0.2_rev0,42,2023-2024,nhsn_rsv_admissions,225,0.0,1.0,0.8977755195579188,0.8977777777777778
pathogen_C_nw0.2_rev0,42,2023-2024,nssp_covid_proportion,1196,0.005103416973724961,0.0,0.013486354403317686,0.01892633783303195
pathogen_C_nw0.2_rev0,42,2023-2024,nssp_flu_proportion,936,0.003470281430054456,0.0,0.010479597343951782,0.013242735043449156
pathogen_C_nw0.2_rev0,42,2023-2024,nssp_rsv_proportion,676,0.0007856184529373422,0.0,0.0038187936273400536,0.0044974852158411955
pathogen_C_nw0.2_rev0,42,2025-2026,nhsn_covid_admissions,832,0.0,1.0,180.59253707035137,180.59254807692307
pathogen_C_nw0.2_rev0,42,2025-2026,nhsn_flu_admissions,624,0.0,1.0,141.8573620832494,141.8573717948718
pathogen_C_nw0.2_rev0,42,2025-2026,nhsn_rsv_admissions,624,0.0,1.0,71.63461292704268,71.63461538461539
pathogen_C_nw0.2_rev0,42,2025-2026,nssp_covid_proportion,1196,0.009914845926687121,0.0,0.004127322153445648,0.005390301011963148
pathogen_C_nw0.2_rev0,42,2025-2026,nssp_flu_proportion,1040,0.004590682568959892,0.0,0.012963275609161847,0.01565807695525599
pathogen_C_nw0.2_rev0,42,2025-2026,nssp_rsv_proportion,936,0.0010732774389907718,0.0,0.0019637531550582717,0.0025377136766747623
pathogen_C_nw0.2_rev0,42,2024-2025,nhsn_covid_admissions,819,0.0,1.0,243.33088886057618,243.33089133089132
pathogen_C_nw0.2_rev0,42,2024-2025,nhsn_flu_admissions,720,0.0,1.0,279.36388622256146,279.3638888888889
pathogen_C_nw0.2_rev0,42,2024-2025,nhsn_rsv_admissions,565,0.0,1.0,51.76637045971107,51.766371681415926
pathogen_C_nw0.2_rev0,42,2024-2025,nssp_covid_proportion,1196,0.00841065845452249,0.0,0.0030410336174550123,0.008698745842341312
pathogen_C_nw0.2_rev0,42,2024-2025,nssp_flu_proportion,1040,0.004648811183869839,0.0,0.014962462184638963,0.0178285577713513
pathogen_C_nw0.2_rev0,42,2024-2025,nssp_rsv_proportion,832,0.0015117143047973514,0.0,0.0020564508888408174,0.0032278846226920276
pathogen_C_nw0.2_rev0,43,2023-2024,nhsn_covid_admissions,1038,0.0,1.0,729.5626203334226,729.5626204238921
pathogen_C_nw0.2_rev0,43,2023-2024,nhsn_flu_admissions,620,0.0,1.0,179.32257438548947,179.32258064516128
pathogen_C_nw0.2_rev0,43,2023-2024,nhsn_rsv_admissions,60,0.0,1.0,6.816661230551594,6.816666666666666
pathogen_C_nw0.2_rev0,43,2023-2024,nssp_covid_proportion,1456,0.004587770206853747,0.0,0.008807363840218047,0.012973557718166606
pathogen_C_nw0.2_rev0,43,2023-2024,nssp_flu_proportion,520,0.003914970555342734,0.0,0.0169163094410928,0.020287115407182473
pathogen_C_nw0.2_rev0,43,2023-2024,nssp_rsv_proportion,416,0.0007521822262788191,0.0,0.0027713256851641813,0.003356249996159022
pathogen_C_nw0.2_rev0,43,2025-2026,nhsn_covid_admissions,1040,0.0,1.0,200.3682654980688,200.36826923076924
pathogen_C_nw0.2_rev0,43,2025-2026,nhsn_flu_admissions,676,0.0,1.0,284.5044321384017,284.5044378698225
pathogen_C_nw0.2_rev0,43,2025-2026,nhsn_rsv_admissions,624,0.0,1.0,18.610572867593774,18.610576923076923
pathogen_C_nw0.2_rev0,43,2025-2026,nssp_covid_proportion,1456,0.009711806662380695,0.0,0.004935243421361799,0.0038309752875558024
pathogen_C_nw0.2_rev0,43,2025-2026,nssp_flu_proportion,728,0.005396014079451561,0.0,0.009050458777032823,0.01193186817958981
pathogen_C_nw0.2_rev0,43,2025-2026,nssp_rsv_proportion,676,0.001103938469896093,0.0,0.0019067780370402119,0.0024693787024353325
pathogen_C_nw0.2_rev0,43,2024-2025,nhsn_covid_admissions,1031,0.0,1.0,344.697379671066,344.6973811833172
pathogen_C_nw0.2_rev0,43,2024-2025,nhsn_flu_admissions,720,0.0,1.0,717.8013849922999,717.8013888888889
pathogen_C_nw0.2_rev0,43,2024-2025,nhsn_rsv_admissions,417,0.0,1.0,10.827335394232902,10.827338129496402
pathogen_C_nw0.2_rev0,43,2024-2025,nssp_covid_proportion,1456,0.007816914236173034,0.0,0.0028652734033460217,0.007366414861540501
pathogen_C_nw0.2_rev0,43,2024-2025,nssp_flu_proportion,832,0.0046686900313943624,0.0,0.01740951180101127,0.019167668313754733
pathogen_C_nw0.2_rev0,43,2024-2025,nssp_rsv_proportion,676,0.0012737444194499403,0.0,0.0029065618405372425,0.0035421597803980747
pathogen_C_nw0.2_rev0,44,2023-2024,nhsn_covid_admissions,1344,0.0,1.0,665.4620534255658,665.4620535714286
pathogen_C_nw0.2_rev0,44,2023-2024,nhsn_flu_admissions,988,0.0,1.0,301.1933130706637,301.19331983805665
pathogen_C_nw0.2_rev0,44,2023-2024,nhsn_rsv_admissions,548,0.0,1.0,3.054735587687311,3.0547445255474455
pathogen_C_nw0.2_rev0,44,2023-2024,nssp_covid_proportion,728,0.0047468472039327025,0.0,0.009320081225218978,0.014003021995809472
pathogen_C_nw0.2_rev0,44,2023-2024,nssp_flu_proportion,416,0.0038730105734430254,0.0,0.0027964198371382035,0.003901442311206875
pathogen_C_nw0.2_rev0,44,2023-2024,nssp_rsv_proportion,416,0.0008907835144782439,0.0,0.00250673472926512,0.002962500006805595
pathogen_C_nw0.2_rev0,44,2025-2026,nhsn_covid_admissions,1352,0.0,1.0,193.29733412397937,193.2973372781065
pathogen_C_nw0.2_rev0,44,2025-2026,nhsn_flu_admissions,1196,0.0,1.0,391.5919624008255,391.59197324414714
pathogen_C_nw0.2_rev0,44,2025-2026,nhsn_rsv_admissions,936,0.0,1.0,143.24145197898906,143.241452991453
pathogen_C_nw0.2_rev0,44,2025-2026,nssp_covid_proportion,728,0.010330710327252746,0.0,0.004364344336643846,0.005690384626507364
pathogen_C_nw0.2_rev0,44,2025-2026,nssp_flu_proportion,416,0.00458387122489512,0.0,0.0034429753212722202,0.0011764423073215697
pathogen_C_nw0.2_rev0,44,2025-2026,nssp_rsv_proportion,624,0.0009336527873529121,0.0,0.001656595024763728,0.0020322115394894634
pathogen_C_nw0.2_rev0,44,2024-2025,nhsn_covid_admissions,1338,0.0,1.0,280.95141804508415,280.95142002989536
pathogen_C_nw0.2_rev0,44,2024-2025,nhsn_flu_admissions,1294,0.0,1.0,388.9227169725,388.9227202472952
pathogen_C_nw0.2_rev0,44,2024-2025,nhsn_rsv_admissions,832,0.0,1.0,160.39903150596638,160.39903846153845
pathogen_C_nw0.2_rev0,44,2024-2025,nssp_covid_proportion,728,0.008210319327190518,0.0,0.0037042868072083884,0.010165934095281985
pathogen_C_nw0.2_rev0,44,2024-2025,nssp_flu_proportion,416,0.005098064546473324,0.0,0.003557157837664048,0.0015105769316330854
pathogen_C_nw0.2_rev0,44,2024-2025,nssp_rsv_proportion,624,0.001177769066998735,0.0,0.0009577854130046221,0.0016443910249924953
pathogen_C_nw0.2_rev0,45,2023-2024,nhsn_covid_admissions,622,0.0,1.0,604.7443728489698,604.7443729903537
pathogen_C_nw0.2_rev0,45,2023-2024,nhsn_flu_admissions,412,0.0,1.0,262.9417428489124,262.94174757281553
pathogen_C_nw0.2_rev0,45,2023-2024,nhsn_rsv_admissions,326,0.0,1.0,6.874219597940363,6.874233128834356
pathogen_C_nw0.2_rev0,45,2023-2024,nssp_covid_proportion,728,0.004697301657870412,0.0,0.008937765470613817,0.014096153857650819
pathogen_C_nw0.2_rev0,45,2023-2024,nssp_flu_proportion,1456,0.0038443360244855285,0.0,0.00930328830063345,0.011986813194443339
pathogen_C_nw0.2_rev0,45,2023-2024,nssp_rsv_proportion,728,0.001080904359696433,0.0,0.0023937624494435143,0.003015934065093301
pathogen_C_nw0.2_rev0,45,2025-2026,nhsn_covid_admissions,624,0.0,1.0,138.65063466892036,138.65064102564102
pathogen_C_nw0.2_rev0,45,2025-2026,nhsn_flu_admissions,520,0.0,1.0,352.4288352107982,352.42884615384617
pathogen_C_nw0.2_rev0,45,2025-2026,nhsn_rsv_admissions,780,0.0,1.0,89.88717721933278,89.88717948717948
pathogen_C_nw0.2_rev0,45,2025-2026,nssp_covid_proportion,728,0.01306054345332086,0.0,0.005882702945350352,0.006031043967765812
pathogen_C_nw0.2_rev0,45,2025-2026,nssp_flu_proportion,1456,0.00603982200846076,0.0,0.008435531580734288,0.010478365410203328
pathogen_C_nw0.2_rev0,45,2025-2026,nssp_rsv_proportion,1144,0.0010378997831139714,0.0,0.0013576483976270334,0.0023504370662452015
pathogen_C_nw0.2_rev0,45,2024-2025,nhsn_covid_admissions,624,0.0,1.0,310.51281950355343,310.5128205128205
pathogen_C_nw0.2_rev0,45,2024-2025,nhsn_flu_admissions,520,0.0,1.0,320.3807663397505,320.3807692307692
pathogen_C_nw0.2_rev0,45,2024-2025,nhsn_rsv_admissions,726,0.0,1.0,135.51652665146958,135.51652892561984
pathogen_C_nw0.2_rev0,45,2024-2025,nssp_covid_proportion,728,0.008435012539848685,0.0,0.0036276559389239833,0.010668269265107274
pathogen_C_nw0.2_rev0,45,2024-2025,nssp_flu_proportion,1456,0.00490766332950443,0.0,0.013679065573581953,0.015565041257114888
pathogen_C_nw0.2_rev0,45,2024-2025,nssp_rsv_proportion,1144,0.001578233321197331,0.0,0.0015465691516243435,0.00261354895980088
pathogen_C_nw0.2_rev0,46,2023-2024,nhsn_covid_admissions,728,0.0,1.0,454.39010963073474,454.3901098901099
pathogen_C_nw0.2_rev0,46,2023-2024,nhsn_flu_admissions,722,0.0,1.0,310.0526231306755,310.05263157894734
pathogen_C_nw0.2_rev0,46,2023-2024,nhsn_rsv_admissions,471,0.0,1.0,4.331206793747191,4.3312101910828025
pathogen_C_nw0.2_rev0,46,2023-2024,nssp_covid_proportion,1248,0.005312864203006029,0.0,0.007715068774861067,0.01256362181942304
pathogen_C_nw0.2_rev0,46,2023-2024,nssp_flu_proportion,832,0.0038184651057235897,0.0,0.01378620835636796,0.018070673110121158
pathogen_C_nw0.2_rev0,46,2023-2024,nssp_rsv_proportion,312,0.0007862553466111422,0.0,0.005991464612424562,0.006981410292446992
pathogen_C_nw0.2_rev0,46,2025-2026,nhsn_covid_admissions,936,0.0,1.0,124.66772904689512,124.66773504273505
pathogen_C_nw0.2_rev0,46,2025-2026,nhsn_flu_admissions,832,0.0,1.0,247.37018228436423,247.37019230769232
pathogen_C_nw0.2_rev0,46,2025-2026,nhsn_rsv_admissions,988,0.0,1.0,115.43825465163525,115.43825910931174
pathogen_C_nw0.2_rev0,46,2025-2026,nssp_covid_proportion,1248,0.009972570929676294,0.0,0.004717355372098935,0.005047916683347116
pathogen_C_nw0.2_rev0,46,2025-2026,nssp_flu_proportion,936,0.004404761828482151,0.0,0.019023577422737237,0.022544764999888414
pathogen_C_nw0.2_rev0,46,2025-2026,nssp_rsv_proportion,416,0.0013895095034968108,0.0,0.0015402778421258307,0.0020341346192498558
pathogen_C_nw0.2_rev0,46,2024-2025,nhsn_covid_admissions,825,0.0,1.0,207.26424022918994,207.2642424242424
pathogen_C_nw0.2_rev0,46,2024-2025,nhsn_flu_admissions,828,0.0,1.0,245.81521411819372,245.81521739130434
pathogen_C_nw0.2_rev0,46,2024-2025,nhsn_rsv_admissions,908,0.0,1.0,160.31607859881748,160.3160792951542
pathogen_C_nw0.2_rev0,46,2024-2025,nssp_covid_proportion,1248,0.006627954891882837,0.0,0.004071335201119954,0.00927676284654575
pathogen_C_nw0.2_rev0,46,2024-2025,nssp_flu_proportion,936,0.00505978032015264,0.0,0.0231067754053257,0.02727884621194051
pathogen_C_nw0.2_rev0,46,2024-2025,nssp_rsv_proportion,416,0.0013700750714633614,0.0,0.002112444135981115,0.0030223557772527643
pathogen_two_nw0.2_rev0,42,2023-2024,nhsn_covid_admissions,724,14.0,0.03314917127071823,512.9245912221502,601.9364640883978
pathogen_two_nw0.2_rev0,42,2023-2024,nhsn_flu_admissions,624,0.0,0.9599358974358975,153.68269330170597,153.83653846153845
pathogen_two_nw0.2_rev0,42,2023-2024,nhsn_rsv_admissions,225,0.0,1.0,0.8977781065553514,0.8977777777777778
pathogen_two_nw0.2_rev0,42,2023-2024,nssp_covid_proportion,1196,0.00627986085601151,0.0,0.012529767339824397,0.01892633783303195
pathogen_two_nw0.2_rev0,42,2023-2024,nssp_flu_proportion,936,0.005294818547554314,0.0,0.010360494956067187,0.013242735043449156
pathogen_two_nw0.2_rev0,42,2023-2024,nssp_rsv_proportion,676,0.0017792028957046568,0.0,0.0033424945901846426,0.0044974852158411955
pathogen_two_nw0.2_rev0,42,2025-2026,nhsn_covid_admissions,832,15.0,0.07451923076923077,109.15136654985298,180.59254807692307
pathogen_two_nw0.2_rev0,42,2025-2026,nhsn_flu_admissions,624,2.0,0.4150641025641026,109.6512142331697,141.8573717948718
pathogen_two_nw0.2_rev0,42,2025-2026,nhsn_rsv_admissions,624,0.0,1.0,71.63108565528002,71.63461538461539
pathogen_two_nw0.2_rev0,42,2025-2026,nssp_covid_proportion,1196,0.01219969242811203,0.0,0.005503675779117502,0.005390301011963148
pathogen_two_nw0.2_rev0,42,2025-2026,nssp_flu_proportion,1040,0.0081466652918607,0.0,0.006536795883564012,0.01565807695525599
pathogen_two_nw0.2_rev0,42,2025-2026,nssp_rsv_proportion,936,0.0013326019106898457,0.0,0.0022957640857866786,0.0025377136766747623
pathogen_two_nw0.2_rev0,42,2024-2025,nhsn_covid_admissions,819,73.0,0.007326007326007326,185.02929492118304,243.33089133089132
pathogen_two_nw0.2_rev0,42,2024-2025,nhsn_flu_admissions,720,0.0,1.0,279.3613052048109,279.3638888888889
pathogen_two_nw0.2_rev0,42,2024-2025,nhsn_rsv_admissions,565,0.0,0.9964601769911504,51.756771446559064,51.766371681415926
pathogen_two_nw0.2_rev0,42,2024-2025,nssp_covid_proportion,1196,0.01304218010045588,0.0,0.004686764505332458,0.008698745842341312
pathogen_two_nw0.2_rev0,42,2024-2025,nssp_flu_proportion,1040,0.008053627330809832,0.0,0.015702837947425836,0.0178285577713513
pathogen_two_nw0.2_rev0,42,2024-2025,nssp_rsv_proportion,832,0.0014051600883249193,0.0,0.0017893482649771369,0.0032278846226920276
pathogen_two_nw0.2_rev0,43,2023-2024,nhsn_covid_admissions,1038,0.0,0.8998073217726397,729.0759985139018,729.5626204238921
pathogen_two_nw0.2_rev0,43,2023-2024,nhsn_flu_admissions,620,0.0,0.864516129032258,178.91683081406785,179.32258064516128
pathogen_two_nw0.2_rev0,43,2023-2024,nhsn_rsv_admissions,60,0.0,1.0,6.816666687815039,6.816666666666666
pathogen_two_nw0.2_rev0,43,2023-2024,nssp_covid_proportion,1456,0.0055270008742809296,0.0,0.0061143696930430255,0.012973557718166606
pathogen_two_nw0.2_rev0,43,2023-2024,nssp_flu_proportion,520,0.005998611333779991,0.0,0.0114348877786352,0.020287115407182473
pathogen_two_nw0.2_rev0,43,2023-2024,nssp_rsv_proportion,416,0.0011916625662706792,0.0,0.0026752990913004957,0.003356249996159022
pathogen_two_nw0.2_rev0,43,2025-2026,nhsn_covid_admissions,1040,0.0,0.9625,200.21430680516124,200.36826923076924
pathogen_two_nw0.2_rev0,43,2025-2026,nhsn_flu_admissions,676,0.0,0.5828402366863905,278.7776228639373,284.5044378698225
pathogen_two_nw0.2_rev0,43,2025-2026,nhsn_rsv_admissions,624,0.0,1.0,18.610576073393403,18.610576923076923
pathogen_two_nw0.2_rev0,43,2025-2026,nssp_covid_proportion,1456,0.00860253069549799,0.0,0.004389467666312287,0.0038309752875558024
pathogen_two_nw0.2_rev0,43,2025-2026,nssp_flu_proportion,728,0.00905579375103116,0.0,0.006145234945521664,0.01193186817958981
pathogen_two_nw0.2_rev0,43,2025-2026,nssp_rsv_proportion,676,0.0008434739429503679,0.0,0.0017575584103815883,0.0024693787024353325
pathogen_two_nw0.2_rev0,43,2024-2025,nhsn_covid_admissions,1031,0.0,0.9641125121241513,344.55669246251205,344.6973811833172
pathogen_two_nw0.2_rev0,43,2024-2025,nhsn_flu_admissions,720,0.0,0.9263888888888889,717.6397890760851,717.8013888888889
pathogen_two_nw0.2_rev0,43,2024-2025,nhsn_rsv_admissions,417,0.0,1.0,10.827245492337898,10.827338129496402
pathogen_two_nw0.2_rev0,43,2024-2025,nssp_covid_proportion,1456,0.005258039687760174,0.0,0.0026992800135253723,0.007366414861540501
pathogen_two_nw0.2_rev0,43,2024-2025,nssp_flu_proportion,832,0.0076377070508897305,0.0,0.01597693325353388,0.019167668313754733
pathogen_two_nw0.2_rev0,43,2024-2025,nssp_rsv_proportion,676,0.0011531152704264969,0.0,0.0020856730801361778,0.0035421597803980747
pathogen_two_nw0.2_rev0,44,2023-2024,nhsn_covid_admissions,1344,77.0,0.0,278.69089393131435,665.4620535714286
pathogen_two_nw0.2_rev0,44,2023-2024,nhsn_flu_admissions,988,3.0,0.3856275303643725,245.45970100776154,301.19331983805665
pathogen_two_nw0.2_rev0,44,2023-2024,nhsn_rsv_admissions,548,4.0,0.3175182481751825,55.33864845758474,3.0547445255474455
pathogen_two_nw0.2_rev0,44,2023-2024,nssp_covid_proportion,728,0.006191084627062082,0.0,0.006968152675004343,0.014003021995809472
pathogen_two_nw0.2_rev0,44,2023-2024,nssp_flu_proportion,416,0.0071131219156086445,0.0,0.007121531570812924,0.003901442311206875
pathogen_two_nw0.2_rev0,44,2023-2024,nssp_rsv_proportion,416,0.0024867404135875404,0.0,0.001809485102477573,0.002962500006805595
pathogen_two_nw0.2_rev0,44,2025-2026,nhsn_covid_admissions,1352,0.0,1.0,193.29695221736347,193.2973372781065
pathogen_two_nw0.2_rev0,44,2025-2026,nhsn_flu_admissions,1196,0.0,0.5994983277591973,367.57226756487387,391.59197324414714
pathogen_two_nw0.2_rev0,44,2025-2026,nhsn_rsv_admissions,936,0.0,0.5779914529914529,140.6811387813743,143.241452991453
pathogen_two_nw0.2_rev0,44,2025-2026,nssp_covid_proportion,728,0.005185202229768038,0.0,0.0024886256790093713,0.005690384626507364
pathogen_two_nw0.2_rev0,44,2025-2026,nssp_flu_proportion,416,0.0009854334639385343,0.0,0.0006584262924276957,0.0011764423073215697
pathogen_two_nw0.2_rev0,44,2025-2026,nssp_rsv_proportion,624,0.0007085452089086175,0.0,0.0011388312494569292,0.0020322115394894634
pathogen_two_nw0.2_rev0,44,2024-2025,nhsn_covid_admissions,1338,0.0,0.976083707025411,280.8551928628516,280.95142002989536
pathogen_two_nw0.2_rev0,44,2024-2025,nhsn_flu_admissions,1294,0.0,0.9953632148377125,388.89570348638347,388.9227202472952
pathogen_two_nw0.2_rev0,44,2024-2025,nhsn_rsv_admissions,832,0.0,0.8233173076923077,132.23318745333734,160.39903846153845
pathogen_two_nw0.2_rev0,44,2024-2025,nssp_covid_proportion,728,0.010655892081558704,0.0,0.004079849224961056,0.010165934095281985
pathogen_two_nw0.2_rev0,44,2024-2025,nssp_flu_proportion,416,0.004506629542447627,0.0,0.0033179835835426275,0.0015105769316330854
pathogen_two_nw0.2_rev0,44,2024-2025,nssp_rsv_proportion,624,0.0005137071566423401,0.0,0.0009399437099207903,0.0016443910249924953
pathogen_two_nw0.2_rev0,45,2023-2024,nhsn_covid_admissions,622,1.0,0.432475884244373,595.3856854116862,604.7443729903537
pathogen_two_nw0.2_rev0,45,2023-2024,nhsn_flu_admissions,412,0.0,0.8106796116504854,262.1269217687745,262.94174757281553
pathogen_two_nw0.2_rev0,45,2023-2024,nhsn_rsv_admissions,326,0.0,0.9877300613496932,6.839150440754935,6.874233128834356
pathogen_two_nw0.2_rev0,45,2023-2024,nssp_covid_proportion,728,0.004340194398537278,0.0,0.007755679068605577,0.014096153857650819
pathogen_two_nw0.2_rev0,45,2023-2024,nssp_flu_proportion,1456,0.014565709512680769,0.0,0.009349966413873976,0.011986813194443339
pathogen_two_nw0.2_rev0,45,2023-2024,nssp_rsv_proportion,728,0.008547958685085177,0.0,0.005674373944982237,0.003015934065093301
pathogen_two_nw0.2_rev0,45,2025-2026,nhsn_covid_admissions,624,39.0,0.03205128205128205,57.312057179136154,138.65064102564102
pathogen_two_nw0.2_rev0,45,2025-2026,nhsn_flu_admissions,520,0.0,1.0,352.4275063167133,352.42884615384617
pathogen_two_nw0.2_rev0,45,2025-2026,nhsn_rsv_admissions,780,0.0,0.9948717948717949,89.87869281350551,89.88717948717948
pathogen_two_nw0.2_rev0,45,2025-2026,nssp_covid_proportion,728,0.014459598110988736,0.0,0.006730720177574268,0.006031043967765812
pathogen_two_nw0.2_rev0,45,2025-2026,nssp_flu_proportion,1456,0.0006936030113138258,0.0,0.008518345098701792,0.010478365410203328
pathogen_two_nw0.2_rev0,45,2025-2026,nssp_rsv_proportion,1144,0.0008049982134252787,0.0,0.0015331778126638055,0.0023504370662452015
pathogen_two_nw0.2_rev0,45,2024-2025,nhsn_covid_admissions,624,22.0,0.003205128205128205,151.14973486883517,310.5128205128205
pathogen_two_nw0.2_rev0,45,2024-2025,nhsn_flu_admissions,520,1.0,0.4,296.43231799476666,320.3807692307692
pathogen_two_nw0.2_rev0,45,2024-2025,nhsn_rsv_admissions,726,0.0,0.9917355371900827,135.46565748970934,135.51652892561984
pathogen_two_nw0.2_rev0,45,2024-2025,nssp_covid_proportion,728,0.008888979442417622,0.0,0.004017029810411559,0.010668269265107274
pathogen_two_nw0.2_rev0,45,2024-2025,nssp_flu_proportion,1456,0.014379759086295962,0.0,0.01323104420088794,0.015565041257114888
pathogen_two_nw0.2_rev0,45,2024-2025,nssp_rsv_proportion,1144,0.0009377598471473902,0.0,0.0014610163255342327,0.00261354895980088
pathogen_two_nw0.2_rev0,46,2023-2024,nhsn_covid_admissions,728,69.5,0.0,229.79323467710515,454.3901098901099
pathogen_two_nw0.2_rev0,46,2023-2024,nhsn_flu_admissions,722,0.0,0.9944598337950139,310.02806285591043,310.05263157894734
pathogen_two_nw0.2_rev0,46,2023-2024,nhsn_rsv_admissions,471,0.0,0.5414012738853503,7.419315719028729,4.3312101910828025
pathogen_two_nw0.2_rev0,46,2023-2024,nssp_covid_proportion,1248,0.003817148506641388,0.0,0.006073378543008472,0.01256362181942304
pathogen_two_nw0.2_rev0,46,2023-2024,nssp_flu_proportion,832,0.010026817210018635,0.0,0.012842284729196343,0.018070673110121158
pathogen_two_nw0.2_rev0,46,2023-2024,nssp_rsv_proportion,312,0.003912708023563027,0.0,0.003280493155612837,0.006981410292446992
pathogen_two_nw0.2_rev0,46,2025-2026,nhsn_covid_admissions,936,2.0,0.27564102564102566,109.87539201347917,124.66773504273505
pathogen_two_nw0.2_rev0,46,2025-2026,nhsn_flu_admissions,832,1.0,0.43028846153846156,212.15918807975066,247.37019230769232
pathogen_two_nw0.2_rev0,46,2025-2026,nhsn_rsv_admissions,988,0.0,0.951417004048583,115.26892543039702,115.43825910931174
pathogen_two_nw0.2_rev0,46,2025-2026,nssp_covid_proportion,1248,0.008527609519660473,0.0,0.00399644728363805,0.005047916683347116
pathogen_two_nw0.2_rev0,46,2025-2026,nssp_flu_proportion,936,0.005973909981548786,0.0,0.016151019322185083,0.022544764999888414
pathogen_two_nw0.2_rev0,46,2025-2026,nssp_rsv_proportion,416,0.0008150954818120226,0.0,0.001097284510881134,0.0020341346192498558
pathogen_two_nw0.2_rev0,46,2024-2025,nhsn_covid_admissions,825,113.0,0.007272727272727273,289.4919651168043,207.2642424242424
pathogen_two_nw0.2_rev0,46,2024-2025,nhsn_flu_admissions,828,0.0,0.9130434782608695,245.43146838801133,245.81521739130434
pathogen_two_nw0.2_rev0,46,2024-2025,nhsn_rsv_admissions,908,0.0,0.6376651982378855,145.87776865466597,160.3160792951542
pathogen_two_nw0.2_rev0,46,2024-2025,nssp_covid_proportion,1248,0.007519881124608219,0.0,0.00527378086017285,0.00927676284654575
pathogen_two_nw0.2_rev0,46,2024-2025,nssp_flu_proportion,936,0.016295081935822964,0.0,0.012039366590759793,0.02727884621194051
pathogen_two_nw0.2_rev0,46,2024-2025,nssp_rsv_proportion,416,0.0011915162031073123,0.0,0.001625078399058566,0.0030223557772527643
pathogen_two_nw0.1_rev0,42,2023-2024,nhsn_covid_admissions,724,2.5,0.292817679558011,587.3644411168974,601.9364640883978
pathogen_two_nw0.1_rev0,42,2023-2024,nhsn_flu_admissions,624,0.0,0.7019230769230769,145.84833743998436,153.83653846153845
pathogen_two_nw0.1_rev0,42,2023-2024,nhsn_rsv_admissions,225,0.0,1.0,0.8977779731981955,0.8977777777777778
pathogen_two_nw0.1_rev0,42,2023-2024,nssp_covid_proportion,1196,0.0033747812267392874,0.0,0.01468246036728241,0.01892633783303195
pathogen_two_nw0.1_rev0,42,2023-2024,nssp_flu_proportion,936,0.005393067956902087,0.0,0.010198621366575391,0.013242735043449156
pathogen_two_nw0.1_rev0,42,2023-2024,nssp_rsv_proportion,676,0.0013143430114723742,0.0,0.003517925107496265,0.0044974852158411955
pathogen_two_nw0.1_rev0,42,2025-2026,nhsn_covid_admissions,832,3.0,0.11298076923076923,149.29093934340816,180.59254807692307
pathogen_two_nw0.1_rev0,42,2025-2026,nhsn_flu_admissions,624,10.5,0.375,113.4492219019316,141.8573717948718
pathogen_two_nw0.1_rev0,42,2025-2026,nhsn_rsv_admissions,624,0.0,1.0,71.63067124088404,71.63461538461539
pathogen_two_nw0.1_rev0,42,2025-2026,nssp_covid_proportion,1196,0.011544850189238787,0.0,0.004589502470151998,0.005390301011963148
pathogen_two_nw0.1_rev0,42,2025-2026,nssp_flu_proportion,1040,0.004822742426767945,0.0,0.008985088706100004,0.01565807695525599
pathogen_two_nw0.1_rev0,42,2025-2026,nssp_rsv_proportion,936,0.0013549741997849196,0.0,0.0016756746129559384,0.0025377136766747623
pathogen_two_nw0.1_rev0,42,2024-2025,nhsn_covid_admissions,819,17.0,0.05860805860805861,121.2948852909572,243.33089133089132
pathogen_two_nw0.1_rev0,42,2024-2025,nhsn_flu_admissions,720,0.0,0.5333333333333333,272.0468823759687,279.3638888888889
pathogen_two_nw0.1_rev0,42,2024-2025,nhsn_rsv_admissions,565,0.0,0.9964601769911504,51.74621201815899,51.766371681415926
pathogen_two_nw0.1_rev0,42,2024-2025,nssp_covid_proportion,1196,0.011098593007773161,0.0,0.0037108248999664704,0.008698745842341312
pathogen_two_nw0.1_rev0,42,2024-2025,nssp_flu_proportion,1040,0.012061249697580934,0.0,0.014127635330106176,0.0178285577713513
pathogen_two_nw0.1_rev0,42,2024-2025,nssp_rsv_proportion,832,0.0013988747377879918,0.0,0.0018664149149440863,0.0032278846226920276
pathogen_two_nw0.1_rev0,43,2023-2024,nhsn_covid_admissions,1038,1.0,0.4113680154142582,722.5993376487116,729.5626204238921
pathogen_two_nw0.1_rev0,43,2023-2024,nhsn_flu_admissions,620,0.0,0.9693548387096774,179.25445949120777,179.32258064516128
pathogen_two_nw0.1_rev0,43,2023-2024,nhsn_rsv_admissions,60,0.0,1.0,6.816642493797451,6.816666666666666
pathogen_two_nw0.1_rev0,43,2023-2024,nssp_covid_proportion,1456,0.0027260073111392558,0.0,0.008283890455119375,0.012973557718166606
pathogen_two_nw0.1_rev0,43,2023-2024,nssp_flu_proportion,520,0.006412216112948954,0.0,0.01200082923260547,0.020287115407182473
pathogen_two_nw0.1_rev0,43,2023-2024,nssp_rsv_proportion,416,0.0030372432665899396,0.0,0.0014973595656263465,0.003356249996159022
pathogen_two_nw0.1_rev0,43,2025-2026,nhsn_covid_admissions,1040,0.0,1.0,200.36826850986432,200.36826923076924
pathogen_two_nw0.1_rev0,43,2025-2026,nhsn_flu_admissions,676,0.0,0.9363905325443787,284.3673416880386,284.5044378698225
pathogen_two_nw0.1_rev0,43,2025-2026,nhsn_rsv_admissions,624,0.0,1.0,18.61054575367217,18.610576923076923
pathogen_two_nw0.1_rev0,43,2025-2026,nssp_covid_proportion,1456,0.008284015348181129,0.0,0.004096059075991334,0.0038309752875558024
pathogen_two_nw0.1_rev0,43,2025-2026,nssp_flu_proportion,728,0.012384219327941537,0.0,0.0072389987283683725,0.01193186817958981
pathogen_two_nw0.1_rev0,43,2025-2026,nssp_rsv_proportion,676,0.0005533150251721963,0.0,0.0020251673150951804,0.0024693787024353325
pathogen_two_nw0.1_rev0,43,2024-2025,nhsn_covid_admissions,1031,70.0,0.006789524733268671,93.07136427708672,344.6973811833172
pathogen_two_nw0.1_rev0,43,2024-2025,nhsn_flu_admissions,720,0.0,1.0,717.801029051106,717.8013888888889
pathogen_two_nw0.1_rev0,43,2024-2025,nhsn_rsv_admissions,417,0.0,1.0,10.826865633937008,10.827338129496402
pathogen_two_nw0.1_rev0,43,2024-2025,nssp_covid_proportion,1456,0.008101606275886297,0.0,0.003091031008887432,0.007366414861540501
pathogen_two_nw0.1_rev0,43,2024-2025,nssp_flu_proportion,832,0.008954415330663323,0.0,0.014003838603247668,0.019167668313754733
pathogen_two_nw0.1_rev0,43,2024-2025,nssp_rsv_proportion,676,0.0004179764000582509,0.0,0.0019570225667149108,0.0035421597803980747
pathogen_two_nw0.1_rev0,44,2023-2024,nhsn_covid_admissions,1344,0.0,0.5476190476190477,663.8894314708411,665.4620535714286
pathogen_two_nw0.1_rev0,44,2023-2024,nhsn_flu_admissions,988,3.0,0.3016194331983806,278.36856945999193,301.19331983805665
pathogen_two_nw0.1_rev0,44,2023-2024,nhsn_rsv_admissions,548,1.0,0.4032846715328467,43.9395236719789,3.0547445255474455
pathogen_two_nw0.1_rev0,44,2023-2024,nssp_covid_proportion,728,0.004413552465848625,0.0,0.008902960837436335,0.014003021995809472
pathogen_two_nw0.1_rev0,44,2023-2024,nssp_flu_proportion,416,0.02104718005284667,0.0,0.014534508897462764,0.003901442311206875
pathogen_two_nw0.1_rev0,44,2023-2024,nssp_rsv_proportion,416,0.0022794147371314466,0.0,0.0018890162238387976,0.002962500006805595
pathogen_two_nw0.1_rev0,44,2025-2026,nhsn_covid_admissions,1352,0.0,1.0,193.29717146440944,193.2973372781065
pathogen_two_nw0.1_rev0,44,2025-2026,nhsn_flu_admissions,1196,0.0,0.9807692307692307,391.52862568464826,391.59197324414714
pathogen_two_nw0.1_rev0,44,2025-2026,nhsn_rsv_admissions,936,1.0,0.4658119658119658,135.57876113259246,143.241452991453
pathogen_two_nw0.1_rev0,44,2025-2026,nssp_covid_proportion,728,0.007533414755016565,0.0,0.0026812795779903183,0.005690384626507364
pathogen_two_nw0.1_rev0,44,2025-2026,nssp_flu_proportion,416,0.002557098923716694,0.0,0.0018968395311800962,0.0011764423073215697
pathogen_two_nw0.1_rev0,44,2025-2026,nssp_rsv_proportion,624,0.00070156242873054,0.0,0.001169144683631319,0.0020322115394894634
pathogen_two_nw0.1_rev0,44,2024-2025,nhsn_covid_admissions,1338,1.0,0.398355754857997,277.98814189057623,280.95142002989536
pathogen_two_nw0.1_rev0,44,2024-2025,nhsn_flu_admissions,1294,2.0,0.43894899536321486,164.8467235889101,388.9227202472952
pathogen_two_nw0.1_rev0,44,2024-2025,nhsn_rsv_admissions,832,1.0,0.3701923076923077,119.50595378477762,160.39903846153845
pathogen_two_nw0.1_rev0,44,2024-2025,nssp_covid_proportion,728,0.009374917717650533,0.0,0.004958606636516909,0.010165934095281985
pathogen_two_nw0.1_rev0,44,2024-2025,nssp_flu_proportion,416,0.0041022865334525704,0.0,0.0031306183347991324,0.0015105769316330854
pathogen_two_nw0.1_rev0,44,2024-2025,nssp_rsv_proportion,624,0.0005871191970072687,0.0,0.0014579647086138837,0.0016443910249924953
pathogen_two_nw0.1_rev0,45,2023-2024,nhsn_covid_admissions,622,14.0,0.03697749196141479,494.4321540875354,604.7443729903537
pathogen_two_nw0.1_rev0,45,2023-2024,nhsn_flu_admissions,412,0.0,0.8956310679611651,262.70656502476356,262.94174757281553
pathogen_two_nw0.1_rev0,45,2023-2024,nhsn_rsv_admissions,326,0.0,0.9877300613496932,6.818350440954895,6.874233128834356
pathogen_two_nw0.1_rev0,45,2023-2024,nssp_covid_proportion,728,0.005041448283009231,0.0,0.0082142455164133,0.014096153857650819
pathogen_two_nw0.1_rev0,45,2023-2024,nssp_flu_proportion,1456,0.010477598756551743,0.0,0.01080457273463173,0.011986813194443339
pathogen_two_nw0.1_rev0,45,2023-2024,nssp_rsv_proportion,728,0.009936637245118618,0.0,0.006820413571384071,0.003015934065093301
pathogen_two_nw0.1_rev0,45,2025-2026,nhsn_covid_admissions,624,57.5,0.0,131.9350970830673,138.65064102564102
pathogen_two_nw0.1_rev0,45,2025-2026,nhsn_flu_admissions,520,0.0,0.7673076923076924,350.38003738472906,352.42884615384617
pathogen_two_nw0.1_rev0,45,2025-2026,nhsn_rsv_admissions,780,0.0,0.9948717948717949,89.86979936941165,89.88717948717948
pathogen_two_nw0.1_rev0,45,2025-2026,nssp_covid_proportion,728,0.018398891668766737,0.0,0.00932215811613727,0.006031043967765812
pathogen_two_nw0.1_rev0,45,2025-2026,nssp_flu_proportion,1456,0.00218873901758343,0.0,0.004712242574746747,0.010478365410203328
pathogen_two_nw0.1_rev0,45,2025-2026,nssp_rsv_proportion,1144,0.0011796217586379498,0.0,0.001852925161920275,0.0023504370662452015
pathogen_two_nw0.1_rev0,45,2024-2025,nhsn_covid_admissions,624,0.0,0.9903846153846154,310.4459641401966,310.5128205128205
pathogen_two_nw0.1_rev0,45,2024-2025,nhsn_flu_admissions,520,12.0,0.05,257.07631493182134,320.3807692307692
pathogen_two_nw0.1_rev0,45,2024-2025,nhsn_rsv_admissions,726,0.0,0.9931129476584022,135.45926268566845,135.51652892561984
pathogen_two_nw0.1_rev0,45,2024-2025,nssp_covid_proportion,728,0.006275893421843648,0.0,0.004774422918502011,0.010668269265107274
pathogen_two_nw0.1_rev0,45,2024-2025,nssp_flu_proportion,1456,0.008917735191062093,0.0,0.009668322841617328,0.015565041257114888
pathogen_two_nw0.1_rev0,45,2024-2025,nssp_rsv_proportion,1144,0.00048752086877357215,0.0,0.0014858098327056508,0.00261354895980088
pathogen_two_nw0.1_rev0,46,2023-2024,nhsn_covid_admissions,728,58.0,0.0,266.20022294613034,454.3901098901099
pathogen_two_nw0.1_rev0,46,2023-2024,nhsn_flu_admissions,722,2.0,0.4404432132963989,269.55124100662715,310.05263157894734
pathogen_two_nw0.1_rev0,46,2023-2024,nhsn_rsv_admissions,471,7.0,0.28662420382165604,31.887809563115887,4.3312101910828025
pathogen_two_nw0.1_rev0,46,2023-2024,nssp_covid_proportion,1248,0.008458256954327226,0.0,0.0054854356645498625,0.01256362181942304
pathogen_two_nw0.1_rev0,46,2023-2024,nssp_flu_proportion,832,0.016473657451570034,0.0,0.013941616264026799,0.018070673110121158
pathogen_two_nw0.1_rev0,46,2023-2024,nssp_rsv_proportion,312,0.0053892567520961165,0.0,0.003454730005847896,0.006981410292446992
pathogen_two_nw0.1_rev0,46,2025-2026,nhsn_covid_admissions,936,13.0,0.042735042735042736,52.90722800275454,124.66773504273505
pathogen_two_nw0.1_rev0,46,2025-2026,nhsn_flu_admissions,832,0.0,0.8581730769230769,241.2663245290332,247.37019230769232
pathogen_two_nw0.1_rev0,46,2025-2026,nhsn_rsv_admissions,988,0.0,0.7540485829959515,111.60448020258488,115.43825910931174
pathogen_two_nw0.1_rev0,46,2025-2026,nssp_covid_proportion,1248,0.008854054380208254,0.0,0.004478457783429453,0.005047916683347116
pathogen_two_nw0.1_rev0,46,2025-2026,nssp_flu_proportion,936,0.012872058665379882,0.0,0.011935096467504602,0.022544764999888414
pathogen_two_nw0.1_rev0,46,2025-2026,nssp_rsv_proportion,416,0.0012353040801826864,0.0,0.00114222304129131,0.0020341346192498558
pathogen_two_nw0.1_rev0,46,2024-2025,nhsn_covid_admissions,825,21.0,0.03151515151515152,93.1665027956529,207.2642424242424
pathogen_two_nw0.1_rev0,46,2024-2025,nhsn_flu_admissions,828,0.0,0.6956521739130435,244.78651901079346,245.81521739130434
pathogen_two_nw0.1_rev0,46,2024-2025,nhsn_rsv_admissions,908,0.0,0.75,156.75302321862827,160.3160792951542
pathogen_two_nw0.1_rev0,46,2024-2025,nssp_covid_proportion,1248,0.009354457259178162,0.0,0.005435528083743963,0.00927676284654575
pathogen_two_nw0.1_rev0,46,2024-2025,nssp_flu_proportion,936,0.01024700328707695,0.0,0.01724882327400539,0.02727884621194051
pathogen_two_nw0.1_rev0,46,2024-2025,nssp_rsv_proportion,416,0.0011674289125949144,0.0,0.0016898031425311134,0.0030223557772527643
pathogen_two_nw0.1_rev0.5,42,2023-2024,nhsn_covid_admissions,724,70.0,0.0,367.66385434823144,601.9364640883978
pathogen_two_nw0.1_rev0.5,42,2023-2024,nhsn_flu_admissions,624,2.0,0.3974358974358974,82.88224128042948,153.83653846153845
pathogen_two_nw0.1_rev0.5,42,2023-2024,nhsn_rsv_admissions,225,0.0,1.0,0.8977830076155396,0.8977777777777778
pathogen_two_nw0.1_rev0.5,42,2023-2024,nssp_covid_proportion,1196,0.007557449629530311,0.0,0.011197516055378392,0.01892633783303195
pathogen_two_nw0.1_rev0.5,42,2023-2024,nssp_flu_proportion,936,0.008201907854527235,0.0,0.008043388254413407,0.013242735043449156
pathogen_two_nw0.1_rev0.5,42,2023-2024,nssp_rsv_proportion,676,0.00362426636274904,0.0,0.0031883147957908007,0.0044974852158411955
pathogen_two_nw0.1_rev0.5,42,2025-2026,nhsn_covid_admissions,832,0.0,0.5072115384615384,168.12561197778038,180.59254807692307
pathogen_two_nw0.1_rev0.5,42,2025-2026,nhsn_flu_admissions,624,18.0,0.34294871794871795,84.26194307696728,141.8573717948718
pathogen_two_nw0.1_rev0.5,42,2025-2026,nhsn_rsv_admissions,624,0.0,1.0,71.63225469402894,71.63461538461539
pathogen_two_nw0.1_rev0.5,42,2025-2026,nssp_covid_proportion,1196,0.00583607517182827,0.0,0.002362286521123417,0.005390301011963148
pathogen_two_nw0.1_rev0.5,42,2025-2026,nssp_flu_proportion,1040,0.003251892514526844,0.0,0.008708011246979088,0.01565807695525599
pathogen_two_nw0.1_rev0.5,42,2025-2026,nssp_rsv_proportion,936,0.0010640764085110277,0.0,0.0018997114231837273,0.0025377136766747623
pathogen_two_nw0.1_rev0.5,42,2024-2025,nhsn_covid_admissions,819,8.0,0.17582417582417584,150.19873117591837,243.33089133089132
pathogen_two_nw0.1_rev0.5,42,2024-2025,nhsn_flu_admissions,720,0.0,0.8361111111111111,279.1637818061074,279.3638888888889
pathogen_two_nw0.1_rev0.5,42,2024-2025,nhsn_rsv_admissions,565,0.0,0.9964601769911504,51.759050478939564,51.766371681415926
pathogen_two_nw0.1_rev0.5,42,2024-2025,nssp_covid_proportion,1196,0.010077436454594135,0.0,0.0034382433277581285,0.008698745842341312
pathogen_two_nw0.1_rev0.5,42,2024-2025,nssp_flu_proportion,1040,0.0019647221197374165,0.0,0.017356788451806656,0.0178285577713513
pathogen_two_nw0.1_rev0.5,42,2024-2025,nssp_rsv_proportion,832,0.0011037149524781853,0.0,0.0019367455061722711,0.0032278846226920276
pathogen_two_nw0.1_rev0.5,43,2023-2024,nhsn_covid_admissions,1038,24.0,0.03275529865125241,623.9277258307201,729.5626204238921
pathogen_two_nw0.1_rev0.5,43,2023-2024,nhsn_flu_admissions,620,0.0,0.95,179.20393837528147,179.32258064516128
pathogen_two_nw0.1_rev0.5,43,2023-2024,nhsn_rsv_admissions,60,0.0,1.0,6.8166658977951915,6.816666666666666
pathogen_two_nw0.1_rev0.5,43,2023-2024,nssp_covid_proportion,1456,0.0078011719742789865,0.0,0.005407966710073786,0.012973557718166606
pathogen_two_nw0.1_rev0.5,43,2023-2024,nssp_flu_proportion,520,0.0073163919150829315,0.0,0.011385057440174233,0.020287115407182473
pathogen_two_nw0.1_rev0.5,43,2023-2024,nssp_rsv_proportion,416,0.004097675438970327,0.0,0.002858454600510203,0.003356249996159022
pathogen_two_nw0.1_rev0.5,43,2025-2026,nhsn_covid_admissions,1040,0.0,1.0,200.366280328448,200.36826923076924
pathogen_two_nw0.1_rev0.5,43,2025-2026,nhsn_flu_admissions,676,0.0,1.0,284.5010446848733,284.5044378698225
pathogen_two_nw0.1_rev0.5,43,2025-2026,nhsn_rsv_admissions,624,0.0,1.0,18.610561011209857,18.610576923076923
pathogen_two_nw0.1_rev0.5,43,2025-2026,nssp_covid_proportion,1456,0.004072111565619707,0.0,0.0019131701294779534,0.0038309752875558024
pathogen_two_nw0.1_rev0.5,43,2025-2026,nssp_flu_proportion,728,0.002056680154055357,0.0,0.010298089472184035,0.01193186817958981
pathogen_two_nw0.1_rev0.5,43,2025-2026,nssp_rsv_proportion,676,0.0007812143012415618,0.0,0.0022045012049053594,0.0024693787024353325
pathogen_two_nw0.1_rev0.5,43,2024-2025,nhsn_covid_admissions,1031,87.0,0.016488845780795344,136.28010675296636,344.6973811833172
pathogen_two_nw0.1_rev0.5,43,2024-2025,nhsn_flu_admissions,720,0.0,0.9472222222222222,717.6865912247617,717.8013888888889
pathogen_two_nw0.1_rev0.5,43,2024-2025,nhsn_rsv_admissions,417,0.0,1.0,10.827325311550492,10.827338129496402
pathogen_two_nw0.1_rev0.5,43,2024-2025,nssp_covid_proportion,1456,0.005474029574543238,0.0,0.0030041554815837587,0.007366414861540501
pathogen_two_nw0.1_rev0.5,43,2024-2025,nssp_flu_proportion,832,0.009207862429320812,0.0,0.015827541849270908,0.019167668313754733
pathogen_two_nw0.1_rev0.5,43,2024-2025,nssp_rsv_proportion,676,0.0007071615400491282,0.0,0.001972077278297499,0.0035421597803980747
pathogen_two_nw0.1_rev0.5,44,2023-2024,nhsn_covid_admissions,1344,73.0,0.0,415.06614555888586,665.4620535714286
pathogen_two_nw0.1_rev0.5,44,2023-2024,nhsn_flu_admissions,988,33.5,0.22469635627530365,141.57784971660035,301.19331983805665
pathogen_two_nw0.1_rev0.5,44,2023-2024,nhsn_rsv_admissions,548,0.0,0.9963503649635036,3.0432067999519417,3.0547445255474455
pathogen_two_nw0.1_rev0.5,44,2023-2024,nssp_covid_proportion,728,0.009231888921931386,0.0,0.008314731402636395,0.014003021995809472
pathogen_two_nw0.1_rev0.5,44,2023-2024,nssp_flu_proportion,416,0.006587038398720324,0.0,0.0066040422306321905,0.003901442311206875
pathogen_two_nw0.1_rev0.5,44,2023-2024,nssp_rsv_proportion,416,0.0023837515036575496,0.0,0.0022955898187739456,0.002962500006805595
pathogen_two_nw0.1_rev0.5,44,2025-2026,nhsn_covid_admissions,1352,14.0,0.0014792899408284023,103.7341737308534,193.2973372781065
pathogen_two_nw0.1_rev0.5,44,2025-2026,nhsn_flu_admissions,1196,3.0,0.40217391304347827,299.83621484851466,391.59197324414714
pathogen_two_nw0.1_rev0.5,44,2025-2026,nhsn_rsv_admissions,936,0.0,0.6100427350427351,128.4514242239664,143.241452991453
pathogen_two_nw0.1_rev0.5,44,2025-2026,nssp_covid_proportion,728,0.01169796846807003,0.0,0.005179254353496727,0.005690384626507364
pathogen_two_nw0.1_rev0.5,44,2025-2026,nssp_flu_proportion,416,0.0012603194627445191,0.0,0.0007436622374388418,0.0011764423073215697
pathogen_two_nw0.1_rev0.5,44,2025-2026,nssp_rsv_proportion,624,0.000633220886811614,0.0,0.0011544318850925405,0.0020322115394894634
pathogen_two_nw0.1_rev0.5,44,2024-2025,nhsn_covid_admissions,1338,0.0,0.9977578475336323,280.9430533806531,280.95142002989536
pathogen_two_nw0.1_rev0.5,44,2024-2025,nhsn_flu_admissions,1294,1.0,0.41499227202472955,278.7431034126304,388.9227202472952
pathogen_two_nw0.1_rev0.5,44,2024-2025,nhsn_rsv_admissions,832,0.0,0.8569711538461539,146.26643336484858,160.39903846153845
pathogen_two_nw0.1_rev0.5,44,2024-2025,nssp_covid_proportion,728,0.007505753310397267,0.0,0.003422044622561521,0.010165934095281985
pathogen_two_nw0.1_rev0.5,44,2024-2025,nssp_flu_proportion,416,0.00392710801679641,0.0,0.0025745807919730188,0.0015105769316330854
pathogen_two_nw0.1_rev0.5,44,2024-2025,nssp_rsv_proportion,624,0.0003759470419026911,0.0,0.0009274531254423215,0.0016443910249924953
pathogen_two_nw0.1_rev0.5,45,2023-2024,nhsn_covid_admissions,622,109.5,0.0,165.46593254440467,604.7443729903537
pathogen_two_nw0.1_rev0.5,45,2023-2024,nhsn_flu_admissions,412,7.0,0.2669902912621359,234.36042669267243,262.94174757281553
pathogen_two_nw0.1_rev0.5,45,2023-2024,nhsn_rsv_admissions,326,0.0,0.9877300613496932,6.850726273666424,6.874233128834356
pathogen_two_nw0.1_rev0.5,45,2023-2024,nssp_covid_proportion,728,0.006504993187263608,0.0,0.006339932267060299,0.014096153857650819
pathogen_two_nw0.1_rev0.5,45,2023-2024,nssp_flu_proportion,1456,0.005387882003560662,0.0,0.01035009061565707,0.011986813194443339
pathogen_two_nw0.1_rev0.5,45,2023-2024,nssp_rsv_proportion,728,0.004822030663490295,0.0,0.002913605786363985,0.003015934065093301
pathogen_two_nw0.1_rev0.5,45,2025-2026,nhsn_covid_admissions,624,24.0,0.0625,75.72586825912676,138.65064102564102
pathogen_two_nw0.1_rev0.5,45,2025-2026,nhsn_flu_admissions,520,0.0,1.0,352.42825928380876,352.42884615384617
pathogen_two_nw0.1_rev0.5,45,2025-2026,nhsn_rsv_admissions,780,0.0,0.9948717948717949,89.86808519183782,89.88717948717948
pathogen_two_nw0.1_rev0.5,45,2025-2026,nssp_covid_proportion,728,0.0060492814518511295,0.0,0.002309352253128104,0.006031043967765812
pathogen_two_nw0.1_rev0.5,45,2025-2026,nssp_flu_proportion,1456,0.004532515536993742,0.0,0.005669461186678765,0.010478365410203328
pathogen_two_nw0.1_rev0.5,45,2025-2026,nssp_rsv_proportion,1144,0.001152372540673241,0.0,0.0018421272970350095,0.0023504370662452015
pathogen_two_nw0.1_rev0.5,45,2024-2025,nhsn_covid_admissions,624,0.0,1.0,310.50406940682575,310.5128205128205
pathogen_two_nw0.1_rev0.5,45,2024-2025,nhsn_flu_admissions,520,11.0,0.11923076923076924,110.03939469745025,320.3807692307692
pathogen_two_nw0.1_rev0.5,45,2024-2025,nhsn_rsv_admissions,726,0.0,0.9944903581267218,135.49455729567092,135.51652892561984
pathogen_two_nw0.1_rev0.5,45,2024-2025,nssp_covid_proportion,728,0.007706743665039539,0.0,0.0071858624419342,0.010668269265107274
pathogen_two_nw0.1_rev0.5,45,2024-2025,nssp_flu_proportion,1456,0.00871197646483779,0.0,0.00960904308208178,0.015565041257114888
pathogen_two_nw0.1_rev0.5,45,2024-2025,nssp_rsv_proportion,1144,0.0007183952984632924,0.0,0.0017638341291928866,0.00261354895980088
pathogen_two_nw0.1_rev0.5,46,2023-2024,nhsn_covid_admissions,728,58.0,0.0,247.0268098254289,454.3901098901099
pathogen_two_nw0.1_rev0.5,46,2023-2024,nhsn_flu_admissions,722,0.0,0.5637119113573407,304.9173183729586,310.05263157894734
pathogen_two_nw0.1_rev0.5,46,2023-2024,nhsn_rsv_admissions,471,9.0,0.28662420382165604,53.66575622345295,4.3312101910828025
pathogen_two_nw0.1_rev0.5,46,2023-2024,nssp_covid_proportion,1248,0.003982996102422476,0.0,0.006154525101138484,0.01256362181942304
pathogen_two_nw0.1_rev0.5,46,2023-2024,nssp_flu_proportion,832,0.015158742666244507,0.0,0.014373097114746368,0.018070673110121158
pathogen_two_nw0.1_rev0.5,46,2023-2024,nssp_rsv_proportion,312,0.006058413884602487,0.0,0.003486211381338459,0.006981410292446992
pathogen_two_nw0.1_rev0.5,46,2025-2026,nhsn_covid_admissions,936,10.0,0.1346153846153846,58.108416059771834,124.66773504273505
pathogen_two_nw0.1_rev0.5,46,2025-2026,nhsn_flu_admissions,832,0.0,0.6189903846153846,138.71981156185691,247.37019230769232
pathogen_two_nw0.1_rev0.5,46,2025-2026,nhsn_rsv_admissions,988,0.0,0.8522267206477733,114.43844341303432,115.43825910931174
pathogen_two_nw0.1_rev0.5,46,2025-2026,nssp_covid_proportion,1248,0.012607164215296507,0.0,0.006812753786597079,0.005047916683347116
pathogen_two_nw0.1_rev0.5,46,2025-2026,nssp_flu_proportion,936,0.008804768556728959,0.0,0.013004985454268208,0.022544764999888414
pathogen_two_nw0.1_rev0.5,46,2025-2026,nssp_rsv_proportion,416,0.0007703090959694237,0.0,0.0010763719746390821,0.0020341346192498558
pathogen_two_nw0.1_rev0.5,46,2024-2025,nhsn_covid_admissions,825,7.0,0.16242424242424242,158.88019994056586,207.2642424242424
pathogen_two_nw0.1_rev0.5,46,2024-2025,nhsn_flu_admissions,828,2.0,0.4746376811594203,273.0536751963222,245.81521739130434
pathogen_two_nw0.1_rev0.5,46,2024-2025,nhsn_rsv_admissions,908,0.0,0.5286343612334802,123.30828207066013,160.3160792951542
pathogen_two_nw0.1_rev0.5,46,2024-2025,nssp_covid_proportion,1248,0.005474100820720196,0.0,0.004705509402647761,0.00927676284654575
pathogen_two_nw0.1_rev0.5,46,2024-2025,nssp_flu_proportion,936,0.017246559262275696,0.0,0.012332600682003609,0.02727884621194051
pathogen_two_nw0.1_rev0.5,46,2024-2025,nssp_rsv_proportion,416,0.0007150073506636545,0.0,0.0017289824801331667,0.0030223557772527643
pathogen_two_nw0.2_rev0.5,42,2023-2024,nhsn_covid_admissions,724,4.0,0.06629834254143646,581.6868803530562,601.9364640883978
pathogen_two_nw0.2_rev0.5,42,2023-2024,nhsn_flu_admissions,624,0.0,0.7483974358974359,136.55322909855843,153.83653846153845
pathogen_two_nw0.2_rev0.5,42,2023-2024,nhsn_rsv_admissions,225,0.0,0.9911111111111112,0.8869302924153076,0.8977777777777778
pathogen_two_nw0.2_rev0.5,42,2023-2024,nssp_covid_proportion,1196,0.005609456682577729,0.0,0.012574276691500252,0.01892633783303195
pathogen_two_nw0.2_rev0.5,42,2023-2024,nssp_flu_proportion,936,0.006471907603554428,0.0,0.009530789699707214,0.013242735043449156
pathogen_two_nw0.2_rev0.5,42,2023-2024,nssp_rsv_proportion,676,0.0018428410694468766,0.0,0.002764920477973905,0.0044974852158411955
pathogen_two_nw0.2_rev0.5,42,2025-2026,nhsn_covid_admissions,832,9.0,0.054086538461538464,100.43693005616436,180.59254807692307
pathogen_two_nw0.2_rev0.5,42,2025-2026,nhsn_flu_admissions,624,0.0,0.5256410256410257,122.08203553086008,141.8573717948718
pathogen_two_nw0.2_rev0.5,42,2025-2026,nhsn_rsv_admissions,624,0.0,0.9967948717948718,71.63057530445694,71.63461538461539
pathogen_two_nw0.2_rev0.5,42,2025-2026,nssp_covid_proportion,1196,0.011800394859164953,0.0,0.005154203021599846,0.005390301011963148
pathogen_two_nw0.2_rev0.5,42,2025-2026,nssp_flu_proportion,1040,0.006329786963760853,0.0,0.0073810167175207214,0.01565807695525599
pathogen_two_nw0.2_rev0.5,42,2025-2026,nssp_rsv_proportion,936,0.001066097553120926,0.0,0.0015243541917161797,0.0025377136766747623
pathogen_two_nw0.2_rev0.5,42,2024-2025,nhsn_covid_admissions,819,37.0,0.004884004884004884,101.40758227843504,243.33089133089132
pathogen_two_nw0.2_rev0.5,42,2024-2025,nhsn_flu_admissions,720,0.0,0.9944444444444445,279.33691372538055,279.3638888888889
pathogen_two_nw0.2_rev0.5,42,2024-2025,nhsn_rsv_admissions,565,0.0,0.9663716814159292,51.558190664717316,51.766371681415926
pathogen_two_nw0.2_rev0.5,42,2024-2025,nssp_covid_proportion,1196,0.010606610449030995,0.0,0.003622259613730786,0.008698745842341312
pathogen_two_nw0.2_rev0.5,42,2024-2025,nssp_flu_proportion,1040,0.008366555208340287,0.0,0.010820915467579302,0.0178285577713513
pathogen_two_nw0.2_rev0.5,42,2024-2025,nssp_rsv_proportion,832,0.0017080273246392608,0.0,0.002206923323111727,0.0032278846226920276
pathogen_two_nw0.2_rev0.5,43,2023-2024,nhsn_covid_admissions,1038,1.0,0.44315992292870904,725.7916061341348,729.5626204238921
pathogen_two_nw0.2_rev0.5,43,2023-2024,nhsn_flu_admissions,620,0.0,0.8806451612903226,178.98167302426043,179.32258064516128
pathogen_two_nw0.2_rev0.5,43,2023-2024,nhsn_rsv_admissions,60,0.0,1.0,6.8166666830165035,6.816666666666666
pathogen_two_nw0.2_rev0.5,43,2023-2024,nssp_covid_proportion,1456,0.004354897071607411,0.0,0.007355687136243812,0.012973557718166606
pathogen_two_nw0.2_rev0.5,43,2023-2024,nssp_flu_proportion,520,0.005239164805971086,0.0,0.011944134247369221,0.020287115407182473
pathogen_two_nw0.2_rev0.5,43,2023-2024,nssp_rsv_proportion,416,0.001069386984454468,0.0,0.002729249423046335,0.003356249996159022
pathogen_two_nw0.2_rev0.5,43,2025-2026,nhsn_covid_admissions,1040,20.0,0.10673076923076923,78.27658417662248,200.36826923076924
pathogen_two_nw0.2_rev0.5,43,2025-2026,nhsn_flu_admissions,676,0.0,0.8994082840236687,284.25917241056675,284.5044378698225
pathogen_two_nw0.2_rev0.5,43,2025-2026,nhsn_rsv_admissions,624,0.0,1.0,18.610558240588354,18.610576923076923
pathogen_two_nw0.2_rev0.5,43,2025-2026,nssp_covid_proportion,1456,0.006489525432698429,0.0,0.0029276919275826705,0.0038309752875558024
pathogen_two_nw0.2_rev0.5,43,2025-2026,nssp_flu_proportion,728,0.0072846123948693275,0.0,0.005819153968307116,0.01193186817958981
pathogen_two_nw0.2_rev0.5,43,2025-2026,nssp_rsv_proportion,676,0.0006391173083102331,0.0,0.0019425682179975326,0.0024693787024353325
pathogen_two_nw0.2_rev0.5,43,2024-2025,nhsn_covid_admissions,1031,45.0,0.0038797284190106693,149.8013532693587,344.6973811833172
pathogen_two_nw0.2_rev0.5,43,2024-2025,nhsn_flu_admissions,720,0.0,1.0,717.799437574955,717.8013888888889
pathogen_two_nw0.2_rev0.5,43,2024-2025,nhsn_rsv_admissions,417,0.0,1.0,10.827256898917883,10.827338129496402
pathogen_two_nw0.2_rev0.5,43,2024-2025,nssp_covid_proportion,1456,0.007455170387402177,0.0,0.0031576396946687824,0.007366414861540501
pathogen_two_nw0.2_rev0.5,43,2024-2025,nssp_flu_proportion,832,0.009037981042638421,0.0,0.013754890654905257,0.019167668313754733
pathogen_two_nw0.2_rev0.5,43,2024-2025,nssp_rsv_proportion,676,0.0011676567373797297,0.0,0.0018424967583431406,0.0035421597803980747
pathogen_two_nw0.2_rev0.5,44,2023-2024,nhsn_covid_admissions,1344,0.0,0.7388392857142857,664.4824302176249,665.4620535714286
pathogen_two_nw0.2_rev0.5,44,2023-2024,nhsn_flu_admissions,988,0.0,1.0,301.19034218480556,301.19331983805665
pathogen_two_nw0.2_rev0.5,44,2023-2024,nhsn_rsv_admissions,548,27.0,0.16058394160583941,129.27519676789743,3.0547445255474455
pathogen_two_nw0.2_rev0.5,44,2023-2024,nssp_covid_proportion,728,0.0058222165098413825,0.0,0.00729916365598111,0.014003021995809472
pathogen_two_nw0.2_rev0.5,44,2023-2024,nssp_flu_proportion,416,0.004626802634447813,0.0,0.0039188648257077845,0.003901442311206875
pathogen_two_nw0.2_rev0.5,44,2023-2024,nssp_rsv_proportion,416,0.004378819488920271,0.0,0.002642910315321737,0.002962500006805595
pathogen_two_nw0.2_rev0.5,44,2025-2026,nhsn_covid_admissions,1352,0.0,0.959319526627219,192.92262015043784,193.2973372781065
pathogen_two_nw0.2_rev0.5,44,2025-2026,nhsn_flu_admissions,1196,0.0,0.5677257525083612,348.4503493624884,391.59197324414714
pathogen_two_nw0.2_rev0.5,44,2025-2026,nhsn_rsv_admissions,936,0.0,0.6388888888888888,127.43206278291926,143.241452991453
pathogen_two_nw0.2_rev0.5,44,2025-2026,nssp_covid_proportion,728,0.013696335488930345,0.0,0.005939760179499389,0.005690384626507364
pathogen_two_nw0.2_rev0.5,44,2025-2026,nssp_flu_proportion,416,0.0013140278751961887,0.0,0.0007511499842044381,0.0011764423073215697
pathogen_two_nw0.2_rev0.5,44,2025-2026,nssp_rsv_proportion,624,0.0006270812591537833,0.0,0.0011687091578096442,0.0020322115394894634
pathogen_two_nw0.2_rev0.5,44,2024-2025,nhsn_covid_admissions,1338,9.0,0.07623318385650224,231.9401496291517,280.95142002989536
pathogen_two_nw0.2_rev0.5,44,2024-2025,nhsn_flu_admissions,1294,0.0,0.8245749613601236,388.4732626574777,388.9227202472952
pathogen_two_nw0.2_rev0.5,44,2024-2025,nhsn_rsv_admissions,832,1.0,0.41947115384615385,125.62313331360393,160.39903846153845
pathogen_two_nw0.2_rev0.5,44,2024-2025,nssp_covid_proportion,728,0.007239848491735756,0.0,0.004215967549288717,0.010165934095281985
pathogen_two_nw0.2_rev0.5,44,2024-2025,nssp_flu_proportion,416,0.0032993860659189522,0.0,0.0022685693939435555,0.0015105769316330854
pathogen_two_nw0.2_rev0.5,44,2024-2025,nssp_rsv_proportion,624,0.000472421757876873,0.0,0.0007773617558407353,0.0016443910249924953
pathogen_two_nw0.2_rev0.5,45,2023-2024,nhsn_covid_admissions,622,0.0,0.815112540192926,603.9813897457166,604.7443729903537
pathogen_two_nw0.2_rev0.5,45,2023-2024,nhsn_flu_admissions,412,0.0,0.8422330097087378,262.41036934502387,262.94174757281553
pathogen_two_nw0.2_rev0.5,45,2023-2024,nhsn_rsv_admissions,326,0.0,0.9938650306748467,6.853304802183243,6.874233128834356
pathogen_two_nw0.2_rev0.5,45,2023-2024,nssp_covid_proportion,728,0.012584857875481248,0.0,0.010182793599577073,0.014096153857650819
pathogen_two_nw0.2_rev0.5,45,2023-2024,nssp_flu_proportion,1456,0.014467863598838449,0.0,0.009322954104199957,0.011986813194443339
pathogen_two_nw0.2_rev0.5,45,2023-2024,nssp_rsv_proportion,728,0.0034934626892209053,0.0,0.0022925984486731636,0.003015934065093301
pathogen_two_nw0.2_rev0.5,45,2025-2026,nhsn_covid_admissions,624,85.5,0.0,135.9032074274161,138.65064102564102
pathogen_two_nw0.2_rev0.5,45,2025-2026,nhsn_flu_admissions,520,0.0,0.8769230769230769,352.1329983290827,352.42884615384617
pathogen_two_nw0.2_rev0.5,45,2025-2026,nhsn_rsv_admissions,780,0.0,1.0,89.8844485551159,89.88717948717948
pathogen_two_nw0.2_rev0.5,45,2025-2026,nssp_covid_proportion,728,0.008819471579045057,0.0,0.003250228842032132,0.006031043967765812
pathogen_two_nw0.2_rev0.5,45,2025-2026,nssp_flu_proportion,1456,0.0022843779297545552,0.0,0.004606133559428889,0.010478365410203328
pathogen_two_nw0.2_rev0.5,45,2025-2026,nssp_rsv_proportion,1144,0.0010051946737803519,0.0,0.001256859225315146,0.0023504370662452015
pathogen_two_nw0.2_rev0.5,45,2024-2025,nhsn_covid_admissions,624,37.0,0.019230769230769232,129.84041534985104,310.5128205128205
pathogen_two_nw0.2_rev0.5,45,2024-2025,nhsn_flu_admissions,520,12.5,0.20961538461538462,226.9432186605373,320.3807692307692
pathogen_two_nw0.2_rev0.5,45,2024-2025,nhsn_rsv_admissions,726,0.0,0.9972451790633609,135.50222196132265,135.51652892561984
pathogen_two_nw0.2_rev0.5,45,2024-2025,nssp_covid_proportion,728,0.003707763215061277,0.0,0.0055280823249671774,0.010668269265107274
pathogen_two_nw0.2_rev0.5,45,2024-2025,nssp_flu_proportion,1456,0.0077179039362818,0.0,0.009382094171567108,0.015565041257114888
pathogen_two_nw0.2_rev0.5,45,2024-2025,nssp_rsv_proportion,1144,0.0005071565246907994,0.0,0.0014166239696874231,0.00261354895980088
pathogen_two_nw0.2_rev0.5,46,2023-2024,nhsn_covid_admissions,728,0.0,0.5192307692307693,450.7650967028688,454.3901098901099
pathogen_two_nw0.2_rev0.5,46,2023-2024,nhsn_flu_admissions,722,0.0,0.9667590027700831,309.9393288414291,310.05263157894734
pathogen_two_nw0.2_rev0.5,46,2023-2024,nhsn_rsv_admissions,471,0.0,0.7919320594479831,3.8763494319459677,4.3312101910828025
pathogen_two_nw0.2_rev0.5,46,2023-2024,nssp_covid_proportion,1248,0.003119220375083387,0.0,0.007726217970804474,0.01256362181942304
pathogen_two_nw0.2_rev0.5,46,2023-2024,nssp_flu_proportion,832,0.0029509695013985038,0.0,0.01663771034185839,0.018070673110121158
pathogen_two_nw0.2_rev0.5,46,2023-2024,nssp_rsv_proportion,312,0.0036421807017177343,0.0,0.003783768100150225,0.006981410292446992
pathogen_two_nw0.2_rev0.5,46,2025-2026,nhsn_covid_admissions,936,24.0,0.0,37.39026266559322,124.66773504273505
pathogen_two_nw0.2_rev0.5,46,2025-2026,nhsn_flu_admissions,832,2.0,0.4074519230769231,158.7280861571558,247.37019230769232
pathogen_two_nw0.2_rev0.5,46,2025-2026,nhsn_rsv_admissions,988,0.0,0.9089068825910931,114.9105994468687,115.43825910931174
pathogen_two_nw0.2_rev0.5,46,2025-2026,nssp_covid_proportion,1248,0.011075755348429084,0.0,0.005272341880089908,0.005047916683347116
pathogen_two_nw0.2_rev0.5,46,2025-2026,nssp_flu_proportion,936,0.006232907995581627,0.0,0.011987789935935722,0.022544764999888414
pathogen_two_nw0.2_rev0.5,46,2025-2026,nssp_rsv_proportion,416,0.0008881710964487866,0.0,0.0009068284079839592,0.0020341346192498558
pathogen_two_nw0.2_rev0.5,46,2024-2025,nhsn_covid_admissions,825,13.0,0.13333333333333333,143.39888750061846,207.2642424242424
pathogen_two_nw0.2_rev0.5,46,2024-2025,nhsn_flu_admissions,828,0.0,1.0,245.8080486926327,245.81521739130434
pathogen_two_nw0.2_rev0.5,46,2024-2025,nhsn_rsv_admissions,908,1.0,0.44383259911894274,95.89212865823632,160.3160792951542
pathogen_two_nw0.2_rev0.5,46,2024-2025,nssp_covid_proportion,1248,0.00530146318487823,0.0,0.0043243713913304815,0.00927676284654575
pathogen_two_nw0.2_rev0.5,46,2024-2025,nssp_flu_proportion,936,0.01481991563923657,0.0,0.014631772872919224,0.02727884621194051
pathogen_two_nw0.2_rev0.5,46,2024-2025,nssp_rsv_proportion,416,0.0010462091013323516,0.0,0.0017441245085959823,0.0030223557772527643
target_gated_nw0.1_rev0,42,2023-2024,nhsn_covid_admissions,724,0.0,1.0,601.93646376385,601.9364640883978
target_gated_nw0.1_rev0,42,2023-2024,nhsn_flu_admissions,624,0.0,1.0,153.83652481096325,153.83653846153845
target_gated_nw0.1_rev0,42,2023-2024,nhsn_rsv_admissions,225,0.0,1.0,0.8977765471684062,0.8977777777777778
target_gated_nw0.1_rev0,42,2023-2024,nssp_covid_proportion,1196,0.006378748337738216,0.0,0.010237441132667422,0.01892633783303195
target_gated_nw0.1_rev0,42,2023-2024,nssp_flu_proportion,936,0.0033909533522091806,0.0,0.009650432891583042,0.013242735043449156
target_gated_nw0.1_rev0,42,2023-2024,nssp_rsv_proportion,676,0.0009903670579660684,0.0,0.0032699185520379194,0.0044974852158411955
target_gated_nw0.1_rev0,42,2025-2026,nhsn_covid_admissions,832,0.0,1.0,180.59254465988516,180.59254807692307
target_gated_nw0.1_rev0,42,2025-2026,nhsn_flu_admissions,624,0.0,1.0,141.85736111251384,141.8573717948718
target_gated_nw0.1_rev0,42,2025-2026,nhsn_rsv_admissions,624,0.0,1.0,71.63461221776991,71.63461538461539
target_gated_nw0.1_rev0,42,2025-2026,nssp_covid_proportion,1196,0.00931169162504375,0.0,0.004050451215885324,0.005390301011963148
target_gated_nw0.1_rev0,42,2025-2026,nssp_flu_proportion,1040,0.005562292295508087,0.0,0.005939404377274443,0.01565807695525599
target_gated_nw0.1_rev0,42,2025-2026,nssp_rsv_proportion,936,0.0011784818198066205,0.0,0.001340695723174732,0.0025377136766747623
target_gated_nw0.1_rev0,42,2024-2025,nhsn_covid_admissions,819,0.0,1.0,243.33088892934472,243.33089133089132
target_gated_nw0.1_rev0,42,2024-2025,nhsn_flu_admissions,720,0.0,1.0,279.36387646160034,279.3638888888889
target_gated_nw0.1_rev0,42,2024-2025,nhsn_rsv_admissions,565,0.0,1.0,51.766370292438246,51.766371681415926
target_gated_nw0.1_rev0,42,2024-2025,nssp_covid_proportion,1196,0.007390186772681773,0.0,0.0030140315096266255,0.008698745842341312
target_gated_nw0.1_rev0,42,2024-2025,nssp_flu_proportion,1040,0.004770242143422365,0.0,0.013810186172080508,0.0178285577713513
target_gated_nw0.1_rev0,42,2024-2025,nssp_rsv_proportion,832,0.0013053706788923591,0.0,0.0017125987652399578,0.0032278846226920276
target_gated_nw0.1_rev0,43,2023-2024,nhsn_covid_admissions,1038,0.0,1.0,729.562620247898,729.5626204238921
target_gated_nw0.1_rev0,43,2023-2024,nhsn_flu_admissions,620,0.0,1.0,179.32257204297676,179.32258064516128
target_gated_nw0.1_rev0,43,2023-2024,nhsn_rsv_admissions,60,0.0,1.0,6.816659738573194,6.816666666666666
target_gated_nw0.1_rev0,43,2023-2024,nssp_covid_proportion,1456,0.00480517465621233,0.0,0.007334395836961038,0.012973557718166606
target_gated_nw0.1_rev0,43,2023-2024,nssp_flu_proportion,520,0.004915280034765601,0.0,0.01488547558227975,0.020287115407182473
target_gated_nw0.1_rev0,43,2023-2024,nssp_rsv_proportion,416,0.0011700825416482985,0.0,0.002403263344394173,0.003356249996159022
target_gated_nw0.1_rev0,43,2025-2026,nhsn_covid_admissions,1040,0.0,1.0,200.3682653573516,200.36826923076924
target_gated_nw0.1_rev0,43,2025-2026,nhsn_flu_admissions,676,0.0,1.0,284.5044300730622,284.5044378698225
target_gated_nw0.1_rev0,43,2025-2026,nhsn_rsv_admissions,624,0.0,1.0,18.610570960827584,18.610576923076923
target_gated_nw0.1_rev0,43,2025-2026,nssp_covid_proportion,1456,0.007295584073290229,0.0,0.0045071109883453005,0.0038309752875558024
target_gated_nw0.1_rev0,43,2025-2026,nssp_flu_proportion,728,0.005387589568272233,0.0,0.005663944962929396,0.01193186817958981
target_gated_nw0.1_rev0,43,2025-2026,nssp_rsv_proportion,676,0.0011609959474299103,0.0,0.001428283196057678,0.0024693787024353325
target_gated_nw0.1_rev0,43,2024-2025,nhsn_covid_admissions,1031,0.0,1.0,344.69737953644324,344.6973811833172
target_gated_nw0.1_rev0,43,2024-2025,nhsn_flu_admissions,720,0.0,1.0,717.8013818124507,717.8013888888889
target_gated_nw0.1_rev0,43,2024-2025,nhsn_rsv_admissions,417,0.0,1.0,10.827335563180586,10.827338129496402
target_gated_nw0.1_rev0,43,2024-2025,nssp_covid_proportion,1456,0.005115803796797991,0.0,0.0025546858655266427,0.007366414861540501
target_gated_nw0.1_rev0,43,2024-2025,nssp_flu_proportion,832,0.004343685577623546,0.0,0.013664223666515122,0.019167668313754733
target_gated_nw0.1_rev0,43,2024-2025,nssp_rsv_proportion,676,0.000760606795665808,0.0,0.0018144745153808772,0.0035421597803980747
target_gated_nw0.1_rev0,44,2023-2024,nhsn_covid_admissions,1344,0.0,1.0,665.462053423161,665.4620535714286
target_gated_nw0.1_rev0,44,2023-2024,nhsn_flu_admissions,988,0.0,1.0,301.1933083927031,301.19331983805665
target_gated_nw0.1_rev0,44,2023-2024,nhsn_rsv_admissions,548,0.0,1.0,3.0547413880241354,3.0547445255474455
target_gated_nw0.1_rev0,44,2023-2024,nssp_covid_proportion,728,0.004960252437740564,0.0,0.007624228871833651,0.014003021995809472
target_gated_nw0.1_rev0,44,2023-2024,nssp_flu_proportion,416,0.0020767037640325725,0.0,0.00175634492986249,0.003901442311206875
target_gated_nw0.1_rev0,44,2023-2024,nssp_rsv_proportion,416,0.000847965624416247,0.0,0.001988761433844607,0.002962500006805595
target_gated_nw0.1_rev0,44,2025-2026,nhsn_covid_admissions,1352,0.0,1.0,193.2973338073068,193.2973372781065
target_gated_nw0.1_rev0,44,2025-2026,nhsn_flu_admissions,1196,0.0,1.0,391.59196200023797,391.59197324414714
target_gated_nw0.1_rev0,44,2025-2026,nhsn_rsv_admissions,936,0.0,1.0,143.24145240784932,143.241452991453
target_gated_nw0.1_rev0,44,2025-2026,nssp_covid_proportion,728,0.007988844066858292,0.0,0.0027284104501602117,0.005690384626507364
target_gated_nw0.1_rev0,44,2025-2026,nssp_flu_proportion,416,0.00221281690755859,0.0,0.001414341505079182,0.0011764423073215697
target_gated_nw0.1_rev0,44,2025-2026,nssp_rsv_proportion,624,0.0009500248706899583,0.0,0.0016351185403763314,0.0020322115394894634
target_gated_nw0.1_rev0,44,2024-2025,nhsn_covid_admissions,1338,0.0,1.0,280.9514188675477,280.95142002989536
target_gated_nw0.1_rev0,44,2024-2025,nhsn_flu_admissions,1294,0.0,1.0,388.9227140851676,388.9227202472952
target_gated_nw0.1_rev0,44,2024-2025,nhsn_rsv_admissions,832,0.0,1.0,160.39903825397113,160.39903846153845
target_gated_nw0.1_rev0,44,2024-2025,nssp_covid_proportion,728,0.004717435338534415,0.0,0.0045073525746644645,0.010165934095281985
target_gated_nw0.1_rev0,44,2024-2025,nssp_flu_proportion,416,0.003934058593586087,0.0,0.002683287244263528,0.0015105769316330854
target_gated_nw0.1_rev0,44,2024-2025,nssp_rsv_proportion,624,0.0009569545945851132,0.0,0.0012255688867672011,0.0016443910249924953
target_gated_nw0.1_rev0,45,2023-2024,nhsn_covid_admissions,622,0.0,1.0,604.7443727713567,604.7443729903537
target_gated_nw0.1_rev0,45,2023-2024,nhsn_flu_admissions,412,0.0,1.0,262.94172941262224,262.94174757281553
target_gated_nw0.1_rev0,45,2023-2024,nhsn_rsv_admissions,326,0.0,1.0,6.874230517815842,6.874233128834356
target_gated_nw0.1_rev0,45,2023-2024,nssp_covid_proportion,728,0.004997143987566233,0.0,0.008226242313557432,0.014096153857650819
target_gated_nw0.1_rev0,45,2023-2024,nssp_flu_proportion,1456,0.0058183998335152864,0.0,0.007852120740738298,0.011986813194443339
target_gated_nw0.1_rev0,45,2023-2024,nssp_rsv_proportion,728,0.0008522037969669327,0.0,0.002445044172028637,0.003015934065093301
target_gated_nw0.1_rev0,45,2025-2026,nhsn_covid_admissions,624,0.0,1.0,138.6506342830464,138.65064102564102
target_gated_nw0.1_rev0,45,2025-2026,nhsn_flu_admissions,520,0.0,1.0,352.4288357004201,352.42884615384617
target_gated_nw0.1_rev0,45,2025-2026,nhsn_rsv_admissions,780,0.0,1.0,89.88717663567908,89.88717948717948
target_gated_nw0.1_rev0,45,2025-2026,nssp_covid_proportion,728,0.009692678693681955,0.0,0.004112721863218742,0.006031043967765812
target_gated_nw0.1_rev0,45,2025-2026,nssp_flu_proportion,1456,0.0037762627471238375,0.0,0.004340154048779848,0.010478365410203328
target_gated_nw0.1_rev0,45,2025-2026,nssp_rsv_proportion,1144,0.0008204090845538303,0.0,0.0017863777386171844,0.0023504370662452015
target_gated_nw0.1_rev0,45,2024-2025,nhsn_covid_admissions,624,0.0,1.0,310.5128195217022,310.5128205128205
target_gated_nw0.1_rev0,45,2024-2025,nhsn_flu_admissions,520,0.0,1.0,320.38075504655245,320.3807692307692
target_gated_nw0.1_rev0,45,2024-2025,nhsn_rsv_admissions,726,0.0,1.0,135.5165282602793,135.51652892561984
target_gated_nw0.1_rev0,45,2024-2025,nssp_covid_proportion,728,0.006778923096135259,0.0,0.00326500335694828,0.010668269265107274
target_gated_nw0.1_rev0,45,2024-2025,nssp_flu_proportion,1456,0.005618523457087576,0.0,0.012116929676777036,0.015565041257114888
target_gated_nw0.1_rev0,45,2024-2025,nssp_rsv_proportion,1144,0.0012265489785932004,0.0,0.0014037085820237335,0.00261354895980088
target_gated_nw0.1_rev0,46,2023-2024,nhsn_covid_admissions,728,0.0,1.0,454.39010963965353,454.3901098901099
target_gated_nw0.1_rev0,46,2023-2024,nhsn_flu_admissions,722,0.0,1.0,310.05262884754376,310.05263157894734
target_gated_nw0.1_rev0,46,2023-2024,nhsn_rsv_admissions,471,0.0,1.0,4.331205857411792,4.3312101910828025
target_gated_nw0.1_rev0,46,2023-2024,nssp_covid_proportion,1248,0.00518927292432636,0.0,0.007065627752523049,0.01256362181942304
target_gated_nw0.1_rev0,46,2023-2024,nssp_flu_proportion,832,0.0032329795649275184,0.0,0.013609481558327948,0.018070673110121158
target_gated_nw0.1_rev0,46,2023-2024,nssp_rsv_proportion,312,0.001885744568426162,0.0,0.004279643628997758,0.006981410292446992
target_gated_nw0.1_rev0,46,2025-2026,nhsn_covid_admissions,936,0.0,1.0,124.66772668461613,124.66773504273505
target_gated_nw0.1_rev0,46,2025-2026,nhsn_flu_admissions,832,0.0,1.0,247.370183096571,247.37019230769232
target_gated_nw0.1_rev0,46,2025-2026,nhsn_rsv_admissions,988,0.0,1.0,115.43825632889433,115.43825910931174
target_gated_nw0.1_rev0,46,2025-2026,nssp_covid_proportion,1248,0.010039554676041007,0.0,0.004915880665206574,0.005047916683347116
target_gated_nw0.1_rev0,46,2025-2026,nssp_flu_proportion,936,0.010549397906288505,0.0,0.010262583408639796,0.022544764999888414
target_gated_nw0.1_rev0,46,2025-2026,nssp_rsv_proportion,416,0.0011574702803045511,0.0,0.0009812206335482188,0.0020341346192498558
target_gated_nw0.1_rev0,46,2024-2025,nhsn_covid_admissions,825,0.0,1.0,207.2642395909462,207.2642424242424
target_gated_nw0.1_rev0,46,2024-2025,nhsn_flu_admissions,828,0.0,1.0,245.81520945594525,245.81521739130434
target_gated_nw0.1_rev0,46,2024-2025,nhsn_rsv_admissions,908,0.0,1.0,160.31607852266094,160.3160792951542
target_gated_nw0.1_rev0,46,2024-2025,nssp_covid_proportion,1248,0.00748228223528713,0.0,0.00458062088798145,0.00927676284654575
target_gated_nw0.1_rev0,46,2024-2025,nssp_flu_proportion,936,0.007894136477261782,0.0,0.017822622512026917,0.02727884621194051
target_gated_nw0.1_rev0,46,2024-2025,nssp_rsv_proportion,416,0.001071490696631372,0.0,0.0013808847837795978,0.0030223557772527643
target_gated_nw0.2_rev0,42,2023-2024,nhsn_covid_admissions,724,0.0,1.0,601.9364637859021,601.9364640883978
target_gated_nw0.2_rev0,42,2023-2024,nhsn_flu_admissions,624,0.0,1.0,153.8365240637792,153.83653846153845
target_gated_nw0.2_rev0,42,2023-2024,nhsn_rsv_admissions,225,0.0,1.0,0.897776593962564,0.8977777777777778
target_gated_nw0.2_rev0,42,2023-2024,nssp_covid_proportion,1196,0.005873740883544087,0.0,0.01127149271518872,0.01892633783303195
target_gated_nw0.2_rev0,42,2023-2024,nssp_flu_proportion,936,0.003567512263543904,0.0,0.009544278971806595,0.013242735043449156
target_gated_nw0.2_rev0,42,2023-2024,nssp_rsv_proportion,676,0.0010236725502181798,0.0,0.0032377251087306975,0.0044974852158411955
target_gated_nw0.2_rev0,42,2025-2026,nhsn_covid_admissions,832,0.0,1.0,180.59254515203395,180.59254807692307
target_gated_nw0.2_rev0,42,2025-2026,nhsn_flu_admissions,624,0.0,1.0,141.85735593030964,141.8573717948718
target_gated_nw0.2_rev0,42,2025-2026,nhsn_rsv_admissions,624,0.0,1.0,71.63461229052578,71.63461538461539
target_gated_nw0.2_rev0,42,2025-2026,nssp_covid_proportion,1196,0.009447145741432905,0.0,0.004136642074678872,0.005390301011963148
target_gated_nw0.2_rev0,42,2025-2026,nssp_flu_proportion,1040,0.0035201055579818785,0.0,0.011936990254623827,0.01565807695525599
target_gated_nw0.2_rev0,42,2025-2026,nssp_rsv_proportion,936,0.0012119862367399037,0.0,0.0013291096079656277,0.0025377136766747623
target_gated_nw0.2_rev0,42,2024-2025,nhsn_covid_admissions,819,0.0,1.0,243.3308900561323,243.33089133089132
target_gated_nw0.2_rev0,42,2024-2025,nhsn_flu_admissions,720,0.0,1.0,279.36387536025256,279.3638888888889
target_gated_nw0.2_rev0,42,2024-2025,nhsn_rsv_admissions,565,0.0,1.0,51.766369915280784,51.766371681415926
target_gated_nw0.2_rev0,42,2024-2025,nssp_covid_proportion,1196,0.0075448896968737245,0.0,0.0030316033209424878,0.008698745842341312
target_gated_nw0.2_rev0,42,2024-2025,nssp_flu_proportion,1040,0.004450115957297385,0.0,0.013970044181993357,0.0178285577713513
target_gated_nw0.2_rev0,42,2024-2025,nssp_rsv_proportion,832,0.001354334963252768,0.0,0.0015232981822656745,0.0032278846226920276
target_gated_nw0.2_rev0,43,2023-2024,nhsn_covid_admissions,1038,0.0,1.0,729.5626202625958,729.5626204238921
target_gated_nw0.2_rev0,43,2023-2024,nhsn_flu_admissions,620,0.0,1.0,179.3225719614918,179.32258064516128
target_gated_nw0.2_rev0,43,2023-2024,nhsn_rsv_admissions,60,0.0,1.0,6.816661952590257,6.816666666666666
target_gated_nw0.2_rev0,43,2023-2024,nssp_covid_proportion,1456,0.005043044104240835,0.0,0.007770339716863908,0.012973557718166606
target_gated_nw0.2_rev0,43,2023-2024,nssp_flu_proportion,520,0.004850582452490926,0.0,0.014957897113848817,0.020287115407182473
target_gated_nw0.2_rev0,43,2023-2024,nssp_rsv_proportion,416,0.002398595563136041,0.0,0.0015377183355072843,0.003356249996159022
target_gated_nw0.2_rev0,43,2025-2026,nhsn_covid_admissions,1040,0.0,1.0,200.368265399603,200.36826923076924
target_gated_nw0.2_rev0,43,2025-2026,nhsn_flu_admissions,676,0.0,1.0,284.5044299563285,284.5044378698225
target_gated_nw0.2_rev0,43,2025-2026,nhsn_rsv_admissions,624,0.0,1.0,18.610572879972057,18.610576923076923
target_gated_nw0.2_rev0,43,2025-2026,nssp_covid_proportion,1456,0.006955020246095955,0.0,0.0033501077955356826,0.0038309752875558024
target_gated_nw0.2_rev0,43,2025-2026,nssp_flu_proportion,728,0.005217684083618224,0.0,0.006539022280376629,0.01193186817958981
target_gated_nw0.2_rev0,43,2025-2026,nssp_rsv_proportion,676,0.0010676587116904557,0.0,0.00144174632371757,0.0024693787024353325
target_gated_nw0.2_rev0,43,2024-2025,nhsn_covid_admissions,1031,0.0,1.0,344.69737962094734,344.6973811833172
target_gated_nw0.2_rev0,43,2024-2025,nhsn_flu_admissions,720,0.0,1.0,717.8013828575987,717.8013888888889
target_gated_nw0.2_rev0,43,2024-2025,nhsn_rsv_admissions,417,0.0,1.0,10.827334989714652,10.827338129496402
target_gated_nw0.2_rev0,43,2024-2025,nssp_covid_proportion,1456,0.004973797244019806,0.0,0.0026217948438348325,0.007366414861540501
target_gated_nw0.2_rev0,43,2024-2025,nssp_flu_proportion,832,0.0049068540101870894,0.0,0.013864197797584684,0.019167668313754733
target_gated_nw0.2_rev0,43,2024-2025,nssp_rsv_proportion,676,0.0007380659808404744,0.0,0.0016537875788710486,0.0035421597803980747
target_gated_nw0.2_rev0,44,2023-2024,nhsn_covid_admissions,1344,0.0,1.0,665.4620534202732,665.4620535714286
target_gated_nw0.2_rev0,44,2023-2024,nhsn_flu_admissions,988,0.0,1.0,301.19330920343094,301.19331983805665
target_gated_nw0.2_rev0,44,2023-2024,nhsn_rsv_admissions,548,0.0,1.0,3.0547413565045227,3.0547445255474455
target_gated_nw0.2_rev0,44,2023-2024,nssp_covid_proportion,728,0.004910074989311397,0.0,0.008687303745658598,0.014003021995809472
target_gated_nw0.2_rev0,44,2023-2024,nssp_flu_proportion,416,0.0029075650963932276,0.0,0.002019410724572551,0.003901442311206875
target_gated_nw0.2_rev0,44,2023-2024,nssp_rsv_proportion,416,0.0007704914169153199,0.0,0.0019625007399519325,0.002962500006805595
target_gated_nw0.2_rev0,44,2025-2026,nhsn_covid_admissions,1352,0.0,1.0,193.29733329739537,193.2973372781065
target_gated_nw0.2_rev0,44,2025-2026,nhsn_flu_admissions,1196,0.0,1.0,391.5919622369386,391.59197324414714
target_gated_nw0.2_rev0,44,2025-2026,nhsn_rsv_admissions,936,0.0,1.0,143.24145239808166,143.241452991453
target_gated_nw0.2_rev0,44,2025-2026,nssp_covid_proportion,728,0.008508386556059122,0.0,0.002931827406148211,0.005690384626507364
target_gated_nw0.2_rev0,44,2025-2026,nssp_flu_proportion,416,0.001992201490793377,0.0,0.0011936042226527487,0.0011764423073215697
target_gated_nw0.2_rev0,44,2025-2026,nssp_rsv_proportion,624,0.0009517132421024144,0.0,0.0015708246264227617,0.0020322115394894634
target_gated_nw0.2_rev0,44,2024-2025,nhsn_covid_admissions,1338,0.0,1.0,280.95141869411617,280.95142002989536
target_gated_nw0.2_rev0,44,2024-2025,nhsn_flu_admissions,1294,0.0,1.0,388.9227159239547,388.9227202472952
target_gated_nw0.2_rev0,44,2024-2025,nhsn_rsv_admissions,832,0.0,1.0,160.39903824809443,160.39903846153845
target_gated_nw0.2_rev0,44,2024-2025,nssp_covid_proportion,728,0.004756019217893481,0.0,0.004498570004975741,0.010165934095281985
target_gated_nw0.2_rev0,44,2024-2025,nssp_flu_proportion,416,0.0037865079939365387,0.0,0.002724074536077891,0.0015105769316330854
target_gated_nw0.2_rev0,44,2024-2025,nssp_rsv_proportion,624,0.00041645444434834644,0.0,0.0008740258421288999,0.0016443910249924953
target_gated_nw0.2_rev0,45,2023-2024,nhsn_covid_admissions,622,0.0,1.0,604.7443727311622,604.7443729903537
target_gated_nw0.2_rev0,45,2023-2024,nhsn_flu_admissions,412,0.0,1.0,262.9417316924154,262.94174757281553
target_gated_nw0.2_rev0,45,2023-2024,nhsn_rsv_admissions,326,0.0,1.0,6.874229818572904,6.874233128834356
target_gated_nw0.2_rev0,45,2023-2024,nssp_covid_proportion,728,0.005104687414132059,0.0,0.008078598157566036,0.014096153857650819
target_gated_nw0.2_rev0,45,2023-2024,nssp_flu_proportion,1456,0.005746075417846441,0.0,0.0078121188334889765,0.011986813194443339
target_gated_nw0.2_rev0,45,2023-2024,nssp_rsv_proportion,728,0.0008752545254537836,0.0,0.002435391690866439,0.003015934065093301
target_gated_nw0.2_rev0,45,2025-2026,nhsn_covid_admissions,624,0.0,1.0,138.65063551273457,138.65064102564102
target_gated_nw0.2_rev0,45,2025-2026,nhsn_flu_admissions,520,0.0,1.0,352.4288351423415,352.42884615384617
target_gated_nw0.2_rev0,45,2025-2026,nhsn_rsv_admissions,780,0.0,1.0,89.88717677965107,89.88717948717948
target_gated_nw0.2_rev0,45,2025-2026,nssp_covid_proportion,728,0.00677832227665931,0.0,0.002686265441298019,0.006031043967765812
target_gated_nw0.2_rev0,45,2025-2026,nssp_flu_proportion,1456,0.0050749179208651185,0.0,0.0049711091018712515,0.010478365410203328
target_gated_nw0.2_rev0,45,2025-2026,nssp_rsv_proportion,1144,0.0008369564893655479,0.0,0.0017693530980723408,0.0023504370662452015
target_gated_nw0.2_rev0,45,2024-2025,nhsn_covid_admissions,624,0.0,1.0,310.5128195423346,310.5128205128205
target_gated_nw0.2_rev0,45,2024-2025,nhsn_flu_admissions,520,0.0,1.0,320.3807537281314,320.3807692307692
target_gated_nw0.2_rev0,45,2024-2025,nhsn_rsv_admissions,726,0.0,1.0,135.51652796017086,135.51652892561984
target_gated_nw0.2_rev0,45,2024-2025,nssp_covid_proportion,728,0.0057210809318348765,0.0,0.004652608096376343,0.010668269265107274
target_gated_nw0.2_rev0,45,2024-2025,nssp_flu_proportion,1456,0.0058951497776433825,0.0,0.0115285027259533,0.015565041257114888
target_gated_nw0.2_rev0,45,2024-2025,nssp_rsv_proportion,1144,0.0012382687127683312,0.0,0.001522214197126499,0.00261354895980088
target_gated_nw0.2_rev0,46,2023-2024,nhsn_covid_admissions,728,0.0,1.0,454.3901096531381,454.3901098901099
target_gated_nw0.2_rev0,46,2023-2024,nhsn_flu_admissions,722,0.0,1.0,310.05262841561904,310.05263157894734
target_gated_nw0.2_rev0,46,2023-2024,nhsn_rsv_admissions,471,0.0,1.0,4.331205897849708,4.3312101910828025
target_gated_nw0.2_rev0,46,2023-2024,nssp_covid_proportion,1248,0.005229840753600001,0.0,0.006864250297579789,0.01256362181942304
target_gated_nw0.2_rev0,46,2023-2024,nssp_flu_proportion,832,0.0032998999813571572,0.0,0.013473338883334062,0.018070673110121158
target_gated_nw0.2_rev0,46,2023-2024,nssp_rsv_proportion,312,0.002832304104231298,0.0,0.00375038149673529,0.006981410292446992
target_gated_nw0.2_rev0,46,2025-2026,nhsn_covid_admissions,936,0.0,1.0,124.66772737683196,124.66773504273505
target_gated_nw0.2_rev0,46,2025-2026,nhsn_flu_admissions,832,0.0,1.0,247.37017818196708,247.37019230769232
target_gated_nw0.2_rev0,46,2025-2026,nhsn_rsv_admissions,988,0.0,1.0,115.4382561957022,115.43825910931174
target_gated_nw0.2_rev0,46,2025-2026,nssp_covid_proportion,1248,0.009681356605142355,0.0,0.004684138752730714,0.005047916683347116
target_gated_nw0.2_rev0,46,2025-2026,nssp_flu_proportion,936,0.00489898317027837,0.0,0.017046338824406523,0.022544764999888414
target_gated_nw0.2_rev0,46,2025-2026,nssp_rsv_proportion,416,0.0010591589380055666,0.0,0.000974130385762132,0.0020341346192498558
target_gated_nw0.2_rev0,46,2024-2025,nhsn_covid_admissions,825,0.0,1.0,207.26423984792964,207.2642424242424
target_gated_nw0.2_rev0,46,2024-2025,nhsn_flu_admissions,828,0.0,1.0,245.81521149536968,245.81521739130434
target_gated_nw0.2_rev0,46,2024-2025,nhsn_rsv_admissions,908,0.0,1.0,160.31607843569316,160.3160792951542
target_gated_nw0.2_rev0,46,2024-2025,nssp_covid_proportion,1248,0.006451755645684898,0.0,0.0029956034106409135,0.00927676284654575
target_gated_nw0.2_rev0,46,2024-2025,nssp_flu_proportion,936,0.008177629671990871,0.0,0.017187162548402232,0.02727884621194051
target_gated_nw0.2_rev0,46,2024-2025,nssp_rsv_proportion,416,0.0011562360741663724,0.0,0.0013483911189863507,0.0030223557772527643
target_gated_nw0.2_rev0.5,42,2023-2024,nhsn_covid_admissions,724,0.0,1.0,601.9364637629005,601.9364640883978
target_gated_nw0.2_rev0.5,42,2023-2024,nhsn_flu_admissions,624,0.0,1.0,153.83652419360772,153.83653846153845
target_gated_nw0.2_rev0.5,42,2023-2024,nhsn_rsv_admissions,225,0.0,1.0,0.8977764633943964,0.8977777777777778
target_gated_nw0.2_rev0.5,42,2023-2024,nssp_covid_proportion,1196,0.004636341356672347,0.0,0.013682583151874794,0.01892633783303195
target_gated_nw0.2_rev0.5,42,2023-2024,nssp_flu_proportion,936,0.003502763749565929,0.0,0.009502410062042246,0.013242735043449156
target_gated_nw0.2_rev0.5,42,2023-2024,nssp_rsv_proportion,676,0.0010192311892751604,0.0,0.0032365432540331926,0.0044974852158411955
target_gated_nw0.2_rev0.5,42,2025-2026,nhsn_covid_admissions,832,0.0,1.0,180.59254498284423,180.59254807692307
target_gated_nw0.2_rev0.5,42,2025-2026,nhsn_flu_admissions,624,0.0,1.0,141.85736046090466,141.8573717948718
target_gated_nw0.2_rev0.5,42,2025-2026,nhsn_rsv_admissions,624,0.0,1.0,71.6346085456845,71.63461538461539
target_gated_nw0.2_rev0.5,42,2025-2026,nssp_covid_proportion,1196,0.009470951976254582,0.0,0.004154341716977711,0.005390301011963148
target_gated_nw0.2_rev0.5,42,2025-2026,nssp_flu_proportion,1040,0.0043378680711612105,0.0,0.01252711462609743,0.01565807695525599
target_gated_nw0.2_rev0.5,42,2025-2026,nssp_rsv_proportion,936,0.0012124791101086885,0.0,0.0013407715893360244,0.0025377136766747623
target_gated_nw0.2_rev0.5,42,2024-2025,nhsn_covid_admissions,819,0.0,1.0,243.3308900850029,243.33089133089132
target_gated_nw0.2_rev0.5,42,2024-2025,nhsn_flu_admissions,720,0.0,1.0,279.3638835462212,279.3638888888889
target_gated_nw0.2_rev0.5,42,2024-2025,nhsn_rsv_admissions,565,0.0,1.0,51.766370456784564,51.766371681415926
target_gated_nw0.2_rev0.5,42,2024-2025,nssp_covid_proportion,1196,0.006305994465947151,0.0,0.0030039490690088075,0.008698745842341312
target_gated_nw0.2_rev0.5,42,2024-2025,nssp_flu_proportion,1040,0.004969530738890171,0.0,0.013567308336216508,0.0178285577713513
target_gated_nw0.2_rev0.5,42,2024-2025,nssp_rsv_proportion,832,0.001826865307521075,0.0,0.0020535259088949086,0.0032278846226920276
target_gated_nw0.2_rev0.5,43,2023-2024,nhsn_covid_admissions,1038,0.0,1.0,729.5626198710443,729.5626204238921
target_gated_nw0.2_rev0.5,43,2023-2024,nhsn_flu_admissions,620,0.0,1.0,179.32257134673236,179.32258064516128
target_gated_nw0.2_rev0.5,43,2023-2024,nhsn_rsv_admissions,60,0.0,1.0,6.816661611539356,6.816666666666666
target_gated_nw0.2_rev0.5,43,2023-2024,nssp_covid_proportion,1456,0.005057199043221772,0.0,0.00767652376417063,0.012973557718166606
target_gated_nw0.2_rev0.5,43,2023-2024,nssp_flu_proportion,520,0.005134074250236154,0.0,0.010393553862657147,0.020287115407182473
target_gated_nw0.2_rev0.5,43,2023-2024,nssp_rsv_proportion,416,0.0011662155739031732,0.0,0.0023739565092630354,0.003356249996159022
target_gated_nw0.2_rev0.5,43,2025-2026,nhsn_covid_admissions,1040,0.0,1.0,200.36826565229725,200.36826923076924
target_gated_nw0.2_rev0.5,43,2025-2026,nhsn_flu_admissions,676,0.0,1.0,284.5044302294282,284.5044378698225
target_gated_nw0.2_rev0.5,43,2025-2026,nhsn_rsv_admissions,624,0.0,1.0,18.610562338582252,18.610576923076923
target_gated_nw0.2_rev0.5,43,2025-2026,nssp_covid_proportion,1456,0.006917555350810289,0.0,0.0033156105541970494,0.0038309752875558024
target_gated_nw0.2_rev0.5,43,2025-2026,nssp_flu_proportion,728,0.005080268019810319,0.0,0.006440273026932878,0.01193186817958981
target_gated_nw0.2_rev0.5,43,2025-2026,nssp_rsv_proportion,676,0.0012551663676276803,0.0,0.0019629180627623085,0.0024693787024353325
target_gated_nw0.2_rev0.5,43,2024-2025,nhsn_covid_admissions,1031,0.0,1.0,344.69738084708786,344.6973811833172
target_gated_nw0.2_rev0.5,43,2024-2025,nhsn_flu_admissions,720,0.0,1.0,717.8013845206282,717.8013888888889
target_gated_nw0.2_rev0.5,43,2024-2025,nhsn_rsv_admissions,417,0.0,1.0,10.827335286128005,10.827338129496402
target_gated_nw0.2_rev0.5,43,2024-2025,nssp_covid_proportion,1456,0.0049948085797950625,0.0,0.0026484240714345795,0.007366414861540501
target_gated_nw0.2_rev0.5,43,2024-2025,nssp_flu_proportion,832,0.005696731153875589,0.0,0.01172394567234173,0.019167668313754733
target_gated_nw0.2_rev0.5,43,2024-2025,nssp_rsv_proportion,676,0.0008063710702117532,0.0,0.002066943487790072,0.0035421597803980747
target_gated_nw0.2_rev0.5,44,2023-2024,nhsn_covid_admissions,1344,0.0,1.0,665.4620533957847,665.4620535714286
target_gated_nw0.2_rev0.5,44,2023-2024,nhsn_flu_admissions,988,0.0,1.0,301.19331249456087,301.19331983805665
target_gated_nw0.2_rev0.5,44,2023-2024,nhsn_rsv_admissions,548,0.0,1.0,3.054741113749087,3.0547445255474455
target_gated_nw0.2_rev0.5,44,2023-2024,nssp_covid_proportion,728,0.005102122202515602,0.0,0.00717340938525932,0.014003021995809472
target_gated_nw0.2_rev0.5,44,2023-2024,nssp_flu_proportion,416,0.002324064204003662,0.0,0.0017645635406762057,0.003901442311206875
target_gated_nw0.2_rev0.5,44,2023-2024,nssp_rsv_proportion,416,0.0008413508767262101,0.0,0.0018331009680598353,0.002962500006805595
target_gated_nw0.2_rev0.5,44,2025-2026,nhsn_covid_admissions,1352,0.0,1.0,193.29733337898736,193.2973372781065
target_gated_nw0.2_rev0.5,44,2025-2026,nhsn_flu_admissions,1196,0.0,1.0,391.59196176891777,391.59197324414714
target_gated_nw0.2_rev0.5,44,2025-2026,nhsn_rsv_admissions,936,0.0,1.0,143.24145236500578,143.241452991453
target_gated_nw0.2_rev0.5,44,2025-2026,nssp_covid_proportion,728,0.00881916400976479,0.0,0.0032041659218081334,0.005690384626507364
target_gated_nw0.2_rev0.5,44,2025-2026,nssp_flu_proportion,416,0.001833093847380951,0.0,0.0011437431992012885,0.0011764423073215697
target_gated_nw0.2_rev0.5,44,2025-2026,nssp_rsv_proportion,624,0.0009520173189230263,0.0,0.0015705533198039727,0.0020322115394894634
target_gated_nw0.2_rev0.5,44,2024-2025,nhsn_covid_admissions,1338,0.0,1.0,280.95141864318816,280.95142002989536
target_gated_nw0.2_rev0.5,44,2024-2025,nhsn_flu_admissions,1294,0.0,1.0,388.92271192854895,388.9227202472952
target_gated_nw0.2_rev0.5,44,2024-2025,nhsn_rsv_admissions,832,0.0,1.0,160.39903826436299,160.39903846153845
target_gated_nw0.2_rev0.5,44,2024-2025,nssp_covid_proportion,728,0.008027988718822598,0.0,0.003834269830914199,0.010165934095281985
target_gated_nw0.2_rev0.5,44,2024-2025,nssp_flu_proportion,416,0.002974541042931378,0.0,0.002682029678173701,0.0015105769316330854
target_gated_nw0.2_rev0.5,44,2024-2025,nssp_rsv_proportion,624,0.0007052572182146832,0.0,0.0007091056962473466,0.0016443910249924953
target_gated_nw0.2_rev0.5,45,2023-2024,nhsn_covid_admissions,622,0.0,1.0,604.7443728031711,604.7443729903537
target_gated_nw0.2_rev0.5,45,2023-2024,nhsn_flu_admissions,412,0.0,1.0,262.9417313565431,262.94174757281553
target_gated_nw0.2_rev0.5,45,2023-2024,nhsn_rsv_admissions,326,0.0,1.0,6.874229350442439,6.874233128834356
target_gated_nw0.2_rev0.5,45,2023-2024,nssp_covid_proportion,728,0.005046973819844425,0.0,0.00815505619063445,0.014096153857650819
target_gated_nw0.2_rev0.5,45,2023-2024,nssp_flu_proportion,1456,0.005848492495715618,0.0,0.007750092298470458,0.011986813194443339
target_gated_nw0.2_rev0.5,45,2023-2024,nssp_rsv_proportion,728,0.0009567649103701115,0.0,0.002484275655241128,0.003015934065093301
target_gated_nw0.2_rev0.5,45,2025-2026,nhsn_covid_admissions,624,0.0,1.0,138.65063699491512,138.65064102564102
target_gated_nw0.2_rev0.5,45,2025-2026,nhsn_flu_admissions,520,0.0,1.0,352.42883295817325,352.42884615384617
target_gated_nw0.2_rev0.5,45,2025-2026,nhsn_rsv_admissions,780,0.0,1.0,89.88717315250557,89.88717948717948
target_gated_nw0.2_rev0.5,45,2025-2026,nssp_covid_proportion,728,0.009326799074187875,0.0,0.0037001691831632104,0.006031043967765812
target_gated_nw0.2_rev0.5,45,2025-2026,nssp_flu_proportion,1456,0.005162105662748218,0.0,0.004978189546688684,0.010478365410203328
target_gated_nw0.2_rev0.5,45,2025-2026,nssp_rsv_proportion,1144,0.0008221547468565404,0.0,0.0017777633736370732,0.0023504370662452015
target_gated_nw0.2_rev0.5,45,2024-2025,nhsn_covid_admissions,624,0.0,1.0,310.51282033954675,310.5128205128205
target_gated_nw0.2_rev0.5,45,2024-2025,nhsn_flu_admissions,520,0.0,1.0,320.38075018215267,320.3807692307692
target_gated_nw0.2_rev0.5,45,2024-2025,nhsn_rsv_admissions,726,0.0,1.0,135.51652838302874,135.51652892561984
target_gated_nw0.2_rev0.5,45,2024-2025,nssp_covid_proportion,728,0.005791255971416831,0.0,0.004625706594067326,0.010668269265107274
target_gated_nw0.2_rev0.5,45,2024-2025,nssp_flu_proportion,1456,0.005896996008232236,0.0,0.011606570269512824,0.015565041257114888
target_gated_nw0.2_rev0.5,45,2024-2025,nssp_rsv_proportion,1144,0.0012448072957340628,0.0,0.0015293764791094618,0.00261354895980088
target_gated_nw0.2_rev0.5,46,2023-2024,nhsn_covid_admissions,728,0.0,1.0,454.3901096735749,454.3901098901099
target_gated_nw0.2_rev0.5,46,2023-2024,nhsn_flu_admissions,722,0.0,1.0,310.0526285909875,310.05263157894734
target_gated_nw0.2_rev0.5,46,2023-2024,nhsn_rsv_admissions,471,0.0,1.0,4.331208161867246,4.3312101910828025
target_gated_nw0.2_rev0.5,46,2023-2024,nssp_covid_proportion,1248,0.0052288847509771585,0.0,0.00694357057235697,0.01256362181942304
target_gated_nw0.2_rev0.5,46,2023-2024,nssp_flu_proportion,832,0.003345274191815406,0.0,0.013389114277882842,0.018070673110121158
target_gated_nw0.2_rev0.5,46,2023-2024,nssp_rsv_proportion,312,0.0019193676998838782,0.0,0.004311798659564841,0.006981410292446992
target_gated_nw0.2_rev0.5,46,2025-2026,nhsn_covid_admissions,936,0.0,1.0,124.6677266102709,124.66773504273505
target_gated_nw0.2_rev0.5,46,2025-2026,nhsn_flu_admissions,832,0.0,1.0,247.37017779084883,247.37019230769232
target_gated_nw0.2_rev0.5,46,2025-2026,nhsn_rsv_admissions,988,0.0,1.0,115.43825634653751,115.43825910931174
target_gated_nw0.2_rev0.5,46,2025-2026,nssp_covid_proportion,1248,0.009662085445597768,0.0,0.004655790016048018,0.005047916683347116
target_gated_nw0.2_rev0.5,46,2025-2026,nssp_flu_proportion,936,0.004871019395068288,0.0,0.017134202137111792,0.022544764999888414
target_gated_nw0.2_rev0.5,46,2025-2026,nssp_rsv_proportion,416,0.0011958417599089444,0.0,0.0012315515495734313,0.0020341346192498558
target_gated_nw0.2_rev0.5,46,2024-2025,nhsn_covid_admissions,825,0.0,1.0,207.26423859709476,207.2642424242424
target_gated_nw0.2_rev0.5,46,2024-2025,nhsn_flu_admissions,828,0.0,1.0,245.8152087292841,245.81521739130434
target_gated_nw0.2_rev0.5,46,2024-2025,nhsn_rsv_admissions,908,0.0,1.0,160.31607853381976,160.3160792951542
target_gated_nw0.2_rev0.5,46,2024-2025,nssp_covid_proportion,1248,0.008118166588246822,0.0,0.004718537573166824,0.00927676284654575
target_gated_nw0.2_rev0.5,46,2024-2025,nssp_flu_proportion,936,0.0065741948783397675,0.0,0.02145666319129538,0.02727884621194051
target_gated_nw0.2_rev0.5,46,2024-2025,nssp_rsv_proportion,416,0.0012117839651182294,0.0,0.0013447889587741184,0.0030223557772527643
target_gated_nw0.1_rev0.5,42,2023-2024,nhsn_covid_admissions,724,0.0,1.0,601.9364631043811,601.9364640883978
target_gated_nw0.1_rev0.5,42,2023-2024,nhsn_flu_admissions,624,0.0,1.0,153.83652666370537,153.83653846153845
target_gated_nw0.1_rev0.5,42,2023-2024,nhsn_rsv_admissions,225,0.0,1.0,0.8977765050608516,0.8977777777777778
target_gated_nw0.1_rev0.5,42,2023-2024,nssp_covid_proportion,1196,0.004657605197280645,0.0,0.013692780224182783,0.01892633783303195
target_gated_nw0.1_rev0.5,42,2023-2024,nssp_flu_proportion,936,0.0034331931383349,0.0,0.009578951134975268,0.013242735043449156
target_gated_nw0.1_rev0.5,42,2023-2024,nssp_rsv_proportion,676,0.000992200744803995,0.0,0.0032572505318019993,0.0044974852158411955
target_gated_nw0.1_rev0.5,42,2025-2026,nhsn_covid_admissions,832,0.0,1.0,180.59254509774945,180.59254807692307
target_gated_nw0.1_rev0.5,42,2025-2026,nhsn_flu_admissions,624,0.0,1.0,141.85736382858332,141.8573717948718
target_gated_nw0.1_rev0.5,42,2025-2026,nhsn_rsv_admissions,624,0.0,1.0,71.63460853315843,71.63461538461539
target_gated_nw0.1_rev0.5,42,2025-2026,nssp_covid_proportion,1196,0.009315630421042442,0.0,0.004063215353694569,0.005390301011963148
target_gated_nw0.1_rev0.5,42,2025-2026,nssp_flu_proportion,1040,0.004573505138978362,0.0,0.00563844414113751,0.01565807695525599
target_gated_nw0.1_rev0.5,42,2025-2026,nssp_rsv_proportion,936,0.001178996782982722,0.0,0.0013452246778167766,0.0025377136766747623
target_gated_nw0.1_rev0.5,42,2024-2025,nhsn_covid_admissions,819,0.0,1.0,243.33088893407,243.33089133089132
target_gated_nw0.1_rev0.5,42,2024-2025,nhsn_flu_admissions,720,0.0,1.0,279.3638829675789,279.3638888888889
target_gated_nw0.1_rev0.5,42,2024-2025,nhsn_rsv_admissions,565,0.0,1.0,51.76637054933978,51.766371681415926
target_gated_nw0.1_rev0.5,42,2024-2025,nssp_covid_proportion,1196,0.007212288794107735,0.0,0.0030117293222718575,0.008698745842341312
target_gated_nw0.1_rev0.5,42,2024-2025,nssp_flu_proportion,1040,0.004823240567930043,0.0,0.013761317595204813,0.0178285577713513
target_gated_nw0.1_rev0.5,42,2024-2025,nssp_rsv_proportion,832,0.001319731178227812,0.0,0.001700268175489747,0.0032278846226920276
target_gated_nw0.1_rev0.5,43,2023-2024,nhsn_covid_admissions,1038,0.0,1.0,729.5626202342628,729.5626204238921
target_gated_nw0.1_rev0.5,43,2023-2024,nhsn_flu_admissions,620,0.0,1.0,179.32257173953934,179.32258064516128
target_gated_nw0.1_rev0.5,43,2023-2024,nhsn_rsv_admissions,60,0.0,1.0,6.816660817117666,6.816666666666666
target_gated_nw0.1_rev0.5,43,2023-2024,nssp_covid_proportion,1456,0.005117195891216397,0.0,0.007733951272662175,0.012973557718166606
target_gated_nw0.1_rev0.5,43,2023-2024,nssp_flu_proportion,520,0.004927373141981661,0.0,0.014883437321259407,0.020287115407182473
target_gated_nw0.1_rev0.5,43,2023-2024,nssp_rsv_proportion,416,0.0012840933341067284,0.0,0.0022133875002229896,0.003356249996159022
target_gated_nw0.1_rev0.5,43,2025-2026,nhsn_covid_admissions,1040,0.0,1.0,200.36826500821343,200.36826923076924
target_gated_nw0.1_rev0.5,43,2025-2026,nhsn_flu_admissions,676,0.0,1.0,284.50443006874764,284.5044378698225
target_gated_nw0.1_rev0.5,43,2025-2026,nhsn_rsv_admissions,624,0.0,1.0,18.61057155272577,18.610576923076923
target_gated_nw0.1_rev0.5,43,2025-2026,nssp_covid_proportion,1456,0.007301943376660347,0.0,0.004521167641811829,0.0038309752875558024
target_gated_nw0.1_rev0.5,43,2025-2026,nssp_flu_proportion,728,0.0054436513455584645,0.0,0.005711523382810161,0.01193186817958981
target_gated_nw0.1_rev0.5,43,2025-2026,nssp_rsv_proportion,676,0.0011741847556550056,0.0,0.0014296236533385574,0.0024693787024353325
target_gated_nw0.1_rev0.5,43,2024-2025,nhsn_covid_admissions,1031,0.0,1.0,344.6973802987357,344.6973811833172
target_gated_nw0.1_rev0.5,43,2024-2025,nhsn_flu_admissions,720,0.0,1.0,717.8013844712161,717.8013888888889
target_gated_nw0.1_rev0.5,43,2024-2025,nhsn_rsv_admissions,417,0.0,1.0,10.82733510458098,10.827338129496402
target_gated_nw0.1_rev0.5,43,2024-2025,nssp_covid_proportion,1456,0.005109124700538814,0.0,0.0025613553985989472,0.007366414861540501
target_gated_nw0.1_rev0.5,43,2024-2025,nssp_flu_proportion,832,0.0038286183844320476,0.0,0.01377248824104964,0.019167668313754733
target_gated_nw0.1_rev0.5,43,2024-2025,nssp_rsv_proportion,676,0.0007370232051471248,0.0,0.0016953684096184998,0.0035421597803980747
target_gated_nw0.1_rev0.5,44,2023-2024,nhsn_covid_admissions,1344,0.0,1.0,665.462053384563,665.4620535714286
target_gated_nw0.1_rev0.5,44,2023-2024,nhsn_flu_admissions,988,0.0,1.0,301.1933137233572,301.19331983805665
target_gated_nw0.1_rev0.5,44,2023-2024,nhsn_rsv_admissions,548,0.0,1.0,3.0547414845518994,3.0547445255474455
target_gated_nw0.1_rev0.5,44,2023-2024,nssp_covid_proportion,728,0.005030661937780678,0.0,0.007529762254437499,0.014003021995809472
target_gated_nw0.1_rev0.5,44,2023-2024,nssp_flu_proportion,416,0.0020983840222470462,0.0,0.0017450557850399772,0.003901442311206875
target_gated_nw0.1_rev0.5,44,2023-2024,nssp_rsv_proportion,416,0.0008128976769512519,0.0,0.0024743600587533786,0.002962500006805595
target_gated_nw0.1_rev0.5,44,2025-2026,nhsn_covid_admissions,1352,0.0,1.0,193.29733332783957,193.2973372781065
target_gated_nw0.1_rev0.5,44,2025-2026,nhsn_flu_admissions,1196,0.0,1.0,391.59196175084315,391.59197324414714
target_gated_nw0.1_rev0.5,44,2025-2026,nhsn_rsv_admissions,936,0.0,1.0,143.24145238338951,143.241452991453
target_gated_nw0.1_rev0.5,44,2025-2026,nssp_covid_proportion,728,0.008313455386087298,0.0,0.002915852252444493,0.005690384626507364
target_gated_nw0.1_rev0.5,44,2025-2026,nssp_flu_proportion,416,0.002198914240580052,0.0,0.001400322655941776,0.0011764423073215697
target_gated_nw0.1_rev0.5,44,2025-2026,nssp_rsv_proportion,624,0.0009393906220793724,0.0,0.001639444121267913,0.0020322115394894634
target_gated_nw0.1_rev0.5,44,2024-2025,nhsn_covid_admissions,1338,0.0,1.0,280.95141885575845,280.95142002989536
target_gated_nw0.1_rev0.5,44,2024-2025,nhsn_flu_admissions,1294,0.0,1.0,388.9227120683287,388.9227202472952
target_gated_nw0.1_rev0.5,44,2024-2025,nhsn_rsv_admissions,832,0.0,1.0,160.39903828770946,160.39903846153845
target_gated_nw0.1_rev0.5,44,2024-2025,nssp_covid_proportion,728,0.0057219477603212,0.0,0.00387275238041024,0.010165934095281985
target_gated_nw0.1_rev0.5,44,2024-2025,nssp_flu_proportion,416,0.0041651277570053935,0.0,0.0030226591702557926,0.0015105769316330854
target_gated_nw0.1_rev0.5,44,2024-2025,nssp_rsv_proportion,624,0.0007538218924310058,0.0,0.0007425273027202378,0.0016443910249924953
target_gated_nw0.1_rev0.5,45,2023-2024,nhsn_covid_admissions,622,0.0,1.0,604.7443728606077,604.7443729903537
target_gated_nw0.1_rev0.5,45,2023-2024,nhsn_flu_admissions,412,0.0,1.0,262.9417295455936,262.94174757281553
target_gated_nw0.1_rev0.5,45,2023-2024,nhsn_rsv_admissions,326,0.0,1.0,6.874230272605652,6.874233128834356
target_gated_nw0.1_rev0.5,45,2023-2024,nssp_covid_proportion,728,0.004970161244273186,0.0,0.00825762636480619,0.014096153857650819
target_gated_nw0.1_rev0.5,45,2023-2024,nssp_flu_proportion,1456,0.0029857276240363717,0.0,0.0083330071040189,0.011986813194443339
target_gated_nw0.1_rev0.5,45,2023-2024,nssp_rsv_proportion,728,0.0008889394666766748,0.0,0.002528426461030104,0.003015934065093301
target_gated_nw0.1_rev0.5,45,2025-2026,nhsn_covid_admissions,624,0.0,1.0,138.65063513473342,138.65064102564102
target_gated_nw0.1_rev0.5,45,2025-2026,nhsn_flu_admissions,520,0.0,1.0,352.428835303395,352.42884615384617
target_gated_nw0.1_rev0.5,45,2025-2026,nhsn_rsv_admissions,780,0.0,1.0,89.8871732003549,89.88717948717948
target_gated_nw0.1_rev0.5,45,2025-2026,nssp_covid_proportion,728,0.00787736289203167,0.0,0.0030623219188003403,0.006031043967765812
target_gated_nw0.1_rev0.5,45,2025-2026,nssp_flu_proportion,1456,0.003818683442659676,0.0,0.004387490929270376,0.010478365410203328
target_gated_nw0.1_rev0.5,45,2025-2026,nssp_rsv_proportion,1144,0.0008096416713669896,0.0,0.0017922110717119937,0.0023504370662452015
target_gated_nw0.1_rev0.5,45,2024-2025,nhsn_covid_admissions,624,0.0,1.0,310.512819152803,310.5128205128205
target_gated_nw0.1_rev0.5,45,2024-2025,nhsn_flu_admissions,520,0.0,1.0,320.3807503526364,320.3807692307692
target_gated_nw0.1_rev0.5,45,2024-2025,nhsn_rsv_admissions,726,0.0,1.0,135.5165283735874,135.51652892561984
target_gated_nw0.1_rev0.5,45,2024-2025,nssp_covid_proportion,728,0.006106005981564522,0.0,0.00392773875588958,0.010668269265107274
target_gated_nw0.1_rev0.5,45,2024-2025,nssp_flu_proportion,1456,0.00529129384085536,0.0,0.009426299258198665,0.015565041257114888
target_gated_nw0.1_rev0.5,45,2024-2025,nssp_rsv_proportion,1144,0.0010342395980842412,0.0,0.001817686281508788,0.00261354895980088
target_gated_nw0.1_rev0.5,46,2023-2024,nhsn_covid_admissions,728,0.0,1.0,454.3901096849578,454.3901098901099
target_gated_nw0.1_rev0.5,46,2023-2024,nhsn_flu_admissions,722,0.0,1.0,310.0526284167829,310.05263157894734
target_gated_nw0.1_rev0.5,46,2023-2024,nhsn_rsv_admissions,471,0.0,1.0,4.331205826519595,4.3312101910828025
target_gated_nw0.1_rev0.5,46,2023-2024,nssp_covid_proportion,1248,0.005199379753321409,0.0,0.007086953196892118,0.01256362181942304
target_gated_nw0.1_rev0.5,46,2023-2024,nssp_flu_proportion,832,0.003186866524629295,0.0,0.013659467227381147,0.018070673110121158
target_gated_nw0.1_rev0.5,46,2023-2024,nssp_rsv_proportion,312,0.002074284653645009,0.0,0.004054748951463038,0.006981410292446992
target_gated_nw0.1_rev0.5,46,2025-2026,nhsn_covid_admissions,936,0.0,1.0,124.66772901956786,124.66773504273505
target_gated_nw0.1_rev0.5,46,2025-2026,nhsn_flu_admissions,832,0.0,1.0,247.37017881848078,247.37019230769232
target_gated_nw0.1_rev0.5,46,2025-2026,nhsn_rsv_admissions,988,0.0,1.0,115.43825645801962,115.43825910931174
target_gated_nw0.1_rev0.5,46,2025-2026,nssp_covid_proportion,1248,0.010010840371251106,0.0,0.004896861659896483,0.005047916683347116
target_gated_nw0.1_rev0.5,46,2025-2026,nssp_flu_proportion,936,0.009702575393021107,0.0,0.01027850186854375,0.022544764999888414
target_gated_nw0.1_rev0.5,46,2025-2026,nssp_rsv_proportion,416,0.0014181064907461405,0.0,0.0015385309584067168,0.0020341346192498558
target_gated_nw0.1_rev0.5,46,2024-2025,nhsn_covid_admissions,825,0.0,1.0,207.26423961535806,207.2642424242424
target_gated_nw0.1_rev0.5,46,2024-2025,nhsn_flu_admissions,828,0.0,1.0,245.81520889004526,245.81521739130434
target_gated_nw0.1_rev0.5,46,2024-2025,nhsn_rsv_admissions,908,0.0,1.0,160.3160784736744,160.3160792951542
target_gated_nw0.1_rev0.5,46,2024-2025,nssp_covid_proportion,1248,0.0073269575368613005,0.0,0.004526214009064671,0.00927676284654575
target_gated_nw0.1_rev0.5,46,2024-2025,nssp_flu_proportion,936,0.006228729733265936,0.0,0.020210384077387046,0.02727884621194051
target_gated_nw0.1_rev0.5,46,2024-2025,nssp_rsv_proportion,416,0.0012287260906305164,0.0,0.0014098575024245991,0.0030223557772527643
target_C_nw0.1_rev0,42,2023-2024,nhsn_covid_admissions,724,0.0,1.0,601.9364639515125,601.9364640883978
target_C_nw0.1_rev0,42,2023-2024,nhsn_flu_admissions,624,0.0,1.0,153.8365296481757,153.83653846153845
target_C_nw0.1_rev0,42,2023-2024,nhsn_rsv_admissions,225,0.0,1.0,0.8977766080515615,0.8977777777777778
target_C_nw0.1_rev0,42,2023-2024,nssp_covid_proportion,1196,0.004928449634462595,0.0,0.013526641535101596,0.01892633783303195
target_C_nw0.1_rev0,42,2023-2024,nssp_flu_proportion,936,0.0037215486518107355,0.0,0.010427035422393462,0.013242735043449156
target_C_nw0.1_rev0,42,2023-2024,nssp_rsv_proportion,676,0.0008955719094956294,0.0,0.0032854570008620768,0.0044974852158411955
target_C_nw0.1_rev0,42,2025-2026,nhsn_covid_admissions,832,0.0,1.0,180.59254522438175,180.59254807692307
target_C_nw0.1_rev0,42,2025-2026,nhsn_flu_admissions,624,0.0,1.0,141.85736336239424,141.8573717948718
target_C_nw0.1_rev0,42,2025-2026,nhsn_rsv_admissions,624,0.0,1.0,71.6346138787992,71.63461538461539
target_C_nw0.1_rev0,42,2025-2026,nssp_covid_proportion,1196,0.01055006985552609,0.0,0.004949006998469978,0.005390301011963148
target_C_nw0.1_rev0,42,2025-2026,nssp_flu_proportion,1040,0.003943485324271023,0.0,0.01335425620656259,0.01565807695525599
target_C_nw0.1_rev0,42,2025-2026,nssp_rsv_proportion,936,0.0012494984257500619,0.0,0.0018532130450025722,0.0025377136766747623
target_C_nw0.1_rev0,42,2024-2025,nhsn_covid_admissions,819,0.0,1.0,243.33088819632272,243.33089133089132
target_C_nw0.1_rev0,42,2024-2025,nhsn_flu_admissions,720,0.0,1.0,279.36388503271974,279.3638888888889
target_C_nw0.1_rev0,42,2024-2025,nhsn_rsv_admissions,565,0.0,1.0,51.7663706870279,51.766371681415926
target_C_nw0.1_rev0,42,2024-2025,nssp_covid_proportion,1196,0.006438246229663491,0.0,0.0030973278456480464,0.008698745842341312
target_C_nw0.1_rev0,42,2024-2025,nssp_flu_proportion,1040,0.003827145555987954,0.0,0.014707091068731432,0.0178285577713513
target_C_nw0.1_rev0,42,2024-2025,nssp_rsv_proportion,832,0.001941570924827829,0.0,0.0015840483815474306,0.0032278846226920276
target_C_nw0.1_rev0,43,2023-2024,nhsn_covid_admissions,1038,0.0,1.0,729.5626203317204,729.5626204238921
target_C_nw0.1_rev0,43,2023-2024,nhsn_flu_admissions,620,0.0,1.0,179.32257382226183,179.32258064516128
target_C_nw0.1_rev0,43,2023-2024,nhsn_rsv_admissions,60,0.0,1.0,6.816661462000575,6.816666666666666
target_C_nw0.1_rev0,43,2023-2024,nssp_covid_proportion,1456,0.004814757849089801,0.0,0.008875246549016063,0.012973557718166606
target_C_nw0.1_rev0,43,2023-2024,nssp_flu_proportion,520,0.005546387750655413,0.0,0.01291946970259932,0.020287115407182473
target_C_nw0.1_rev0,43,2023-2024,nssp_rsv_proportion,416,0.001022258453303948,0.0,0.0025601793700284012,0.003356249996159022
target_C_nw0.1_rev0,43,2025-2026,nhsn_covid_admissions,1040,0.0,1.0,200.36826680444952,200.36826923076924
target_C_nw0.1_rev0,43,2025-2026,nhsn_flu_admissions,676,0.0,1.0,284.5044310520707,284.5044378698225
target_C_nw0.1_rev0,43,2025-2026,nhsn_rsv_admissions,624,0.0,1.0,18.610574751286595,18.610576923076923
target_C_nw0.1_rev0,43,2025-2026,nssp_covid_proportion,1456,0.008103222586214542,0.0,0.0037900435943431527,0.0038309752875558024
target_C_nw0.1_rev0,43,2025-2026,nssp_flu_proportion,728,0.004435835755430162,0.0,0.008404796147970246,0.01193186817958981
target_C_nw0.1_rev0,43,2025-2026,nssp_rsv_proportion,676,0.0014240059244912118,0.0,0.001466010936496114,0.0024693787024353325
target_C_nw0.1_rev0,43,2024-2025,nhsn_covid_admissions,1031,0.0,1.0,344.6973796336638,344.6973811833172
target_C_nw0.1_rev0,43,2024-2025,nhsn_flu_admissions,720,0.0,1.0,717.801385841824,717.8013888888889
target_C_nw0.1_rev0,43,2024-2025,nhsn_rsv_admissions,417,0.0,1.0,10.827336159302314,10.827338129496402
target_C_nw0.1_rev0,43,2024-2025,nssp_covid_proportion,1456,0.00595562590751797,0.0,0.002612991330621938,0.007366414861540501
target_C_nw0.1_rev0,43,2024-2025,nssp_flu_proportion,832,0.006136437295936048,0.0,0.014706158554872673,0.019167668313754733
target_C_nw0.1_rev0,43,2024-2025,nssp_rsv_proportion,676,0.0013746031618211418,0.0,0.001923466243169969,0.0035421597803980747
target_C_nw0.1_rev0,44,2023-2024,nhsn_covid_admissions,1344,0.0,1.0,665.4620534336491,665.4620535714286
target_C_nw0.1_rev0,44,2023-2024,nhsn_flu_admissions,988,0.0,1.0,301.1933143952791,301.19331983805665
target_C_nw0.1_rev0,44,2023-2024,nhsn_rsv_admissions,548,0.0,1.0,3.0547412383666765,3.0547445255474455
target_C_nw0.1_rev0,44,2023-2024,nssp_covid_proportion,728,0.005763841909356415,0.0,0.006364776750490489,0.014003021995809472
target_C_nw0.1_rev0,44,2023-2024,nssp_flu_proportion,416,0.0039250258123502135,0.0,0.0025279153505834984,0.003901442311206875
target_C_nw0.1_rev0,44,2023-2024,nssp_rsv_proportion,416,0.0007556250639026985,0.0,0.0024551177422416424,0.002962500006805595
target_C_nw0.1_rev0,44,2025-2026,nhsn_covid_admissions,1352,0.0,1.0,193.29733526617204,193.2973372781065
target_C_nw0.1_rev0,44,2025-2026,nhsn_flu_admissions,1196,0.0,1.0,391.5919623777113,391.59197324414714
target_C_nw0.1_rev0,44,2025-2026,nhsn_rsv_admissions,936,0.0,1.0,143.2414523245493,143.241452991453
target_C_nw0.1_rev0,44,2025-2026,nssp_covid_proportion,728,0.00673961965367198,0.0,0.0024240546775687547,0.005690384626507364
target_C_nw0.1_rev0,44,2025-2026,nssp_flu_proportion,416,0.0034061644691973925,0.0,0.0024721761959741483,0.0011764423073215697
target_C_nw0.1_rev0,44,2025-2026,nssp_rsv_proportion,624,0.001162476750323549,0.0,0.001085463067540378,0.0020322115394894634
target_C_nw0.1_rev0,44,2024-2025,nhsn_covid_admissions,1338,0.0,1.0,280.95141804561183,280.95142002989536
target_C_nw0.1_rev0,44,2024-2025,nhsn_flu_admissions,1294,0.0,1.0,388.9227173186175,388.9227202472952
target_C_nw0.1_rev0,44,2024-2025,nhsn_rsv_admissions,832,0.0,1.0,160.39903803767916,160.39903846153845
target_C_nw0.1_rev0,44,2024-2025,nssp_covid_proportion,728,0.00656781904399395,0.0,0.0034661744151950127,0.010165934095281985
target_C_nw0.1_rev0,44,2024-2025,nssp_flu_proportion,416,0.004799248767085373,0.0,0.0027716049327444546,0.0015105769316330854
target_C_nw0.1_rev0,44,2024-2025,nssp_rsv_proportion,624,0.0008991261420305818,0.0,0.0008131947950879784,0.0016443910249924953
target_C_nw0.1_rev0,45,2023-2024,nhsn_covid_admissions,622,0.0,1.0,604.7443728863296,604.7443729903537
target_C_nw0.1_rev0,45,2023-2024,nhsn_flu_admissions,412,0.0,1.0,262.94174337774064,262.94174757281553
target_C_nw0.1_rev0,45,2023-2024,nhsn_rsv_admissions,326,0.0,1.0,6.874230116653397,6.874233128834356
target_C_nw0.1_rev0,45,2023-2024,nssp_covid_proportion,728,0.006067979731597006,0.0,0.006657779216446535,0.014096153857650819
target_C_nw0.1_rev0,45,2023-2024,nssp_flu_proportion,1456,0.004247810808010399,0.0,0.009308631464671554,0.011986813194443339
target_C_nw0.1_rev0,45,2023-2024,nssp_rsv_proportion,728,0.0006791846244595945,0.0,0.002559696387834265,0.003015934065093301
target_C_nw0.1_rev0,45,2025-2026,nhsn_covid_admissions,624,0.0,1.0,138.65063802589813,138.65064102564102
target_C_nw0.1_rev0,45,2025-2026,nhsn_flu_admissions,520,0.0,1.0,352.42883713483525,352.42884615384617
target_C_nw0.1_rev0,45,2025-2026,nhsn_rsv_admissions,780,0.0,1.0,89.88717811567695,89.88717948717948
target_C_nw0.1_rev0,45,2025-2026,nssp_covid_proportion,728,0.0071282865246757865,0.0,0.0027367226147172194,0.006031043967765812
target_C_nw0.1_rev0,45,2025-2026,nssp_flu_proportion,1456,0.004231995437294245,0.0,0.008285307037967468,0.010478365410203328
target_C_nw0.1_rev0,45,2025-2026,nssp_rsv_proportion,1144,0.0013078181364107877,0.0,0.0012149842962959677,0.0023504370662452015
target_C_nw0.1_rev0,45,2024-2025,nhsn_covid_admissions,624,0.0,1.0,310.51282022454035,310.5128205128205
target_C_nw0.1_rev0,45,2024-2025,nhsn_flu_admissions,520,0.0,1.0,320.38076753963463,320.3807692307692
target_C_nw0.1_rev0,45,2024-2025,nhsn_rsv_admissions,726,0.0,1.0,135.51652827469425,135.51652892561984
target_C_nw0.1_rev0,45,2024-2025,nssp_covid_proportion,728,0.008341047447174788,0.0,0.003925983210437762,0.010668269265107274
target_C_nw0.1_rev0,45,2024-2025,nssp_flu_proportion,1456,0.004476856905966997,0.0,0.013524364469378849,0.015565041257114888
target_C_nw0.1_rev0,45,2024-2025,nssp_rsv_proportion,1144,0.0013745257165282965,0.0,0.0015369165595501301,0.00261354895980088
target_C_nw0.1_rev0,46,2023-2024,nhsn_covid_admissions,728,0.0,1.0,454.3901096798854,454.3901098901099
target_C_nw0.1_rev0,46,2023-2024,nhsn_flu_admissions,722,0.0,1.0,310.0526211869497,310.05263157894734
target_C_nw0.1_rev0,46,2023-2024,nhsn_rsv_admissions,471,0.0,1.0,4.331206885737699,4.3312101910828025
target_C_nw0.1_rev0,46,2023-2024,nssp_covid_proportion,1248,0.004602566477842629,0.0,0.00784278609880391,0.01256362181942304
target_C_nw0.1_rev0,46,2023-2024,nssp_flu_proportion,832,0.0037936526350677013,0.0,0.013759913108550301,0.018070673110121158
target_C_nw0.1_rev0,46,2023-2024,nssp_rsv_proportion,312,0.0006805267476011068,0.0,0.005933540866419953,0.006981410292446992
target_C_nw0.1_rev0,46,2025-2026,nhsn_covid_admissions,936,0.0,1.0,124.66772941418905,124.66773504273505
target_C_nw0.1_rev0,46,2025-2026,nhsn_flu_admissions,832,0.0,1.0,247.37018501262352,247.37019230769232
target_C_nw0.1_rev0,46,2025-2026,nhsn_rsv_admissions,988,0.0,1.0,115.43825793576889,115.43825910931174
target_C_nw0.1_rev0,46,2025-2026,nssp_covid_proportion,1248,0.010102736996486783,0.0,0.005258690296590756,0.005047916683347116
target_C_nw0.1_rev0,46,2025-2026,nssp_flu_proportion,936,0.008183350786566734,0.0,0.011451106507554201,0.022544764999888414
target_C_nw0.1_rev0,46,2025-2026,nssp_rsv_proportion,416,0.001040381204802543,0.0,0.0015464107656883313,0.0020341346192498558
target_C_nw0.1_rev0,46,2024-2025,nhsn_covid_admissions,825,0.0,1.0,207.26424084223737,207.2642424242424
target_C_nw0.1_rev0,46,2024-2025,nhsn_flu_admissions,828,0.0,1.0,245.81521403384892,245.81521739130434
target_C_nw0.1_rev0,46,2024-2025,nhsn_rsv_admissions,908,0.0,1.0,160.3160787391544,160.3160792951542
target_C_nw0.1_rev0,46,2024-2025,nssp_covid_proportion,1248,0.006374235963448882,0.0,0.0037794988343543643,0.00927676284654575
target_C_nw0.1_rev0,46,2024-2025,nssp_flu_proportion,936,0.004418496275320649,0.0,0.023491964705818123,0.02727884621194051
target_C_nw0.1_rev0,46,2024-2025,nssp_rsv_proportion,416,0.0018022970180027187,0.0,0.001654023596879247,0.0030223557772527643
target_C_nw0.2_rev0,42,2023-2024,nhsn_covid_admissions,724,0.0,1.0,601.9364639474171,601.9364640883978
target_C_nw0.2_rev0,42,2023-2024,nhsn_flu_admissions,624,0.0,1.0,153.83652876753192,153.83653846153845
target_C_nw0.2_rev0,42,2023-2024,nhsn_rsv_admissions,225,0.0,1.0,0.8977765556022488,0.8977777777777778
target_C_nw0.2_rev0,42,2023-2024,nssp_covid_proportion,1196,0.005062670214101672,0.0,0.013437090198801212,0.01892633783303195
target_C_nw0.2_rev0,42,2023-2024,nssp_flu_proportion,936,0.0035428169067017734,0.0,0.010408684050605351,0.013242735043449156
target_C_nw0.2_rev0,42,2023-2024,nssp_rsv_proportion,676,0.0010262470168527216,0.0,0.003300820228352849,0.0044974852158411955
target_C_nw0.2_rev0,42,2025-2026,nhsn_covid_admissions,832,0.0,1.0,180.59254501950122,180.59254807692307
target_C_nw0.2_rev0,42,2025-2026,nhsn_flu_admissions,624,0.0,1.0,141.85736137743345,141.8573717948718
target_C_nw0.2_rev0,42,2025-2026,nhsn_rsv_admissions,624,0.0,1.0,71.63461351304464,71.63461538461539
target_C_nw0.2_rev0,42,2025-2026,nssp_covid_proportion,1196,0.007497728103771806,0.0,0.0030934288002985506,0.005390301011963148
target_C_nw0.2_rev0,42,2025-2026,nssp_flu_proportion,1040,0.0037134792073629797,0.0,0.013352714596735146,0.01565807695525599
target_C_nw0.2_rev0,42,2025-2026,nssp_rsv_proportion,936,0.0016330838843714446,0.0,0.0015836193753131784,0.0025377136766747623
target_C_nw0.2_rev0,42,2024-2025,nhsn_covid_admissions,819,0.0,1.0,243.33088990619086,243.33089133089132
target_C_nw0.2_rev0,42,2024-2025,nhsn_flu_admissions,720,0.0,1.0,279.3638850398443,279.3638888888889
target_C_nw0.2_rev0,42,2024-2025,nhsn_rsv_admissions,565,0.0,1.0,51.76637088440467,51.766371681415926
target_C_nw0.2_rev0,42,2024-2025,nssp_covid_proportion,1196,0.007841566344723105,0.0,0.002946623850689366,0.008698745842341312
target_C_nw0.2_rev0,42,2024-2025,nssp_flu_proportion,1040,0.003826263826340437,0.0,0.014701634844711337,0.0178285577713513
target_C_nw0.2_rev0,42,2024-2025,nssp_rsv_proportion,832,0.0012751470494549721,0.0,0.001516224909306192,0.0032278846226920276
target_C_nw0.2_rev0,43,2023-2024,nhsn_covid_admissions,1038,0.0,1.0,729.5626203386682,729.5626204238921
target_C_nw0.2_rev0,43,2023-2024,nhsn_flu_admissions,620,0.0,1.0,179.3225695642532,179.32258064516128
target_C_nw0.2_rev0,43,2023-2024,nhsn_rsv_admissions,60,0.0,1.0,6.816664641832879,6.816666666666666
target_C_nw0.2_rev0,43,2023-2024,nssp_covid_proportion,1456,0.004761446733027697,0.0,0.008873745772079628,0.012973557718166606
target_C_nw0.2_rev0,43,2023-2024,nssp_flu_proportion,520,0.005617367685772479,0.0,0.01333605016060084,0.020287115407182473
target_C_nw0.2_rev0,43,2023-2024,nssp_rsv_proportion,416,0.0010529126739129424,0.0,0.002530046431834657,0.003356249996159022
target_C_nw0.2_rev0,43,2025-2026,nhsn_covid_admissions,1040,0.0,1.0,200.36826751043932,200.36826923076924
target_C_nw0.2_rev0,43,2025-2026,nhsn_flu_admissions,676,0.0,1.0,284.50443145702076,284.5044378698225
target_C_nw0.2_rev0,43,2025-2026,nhsn_rsv_admissions,624,0.0,1.0,18.61057476593499,18.610576923076923
target_C_nw0.2_rev0,43,2025-2026,nssp_covid_proportion,1456,0.005287171225063503,0.0,0.0023240762907884706,0.0038309752875558024
target_C_nw0.2_rev0,43,2025-2026,nssp_flu_proportion,728,0.005072783445939422,0.0,0.0057958799372879715,0.01193186817958981
target_C_nw0.2_rev0,43,2025-2026,nssp_rsv_proportion,676,0.001556897652335465,0.0,0.0014926730922923408,0.0024693787024353325
target_C_nw0.2_rev0,43,2024-2025,nhsn_covid_admissions,1031,0.0,1.0,344.6973795407678,344.6973811833172
target_C_nw0.2_rev0,43,2024-2025,nhsn_flu_admissions,720,0.0,1.0,717.8013854469779,717.8013888888889
target_C_nw0.2_rev0,43,2024-2025,nhsn_rsv_admissions,417,0.0,1.0,10.827336600599093,10.827338129496402
target_C_nw0.2_rev0,43,2024-2025,nssp_covid_proportion,1456,0.005923916003666818,0.0,0.002690137160883111,0.007366414861540501
target_C_nw0.2_rev0,43,2024-2025,nssp_flu_proportion,832,0.0037624636897817254,0.0,0.011127767539838155,0.019167668313754733
target_C_nw0.2_rev0,43,2024-2025,nssp_rsv_proportion,676,0.0012628082185983658,0.0,0.001929964084367987,0.0035421597803980747
target_C_nw0.2_rev0,44,2023-2024,nhsn_covid_admissions,1344,0.0,1.0,665.4620534590083,665.4620535714286
target_C_nw0.2_rev0,44,2023-2024,nhsn_flu_admissions,988,0.0,1.0,301.19331317380767,301.19331983805665
target_C_nw0.2_rev0,44,2023-2024,nhsn_rsv_admissions,548,0.0,1.0,3.0547411063548906,3.0547445255474455
target_C_nw0.2_rev0,44,2023-2024,nssp_covid_proportion,728,0.005633980501443148,0.0,0.0057220886294169675,0.014003021995809472
target_C_nw0.2_rev0,44,2023-2024,nssp_flu_proportion,416,0.003938236739486456,0.0,0.0025316810694605988,0.003901442311206875
target_C_nw0.2_rev0,44,2023-2024,nssp_rsv_proportion,416,0.0008792545268079266,0.0,0.0023465022598149797,0.002962500006805595
target_C_nw0.2_rev0,44,2025-2026,nhsn_covid_admissions,1352,0.0,1.0,193.29733537551846,193.2973372781065
target_C_nw0.2_rev0,44,2025-2026,nhsn_flu_admissions,1196,0.0,1.0,391.59196458596927,391.59197324414714
target_C_nw0.2_rev0,44,2025-2026,nhsn_rsv_admissions,936,0.0,1.0,143.24145221427332,143.241452991453
target_C_nw0.2_rev0,44,2025-2026,nssp_covid_proportion,728,0.006919366889633238,0.0,0.0024959430169933963,0.005690384626507364
target_C_nw0.2_rev0,44,2025-2026,nssp_flu_proportion,416,0.0021038445411249995,0.0,0.0012696393585848943,0.0011764423073215697
target_C_nw0.2_rev0,44,2025-2026,nssp_rsv_proportion,624,0.0008170340297510847,0.0,0.0008376491220517962,0.0020322115394894634
target_C_nw0.2_rev0,44,2024-2025,nhsn_covid_admissions,1338,0.0,1.0,280.9514186193414,280.95142002989536
target_C_nw0.2_rev0,44,2024-2025,nhsn_flu_admissions,1294,0.0,1.0,388.922716729066,388.9227202472952
target_C_nw0.2_rev0,44,2024-2025,nhsn_rsv_admissions,832,0.0,1.0,160.39903817620294,160.39903846153845
target_C_nw0.2_rev0,44,2024-2025,nssp_covid_proportion,728,0.005970178521238267,0.0,0.004111941603036689,0.010165934095281985
target_C_nw0.2_rev0,44,2024-2025,nssp_flu_proportion,416,0.004511160776019096,0.0,0.002615341742407159,0.0015105769316330854
target_C_nw0.2_rev0,44,2024-2025,nssp_rsv_proportion,624,0.0008288764511235058,0.0,0.0007902143019097052,0.0016443910249924953
target_C_nw0.2_rev0,45,2023-2024,nhsn_covid_admissions,622,0.0,1.0,604.7443728520009,604.7443729903537
target_C_nw0.2_rev0,45,2023-2024,nhsn_flu_admissions,412,0.0,1.0,262.9417437054479,262.94174757281553
target_C_nw0.2_rev0,45,2023-2024,nhsn_rsv_admissions,326,0.0,1.0,6.874226200287195,6.874233128834356
target_C_nw0.2_rev0,45,2023-2024,nssp_covid_proportion,728,0.006044317618943751,0.0,0.006434908588474442,0.014096153857650819
target_C_nw0.2_rev0,45,2023-2024,nssp_flu_proportion,1456,0.0040345629677176476,0.0,0.009265255006099763,0.011986813194443339
target_C_nw0.2_rev0,45,2023-2024,nssp_rsv_proportion,728,0.0006671853770967573,0.0,0.0025304964732300846,0.003015934065093301
target_C_nw0.2_rev0,45,2025-2026,nhsn_covid_admissions,624,0.0,1.0,138.65063499809506,138.65064102564102
target_C_nw0.2_rev0,45,2025-2026,nhsn_flu_admissions,520,0.0,1.0,352.42883622846523,352.42884615384617
target_C_nw0.2_rev0,45,2025-2026,nhsn_rsv_admissions,780,0.0,1.0,89.88717813292334,89.88717948717948
target_C_nw0.2_rev0,45,2025-2026,nssp_covid_proportion,728,0.010250951163470745,0.0,0.004020027712113505,0.006031043967765812
target_C_nw0.2_rev0,45,2025-2026,nssp_flu_proportion,1456,0.0038591200718656182,0.0,0.004014464591793992,0.010478365410203328
target_C_nw0.2_rev0,45,2025-2026,nssp_rsv_proportion,1144,0.0012504459882620722,0.0,0.0011873796902618524,0.0023504370662452015
target_C_nw0.2_rev0,45,2024-2025,nhsn_covid_admissions,624,0.0,1.0,310.5128194259909,310.5128205128205
target_C_nw0.2_rev0,45,2024-2025,nhsn_flu_admissions,520,0.0,1.0,320.38076754380467,320.3807692307692
target_C_nw0.2_rev0,45,2024-2025,nhsn_rsv_admissions,726,0.0,1.0,135.51652865044554,135.51652892561984
target_C_nw0.2_rev0,45,2024-2025,nssp_covid_proportion,728,0.008911198237910867,0.0,0.0037169875792172676,0.010668269265107274
target_C_nw0.2_rev0,45,2024-2025,nssp_flu_proportion,1456,0.004447683459147811,0.0,0.013532401092161708,0.015565041257114888
target_C_nw0.2_rev0,45,2024-2025,nssp_rsv_proportion,1144,0.001222426100866869,0.0,0.0014065115700397108,0.00261354895980088
target_C_nw0.2_rev0,46,2023-2024,nhsn_covid_admissions,728,0.0,1.0,454.390109683233,454.3901098901099
target_C_nw0.2_rev0,46,2023-2024,nhsn_flu_admissions,722,0.0,1.0,310.05262085142806,310.05263157894734
target_C_nw0.2_rev0,46,2023-2024,nhsn_rsv_admissions,471,0.0,1.0,4.33120679211943,4.3312101910828025
target_C_nw0.2_rev0,46,2023-2024,nssp_covid_proportion,1248,0.004451113403774798,0.0,0.0079153262678842,0.01256362181942304
target_C_nw0.2_rev0,46,2023-2024,nssp_flu_proportion,832,0.0038545953575521708,0.0,0.013383936572294121,0.018070673110121158
target_C_nw0.2_rev0,46,2023-2024,nssp_rsv_proportion,312,0.0010707631590776145,0.0,0.004899341696028177,0.006981410292446992
target_C_nw0.2_rev0,46,2025-2026,nhsn_covid_admissions,936,0.0,1.0,124.66773065104309,124.66773504273505
target_C_nw0.2_rev0,46,2025-2026,nhsn_flu_admissions,832,0.0,1.0,247.37018455505515,247.37019230769232
target_C_nw0.2_rev0,46,2025-2026,nhsn_rsv_admissions,988,0.0,1.0,115.43825771924989,115.43825910931174
target_C_nw0.2_rev0,46,2025-2026,nssp_covid_proportion,1248,0.009336156537756324,0.0,0.00450890482086554,0.005047916683347116
target_C_nw0.2_rev0,46,2025-2026,nssp_flu_proportion,936,0.008491137763485312,0.0,0.012567993458331206,0.022544764999888414
target_C_nw0.2_rev0,46,2025-2026,nssp_rsv_proportion,416,0.0014287806407082826,0.0,0.0009035385390654063,0.0020341346192498558
target_C_nw0.2_rev0,46,2024-2025,nhsn_covid_admissions,825,0.0,1.0,207.2642390310993,207.2642424242424
target_C_nw0.2_rev0,46,2024-2025,nhsn_flu_admissions,828,0.0,1.0,245.81521423725908,245.81521739130434
target_C_nw0.2_rev0,46,2024-2025,nhsn_rsv_admissions,908,0.0,1.0,160.31607887770105,160.3160792951542
target_C_nw0.2_rev0,46,2024-2025,nssp_covid_proportion,1248,0.0073428970063105226,0.0,0.0035317848891141834,0.00927676284654575
target_C_nw0.2_rev0,46,2024-2025,nssp_flu_proportion,936,0.0044747908832505345,0.0,0.023105669712188106,0.02727884621194051
target_C_nw0.2_rev0,46,2024-2025,nssp_rsv_proportion,416,0.0018918897258117795,0.0,0.001753325307443167,0.0030223557772527643
target_C_nw0.2_rev0.5,42,2023-2024,nhsn_covid_admissions,724,0.0,1.0,601.9364639190527,601.9364640883978
target_C_nw0.2_rev0.5,42,2023-2024,nhsn_flu_admissions,624,0.0,1.0,153.8365288594035,153.83653846153845
target_C_nw0.2_rev0.5,42,2023-2024,nhsn_rsv_admissions,225,0.0,1.0,0.8977765807223268,0.8977777777777778
target_C_nw0.2_rev0.5,42,2023-2024,nssp_covid_proportion,1196,0.004910037619993091,0.0,0.01348054737172788,0.01892633783303195
target_C_nw0.2_rev0.5,42,2023-2024,nssp_flu_proportion,936,0.0035579086979851127,0.0,0.010390370554778513,0.013242735043449156
target_C_nw0.2_rev0.5,42,2023-2024,nssp_rsv_proportion,676,0.0012498768628574908,0.0,0.0031379520773065148,0.0044974852158411955
target_C_nw0.2_rev0.5,42,2025-2026,nhsn_covid_admissions,832,0.0,1.0,180.5925450244508,180.59254807692307
target_C_nw0.2_rev0.5,42,2025-2026,nhsn_flu_admissions,624,0.0,1.0,141.8573606573391,141.8573717948718
target_C_nw0.2_rev0.5,42,2025-2026,nhsn_rsv_admissions,624,0.0,1.0,71.63461351899574,71.63461538461539
target_C_nw0.2_rev0.5,42,2025-2026,nssp_covid_proportion,1196,0.007707462995313108,0.0,0.0031755147581642813,0.005390301011963148
target_C_nw0.2_rev0.5,42,2025-2026,nssp_flu_proportion,1040,0.003733647521585226,0.0,0.013359615786073566,0.01565807695525599
target_C_nw0.2_rev0.5,42,2025-2026,nssp_rsv_proportion,936,0.0016088482225313783,0.0,0.0015887755933394318,0.0025377136766747623
target_C_nw0.2_rev0.5,42,2024-2025,nhsn_covid_admissions,819,0.0,1.0,243.33088763480805,243.33089133089132
target_C_nw0.2_rev0.5,42,2024-2025,nhsn_flu_admissions,720,0.0,1.0,279.3638855522791,279.3638888888889
target_C_nw0.2_rev0.5,42,2024-2025,nhsn_rsv_admissions,565,0.0,1.0,51.76637019328044,51.766371681415926
target_C_nw0.2_rev0.5,42,2024-2025,nssp_covid_proportion,1196,0.00718272861558944,0.0,0.002891197070023076,0.008698745842341312
target_C_nw0.2_rev0.5,42,2024-2025,nssp_flu_proportion,1040,0.003813253657426685,0.0,0.014695402747971598,0.0178285577713513
target_C_nw0.2_rev0.5,42,2024-2025,nssp_rsv_proportion,832,0.0014523494755849242,0.0,0.0014728710348995615,0.0032278846226920276
target_C_nw0.2_rev0.5,43,2023-2024,nhsn_covid_admissions,1038,0.0,1.0,729.5626203410648,729.5626204238921
target_C_nw0.2_rev0.5,43,2023-2024,nhsn_flu_admissions,620,0.0,1.0,179.32257238173244,179.32258064516128
target_C_nw0.2_rev0.5,43,2023-2024,nhsn_rsv_admissions,60,0.0,1.0,6.81665639870423,6.816666666666666
target_C_nw0.2_rev0.5,43,2023-2024,nssp_covid_proportion,1456,0.004775437409989536,0.0,0.008877942958761296,0.012973557718166606
target_C_nw0.2_rev0.5,43,2023-2024,nssp_flu_proportion,520,0.005464115063659847,0.0,0.013513451520478927,0.020287115407182473
target_C_nw0.2_rev0.5,43,2023-2024,nssp_rsv_proportion,416,0.00104670348810032,0.0,0.002523103992259096,0.003356249996159022
target_C_nw0.2_rev0.5,43,2025-2026,nhsn_covid_admissions,1040,0.0,1.0,200.36826669207122,200.36826923076924
target_C_nw0.2_rev0.5,43,2025-2026,nhsn_flu_admissions,676,0.0,1.0,284.50443093806723,284.5044378698225
target_C_nw0.2_rev0.5,43,2025-2026,nhsn_rsv_admissions,624,0.0,1.0,18.610574749803817,18.610576923076923
target_C_nw0.2_rev0.5,43,2025-2026,nssp_covid_proportion,1456,0.0063268354861065745,0.0,0.0027065760192012283,0.0038309752875558024
target_C_nw0.2_rev0.5,43,2025-2026,nssp_flu_proportion,728,0.004897253471426666,0.0,0.006000693566800312,0.01193186817958981
target_C_nw0.2_rev0.5,43,2025-2026,nssp_rsv_proportion,676,0.0016132838209159672,0.0,0.0014925475831859272,0.0024693787024353325
target_C_nw0.2_rev0.5,43,2024-2025,nhsn_covid_admissions,1031,0.0,1.0,344.6973794170385,344.6973811833172
target_C_nw0.2_rev0.5,43,2024-2025,nhsn_flu_admissions,720,0.0,1.0,717.8013858709381,717.8013888888889
target_C_nw0.2_rev0.5,43,2024-2025,nhsn_rsv_admissions,417,0.0,1.0,10.82733691437593,10.827338129496402
target_C_nw0.2_rev0.5,43,2024-2025,nssp_covid_proportion,1456,0.005792018957436085,0.0,0.0026276869906683756,0.007366414861540501
target_C_nw0.2_rev0.5,43,2024-2025,nssp_flu_proportion,832,0.0038917215424589813,0.0,0.010792148474934038,0.019167668313754733
target_C_nw0.2_rev0.5,43,2024-2025,nssp_rsv_proportion,676,0.0009667907870607451,0.0,0.0029757555976336805,0.0035421597803980747
target_C_nw0.2_rev0.5,44,2023-2024,nhsn_covid_admissions,1344,0.0,1.0,665.4620534621505,665.4620535714286
target_C_nw0.2_rev0.5,44,2023-2024,nhsn_flu_admissions,988,0.0,1.0,301.19331384009234,301.19331983805665
target_C_nw0.2_rev0.5,44,2023-2024,nhsn_rsv_admissions,548,0.0,1.0,3.054740054850521,3.0547445255474455
target_C_nw0.2_rev0.5,44,2023-2024,nssp_covid_proportion,728,0.005509947892278433,0.0,0.005648191377346578,0.014003021995809472
target_C_nw0.2_rev0.5,44,2023-2024,nssp_flu_proportion,416,0.0039032725617289543,0.0,0.002509884196395153,0.003901442311206875
target_C_nw0.2_rev0.5,44,2023-2024,nssp_rsv_proportion,416,0.0009057377901626751,0.0,0.0023593725091604237,0.002962500006805595
target_C_nw0.2_rev0.5,44,2025-2026,nhsn_covid_admissions,1352,0.0,1.0,193.29733482826123,193.2973372781065
target_C_nw0.2_rev0.5,44,2025-2026,nhsn_flu_admissions,1196,0.0,1.0,391.591966801021,391.59197324414714
target_C_nw0.2_rev0.5,44,2025-2026,nhsn_rsv_admissions,936,0.0,1.0,143.24145217595034,143.241452991453
target_C_nw0.2_rev0.5,44,2025-2026,nssp_covid_proportion,728,0.007158798282034695,0.0,0.002570155963269996,0.005690384626507364
target_C_nw0.2_rev0.5,44,2025-2026,nssp_flu_proportion,416,0.0015361190889962018,0.0,0.0009270216404414756,0.0011764423073215697
target_C_nw0.2_rev0.5,44,2025-2026,nssp_rsv_proportion,624,0.0013779215223621577,0.0,0.0014275299090047318,0.0020322115394894634
target_C_nw0.2_rev0.5,44,2024-2025,nhsn_covid_admissions,1338,0.0,1.0,280.9514188310642,280.95142002989536
target_C_nw0.2_rev0.5,44,2024-2025,nhsn_flu_admissions,1294,0.0,1.0,388.92271666282176,388.9227202472952
target_C_nw0.2_rev0.5,44,2024-2025,nhsn_rsv_admissions,832,0.0,1.0,160.39903826710446,160.39903846153845
target_C_nw0.2_rev0.5,44,2024-2025,nssp_covid_proportion,728,0.006250743055716157,0.0,0.004124039422594661,0.010165934095281985
target_C_nw0.2_rev0.5,44,2024-2025,nssp_flu_proportion,416,0.00507733877748251,0.0,0.004548784554852039,0.0015105769316330854
target_C_nw0.2_rev0.5,44,2024-2025,nssp_rsv_proportion,624,0.000792143153375946,0.0,0.0007893363488456556,0.0016443910249924953
target_C_nw0.2_rev0.5,45,2023-2024,nhsn_covid_admissions,622,0.0,1.0,604.7443729197186,604.7443729903537
target_C_nw0.2_rev0.5,45,2023-2024,nhsn_flu_admissions,412,0.0,1.0,262.94174299829825,262.94174757281553
target_C_nw0.2_rev0.5,45,2023-2024,nhsn_rsv_admissions,326,0.0,1.0,6.874229708048335,6.874233128834356
target_C_nw0.2_rev0.5,45,2023-2024,nssp_covid_proportion,728,0.006035283789969981,0.0,0.006463022693923859,0.014096153857650819
target_C_nw0.2_rev0.5,45,2023-2024,nssp_flu_proportion,1456,0.004053957643918693,0.0,0.009264258460421882,0.011986813194443339
target_C_nw0.2_rev0.5,45,2023-2024,nssp_rsv_proportion,728,0.000673822098178789,0.0,0.002542648910773326,0.003015934065093301
target_C_nw0.2_rev0.5,45,2025-2026,nhsn_covid_admissions,624,0.0,1.0,138.65063767245505,138.65064102564102
target_C_nw0.2_rev0.5,45,2025-2026,nhsn_flu_admissions,520,0.0,1.0,352.4288362602239,352.42884615384617
target_C_nw0.2_rev0.5,45,2025-2026,nhsn_rsv_admissions,780,0.0,1.0,89.88717822050783,89.88717948717948
target_C_nw0.2_rev0.5,45,2025-2026,nssp_covid_proportion,728,0.0103790492285043,0.0,0.004081192247123089,0.006031043967765812
target_C_nw0.2_rev0.5,45,2025-2026,nssp_flu_proportion,1456,0.0032133088097907603,0.0,0.004560241220373188,0.010478365410203328
target_C_nw0.2_rev0.5,45,2025-2026,nssp_rsv_proportion,1144,0.0012912923994008452,0.0,0.0011396669958033468,0.0023504370662452015
target_C_nw0.2_rev0.5,45,2024-2025,nhsn_covid_admissions,624,0.0,1.0,310.51281940000945,310.5128205128205
target_C_nw0.2_rev0.5,45,2024-2025,nhsn_flu_admissions,520,0.0,1.0,320.3807672113857,320.3807692307692
target_C_nw0.2_rev0.5,45,2024-2025,nhsn_rsv_admissions,726,0.0,1.0,135.51652858197383,135.51652892561984
target_C_nw0.2_rev0.5,45,2024-2025,nssp_covid_proportion,728,0.008952515898272395,0.0,0.0037266801311768806,0.010668269265107274
target_C_nw0.2_rev0.5,45,2024-2025,nssp_flu_proportion,1456,0.00444450881332159,0.0,0.013533717579286111,0.015565041257114888
target_C_nw0.2_rev0.5,45,2024-2025,nssp_rsv_proportion,1144,0.0011394951725378633,0.0,0.0013695224216888648,0.00261354895980088
target_C_nw0.2_rev0.5,46,2023-2024,nhsn_covid_admissions,728,0.0,1.0,454.39010960011854,454.3901098901099
target_C_nw0.2_rev0.5,46,2023-2024,nhsn_flu_admissions,722,0.0,1.0,310.0526215605691,310.05263157894734
target_C_nw0.2_rev0.5,46,2023-2024,nhsn_rsv_admissions,471,0.0,1.0,4.331207585739418,4.3312101910828025
target_C_nw0.2_rev0.5,46,2023-2024,nssp_covid_proportion,1248,0.0044084093533456326,0.0,0.007932549764705189,0.01256362181942304
target_C_nw0.2_rev0.5,46,2023-2024,nssp_flu_proportion,832,0.0038078383659012616,0.0,0.013392819425742065,0.018070673110121158
target_C_nw0.2_rev0.5,46,2023-2024,nssp_rsv_proportion,312,0.0010875508305616677,0.0,0.004815798867266261,0.006981410292446992
target_C_nw0.2_rev0.5,46,2025-2026,nhsn_covid_admissions,936,0.0,1.0,124.6677311830927,124.66773504273505
target_C_nw0.2_rev0.5,46,2025-2026,nhsn_flu_admissions,832,0.0,1.0,247.37018105787544,247.37019230769232
target_C_nw0.2_rev0.5,46,2025-2026,nhsn_rsv_admissions,988,0.0,1.0,115.43825769060759,115.43825910931174
target_C_nw0.2_rev0.5,46,2025-2026,nssp_covid_proportion,1248,0.009329877095296979,0.0,0.004509581176185188,0.005047916683347116
target_C_nw0.2_rev0.5,46,2025-2026,nssp_flu_proportion,936,0.005367581150494516,0.0,0.01261468741298207,0.022544764999888414
target_C_nw0.2_rev0.5,46,2025-2026,nssp_rsv_proportion,416,0.0015104648482520133,0.0,0.0009388223330950915,0.0020341346192498558
target_C_nw0.2_rev0.5,46,2024-2025,nhsn_covid_admissions,825,0.0,1.0,207.26424045390766,207.2642424242424
target_C_nw0.2_rev0.5,46,2024-2025,nhsn_flu_admissions,828,0.0,1.0,245.8152148196132,245.81521739130434
target_C_nw0.2_rev0.5,46,2024-2025,nhsn_rsv_admissions,908,0.0,1.0,160.31607882541124,160.3160792951542
target_C_nw0.2_rev0.5,46,2024-2025,nssp_covid_proportion,1248,0.005930717336013913,0.0,0.004042152700677457,0.00927676284654575
target_C_nw0.2_rev0.5,46,2024-2025,nssp_flu_proportion,936,0.004893663572147489,0.0,0.022498610521099305,0.02727884621194051
target_C_nw0.2_rev0.5,46,2024-2025,nssp_rsv_proportion,416,0.001791431539459154,0.0,0.001482894189988516,0.0030223557772527643
target_C_nw0.1_rev0.5,42,2023-2024,nhsn_covid_admissions,724,0.0,1.0,601.936463921644,601.9364640883978
target_C_nw0.1_rev0.5,42,2023-2024,nhsn_flu_admissions,624,0.0,1.0,153.83652895030076,153.83653846153845
target_C_nw0.1_rev0.5,42,2023-2024,nhsn_rsv_admissions,225,0.0,1.0,0.8977763123597498,0.8977777777777778
target_C_nw0.1_rev0.5,42,2023-2024,nssp_covid_proportion,1196,0.004899792838841677,0.0,0.013546315037046192,0.01892633783303195
target_C_nw0.1_rev0.5,42,2023-2024,nssp_flu_proportion,936,0.0036857002414762974,0.0,0.01044079252802538,0.013242735043449156
target_C_nw0.1_rev0.5,42,2023-2024,nssp_rsv_proportion,676,0.0012203436344861984,0.0,0.0027497411015112512,0.0044974852158411955
target_C_nw0.1_rev0.5,42,2025-2026,nhsn_covid_admissions,832,0.0,1.0,180.5925435415112,180.59254807692307
target_C_nw0.1_rev0.5,42,2025-2026,nhsn_flu_admissions,624,0.0,1.0,141.85735821253314,141.8573717948718
target_C_nw0.1_rev0.5,42,2025-2026,nhsn_rsv_admissions,624,0.0,1.0,71.63461301021904,71.63461538461539
target_C_nw0.1_rev0.5,42,2025-2026,nssp_covid_proportion,1196,0.010675696656107903,0.0,0.005040603816874456,0.005390301011963148
target_C_nw0.1_rev0.5,42,2025-2026,nssp_flu_proportion,1040,0.003948574652895331,0.0,0.013355924501747022,0.01565807695525599
target_C_nw0.1_rev0.5,42,2025-2026,nssp_rsv_proportion,936,0.0015327603614423424,0.0,0.0016950901322744382,0.0025377136766747623
target_C_nw0.1_rev0.5,42,2024-2025,nhsn_covid_admissions,819,0.0,1.0,243.33088887208768,243.33089133089132
target_C_nw0.1_rev0.5,42,2024-2025,nhsn_flu_admissions,720,0.0,1.0,279.3638854123599,279.3638888888889
target_C_nw0.1_rev0.5,42,2024-2025,nhsn_rsv_admissions,565,0.0,1.0,51.76637085367148,51.766371681415926
target_C_nw0.1_rev0.5,42,2024-2025,nssp_covid_proportion,1196,0.006518222973681986,0.0,0.0030930010686756227,0.008698745842341312
target_C_nw0.1_rev0.5,42,2024-2025,nssp_flu_proportion,1040,0.0038255564286373556,0.0,0.01469770066768643,0.0178285577713513
target_C_nw0.1_rev0.5,42,2024-2025,nssp_rsv_proportion,832,0.0020904828561469913,0.0,0.001601741955613971,0.0032278846226920276
target_C_nw0.1_rev0.5,43,2023-2024,nhsn_covid_admissions,1038,0.0,1.0,729.5626203622176,729.5626204238921
target_C_nw0.1_rev0.5,43,2023-2024,nhsn_flu_admissions,620,0.0,1.0,179.32257212150753,179.32258064516128
target_C_nw0.1_rev0.5,43,2023-2024,nhsn_rsv_admissions,60,0.0,1.0,6.81666105815716,6.816666666666666
target_C_nw0.1_rev0.5,43,2023-2024,nssp_covid_proportion,1456,0.0046670446172356606,0.0,0.008439269388923044,0.012973557718166606
target_C_nw0.1_rev0.5,43,2023-2024,nssp_flu_proportion,520,0.005275926785543561,0.0,0.012608548400301236,0.020287115407182473
target_C_nw0.1_rev0.5,43,2023-2024,nssp_rsv_proportion,416,0.001044814387569204,0.0,0.002534987957950272,0.003356249996159022
target_C_nw0.1_rev0.5,43,2025-2026,nhsn_covid_admissions,1040,0.0,1.0,200.36826632511173,200.36826923076924
target_C_nw0.1_rev0.5,43,2025-2026,nhsn_flu_admissions,676,0.0,1.0,284.5044309028849,284.5044378698225
target_C_nw0.1_rev0.5,43,2025-2026,nhsn_rsv_admissions,624,0.0,1.0,18.61057472510521,18.610576923076923
target_C_nw0.1_rev0.5,43,2025-2026,nssp_covid_proportion,1456,0.007491551456041634,0.0,0.003481279898371393,0.0038309752875558024
target_C_nw0.1_rev0.5,43,2025-2026,nssp_flu_proportion,728,0.005963021074421704,0.0,0.005745405491045228,0.01193186817958981
target_C_nw0.1_rev0.5,43,2025-2026,nssp_rsv_proportion,676,0.00144749425817281,0.0,0.0014571247665380671,0.0024693787024353325
target_C_nw0.1_rev0.5,43,2024-2025,nhsn_covid_admissions,1031,0.0,1.0,344.6973794851679,344.6973811833172
target_C_nw0.1_rev0.5,43,2024-2025,nhsn_flu_admissions,720,0.0,1.0,717.8013861344086,717.8013888888889
target_C_nw0.1_rev0.5,43,2024-2025,nhsn_rsv_admissions,417,0.0,1.0,10.827336655850239,10.827338129496402
target_C_nw0.1_rev0.5,43,2024-2025,nssp_covid_proportion,1456,0.006226834375411272,0.0,0.0028848427039290304,0.007366414861540501
target_C_nw0.1_rev0.5,43,2024-2025,nssp_flu_proportion,832,0.004236412118189037,0.0,0.009615739770171015,0.019167668313754733
target_C_nw0.1_rev0.5,43,2024-2025,nssp_rsv_proportion,676,0.001334452157607302,0.0,0.0019909105544226842,0.0035421597803980747
target_C_nw0.1_rev0.5,44,2023-2024,nhsn_covid_admissions,1344,0.0,1.0,665.4620534035618,665.4620535714286
target_C_nw0.1_rev0.5,44,2023-2024,nhsn_flu_admissions,988,0.0,1.0,301.19331432730155,301.19331983805665
target_C_nw0.1_rev0.5,44,2023-2024,nhsn_rsv_admissions,548,0.0,1.0,3.054740863879699,3.0547445255474455
target_C_nw0.1_rev0.5,44,2023-2024,nssp_covid_proportion,728,0.005087291821837425,0.0,0.0059350147307018885,0.014003021995809472
target_C_nw0.1_rev0.5,44,2023-2024,nssp_flu_proportion,416,0.003820963785983622,0.0,0.00250194210191414,0.003901442311206875
target_C_nw0.1_rev0.5,44,2023-2024,nssp_rsv_proportion,416,0.0007742798916297033,0.0,0.0024430330935012114,0.002962500006805595
target_C_nw0.1_rev0.5,44,2025-2026,nhsn_covid_admissions,1352,0.0,1.0,193.29733483422717,193.2973372781065
target_C_nw0.1_rev0.5,44,2025-2026,nhsn_flu_admissions,1196,0.0,1.0,391.5919594218086,391.59197324414714
target_C_nw0.1_rev0.5,44,2025-2026,nhsn_rsv_admissions,936,0.0,1.0,143.2414522032053,143.241452991453
target_C_nw0.1_rev0.5,44,2025-2026,nssp_covid_proportion,728,0.009106680285185575,0.0,0.003475079423818957,0.005690384626507364
target_C_nw0.1_rev0.5,44,2025-2026,nssp_flu_proportion,416,0.0033825004938989878,0.0,0.0024376501101659623,0.0011764423073215697
target_C_nw0.1_rev0.5,44,2025-2026,nssp_rsv_proportion,624,0.0010965382098220289,0.0,0.001080940680857076,0.0020322115394894634
target_C_nw0.1_rev0.5,44,2024-2025,nhsn_covid_admissions,1338,0.0,1.0,280.9514186463535,280.95142002989536
target_C_nw0.1_rev0.5,44,2024-2025,nhsn_flu_admissions,1294,0.0,1.0,388.92271733526826,388.9227202472952
target_C_nw0.1_rev0.5,44,2024-2025,nhsn_rsv_admissions,832,0.0,1.0,160.39903821275158,160.39903846153845
target_C_nw0.1_rev0.5,44,2024-2025,nssp_covid_proportion,728,0.006231336039490998,0.0,0.004249012088361529,0.010165934095281985
target_C_nw0.1_rev0.5,44,2024-2025,nssp_flu_proportion,416,0.0027020665002055466,0.0,0.001613281858296362,0.0015105769316330854
target_C_nw0.1_rev0.5,44,2024-2025,nssp_rsv_proportion,624,0.0010537739435676485,0.0,0.0010526372123958704,0.0016443910249924953
target_C_nw0.1_rev0.5,45,2023-2024,nhsn_covid_admissions,622,0.0,1.0,604.7443728922796,604.7443729903537
target_C_nw0.1_rev0.5,45,2023-2024,nhsn_flu_admissions,412,0.0,1.0,262.94174276849014,262.94174757281553
target_C_nw0.1_rev0.5,45,2023-2024,nhsn_rsv_admissions,326,0.0,1.0,6.874229888973105,6.874233128834356
target_C_nw0.1_rev0.5,45,2023-2024,nssp_covid_proportion,728,0.006003952352330089,0.0,0.006674912620967787,0.014096153857650819
target_C_nw0.1_rev0.5,45,2023-2024,nssp_flu_proportion,1456,0.004237043554894626,0.0,0.009317274153015734,0.011986813194443339
target_C_nw0.1_rev0.5,45,2023-2024,nssp_rsv_proportion,728,0.0007006428058957681,0.0,0.002564224766431905,0.003015934065093301
target_C_nw0.1_rev0.5,45,2025-2026,nhsn_covid_admissions,624,0.0,1.0,138.65063871915592,138.65064102564102
target_C_nw0.1_rev0.5,45,2025-2026,nhsn_flu_admissions,520,0.0,1.0,352.42883629311626,352.42884615384617
target_C_nw0.1_rev0.5,45,2025-2026,nhsn_rsv_admissions,780,0.0,1.0,89.8871780956164,89.88717948717948
target_C_nw0.1_rev0.5,45,2025-2026,nssp_covid_proportion,728,0.007257020333781838,0.0,0.002781393938206308,0.006031043967765812
target_C_nw0.1_rev0.5,45,2025-2026,nssp_flu_proportion,1456,0.004220222239382565,0.0,0.008291825643692182,0.010478365410203328
target_C_nw0.1_rev0.5,45,2025-2026,nssp_rsv_proportion,1144,0.0014109541370999068,0.0,0.0012565403443392182,0.0023504370662452015
target_C_nw0.1_rev0.5,45,2024-2025,nhsn_covid_admissions,624,0.0,1.0,310.512820227597,310.5128205128205
target_C_nw0.1_rev0.5,45,2024-2025,nhsn_flu_admissions,520,0.0,1.0,320.3807672453165,320.3807692307692
target_C_nw0.1_rev0.5,45,2024-2025,nhsn_rsv_admissions,726,0.0,1.0,135.5165283374954,135.51652892561984
target_C_nw0.1_rev0.5,45,2024-2025,nssp_covid_proportion,728,0.008315546903759241,0.0,0.003934069872599678,0.010668269265107274
target_C_nw0.1_rev0.5,45,2024-2025,nssp_flu_proportion,1456,0.004464750876650214,0.0,0.013524926592433805,0.015565041257114888
target_C_nw0.1_rev0.5,45,2024-2025,nssp_rsv_proportion,1144,0.0011117041285615414,0.0,0.0022229260915279866,0.00261354895980088
target_C_nw0.1_rev0.5,46,2023-2024,nhsn_covid_admissions,728,0.0,1.0,454.39010964922954,454.3901098901099
target_C_nw0.1_rev0.5,46,2023-2024,nhsn_flu_admissions,722,0.0,1.0,310.05262187386376,310.05263157894734
target_C_nw0.1_rev0.5,46,2023-2024,nhsn_rsv_admissions,471,0.0,1.0,4.331207922479716,4.3312101910828025
target_C_nw0.1_rev0.5,46,2023-2024,nssp_covid_proportion,1248,0.0045965504832565784,0.0,0.007811500772545397,0.01256362181942304
target_C_nw0.1_rev0.5,46,2023-2024,nssp_flu_proportion,832,0.0037305536679923534,0.0,0.013529195975759368,0.018070673110121158
target_C_nw0.1_rev0.5,46,2023-2024,nssp_rsv_proportion,312,0.0010065918322652578,0.0,0.005025675718011021,0.006981410292446992
target_C_nw0.1_rev0.5,46,2025-2026,nhsn_covid_admissions,936,0.0,1.0,124.6677311407215,124.66773504273505
target_C_nw0.1_rev0.5,46,2025-2026,nhsn_flu_admissions,832,0.0,1.0,247.37018411572032,247.37019230769232
target_C_nw0.1_rev0.5,46,2025-2026,nhsn_rsv_admissions,988,0.0,1.0,115.43825785108336,115.43825910931174
target_C_nw0.1_rev0.5,46,2025-2026,nssp_covid_proportion,1248,0.010214496171101928,0.0,0.005298063032219384,0.005047916683347116
target_C_nw0.1_rev0.5,46,2025-2026,nssp_flu_proportion,936,0.006832246668636799,0.0,0.012837750348955882,0.022544764999888414
target_C_nw0.1_rev0.5,46,2025-2026,nssp_rsv_proportion,416,0.0009867784974630922,0.0,0.00159416378073729,0.0020341346192498558
target_C_nw0.1_rev0.5,46,2024-2025,nhsn_covid_admissions,825,0.0,1.0,207.2642389918361,207.2642424242424
target_C_nw0.1_rev0.5,46,2024-2025,nhsn_flu_admissions,828,0.0,1.0,245.8152137788907,245.81521739130434
target_C_nw0.1_rev0.5,46,2024-2025,nhsn_rsv_admissions,908,0.0,1.0,160.3160788421313,160.3160792951542
target_C_nw0.1_rev0.5,46,2024-2025,nssp_covid_proportion,1248,0.005000666715204716,0.0,0.0042586419829790546,0.00927676284654575
target_C_nw0.1_rev0.5,46,2024-2025,nssp_flu_proportion,936,0.004377889214083552,0.0,0.023441909310069883,0.02727884621194051
target_C_nw0.1_rev0.5,46,2024-2025,nssp_rsv_proportion,416,0.001037427398841828,0.0,0.001427674244618734,0.0030223557772527643
target_two_nw0.2_rev0.5,42,2023-2024,nhsn_covid_admissions,724,53.0,0.0,393.2861845384645,601.9364640883978
target_two_nw0.2_rev0.5,42,2023-2024,nhsn_flu_admissions,624,26.0,0.003205128205128205,103.49082611366295,153.83653846153845
target_two_nw0.2_rev0.5,42,2023-2024,nhsn_rsv_admissions,225,4.0,0.3377777777777778,40.1902923410056,0.8977777777777778
target_two_nw0.2_rev0.5,42,2023-2024,nssp_covid_proportion,1196,0.003563083417247981,0.0,0.013936222257274323,0.01892633783303195
target_two_nw0.2_rev0.5,42,2023-2024,nssp_flu_proportion,936,0.006540694506838918,0.0,0.008581359259807915,0.013242735043449156
target_two_nw0.2_rev0.5,42,2023-2024,nssp_rsv_proportion,676,0.005144403199665248,0.0,0.0030982853979001114,0.0044974852158411955
target_two_nw0.2_rev0.5,42,2025-2026,nhsn_covid_admissions,832,3.0,0.2764423076923077,150.24079963699995,180.59254807692307
target_two_nw0.2_rev0.5,42,2025-2026,nhsn_flu_admissions,624,1.0,0.4519230769230769,133.19154563476377,141.8573717948718
target_two_nw0.2_rev0.5,42,2025-2026,nhsn_rsv_admissions,624,1.0,0.4375,62.77708572972257,71.63461538461539
target_two_nw0.2_rev0.5,42,2025-2026,nssp_covid_proportion,1196,0.006149458815343678,0.0,0.0024665986585086616,0.005390301011963148
target_two_nw0.2_rev0.5,42,2025-2026,nssp_flu_proportion,1040,0.01626389054581523,0.0,0.008386031589067828,0.01565807695525599
target_two_nw0.2_rev0.5,42,2025-2026,nssp_rsv_proportion,936,0.0013018888130318373,0.0,0.0016098381060783917,0.0025377136766747623
target_two_nw0.2_rev0.5,42,2024-2025,nhsn_covid_admissions,819,75.0,0.004884004884004884,86.56310076140076,243.33089133089132
target_two_nw0.2_rev0.5,42,2024-2025,nhsn_flu_admissions,720,19.0,0.058333333333333334,164.42921040338567,279.3638888888889
target_two_nw0.2_rev0.5,42,2024-2025,nhsn_rsv_admissions,565,0.0,0.7911504424778761,50.305614479293574,51.766371681415926
target_two_nw0.2_rev0.5,42,2024-2025,nssp_covid_proportion,1196,0.0031502561760134995,0.0,0.004377392333438527,0.008698745842341312
target_two_nw0.2_rev0.5,42,2024-2025,nssp_flu_proportion,1040,0.0001767303801898379,0.0,0.017642599185238885,0.0178285577713513
target_two_nw0.2_rev0.5,42,2024-2025,nssp_rsv_proportion,832,0.00203831575345248,0.0,0.0015631218648326677,0.0032278846226920276
target_two_nw0.2_rev0.5,43,2023-2024,nhsn_covid_admissions,1038,59.0,0.0,468.6485860969634,729.5626204238921
target_two_nw0.2_rev0.5,43,2023-2024,nhsn_flu_admissions,620,32.0,0.0,64.01541764688108,179.32258064516128
target_two_nw0.2_rev0.5,43,2023-2024,nhsn_rsv_admissions,60,23.0,0.016666666666666666,102.8746135721604,6.816666666666666
target_two_nw0.2_rev0.5,43,2023-2024,nssp_covid_proportion,1456,0.004944701679050922,0.0,0.005509247549695659,0.012973557718166606
target_two_nw0.2_rev0.5,43,2023-2024,nssp_flu_proportion,520,0.013994611101225019,0.0,0.009756731675700464,0.020287115407182473
target_two_nw0.2_rev0.5,43,2023-2024,nssp_rsv_proportion,416,1.6081793546618428e-05,0.0,0.0033348760200099673,0.003356249996159022
target_two_nw0.2_rev0.5,43,2025-2026,nhsn_covid_admissions,1040,39.0,0.0038461538461538464,59.14651408785811,200.36826923076924
target_two_nw0.2_rev0.5,43,2025-2026,nhsn_flu_admissions,676,15.5,0.1390532544378698,126.20634548598073,284.5044378698225
target_two_nw0.2_rev0.5,43,2025-2026,nhsn_rsv_admissions,624,0.0,0.9919871794871795,18.585527406585662,18.610576923076923
target_two_nw0.2_rev0.5,43,2025-2026,nssp_covid_proportion,1456,0.001902290532598272,0.0,0.0025021060878666155,0.0038309752875558024
target_two_nw0.2_rev0.5,43,2025-2026,nssp_flu_proportion,728,0.004817094071768224,0.0,0.005380206311471469,0.01193186817958981
target_two_nw0.2_rev0.5,43,2025-2026,nssp_rsv_proportion,676,0.0002887023802031763,0.0,0.0016121286823858444,0.0024693787024353325
target_two_nw0.2_rev0.5,43,2024-2025,nhsn_covid_admissions,1031,37.0,0.0038797284190106693,168.08607344518694,344.6973811833172
target_two_nw0.2_rev0.5,43,2024-2025,nhsn_flu_admissions,720,14.0,0.002777777777777778,744.5904719986022,717.8013888888889
target_two_nw0.2_rev0.5,43,2024-2025,nhsn_rsv_admissions,417,0.0,0.9256594724220624,10.6576241652718,10.827338129496402
target_two_nw0.2_rev0.5,43,2024-2025,nssp_covid_proportion,1456,0.004517739755101502,0.0,0.0026591234660312754,0.007366414861540501
target_two_nw0.2_rev0.5,43,2024-2025,nssp_flu_proportion,832,0.013487090822309256,0.0,0.011010648468212682,0.019167668313754733
target_two_nw0.2_rev0.5,43,2024-2025,nssp_rsv_proportion,676,0.0006108035013312474,0.0,0.0016236067499233572,0.0035421597803980747
target_two_nw0.2_rev0.5,44,2023-2024,nhsn_covid_admissions,1344,81.0,0.0,308.5940528722657,665.4620535714286
target_two_nw0.2_rev0.5,44,2023-2024,nhsn_flu_admissions,988,234.0,0.008097165991902834,1101.4074257248599,301.19331983805665
target_two_nw0.2_rev0.5,44,2023-2024,nhsn_rsv_admissions,548,0.0,0.5091240875912408,8.30131242897495,3.0547445255474455
target_two_nw0.2_rev0.5,44,2023-2024,nssp_covid_proportion,728,0.0006136871670605615,0.0,0.010811978876737847,0.014003021995809472
target_two_nw0.2_rev0.5,44,2023-2024,nssp_flu_proportion,416,0.01845251675695181,0.0,0.011398126212777871,0.003901442311206875
target_two_nw0.2_rev0.5,44,2023-2024,nssp_rsv_proportion,416,0.0005069249600637704,0.0,0.0026013032459345073,0.002962500006805595
target_two_nw0.2_rev0.5,44,2025-2026,nhsn_covid_admissions,1352,46.0,0.0,37.65109478494913,193.2973372781065
target_two_nw0.2_rev0.5,44,2025-2026,nhsn_flu_admissions,1196,28.0,0.014214046822742474,235.60518999272853,391.59197324414714
target_two_nw0.2_rev0.5,44,2025-2026,nhsn_rsv_admissions,936,0.0,1.0,143.23353999775313,143.241452991453
target_two_nw0.2_rev0.5,44,2025-2026,nssp_covid_proportion,728,0.010959273437038064,0.0,0.004474889506537283,0.005690384626507364
target_two_nw0.2_rev0.5,44,2025-2026,nssp_flu_proportion,416,0.001684260496404022,0.0,0.0018085858718432763,0.0011764423073215697
target_two_nw0.2_rev0.5,44,2025-2026,nssp_rsv_proportion,624,0.0002189549595641438,0.0,0.001191701893562006,0.0020322115394894634
target_two_nw0.2_rev0.5,44,2024-2025,nhsn_covid_admissions,1338,58.0,0.0014947683109118087,84.36368955841068,280.95142002989536
target_two_nw0.2_rev0.5,44,2024-2025,nhsn_flu_admissions,1294,7.0,0.05641421947449768,329.3376471303962,388.9227202472952
target_two_nw0.2_rev0.5,44,2024-2025,nhsn_rsv_admissions,832,0.0,1.0,160.39817542276225,160.39903846153845
target_two_nw0.2_rev0.5,44,2024-2025,nssp_covid_proportion,728,0.0071168572176247835,0.0,0.004212059677549085,0.010165934095281985
target_two_nw0.2_rev0.5,44,2024-2025,nssp_flu_proportion,416,0.0017764483345672488,0.0,0.0009276188739022473,0.0015105769316330854
target_two_nw0.2_rev0.5,44,2024-2025,nssp_rsv_proportion,624,0.0003887657876475714,0.0,0.00083462954117481,0.0016443910249924953
target_two_nw0.2_rev0.5,45,2023-2024,nhsn_covid_admissions,622,46.0,0.0,442.18247843344494,604.7443729903537
target_two_nw0.2_rev0.5,45,2023-2024,nhsn_flu_admissions,412,8.0,0.04611650485436893,224.2233710505466,262.94174757281553
target_two_nw0.2_rev0.5,45,2023-2024,nhsn_rsv_admissions,326,91.5,0.009202453987730062,750.4175880411126,6.874233128834356
target_two_nw0.2_rev0.5,45,2023-2024,nssp_covid_proportion,728,0.006693052710033953,0.0,0.005686830375362751,0.014096153857650819
target_two_nw0.2_rev0.5,45,2023-2024,nssp_flu_proportion,1456,0.008494061417877674,0.0,0.009769946552906122,0.011986813194443339
target_two_nw0.2_rev0.5,45,2023-2024,nssp_rsv_proportion,728,1.1023917295460706e-05,0.0,0.0029988789525557395,0.003015934065093301
target_two_nw0.2_rev0.5,45,2025-2026,nhsn_covid_admissions,624,15.0,0.038461538461538464,56.60095871727054,138.65064102564102
target_two_nw0.2_rev0.5,45,2025-2026,nhsn_flu_admissions,520,12.0,0.18846153846153846,104.80017548397255,352.42884615384617
target_two_nw0.2_rev0.5,45,2025-2026,nhsn_rsv_admissions,780,0.0,0.9846153846153847,89.78675167688587,89.88717948717948
target_two_nw0.2_rev0.5,45,2025-2026,nssp_covid_proportion,728,0.001292264845687896,0.0,0.003956809768519283,0.006031043967765812
target_two_nw0.2_rev0.5,45,2025-2026,nssp_flu_proportion,1456,0.0032490688608959317,0.0,0.0036439531729259185,0.010478365410203328
target_two_nw0.2_rev0.5,45,2025-2026,nssp_rsv_proportion,1144,0.0006597350438823923,0.0,0.0012518379784654241,0.0023504370662452015
target_two_nw0.2_rev0.5,45,2024-2025,nhsn_covid_admissions,624,74.0,0.009615384615384616,136.55632961875736,310.5128205128205
target_two_nw0.2_rev0.5,45,2024-2025,nhsn_flu_admissions,520,22.0,0.0038461538461538464,136.35970258967808,320.3807692307692
target_two_nw0.2_rev0.5,45,2024-2025,nhsn_rsv_admissions,726,0.0,0.9944903581267218,135.49390431634654,135.51652892561984
target_two_nw0.2_rev0.5,45,2024-2025,nssp_covid_proportion,728,0.003946904093027115,0.0,0.0056616014402067405,0.010668269265107274
target_two_nw0.2_rev0.5,45,2024-2025,nssp_flu_proportion,1456,0.011112122563645244,0.0,0.013563053180445383,0.015565041257114888
target_two_nw0.2_rev0.5,45,2024-2025,nssp_rsv_proportion,1144,0.0005070301122032106,0.0,0.0011990366248804227,0.00261354895980088
target_two_nw0.2_rev0.5,46,2023-2024,nhsn_covid_admissions,728,56.0,0.0,240.254361140204,454.3901098901099
target_two_nw0.2_rev0.5,46,2023-2024,nhsn_flu_admissions,722,44.0,0.002770083102493075,67.5457948848729,310.05263157894734
target_two_nw0.2_rev0.5,46,2023-2024,nhsn_rsv_admissions,471,28.0,0.09978768577494693,140.91941417042378,4.3312101910828025
target_two_nw0.2_rev0.5,46,2023-2024,nssp_covid_proportion,1248,0.005032069981098175,0.0,0.005809097708291889,0.01256362181942304
target_two_nw0.2_rev0.5,46,2023-2024,nssp_flu_proportion,832,0.013600024860352278,0.0,0.011197570188519771,0.018070673110121158
target_two_nw0.2_rev0.5,46,2023-2024,nssp_rsv_proportion,312,0.0012918724096380174,0.0,0.005574964052730371,0.006981410292446992
target_two_nw0.2_rev0.5,46,2025-2026,nhsn_covid_admissions,936,14.0,0.03418803418803419,52.7150440631498,124.66773504273505
target_two_nw0.2_rev0.5,46,2025-2026,nhsn_flu_admissions,832,4.0,0.2644230769230769,72.95275406535838,247.37019230769232
target_two_nw0.2_rev0.5,46,2025-2026,nhsn_rsv_admissions,988,3.0,0.22975708502024292,93.82681404632,115.43825910931174
target_two_nw0.2_rev0.5,46,2025-2026,nssp_covid_proportion,1248,0.008570852922275662,0.0,0.004723246823955261,0.005047916683347116
target_two_nw0.2_rev0.5,46,2025-2026,nssp_flu_proportion,936,0.006465707090683281,0.0,0.012704889390623331,0.022544764999888414
target_two_nw0.2_rev0.5,46,2025-2026,nssp_rsv_proportion,416,0.00021228584591881372,0.0,0.0015720539911224197,0.0020341346192498558
target_two_nw0.2_rev0.5,46,2024-2025,nhsn_covid_admissions,825,36.0,0.007272727272727273,79.09022650090131,207.2642424242424
target_two_nw0.2_rev0.5,46,2024-2025,nhsn_flu_admissions,828,24.0,0.0,175.1252324519508,245.81521739130434
target_two_nw0.2_rev0.5,46,2024-2025,nhsn_rsv_admissions,908,2.0,0.35462555066079293,151.20212719786352,160.3160792951542
target_two_nw0.2_rev0.5,46,2024-2025,nssp_covid_proportion,1248,0.010155206080526114,0.0,0.0037634997690288285,0.00927676284654575
target_two_nw0.2_rev0.5,46,2024-2025,nssp_flu_proportion,936,0.005951144266873598,0.0,0.02297768920520594,0.02727884621194051
target_two_nw0.2_rev0.5,46,2024-2025,nssp_rsv_proportion,416,0.0006405528401955962,0.0,0.0016973096432611084,0.0030223557772527643
target_two_nw0.1_rev0,42,2023-2024,nhsn_covid_admissions,724,77.5,0.0,389.2497446110565,601.9364640883978
target_two_nw0.1_rev0,42,2023-2024,nhsn_flu_admissions,624,34.0,0.0,55.38020619107649,153.83653846153845
target_two_nw0.1_rev0,42,2023-2024,nhsn_rsv_admissions,225,0.0,0.9377777777777778,0.8485826630243274,0.8977777777777778
target_two_nw0.1_rev0,42,2023-2024,nssp_covid_proportion,1196,0.0019561065710149705,0.0,0.0155686510780564,0.01892633783303195
target_two_nw0.1_rev0,42,2023-2024,nssp_flu_proportion,936,0.0198961878195405,0.0,0.011375305491905874,0.013242735043449156
target_two_nw0.1_rev0,42,2023-2024,nssp_rsv_proportion,676,0.0036662990460172296,0.0,0.002731017656380637,0.0044974852158411955
target_two_nw0.1_rev0,42,2025-2026,nhsn_covid_admissions,832,36.0,0.02283653846153846,78.86097568012057,180.59254807692307
target_two_nw0.1_rev0,42,2025-2026,nhsn_flu_admissions,624,45.0,0.05128205128205128,119.86342063224994,141.8573717948718
target_two_nw0.1_rev0,42,2025-2026,nhsn_rsv_admissions,624,1.0,0.39903846153846156,64.88126156344846,71.63461538461539
target_two_nw0.1_rev0,42,2025-2026,nssp_covid_proportion,1196,0.006913726683706045,0.0,0.0027707752298714006,0.005390301011963148
target_two_nw0.1_rev0,42,2025-2026,nssp_flu_proportion,1040,0.010062452172860503,0.0,0.006213682517829091,0.01565807695525599
target_two_nw0.1_rev0,42,2025-2026,nssp_rsv_proportion,936,0.0008263618365162984,0.0,0.0015244496483933483,0.0025377136766747623
target_two_nw0.1_rev0,42,2024-2025,nhsn_covid_admissions,819,45.0,0.007326007326007326,82.95500290757717,243.33089133089132
target_two_nw0.1_rev0,42,2024-2025,nhsn_flu_admissions,720,12.5,0.09722222222222222,173.37310599698944,279.3638888888889
target_two_nw0.1_rev0,42,2024-2025,nhsn_rsv_admissions,565,0.0,0.6672566371681415,53.070829703538486,51.766371681415926
target_two_nw0.1_rev0,42,2024-2025,nssp_covid_proportion,1196,0.004803086863830686,0.0,0.00371608202889103,0.008698745842341312
target_two_nw0.1_rev0,42,2024-2025,nssp_flu_proportion,1040,0.0004025047965114936,0.0,0.017507002505055005,0.0178285577713513
target_two_nw0.1_rev0,42,2024-2025,nssp_rsv_proportion,832,0.0014498155505862087,0.0,0.0019095900674502586,0.0032278846226920276
target_two_nw0.1_rev0,43,2023-2024,nhsn_covid_admissions,1038,84.0,0.0,421.9351065096828,729.5626204238921
target_two_nw0.1_rev0,43,2023-2024,nhsn_flu_admissions,620,35.0,0.004838709677419355,82.89041095467344,179.32258064516128
target_two_nw0.1_rev0,43,2023-2024,nhsn_rsv_admissions,60,144.5,0.0,703.1682604213555,6.816666666666666
target_two_nw0.1_rev0,43,2023-2024,nssp_covid_proportion,1456,0.005424128961749375,0.0,0.005408786755471917,0.012973557718166606
target_two_nw0.1_rev0,43,2023-2024,nssp_flu_proportion,520,0.013729456113651395,0.0,0.00974107122800398,0.020287115407182473
target_two_nw0.1_rev0,43,2023-2024,nssp_rsv_proportion,416,0.004742444260045886,0.0,0.0018881590275178985,0.003356249996159022
target_two_nw0.1_rev0,43,2025-2026,nhsn_covid_admissions,1040,61.0,0.0,78.03464962501938,200.36826923076924
target_two_nw0.1_rev0,43,2025-2026,nhsn_flu_admissions,676,1.0,0.46005917159763315,125.91240478154054,284.5044378698225
target_two_nw0.1_rev0,43,2025-2026,nhsn_rsv_admissions,624,2.0,0.22435897435897437,31.677389934133643,18.610576923076923
target_two_nw0.1_rev0,43,2025-2026,nssp_covid_proportion,1456,0.002717859868425876,0.0,0.002387893258963351,0.0038309752875558024
target_two_nw0.1_rev0,43,2025-2026,nssp_flu_proportion,728,0.005197984864935279,0.0,0.004461600336201498,0.01193186817958981
target_two_nw0.1_rev0,43,2025-2026,nssp_rsv_proportion,676,0.0006354602082865313,0.0,0.0021723341284146124,0.0024693787024353325
target_two_nw0.1_rev0,43,2024-2025,nhsn_covid_admissions,1031,75.0,0.0019398642095053346,155.84035075300534,344.6973811833172
target_two_nw0.1_rev0,43,2024-2025,nhsn_flu_admissions,720,3.0,0.04583333333333333,708.9163428598808,717.8013888888889
target_two_nw0.1_rev0,43,2024-2025,nhsn_rsv_admissions,417,0.0,0.9712230215827338,10.75477860366156,10.827338129496402
target_two_nw0.1_rev0,43,2024-2025,nssp_covid_proportion,1456,0.002253722050227225,0.0,0.003166099660150364,0.007366414861540501
target_two_nw0.1_rev0,43,2024-2025,nssp_flu_proportion,832,0.009432044345885515,0.0,0.014609984086116757,0.019167668313754733
target_two_nw0.1_rev0,43,2024-2025,nssp_rsv_proportion,676,0.0004594998754328117,0.0,0.001947853542479827,0.0035421597803980747
target_two_nw0.1_rev0,44,2023-2024,nhsn_covid_admissions,1344,41.0,0.0,474.3259171538853,665.4620535714286
target_two_nw0.1_rev0,44,2023-2024,nhsn_flu_admissions,988,26.0,0.012145748987854251,184.38995742508652,301.19331983805665
target_two_nw0.1_rev0,44,2023-2024,nhsn_rsv_admissions,548,17.0,0.03832116788321168,144.07620875400076,3.0547445255474455
target_two_nw0.1_rev0,44,2023-2024,nssp_covid_proportion,728,0.001024846627842635,0.0,0.010178837061395605,0.014003021995809472
target_two_nw0.1_rev0,44,2023-2024,nssp_flu_proportion,416,0.020652464125305414,0.0,0.014076679470900463,0.003901442311206875
target_two_nw0.1_rev0,44,2023-2024,nssp_rsv_proportion,416,0.0022928357357159257,0.0,0.0027138987485998836,0.002962500006805595
target_two_nw0.1_rev0,44,2025-2026,nhsn_covid_admissions,1352,40.0,0.008875739644970414,79.05374504150768,193.2973372781065
target_two_nw0.1_rev0,44,2025-2026,nhsn_flu_admissions,1196,8.0,0.3219063545150502,335.7125508526689,391.59197324414714
target_two_nw0.1_rev0,44,2025-2026,nhsn_rsv_admissions,936,0.0,0.7008547008547008,142.19516864262854,143.241452991453
target_two_nw0.1_rev0,44,2025-2026,nssp_covid_proportion,728,0.010091042378917336,0.0,0.00363661847950425,0.005690384626507364
target_two_nw0.1_rev0,44,2025-2026,nssp_flu_proportion,416,0.002822660084348172,0.0,0.00242517370322905,0.0011764423073215697
target_two_nw0.1_rev0,44,2025-2026,nssp_rsv_proportion,624,0.00019886527661583386,0.0,0.0012014134946557765,0.0020322115394894634
target_two_nw0.1_rev0,44,2024-2025,nhsn_covid_admissions,1338,81.0,0.0014947683109118087,103.67714500926179,280.95142002989536
target_two_nw0.1_rev0,44,2024-2025,nhsn_flu_admissions,1294,16.0,0.00463678516228748,291.2736055268179,388.9227202472952
target_two_nw0.1_rev0,44,2024-2025,nhsn_rsv_admissions,832,2.0,0.27403846153846156,147.73877440246667,160.39903846153845
target_two_nw0.1_rev0,44,2024-2025,nssp_covid_proportion,728,0.00504741829354316,0.0,0.004174988139321603,0.010165934095281985
target_two_nw0.1_rev0,44,2024-2025,nssp_flu_proportion,416,0.001793084986275062,0.0,0.0010513604669575636,0.0015105769316330854
target_two_nw0.1_rev0,44,2024-2025,nssp_rsv_proportion,624,0.0004700770296039991,0.0,0.0007363990087539535,0.0016443910249924953
target_two_nw0.1_rev0,45,2023-2024,nhsn_covid_admissions,622,64.5,0.0,412.96512889555413,604.7443729903537
target_two_nw0.1_rev0,45,2023-2024,nhsn_flu_admissions,412,79.5,0.13592233009708737,192.682386393053,262.94174757281553
target_two_nw0.1_rev0,45,2023-2024,nhsn_rsv_admissions,326,5.0,0.08282208588957055,15.486758149451822,6.874233128834356
target_two_nw0.1_rev0,45,2023-2024,nssp_covid_proportion,728,0.003266206127591431,0.0,0.008157697978626506,0.014096153857650819
target_two_nw0.1_rev0,45,2023-2024,nssp_flu_proportion,1456,0.010221346281468868,0.0,0.008681179985979814,0.011986813194443339
target_two_nw0.1_rev0,45,2023-2024,nssp_rsv_proportion,728,1.4185933196131373e-05,0.0,0.002996741676803005,0.003015934065093301
target_two_nw0.1_rev0,45,2025-2026,nhsn_covid_admissions,624,114.0,0.0,206.2624697343279,138.65064102564102
target_two_nw0.1_rev0,45,2025-2026,nhsn_flu_admissions,520,43.5,0.0038461538461538464,240.3898210747024,352.42884615384617
target_two_nw0.1_rev0,45,2025-2026,nhsn_rsv_admissions,780,1.0,0.28205128205128205,74.39252470754182,89.88717948717948
target_two_nw0.1_rev0,45,2025-2026,nssp_covid_proportion,728,0.009193971520289779,0.0,0.0028125851753789542,0.006031043967765812
target_two_nw0.1_rev0,45,2025-2026,nssp_flu_proportion,1456,0.004185734083876014,0.0,0.0036942246738013076,0.010478365410203328
target_two_nw0.1_rev0,45,2025-2026,nssp_rsv_proportion,1144,0.00042478325485717505,0.0,0.001578813184136112,0.0023504370662452015
target_two_nw0.1_rev0,45,2024-2025,nhsn_covid_admissions,624,75.0,0.003205128205128205,63.60801111524686,310.5128205128205
target_two_nw0.1_rev0,45,2024-2025,nhsn_flu_admissions,520,10.0,0.023076923076923078,232.38743275176876,320.3807692307692
target_two_nw0.1_rev0,45,2024-2025,nhsn_rsv_admissions,726,0.0,0.9972451790633609,135.4890320019253,135.51652892561984
target_two_nw0.1_rev0,45,2024-2025,nssp_covid_proportion,728,0.004652302712202072,0.0,0.0052028435770857815,0.010668269265107274
target_two_nw0.1_rev0,45,2024-2025,nssp_flu_proportion,1456,0.010285980300977826,0.0,0.013733756521245456,0.015565041257114888
target_two_nw0.1_rev0,45,2024-2025,nssp_rsv_proportion,1144,0.000411717890528962,0.0,0.0013193890999646355,0.00261354895980088
target_two_nw0.1_rev0,46,2023-2024,nhsn_covid_admissions,728,86.5,0.0,181.89125822046464,454.3901098901099
target_two_nw0.1_rev0,46,2023-2024,nhsn_flu_admissions,722,37.5,0.002770083102493075,73.29335877716211,310.05263157894734
target_two_nw0.1_rev0,46,2023-2024,nhsn_rsv_admissions,471,14.0,0.2208067940552017,96.59043757754152,4.3312101910828025
target_two_nw0.1_rev0,46,2023-2024,nssp_covid_proportion,1248,0.005281373276375234,0.0,0.005852936260289892,0.01256362181942304
target_two_nw0.1_rev0,46,2023-2024,nssp_flu_proportion,832,0.018482972867786884,0.0,0.012095663337556918,0.018070673110121158
target_two_nw0.1_rev0,46,2023-2024,nssp_rsv_proportion,312,0.0012672330194618553,0.0,0.005030780224516116,0.006981410292446992
target_two_nw0.1_rev0,46,2025-2026,nhsn_covid_admissions,936,17.0,0.004273504273504274,83.24165557127478,124.66773504273505
target_two_nw0.1_rev0,46,2025-2026,nhsn_flu_admissions,832,21.0,0.12259615384615384,290.4545271866527,247.37019230769232
target_two_nw0.1_rev0,46,2025-2026,nhsn_rsv_admissions,988,4.0,0.36133603238866396,40.440688948277746,115.43825910931174
target_two_nw0.1_rev0,46,2025-2026,nssp_covid_proportion,1248,0.004779168753884733,0.0,0.0026524842152680205,0.005047916683347116
target_two_nw0.1_rev0,46,2025-2026,nssp_flu_proportion,936,0.01180218392983079,0.0,0.01276764812306889,0.022544764999888414
target_two_nw0.1_rev0,46,2025-2026,nssp_rsv_proportion,416,0.000629605827271007,0.0,0.0011639693650959788,0.0020341346192498558
target_two_nw0.1_rev0,46,2024-2025,nhsn_covid_admissions,825,52.0,0.0048484848484848485,92.50779237404014,207.2642424242424
target_two_nw0.1_rev0,46,2024-2025,nhsn_flu_admissions,828,9.5,0.025362318840579712,148.72370672146766,245.81521739130434
target_two_nw0.1_rev0,46,2024-2025,nhsn_rsv_admissions,908,1.5,0.4118942731277533,149.07922301946795,160.3160792951542
target_two_nw0.1_rev0,46,2024-2025,nssp_covid_proportion,1248,0.009327227715402842,0.0,0.00415949454094143,0.00927676284654575
target_two_nw0.1_rev0,46,2024-2025,nssp_flu_proportion,936,0.011073421919718385,0.0,0.01617951070107261,0.02727884621194051
target_two_nw0.1_rev0,46,2024-2025,nssp_rsv_proportion,416,0.0005688546661986038,0.0,0.0017362448790331304,0.0030223557772527643
target_two_nw0.1_rev0.5,42,2023-2024,nhsn_covid_admissions,724,70.0,0.0,364.25689260834486,601.9364640883978
target_two_nw0.1_rev0.5,42,2023-2024,nhsn_flu_admissions,624,17.0,0.0,76.38493558636699,153.83653846153845
target_two_nw0.1_rev0.5,42,2023-2024,nhsn_rsv_admissions,225,7.0,0.24,70.37639686408556,0.8977777777777778
target_two_nw0.1_rev0.5,42,2023-2024,nssp_covid_proportion,1196,0.002850939577911049,0.0,0.014524386800249554,0.01892633783303195
target_two_nw0.1_rev0.5,42,2023-2024,nssp_flu_proportion,936,0.020205486100167036,0.0,0.011293673718441862,0.013242735043449156
target_two_nw0.1_rev0.5,42,2023-2024,nssp_rsv_proportion,676,0.0050268820486962795,0.0,0.0029495164636021737,0.0044974852158411955
target_two_nw0.1_rev0.5,42,2025-2026,nhsn_covid_admissions,832,16.5,0.03125,87.79517000850934,180.59254807692307
target_two_nw0.1_rev0.5,42,2025-2026,nhsn_flu_admissions,624,21.0,0.052884615384615384,46.402978245521155,141.8573717948718
target_two_nw0.1_rev0.5,42,2025-2026,nhsn_rsv_admissions,624,1.5,0.34455128205128205,65.81775576030486,71.63461538461539
target_two_nw0.1_rev0.5,42,2025-2026,nssp_covid_proportion,1196,0.007537930854596198,0.0,0.0030015843055957777,0.005390301011963148
target_two_nw0.1_rev0.5,42,2025-2026,nssp_flu_proportion,1040,0.0042980482103303075,0.0,0.005651637409237782,0.01565807695525599
target_two_nw0.1_rev0.5,42,2025-2026,nssp_rsv_proportion,936,0.0007993866311153397,0.0,0.0015405757405196165,0.0025377136766747623
target_two_nw0.1_rev0.5,42,2024-2025,nhsn_covid_admissions,819,40.0,0.004884004884004884,76.10955954646016,243.33089133089132
target_two_nw0.1_rev0.5,42,2024-2025,nhsn_flu_admissions,720,17.0,0.07222222222222222,164.54778260208874,279.3638888888889
target_two_nw0.1_rev0.5,42,2024-2025,nhsn_rsv_admissions,565,0.0,0.9079646017699115,51.480534206360616,51.766371681415926
target_two_nw0.1_rev0.5,42,2024-2025,nssp_covid_proportion,1196,0.004704306134954095,0.0,0.003768257582500806,0.008698745842341312
target_two_nw0.1_rev0.5,42,2024-2025,nssp_flu_proportion,1040,0.0004023336514364928,0.0,0.017506387818404898,0.0178285577713513
target_two_nw0.1_rev0.5,42,2024-2025,nssp_rsv_proportion,832,0.001649529265705496,0.0,0.001620512792225799,0.0032278846226920276
target_two_nw0.1_rev0.5,43,2023-2024,nhsn_covid_admissions,1038,57.5,0.0,520.8414625484704,729.5626204238921
target_two_nw0.1_rev0.5,43,2023-2024,nhsn_flu_admissions,620,38.0,0.012903225806451613,60.74854915692441,179.32258064516128
target_two_nw0.1_rev0.5,43,2023-2024,nhsn_rsv_admissions,60,45.0,0.0,240.24958715339503,6.816666666666666
target_two_nw0.1_rev0.5,43,2023-2024,nssp_covid_proportion,1456,0.006723667960613966,0.0,0.0053348387324089405,0.012973557718166606
target_two_nw0.1_rev0.5,43,2023-2024,nssp_flu_proportion,520,0.013927564024925232,0.0,0.009742076891584125,0.020287115407182473
target_two_nw0.1_rev0.5,43,2023-2024,nssp_rsv_proportion,416,0.004869812983088195,0.0,0.0016600684627187197,0.003356249996159022
target_two_nw0.1_rev0.5,43,2025-2026,nhsn_covid_admissions,1040,73.5,0.0,101.55221907123924,200.36826923076924
target_two_nw0.1_rev0.5,43,2025-2026,nhsn_flu_admissions,676,17.0,0.04142011834319527,145.34113686711433,284.5044378698225
target_two_nw0.1_rev0.5,43,2025-2026,nhsn_rsv_admissions,624,1.0,0.3157051282051282,16.685091812487464,18.610576923076923
target_two_nw0.1_rev0.5,43,2025-2026,nssp_covid_proportion,1456,0.002705112856347114,0.0,0.0023895354831618356,0.0038309752875558024
target_two_nw0.1_rev0.5,43,2025-2026,nssp_flu_proportion,728,0.0063002570532262325,0.0,0.004959260689827136,0.01193186817958981
target_two_nw0.1_rev0.5,43,2025-2026,nssp_rsv_proportion,676,0.000125742608361179,0.0,0.0015361170376383016,0.0024693787024353325
target_two_nw0.1_rev0.5,43,2024-2025,nhsn_covid_admissions,1031,95.0,0.0019398642095053346,98.92523631589373,344.6973811833172
target_two_nw0.1_rev0.5,43,2024-2025,nhsn_flu_admissions,720,27.0,0.002777777777777778,907.001025046015,717.8013888888889
target_two_nw0.1_rev0.5,43,2024-2025,nhsn_rsv_admissions,417,0.0,1.0,10.817946833031982,10.827338129496402
target_two_nw0.1_rev0.5,43,2024-2025,nssp_covid_proportion,1456,0.002565470291301608,0.0,0.0033371416654747687,0.007366414861540501
target_two_nw0.1_rev0.5,43,2024-2025,nssp_flu_proportion,832,0.009478392545133829,0.0,0.01462748268316388,0.019167668313754733
target_two_nw0.1_rev0.5,43,2024-2025,nssp_rsv_proportion,676,0.0005846215062774718,0.0,0.0016357203804793416,0.0035421597803980747
target_two_nw0.1_rev0.5,44,2023-2024,nhsn_covid_admissions,1344,123.0,0.0,174.52706660121856,665.4620535714286
target_two_nw0.1_rev0.5,44,2023-2024,nhsn_flu_admissions,988,69.0,0.06578947368421052,119.27798807687364,301.19331983805665
target_two_nw0.1_rev0.5,44,2023-2024,nhsn_rsv_admissions,548,8.0,0.177007299270073,108.3489904560964,3.0547445255474455
target_two_nw0.1_rev0.5,44,2023-2024,nssp_covid_proportion,728,0.0011145414027851075,0.0,0.010061838128372124,0.014003021995809472
target_two_nw0.1_rev0.5,44,2023-2024,nssp_flu_proportion,416,0.02066639019176364,0.0,0.014051401882240428,0.003901442311206875
target_two_nw0.1_rev0.5,44,2023-2024,nssp_rsv_proportion,416,0.002836695872247219,0.0,0.002801804325687184,0.002962500006805595
target_two_nw0.1_rev0.5,44,2025-2026,nhsn_covid_admissions,1352,91.0,0.0029585798816568047,188.75585003449586,193.2973372781065
target_two_nw0.1_rev0.5,44,2025-2026,nhsn_flu_admissions,1196,21.0,0.05936454849498328,190.30843024598715,391.59197324414714
target_two_nw0.1_rev0.5,44,2025-2026,nhsn_rsv_admissions,936,4.0,0.10042735042735043,142.5096188527333,143.241452991453
target_two_nw0.1_rev0.5,44,2025-2026,nssp_covid_proportion,728,0.007850443245843053,0.0,0.002751617233306016,0.005690384626507364
target_two_nw0.1_rev0.5,44,2025-2026,nssp_flu_proportion,416,0.002836654195562005,0.0,0.0024412498160018004,0.0011764423073215697
target_two_nw0.1_rev0.5,44,2025-2026,nssp_rsv_proportion,624,0.0001953606042661704,0.0,0.0012160718852421782,0.0020322115394894634
target_two_nw0.1_rev0.5,44,2024-2025,nhsn_covid_admissions,1338,55.0,0.0014947683109118087,98.90089943733273,280.95142002989536
target_two_nw0.1_rev0.5,44,2024-2025,nhsn_flu_admissions,1294,16.0,0.0077279752704791345,282.2866063168966,388.9227202472952
target_two_nw0.1_rev0.5,44,2024-2025,nhsn_rsv_admissions,832,0.0,0.9903846153846154,160.37445433408098,160.39903846153845
target_two_nw0.1_rev0.5,44,2024-2025,nssp_covid_proportion,728,0.005068198428489268,0.0,0.004181740588347356,0.010165934095281985
target_two_nw0.1_rev0.5,44,2024-2025,nssp_flu_proportion,416,0.003814780677203089,0.0,0.0023676232699821973,0.0015105769316330854
target_two_nw0.1_rev0.5,44,2024-2025,nssp_rsv_proportion,624,0.0005321129865478724,0.0,0.0007891632463573236,0.0016443910249924953
target_two_nw0.1_rev0.5,45,2023-2024,nhsn_covid_admissions,622,29.0,0.0,497.7148828164366,604.7443729903537
target_two_nw0.1_rev0.5,45,2023-2024,nhsn_flu_admissions,412,35.0,0.038834951456310676,108.92432302656104,262.94174757281553
target_two_nw0.1_rev0.5,45,2023-2024,nhsn_rsv_admissions,326,7.0,0.2607361963190184,42.55021672310848,6.874233128834356
target_two_nw0.1_rev0.5,45,2023-2024,nssp_covid_proportion,728,0.0025351708754897118,0.0,0.008794156087698046,0.014096153857650819
target_two_nw0.1_rev0.5,45,2023-2024,nssp_flu_proportion,1456,0.008988508256152272,0.0,0.010229860550375483,0.011986813194443339
target_two_nw0.1_rev0.5,45,2023-2024,nssp_rsv_proportion,728,2.83704066532664e-05,0.0,0.0029823270664387515,0.003015934065093301
target_two_nw0.1_rev0.5,45,2025-2026,nhsn_covid_admissions,624,52.0,0.0,102.47791760978409,138.65064102564102
target_two_nw0.1_rev0.5,45,2025-2026,nhsn_flu_admissions,520,43.0,0.007692307692307693,112.23812722788693,352.42884615384617
target_two_nw0.1_rev0.5,45,2025-2026,nhsn_rsv_admissions,780,0.0,0.9807692307692307,89.81094872782634,89.88717948717948
target_two_nw0.1_rev0.5,45,2025-2026,nssp_covid_proportion,728,0.009419381152838469,0.0,0.0028962427392028845,0.006031043967765812
target_two_nw0.1_rev0.5,45,2025-2026,nssp_flu_proportion,1456,0.0026569119072519243,0.0,0.003885221384979769,0.010478365410203328
target_two_nw0.1_rev0.5,45,2025-2026,nssp_rsv_proportion,1144,0.00042915921221720055,0.0,0.0015833227193216624,0.0023504370662452015
target_two_nw0.1_rev0.5,45,2024-2025,nhsn_covid_admissions,624,12.0,0.03685897435897436,231.349870560643,310.5128205128205
target_two_nw0.1_rev0.5,45,2024-2025,nhsn_flu_admissions,520,6.0,0.05,249.45036294918077,320.3807692307692
target_two_nw0.1_rev0.5,45,2024-2025,nhsn_rsv_admissions,726,3.0,0.2741046831955923,110.61463532750636,135.51652892561984
target_two_nw0.1_rev0.5,45,2024-2025,nssp_covid_proportion,728,0.004245547112077475,0.0,0.0054597167127412635,0.010668269265107274
target_two_nw0.1_rev0.5,45,2024-2025,nssp_flu_proportion,1456,0.010275851469486952,0.0,0.013803475024410495,0.015565041257114888
target_two_nw0.1_rev0.5,45,2024-2025,nssp_rsv_proportion,1144,0.0002946120876003988,0.0,0.0014022996588194034,0.00261354895980088
target_two_nw0.1_rev0.5,46,2023-2024,nhsn_covid_admissions,728,64.0,0.0,216.73763422356856,454.3901098901099
target_two_nw0.1_rev0.5,46,2023-2024,nhsn_flu_admissions,722,28.0,0.002770083102493075,103.48675419576982,310.05263157894734
target_two_nw0.1_rev0.5,46,2023-2024,nhsn_rsv_admissions,471,19.0,0.15711252653927812,117.54325634774686,4.3312101910828025
target_two_nw0.1_rev0.5,46,2023-2024,nssp_covid_proportion,1248,0.005386499338783324,0.0,0.0058799995186536065,0.01256362181942304
target_two_nw0.1_rev0.5,46,2023-2024,nssp_flu_proportion,832,0.018707577604800463,0.0,0.012019971595341654,0.018070673110121158
target_two_nw0.1_rev0.5,46,2023-2024,nssp_rsv_proportion,312,0.010651155840605497,0.0,0.00499616716563021,0.006981410292446992
target_two_nw0.1_rev0.5,46,2025-2026,nhsn_covid_admissions,936,18.5,0.023504273504273504,57.768525538018814,124.66773504273505
target_two_nw0.1_rev0.5,46,2025-2026,nhsn_flu_admissions,832,3.0,0.22355769230769232,141.94702921280273,247.37019230769232
target_two_nw0.1_rev0.5,46,2025-2026,nhsn_rsv_admissions,988,5.0,0.2165991902834008,90.47877057943953,115.43825910931174
target_two_nw0.1_rev0.5,46,2025-2026,nssp_covid_proportion,1248,0.004088330315425992,0.0,0.003133952570817947,0.005047916683347116
target_two_nw0.1_rev0.5,46,2025-2026,nssp_flu_proportion,936,0.011794615536928177,0.0,0.01276021813007388,0.022544764999888414
target_two_nw0.1_rev0.5,46,2025-2026,nssp_rsv_proportion,416,0.0009451934456592426,0.0,0.0010804190398735396,0.0020341346192498558
target_two_nw0.1_rev0.5,46,2024-2025,nhsn_covid_admissions,825,42.0,0.007272727272727273,79.99121466080348,207.2642424242424
target_two_nw0.1_rev0.5,46,2024-2025,nhsn_flu_admissions,828,8.0,0.04589371980676329,115.21145625256794,245.81521739130434
target_two_nw0.1_rev0.5,46,2024-2025,nhsn_rsv_admissions,908,4.0,0.31277533039647576,125.6162510373885,160.3160792951542
target_two_nw0.1_rev0.5,46,2024-2025,nssp_covid_proportion,1248,0.009310186840593815,0.0,0.004133047104401974,0.00927676284654575
target_two_nw0.1_rev0.5,46,2024-2025,nssp_flu_proportion,936,0.011392569402232766,0.0,0.01587164487901669,0.02727884621194051
target_two_nw0.1_rev0.5,46,2024-2025,nssp_rsv_proportion,416,0.000905324995983392,0.0,0.0015869939496549424,0.0030223557772527643
target_two_nw0.2_rev0,42,2023-2024,nhsn_covid_admissions,724,56.0,0.0,394.5153520897607,601.9364640883978
target_two_nw0.2_rev0,42,2023-2024,nhsn_flu_admissions,624,14.0,0.008012820512820512,68.8953809346765,153.83653846153845
target_two_nw0.2_rev0,42,2023-2024,nhsn_rsv_admissions,225,6.0,0.2577777777777778,44.395116505123056,0.8977777777777778
target_two_nw0.2_rev0,42,2023-2024,nssp_covid_proportion,1196,0.005995544255711138,0.0,0.012328276112968653,0.01892633783303195
target_two_nw0.2_rev0,42,2023-2024,nssp_flu_proportion,936,0.018511720467358828,0.0,0.009721847013858297,0.013242735043449156
target_two_nw0.2_rev0,42,2023-2024,nssp_rsv_proportion,676,0.004875255632214248,0.0,0.003088556045413874,0.0044974852158411955
target_two_nw0.2_rev0,42,2025-2026,nhsn_covid_admissions,832,32.0,0.0,65.70178510517312,180.59254807692307
target_two_nw0.2_rev0,42,2025-2026,nhsn_flu_admissions,624,4.0,0.11698717948717949,115.74756864089376,141.8573717948718
target_two_nw0.2_rev0,42,2025-2026,nhsn_rsv_admissions,624,7.0,0.32051282051282054,56.89183394428796,71.63461538461539
target_two_nw0.2_rev0,42,2025-2026,nssp_covid_proportion,1196,0.007077575079165399,0.0,0.002673491168444833,0.005390301011963148
target_two_nw0.2_rev0,42,2025-2026,nssp_flu_proportion,1040,0.0012371711200103164,0.0,0.010763135071696385,0.01565807695525599
target_two_nw0.2_rev0,42,2025-2026,nssp_rsv_proportion,936,0.00088270622654818,0.0,0.0016130915223701054,0.0025377136766747623
target_two_nw0.2_rev0,42,2024-2025,nhsn_covid_admissions,819,55.0,0.004884004884004884,72.07337693125919,243.33089133089132
target_two_nw0.2_rev0,42,2024-2025,nhsn_flu_admissions,720,10.5,0.12916666666666668,200.53531576930544,279.3638888888889
target_two_nw0.2_rev0,42,2024-2025,nhsn_rsv_admissions,565,0.0,1.0,51.75674047247188,51.766371681415926
target_two_nw0.2_rev0,42,2024-2025,nssp_covid_proportion,1196,0.0031294950167648494,0.0,0.004397173825146032,0.008698745842341312
target_two_nw0.2_rev0,42,2024-2025,nssp_flu_proportion,1040,0.00017697064322419465,0.0,0.017643017518800593,0.0178285577713513
target_two_nw0.2_rev0,42,2024-2025,nssp_rsv_proportion,832,0.0011056315852329135,0.0,0.0018754857959274536,0.0032278846226920276
target_two_nw0.2_rev0,43,2023-2024,nhsn_covid_admissions,1038,57.0,0.0,503.572763992757,729.5626204238921
target_two_nw0.2_rev0,43,2023-2024,nhsn_flu_admissions,620,38.0,0.014516129032258065,95.50022388771177,179.32258064516128
target_two_nw0.2_rev0,43,2023-2024,nhsn_rsv_admissions,60,72.5,0.0,321.1198555876811,6.816666666666666
target_two_nw0.2_rev0,43,2023-2024,nssp_covid_proportion,1456,0.005043616867624223,0.0,0.005540357972407307,0.012973557718166606
target_two_nw0.2_rev0,43,2023-2024,nssp_flu_proportion,520,0.003805823449511081,0.0,0.0124477530310217,0.020287115407182473
target_two_nw0.2_rev0,43,2023-2024,nssp_rsv_proportion,416,0.004869874333962798,0.0,0.0017488906222437295,0.003356249996159022
target_two_nw0.2_rev0,43,2025-2026,nhsn_covid_admissions,1040,24.0,0.04423076923076923,73.70173251125244,200.36826923076924
target_two_nw0.2_rev0,43,2025-2026,nhsn_flu_admissions,676,2.0,0.35650887573964496,233.4252007903308,284.5044378698225
target_two_nw0.2_rev0,43,2025-2026,nhsn_rsv_admissions,624,0.0,0.6858974358974359,17.706881888698824,18.610576923076923
target_two_nw0.2_rev0,43,2025-2026,nssp_covid_proportion,1456,0.001922647119499743,0.0,0.002494236523854032,0.0038309752875558024
target_two_nw0.2_rev0,43,2025-2026,nssp_flu_proportion,728,0.004965341882780194,0.0,0.005365195958702416,0.01193186817958981
target_two_nw0.2_rev0,43,2025-2026,nssp_rsv_proportion,676,0.0006519030430354178,0.0,0.0020199932005655645,0.0024693787024353325
target_two_nw0.2_rev0,43,2024-2025,nhsn_covid_admissions,1031,108.0,0.0019398642095053346,90.08835835646472,344.6973811833172
target_two_nw0.2_rev0,43,2024-2025,nhsn_flu_admissions,720,2.0,0.10277777777777777,711.2213209367668,717.8013888888889
target_two_nw0.2_rev0,43,2024-2025,nhsn_rsv_admissions,417,1.0,0.3764988009592326,11.671759153021682,10.827338129496402
target_two_nw0.2_rev0,43,2024-2025,nssp_covid_proportion,1456,0.004488586564548314,0.0,0.002673652284411818,0.007366414861540501
target_two_nw0.2_rev0,43,2024-2025,nssp_flu_proportion,832,0.013342398218810558,0.0,0.011217860687583407,0.019167668313754733
target_two_nw0.2_rev0,43,2024-2025,nssp_rsv_proportion,676,0.00025262443523388356,0.0,0.0020421166440877042,0.0035421597803980747
target_two_nw0.2_rev0,44,2023-2024,nhsn_covid_admissions,1344,92.0,0.0,230.90316413653395,665.4620535714286
target_two_nw0.2_rev0,44,2023-2024,nhsn_flu_admissions,988,55.0,0.008097165991902834,89.67957417667667,301.19331983805665
target_two_nw0.2_rev0,44,2023-2024,nhsn_rsv_admissions,548,1.0,0.4981751824817518,2.008072283757973,3.0547445255474455
target_two_nw0.2_rev0,44,2023-2024,nssp_covid_proportion,728,0.0028607568237930536,0.0,0.00804454904081777,0.014003021995809472
target_two_nw0.2_rev0,44,2023-2024,nssp_flu_proportion,416,0.018350903876125813,0.0,0.011375461287151176,0.003901442311206875
target_two_nw0.2_rev0,44,2023-2024,nssp_rsv_proportion,416,0.00026613807858666405,0.0,0.002731634133075781,0.002962500006805595
target_two_nw0.2_rev0,44,2025-2026,nhsn_covid_admissions,1352,42.0,0.011834319526627219,66.46991803091483,193.2973372781065
target_two_nw0.2_rev0,44,2025-2026,nhsn_flu_admissions,1196,12.0,0.2157190635451505,171.65649129244045,391.59197324414714
target_two_nw0.2_rev0,44,2025-2026,nhsn_rsv_admissions,936,0.0,0.967948717948718,143.12120519246665,143.241452991453
target_two_nw0.2_rev0,44,2025-2026,nssp_covid_proportion,728,0.010470660403370857,0.0,0.004036767853764244,0.005690384626507364
target_two_nw0.2_rev0,44,2025-2026,nssp_flu_proportion,416,0.0017243750335182995,0.0,0.00183725913323612,0.0011764423073215697
target_two_nw0.2_rev0,44,2025-2026,nssp_rsv_proportion,624,0.00022275803348748013,0.0,0.0011817516736866123,0.0020322115394894634
target_two_nw0.2_rev0,44,2024-2025,nhsn_covid_admissions,1338,63.0,0.0014947683109118087,93.00108906987536,280.95142002989536
target_two_nw0.2_rev0,44,2024-2025,nhsn_flu_admissions,1294,19.0,0.0,316.8768206055649,388.9227202472952
target_two_nw0.2_rev0,44,2024-2025,nhsn_rsv_admissions,832,0.0,0.6610576923076923,159.39823503008776,160.39903846153845
target_two_nw0.2_rev0,44,2024-2025,nssp_covid_proportion,728,0.008805864257737994,0.0,0.0038898511775187217,0.010165934095281985
target_two_nw0.2_rev0,44,2024-2025,nssp_flu_proportion,416,0.001967127900570631,0.0,0.001014401505646954,0.0015105769316330854
target_two_nw0.2_rev0,44,2024-2025,nssp_rsv_proportion,624,0.0003914350090781227,0.0,0.0008368789384284798,0.0016443910249924953
target_two_nw0.2_rev0,45,2023-2024,nhsn_covid_admissions,622,40.0,0.0,398.13702069572696,604.7443729903537
target_two_nw0.2_rev0,45,2023-2024,nhsn_flu_admissions,412,60.0,0.014563106796116505,84.77324343725894,262.94174757281553
target_two_nw0.2_rev0,45,2023-2024,nhsn_rsv_admissions,326,12.0,0.003067484662576687,33.895870691062484,6.874233128834356
target_two_nw0.2_rev0,45,2023-2024,nssp_covid_proportion,728,0.004101914237253368,0.0,0.0073493513575138445,0.014096153857650819
target_two_nw0.2_rev0,45,2023-2024,nssp_flu_proportion,1456,0.008576821768656373,0.0,0.00972743411519052,0.011986813194443339
target_two_nw0.2_rev0,45,2023-2024,nssp_rsv_proportion,728,7.74271143200167e-06,0.0,0.0030028827328210154,0.003015934065093301
target_two_nw0.2_rev0,45,2025-2026,nhsn_covid_admissions,624,75.5,0.0,88.22930344614463,138.65064102564102
target_two_nw0.2_rev0,45,2025-2026,nhsn_flu_admissions,520,20.0,0.0038461538461538464,269.05140893380513,352.42884615384617
target_two_nw0.2_rev0,45,2025-2026,nhsn_rsv_admissions,780,0.0,0.9897435897435898,89.8655950995486,89.88717948717948
target_two_nw0.2_rev0,45,2025-2026,nssp_covid_proportion,728,0.0012807277962565422,0.0,0.003971398097057098,0.006031043967765812
target_two_nw0.2_rev0,45,2025-2026,nssp_flu_proportion,1456,0.004573000827804208,0.0,0.003553466714787806,0.010478365410203328
target_two_nw0.2_rev0,45,2025-2026,nssp_rsv_proportion,1144,0.0006773145869374275,0.0,0.0012378638682500926,0.0023504370662452015
target_two_nw0.2_rev0,45,2024-2025,nhsn_covid_admissions,624,50.0,0.003205128205128205,102.04718080879404,310.5128205128205
target_two_nw0.2_rev0,45,2024-2025,nhsn_flu_admissions,520,42.0,0.0038461538461538464,83.87284807887359,320.3807692307692
target_two_nw0.2_rev0,45,2024-2025,nhsn_rsv_admissions,726,0.0,1.0,135.51401311770138,135.51652892561984
target_two_nw0.2_rev0,45,2024-2025,nssp_covid_proportion,728,0.004296391969546676,0.0,0.005398035044841031,0.010668269265107274
target_two_nw0.2_rev0,45,2024-2025,nssp_flu_proportion,1456,0.005467437440529466,0.0,0.006286207201290901,0.015565041257114888
target_two_nw0.2_rev0,45,2024-2025,nssp_rsv_proportion,1144,0.00029433903546305373,0.0,0.0012702478065343109,0.00261354895980088
target_two_nw0.2_rev0,46,2023-2024,nhsn_covid_admissions,728,58.5,0.0,180.96658220445062,454.3901098901099
target_two_nw0.2_rev0,46,2023-2024,nhsn_flu_admissions,722,24.0,0.002770083102493075,144.38308510720896,310.05263157894734
target_two_nw0.2_rev0,46,2023-2024,nhsn_rsv_admissions,471,12.0,0.24203821656050956,113.15827784640592,4.3312101910828025
target_two_nw0.2_rev0,46,2023-2024,nssp_covid_proportion,1248,0.0048214104026556015,0.0,0.005920600988620441,0.01256362181942304
target_two_nw0.2_rev0,46,2023-2024,nssp_flu_proportion,832,0.013585729990154505,0.0,0.011174951442871343,0.018070673110121158
target_two_nw0.2_rev0,46,2023-2024,nssp_rsv_proportion,312,0.000975827599177137,0.0,0.005910131268231056,0.006981410292446992
target_two_nw0.2_rev0,46,2025-2026,nhsn_covid_admissions,936,12.0,0.03632478632478633,52.37291195763387,124.66773504273505
target_two_nw0.2_rev0,46,2025-2026,nhsn_flu_admissions,832,3.0,0.2548076923076923,221.53492875016394,247.37019230769232
target_two_nw0.2_rev0,46,2025-2026,nhsn_rsv_admissions,988,0.0,0.8633603238866396,114.46357495952302,115.43825910931174
target_two_nw0.2_rev0,46,2025-2026,nssp_covid_proportion,1248,0.0029278137371875346,0.0,0.0022138334482942577,0.005047916683347116
target_two_nw0.2_rev0,46,2025-2026,nssp_flu_proportion,936,0.01782188145443797,0.0,0.008619083404793747,0.022544764999888414
target_two_nw0.2_rev0,46,2025-2026,nssp_rsv_proportion,416,0.00021203705546213314,0.0,0.0015739580757449052,0.0020341346192498558
target_two_nw0.2_rev0,46,2024-2025,nhsn_covid_admissions,825,28.0,0.007272727272727273,121.74742640726494,207.2642424242424
target_two_nw0.2_rev0,46,2024-2025,nhsn_flu_admissions,828,37.0,0.0024154589371980675,125.97978370109402,245.81521739130434
target_two_nw0.2_rev0,46,2024-2025,nhsn_rsv_admissions,908,3.0,0.3667400881057269,125.7021031385416,160.3160792951542
target_two_nw0.2_rev0,46,2024-2025,nssp_covid_proportion,1248,0.006737158517353237,0.0,0.002720802062424646,0.00927676284654575
target_two_nw0.2_rev0,46,2024-2025,nssp_flu_proportion,936,0.004141317796893418,0.0,0.024126914018888473,0.02727884621194051
target_two_nw0.2_rev0,46,2024-2025,nssp_rsv_proportion,416,0.0010410983522888273,0.0,0.001760826310968556,0.0030223557772527643
