scenario,fold,geography,stratum,method,wape,location_wape,normalized_mae,within5,signals,model
"task=finalize,finalization_cv=season,finalization_model=adaptive_chain,finalization_gap=proxy,finalization_scope=targets,finalization_statistic=median,finalization_quantize=1,finalization_weeks=8,input_mode=vintaged,evaluation_seasons=recent_two",2024-2025,US,all,baselinenowcast,0.1708146080613092,0.1708146080613092,0.3952584106026653,0.2788461538461538,4,Seasonal control
"task=finalize,finalization_cv=season,finalization_model=adaptive_chain,finalization_gap=proxy,finalization_scope=targets,finalization_statistic=median,finalization_quantize=1,finalization_weeks=8,input_mode=vintaged,evaluation_seasons=recent_two",2024-2025,US,all,persistence,0.1797582789434461,0.1797582789434461,0.4131524779615714,0.2067307692307692,4,Seasonal control
"task=finalize,finalization_cv=season,finalization_model=adaptive_chain,finalization_gap=proxy,finalization_scope=targets,finalization_statistic=median,finalization_quantize=1,finalization_weeks=8,input_mode=vintaged,evaluation_seasons=recent_two",2024-2025,US,all,prediction,0.1356784343021624,0.1356784343021624,0.3372996167488641,0.3461538461538461,4,Seasonal control
"task=finalize,finalization_cv=season,finalization_model=adaptive_chain,finalization_gap=proxy,finalization_scope=targets,finalization_statistic=median,finalization_quantize=1,finalization_weeks=8,input_mode=vintaged,evaluation_seasons=recent_two",2024-2025,US,complete_and_uninterrupted,baselinenowcast,0.0299735966277953,0.0299735966277953,0.0227778539600107,0.65,1,Seasonal control
"task=finalize,finalization_cv=season,finalization_model=adaptive_chain,finalization_gap=proxy,finalization_scope=targets,finalization_statistic=median,finalization_quantize=1,finalization_weeks=8,input_mode=vintaged,evaluation_seasons=recent_two",2024-2025,US,complete_and_uninterrupted,persistence,0.1109655138630351,0.1109655138630351,0.0843260920855222,0.05,1,Seasonal control
"task=finalize,finalization_cv=season,finalization_model=adaptive_chain,finalization_gap=proxy,finalization_scope=targets,finalization_statistic=median,finalization_quantize=1,finalization_weeks=8,input_mode=vintaged,evaluation_seasons=recent_two",2024-2025,US,complete_and_uninterrupted,prediction,0.0442465954736945,0.0442465954736945,0.0336243428655768,0.55,1,Seasonal control
"task=finalize,finalization_cv=season,finalization_model=adaptive_chain,finalization_gap=proxy,finalization_scope=targets,finalization_statistic=median,finalization_quantize=1,finalization_weeks=8,input_mode=vintaged,evaluation_seasons=recent_two",2024-2025,US,complete_history_12,baselinenowcast,0.0823012143862846,0.0823012143862846,0.06369104507816,0.5178571428571428,4,Seasonal control
"task=finalize,finalization_cv=season,finalization_model=adaptive_chain,finalization_gap=proxy,finalization_scope=targets,finalization_statistic=median,finalization_quantize=1,finalization_weeks=8,input_mode=vintaged,evaluation_seasons=recent_two",2024-2025,US,complete_history_12,persistence,0.0928769644129952,0.0928769644129952,0.0910584252420166,0.407563025210084,4,Seasonal control
"task=finalize,finalization_cv=season,finalization_model=adaptive_chain,finalization_gap=proxy,finalization_scope=targets,finalization_statistic=median,finalization_quantize=1,finalization_weeks=8,input_mode=vintaged,evaluation_seasons=recent_two",2024-2025,US,complete_history_12,prediction,0.0674347456017961,0.0674347456017961,0.0567481002030082,0.6817226890756303,4,Seasonal control
"task=finalize,finalization_cv=season,finalization_model=adaptive_chain,finalization_gap=proxy,finalization_scope=targets,finalization_statistic=median,finalization_quantize=1,finalization_weeks=8,input_mode=vintaged,evaluation_seasons=recent_two",2024-2025,US,reported,baselinenowcast,0.0823012143862846,0.0823012143862846,0.06369104507816,0.5178571428571428,4,Seasonal control
"task=finalize,finalization_cv=season,finalization_model=adaptive_chain,finalization_gap=proxy,finalization_scope=targets,finalization_statistic=median,finalization_quantize=1,finalization_weeks=8,input_mode=vintaged,evaluation_seasons=recent_two",2024-2025,US,reported,persistence,0.0928769644129952,0.0928769644129952,0.0910584252420166,0.407563025210084,4,Seasonal control
"task=finalize,finalization_cv=season,finalization_model=adaptive_chain,finalization_gap=proxy,finalization_scope=targets,finalization_statistic=median,finalization_quantize=1,finalization_weeks=8,input_mode=vintaged,evaluation_seasons=recent_two",2024-2025,US,reported,prediction,0.0674347456017961,0.0674347456017961,0.0567481002030082,0.6817226890756303,4,Seasonal control
"task=finalize,finalization_cv=season,finalization_model=adaptive_chain,finalization_gap=proxy,finalization_scope=targets,finalization_statistic=median,finalization_quantize=1,finalization_weeks=8,input_mode=vintaged,evaluation_seasons=recent_two",2024-2025,US,uninterrupted_8,baselinenowcast,0.0299735966277953,0.0299735966277953,0.0227778539600107,0.65,1,Seasonal control
"task=finalize,finalization_cv=season,finalization_model=adaptive_chain,finalization_gap=proxy,finalization_scope=targets,finalization_statistic=median,finalization_quantize=1,finalization_weeks=8,input_mode=vintaged,evaluation_seasons=recent_two",2024-2025,US,uninterrupted_8,persistence,0.1109655138630351,0.1109655138630351,0.0843260920855222,0.05,1,Seasonal control
"task=finalize,finalization_cv=season,finalization_model=adaptive_chain,finalization_gap=proxy,finalization_scope=targets,finalization_statistic=median,finalization_quantize=1,finalization_weeks=8,input_mode=vintaged,evaluation_seasons=recent_two",2024-2025,US,uninterrupted_8,prediction,0.0442465954736945,0.0442465954736945,0.0336243428655768,0.55,1,Seasonal control
"task=finalize,finalization_cv=season,finalization_model=adaptive_chain,finalization_gap=proxy,finalization_scope=targets,finalization_statistic=median,finalization_quantize=1,finalization_weeks=8,input_mode=vintaged,evaluation_seasons=recent_two",2024-2025,states,all,baselinenowcast,0.224280137361787,0.2276093921035752,0.5733092701087009,0.2339964750964679,4,Seasonal control
"task=finalize,finalization_cv=season,finalization_model=adaptive_chain,finalization_gap=proxy,finalization_scope=targets,finalization_statistic=median,finalization_quantize=1,finalization_weeks=8,input_mode=vintaged,evaluation_seasons=recent_two",2024-2025,states,all,persistence,0.2289459394876438,0.2311471292085953,0.5793977704452169,0.2411774161535739,4,Seasonal control
"task=finalize,finalization_cv=season,finalization_model=adaptive_chain,finalization_gap=proxy,finalization_scope=targets,finalization_statistic=median,finalization_quantize=1,finalization_weeks=8,input_mode=vintaged,evaluation_seasons=recent_two",2024-2025,states,all,prediction,0.1986756633272423,0.2030153213077934,0.5128955331850201,0.2697519659817537,4,Seasonal control
"task=finalize,finalization_cv=season,finalization_model=adaptive_chain,finalization_gap=proxy,finalization_scope=targets,finalization_statistic=median,finalization_quantize=1,finalization_weeks=8,input_mode=vintaged,evaluation_seasons=recent_two",2024-2025,states,complete_and_uninterrupted,baselinenowcast,0.0914845125953617,0.1205299972121905,0.1009224198890468,0.3102068536392885,1,Seasonal control
"task=finalize,finalization_cv=season,finalization_model=adaptive_chain,finalization_gap=proxy,finalization_scope=targets,finalization_statistic=median,finalization_quantize=1,finalization_weeks=8,input_mode=vintaged,evaluation_seasons=recent_two",2024-2025,states,complete_and_uninterrupted,persistence,0.1259680713065591,0.1392405356500886,0.1121143927761454,0.4120328575186525,1,Seasonal control
"task=finalize,finalization_cv=season,finalization_model=adaptive_chain,finalization_gap=proxy,finalization_scope=targets,finalization_statistic=median,finalization_quantize=1,finalization_weeks=8,input_mode=vintaged,evaluation_seasons=recent_two",2024-2025,states,complete_and_uninterrupted,prediction,0.100088619462889,0.1210199827031272,0.0994094895226559,0.4802954016143781,1,Seasonal control
"task=finalize,finalization_cv=season,finalization_model=adaptive_chain,finalization_gap=proxy,finalization_scope=targets,finalization_statistic=median,finalization_quantize=1,finalization_weeks=8,input_mode=vintaged,evaluation_seasons=recent_two",2024-2025,states,complete_history_12,baselinenowcast,0.0916188337193137,0.1069123579462229,0.1012438284485299,0.5721889027161947,4,Seasonal control
"task=finalize,finalization_cv=season,finalization_model=adaptive_chain,finalization_gap=proxy,finalization_scope=targets,finalization_statistic=median,finalization_quantize=1,finalization_weeks=8,input_mode=vintaged,evaluation_seasons=recent_two",2024-2025,states,complete_history_12,persistence,0.0971484489843273,0.1109403061293957,0.1105284760378277,0.5798635776392653,4,Seasonal control
"task=finalize,finalization_cv=season,finalization_model=adaptive_chain,finalization_gap=proxy,finalization_scope=targets,finalization_statistic=median,finalization_quantize=1,finalization_weeks=8,input_mode=vintaged,evaluation_seasons=recent_two",2024-2025,states,complete_history_12,prediction,0.0836103604233761,0.099728982748423,0.0961810051963785,0.6408905612129282,4,Seasonal control
"task=finalize,finalization_cv=season,finalization_model=adaptive_chain,finalization_gap=proxy,finalization_scope=targets,finalization_statistic=median,finalization_quantize=1,finalization_weeks=8,input_mode=vintaged,evaluation_seasons=recent_two",2024-2025,states,reported,baselinenowcast,0.091663167902818,0.1069429471452713,0.1005165794265565,0.5715432163893787,4,Seasonal control
"task=finalize,finalization_cv=season,finalization_model=adaptive_chain,finalization_gap=proxy,finalization_scope=targets,finalization_statistic=median,finalization_quantize=1,finalization_weeks=8,input_mode=vintaged,evaluation_seasons=recent_two",2024-2025,states,reported,persistence,0.0971797616381697,0.1109774291530141,0.1100408340398203,0.579207565759229,4,Seasonal control
"task=finalize,finalization_cv=season,finalization_model=adaptive_chain,finalization_gap=proxy,finalization_scope=targets,finalization_statistic=median,finalization_quantize=1,finalization_weeks=8,input_mode=vintaged,evaluation_seasons=recent_two",2024-2025,states,reported,prediction,0.0836475017185914,0.0997685098474346,0.0957235820548247,0.640234549332892,4,Seasonal control
"task=finalize,finalization_cv=season,finalization_model=adaptive_chain,finalization_gap=proxy,finalization_scope=targets,finalization_statistic=median,finalization_quantize=1,finalization_weeks=8,input_mode=vintaged,evaluation_seasons=recent_two",2024-2025,states,uninterrupted_8,baselinenowcast,0.0914845125953617,0.1205299972121905,0.1009224198890468,0.3102068536392885,1,Seasonal control
"task=finalize,finalization_cv=season,finalization_model=adaptive_chain,finalization_gap=proxy,finalization_scope=targets,finalization_statistic=median,finalization_quantize=1,finalization_weeks=8,input_mode=vintaged,evaluation_seasons=recent_two",2024-2025,states,uninterrupted_8,persistence,0.1259680713065591,0.1392405356500886,0.1121143927761454,0.4120328575186525,1,Seasonal control
"task=finalize,finalization_cv=season,finalization_model=adaptive_chain,finalization_gap=proxy,finalization_scope=targets,finalization_statistic=median,finalization_quantize=1,finalization_weeks=8,input_mode=vintaged,evaluation_seasons=recent_two",2024-2025,states,uninterrupted_8,prediction,0.100088619462889,0.1210199827031272,0.0994094895226559,0.4802954016143781,1,Seasonal control
"task=finalize,finalization_cv=season,finalization_model=adaptive_chain,finalization_gap=proxy,finalization_scope=targets,finalization_statistic=median,finalization_quantize=1,finalization_weeks=8,input_mode=vintaged,evaluation_seasons=recent_two",2025-2026,US,all,baselinenowcast,0.08821846560785,0.08821846560785,0.0591473821062471,0.6761006289308176,6,Seasonal control
"task=finalize,finalization_cv=season,finalization_model=adaptive_chain,finalization_gap=proxy,finalization_scope=targets,finalization_statistic=median,finalization_quantize=1,finalization_weeks=8,input_mode=vintaged,evaluation_seasons=recent_two",2025-2026,US,all,persistence,0.1391253717832781,0.1391253717832781,0.0968552859888884,0.2421383647798742,6,Seasonal control
"task=finalize,finalization_cv=season,finalization_model=adaptive_chain,finalization_gap=proxy,finalization_scope=targets,finalization_statistic=median,finalization_quantize=1,finalization_weeks=8,input_mode=vintaged,evaluation_seasons=recent_two",2025-2026,US,all,prediction,0.0421369786707767,0.0421369786707767,0.0309087351291257,0.7075471698113208,6,Seasonal control
"task=finalize,finalization_cv=season,finalization_model=adaptive_chain,finalization_gap=proxy,finalization_scope=targets,finalization_statistic=median,finalization_quantize=1,finalization_weeks=8,input_mode=vintaged,evaluation_seasons=recent_two",2025-2026,US,complete_and_uninterrupted,baselinenowcast,0.0256700940665336,0.0256700940665336,0.0163818966541686,0.7862789987789988,6,Seasonal control
"task=finalize,finalization_cv=season,finalization_model=adaptive_chain,finalization_gap=proxy,finalization_scope=targets,finalization_statistic=median,finalization_quantize=1,finalization_weeks=8,input_mode=vintaged,evaluation_seasons=recent_two",2025-2026,US,complete_and_uninterrupted,persistence,0.0804743913993991,0.0804743913993991,0.0556763530789582,0.2787851037851038,6,Seasonal control
"task=finalize,finalization_cv=season,finalization_model=adaptive_chain,finalization_gap=proxy,finalization_scope=targets,finalization_statistic=median,finalization_quantize=1,finalization_weeks=8,input_mode=vintaged,evaluation_seasons=recent_two",2025-2026,US,complete_and_uninterrupted,prediction,0.0227850463671337,0.0227850463671337,0.0156381081900331,0.7760531135531136,6,Seasonal control
"task=finalize,finalization_cv=season,finalization_model=adaptive_chain,finalization_gap=proxy,finalization_scope=targets,finalization_statistic=median,finalization_quantize=1,finalization_weeks=8,input_mode=vintaged,evaluation_seasons=recent_two",2025-2026,US,complete_history_12,baselinenowcast,0.0249784243394159,0.0249784243394159,0.0183508779193713,0.7997406629971223,6,Seasonal control
"task=finalize,finalization_cv=season,finalization_model=adaptive_chain,finalization_gap=proxy,finalization_scope=targets,finalization_statistic=median,finalization_quantize=1,finalization_weeks=8,input_mode=vintaged,evaluation_seasons=recent_two",2025-2026,US,complete_history_12,persistence,0.0805448943867969,0.080544894386797,0.0629000085126402,0.2925777780509618,6,Seasonal control
"task=finalize,finalization_cv=season,finalization_model=adaptive_chain,finalization_gap=proxy,finalization_scope=targets,finalization_statistic=median,finalization_quantize=1,finalization_weeks=8,input_mode=vintaged,evaluation_seasons=recent_two",2025-2026,US,complete_history_12,prediction,0.0258735025525033,0.0258735025525033,0.0201158854406309,0.7854020876039679,6,Seasonal control
"task=finalize,finalization_cv=season,finalization_model=adaptive_chain,finalization_gap=proxy,finalization_scope=targets,finalization_statistic=median,finalization_quantize=1,finalization_weeks=8,input_mode=vintaged,evaluation_seasons=recent_two",2025-2026,US,reported,baselinenowcast,0.0249784243394159,0.0249784243394159,0.0183508779193713,0.7997406629971223,6,Seasonal control
"task=finalize,finalization_cv=season,finalization_model=adaptive_chain,finalization_gap=proxy,finalization_scope=targets,finalization_statistic=median,finalization_quantize=1,finalization_weeks=8,input_mode=vintaged,evaluation_seasons=recent_two",2025-2026,US,reported,persistence,0.0805448943867969,0.080544894386797,0.0629000085126402,0.2925777780509618,6,Seasonal control
"task=finalize,finalization_cv=season,finalization_model=adaptive_chain,finalization_gap=proxy,finalization_scope=targets,finalization_statistic=median,finalization_quantize=1,finalization_weeks=8,input_mode=vintaged,evaluation_seasons=recent_two",2025-2026,US,reported,prediction,0.0258735025525033,0.0258735025525033,0.0201158854406309,0.7854020876039679,6,Seasonal control
"task=finalize,finalization_cv=season,finalization_model=adaptive_chain,finalization_gap=proxy,finalization_scope=targets,finalization_statistic=median,finalization_quantize=1,finalization_weeks=8,input_mode=vintaged,evaluation_seasons=recent_two",2025-2026,US,uninterrupted_8,baselinenowcast,0.0256700940665336,0.0256700940665336,0.0163818966541686,0.7862789987789988,6,Seasonal control
"task=finalize,finalization_cv=season,finalization_model=adaptive_chain,finalization_gap=proxy,finalization_scope=targets,finalization_statistic=median,finalization_quantize=1,finalization_weeks=8,input_mode=vintaged,evaluation_seasons=recent_two",2025-2026,US,uninterrupted_8,persistence,0.0804743913993991,0.0804743913993991,0.0556763530789582,0.2787851037851038,6,Seasonal control
"task=finalize,finalization_cv=season,finalization_model=adaptive_chain,finalization_gap=proxy,finalization_scope=targets,finalization_statistic=median,finalization_quantize=1,finalization_weeks=8,input_mode=vintaged,evaluation_seasons=recent_two",2025-2026,US,uninterrupted_8,prediction,0.0227850463671337,0.0227850463671337,0.0156381081900331,0.7760531135531136,6,Seasonal control
"task=finalize,finalization_cv=season,finalization_model=adaptive_chain,finalization_gap=proxy,finalization_scope=targets,finalization_statistic=median,finalization_quantize=1,finalization_weeks=8,input_mode=vintaged,evaluation_seasons=recent_two",2025-2026,states,all,baselinenowcast,0.1213769493941566,0.1314566350593966,0.0908116630764999,0.4349664179526188,6,Seasonal control
"task=finalize,finalization_cv=season,finalization_model=adaptive_chain,finalization_gap=proxy,finalization_scope=targets,finalization_statistic=median,finalization_quantize=1,finalization_weeks=8,input_mode=vintaged,evaluation_seasons=recent_two",2025-2026,states,all,persistence,0.1459263308466758,0.1486726819066156,0.1042972688101852,0.4537404773209932,6,Seasonal control
"task=finalize,finalization_cv=season,finalization_model=adaptive_chain,finalization_gap=proxy,finalization_scope=targets,finalization_statistic=median,finalization_quantize=1,finalization_weeks=8,input_mode=vintaged,evaluation_seasons=recent_two",2025-2026,states,all,prediction,0.0891257985168607,0.1012035477036579,0.0721728562353752,0.5487930443604886,6,Seasonal control
"task=finalize,finalization_cv=season,finalization_model=adaptive_chain,finalization_gap=proxy,finalization_scope=targets,finalization_statistic=median,finalization_quantize=1,finalization_weeks=8,input_mode=vintaged,evaluation_seasons=recent_two",2025-2026,states,complete_and_uninterrupted,baselinenowcast,0.0642298591019062,0.0773823102477753,0.0544989992691921,0.5043406897259834,6,Seasonal control
"task=finalize,finalization_cv=season,finalization_model=adaptive_chain,finalization_gap=proxy,finalization_scope=targets,finalization_statistic=median,finalization_quantize=1,finalization_weeks=8,input_mode=vintaged,evaluation_seasons=recent_two",2025-2026,states,complete_and_uninterrupted,persistence,0.0889968517576253,0.0954268863103975,0.0691086696670798,0.5345754834556661,6,Seasonal control
"task=finalize,finalization_cv=season,finalization_model=adaptive_chain,finalization_gap=proxy,finalization_scope=targets,finalization_statistic=median,finalization_quantize=1,finalization_weeks=8,input_mode=vintaged,evaluation_seasons=recent_two",2025-2026,states,complete_and_uninterrupted,prediction,0.0597516724819762,0.0697780071481741,0.0498711433491214,0.6406257446606801,6,Seasonal control
"task=finalize,finalization_cv=season,finalization_model=adaptive_chain,finalization_gap=proxy,finalization_scope=targets,finalization_statistic=median,finalization_quantize=1,finalization_weeks=8,input_mode=vintaged,evaluation_seasons=recent_two",2025-2026,states,complete_history_12,baselinenowcast,0.0648883181209806,0.0791492780131868,0.0609279521028223,0.508185763624874,6,Seasonal control
"task=finalize,finalization_cv=season,finalization_model=adaptive_chain,finalization_gap=proxy,finalization_scope=targets,finalization_statistic=median,finalization_quantize=1,finalization_weeks=8,input_mode=vintaged,evaluation_seasons=recent_two",2025-2026,states,complete_history_12,persistence,0.0917324751758438,0.0980873281586784,0.0767139827701529,0.5245151084201437,6,Seasonal control
"task=finalize,finalization_cv=season,finalization_model=adaptive_chain,finalization_gap=proxy,finalization_scope=targets,finalization_statistic=median,finalization_quantize=1,finalization_weeks=8,input_mode=vintaged,evaluation_seasons=recent_two",2025-2026,states,complete_history_12,prediction,0.0630959019341632,0.072905058587272,0.0554380217138982,0.6347217764239623,6,Seasonal control
"task=finalize,finalization_cv=season,finalization_model=adaptive_chain,finalization_gap=proxy,finalization_scope=targets,finalization_statistic=median,finalization_quantize=1,finalization_weeks=8,input_mode=vintaged,evaluation_seasons=recent_two",2025-2026,states,reported,baselinenowcast,0.0648883181209806,0.0791492780131868,0.0609279521028223,0.508185763624874,6,Seasonal control
"task=finalize,finalization_cv=season,finalization_model=adaptive_chain,finalization_gap=proxy,finalization_scope=targets,finalization_statistic=median,finalization_quantize=1,finalization_weeks=8,input_mode=vintaged,evaluation_seasons=recent_two",2025-2026,states,reported,persistence,0.0917324751758438,0.0980873281586784,0.0767139827701529,0.5245151084201437,6,Seasonal control
"task=finalize,finalization_cv=season,finalization_model=adaptive_chain,finalization_gap=proxy,finalization_scope=targets,finalization_statistic=median,finalization_quantize=1,finalization_weeks=8,input_mode=vintaged,evaluation_seasons=recent_two",2025-2026,states,reported,prediction,0.0630959019341632,0.072905058587272,0.0554380217138982,0.6347217764239623,6,Seasonal control
"task=finalize,finalization_cv=season,finalization_model=adaptive_chain,finalization_gap=proxy,finalization_scope=targets,finalization_statistic=median,finalization_quantize=1,finalization_weeks=8,input_mode=vintaged,evaluation_seasons=recent_two",2025-2026,states,uninterrupted_8,baselinenowcast,0.0642298591019062,0.0773823102477753,0.0544989992691921,0.5043406897259834,6,Seasonal control
"task=finalize,finalization_cv=season,finalization_model=adaptive_chain,finalization_gap=proxy,finalization_scope=targets,finalization_statistic=median,finalization_quantize=1,finalization_weeks=8,input_mode=vintaged,evaluation_seasons=recent_two",2025-2026,states,uninterrupted_8,persistence,0.0889968517576253,0.0954268863103975,0.0691086696670798,0.5345754834556661,6,Seasonal control
"task=finalize,finalization_cv=season,finalization_model=adaptive_chain,finalization_gap=proxy,finalization_scope=targets,finalization_statistic=median,finalization_quantize=1,finalization_weeks=8,input_mode=vintaged,evaluation_seasons=recent_two",2025-2026,states,uninterrupted_8,prediction,0.0597516724819762,0.0697780071481741,0.0498711433491214,0.6406257446606801,6,Seasonal control
"task=finalize,finalization_cv=season,finalization_model=context_residual,finalization_gap=proxy,finalization_scope=targets,finalization_features=momentum,finalization_gate=causal,finalization_penalty=1000.0,finalization_statistic=median,finalization_quantize=1,finalization_weeks=8,input_mode=vintaged,evaluation_seasons=recent_two",2024-2025,US,all,baselinenowcast,0.1708146080613092,0.1708146080613092,0.3952584106026653,0.2788461538461538,4,"Residual · p1000, g1, h26, momentum, causal"
"task=finalize,finalization_cv=season,finalization_model=context_residual,finalization_gap=proxy,finalization_scope=targets,finalization_features=momentum,finalization_gate=causal,finalization_penalty=1000.0,finalization_statistic=median,finalization_quantize=1,finalization_weeks=8,input_mode=vintaged,evaluation_seasons=recent_two",2024-2025,US,all,persistence,0.1797582789434461,0.1797582789434461,0.4131524779615714,0.2067307692307692,4,"Residual · p1000, g1, h26, momentum, causal"
"task=finalize,finalization_cv=season,finalization_model=context_residual,finalization_gap=proxy,finalization_scope=targets,finalization_features=momentum,finalization_gate=causal,finalization_penalty=1000.0,finalization_statistic=median,finalization_quantize=1,finalization_weeks=8,input_mode=vintaged,evaluation_seasons=recent_two",2024-2025,US,all,prediction,0.1356757507469885,0.1356757507469885,0.3372942476208969,0.3461538461538461,4,"Residual · p1000, g1, h26, momentum, causal"
"task=finalize,finalization_cv=season,finalization_model=context_residual,finalization_gap=proxy,finalization_scope=targets,finalization_features=momentum,finalization_gate=causal,finalization_penalty=1000.0,finalization_statistic=median,finalization_quantize=1,finalization_weeks=8,input_mode=vintaged,evaluation_seasons=recent_two",2024-2025,US,complete_and_uninterrupted,baselinenowcast,0.0299735966277953,0.0299735966277953,0.0227778539600107,0.65,1,"Residual · p1000, g1, h26, momentum, causal"
"task=finalize,finalization_cv=season,finalization_model=context_residual,finalization_gap=proxy,finalization_scope=targets,finalization_features=momentum,finalization_gate=causal,finalization_penalty=1000.0,finalization_statistic=median,finalization_quantize=1,finalization_weeks=8,input_mode=vintaged,evaluation_seasons=recent_two",2024-2025,US,complete_and_uninterrupted,persistence,0.1109655138630351,0.1109655138630351,0.0843260920855222,0.05,1,"Residual · p1000, g1, h26, momentum, causal"
"task=finalize,finalization_cv=season,finalization_model=context_residual,finalization_gap=proxy,finalization_scope=targets,finalization_features=momentum,finalization_gate=causal,finalization_penalty=1000.0,finalization_statistic=median,finalization_quantize=1,finalization_weeks=8,input_mode=vintaged,evaluation_seasons=recent_two",2024-2025,US,complete_and_uninterrupted,prediction,0.0442465954736945,0.0442465954736945,0.0336243428655768,0.55,1,"Residual · p1000, g1, h26, momentum, causal"
"task=finalize,finalization_cv=season,finalization_model=context_residual,finalization_gap=proxy,finalization_scope=targets,finalization_features=momentum,finalization_gate=causal,finalization_penalty=1000.0,finalization_statistic=median,finalization_quantize=1,finalization_weeks=8,input_mode=vintaged,evaluation_seasons=recent_two",2024-2025,US,complete_history_12,baselinenowcast,0.0823012143862846,0.0823012143862846,0.06369104507816,0.5178571428571428,4,"Residual · p1000, g1, h26, momentum, causal"
"task=finalize,finalization_cv=season,finalization_model=context_residual,finalization_gap=proxy,finalization_scope=targets,finalization_features=momentum,finalization_gate=causal,finalization_penalty=1000.0,finalization_statistic=median,finalization_quantize=1,finalization_weeks=8,input_mode=vintaged,evaluation_seasons=recent_two",2024-2025,US,complete_history_12,persistence,0.0928769644129952,0.0928769644129952,0.0910584252420166,0.407563025210084,4,"Residual · p1000, g1, h26, momentum, causal"
"task=finalize,finalization_cv=season,finalization_model=context_residual,finalization_gap=proxy,finalization_scope=targets,finalization_features=momentum,finalization_gate=causal,finalization_penalty=1000.0,finalization_statistic=median,finalization_quantize=1,finalization_weeks=8,input_mode=vintaged,evaluation_seasons=recent_two",2024-2025,US,complete_history_12,prediction,0.0674315723350873,0.0674315723350873,0.0567398885955289,0.6817226890756303,4,"Residual · p1000, g1, h26, momentum, causal"
"task=finalize,finalization_cv=season,finalization_model=context_residual,finalization_gap=proxy,finalization_scope=targets,finalization_features=momentum,finalization_gate=causal,finalization_penalty=1000.0,finalization_statistic=median,finalization_quantize=1,finalization_weeks=8,input_mode=vintaged,evaluation_seasons=recent_two",2024-2025,US,reported,baselinenowcast,0.0823012143862846,0.0823012143862846,0.06369104507816,0.5178571428571428,4,"Residual · p1000, g1, h26, momentum, causal"
"task=finalize,finalization_cv=season,finalization_model=context_residual,finalization_gap=proxy,finalization_scope=targets,finalization_features=momentum,finalization_gate=causal,finalization_penalty=1000.0,finalization_statistic=median,finalization_quantize=1,finalization_weeks=8,input_mode=vintaged,evaluation_seasons=recent_two",2024-2025,US,reported,persistence,0.0928769644129952,0.0928769644129952,0.0910584252420166,0.407563025210084,4,"Residual · p1000, g1, h26, momentum, causal"
"task=finalize,finalization_cv=season,finalization_model=context_residual,finalization_gap=proxy,finalization_scope=targets,finalization_features=momentum,finalization_gate=causal,finalization_penalty=1000.0,finalization_statistic=median,finalization_quantize=1,finalization_weeks=8,input_mode=vintaged,evaluation_seasons=recent_two",2024-2025,US,reported,prediction,0.0674315723350873,0.0674315723350873,0.0567398885955289,0.6817226890756303,4,"Residual · p1000, g1, h26, momentum, causal"
"task=finalize,finalization_cv=season,finalization_model=context_residual,finalization_gap=proxy,finalization_scope=targets,finalization_features=momentum,finalization_gate=causal,finalization_penalty=1000.0,finalization_statistic=median,finalization_quantize=1,finalization_weeks=8,input_mode=vintaged,evaluation_seasons=recent_two",2024-2025,US,uninterrupted_8,baselinenowcast,0.0299735966277953,0.0299735966277953,0.0227778539600107,0.65,1,"Residual · p1000, g1, h26, momentum, causal"
"task=finalize,finalization_cv=season,finalization_model=context_residual,finalization_gap=proxy,finalization_scope=targets,finalization_features=momentum,finalization_gate=causal,finalization_penalty=1000.0,finalization_statistic=median,finalization_quantize=1,finalization_weeks=8,input_mode=vintaged,evaluation_seasons=recent_two",2024-2025,US,uninterrupted_8,persistence,0.1109655138630351,0.1109655138630351,0.0843260920855222,0.05,1,"Residual · p1000, g1, h26, momentum, causal"
"task=finalize,finalization_cv=season,finalization_model=context_residual,finalization_gap=proxy,finalization_scope=targets,finalization_features=momentum,finalization_gate=causal,finalization_penalty=1000.0,finalization_statistic=median,finalization_quantize=1,finalization_weeks=8,input_mode=vintaged,evaluation_seasons=recent_two",2024-2025,US,uninterrupted_8,prediction,0.0442465954736945,0.0442465954736945,0.0336243428655768,0.55,1,"Residual · p1000, g1, h26, momentum, causal"
"task=finalize,finalization_cv=season,finalization_model=context_residual,finalization_gap=proxy,finalization_scope=targets,finalization_features=momentum,finalization_gate=causal,finalization_penalty=1000.0,finalization_statistic=median,finalization_quantize=1,finalization_weeks=8,input_mode=vintaged,evaluation_seasons=recent_two",2024-2025,states,all,baselinenowcast,0.224280137361787,0.2276093921035752,0.5733092701087009,0.2339964750964679,4,"Residual · p1000, g1, h26, momentum, causal"
"task=finalize,finalization_cv=season,finalization_model=context_residual,finalization_gap=proxy,finalization_scope=targets,finalization_features=momentum,finalization_gate=causal,finalization_penalty=1000.0,finalization_statistic=median,finalization_quantize=1,finalization_weeks=8,input_mode=vintaged,evaluation_seasons=recent_two",2024-2025,states,all,persistence,0.2289459394876438,0.2311471292085953,0.5793977704452169,0.2411774161535739,4,"Residual · p1000, g1, h26, momentum, causal"
"task=finalize,finalization_cv=season,finalization_model=context_residual,finalization_gap=proxy,finalization_scope=targets,finalization_features=momentum,finalization_gate=causal,finalization_penalty=1000.0,finalization_statistic=median,finalization_quantize=1,finalization_weeks=8,input_mode=vintaged,evaluation_seasons=recent_two",2024-2025,states,all,prediction,0.1986756633272423,0.2030153213077934,0.5128955331850201,0.2697519659817537,4,"Residual · p1000, g1, h26, momentum, causal"
"task=finalize,finalization_cv=season,finalization_model=context_residual,finalization_gap=proxy,finalization_scope=targets,finalization_features=momentum,finalization_gate=causal,finalization_penalty=1000.0,finalization_statistic=median,finalization_quantize=1,finalization_weeks=8,input_mode=vintaged,evaluation_seasons=recent_two",2024-2025,states,complete_and_uninterrupted,baselinenowcast,0.0914845125953617,0.1205299972121905,0.1009224198890468,0.3102068536392885,1,"Residual · p1000, g1, h26, momentum, causal"
"task=finalize,finalization_cv=season,finalization_model=context_residual,finalization_gap=proxy,finalization_scope=targets,finalization_features=momentum,finalization_gate=causal,finalization_penalty=1000.0,finalization_statistic=median,finalization_quantize=1,finalization_weeks=8,input_mode=vintaged,evaluation_seasons=recent_two",2024-2025,states,complete_and_uninterrupted,persistence,0.1259680713065591,0.1392405356500886,0.1121143927761454,0.4120328575186525,1,"Residual · p1000, g1, h26, momentum, causal"
"task=finalize,finalization_cv=season,finalization_model=context_residual,finalization_gap=proxy,finalization_scope=targets,finalization_features=momentum,finalization_gate=causal,finalization_penalty=1000.0,finalization_statistic=median,finalization_quantize=1,finalization_weeks=8,input_mode=vintaged,evaluation_seasons=recent_two",2024-2025,states,complete_and_uninterrupted,prediction,0.100088619462889,0.1210199827031272,0.0994094895226559,0.4802954016143781,1,"Residual · p1000, g1, h26, momentum, causal"
"task=finalize,finalization_cv=season,finalization_model=context_residual,finalization_gap=proxy,finalization_scope=targets,finalization_features=momentum,finalization_gate=causal,finalization_penalty=1000.0,finalization_statistic=median,finalization_quantize=1,finalization_weeks=8,input_mode=vintaged,evaluation_seasons=recent_two",2024-2025,states,complete_history_12,baselinenowcast,0.0916188337193137,0.1069123579462229,0.1012438284485299,0.5721889027161947,4,"Residual · p1000, g1, h26, momentum, causal"
"task=finalize,finalization_cv=season,finalization_model=context_residual,finalization_gap=proxy,finalization_scope=targets,finalization_features=momentum,finalization_gate=causal,finalization_penalty=1000.0,finalization_statistic=median,finalization_quantize=1,finalization_weeks=8,input_mode=vintaged,evaluation_seasons=recent_two",2024-2025,states,complete_history_12,persistence,0.0971484489843273,0.1109403061293957,0.1105284760378277,0.5798635776392653,4,"Residual · p1000, g1, h26, momentum, causal"
"task=finalize,finalization_cv=season,finalization_model=context_residual,finalization_gap=proxy,finalization_scope=targets,finalization_features=momentum,finalization_gate=causal,finalization_penalty=1000.0,finalization_statistic=median,finalization_quantize=1,finalization_weeks=8,input_mode=vintaged,evaluation_seasons=recent_two",2024-2025,states,complete_history_12,prediction,0.0836103604233761,0.099728982748423,0.0961810051963785,0.6408905612129282,4,"Residual · p1000, g1, h26, momentum, causal"
"task=finalize,finalization_cv=season,finalization_model=context_residual,finalization_gap=proxy,finalization_scope=targets,finalization_features=momentum,finalization_gate=causal,finalization_penalty=1000.0,finalization_statistic=median,finalization_quantize=1,finalization_weeks=8,input_mode=vintaged,evaluation_seasons=recent_two",2024-2025,states,reported,baselinenowcast,0.091663167902818,0.1069429471452713,0.1005165794265565,0.5715432163893787,4,"Residual · p1000, g1, h26, momentum, causal"
"task=finalize,finalization_cv=season,finalization_model=context_residual,finalization_gap=proxy,finalization_scope=targets,finalization_features=momentum,finalization_gate=causal,finalization_penalty=1000.0,finalization_statistic=median,finalization_quantize=1,finalization_weeks=8,input_mode=vintaged,evaluation_seasons=recent_two",2024-2025,states,reported,persistence,0.0971797616381697,0.1109774291530141,0.1100408340398203,0.579207565759229,4,"Residual · p1000, g1, h26, momentum, causal"
"task=finalize,finalization_cv=season,finalization_model=context_residual,finalization_gap=proxy,finalization_scope=targets,finalization_features=momentum,finalization_gate=causal,finalization_penalty=1000.0,finalization_statistic=median,finalization_quantize=1,finalization_weeks=8,input_mode=vintaged,evaluation_seasons=recent_two",2024-2025,states,reported,prediction,0.0836475017185914,0.0997685098474346,0.0957235820548247,0.640234549332892,4,"Residual · p1000, g1, h26, momentum, causal"
"task=finalize,finalization_cv=season,finalization_model=context_residual,finalization_gap=proxy,finalization_scope=targets,finalization_features=momentum,finalization_gate=causal,finalization_penalty=1000.0,finalization_statistic=median,finalization_quantize=1,finalization_weeks=8,input_mode=vintaged,evaluation_seasons=recent_two",2024-2025,states,uninterrupted_8,baselinenowcast,0.0914845125953617,0.1205299972121905,0.1009224198890468,0.3102068536392885,1,"Residual · p1000, g1, h26, momentum, causal"
"task=finalize,finalization_cv=season,finalization_model=context_residual,finalization_gap=proxy,finalization_scope=targets,finalization_features=momentum,finalization_gate=causal,finalization_penalty=1000.0,finalization_statistic=median,finalization_quantize=1,finalization_weeks=8,input_mode=vintaged,evaluation_seasons=recent_two",2024-2025,states,uninterrupted_8,persistence,0.1259680713065591,0.1392405356500886,0.1121143927761454,0.4120328575186525,1,"Residual · p1000, g1, h26, momentum, causal"
"task=finalize,finalization_cv=season,finalization_model=context_residual,finalization_gap=proxy,finalization_scope=targets,finalization_features=momentum,finalization_gate=causal,finalization_penalty=1000.0,finalization_statistic=median,finalization_quantize=1,finalization_weeks=8,input_mode=vintaged,evaluation_seasons=recent_two",2024-2025,states,uninterrupted_8,prediction,0.100088619462889,0.1210199827031272,0.0994094895226559,0.4802954016143781,1,"Residual · p1000, g1, h26, momentum, causal"
"task=finalize,finalization_cv=season,finalization_model=context_residual,finalization_gap=proxy,finalization_scope=targets,finalization_features=momentum,finalization_gate=causal,finalization_penalty=1000.0,finalization_statistic=median,finalization_quantize=1,finalization_weeks=8,input_mode=vintaged,evaluation_seasons=recent_two",2025-2026,US,all,baselinenowcast,0.08821846560785,0.08821846560785,0.0591473821062471,0.6761006289308176,6,"Residual · p1000, g1, h26, momentum, causal"
"task=finalize,finalization_cv=season,finalization_model=context_residual,finalization_gap=proxy,finalization_scope=targets,finalization_features=momentum,finalization_gate=causal,finalization_penalty=1000.0,finalization_statistic=median,finalization_quantize=1,finalization_weeks=8,input_mode=vintaged,evaluation_seasons=recent_two",2025-2026,US,all,persistence,0.1391253717832781,0.1391253717832781,0.0968552859888884,0.2421383647798742,6,"Residual · p1000, g1, h26, momentum, causal"
"task=finalize,finalization_cv=season,finalization_model=context_residual,finalization_gap=proxy,finalization_scope=targets,finalization_features=momentum,finalization_gate=causal,finalization_penalty=1000.0,finalization_statistic=median,finalization_quantize=1,finalization_weeks=8,input_mode=vintaged,evaluation_seasons=recent_two",2025-2026,US,all,prediction,0.0408483257054351,0.0408483257054351,0.0299703454660621,0.7138364779874213,6,"Residual · p1000, g1, h26, momentum, causal"
"task=finalize,finalization_cv=season,finalization_model=context_residual,finalization_gap=proxy,finalization_scope=targets,finalization_features=momentum,finalization_gate=causal,finalization_penalty=1000.0,finalization_statistic=median,finalization_quantize=1,finalization_weeks=8,input_mode=vintaged,evaluation_seasons=recent_two",2025-2026,US,complete_and_uninterrupted,baselinenowcast,0.0256700940665336,0.0256700940665336,0.0163818966541686,0.7862789987789988,6,"Residual · p1000, g1, h26, momentum, causal"
"task=finalize,finalization_cv=season,finalization_model=context_residual,finalization_gap=proxy,finalization_scope=targets,finalization_features=momentum,finalization_gate=causal,finalization_penalty=1000.0,finalization_statistic=median,finalization_quantize=1,finalization_weeks=8,input_mode=vintaged,evaluation_seasons=recent_two",2025-2026,US,complete_and_uninterrupted,persistence,0.0804743913993991,0.0804743913993991,0.0556763530789582,0.2787851037851038,6,"Residual · p1000, g1, h26, momentum, causal"
"task=finalize,finalization_cv=season,finalization_model=context_residual,finalization_gap=proxy,finalization_scope=targets,finalization_features=momentum,finalization_gate=causal,finalization_penalty=1000.0,finalization_statistic=median,finalization_quantize=1,finalization_weeks=8,input_mode=vintaged,evaluation_seasons=recent_two",2025-2026,US,complete_and_uninterrupted,prediction,0.0219081783477844,0.0219081783477844,0.0148955459350608,0.7769688644688645,6,"Residual · p1000, g1, h26, momentum, causal"
"task=finalize,finalization_cv=season,finalization_model=context_residual,finalization_gap=proxy,finalization_scope=targets,finalization_features=momentum,finalization_gate=causal,finalization_penalty=1000.0,finalization_statistic=median,finalization_quantize=1,finalization_weeks=8,input_mode=vintaged,evaluation_seasons=recent_two",2025-2026,US,complete_history_12,baselinenowcast,0.0249784243394159,0.0249784243394159,0.0183508779193713,0.7997406629971223,6,"Residual · p1000, g1, h26, momentum, causal"
"task=finalize,finalization_cv=season,finalization_model=context_residual,finalization_gap=proxy,finalization_scope=targets,finalization_features=momentum,finalization_gate=causal,finalization_penalty=1000.0,finalization_statistic=median,finalization_quantize=1,finalization_weeks=8,input_mode=vintaged,evaluation_seasons=recent_two",2025-2026,US,complete_history_12,persistence,0.0805448943867969,0.080544894386797,0.0629000085126402,0.2925777780509618,6,"Residual · p1000, g1, h26, momentum, causal"
"task=finalize,finalization_cv=season,finalization_model=context_residual,finalization_gap=proxy,finalization_scope=targets,finalization_features=momentum,finalization_gate=causal,finalization_penalty=1000.0,finalization_statistic=median,finalization_quantize=1,finalization_weeks=8,input_mode=vintaged,evaluation_seasons=recent_two",2025-2026,US,complete_history_12,prediction,0.0245266739456585,0.0245266739456585,0.0190558179768855,0.7920658141276432,6,"Residual · p1000, g1, h26, momentum, causal"
"task=finalize,finalization_cv=season,finalization_model=context_residual,finalization_gap=proxy,finalization_scope=targets,finalization_features=momentum,finalization_gate=causal,finalization_penalty=1000.0,finalization_statistic=median,finalization_quantize=1,finalization_weeks=8,input_mode=vintaged,evaluation_seasons=recent_two",2025-2026,US,reported,baselinenowcast,0.0249784243394159,0.0249784243394159,0.0183508779193713,0.7997406629971223,6,"Residual · p1000, g1, h26, momentum, causal"
"task=finalize,finalization_cv=season,finalization_model=context_residual,finalization_gap=proxy,finalization_scope=targets,finalization_features=momentum,finalization_gate=causal,finalization_penalty=1000.0,finalization_statistic=median,finalization_quantize=1,finalization_weeks=8,input_mode=vintaged,evaluation_seasons=recent_two",2025-2026,US,reported,persistence,0.0805448943867969,0.080544894386797,0.0629000085126402,0.2925777780509618,6,"Residual · p1000, g1, h26, momentum, causal"
"task=finalize,finalization_cv=season,finalization_model=context_residual,finalization_gap=proxy,finalization_scope=targets,finalization_features=momentum,finalization_gate=causal,finalization_penalty=1000.0,finalization_statistic=median,finalization_quantize=1,finalization_weeks=8,input_mode=vintaged,evaluation_seasons=recent_two",2025-2026,US,reported,prediction,0.0245266739456585,0.0245266739456585,0.0190558179768855,0.7920658141276432,6,"Residual · p1000, g1, h26, momentum, causal"
"task=finalize,finalization_cv=season,finalization_model=context_residual,finalization_gap=proxy,finalization_scope=targets,finalization_features=momentum,finalization_gate=causal,finalization_penalty=1000.0,finalization_statistic=median,finalization_quantize=1,finalization_weeks=8,input_mode=vintaged,evaluation_seasons=recent_two",2025-2026,US,uninterrupted_8,baselinenowcast,0.0256700940665336,0.0256700940665336,0.0163818966541686,0.7862789987789988,6,"Residual · p1000, g1, h26, momentum, causal"
"task=finalize,finalization_cv=season,finalization_model=context_residual,finalization_gap=proxy,finalization_scope=targets,finalization_features=momentum,finalization_gate=causal,finalization_penalty=1000.0,finalization_statistic=median,finalization_quantize=1,finalization_weeks=8,input_mode=vintaged,evaluation_seasons=recent_two",2025-2026,US,uninterrupted_8,persistence,0.0804743913993991,0.0804743913993991,0.0556763530789582,0.2787851037851038,6,"Residual · p1000, g1, h26, momentum, causal"
"task=finalize,finalization_cv=season,finalization_model=context_residual,finalization_gap=proxy,finalization_scope=targets,finalization_features=momentum,finalization_gate=causal,finalization_penalty=1000.0,finalization_statistic=median,finalization_quantize=1,finalization_weeks=8,input_mode=vintaged,evaluation_seasons=recent_two",2025-2026,US,uninterrupted_8,prediction,0.0219081783477844,0.0219081783477844,0.0148955459350608,0.7769688644688645,6,"Residual · p1000, g1, h26, momentum, causal"
"task=finalize,finalization_cv=season,finalization_model=context_residual,finalization_gap=proxy,finalization_scope=targets,finalization_features=momentum,finalization_gate=causal,finalization_penalty=1000.0,finalization_statistic=median,finalization_quantize=1,finalization_weeks=8,input_mode=vintaged,evaluation_seasons=recent_two",2025-2026,states,all,baselinenowcast,0.1213769493941566,0.1314566350593966,0.0908116630764999,0.4349664179526188,6,"Residual · p1000, g1, h26, momentum, causal"
"task=finalize,finalization_cv=season,finalization_model=context_residual,finalization_gap=proxy,finalization_scope=targets,finalization_features=momentum,finalization_gate=causal,finalization_penalty=1000.0,finalization_statistic=median,finalization_quantize=1,finalization_weeks=8,input_mode=vintaged,evaluation_seasons=recent_two",2025-2026,states,all,persistence,0.1459263308466758,0.1486726819066156,0.1042972688101852,0.4537404773209932,6,"Residual · p1000, g1, h26, momentum, causal"
"task=finalize,finalization_cv=season,finalization_model=context_residual,finalization_gap=proxy,finalization_scope=targets,finalization_features=momentum,finalization_gate=causal,finalization_penalty=1000.0,finalization_statistic=median,finalization_quantize=1,finalization_weeks=8,input_mode=vintaged,evaluation_seasons=recent_two",2025-2026,states,all,prediction,0.087177547524093,0.0996588701310959,0.0711384957679804,0.5379682622179637,6,"Residual · p1000, g1, h26, momentum, causal"
"task=finalize,finalization_cv=season,finalization_model=context_residual,finalization_gap=proxy,finalization_scope=targets,finalization_features=momentum,finalization_gate=causal,finalization_penalty=1000.0,finalization_statistic=median,finalization_quantize=1,finalization_weeks=8,input_mode=vintaged,evaluation_seasons=recent_two",2025-2026,states,complete_and_uninterrupted,baselinenowcast,0.0642298591019062,0.0773823102477753,0.0544989992691921,0.5043406897259834,6,"Residual · p1000, g1, h26, momentum, causal"
"task=finalize,finalization_cv=season,finalization_model=context_residual,finalization_gap=proxy,finalization_scope=targets,finalization_features=momentum,finalization_gate=causal,finalization_penalty=1000.0,finalization_statistic=median,finalization_quantize=1,finalization_weeks=8,input_mode=vintaged,evaluation_seasons=recent_two",2025-2026,states,complete_and_uninterrupted,persistence,0.0889968517576253,0.0954268863103975,0.0691086696670798,0.5345754834556661,6,"Residual · p1000, g1, h26, momentum, causal"
"task=finalize,finalization_cv=season,finalization_model=context_residual,finalization_gap=proxy,finalization_scope=targets,finalization_features=momentum,finalization_gate=causal,finalization_penalty=1000.0,finalization_statistic=median,finalization_quantize=1,finalization_weeks=8,input_mode=vintaged,evaluation_seasons=recent_two",2025-2026,states,complete_and_uninterrupted,prediction,0.0577508177980383,0.0681869409218651,0.048686029398568,0.6256905249051351,6,"Residual · p1000, g1, h26, momentum, causal"
"task=finalize,finalization_cv=season,finalization_model=context_residual,finalization_gap=proxy,finalization_scope=targets,finalization_features=momentum,finalization_gate=causal,finalization_penalty=1000.0,finalization_statistic=median,finalization_quantize=1,finalization_weeks=8,input_mode=vintaged,evaluation_seasons=recent_two",2025-2026,states,complete_history_12,baselinenowcast,0.0648883181209806,0.0791492780131868,0.0609279521028223,0.508185763624874,6,"Residual · p1000, g1, h26, momentum, causal"
"task=finalize,finalization_cv=season,finalization_model=context_residual,finalization_gap=proxy,finalization_scope=targets,finalization_features=momentum,finalization_gate=causal,finalization_penalty=1000.0,finalization_statistic=median,finalization_quantize=1,finalization_weeks=8,input_mode=vintaged,evaluation_seasons=recent_two",2025-2026,states,complete_history_12,persistence,0.0917324751758438,0.0980873281586784,0.0767139827701529,0.5245151084201437,6,"Residual · p1000, g1, h26, momentum, causal"
"task=finalize,finalization_cv=season,finalization_model=context_residual,finalization_gap=proxy,finalization_scope=targets,finalization_features=momentum,finalization_gate=causal,finalization_penalty=1000.0,finalization_statistic=median,finalization_quantize=1,finalization_weeks=8,input_mode=vintaged,evaluation_seasons=recent_two",2025-2026,states,complete_history_12,prediction,0.0609954626747683,0.0712598661543754,0.0542593302437019,0.6223832571500317,6,"Residual · p1000, g1, h26, momentum, causal"
"task=finalize,finalization_cv=season,finalization_model=context_residual,finalization_gap=proxy,finalization_scope=targets,finalization_features=momentum,finalization_gate=causal,finalization_penalty=1000.0,finalization_statistic=median,finalization_quantize=1,finalization_weeks=8,input_mode=vintaged,evaluation_seasons=recent_two",2025-2026,states,reported,baselinenowcast,0.0648883181209806,0.0791492780131868,0.0609279521028223,0.508185763624874,6,"Residual · p1000, g1, h26, momentum, causal"
"task=finalize,finalization_cv=season,finalization_model=context_residual,finalization_gap=proxy,finalization_scope=targets,finalization_features=momentum,finalization_gate=causal,finalization_penalty=1000.0,finalization_statistic=median,finalization_quantize=1,finalization_weeks=8,input_mode=vintaged,evaluation_seasons=recent_two",2025-2026,states,reported,persistence,0.0917324751758438,0.0980873281586784,0.0767139827701529,0.5245151084201437,6,"Residual · p1000, g1, h26, momentum, causal"
"task=finalize,finalization_cv=season,finalization_model=context_residual,finalization_gap=proxy,finalization_scope=targets,finalization_features=momentum,finalization_gate=causal,finalization_penalty=1000.0,finalization_statistic=median,finalization_quantize=1,finalization_weeks=8,input_mode=vintaged,evaluation_seasons=recent_two",2025-2026,states,reported,prediction,0.0609954626747683,0.0712598661543754,0.0542593302437019,0.6223832571500317,6,"Residual · p1000, g1, h26, momentum, causal"
"task=finalize,finalization_cv=season,finalization_model=context_residual,finalization_gap=proxy,finalization_scope=targets,finalization_features=momentum,finalization_gate=causal,finalization_penalty=1000.0,finalization_statistic=median,finalization_quantize=1,finalization_weeks=8,input_mode=vintaged,evaluation_seasons=recent_two",2025-2026,states,uninterrupted_8,baselinenowcast,0.0642298591019062,0.0773823102477753,0.0544989992691921,0.5043406897259834,6,"Residual · p1000, g1, h26, momentum, causal"
"task=finalize,finalization_cv=season,finalization_model=context_residual,finalization_gap=proxy,finalization_scope=targets,finalization_features=momentum,finalization_gate=causal,finalization_penalty=1000.0,finalization_statistic=median,finalization_quantize=1,finalization_weeks=8,input_mode=vintaged,evaluation_seasons=recent_two",2025-2026,states,uninterrupted_8,persistence,0.0889968517576253,0.0954268863103975,0.0691086696670798,0.5345754834556661,6,"Residual · p1000, g1, h26, momentum, causal"
"task=finalize,finalization_cv=season,finalization_model=context_residual,finalization_gap=proxy,finalization_scope=targets,finalization_features=momentum,finalization_gate=causal,finalization_penalty=1000.0,finalization_statistic=median,finalization_quantize=1,finalization_weeks=8,input_mode=vintaged,evaluation_seasons=recent_two",2025-2026,states,uninterrupted_8,prediction,0.0577508177980383,0.0681869409218651,0.048686029398568,0.6256905249051351,6,"Residual · p1000, g1, h26, momentum, causal"
"task=finalize,finalization_cv=season,finalization_model=context_residual,finalization_gap=proxy,finalization_scope=targets,finalization_features=momentum,finalization_penalty=1000.0,finalization_statistic=median,finalization_quantize=1,finalization_weeks=8,input_mode=vintaged,evaluation_seasons=recent_two",2024-2025,US,all,baselinenowcast,0.1708146080613092,0.1708146080613092,0.3952584106026653,0.2788461538461538,4,"Residual · p1000, g1, h26, momentum, none"
"task=finalize,finalization_cv=season,finalization_model=context_residual,finalization_gap=proxy,finalization_scope=targets,finalization_features=momentum,finalization_penalty=1000.0,finalization_statistic=median,finalization_quantize=1,finalization_weeks=8,input_mode=vintaged,evaluation_seasons=recent_two",2024-2025,US,all,persistence,0.1797582789434461,0.1797582789434461,0.4131524779615714,0.2067307692307692,4,"Residual · p1000, g1, h26, momentum, none"
"task=finalize,finalization_cv=season,finalization_model=context_residual,finalization_gap=proxy,finalization_scope=targets,finalization_features=momentum,finalization_penalty=1000.0,finalization_statistic=median,finalization_quantize=1,finalization_weeks=8,input_mode=vintaged,evaluation_seasons=recent_two",2024-2025,US,all,prediction,0.1360621826920293,0.1360621826920293,0.338067402048175,0.3509615384615385,4,"Residual · p1000, g1, h26, momentum, none"
"task=finalize,finalization_cv=season,finalization_model=context_residual,finalization_gap=proxy,finalization_scope=targets,finalization_features=momentum,finalization_penalty=1000.0,finalization_statistic=median,finalization_quantize=1,finalization_weeks=8,input_mode=vintaged,evaluation_seasons=recent_two",2024-2025,US,complete_and_uninterrupted,baselinenowcast,0.0299735966277953,0.0299735966277953,0.0227778539600107,0.65,1,"Residual · p1000, g1, h26, momentum, none"
"task=finalize,finalization_cv=season,finalization_model=context_residual,finalization_gap=proxy,finalization_scope=targets,finalization_features=momentum,finalization_penalty=1000.0,finalization_statistic=median,finalization_quantize=1,finalization_weeks=8,input_mode=vintaged,evaluation_seasons=recent_two",2024-2025,US,complete_and_uninterrupted,persistence,0.1109655138630351,0.1109655138630351,0.0843260920855222,0.05,1,"Residual · p1000, g1, h26, momentum, none"
"task=finalize,finalization_cv=season,finalization_model=context_residual,finalization_gap=proxy,finalization_scope=targets,finalization_features=momentum,finalization_penalty=1000.0,finalization_statistic=median,finalization_quantize=1,finalization_weeks=8,input_mode=vintaged,evaluation_seasons=recent_two",2024-2025,US,complete_and_uninterrupted,prediction,0.039678651905555,0.039678651905555,0.0301530226638441,0.6,1,"Residual · p1000, g1, h26, momentum, none"
"task=finalize,finalization_cv=season,finalization_model=context_residual,finalization_gap=proxy,finalization_scope=targets,finalization_features=momentum,finalization_penalty=1000.0,finalization_statistic=median,finalization_quantize=1,finalization_weeks=8,input_mode=vintaged,evaluation_seasons=recent_two",2024-2025,US,complete_history_12,baselinenowcast,0.0823012143862846,0.0823012143862846,0.06369104507816,0.5178571428571428,4,"Residual · p1000, g1, h26, momentum, none"
"task=finalize,finalization_cv=season,finalization_model=context_residual,finalization_gap=proxy,finalization_scope=targets,finalization_features=momentum,finalization_penalty=1000.0,finalization_statistic=median,finalization_quantize=1,finalization_weeks=8,input_mode=vintaged,evaluation_seasons=recent_two",2024-2025,US,complete_history_12,persistence,0.0928769644129952,0.0928769644129952,0.0910584252420166,0.407563025210084,4,"Residual · p1000, g1, h26, momentum, none"
"task=finalize,finalization_cv=season,finalization_model=context_residual,finalization_gap=proxy,finalization_scope=targets,finalization_features=momentum,finalization_penalty=1000.0,finalization_statistic=median,finalization_quantize=1,finalization_weeks=8,input_mode=vintaged,evaluation_seasons=recent_two",2024-2025,US,complete_history_12,prediction,0.0678885227411597,0.0678885227411597,0.0579223600725424,0.6890756302521008,4,"Residual · p1000, g1, h26, momentum, none"
"task=finalize,finalization_cv=season,finalization_model=context_residual,finalization_gap=proxy,finalization_scope=targets,finalization_features=momentum,finalization_penalty=1000.0,finalization_statistic=median,finalization_quantize=1,finalization_weeks=8,input_mode=vintaged,evaluation_seasons=recent_two",2024-2025,US,reported,baselinenowcast,0.0823012143862846,0.0823012143862846,0.06369104507816,0.5178571428571428,4,"Residual · p1000, g1, h26, momentum, none"
"task=finalize,finalization_cv=season,finalization_model=context_residual,finalization_gap=proxy,finalization_scope=targets,finalization_features=momentum,finalization_penalty=1000.0,finalization_statistic=median,finalization_quantize=1,finalization_weeks=8,input_mode=vintaged,evaluation_seasons=recent_two",2024-2025,US,reported,persistence,0.0928769644129952,0.0928769644129952,0.0910584252420166,0.407563025210084,4,"Residual · p1000, g1, h26, momentum, none"
"task=finalize,finalization_cv=season,finalization_model=context_residual,finalization_gap=proxy,finalization_scope=targets,finalization_features=momentum,finalization_penalty=1000.0,finalization_statistic=median,finalization_quantize=1,finalization_weeks=8,input_mode=vintaged,evaluation_seasons=recent_two",2024-2025,US,reported,prediction,0.0678885227411597,0.0678885227411597,0.0579223600725424,0.6890756302521008,4,"Residual · p1000, g1, h26, momentum, none"
"task=finalize,finalization_cv=season,finalization_model=context_residual,finalization_gap=proxy,finalization_scope=targets,finalization_features=momentum,finalization_penalty=1000.0,finalization_statistic=median,finalization_quantize=1,finalization_weeks=8,input_mode=vintaged,evaluation_seasons=recent_two",2024-2025,US,uninterrupted_8,baselinenowcast,0.0299735966277953,0.0299735966277953,0.0227778539600107,0.65,1,"Residual · p1000, g1, h26, momentum, none"
"task=finalize,finalization_cv=season,finalization_model=context_residual,finalization_gap=proxy,finalization_scope=targets,finalization_features=momentum,finalization_penalty=1000.0,finalization_statistic=median,finalization_quantize=1,finalization_weeks=8,input_mode=vintaged,evaluation_seasons=recent_two",2024-2025,US,uninterrupted_8,persistence,0.1109655138630351,0.1109655138630351,0.0843260920855222,0.05,1,"Residual · p1000, g1, h26, momentum, none"
"task=finalize,finalization_cv=season,finalization_model=context_residual,finalization_gap=proxy,finalization_scope=targets,finalization_features=momentum,finalization_penalty=1000.0,finalization_statistic=median,finalization_quantize=1,finalization_weeks=8,input_mode=vintaged,evaluation_seasons=recent_two",2024-2025,US,uninterrupted_8,prediction,0.039678651905555,0.039678651905555,0.0301530226638441,0.6,1,"Residual · p1000, g1, h26, momentum, none"
"task=finalize,finalization_cv=season,finalization_model=context_residual,finalization_gap=proxy,finalization_scope=targets,finalization_features=momentum,finalization_penalty=1000.0,finalization_statistic=median,finalization_quantize=1,finalization_weeks=8,input_mode=vintaged,evaluation_seasons=recent_two",2024-2025,states,all,baselinenowcast,0.224280137361787,0.2276093921035752,0.5733092701087009,0.2339964750964679,4,"Residual · p1000, g1, h26, momentum, none"
"task=finalize,finalization_cv=season,finalization_model=context_residual,finalization_gap=proxy,finalization_scope=targets,finalization_features=momentum,finalization_penalty=1000.0,finalization_statistic=median,finalization_quantize=1,finalization_weeks=8,input_mode=vintaged,evaluation_seasons=recent_two",2024-2025,states,all,persistence,0.2289459394876438,0.2311471292085953,0.5793977704452169,0.2411774161535739,4,"Residual · p1000, g1, h26, momentum, none"
"task=finalize,finalization_cv=season,finalization_model=context_residual,finalization_gap=proxy,finalization_scope=targets,finalization_features=momentum,finalization_penalty=1000.0,finalization_statistic=median,finalization_quantize=1,finalization_weeks=8,input_mode=vintaged,evaluation_seasons=recent_two",2024-2025,states,all,prediction,0.1984968724111012,0.202937793383591,0.5127159296956335,0.268437167528239,4,"Residual · p1000, g1, h26, momentum, none"
"task=finalize,finalization_cv=season,finalization_model=context_residual,finalization_gap=proxy,finalization_scope=targets,finalization_features=momentum,finalization_penalty=1000.0,finalization_statistic=median,finalization_quantize=1,finalization_weeks=8,input_mode=vintaged,evaluation_seasons=recent_two",2024-2025,states,complete_and_uninterrupted,baselinenowcast,0.0914845125953617,0.1205299972121905,0.1009224198890468,0.3102068536392885,1,"Residual · p1000, g1, h26, momentum, none"
"task=finalize,finalization_cv=season,finalization_model=context_residual,finalization_gap=proxy,finalization_scope=targets,finalization_features=momentum,finalization_penalty=1000.0,finalization_statistic=median,finalization_quantize=1,finalization_weeks=8,input_mode=vintaged,evaluation_seasons=recent_two",2024-2025,states,complete_and_uninterrupted,persistence,0.1259680713065591,0.1392405356500886,0.1121143927761454,0.4120328575186525,1,"Residual · p1000, g1, h26, momentum, none"
"task=finalize,finalization_cv=season,finalization_model=context_residual,finalization_gap=proxy,finalization_scope=targets,finalization_features=momentum,finalization_penalty=1000.0,finalization_statistic=median,finalization_quantize=1,finalization_weeks=8,input_mode=vintaged,evaluation_seasons=recent_two",2024-2025,states,complete_and_uninterrupted,prediction,0.0951952839033662,0.118969684968403,0.0978885527803872,0.4703913643200659,1,"Residual · p1000, g1, h26, momentum, none"
"task=finalize,finalization_cv=season,finalization_model=context_residual,finalization_gap=proxy,finalization_scope=targets,finalization_features=momentum,finalization_penalty=1000.0,finalization_statistic=median,finalization_quantize=1,finalization_weeks=8,input_mode=vintaged,evaluation_seasons=recent_two",2024-2025,states,complete_history_12,baselinenowcast,0.0916188337193137,0.1069123579462229,0.1012438284485299,0.5721889027161947,4,"Residual · p1000, g1, h26, momentum, none"
"task=finalize,finalization_cv=season,finalization_model=context_residual,finalization_gap=proxy,finalization_scope=targets,finalization_features=momentum,finalization_penalty=1000.0,finalization_statistic=median,finalization_quantize=1,finalization_weeks=8,input_mode=vintaged,evaluation_seasons=recent_two",2024-2025,states,complete_history_12,persistence,0.0971484489843273,0.1109403061293957,0.1105284760378277,0.5798635776392653,4,"Residual · p1000, g1, h26, momentum, none"
"task=finalize,finalization_cv=season,finalization_model=context_residual,finalization_gap=proxy,finalization_scope=targets,finalization_features=momentum,finalization_penalty=1000.0,finalization_statistic=median,finalization_quantize=1,finalization_weeks=8,input_mode=vintaged,evaluation_seasons=recent_two",2024-2025,states,complete_history_12,prediction,0.0833960932603599,0.0996307858660882,0.0958963682709871,0.6393073484001661,4,"Residual · p1000, g1, h26, momentum, none"
"task=finalize,finalization_cv=season,finalization_model=context_residual,finalization_gap=proxy,finalization_scope=targets,finalization_features=momentum,finalization_penalty=1000.0,finalization_statistic=median,finalization_quantize=1,finalization_weeks=8,input_mode=vintaged,evaluation_seasons=recent_two",2024-2025,states,reported,baselinenowcast,0.091663167902818,0.1069429471452713,0.1005165794265565,0.5715432163893787,4,"Residual · p1000, g1, h26, momentum, none"
"task=finalize,finalization_cv=season,finalization_model=context_residual,finalization_gap=proxy,finalization_scope=targets,finalization_features=momentum,finalization_penalty=1000.0,finalization_statistic=median,finalization_quantize=1,finalization_weeks=8,input_mode=vintaged,evaluation_seasons=recent_two",2024-2025,states,reported,persistence,0.0971797616381697,0.1109774291530141,0.1100408340398203,0.579207565759229,4,"Residual · p1000, g1, h26, momentum, none"
"task=finalize,finalization_cv=season,finalization_model=context_residual,finalization_gap=proxy,finalization_scope=targets,finalization_features=momentum,finalization_penalty=1000.0,finalization_statistic=median,finalization_quantize=1,finalization_weeks=8,input_mode=vintaged,evaluation_seasons=recent_two",2024-2025,states,reported,prediction,0.0834362047333832,0.0996712539306412,0.0954330282529877,0.6387010521467457,4,"Residual · p1000, g1, h26, momentum, none"
"task=finalize,finalization_cv=season,finalization_model=context_residual,finalization_gap=proxy,finalization_scope=targets,finalization_features=momentum,finalization_penalty=1000.0,finalization_statistic=median,finalization_quantize=1,finalization_weeks=8,input_mode=vintaged,evaluation_seasons=recent_two",2024-2025,states,uninterrupted_8,baselinenowcast,0.0914845125953617,0.1205299972121905,0.1009224198890468,0.3102068536392885,1,"Residual · p1000, g1, h26, momentum, none"
"task=finalize,finalization_cv=season,finalization_model=context_residual,finalization_gap=proxy,finalization_scope=targets,finalization_features=momentum,finalization_penalty=1000.0,finalization_statistic=median,finalization_quantize=1,finalization_weeks=8,input_mode=vintaged,evaluation_seasons=recent_two",2024-2025,states,uninterrupted_8,persistence,0.1259680713065591,0.1392405356500886,0.1121143927761454,0.4120328575186525,1,"Residual · p1000, g1, h26, momentum, none"
"task=finalize,finalization_cv=season,finalization_model=context_residual,finalization_gap=proxy,finalization_scope=targets,finalization_features=momentum,finalization_penalty=1000.0,finalization_statistic=median,finalization_quantize=1,finalization_weeks=8,input_mode=vintaged,evaluation_seasons=recent_two",2024-2025,states,uninterrupted_8,prediction,0.0951952839033662,0.118969684968403,0.0978885527803872,0.4703913643200659,1,"Residual · p1000, g1, h26, momentum, none"
"task=finalize,finalization_cv=season,finalization_model=context_residual,finalization_gap=proxy,finalization_scope=targets,finalization_features=momentum,finalization_penalty=1000.0,finalization_statistic=median,finalization_quantize=1,finalization_weeks=8,input_mode=vintaged,evaluation_seasons=recent_two",2025-2026,US,all,baselinenowcast,0.08821846560785,0.08821846560785,0.0591473821062471,0.6761006289308176,6,"Residual · p1000, g1, h26, momentum, none"
"task=finalize,finalization_cv=season,finalization_model=context_residual,finalization_gap=proxy,finalization_scope=targets,finalization_features=momentum,finalization_penalty=1000.0,finalization_statistic=median,finalization_quantize=1,finalization_weeks=8,input_mode=vintaged,evaluation_seasons=recent_two",2025-2026,US,all,persistence,0.1391253717832781,0.1391253717832781,0.0968552859888884,0.2421383647798742,6,"Residual · p1000, g1, h26, momentum, none"
"task=finalize,finalization_cv=season,finalization_model=context_residual,finalization_gap=proxy,finalization_scope=targets,finalization_features=momentum,finalization_penalty=1000.0,finalization_statistic=median,finalization_quantize=1,finalization_weeks=8,input_mode=vintaged,evaluation_seasons=recent_two",2025-2026,US,all,prediction,0.0409879424540447,0.0409879424540447,0.0303368627406385,0.710691823899371,6,"Residual · p1000, g1, h26, momentum, none"
"task=finalize,finalization_cv=season,finalization_model=context_residual,finalization_gap=proxy,finalization_scope=targets,finalization_features=momentum,finalization_penalty=1000.0,finalization_statistic=median,finalization_quantize=1,finalization_weeks=8,input_mode=vintaged,evaluation_seasons=recent_two",2025-2026,US,complete_and_uninterrupted,baselinenowcast,0.0256700940665336,0.0256700940665336,0.0163818966541686,0.7862789987789988,6,"Residual · p1000, g1, h26, momentum, none"
"task=finalize,finalization_cv=season,finalization_model=context_residual,finalization_gap=proxy,finalization_scope=targets,finalization_features=momentum,finalization_penalty=1000.0,finalization_statistic=median,finalization_quantize=1,finalization_weeks=8,input_mode=vintaged,evaluation_seasons=recent_two",2025-2026,US,complete_and_uninterrupted,persistence,0.0804743913993991,0.0804743913993991,0.0556763530789582,0.2787851037851038,6,"Residual · p1000, g1, h26, momentum, none"
"task=finalize,finalization_cv=season,finalization_model=context_residual,finalization_gap=proxy,finalization_scope=targets,finalization_features=momentum,finalization_penalty=1000.0,finalization_statistic=median,finalization_quantize=1,finalization_weeks=8,input_mode=vintaged,evaluation_seasons=recent_two",2025-2026,US,complete_and_uninterrupted,prediction,0.0227562844233345,0.0227562844233345,0.0155745469498339,0.7676587301587302,6,"Residual · p1000, g1, h26, momentum, none"
"task=finalize,finalization_cv=season,finalization_model=context_residual,finalization_gap=proxy,finalization_scope=targets,finalization_features=momentum,finalization_penalty=1000.0,finalization_statistic=median,finalization_quantize=1,finalization_weeks=8,input_mode=vintaged,evaluation_seasons=recent_two",2025-2026,US,complete_history_12,baselinenowcast,0.0249784243394159,0.0249784243394159,0.0183508779193713,0.7997406629971223,6,"Residual · p1000, g1, h26, momentum, none"
"task=finalize,finalization_cv=season,finalization_model=context_residual,finalization_gap=proxy,finalization_scope=targets,finalization_features=momentum,finalization_penalty=1000.0,finalization_statistic=median,finalization_quantize=1,finalization_weeks=8,input_mode=vintaged,evaluation_seasons=recent_two",2025-2026,US,complete_history_12,persistence,0.0805448943867969,0.080544894386797,0.0629000085126402,0.2925777780509618,6,"Residual · p1000, g1, h26, momentum, none"
"task=finalize,finalization_cv=season,finalization_model=context_residual,finalization_gap=proxy,finalization_scope=targets,finalization_features=momentum,finalization_penalty=1000.0,finalization_statistic=median,finalization_quantize=1,finalization_weeks=8,input_mode=vintaged,evaluation_seasons=recent_two",2025-2026,US,complete_history_12,prediction,0.024632848067557,0.024632848067557,0.0195354866208845,0.7874997140104814,6,"Residual · p1000, g1, h26, momentum, none"
"task=finalize,finalization_cv=season,finalization_model=context_residual,finalization_gap=proxy,finalization_scope=targets,finalization_features=momentum,finalization_penalty=1000.0,finalization_statistic=median,finalization_quantize=1,finalization_weeks=8,input_mode=vintaged,evaluation_seasons=recent_two",2025-2026,US,reported,baselinenowcast,0.0249784243394159,0.0249784243394159,0.0183508779193713,0.7997406629971223,6,"Residual · p1000, g1, h26, momentum, none"
"task=finalize,finalization_cv=season,finalization_model=context_residual,finalization_gap=proxy,finalization_scope=targets,finalization_features=momentum,finalization_penalty=1000.0,finalization_statistic=median,finalization_quantize=1,finalization_weeks=8,input_mode=vintaged,evaluation_seasons=recent_two",2025-2026,US,reported,persistence,0.0805448943867969,0.080544894386797,0.0629000085126402,0.2925777780509618,6,"Residual · p1000, g1, h26, momentum, none"
"task=finalize,finalization_cv=season,finalization_model=context_residual,finalization_gap=proxy,finalization_scope=targets,finalization_features=momentum,finalization_penalty=1000.0,finalization_statistic=median,finalization_quantize=1,finalization_weeks=8,input_mode=vintaged,evaluation_seasons=recent_two",2025-2026,US,reported,prediction,0.024632848067557,0.024632848067557,0.0195354866208845,0.7874997140104814,6,"Residual · p1000, g1, h26, momentum, none"
"task=finalize,finalization_cv=season,finalization_model=context_residual,finalization_gap=proxy,finalization_scope=targets,finalization_features=momentum,finalization_penalty=1000.0,finalization_statistic=median,finalization_quantize=1,finalization_weeks=8,input_mode=vintaged,evaluation_seasons=recent_two",2025-2026,US,uninterrupted_8,baselinenowcast,0.0256700940665336,0.0256700940665336,0.0163818966541686,0.7862789987789988,6,"Residual · p1000, g1, h26, momentum, none"
"task=finalize,finalization_cv=season,finalization_model=context_residual,finalization_gap=proxy,finalization_scope=targets,finalization_features=momentum,finalization_penalty=1000.0,finalization_statistic=median,finalization_quantize=1,finalization_weeks=8,input_mode=vintaged,evaluation_seasons=recent_two",2025-2026,US,uninterrupted_8,persistence,0.0804743913993991,0.0804743913993991,0.0556763530789582,0.2787851037851038,6,"Residual · p1000, g1, h26, momentum, none"
"task=finalize,finalization_cv=season,finalization_model=context_residual,finalization_gap=proxy,finalization_scope=targets,finalization_features=momentum,finalization_penalty=1000.0,finalization_statistic=median,finalization_quantize=1,finalization_weeks=8,input_mode=vintaged,evaluation_seasons=recent_two",2025-2026,US,uninterrupted_8,prediction,0.0227562844233345,0.0227562844233345,0.0155745469498339,0.7676587301587302,6,"Residual · p1000, g1, h26, momentum, none"
"task=finalize,finalization_cv=season,finalization_model=context_residual,finalization_gap=proxy,finalization_scope=targets,finalization_features=momentum,finalization_penalty=1000.0,finalization_statistic=median,finalization_quantize=1,finalization_weeks=8,input_mode=vintaged,evaluation_seasons=recent_two",2025-2026,states,all,baselinenowcast,0.1213769493941566,0.1314566350593966,0.0908116630764999,0.4349664179526188,6,"Residual · p1000, g1, h26, momentum, none"
"task=finalize,finalization_cv=season,finalization_model=context_residual,finalization_gap=proxy,finalization_scope=targets,finalization_features=momentum,finalization_penalty=1000.0,finalization_statistic=median,finalization_quantize=1,finalization_weeks=8,input_mode=vintaged,evaluation_seasons=recent_two",2025-2026,states,all,persistence,0.1459263308466758,0.1486726819066156,0.1042972688101852,0.4537404773209932,6,"Residual · p1000, g1, h26, momentum, none"
"task=finalize,finalization_cv=season,finalization_model=context_residual,finalization_gap=proxy,finalization_scope=targets,finalization_features=momentum,finalization_penalty=1000.0,finalization_statistic=median,finalization_quantize=1,finalization_weeks=8,input_mode=vintaged,evaluation_seasons=recent_two",2025-2026,states,all,prediction,0.0853319210598045,0.0984747165818898,0.0703972399569851,0.5400618935386006,6,"Residual · p1000, g1, h26, momentum, none"
"task=finalize,finalization_cv=season,finalization_model=context_residual,finalization_gap=proxy,finalization_scope=targets,finalization_features=momentum,finalization_penalty=1000.0,finalization_statistic=median,finalization_quantize=1,finalization_weeks=8,input_mode=vintaged,evaluation_seasons=recent_two",2025-2026,states,complete_and_uninterrupted,baselinenowcast,0.0642298591019062,0.0773823102477753,0.0544989992691921,0.5043406897259834,6,"Residual · p1000, g1, h26, momentum, none"
"task=finalize,finalization_cv=season,finalization_model=context_residual,finalization_gap=proxy,finalization_scope=targets,finalization_features=momentum,finalization_penalty=1000.0,finalization_statistic=median,finalization_quantize=1,finalization_weeks=8,input_mode=vintaged,evaluation_seasons=recent_two",2025-2026,states,complete_and_uninterrupted,persistence,0.0889968517576253,0.0954268863103975,0.0691086696670798,0.5345754834556661,6,"Residual · p1000, g1, h26, momentum, none"
"task=finalize,finalization_cv=season,finalization_model=context_residual,finalization_gap=proxy,finalization_scope=targets,finalization_features=momentum,finalization_penalty=1000.0,finalization_statistic=median,finalization_quantize=1,finalization_weeks=8,input_mode=vintaged,evaluation_seasons=recent_two",2025-2026,states,complete_and_uninterrupted,prediction,0.0559131080871621,0.0669302593475322,0.0478406439122023,0.6268462180410764,6,"Residual · p1000, g1, h26, momentum, none"
"task=finalize,finalization_cv=season,finalization_model=context_residual,finalization_gap=proxy,finalization_scope=targets,finalization_features=momentum,finalization_penalty=1000.0,finalization_statistic=median,finalization_quantize=1,finalization_weeks=8,input_mode=vintaged,evaluation_seasons=recent_two",2025-2026,states,complete_history_12,baselinenowcast,0.0648883181209806,0.0791492780131868,0.0609279521028223,0.508185763624874,6,"Residual · p1000, g1, h26, momentum, none"
"task=finalize,finalization_cv=season,finalization_model=context_residual,finalization_gap=proxy,finalization_scope=targets,finalization_features=momentum,finalization_penalty=1000.0,finalization_statistic=median,finalization_quantize=1,finalization_weeks=8,input_mode=vintaged,evaluation_seasons=recent_two",2025-2026,states,complete_history_12,persistence,0.0917324751758438,0.0980873281586784,0.0767139827701529,0.5245151084201437,6,"Residual · p1000, g1, h26, momentum, none"
"task=finalize,finalization_cv=season,finalization_model=context_residual,finalization_gap=proxy,finalization_scope=targets,finalization_features=momentum,finalization_penalty=1000.0,finalization_statistic=median,finalization_quantize=1,finalization_weeks=8,input_mode=vintaged,evaluation_seasons=recent_two",2025-2026,states,complete_history_12,prediction,0.0590144160321787,0.0699815588821765,0.0534412584398696,0.6246279295997269,6,"Residual · p1000, g1, h26, momentum, none"
"task=finalize,finalization_cv=season,finalization_model=context_residual,finalization_gap=proxy,finalization_scope=targets,finalization_features=momentum,finalization_penalty=1000.0,finalization_statistic=median,finalization_quantize=1,finalization_weeks=8,input_mode=vintaged,evaluation_seasons=recent_two",2025-2026,states,reported,baselinenowcast,0.0648883181209806,0.0791492780131868,0.0609279521028223,0.508185763624874,6,"Residual · p1000, g1, h26, momentum, none"
"task=finalize,finalization_cv=season,finalization_model=context_residual,finalization_gap=proxy,finalization_scope=targets,finalization_features=momentum,finalization_penalty=1000.0,finalization_statistic=median,finalization_quantize=1,finalization_weeks=8,input_mode=vintaged,evaluation_seasons=recent_two",2025-2026,states,reported,persistence,0.0917324751758438,0.0980873281586784,0.0767139827701529,0.5245151084201437,6,"Residual · p1000, g1, h26, momentum, none"
"task=finalize,finalization_cv=season,finalization_model=context_residual,finalization_gap=proxy,finalization_scope=targets,finalization_features=momentum,finalization_penalty=1000.0,finalization_statistic=median,finalization_quantize=1,finalization_weeks=8,input_mode=vintaged,evaluation_seasons=recent_two",2025-2026,states,reported,prediction,0.0590144160321787,0.0699815588821765,0.0534412584398696,0.6246279295997269,6,"Residual · p1000, g1, h26, momentum, none"
"task=finalize,finalization_cv=season,finalization_model=context_residual,finalization_gap=proxy,finalization_scope=targets,finalization_features=momentum,finalization_penalty=1000.0,finalization_statistic=median,finalization_quantize=1,finalization_weeks=8,input_mode=vintaged,evaluation_seasons=recent_two",2025-2026,states,uninterrupted_8,baselinenowcast,0.0642298591019062,0.0773823102477753,0.0544989992691921,0.5043406897259834,6,"Residual · p1000, g1, h26, momentum, none"
"task=finalize,finalization_cv=season,finalization_model=context_residual,finalization_gap=proxy,finalization_scope=targets,finalization_features=momentum,finalization_penalty=1000.0,finalization_statistic=median,finalization_quantize=1,finalization_weeks=8,input_mode=vintaged,evaluation_seasons=recent_two",2025-2026,states,uninterrupted_8,persistence,0.0889968517576253,0.0954268863103975,0.0691086696670798,0.5345754834556661,6,"Residual · p1000, g1, h26, momentum, none"
"task=finalize,finalization_cv=season,finalization_model=context_residual,finalization_gap=proxy,finalization_scope=targets,finalization_features=momentum,finalization_penalty=1000.0,finalization_statistic=median,finalization_quantize=1,finalization_weeks=8,input_mode=vintaged,evaluation_seasons=recent_two",2025-2026,states,uninterrupted_8,prediction,0.0559131080871621,0.0669302593475322,0.0478406439122023,0.6268462180410764,6,"Residual · p1000, g1, h26, momentum, none"
"task=finalize,finalization_cv=season,finalization_model=context_residual,finalization_gap=proxy,finalization_scope=targets,finalization_gate=admissions,finalization_penalty=1000.0,finalization_statistic=median,finalization_quantize=1,finalization_weeks=8,input_mode=vintaged,evaluation_seasons=recent_two",2024-2025,US,all,baselinenowcast,0.1708146080613092,0.1708146080613092,0.3952584106026653,0.2788461538461538,4,"Residual · p1000, g1, h26, basic, admissions"
"task=finalize,finalization_cv=season,finalization_model=context_residual,finalization_gap=proxy,finalization_scope=targets,finalization_gate=admissions,finalization_penalty=1000.0,finalization_statistic=median,finalization_quantize=1,finalization_weeks=8,input_mode=vintaged,evaluation_seasons=recent_two",2024-2025,US,all,persistence,0.1797582789434461,0.1797582789434461,0.4131524779615714,0.2067307692307692,4,"Residual · p1000, g1, h26, basic, admissions"
"task=finalize,finalization_cv=season,finalization_model=context_residual,finalization_gap=proxy,finalization_scope=targets,finalization_gate=admissions,finalization_penalty=1000.0,finalization_statistic=median,finalization_quantize=1,finalization_weeks=8,input_mode=vintaged,evaluation_seasons=recent_two",2024-2025,US,all,prediction,0.1359763089264647,0.1359763089264647,0.3378955899532243,0.3461538461538461,4,"Residual · p1000, g1, h26, basic, admissions"
"task=finalize,finalization_cv=season,finalization_model=context_residual,finalization_gap=proxy,finalization_scope=targets,finalization_gate=admissions,finalization_penalty=1000.0,finalization_statistic=median,finalization_quantize=1,finalization_weeks=8,input_mode=vintaged,evaluation_seasons=recent_two",2024-2025,US,complete_and_uninterrupted,baselinenowcast,0.0299735966277953,0.0299735966277953,0.0227778539600107,0.65,1,"Residual · p1000, g1, h26, basic, admissions"
"task=finalize,finalization_cv=season,finalization_model=context_residual,finalization_gap=proxy,finalization_scope=targets,finalization_gate=admissions,finalization_penalty=1000.0,finalization_statistic=median,finalization_quantize=1,finalization_weeks=8,input_mode=vintaged,evaluation_seasons=recent_two",2024-2025,US,complete_and_uninterrupted,persistence,0.1109655138630351,0.1109655138630351,0.0843260920855222,0.05,1,"Residual · p1000, g1, h26, basic, admissions"
"task=finalize,finalization_cv=season,finalization_model=context_residual,finalization_gap=proxy,finalization_scope=targets,finalization_gate=admissions,finalization_penalty=1000.0,finalization_statistic=median,finalization_quantize=1,finalization_weeks=8,input_mode=vintaged,evaluation_seasons=recent_two",2024-2025,US,complete_and_uninterrupted,prediction,0.0416013520133241,0.0416013520133241,0.0316141413546539,0.55,1,"Residual · p1000, g1, h26, basic, admissions"
"task=finalize,finalization_cv=season,finalization_model=context_residual,finalization_gap=proxy,finalization_scope=targets,finalization_gate=admissions,finalization_penalty=1000.0,finalization_statistic=median,finalization_quantize=1,finalization_weeks=8,input_mode=vintaged,evaluation_seasons=recent_two",2024-2025,US,complete_history_12,baselinenowcast,0.0823012143862846,0.0823012143862846,0.06369104507816,0.5178571428571428,4,"Residual · p1000, g1, h26, basic, admissions"
"task=finalize,finalization_cv=season,finalization_model=context_residual,finalization_gap=proxy,finalization_scope=targets,finalization_gate=admissions,finalization_penalty=1000.0,finalization_statistic=median,finalization_quantize=1,finalization_weeks=8,input_mode=vintaged,evaluation_seasons=recent_two",2024-2025,US,complete_history_12,persistence,0.0928769644129952,0.0928769644129952,0.0910584252420166,0.407563025210084,4,"Residual · p1000, g1, h26, basic, admissions"
"task=finalize,finalization_cv=season,finalization_model=context_residual,finalization_gap=proxy,finalization_scope=targets,finalization_gate=admissions,finalization_penalty=1000.0,finalization_statistic=median,finalization_quantize=1,finalization_weeks=8,input_mode=vintaged,evaluation_seasons=recent_two",2024-2025,US,complete_history_12,prediction,0.0677869782064769,0.0677869782064769,0.0576595886332061,0.6817226890756303,4,"Residual · p1000, g1, h26, basic, admissions"
"task=finalize,finalization_cv=season,finalization_model=context_residual,finalization_gap=proxy,finalization_scope=targets,finalization_gate=admissions,finalization_penalty=1000.0,finalization_statistic=median,finalization_quantize=1,finalization_weeks=8,input_mode=vintaged,evaluation_seasons=recent_two",2024-2025,US,reported,baselinenowcast,0.0823012143862846,0.0823012143862846,0.06369104507816,0.5178571428571428,4,"Residual · p1000, g1, h26, basic, admissions"
"task=finalize,finalization_cv=season,finalization_model=context_residual,finalization_gap=proxy,finalization_scope=targets,finalization_gate=admissions,finalization_penalty=1000.0,finalization_statistic=median,finalization_quantize=1,finalization_weeks=8,input_mode=vintaged,evaluation_seasons=recent_two",2024-2025,US,reported,persistence,0.0928769644129952,0.0928769644129952,0.0910584252420166,0.407563025210084,4,"Residual · p1000, g1, h26, basic, admissions"
"task=finalize,finalization_cv=season,finalization_model=context_residual,finalization_gap=proxy,finalization_scope=targets,finalization_gate=admissions,finalization_penalty=1000.0,finalization_statistic=median,finalization_quantize=1,finalization_weeks=8,input_mode=vintaged,evaluation_seasons=recent_two",2024-2025,US,reported,prediction,0.0677869782064769,0.0677869782064769,0.0576595886332061,0.6817226890756303,4,"Residual · p1000, g1, h26, basic, admissions"
"task=finalize,finalization_cv=season,finalization_model=context_residual,finalization_gap=proxy,finalization_scope=targets,finalization_gate=admissions,finalization_penalty=1000.0,finalization_statistic=median,finalization_quantize=1,finalization_weeks=8,input_mode=vintaged,evaluation_seasons=recent_two",2024-2025,US,uninterrupted_8,baselinenowcast,0.0299735966277953,0.0299735966277953,0.0227778539600107,0.65,1,"Residual · p1000, g1, h26, basic, admissions"
"task=finalize,finalization_cv=season,finalization_model=context_residual,finalization_gap=proxy,finalization_scope=targets,finalization_gate=admissions,finalization_penalty=1000.0,finalization_statistic=median,finalization_quantize=1,finalization_weeks=8,input_mode=vintaged,evaluation_seasons=recent_two",2024-2025,US,uninterrupted_8,persistence,0.1109655138630351,0.1109655138630351,0.0843260920855222,0.05,1,"Residual · p1000, g1, h26, basic, admissions"
"task=finalize,finalization_cv=season,finalization_model=context_residual,finalization_gap=proxy,finalization_scope=targets,finalization_gate=admissions,finalization_penalty=1000.0,finalization_statistic=median,finalization_quantize=1,finalization_weeks=8,input_mode=vintaged,evaluation_seasons=recent_two",2024-2025,US,uninterrupted_8,prediction,0.0416013520133241,0.0416013520133241,0.0316141413546539,0.55,1,"Residual · p1000, g1, h26, basic, admissions"
"task=finalize,finalization_cv=season,finalization_model=context_residual,finalization_gap=proxy,finalization_scope=targets,finalization_gate=admissions,finalization_penalty=1000.0,finalization_statistic=median,finalization_quantize=1,finalization_weeks=8,input_mode=vintaged,evaluation_seasons=recent_two",2024-2025,states,all,baselinenowcast,0.224280137361787,0.2276093921035752,0.5733092701087009,0.2339964750964679,4,"Residual · p1000, g1, h26, basic, admissions"
"task=finalize,finalization_cv=season,finalization_model=context_residual,finalization_gap=proxy,finalization_scope=targets,finalization_gate=admissions,finalization_penalty=1000.0,finalization_statistic=median,finalization_quantize=1,finalization_weeks=8,input_mode=vintaged,evaluation_seasons=recent_two",2024-2025,states,all,persistence,0.2289459394876438,0.2311471292085953,0.5793977704452169,0.2411774161535739,4,"Residual · p1000, g1, h26, basic, admissions"
"task=finalize,finalization_cv=season,finalization_model=context_residual,finalization_gap=proxy,finalization_scope=targets,finalization_gate=admissions,finalization_penalty=1000.0,finalization_statistic=median,finalization_quantize=1,finalization_weeks=8,input_mode=vintaged,evaluation_seasons=recent_two",2024-2025,states,all,prediction,0.1984877270956975,0.2029302446636224,0.5126947385427829,0.2683209955852741,4,"Residual · p1000, g1, h26, basic, admissions"
"task=finalize,finalization_cv=season,finalization_model=context_residual,finalization_gap=proxy,finalization_scope=targets,finalization_gate=admissions,finalization_penalty=1000.0,finalization_statistic=median,finalization_quantize=1,finalization_weeks=8,input_mode=vintaged,evaluation_seasons=recent_two",2024-2025,states,complete_and_uninterrupted,baselinenowcast,0.0914845125953617,0.1205299972121905,0.1009224198890468,0.3102068536392885,1,"Residual · p1000, g1, h26, basic, admissions"
"task=finalize,finalization_cv=season,finalization_model=context_residual,finalization_gap=proxy,finalization_scope=targets,finalization_gate=admissions,finalization_penalty=1000.0,finalization_statistic=median,finalization_quantize=1,finalization_weeks=8,input_mode=vintaged,evaluation_seasons=recent_two",2024-2025,states,complete_and_uninterrupted,persistence,0.1259680713065591,0.1392405356500886,0.1121143927761454,0.4120328575186525,1,"Residual · p1000, g1, h26, basic, admissions"
"task=finalize,finalization_cv=season,finalization_model=context_residual,finalization_gap=proxy,finalization_scope=targets,finalization_gate=admissions,finalization_penalty=1000.0,finalization_statistic=median,finalization_quantize=1,finalization_weeks=8,input_mode=vintaged,evaluation_seasons=recent_two",2024-2025,states,complete_and_uninterrupted,prediction,0.0954906821129962,0.1192225209394781,0.0980102665984454,0.4694109721632031,1,"Residual · p1000, g1, h26, basic, admissions"
"task=finalize,finalization_cv=season,finalization_model=context_residual,finalization_gap=proxy,finalization_scope=targets,finalization_gate=admissions,finalization_penalty=1000.0,finalization_statistic=median,finalization_quantize=1,finalization_weeks=8,input_mode=vintaged,evaluation_seasons=recent_two",2024-2025,states,complete_history_12,baselinenowcast,0.0916188337193137,0.1069123579462229,0.1012438284485299,0.5721889027161947,4,"Residual · p1000, g1, h26, basic, admissions"
"task=finalize,finalization_cv=season,finalization_model=context_residual,finalization_gap=proxy,finalization_scope=targets,finalization_gate=admissions,finalization_penalty=1000.0,finalization_statistic=median,finalization_quantize=1,finalization_weeks=8,input_mode=vintaged,evaluation_seasons=recent_two",2024-2025,states,complete_history_12,persistence,0.0971484489843273,0.1109403061293957,0.1105284760378277,0.5798635776392653,4,"Residual · p1000, g1, h26, basic, admissions"
"task=finalize,finalization_cv=season,finalization_model=context_residual,finalization_gap=proxy,finalization_scope=targets,finalization_gate=admissions,finalization_penalty=1000.0,finalization_statistic=median,finalization_quantize=1,finalization_weeks=8,input_mode=vintaged,evaluation_seasons=recent_two",2024-2025,states,complete_history_12,prediction,0.0833852716864702,0.0996214524853466,0.095863811829589,0.6391631730829805,4,"Residual · p1000, g1, h26, basic, admissions"
"task=finalize,finalization_cv=season,finalization_model=context_residual,finalization_gap=proxy,finalization_scope=targets,finalization_gate=admissions,finalization_penalty=1000.0,finalization_statistic=median,finalization_quantize=1,finalization_weeks=8,input_mode=vintaged,evaluation_seasons=recent_two",2024-2025,states,reported,baselinenowcast,0.091663167902818,0.1069429471452713,0.1005165794265565,0.5715432163893787,4,"Residual · p1000, g1, h26, basic, admissions"
"task=finalize,finalization_cv=season,finalization_model=context_residual,finalization_gap=proxy,finalization_scope=targets,finalization_gate=admissions,finalization_penalty=1000.0,finalization_statistic=median,finalization_quantize=1,finalization_weeks=8,input_mode=vintaged,evaluation_seasons=recent_two",2024-2025,states,reported,persistence,0.0971797616381697,0.1109774291530141,0.1100408340398203,0.579207565759229,4,"Residual · p1000, g1, h26, basic, admissions"
"task=finalize,finalization_cv=season,finalization_model=context_residual,finalization_gap=proxy,finalization_scope=targets,finalization_gate=admissions,finalization_penalty=1000.0,finalization_statistic=median,finalization_quantize=1,finalization_weeks=8,input_mode=vintaged,evaluation_seasons=recent_two",2024-2025,states,reported,prediction,0.0834253967034493,0.0996619440143473,0.0954011131646341,0.63855687682956,4,"Residual · p1000, g1, h26, basic, admissions"
"task=finalize,finalization_cv=season,finalization_model=context_residual,finalization_gap=proxy,finalization_scope=targets,finalization_gate=admissions,finalization_penalty=1000.0,finalization_statistic=median,finalization_quantize=1,finalization_weeks=8,input_mode=vintaged,evaluation_seasons=recent_two",2024-2025,states,uninterrupted_8,baselinenowcast,0.0914845125953617,0.1205299972121905,0.1009224198890468,0.3102068536392885,1,"Residual · p1000, g1, h26, basic, admissions"
"task=finalize,finalization_cv=season,finalization_model=context_residual,finalization_gap=proxy,finalization_scope=targets,finalization_gate=admissions,finalization_penalty=1000.0,finalization_statistic=median,finalization_quantize=1,finalization_weeks=8,input_mode=vintaged,evaluation_seasons=recent_two",2024-2025,states,uninterrupted_8,persistence,0.1259680713065591,0.1392405356500886,0.1121143927761454,0.4120328575186525,1,"Residual · p1000, g1, h26, basic, admissions"
"task=finalize,finalization_cv=season,finalization_model=context_residual,finalization_gap=proxy,finalization_scope=targets,finalization_gate=admissions,finalization_penalty=1000.0,finalization_statistic=median,finalization_quantize=1,finalization_weeks=8,input_mode=vintaged,evaluation_seasons=recent_two",2024-2025,states,uninterrupted_8,prediction,0.0954906821129962,0.1192225209394781,0.0980102665984454,0.4694109721632031,1,"Residual · p1000, g1, h26, basic, admissions"
"task=finalize,finalization_cv=season,finalization_model=context_residual,finalization_gap=proxy,finalization_scope=targets,finalization_gate=admissions,finalization_penalty=1000.0,finalization_statistic=median,finalization_quantize=1,finalization_weeks=8,input_mode=vintaged,evaluation_seasons=recent_two",2025-2026,US,all,baselinenowcast,0.08821846560785,0.08821846560785,0.0591473821062471,0.6761006289308176,6,"Residual · p1000, g1, h26, basic, admissions"
"task=finalize,finalization_cv=season,finalization_model=context_residual,finalization_gap=proxy,finalization_scope=targets,finalization_gate=admissions,finalization_penalty=1000.0,finalization_statistic=median,finalization_quantize=1,finalization_weeks=8,input_mode=vintaged,evaluation_seasons=recent_two",2025-2026,US,all,persistence,0.1391253717832781,0.1391253717832781,0.0968552859888884,0.2421383647798742,6,"Residual · p1000, g1, h26, basic, admissions"
"task=finalize,finalization_cv=season,finalization_model=context_residual,finalization_gap=proxy,finalization_scope=targets,finalization_gate=admissions,finalization_penalty=1000.0,finalization_statistic=median,finalization_quantize=1,finalization_weeks=8,input_mode=vintaged,evaluation_seasons=recent_two",2025-2026,US,all,prediction,0.0409193315975044,0.0409193315975044,0.0300682127171647,0.7295597484276729,6,"Residual · p1000, g1, h26, basic, admissions"
"task=finalize,finalization_cv=season,finalization_model=context_residual,finalization_gap=proxy,finalization_scope=targets,finalization_gate=admissions,finalization_penalty=1000.0,finalization_statistic=median,finalization_quantize=1,finalization_weeks=8,input_mode=vintaged,evaluation_seasons=recent_two",2025-2026,US,complete_and_uninterrupted,baselinenowcast,0.0256700940665336,0.0256700940665336,0.0163818966541686,0.7862789987789988,6,"Residual · p1000, g1, h26, basic, admissions"
"task=finalize,finalization_cv=season,finalization_model=context_residual,finalization_gap=proxy,finalization_scope=targets,finalization_gate=admissions,finalization_penalty=1000.0,finalization_statistic=median,finalization_quantize=1,finalization_weeks=8,input_mode=vintaged,evaluation_seasons=recent_two",2025-2026,US,complete_and_uninterrupted,persistence,0.0804743913993991,0.0804743913993991,0.0556763530789582,0.2787851037851038,6,"Residual · p1000, g1, h26, basic, admissions"
"task=finalize,finalization_cv=season,finalization_model=context_residual,finalization_gap=proxy,finalization_scope=targets,finalization_gate=admissions,finalization_penalty=1000.0,finalization_statistic=median,finalization_quantize=1,finalization_weeks=8,input_mode=vintaged,evaluation_seasons=recent_two",2025-2026,US,complete_and_uninterrupted,prediction,0.0216938496268376,0.0216938496268376,0.0148618015222532,0.801480463980464,6,"Residual · p1000, g1, h26, basic, admissions"
"task=finalize,finalization_cv=season,finalization_model=context_residual,finalization_gap=proxy,finalization_scope=targets,finalization_gate=admissions,finalization_penalty=1000.0,finalization_statistic=median,finalization_quantize=1,finalization_weeks=8,input_mode=vintaged,evaluation_seasons=recent_two",2025-2026,US,complete_history_12,baselinenowcast,0.0249784243394159,0.0249784243394159,0.0183508779193713,0.7997406629971223,6,"Residual · p1000, g1, h26, basic, admissions"
"task=finalize,finalization_cv=season,finalization_model=context_residual,finalization_gap=proxy,finalization_scope=targets,finalization_gate=admissions,finalization_penalty=1000.0,finalization_statistic=median,finalization_quantize=1,finalization_weeks=8,input_mode=vintaged,evaluation_seasons=recent_two",2025-2026,US,complete_history_12,persistence,0.0805448943867969,0.080544894386797,0.0629000085126402,0.2925777780509618,6,"Residual · p1000, g1, h26, basic, admissions"
"task=finalize,finalization_cv=season,finalization_model=context_residual,finalization_gap=proxy,finalization_scope=targets,finalization_gate=admissions,finalization_penalty=1000.0,finalization_statistic=median,finalization_quantize=1,finalization_weeks=8,input_mode=vintaged,evaluation_seasons=recent_two",2025-2026,US,complete_history_12,prediction,0.0245640337036514,0.0245640337036514,0.0191605127762705,0.8105331390994968,6,"Residual · p1000, g1, h26, basic, admissions"
"task=finalize,finalization_cv=season,finalization_model=context_residual,finalization_gap=proxy,finalization_scope=targets,finalization_gate=admissions,finalization_penalty=1000.0,finalization_statistic=median,finalization_quantize=1,finalization_weeks=8,input_mode=vintaged,evaluation_seasons=recent_two",2025-2026,US,reported,baselinenowcast,0.0249784243394159,0.0249784243394159,0.0183508779193713,0.7997406629971223,6,"Residual · p1000, g1, h26, basic, admissions"
"task=finalize,finalization_cv=season,finalization_model=context_residual,finalization_gap=proxy,finalization_scope=targets,finalization_gate=admissions,finalization_penalty=1000.0,finalization_statistic=median,finalization_quantize=1,finalization_weeks=8,input_mode=vintaged,evaluation_seasons=recent_two",2025-2026,US,reported,persistence,0.0805448943867969,0.080544894386797,0.0629000085126402,0.2925777780509618,6,"Residual · p1000, g1, h26, basic, admissions"
"task=finalize,finalization_cv=season,finalization_model=context_residual,finalization_gap=proxy,finalization_scope=targets,finalization_gate=admissions,finalization_penalty=1000.0,finalization_statistic=median,finalization_quantize=1,finalization_weeks=8,input_mode=vintaged,evaluation_seasons=recent_two",2025-2026,US,reported,prediction,0.0245640337036514,0.0245640337036514,0.0191605127762705,0.8105331390994968,6,"Residual · p1000, g1, h26, basic, admissions"
"task=finalize,finalization_cv=season,finalization_model=context_residual,finalization_gap=proxy,finalization_scope=targets,finalization_gate=admissions,finalization_penalty=1000.0,finalization_statistic=median,finalization_quantize=1,finalization_weeks=8,input_mode=vintaged,evaluation_seasons=recent_two",2025-2026,US,uninterrupted_8,baselinenowcast,0.0256700940665336,0.0256700940665336,0.0163818966541686,0.7862789987789988,6,"Residual · p1000, g1, h26, basic, admissions"
"task=finalize,finalization_cv=season,finalization_model=context_residual,finalization_gap=proxy,finalization_scope=targets,finalization_gate=admissions,finalization_penalty=1000.0,finalization_statistic=median,finalization_quantize=1,finalization_weeks=8,input_mode=vintaged,evaluation_seasons=recent_two",2025-2026,US,uninterrupted_8,persistence,0.0804743913993991,0.0804743913993991,0.0556763530789582,0.2787851037851038,6,"Residual · p1000, g1, h26, basic, admissions"
"task=finalize,finalization_cv=season,finalization_model=context_residual,finalization_gap=proxy,finalization_scope=targets,finalization_gate=admissions,finalization_penalty=1000.0,finalization_statistic=median,finalization_quantize=1,finalization_weeks=8,input_mode=vintaged,evaluation_seasons=recent_two",2025-2026,US,uninterrupted_8,prediction,0.0216938496268376,0.0216938496268376,0.0148618015222532,0.801480463980464,6,"Residual · p1000, g1, h26, basic, admissions"
"task=finalize,finalization_cv=season,finalization_model=context_residual,finalization_gap=proxy,finalization_scope=targets,finalization_gate=admissions,finalization_penalty=1000.0,finalization_statistic=median,finalization_quantize=1,finalization_weeks=8,input_mode=vintaged,evaluation_seasons=recent_two",2025-2026,states,all,baselinenowcast,0.1213769493941566,0.1314566350593966,0.0908116630764999,0.4349664179526188,6,"Residual · p1000, g1, h26, basic, admissions"
"task=finalize,finalization_cv=season,finalization_model=context_residual,finalization_gap=proxy,finalization_scope=targets,finalization_gate=admissions,finalization_penalty=1000.0,finalization_statistic=median,finalization_quantize=1,finalization_weeks=8,input_mode=vintaged,evaluation_seasons=recent_two",2025-2026,states,all,persistence,0.1459263308466758,0.1486726819066156,0.1042972688101852,0.4537404773209932,6,"Residual · p1000, g1, h26, basic, admissions"
"task=finalize,finalization_cv=season,finalization_model=context_residual,finalization_gap=proxy,finalization_scope=targets,finalization_gate=admissions,finalization_penalty=1000.0,finalization_statistic=median,finalization_quantize=1,finalization_weeks=8,input_mode=vintaged,evaluation_seasons=recent_two",2025-2026,states,all,prediction,0.0851246303734473,0.0982574702339528,0.0701626461159318,0.5425319597476849,6,"Residual · p1000, g1, h26, basic, admissions"
"task=finalize,finalization_cv=season,finalization_model=context_residual,finalization_gap=proxy,finalization_scope=targets,finalization_gate=admissions,finalization_penalty=1000.0,finalization_statistic=median,finalization_quantize=1,finalization_weeks=8,input_mode=vintaged,evaluation_seasons=recent_two",2025-2026,states,complete_and_uninterrupted,baselinenowcast,0.0642298591019062,0.0773823102477753,0.0544989992691921,0.5043406897259834,6,"Residual · p1000, g1, h26, basic, admissions"
"task=finalize,finalization_cv=season,finalization_model=context_residual,finalization_gap=proxy,finalization_scope=targets,finalization_gate=admissions,finalization_penalty=1000.0,finalization_statistic=median,finalization_quantize=1,finalization_weeks=8,input_mode=vintaged,evaluation_seasons=recent_two",2025-2026,states,complete_and_uninterrupted,persistence,0.0889968517576253,0.0954268863103975,0.0691086696670798,0.5345754834556661,6,"Residual · p1000, g1, h26, basic, admissions"
"task=finalize,finalization_cv=season,finalization_model=context_residual,finalization_gap=proxy,finalization_scope=targets,finalization_gate=admissions,finalization_penalty=1000.0,finalization_statistic=median,finalization_quantize=1,finalization_weeks=8,input_mode=vintaged,evaluation_seasons=recent_two",2025-2026,states,complete_and_uninterrupted,prediction,0.0557468940500512,0.066766343073137,0.0476562060881896,0.6303946818911647,6,"Residual · p1000, g1, h26, basic, admissions"
"task=finalize,finalization_cv=season,finalization_model=context_residual,finalization_gap=proxy,finalization_scope=targets,finalization_gate=admissions,finalization_penalty=1000.0,finalization_statistic=median,finalization_quantize=1,finalization_weeks=8,input_mode=vintaged,evaluation_seasons=recent_two",2025-2026,states,complete_history_12,baselinenowcast,0.0648883181209806,0.0791492780131868,0.0609279521028223,0.508185763624874,6,"Residual · p1000, g1, h26, basic, admissions"
"task=finalize,finalization_cv=season,finalization_model=context_residual,finalization_gap=proxy,finalization_scope=targets,finalization_gate=admissions,finalization_penalty=1000.0,finalization_statistic=median,finalization_quantize=1,finalization_weeks=8,input_mode=vintaged,evaluation_seasons=recent_two",2025-2026,states,complete_history_12,persistence,0.0917324751758438,0.0980873281586784,0.0767139827701529,0.5245151084201437,6,"Residual · p1000, g1, h26, basic, admissions"
"task=finalize,finalization_cv=season,finalization_model=context_residual,finalization_gap=proxy,finalization_scope=targets,finalization_gate=admissions,finalization_penalty=1000.0,finalization_statistic=median,finalization_quantize=1,finalization_weeks=8,input_mode=vintaged,evaluation_seasons=recent_two",2025-2026,states,complete_history_12,prediction,0.0588120699943175,0.0697796856776361,0.0531492329922582,0.627624307705292,6,"Residual · p1000, g1, h26, basic, admissions"
"task=finalize,finalization_cv=season,finalization_model=context_residual,finalization_gap=proxy,finalization_scope=targets,finalization_gate=admissions,finalization_penalty=1000.0,finalization_statistic=median,finalization_quantize=1,finalization_weeks=8,input_mode=vintaged,evaluation_seasons=recent_two",2025-2026,states,reported,baselinenowcast,0.0648883181209806,0.0791492780131868,0.0609279521028223,0.508185763624874,6,"Residual · p1000, g1, h26, basic, admissions"
"task=finalize,finalization_cv=season,finalization_model=context_residual,finalization_gap=proxy,finalization_scope=targets,finalization_gate=admissions,finalization_penalty=1000.0,finalization_statistic=median,finalization_quantize=1,finalization_weeks=8,input_mode=vintaged,evaluation_seasons=recent_two",2025-2026,states,reported,persistence,0.0917324751758438,0.0980873281586784,0.0767139827701529,0.5245151084201437,6,"Residual · p1000, g1, h26, basic, admissions"
"task=finalize,finalization_cv=season,finalization_model=context_residual,finalization_gap=proxy,finalization_scope=targets,finalization_gate=admissions,finalization_penalty=1000.0,finalization_statistic=median,finalization_quantize=1,finalization_weeks=8,input_mode=vintaged,evaluation_seasons=recent_two",2025-2026,states,reported,prediction,0.0588120699943175,0.0697796856776361,0.0531492329922582,0.627624307705292,6,"Residual · p1000, g1, h26, basic, admissions"
"task=finalize,finalization_cv=season,finalization_model=context_residual,finalization_gap=proxy,finalization_scope=targets,finalization_gate=admissions,finalization_penalty=1000.0,finalization_statistic=median,finalization_quantize=1,finalization_weeks=8,input_mode=vintaged,evaluation_seasons=recent_two",2025-2026,states,uninterrupted_8,baselinenowcast,0.0642298591019062,0.0773823102477753,0.0544989992691921,0.5043406897259834,6,"Residual · p1000, g1, h26, basic, admissions"
"task=finalize,finalization_cv=season,finalization_model=context_residual,finalization_gap=proxy,finalization_scope=targets,finalization_gate=admissions,finalization_penalty=1000.0,finalization_statistic=median,finalization_quantize=1,finalization_weeks=8,input_mode=vintaged,evaluation_seasons=recent_two",2025-2026,states,uninterrupted_8,persistence,0.0889968517576253,0.0954268863103975,0.0691086696670798,0.5345754834556661,6,"Residual · p1000, g1, h26, basic, admissions"
"task=finalize,finalization_cv=season,finalization_model=context_residual,finalization_gap=proxy,finalization_scope=targets,finalization_gate=admissions,finalization_penalty=1000.0,finalization_statistic=median,finalization_quantize=1,finalization_weeks=8,input_mode=vintaged,evaluation_seasons=recent_two",2025-2026,states,uninterrupted_8,prediction,0.0557468940500512,0.066766343073137,0.0476562060881896,0.6303946818911647,6,"Residual · p1000, g1, h26, basic, admissions"
"task=finalize,finalization_cv=season,finalization_model=context_residual,finalization_gap=proxy,finalization_scope=targets,finalization_gate=causal,finalization_penalty=1000.0,finalization_statistic=median,finalization_quantize=1,finalization_weeks=8,input_mode=vintaged,evaluation_seasons=recent_two",2024-2025,US,all,baselinenowcast,0.1708146080613092,0.1708146080613092,0.3952584106026653,0.2788461538461538,4,"Residual · p1000, g1, h26, basic, causal"
"task=finalize,finalization_cv=season,finalization_model=context_residual,finalization_gap=proxy,finalization_scope=targets,finalization_gate=causal,finalization_penalty=1000.0,finalization_statistic=median,finalization_quantize=1,finalization_weeks=8,input_mode=vintaged,evaluation_seasons=recent_two",2024-2025,US,all,persistence,0.1797582789434461,0.1797582789434461,0.4131524779615714,0.2067307692307692,4,"Residual · p1000, g1, h26, basic, causal"
"task=finalize,finalization_cv=season,finalization_model=context_residual,finalization_gap=proxy,finalization_scope=targets,finalization_gate=causal,finalization_penalty=1000.0,finalization_statistic=median,finalization_quantize=1,finalization_weeks=8,input_mode=vintaged,evaluation_seasons=recent_two",2024-2025,US,all,prediction,0.1356784343021624,0.1356784343021624,0.3372996167488641,0.3461538461538461,4,"Residual · p1000, g1, h26, basic, causal"
"task=finalize,finalization_cv=season,finalization_model=context_residual,finalization_gap=proxy,finalization_scope=targets,finalization_gate=causal,finalization_penalty=1000.0,finalization_statistic=median,finalization_quantize=1,finalization_weeks=8,input_mode=vintaged,evaluation_seasons=recent_two",2024-2025,US,complete_and_uninterrupted,baselinenowcast,0.0299735966277953,0.0299735966277953,0.0227778539600107,0.65,1,"Residual · p1000, g1, h26, basic, causal"
"task=finalize,finalization_cv=season,finalization_model=context_residual,finalization_gap=proxy,finalization_scope=targets,finalization_gate=causal,finalization_penalty=1000.0,finalization_statistic=median,finalization_quantize=1,finalization_weeks=8,input_mode=vintaged,evaluation_seasons=recent_two",2024-2025,US,complete_and_uninterrupted,persistence,0.1109655138630351,0.1109655138630351,0.0843260920855222,0.05,1,"Residual · p1000, g1, h26, basic, causal"
"task=finalize,finalization_cv=season,finalization_model=context_residual,finalization_gap=proxy,finalization_scope=targets,finalization_gate=causal,finalization_penalty=1000.0,finalization_statistic=median,finalization_quantize=1,finalization_weeks=8,input_mode=vintaged,evaluation_seasons=recent_two",2024-2025,US,complete_and_uninterrupted,prediction,0.0442465954736945,0.0442465954736945,0.0336243428655768,0.55,1,"Residual · p1000, g1, h26, basic, causal"
"task=finalize,finalization_cv=season,finalization_model=context_residual,finalization_gap=proxy,finalization_scope=targets,finalization_gate=causal,finalization_penalty=1000.0,finalization_statistic=median,finalization_quantize=1,finalization_weeks=8,input_mode=vintaged,evaluation_seasons=recent_two",2024-2025,US,complete_history_12,baselinenowcast,0.0823012143862846,0.0823012143862846,0.06369104507816,0.5178571428571428,4,"Residual · p1000, g1, h26, basic, causal"
"task=finalize,finalization_cv=season,finalization_model=context_residual,finalization_gap=proxy,finalization_scope=targets,finalization_gate=causal,finalization_penalty=1000.0,finalization_statistic=median,finalization_quantize=1,finalization_weeks=8,input_mode=vintaged,evaluation_seasons=recent_two",2024-2025,US,complete_history_12,persistence,0.0928769644129952,0.0928769644129952,0.0910584252420166,0.407563025210084,4,"Residual · p1000, g1, h26, basic, causal"
"task=finalize,finalization_cv=season,finalization_model=context_residual,finalization_gap=proxy,finalization_scope=targets,finalization_gate=causal,finalization_penalty=1000.0,finalization_statistic=median,finalization_quantize=1,finalization_weeks=8,input_mode=vintaged,evaluation_seasons=recent_two",2024-2025,US,complete_history_12,prediction,0.0674347456017961,0.0674347456017961,0.0567481002030082,0.6817226890756303,4,"Residual · p1000, g1, h26, basic, causal"
"task=finalize,finalization_cv=season,finalization_model=context_residual,finalization_gap=proxy,finalization_scope=targets,finalization_gate=causal,finalization_penalty=1000.0,finalization_statistic=median,finalization_quantize=1,finalization_weeks=8,input_mode=vintaged,evaluation_seasons=recent_two",2024-2025,US,reported,baselinenowcast,0.0823012143862846,0.0823012143862846,0.06369104507816,0.5178571428571428,4,"Residual · p1000, g1, h26, basic, causal"
"task=finalize,finalization_cv=season,finalization_model=context_residual,finalization_gap=proxy,finalization_scope=targets,finalization_gate=causal,finalization_penalty=1000.0,finalization_statistic=median,finalization_quantize=1,finalization_weeks=8,input_mode=vintaged,evaluation_seasons=recent_two",2024-2025,US,reported,persistence,0.0928769644129952,0.0928769644129952,0.0910584252420166,0.407563025210084,4,"Residual · p1000, g1, h26, basic, causal"
"task=finalize,finalization_cv=season,finalization_model=context_residual,finalization_gap=proxy,finalization_scope=targets,finalization_gate=causal,finalization_penalty=1000.0,finalization_statistic=median,finalization_quantize=1,finalization_weeks=8,input_mode=vintaged,evaluation_seasons=recent_two",2024-2025,US,reported,prediction,0.0674347456017961,0.0674347456017961,0.0567481002030082,0.6817226890756303,4,"Residual · p1000, g1, h26, basic, causal"
"task=finalize,finalization_cv=season,finalization_model=context_residual,finalization_gap=proxy,finalization_scope=targets,finalization_gate=causal,finalization_penalty=1000.0,finalization_statistic=median,finalization_quantize=1,finalization_weeks=8,input_mode=vintaged,evaluation_seasons=recent_two",2024-2025,US,uninterrupted_8,baselinenowcast,0.0299735966277953,0.0299735966277953,0.0227778539600107,0.65,1,"Residual · p1000, g1, h26, basic, causal"
"task=finalize,finalization_cv=season,finalization_model=context_residual,finalization_gap=proxy,finalization_scope=targets,finalization_gate=causal,finalization_penalty=1000.0,finalization_statistic=median,finalization_quantize=1,finalization_weeks=8,input_mode=vintaged,evaluation_seasons=recent_two",2024-2025,US,uninterrupted_8,persistence,0.1109655138630351,0.1109655138630351,0.0843260920855222,0.05,1,"Residual · p1000, g1, h26, basic, causal"
"task=finalize,finalization_cv=season,finalization_model=context_residual,finalization_gap=proxy,finalization_scope=targets,finalization_gate=causal,finalization_penalty=1000.0,finalization_statistic=median,finalization_quantize=1,finalization_weeks=8,input_mode=vintaged,evaluation_seasons=recent_two",2024-2025,US,uninterrupted_8,prediction,0.0442465954736945,0.0442465954736945,0.0336243428655768,0.55,1,"Residual · p1000, g1, h26, basic, causal"
"task=finalize,finalization_cv=season,finalization_model=context_residual,finalization_gap=proxy,finalization_scope=targets,finalization_gate=causal,finalization_penalty=1000.0,finalization_statistic=median,finalization_quantize=1,finalization_weeks=8,input_mode=vintaged,evaluation_seasons=recent_two",2024-2025,states,all,baselinenowcast,0.224280137361787,0.2276093921035752,0.5733092701087009,0.2339964750964679,4,"Residual · p1000, g1, h26, basic, causal"
"task=finalize,finalization_cv=season,finalization_model=context_residual,finalization_gap=proxy,finalization_scope=targets,finalization_gate=causal,finalization_penalty=1000.0,finalization_statistic=median,finalization_quantize=1,finalization_weeks=8,input_mode=vintaged,evaluation_seasons=recent_two",2024-2025,states,all,persistence,0.2289459394876438,0.2311471292085953,0.5793977704452169,0.2411774161535739,4,"Residual · p1000, g1, h26, basic, causal"
"task=finalize,finalization_cv=season,finalization_model=context_residual,finalization_gap=proxy,finalization_scope=targets,finalization_gate=causal,finalization_penalty=1000.0,finalization_statistic=median,finalization_quantize=1,finalization_weeks=8,input_mode=vintaged,evaluation_seasons=recent_two",2024-2025,states,all,prediction,0.1986756633272423,0.2030153213077934,0.5128955331850201,0.2697519659817537,4,"Residual · p1000, g1, h26, basic, causal"
"task=finalize,finalization_cv=season,finalization_model=context_residual,finalization_gap=proxy,finalization_scope=targets,finalization_gate=causal,finalization_penalty=1000.0,finalization_statistic=median,finalization_quantize=1,finalization_weeks=8,input_mode=vintaged,evaluation_seasons=recent_two",2024-2025,states,complete_and_uninterrupted,baselinenowcast,0.0914845125953617,0.1205299972121905,0.1009224198890468,0.3102068536392885,1,"Residual · p1000, g1, h26, basic, causal"
"task=finalize,finalization_cv=season,finalization_model=context_residual,finalization_gap=proxy,finalization_scope=targets,finalization_gate=causal,finalization_penalty=1000.0,finalization_statistic=median,finalization_quantize=1,finalization_weeks=8,input_mode=vintaged,evaluation_seasons=recent_two",2024-2025,states,complete_and_uninterrupted,persistence,0.1259680713065591,0.1392405356500886,0.1121143927761454,0.4120328575186525,1,"Residual · p1000, g1, h26, basic, causal"
"task=finalize,finalization_cv=season,finalization_model=context_residual,finalization_gap=proxy,finalization_scope=targets,finalization_gate=causal,finalization_penalty=1000.0,finalization_statistic=median,finalization_quantize=1,finalization_weeks=8,input_mode=vintaged,evaluation_seasons=recent_two",2024-2025,states,complete_and_uninterrupted,prediction,0.100088619462889,0.1210199827031272,0.0994094895226559,0.4802954016143781,1,"Residual · p1000, g1, h26, basic, causal"
"task=finalize,finalization_cv=season,finalization_model=context_residual,finalization_gap=proxy,finalization_scope=targets,finalization_gate=causal,finalization_penalty=1000.0,finalization_statistic=median,finalization_quantize=1,finalization_weeks=8,input_mode=vintaged,evaluation_seasons=recent_two",2024-2025,states,complete_history_12,baselinenowcast,0.0916188337193137,0.1069123579462229,0.1012438284485299,0.5721889027161947,4,"Residual · p1000, g1, h26, basic, causal"
"task=finalize,finalization_cv=season,finalization_model=context_residual,finalization_gap=proxy,finalization_scope=targets,finalization_gate=causal,finalization_penalty=1000.0,finalization_statistic=median,finalization_quantize=1,finalization_weeks=8,input_mode=vintaged,evaluation_seasons=recent_two",2024-2025,states,complete_history_12,persistence,0.0971484489843273,0.1109403061293957,0.1105284760378277,0.5798635776392653,4,"Residual · p1000, g1, h26, basic, causal"
"task=finalize,finalization_cv=season,finalization_model=context_residual,finalization_gap=proxy,finalization_scope=targets,finalization_gate=causal,finalization_penalty=1000.0,finalization_statistic=median,finalization_quantize=1,finalization_weeks=8,input_mode=vintaged,evaluation_seasons=recent_two",2024-2025,states,complete_history_12,prediction,0.0836103604233761,0.099728982748423,0.0961810051963785,0.6408905612129282,4,"Residual · p1000, g1, h26, basic, causal"
"task=finalize,finalization_cv=season,finalization_model=context_residual,finalization_gap=proxy,finalization_scope=targets,finalization_gate=causal,finalization_penalty=1000.0,finalization_statistic=median,finalization_quantize=1,finalization_weeks=8,input_mode=vintaged,evaluation_seasons=recent_two",2024-2025,states,reported,baselinenowcast,0.091663167902818,0.1069429471452713,0.1005165794265565,0.5715432163893787,4,"Residual · p1000, g1, h26, basic, causal"
"task=finalize,finalization_cv=season,finalization_model=context_residual,finalization_gap=proxy,finalization_scope=targets,finalization_gate=causal,finalization_penalty=1000.0,finalization_statistic=median,finalization_quantize=1,finalization_weeks=8,input_mode=vintaged,evaluation_seasons=recent_two",2024-2025,states,reported,persistence,0.0971797616381697,0.1109774291530141,0.1100408340398203,0.579207565759229,4,"Residual · p1000, g1, h26, basic, causal"
"task=finalize,finalization_cv=season,finalization_model=context_residual,finalization_gap=proxy,finalization_scope=targets,finalization_gate=causal,finalization_penalty=1000.0,finalization_statistic=median,finalization_quantize=1,finalization_weeks=8,input_mode=vintaged,evaluation_seasons=recent_two",2024-2025,states,reported,prediction,0.0836475017185914,0.0997685098474346,0.0957235820548247,0.640234549332892,4,"Residual · p1000, g1, h26, basic, causal"
"task=finalize,finalization_cv=season,finalization_model=context_residual,finalization_gap=proxy,finalization_scope=targets,finalization_gate=causal,finalization_penalty=1000.0,finalization_statistic=median,finalization_quantize=1,finalization_weeks=8,input_mode=vintaged,evaluation_seasons=recent_two",2024-2025,states,uninterrupted_8,baselinenowcast,0.0914845125953617,0.1205299972121905,0.1009224198890468,0.3102068536392885,1,"Residual · p1000, g1, h26, basic, causal"
"task=finalize,finalization_cv=season,finalization_model=context_residual,finalization_gap=proxy,finalization_scope=targets,finalization_gate=causal,finalization_penalty=1000.0,finalization_statistic=median,finalization_quantize=1,finalization_weeks=8,input_mode=vintaged,evaluation_seasons=recent_two",2024-2025,states,uninterrupted_8,persistence,0.1259680713065591,0.1392405356500886,0.1121143927761454,0.4120328575186525,1,"Residual · p1000, g1, h26, basic, causal"
"task=finalize,finalization_cv=season,finalization_model=context_residual,finalization_gap=proxy,finalization_scope=targets,finalization_gate=causal,finalization_penalty=1000.0,finalization_statistic=median,finalization_quantize=1,finalization_weeks=8,input_mode=vintaged,evaluation_seasons=recent_two",2024-2025,states,uninterrupted_8,prediction,0.100088619462889,0.1210199827031272,0.0994094895226559,0.4802954016143781,1,"Residual · p1000, g1, h26, basic, causal"
"task=finalize,finalization_cv=season,finalization_model=context_residual,finalization_gap=proxy,finalization_scope=targets,finalization_gate=causal,finalization_penalty=1000.0,finalization_statistic=median,finalization_quantize=1,finalization_weeks=8,input_mode=vintaged,evaluation_seasons=recent_two",2025-2026,US,all,baselinenowcast,0.08821846560785,0.08821846560785,0.0591473821062471,0.6761006289308176,6,"Residual · p1000, g1, h26, basic, causal"
"task=finalize,finalization_cv=season,finalization_model=context_residual,finalization_gap=proxy,finalization_scope=targets,finalization_gate=causal,finalization_penalty=1000.0,finalization_statistic=median,finalization_quantize=1,finalization_weeks=8,input_mode=vintaged,evaluation_seasons=recent_two",2025-2026,US,all,persistence,0.1391253717832781,0.1391253717832781,0.0968552859888884,0.2421383647798742,6,"Residual · p1000, g1, h26, basic, causal"
"task=finalize,finalization_cv=season,finalization_model=context_residual,finalization_gap=proxy,finalization_scope=targets,finalization_gate=causal,finalization_penalty=1000.0,finalization_statistic=median,finalization_quantize=1,finalization_weeks=8,input_mode=vintaged,evaluation_seasons=recent_two",2025-2026,US,all,prediction,0.041116980429302,0.041116980429302,0.0301904889465281,0.7232704402515724,6,"Residual · p1000, g1, h26, basic, causal"
"task=finalize,finalization_cv=season,finalization_model=context_residual,finalization_gap=proxy,finalization_scope=targets,finalization_gate=causal,finalization_penalty=1000.0,finalization_statistic=median,finalization_quantize=1,finalization_weeks=8,input_mode=vintaged,evaluation_seasons=recent_two",2025-2026,US,complete_and_uninterrupted,baselinenowcast,0.0256700940665336,0.0256700940665336,0.0163818966541686,0.7862789987789988,6,"Residual · p1000, g1, h26, basic, causal"
"task=finalize,finalization_cv=season,finalization_model=context_residual,finalization_gap=proxy,finalization_scope=targets,finalization_gate=causal,finalization_penalty=1000.0,finalization_statistic=median,finalization_quantize=1,finalization_weeks=8,input_mode=vintaged,evaluation_seasons=recent_two",2025-2026,US,complete_and_uninterrupted,persistence,0.0804743913993991,0.0804743913993991,0.0556763530789582,0.2787851037851038,6,"Residual · p1000, g1, h26, basic, causal"
"task=finalize,finalization_cv=season,finalization_model=context_residual,finalization_gap=proxy,finalization_scope=targets,finalization_gate=causal,finalization_penalty=1000.0,finalization_statistic=median,finalization_quantize=1,finalization_weeks=8,input_mode=vintaged,evaluation_seasons=recent_two",2025-2026,US,complete_and_uninterrupted,prediction,0.0218466635161038,0.0218466635161038,0.0149977722470972,0.7912545787545788,6,"Residual · p1000, g1, h26, basic, causal"
"task=finalize,finalization_cv=season,finalization_model=context_residual,finalization_gap=proxy,finalization_scope=targets,finalization_gate=causal,finalization_penalty=1000.0,finalization_statistic=median,finalization_quantize=1,finalization_weeks=8,input_mode=vintaged,evaluation_seasons=recent_two",2025-2026,US,complete_history_12,baselinenowcast,0.0249784243394159,0.0249784243394159,0.0183508779193713,0.7997406629971223,6,"Residual · p1000, g1, h26, basic, causal"
"task=finalize,finalization_cv=season,finalization_model=context_residual,finalization_gap=proxy,finalization_scope=targets,finalization_gate=causal,finalization_penalty=1000.0,finalization_statistic=median,finalization_quantize=1,finalization_weeks=8,input_mode=vintaged,evaluation_seasons=recent_two",2025-2026,US,complete_history_12,persistence,0.0805448943867969,0.080544894386797,0.0629000085126402,0.2925777780509618,6,"Residual · p1000, g1, h26, basic, causal"
"task=finalize,finalization_cv=season,finalization_model=context_residual,finalization_gap=proxy,finalization_scope=targets,finalization_gate=causal,finalization_penalty=1000.0,finalization_statistic=median,finalization_quantize=1,finalization_weeks=8,input_mode=vintaged,evaluation_seasons=recent_two",2025-2026,US,complete_history_12,prediction,0.0247732251818126,0.0247732251818126,0.0192979531585455,0.8030339817014515,6,"Residual · p1000, g1, h26, basic, causal"
"task=finalize,finalization_cv=season,finalization_model=context_residual,finalization_gap=proxy,finalization_scope=targets,finalization_gate=causal,finalization_penalty=1000.0,finalization_statistic=median,finalization_quantize=1,finalization_weeks=8,input_mode=vintaged,evaluation_seasons=recent_two",2025-2026,US,reported,baselinenowcast,0.0249784243394159,0.0249784243394159,0.0183508779193713,0.7997406629971223,6,"Residual · p1000, g1, h26, basic, causal"
"task=finalize,finalization_cv=season,finalization_model=context_residual,finalization_gap=proxy,finalization_scope=targets,finalization_gate=causal,finalization_penalty=1000.0,finalization_statistic=median,finalization_quantize=1,finalization_weeks=8,input_mode=vintaged,evaluation_seasons=recent_two",2025-2026,US,reported,persistence,0.0805448943867969,0.080544894386797,0.0629000085126402,0.2925777780509618,6,"Residual · p1000, g1, h26, basic, causal"
"task=finalize,finalization_cv=season,finalization_model=context_residual,finalization_gap=proxy,finalization_scope=targets,finalization_gate=causal,finalization_penalty=1000.0,finalization_statistic=median,finalization_quantize=1,finalization_weeks=8,input_mode=vintaged,evaluation_seasons=recent_two",2025-2026,US,reported,prediction,0.0247732251818126,0.0247732251818126,0.0192979531585455,0.8030339817014515,6,"Residual · p1000, g1, h26, basic, causal"
"task=finalize,finalization_cv=season,finalization_model=context_residual,finalization_gap=proxy,finalization_scope=targets,finalization_gate=causal,finalization_penalty=1000.0,finalization_statistic=median,finalization_quantize=1,finalization_weeks=8,input_mode=vintaged,evaluation_seasons=recent_two",2025-2026,US,uninterrupted_8,baselinenowcast,0.0256700940665336,0.0256700940665336,0.0163818966541686,0.7862789987789988,6,"Residual · p1000, g1, h26, basic, causal"
"task=finalize,finalization_cv=season,finalization_model=context_residual,finalization_gap=proxy,finalization_scope=targets,finalization_gate=causal,finalization_penalty=1000.0,finalization_statistic=median,finalization_quantize=1,finalization_weeks=8,input_mode=vintaged,evaluation_seasons=recent_two",2025-2026,US,uninterrupted_8,persistence,0.0804743913993991,0.0804743913993991,0.0556763530789582,0.2787851037851038,6,"Residual · p1000, g1, h26, basic, causal"
"task=finalize,finalization_cv=season,finalization_model=context_residual,finalization_gap=proxy,finalization_scope=targets,finalization_gate=causal,finalization_penalty=1000.0,finalization_statistic=median,finalization_quantize=1,finalization_weeks=8,input_mode=vintaged,evaluation_seasons=recent_two",2025-2026,US,uninterrupted_8,prediction,0.0218466635161038,0.0218466635161038,0.0149977722470972,0.7912545787545788,6,"Residual · p1000, g1, h26, basic, causal"
"task=finalize,finalization_cv=season,finalization_model=context_residual,finalization_gap=proxy,finalization_scope=targets,finalization_gate=causal,finalization_penalty=1000.0,finalization_statistic=median,finalization_quantize=1,finalization_weeks=8,input_mode=vintaged,evaluation_seasons=recent_two",2025-2026,states,all,baselinenowcast,0.1213769493941566,0.1314566350593966,0.0908116630764999,0.4349664179526188,6,"Residual · p1000, g1, h26, basic, causal"
"task=finalize,finalization_cv=season,finalization_model=context_residual,finalization_gap=proxy,finalization_scope=targets,finalization_gate=causal,finalization_penalty=1000.0,finalization_statistic=median,finalization_quantize=1,finalization_weeks=8,input_mode=vintaged,evaluation_seasons=recent_two",2025-2026,states,all,persistence,0.1459263308466758,0.1486726819066156,0.1042972688101852,0.4537404773209932,6,"Residual · p1000, g1, h26, basic, causal"
"task=finalize,finalization_cv=season,finalization_model=context_residual,finalization_gap=proxy,finalization_scope=targets,finalization_gate=causal,finalization_penalty=1000.0,finalization_statistic=median,finalization_quantize=1,finalization_weeks=8,input_mode=vintaged,evaluation_seasons=recent_two",2025-2026,states,all,prediction,0.0872137528142214,0.0996829444590535,0.0711484676320686,0.538977617450714,6,"Residual · p1000, g1, h26, basic, causal"
"task=finalize,finalization_cv=season,finalization_model=context_residual,finalization_gap=proxy,finalization_scope=targets,finalization_gate=causal,finalization_penalty=1000.0,finalization_statistic=median,finalization_quantize=1,finalization_weeks=8,input_mode=vintaged,evaluation_seasons=recent_two",2025-2026,states,complete_and_uninterrupted,baselinenowcast,0.0642298591019062,0.0773823102477753,0.0544989992691921,0.5043406897259834,6,"Residual · p1000, g1, h26, basic, causal"
"task=finalize,finalization_cv=season,finalization_model=context_residual,finalization_gap=proxy,finalization_scope=targets,finalization_gate=causal,finalization_penalty=1000.0,finalization_statistic=median,finalization_quantize=1,finalization_weeks=8,input_mode=vintaged,evaluation_seasons=recent_two",2025-2026,states,complete_and_uninterrupted,persistence,0.0889968517576253,0.0954268863103975,0.0691086696670798,0.5345754834556661,6,"Residual · p1000, g1, h26, basic, causal"
"task=finalize,finalization_cv=season,finalization_model=context_residual,finalization_gap=proxy,finalization_scope=targets,finalization_gate=causal,finalization_penalty=1000.0,finalization_statistic=median,finalization_quantize=1,finalization_weeks=8,input_mode=vintaged,evaluation_seasons=recent_two",2025-2026,states,complete_and_uninterrupted,prediction,0.0577481877140857,0.0681750333513381,0.0486702988293441,0.6274984601425079,6,"Residual · p1000, g1, h26, basic, causal"
"task=finalize,finalization_cv=season,finalization_model=context_residual,finalization_gap=proxy,finalization_scope=targets,finalization_gate=causal,finalization_penalty=1000.0,finalization_statistic=median,finalization_quantize=1,finalization_weeks=8,input_mode=vintaged,evaluation_seasons=recent_two",2025-2026,states,complete_history_12,baselinenowcast,0.0648883181209806,0.0791492780131868,0.0609279521028223,0.508185763624874,6,"Residual · p1000, g1, h26, basic, causal"
"task=finalize,finalization_cv=season,finalization_model=context_residual,finalization_gap=proxy,finalization_scope=targets,finalization_gate=causal,finalization_penalty=1000.0,finalization_statistic=median,finalization_quantize=1,finalization_weeks=8,input_mode=vintaged,evaluation_seasons=recent_two",2025-2026,states,complete_history_12,persistence,0.0917324751758438,0.0980873281586784,0.0767139827701529,0.5245151084201437,6,"Residual · p1000, g1, h26, basic, causal"
"task=finalize,finalization_cv=season,finalization_model=context_residual,finalization_gap=proxy,finalization_scope=targets,finalization_gate=causal,finalization_penalty=1000.0,finalization_statistic=median,finalization_quantize=1,finalization_weeks=8,input_mode=vintaged,evaluation_seasons=recent_two",2025-2026,states,complete_history_12,prediction,0.0610395408668872,0.0712938981354558,0.0542727788775547,0.6235866329772923,6,"Residual · p1000, g1, h26, basic, causal"
"task=finalize,finalization_cv=season,finalization_model=context_residual,finalization_gap=proxy,finalization_scope=targets,finalization_gate=causal,finalization_penalty=1000.0,finalization_statistic=median,finalization_quantize=1,finalization_weeks=8,input_mode=vintaged,evaluation_seasons=recent_two",2025-2026,states,reported,baselinenowcast,0.0648883181209806,0.0791492780131868,0.0609279521028223,0.508185763624874,6,"Residual · p1000, g1, h26, basic, causal"
"task=finalize,finalization_cv=season,finalization_model=context_residual,finalization_gap=proxy,finalization_scope=targets,finalization_gate=causal,finalization_penalty=1000.0,finalization_statistic=median,finalization_quantize=1,finalization_weeks=8,input_mode=vintaged,evaluation_seasons=recent_two",2025-2026,states,reported,persistence,0.0917324751758438,0.0980873281586784,0.0767139827701529,0.5245151084201437,6,"Residual · p1000, g1, h26, basic, causal"
"task=finalize,finalization_cv=season,finalization_model=context_residual,finalization_gap=proxy,finalization_scope=targets,finalization_gate=causal,finalization_penalty=1000.0,finalization_statistic=median,finalization_quantize=1,finalization_weeks=8,input_mode=vintaged,evaluation_seasons=recent_two",2025-2026,states,reported,prediction,0.0610395408668872,0.0712938981354558,0.0542727788775547,0.6235866329772923,6,"Residual · p1000, g1, h26, basic, causal"
"task=finalize,finalization_cv=season,finalization_model=context_residual,finalization_gap=proxy,finalization_scope=targets,finalization_gate=causal,finalization_penalty=1000.0,finalization_statistic=median,finalization_quantize=1,finalization_weeks=8,input_mode=vintaged,evaluation_seasons=recent_two",2025-2026,states,uninterrupted_8,baselinenowcast,0.0642298591019062,0.0773823102477753,0.0544989992691921,0.5043406897259834,6,"Residual · p1000, g1, h26, basic, causal"
"task=finalize,finalization_cv=season,finalization_model=context_residual,finalization_gap=proxy,finalization_scope=targets,finalization_gate=causal,finalization_penalty=1000.0,finalization_statistic=median,finalization_quantize=1,finalization_weeks=8,input_mode=vintaged,evaluation_seasons=recent_two",2025-2026,states,uninterrupted_8,persistence,0.0889968517576253,0.0954268863103975,0.0691086696670798,0.5345754834556661,6,"Residual · p1000, g1, h26, basic, causal"
"task=finalize,finalization_cv=season,finalization_model=context_residual,finalization_gap=proxy,finalization_scope=targets,finalization_gate=causal,finalization_penalty=1000.0,finalization_statistic=median,finalization_quantize=1,finalization_weeks=8,input_mode=vintaged,evaluation_seasons=recent_two",2025-2026,states,uninterrupted_8,prediction,0.0577481877140857,0.0681750333513381,0.0486702988293441,0.6274984601425079,6,"Residual · p1000, g1, h26, basic, causal"
