config_id,seed,geography,wk inc flu hosp_no_mask,wk inc covid hosp_no_mask,wk inc rsv hosp_no_mask,wk inc flu prop ed visits_no_mask,wk inc covid prop ed visits_no_mask,wk inc rsv prop ed visits_no_mask,combined_no_mask,masked_config,wk inc flu hosp_masked,wk inc covid hosp_masked,wk inc rsv hosp_masked,wk inc flu prop ed visits_masked,wk inc covid prop ed visits_masked,wk inc rsv prop ed visits_masked,combined_masked,delta,percent,improved,name,spatial,bundle,representation
"ed_transform=logit,epochs=300,patience=30,fit_partition=pathogen,supplied_final=1,covariate_encoder=shared,covariate_set=ilinet+clinical_lab+flusurv,input_mode=finalized_available",42,US,0.9677042502832874,1.5906723944216752,1.006659000655238,1.2018860532157,5.793877770369304,0.984494863134951,1.2157185683494889,"ed_transform=logit,epochs=300,patience=30,fit_partition=pathogen,supplied_final=1,mask_rate=0.5,covariate_encoder=shared,covariate_set=ilinet+clinical_lab+flusurv,input_mode=finalized_available",0.9630021622745124,1.582351011818942,0.9379947661356192,1.475255135174724,2.5815716446009875,1.288750646573754,1.1608207585077073,0.05489780984178161,4.729223649683467,False,none / New flu / shared,none,New flu,shared
"ed_transform=logit,epochs=300,patience=30,fit_partition=pathogen,supplied_final=1,covariate_encoder=shared,covariate_set=ilinet+clinical_lab+flusurv,input_mode=finalized_available",42,all,0.9963182486134772,1.4461889393235436,1.149828737630956,1.2084930904717452,4.063643785237259,0.9707086706063178,1.1732760038717591,"ed_transform=logit,epochs=300,patience=30,fit_partition=pathogen,supplied_final=1,mask_rate=0.5,covariate_encoder=shared,covariate_set=ilinet+clinical_lab+flusurv,input_mode=finalized_available",0.9831943428271052,1.354430212883075,1.0433258565439782,1.4084218347183155,2.064565261394596,1.1209897683892425,1.0973582039655525,0.07591779990620662,6.918233228845461,False,none / New flu / shared,none,New flu,shared
"ed_transform=logit,epochs=300,patience=30,fit_partition=pathogen,supplied_final=1,covariate_encoder=shared,covariate_set=ilinet+clinical_lab+flusurv,input_mode=finalized_available",42,states_dc,1.0034717481960245,1.41006807554901,1.1856211718748857,1.210144849785756,3.631085288954248,0.9672621224741595,1.162665362752327,"ed_transform=logit,epochs=300,patience=30,fit_partition=pathogen,supplied_final=1,mask_rate=0.5,covariate_encoder=shared,covariate_set=ilinet+clinical_lab+flusurv,input_mode=finalized_available",0.9882423879652532,1.2974500131491085,1.069658629146068,1.3917135096042133,1.9353136655929983,1.0790495488431144,1.081492565330014,0.08117279742231287,7.505626947841582,False,none / New flu / shared,none,New flu,shared
"ed_transform=logit,epochs=300,patience=30,fit_partition=pathogen,supplied_final=1,covariate_encoder=shared,covariate_set=ilinet+clinical_lab+flusurv,input_mode=finalized_available",43,US,1.1458686892535097,1.2104022135448718,1.033203550851634,1.171749830787925,3.461408864139349,1.137106820913716,1.235993400074088,"ed_transform=logit,epochs=300,patience=30,fit_partition=pathogen,supplied_final=1,mask_rate=0.5,covariate_encoder=shared,covariate_set=ilinet+clinical_lab+flusurv,input_mode=finalized_available",0.977437081414406,1.318470692252186,1.8645774504273944,1.0794290586007138,2.9228529301792383,2.2669211376006797,1.204652980673885,0.031340419400202935,2.6016139006829198,False,none / New flu / shared,none,New flu,shared
"ed_transform=logit,epochs=300,patience=30,fit_partition=pathogen,supplied_final=1,covariate_encoder=shared,covariate_set=ilinet+clinical_lab+flusurv,input_mode=finalized_available",43,all,1.1194399725576425,1.2282704813136205,1.1998584281367133,1.1916845494037362,2.4955433903968216,1.0983242527424102,1.2035139036619258,"ed_transform=logit,epochs=300,patience=30,fit_partition=pathogen,supplied_final=1,mask_rate=0.5,covariate_encoder=shared,covariate_set=ilinet+clinical_lab+flusurv,input_mode=finalized_available",0.9811084727798866,1.228404484720238,1.807374903113582,1.1507917443040012,2.2139652216113284,1.8935136633685117,1.1458353849828655,0.057678518679060264,5.033752617084941,False,none / New flu / shared,none,New flu,shared
"ed_transform=logit,epochs=300,patience=30,fit_partition=pathogen,supplied_final=1,covariate_encoder=shared,covariate_set=ilinet+clinical_lab+flusurv,input_mode=finalized_available",43,states_dc,1.112832793383675,1.2327375482558076,1.241522147457983,1.1966682290576889,2.2540770219611894,1.0886286106995835,1.1953940295588852,"ed_transform=logit,epochs=300,patience=30,fit_partition=pathogen,supplied_final=1,mask_rate=0.5,covariate_encoder=shared,covariate_set=ilinet+clinical_lab+flusurv,input_mode=finalized_available",0.9820263206212568,1.205887932837251,1.793074266285129,1.168632415729823,2.0367432944693507,1.8001617948104696,1.1311309860601106,0.06426304349877454,5.6813087335368495,False,none / New flu / shared,none,New flu,shared
"ed_transform=logit,epochs=300,patience=30,fit_partition=pathogen,supplied_final=1,covariate_encoder=shared,covariate_set=ilinet+clinical_lab+flusurv,input_mode=finalized_available",44,US,0.949947771171867,1.1707540676328116,1.1711705070204408,1.1106424106417636,3.2204149790500005,1.047509711394603,1.120538384015621,"ed_transform=logit,epochs=300,patience=30,fit_partition=pathogen,supplied_final=1,mask_rate=0.5,covariate_encoder=shared,covariate_set=ilinet+clinical_lab+flusurv,input_mode=finalized_available",0.9210297243312888,1.240902087062293,0.8657102947925156,1.0131477294602,2.9829411552488736,0.8102593925196278,1.0535118011543805,0.06702658286124041,6.362205225209272,False,none / New flu / shared,none,New flu,shared
"ed_transform=logit,epochs=300,patience=30,fit_partition=pathogen,supplied_final=1,covariate_encoder=shared,covariate_set=ilinet+clinical_lab+flusurv,input_mode=finalized_available",44,all,0.9612040717138244,1.2035283283577738,1.2430254444481064,1.182198667293669,2.37029801720994,1.0063564804685516,1.1028921597814376,"ed_transform=logit,epochs=300,patience=30,fit_partition=pathogen,supplied_final=1,mask_rate=0.5,covariate_encoder=shared,covariate_set=ilinet+clinical_lab+flusurv,input_mode=finalized_available",0.9642613660695712,1.1781204367713165,1.033962959649947,1.11033798951706,2.1433841361909893,0.8598395505029818,1.0558388750517962,0.04705328472964143,4.456483450406501,False,none / New flu / shared,none,New flu,shared
"ed_transform=logit,epochs=300,patience=30,fit_partition=pathogen,supplied_final=1,covariate_encoder=shared,covariate_set=ilinet+clinical_lab+flusurv,input_mode=finalized_available",44,states_dc,0.9640181468493136,1.2117218935390146,1.2609891788050225,1.2000877314566452,2.1577687767499247,0.9960681727370388,1.0984806037228916,"ed_transform=logit,epochs=300,patience=30,fit_partition=pathogen,supplied_final=1,mask_rate=0.5,covariate_encoder=shared,covariate_set=ilinet+clinical_lab+flusurv,input_mode=finalized_available",0.9750692765041415,1.1624250241985723,1.0760261258643051,1.1346355545312747,1.9334948814265185,0.8722345899988203,1.05642064352615,0.04205996019674152,3.981364852579228,False,none / New flu / shared,none,New flu,shared
"ed_transform=logit,epochs=300,patience=30,fit_partition=pathogen,supplied_final=1,covariate_encoder=shared,covariate_set=inpatient+outpatient,input_mode=finalized_available",42,US,1.0698410306500097,1.5552539607536446,1.5579580242285846,1.2220488017093414,4.17219730953977,1.9724027857209645,1.3684008445669893,"ed_transform=logit,epochs=300,patience=30,fit_partition=pathogen,supplied_final=1,mask_rate=0.5,covariate_encoder=shared,covariate_set=inpatient+outpatient,input_mode=finalized_available",1.154489513528447,1.243220042063793,1.2464519050757603,1.2488690289375552,3.1471570612078317,1.0138150923612643,1.3046610239752594,0.06373982059172989,4.88554646919066,False,none / Claims / shared,none,Claims,shared
"ed_transform=logit,epochs=300,patience=30,fit_partition=pathogen,supplied_final=1,covariate_encoder=shared,covariate_set=inpatient+outpatient,input_mode=finalized_available",42,all,1.0498252107984671,1.390764733441534,1.504787338125117,1.230806770339316,2.827606331640485,1.634590500322105,1.2489806109153747,"ed_transform=logit,epochs=300,patience=30,fit_partition=pathogen,supplied_final=1,mask_rate=0.5,covariate_encoder=shared,covariate_set=inpatient+outpatient,input_mode=finalized_available",1.078806935616324,1.2106971508869222,1.2590210458457771,1.2806347945725742,2.1900036812035566,0.9367167409502974,1.1882923998768191,0.060688211038555595,5.107178253841105,False,none / Claims / shared,none,Claims,shared
"ed_transform=logit,epochs=300,patience=30,fit_partition=pathogen,supplied_final=1,covariate_encoder=shared,covariate_set=inpatient+outpatient,input_mode=finalized_available",42,states_dc,1.0448212558355812,1.349642426613506,1.4914946665992497,1.2329962624968098,2.4914585871656634,1.5501374289723902,1.219125552502471,"ed_transform=logit,epochs=300,patience=30,fit_partition=pathogen,supplied_final=1,mask_rate=0.5,covariate_encoder=shared,covariate_set=inpatient+outpatient,input_mode=finalized_available",1.059886291138293,1.202566428092704,1.2621633310382816,1.2885762359813286,1.9507153362024872,0.9174421530975556,1.1592002438522089,0.05992530865026202,5.169538996223855,False,none / Claims / shared,none,Claims,shared
"ed_transform=logit,epochs=300,patience=30,fit_partition=pathogen,supplied_final=1,covariate_encoder=shared,covariate_set=inpatient+outpatient,input_mode=finalized_available",43,US,1.007121544412259,1.3367595455047172,0.7731476114328718,1.1195723804908615,4.817901887894123,0.80608139424894,1.1726640319921338,"ed_transform=logit,epochs=300,patience=30,fit_partition=pathogen,supplied_final=1,mask_rate=0.5,covariate_encoder=shared,covariate_set=inpatient+outpatient,input_mode=finalized_available",1.1925140853835765,1.2116033253209078,1.0150064264928496,1.262824645827157,3.322692183036155,1.0403956685467628,1.291650489616311,-0.11898645762417726,-9.21197015606927,True,none / Claims / shared,none,Claims,shared
"ed_transform=logit,epochs=300,patience=30,fit_partition=pathogen,supplied_final=1,covariate_encoder=shared,covariate_set=inpatient+outpatient,input_mode=finalized_available",43,all,0.9881725348772016,1.3335692115051456,0.909406091744048,1.1381876539877944,3.229455925992051,0.807767558493937,1.1369802353483374,"ed_transform=logit,epochs=300,patience=30,fit_partition=pathogen,supplied_final=1,mask_rate=0.5,covariate_encoder=shared,covariate_set=inpatient+outpatient,input_mode=finalized_available",1.0425604099186616,1.1459934781379473,1.0898593820537732,1.1937453607921302,2.139237212874926,0.9370735823229888,1.1170889678573803,0.019891267490957043,1.780634135981951,False,none / Claims / shared,none,Claims,shared
"ed_transform=logit,epochs=300,patience=30,fit_partition=pathogen,supplied_final=1,covariate_encoder=shared,covariate_set=inpatient+outpatient,input_mode=finalized_available",43,states_dc,0.9834352824934368,1.3327716280052528,0.9434707118218416,1.1428414723620277,2.8323444355165317,0.8081890995551865,1.128059286187388,"ed_transform=logit,epochs=300,patience=30,fit_partition=pathogen,supplied_final=1,mask_rate=0.5,covariate_encoder=shared,covariate_set=inpatient+outpatient,input_mode=finalized_available",1.0050719910524328,1.1295910163422072,1.1085726209440037,1.1764755395333737,1.843373470334619,0.9112430607670452,1.0734485874176471,0.054610698769740784,5.087407017891343,False,none / Claims / shared,none,Claims,shared
"ed_transform=logit,epochs=300,patience=30,fit_partition=pathogen,supplied_final=1,covariate_encoder=shared,covariate_set=inpatient+outpatient,input_mode=finalized_available",44,US,1.3563306667211628,1.2587047655676658,0.7071934530466548,1.172925125044157,3.721967468044181,0.8227272839375822,1.4182578101528662,"ed_transform=logit,epochs=300,patience=30,fit_partition=pathogen,supplied_final=1,mask_rate=0.5,covariate_encoder=shared,covariate_set=inpatient+outpatient,input_mode=finalized_available",0.9521719825822772,1.2896248943851976,0.874157634630341,1.2729773320679,3.6026517735603103,0.9954185248071064,1.1242661896707726,0.2939916204820936,26.149645269345445,False,none / Claims / shared,none,Claims,shared
"ed_transform=logit,epochs=300,patience=30,fit_partition=pathogen,supplied_final=1,covariate_encoder=shared,covariate_set=inpatient+outpatient,input_mode=finalized_available",44,all,1.2193687550843069,1.2112548644427568,0.887887442523202,1.2222640549215795,2.612757571043509,0.8540464711758622,1.2752181290514804,"ed_transform=logit,epochs=300,patience=30,fit_partition=pathogen,supplied_final=1,mask_rate=0.5,covariate_encoder=shared,covariate_set=inpatient+outpatient,input_mode=finalized_available",0.9797682879662488,1.1786408007172442,0.979622370410536,1.2278296442213603,2.317785673541556,1.046549648782714,1.0962703735327497,0.17894775551873066,16.323323136250465,False,none / Claims / shared,none,Claims,shared
"ed_transform=logit,epochs=300,patience=30,fit_partition=pathogen,supplied_final=1,covariate_encoder=shared,covariate_set=inpatient+outpatient,input_mode=finalized_available",44,states_dc,1.185128277175093,1.1993923891615292,0.9330609398923386,1.2345987873909354,2.3354550967933405,0.8618762679854324,1.2394582087761334,"ed_transform=logit,epochs=300,patience=30,fit_partition=pathogen,supplied_final=1,mask_rate=0.5,covariate_encoder=shared,covariate_set=inpatient+outpatient,input_mode=finalized_available",0.9866673643122414,1.1508947773002558,1.0059885543555849,1.2165427222597256,1.9965691485368675,1.0593324297766158,1.0892714194982436,0.15018678927788986,13.787820610135082,False,none / Claims / shared,none,Claims,shared
"ed_transform=logit,epochs=300,patience=30,fit_partition=pathogen,supplied_final=1,covariate_encoder=shared,covariate_set=kinsa,input_mode=finalized_available",42,US,1.286858626157453,1.3488605896462291,0.9196932223562374,1.2545216943537447,3.845916407104144,1.0215132197524763,1.4360219408611703,"ed_transform=logit,epochs=300,patience=30,fit_partition=pathogen,supplied_final=1,mask_rate=0.5,covariate_encoder=shared,covariate_set=kinsa,input_mode=finalized_available",1.0782175189533996,1.156915176283532,1.0898947896517217,1.4265148753292949,3.711105381895325,1.0925194182493994,1.154222691326588,0.28179924953458224,24.41463433808433,False,none / Kinsa / shared,none,Kinsa,shared
"ed_transform=logit,epochs=300,patience=30,fit_partition=pathogen,supplied_final=1,covariate_encoder=shared,covariate_set=kinsa,input_mode=finalized_available",42,all,1.1611100518081898,1.2896408545389615,1.017466546396638,1.2533387516173409,2.629281925350889,0.9736289397950562,1.2696610974171338,"ed_transform=logit,epochs=300,patience=30,fit_partition=pathogen,supplied_final=1,mask_rate=0.5,covariate_encoder=shared,covariate_set=kinsa,input_mode=finalized_available",1.043083407859375,1.1399614212674904,1.1922546160700875,1.3444012145980595,2.542992712115888,1.0338988566180214,1.1013762753989291,0.16828482201820472,15.279503088737801,False,none / Kinsa / shared,none,Kinsa,shared
"ed_transform=logit,epochs=300,patience=30,fit_partition=pathogen,supplied_final=1,covariate_encoder=shared,covariate_set=kinsa,input_mode=finalized_available",42,states_dc,1.129672908220874,1.2748359207621445,1.041909877406738,1.2530430159332395,2.3251233049125744,0.961657869805701,1.2280708865561245,"ed_transform=logit,epochs=300,patience=30,fit_partition=pathogen,supplied_final=1,mask_rate=0.5,covariate_encoder=shared,covariate_set=kinsa,input_mode=finalized_available",1.0342998800858687,1.1357229825134798,1.2178445726746792,1.3238727994152508,2.2509645446710285,1.0192437162101768,1.088164671417014,0.1399062151391106,12.85708117659472,False,none / Kinsa / shared,none,Kinsa,shared
"ed_transform=logit,epochs=300,patience=30,fit_partition=pathogen,supplied_final=1,covariate_encoder=shared,covariate_set=kinsa,input_mode=finalized_available",43,US,1.1281126227639484,1.4827558974950863,0.7437888013674845,1.168767438328553,5.581295135385695,0.738131374074442,1.3239377775457946,"ed_transform=logit,epochs=300,patience=30,fit_partition=pathogen,supplied_final=1,mask_rate=0.5,covariate_encoder=shared,covariate_set=kinsa,input_mode=finalized_available",1.12995108432224,1.1395250824621332,0.9131358954073124,1.1604385166306266,3.2926976633175333,1.1432135515536168,1.1911593241081877,0.13277845343760686,11.146993584339949,False,none / Kinsa / shared,none,Kinsa,shared
"ed_transform=logit,epochs=300,patience=30,fit_partition=pathogen,supplied_final=1,covariate_encoder=shared,covariate_set=kinsa,input_mode=finalized_available",43,all,1.075296430542006,1.3530883058112644,0.9156005668697128,1.1672811697463517,3.4479377753751814,0.7959567273454514,1.2014915197603246,"ed_transform=logit,epochs=300,patience=30,fit_partition=pathogen,supplied_final=1,mask_rate=0.5,covariate_encoder=shared,covariate_set=kinsa,input_mode=finalized_available",1.0582798657306072,1.1073445617164988,1.047012885759092,1.1472333805573138,2.3232253961512597,1.0501628996897814,1.109344615302726,0.09214690445759866,8.306427343360113,False,none / Kinsa / shared,none,Kinsa,shared
"ed_transform=logit,epochs=300,patience=30,fit_partition=pathogen,supplied_final=1,covariate_encoder=shared,covariate_set=kinsa,input_mode=finalized_available",43,states_dc,1.06209238248652,1.3206714078903086,0.9585535082452694,1.166909602600801,2.914598435372552,0.8104130656632037,1.170879955313957,"ed_transform=logit,epochs=300,patience=30,fit_partition=pathogen,supplied_final=1,mask_rate=0.5,covariate_encoder=shared,covariate_set=kinsa,input_mode=finalized_available",1.0403620610826991,1.09929943153009,1.080482133347037,1.1439320965389852,2.08085732935969,1.0269002367238225,1.0888909381013605,0.08198901721259655,7.529589451406071,False,none / Kinsa / shared,none,Kinsa,shared
"ed_transform=logit,epochs=300,patience=30,fit_partition=pathogen,supplied_final=1,covariate_encoder=shared,covariate_set=kinsa,input_mode=finalized_available",44,US,0.969823730121417,1.3868295850586685,0.9338040181236836,1.069200635518077,4.533178344114954,0.8599850179255802,1.1750275451150805,"ed_transform=logit,epochs=300,patience=30,fit_partition=pathogen,supplied_final=1,mask_rate=0.5,covariate_encoder=shared,covariate_set=kinsa,input_mode=finalized_available",0.9663336670080742,1.3611423792698127,0.7515728523394429,1.1791701211777212,4.405690849390908,0.7837661812569132,1.1126604489933811,0.06236709612169933,5.605222705464419,False,none / Kinsa / shared,none,Kinsa,shared
"ed_transform=logit,epochs=300,patience=30,fit_partition=pathogen,supplied_final=1,covariate_encoder=shared,covariate_set=kinsa,input_mode=finalized_available",44,all,0.9845936554266458,1.2807228946186255,1.113168344508266,1.1590514329880424,2.8858406451457994,0.8938227021072948,1.1257988386452509,"ed_transform=logit,epochs=300,patience=30,fit_partition=pathogen,supplied_final=1,mask_rate=0.5,covariate_encoder=shared,covariate_set=kinsa,input_mode=finalized_available",0.9789294060551932,1.2570680178759597,0.9321389112968784,1.1919604584842016,2.905861306651783,0.8329698052963814,1.0748386047118352,0.050960233933415644,4.741198698113203,False,none / Kinsa / shared,none,Kinsa,shared
"ed_transform=logit,epochs=300,patience=30,fit_partition=pathogen,supplied_final=1,covariate_encoder=shared,covariate_set=kinsa,input_mode=finalized_available",44,states_dc,0.988286136752953,1.254196222008615,1.1580094261044114,1.1815141323555336,2.4740062204035103,0.9022821231527234,1.1134916620277933,"ed_transform=logit,epochs=300,patience=30,fit_partition=pathogen,supplied_final=1,mask_rate=0.5,covariate_encoder=shared,covariate_set=kinsa,input_mode=finalized_available",0.9820783408169728,1.2310494275274966,0.9772804260362372,1.1951580428108215,2.5309039209670012,0.8452707113062486,1.0653831436414485,0.04810851838634478,4.515607241720687,False,none / Kinsa / shared,none,Kinsa,shared
"ed_transform=logit,epochs=300,patience=30,fit_partition=pathogen,supplied_final=1,covariate_encoder=shared,covariate_set=ww_wval_like,input_mode=finalized_available",42,US,1.002930091900934,1.9755043028180777,0.7810919939827697,1.1233291185529783,7.045460181960024,0.8181673870477976,1.3451939507760942,"ed_transform=logit,epochs=300,patience=30,fit_partition=pathogen,supplied_final=1,mask_rate=0.5,covariate_encoder=shared,covariate_set=ww_wval_like,input_mode=finalized_available",1.0099968319935728,1.1322823819833874,0.8906907954280442,1.238119400751421,3.0167916562330093,0.9530607827323506,1.0432133659710556,0.30198058480503853,28.947154499304716,False,none / Wastewater / shared,none,Wastewater,shared
"ed_transform=logit,epochs=300,patience=30,fit_partition=pathogen,supplied_final=1,covariate_encoder=shared,covariate_set=ww_wval_like,input_mode=finalized_available",42,all,0.9921914137116922,1.6022898095150755,0.9537639627395724,1.1398509197032245,4.471004943848743,0.8222433934086854,1.2008857577127303,"ed_transform=logit,epochs=300,patience=30,fit_partition=pathogen,supplied_final=1,mask_rate=0.5,covariate_encoder=shared,covariate_set=ww_wval_like,input_mode=finalized_available",0.9974594155347098,1.1510963634118767,1.0101060089935303,1.210149198625848,2.260194720339894,0.9080306723058418,1.041096869539052,0.15978888817367842,15.348128771573899,False,none / Wastewater / shared,none,Wastewater,shared
"ed_transform=logit,epochs=300,patience=30,fit_partition=pathogen,supplied_final=1,covariate_encoder=shared,covariate_set=ww_wval_like,input_mode=finalized_available",42,states_dc,0.9895067441643816,1.508986186189325,0.9969319549287732,1.1439813699907857,3.8273911343209215,0.8232623949989073,1.1648087094468895,"ed_transform=logit,epochs=300,patience=30,fit_partition=pathogen,supplied_final=1,mask_rate=0.5,covariate_encoder=shared,covariate_set=ww_wval_like,input_mode=finalized_available",0.994325061419994,1.155799858768999,1.0399598123849023,1.2031566480944544,2.0710454863666152,0.8967731446992144,1.0405677454310511,0.1242409640158384,11.939728533904548,False,none / Wastewater / shared,none,Wastewater,shared
"ed_transform=logit,epochs=300,patience=30,fit_partition=pathogen,supplied_final=1,covariate_encoder=shared,covariate_set=ww_wval_like,input_mode=finalized_available",43,US,1.1672347448687888,1.8766785504389751,0.810766621958757,1.0534747124720565,9.032234149056032,0.8343384590681653,1.5201489843513756,"ed_transform=logit,epochs=300,patience=30,fit_partition=pathogen,supplied_final=1,mask_rate=0.5,covariate_encoder=shared,covariate_set=ww_wval_like,input_mode=finalized_available",1.1849597649127868,1.1941696931816774,1.481133015435526,1.2725241258501716,3.438592374898615,1.7459216439835947,1.3084949394329624,0.21165404491841322,16.175381236868503,False,none / Wastewater / shared,none,Wastewater,shared
"ed_transform=logit,epochs=300,patience=30,fit_partition=pathogen,supplied_final=1,covariate_encoder=shared,covariate_set=ww_wval_like,input_mode=finalized_available",43,all,1.0964823753038546,1.5906626108211488,0.9874533208561432,1.1180470970187493,5.364645604697351,0.8570402884570182,1.3106608720096231,"ed_transform=logit,epochs=300,patience=30,fit_partition=pathogen,supplied_final=1,mask_rate=0.5,covariate_encoder=shared,covariate_set=ww_wval_like,input_mode=finalized_available",1.101153055137851,1.18112153063419,1.4776828980206944,1.2150485411708185,2.4280789013237705,1.508861091570771,1.1987501277564905,0.11191074425313263,9.335618963609882,False,none / Wastewater / shared,none,Wastewater,shared
"ed_transform=logit,epochs=300,patience=30,fit_partition=pathogen,supplied_final=1,covariate_encoder=shared,covariate_set=ww_wval_like,input_mode=finalized_available",43,states_dc,1.078794282912621,1.5191586259166918,1.0316249955804897,1.1341901931554224,4.447748468607681,0.8627157458042316,1.2582888439241848,"ed_transform=logit,epochs=300,patience=30,fit_partition=pathogen,supplied_final=1,mask_rate=0.5,covariate_encoder=shared,covariate_set=ww_wval_like,input_mode=finalized_available",1.0802013776941168,1.1778594899973178,1.4768203686669863,1.2006796450009796,2.1754505329300593,1.449595953467565,1.1713139248373718,0.08697491908681299,7.425414932968444,False,none / Wastewater / shared,none,Wastewater,shared
"ed_transform=logit,epochs=300,patience=30,fit_partition=pathogen,supplied_final=1,covariate_encoder=shared,covariate_set=ww_wval_like,input_mode=finalized_available",44,US,1.0323148683468013,1.460276774841613,0.785501660480774,1.0226547947421072,4.413003569444373,0.8437717832378461,1.173433701040023,"ed_transform=logit,epochs=300,patience=30,fit_partition=pathogen,supplied_final=1,mask_rate=0.5,covariate_encoder=shared,covariate_set=ww_wval_like,input_mode=finalized_available",0.9757413669309172,1.4034753004549594,1.2188505542659875,1.047985211212348,3.4262024232047636,1.063986158415944,1.1336591346746518,0.039774566365371244,3.5085119635000384,False,none / Wastewater / shared,none,Wastewater,shared
"ed_transform=logit,epochs=300,patience=30,fit_partition=pathogen,supplied_final=1,covariate_encoder=shared,covariate_set=ww_wval_like,input_mode=finalized_available",44,all,1.012601850970255,1.287649371471434,0.9455379010470024,1.0769218340521878,2.74384025899718,0.8638551995401196,1.107630172990079,"ed_transform=logit,epochs=300,patience=30,fit_partition=pathogen,supplied_final=1,mask_rate=0.5,covariate_encoder=shared,covariate_set=ww_wval_like,input_mode=finalized_available",0.99305034058716,1.2933651052408413,1.2363772027965116,1.141869463082303,2.3751630259486185,1.008833351078715,1.1077990085802574,-0.00016883559017832894,-0.015240633803659254,True,none / Wastewater / shared,none,Wastewater,shared
"ed_transform=logit,epochs=300,patience=30,fit_partition=pathogen,supplied_final=1,covariate_encoder=shared,covariate_set=ww_wval_like,input_mode=finalized_available",44,states_dc,1.0076735966261183,1.244492520628889,0.9855469611885596,1.090488593879708,2.326549431385381,0.8688760536156879,1.0911792909775928,"ed_transform=logit,epochs=300,patience=30,fit_partition=pathogen,supplied_final=1,mask_rate=0.5,covariate_encoder=shared,covariate_set=ww_wval_like,input_mode=finalized_available",0.9973775840012205,1.2658375564373117,1.2407588649291423,1.1653405260497918,2.1124031766345817,0.995045149244408,1.1013339770566586,-0.010154686079065778,-0.922035122007625,True,none / Wastewater / shared,none,Wastewater,shared
"ed_transform=logit,epochs=300,patience=30,fit_partition=pathogen,supplied_final=1,covariate_encoder=smooth,covariate_set=ilinet+clinical_lab+flusurv,input_mode=finalized_available",42,US,0.8891040597490245,1.4987383162126218,1.153821130673017,1.1469762038491085,4.46862621713786,1.1955071269663016,1.179160311533633,"ed_transform=logit,epochs=300,patience=30,fit_partition=pathogen,supplied_final=1,mask_rate=0.5,covariate_encoder=smooth,covariate_set=ilinet+clinical_lab+flusurv,input_mode=finalized_available",0.931916906954303,1.199712810141479,0.8590029187092524,1.1661496299505636,2.5463999556057244,1.1291527726024833,1.0147548939439486,0.16440541758968452,16.201490485126513,False,none / New flu / smooth,none,New flu,smooth
"ed_transform=logit,epochs=300,patience=30,fit_partition=pathogen,supplied_final=1,covariate_encoder=smooth,covariate_set=ilinet+clinical_lab+flusurv,input_mode=finalized_available",42,all,0.9640288089025932,1.2934097066046788,1.3127234197787243,1.1899849088655745,3.1050252082225054,1.152662598128677,1.1341828611895983,"ed_transform=logit,epochs=300,patience=30,fit_partition=pathogen,supplied_final=1,mask_rate=0.5,covariate_encoder=smooth,covariate_set=ilinet+clinical_lab+flusurv,input_mode=finalized_available",0.971092176100918,1.172905109083349,1.0100184697931145,1.209292956543658,1.9375074258201064,1.043021219186171,1.0256810461938537,0.10850181499574463,10.57851418804885,False,none / New flu / smooth,none,New flu,smooth
"ed_transform=logit,epochs=300,patience=30,fit_partition=pathogen,supplied_final=1,covariate_encoder=smooth,covariate_set=ilinet+clinical_lab+flusurv,input_mode=finalized_available",42,states_dc,0.9827599961909854,1.2420775542026927,1.352448992055151,1.2007370851196912,2.7641249559936676,1.141951465919271,1.12293849860359,"ed_transform=logit,epochs=300,patience=30,fit_partition=pathogen,supplied_final=1,mask_rate=0.5,covariate_encoder=smooth,covariate_set=ilinet+clinical_lab+flusurv,input_mode=finalized_available",0.9808859933875717,1.1662031838188165,1.0477723575640798,1.2200787881919313,1.7852842933737023,1.021488330832093,1.0284125842563296,0.09452591434726032,9.191438902472626,False,none / New flu / smooth,none,New flu,smooth
"ed_transform=logit,epochs=300,patience=30,fit_partition=pathogen,supplied_final=1,covariate_encoder=smooth,covariate_set=ilinet+clinical_lab+flusurv,input_mode=finalized_available",43,US,0.9320534616223638,1.218244002499356,1.2040869055455825,1.1043305829330654,2.135349564437007,1.086745501601777,1.0304519277827164,"ed_transform=logit,epochs=300,patience=30,fit_partition=pathogen,supplied_final=1,mask_rate=0.5,covariate_encoder=smooth,covariate_set=ilinet+clinical_lab+flusurv,input_mode=finalized_available",0.9925603400591833,1.2060748271432793,0.7158659707258753,0.9842254459354718,2.1588751008953944,0.7750835764799838,1.0361437329266483,-0.005691805143931861,-0.549325828363123,True,none / New flu / smooth,none,New flu,smooth
"ed_transform=logit,epochs=300,patience=30,fit_partition=pathogen,supplied_final=1,covariate_encoder=smooth,covariate_set=ilinet+clinical_lab+flusurv,input_mode=finalized_available",43,all,0.9819333161597862,1.1807904511464735,1.2905216997970184,1.1505312749861685,1.726312775070712,1.0277383122921284,1.0537250061012442,"ed_transform=logit,epochs=300,patience=30,fit_partition=pathogen,supplied_final=1,mask_rate=0.5,covariate_encoder=smooth,covariate_set=ilinet+clinical_lab+flusurv,input_mode=finalized_available",1.002624347639699,1.1596646802513797,0.9307667411617908,1.0733825228484324,1.6446955722186538,0.7919874039254626,1.0292068340037095,0.024518172097534707,2.3822395350948877,False,none / New flu / smooth,none,New flu,smooth
"ed_transform=logit,epochs=300,patience=30,fit_partition=pathogen,supplied_final=1,covariate_encoder=smooth,covariate_set=ilinet+clinical_lab+flusurv,input_mode=finalized_available",43,states_dc,0.9944032797941418,1.1714270633082524,1.3121303983598769,1.1620814479994437,1.6240535777291385,1.0129865149647166,1.059543275680876,"ed_transform=logit,epochs=300,patience=30,fit_partition=pathogen,supplied_final=1,mask_rate=0.5,covariate_encoder=smooth,covariate_set=ilinet+clinical_lab+flusurv,input_mode=finalized_available",1.005140349534828,1.1480621435284044,0.9844919337707694,1.0956717920766723,1.5161506900494683,0.7962133607868324,1.027472609272975,0.03207066640790113,3.1213159473510332,False,none / New flu / smooth,none,New flu,smooth
"ed_transform=logit,epochs=300,patience=30,fit_partition=pathogen,supplied_final=1,covariate_encoder=smooth,covariate_set=ilinet+clinical_lab+flusurv,input_mode=finalized_available",44,US,0.9939766267255044,1.246667228109193,1.288998327251562,0.977011788210182,3.504313244984673,0.972007369011696,1.1714062162195475,"ed_transform=logit,epochs=300,patience=30,fit_partition=pathogen,supplied_final=1,mask_rate=0.5,covariate_encoder=smooth,covariate_set=ilinet+clinical_lab+flusurv,input_mode=finalized_available",0.934747802879107,1.2211928550687428,1.2835093549624486,1.056017642184248,3.762642459426786,1.7514664337744956,1.1499898903695307,0.02141632585001685,1.8623055758459905,False,none / New flu / smooth,none,New flu,smooth
"ed_transform=logit,epochs=300,patience=30,fit_partition=pathogen,supplied_final=1,covariate_encoder=smooth,covariate_set=ilinet+clinical_lab+flusurv,input_mode=finalized_available",44,all,1.0239902690436469,1.2588594945888163,1.2784067306393976,1.0711111144620498,2.5708104206692797,0.9294744749967572,1.1575638596170386,"ed_transform=logit,epochs=300,patience=30,fit_partition=pathogen,supplied_final=1,mask_rate=0.5,covariate_encoder=smooth,covariate_set=ilinet+clinical_lab+flusurv,input_mode=finalized_available",0.9483154784974916,1.1947091674608168,1.3004712058890069,1.0987226022261984,2.7597869554058265,1.4182889850175746,1.092728532768202,0.06483532684883664,5.933342537015096,False,none / New flu / smooth,none,New flu,smooth
"ed_transform=logit,epochs=300,patience=30,fit_partition=pathogen,supplied_final=1,covariate_encoder=smooth,covariate_set=ilinet+clinical_lab+flusurv,input_mode=finalized_available",44,states_dc,1.0314936796231822,1.261907561208722,1.2757588314863562,1.0946359460250166,2.337434714590431,0.9188412514930224,1.154103270466411,"ed_transform=logit,epochs=300,patience=30,fit_partition=pathogen,supplied_final=1,mask_rate=0.5,covariate_encoder=smooth,covariate_set=ilinet+clinical_lab+flusurv,input_mode=finalized_available",0.9517073974020877,1.1880882455588353,1.3047116686206457,1.1093988422366858,2.509073079400586,1.3349946228283445,1.0784131933678698,0.07569007709854114,7.018652735707187,False,none / New flu / smooth,none,New flu,smooth
"ed_transform=logit,epochs=300,patience=30,fit_partition=pathogen,supplied_final=1,covariate_encoder=smooth,covariate_set=inpatient+outpatient+ww_wval_like+kinsa+ilinet+clinical_lab+flusurv,input_mode=finalized_available",42,US,1.1042242716127804,1.161167661962607,1.5453763199061812,1.162191395701602,2.791936127976875,1.9343493189037777,1.2410314817343595,"ed_transform=logit,epochs=300,patience=30,fit_partition=pathogen,supplied_final=1,mask_rate=0.5,covariate_encoder=smooth,covariate_set=inpatient+outpatient+ww_wval_like+kinsa+ilinet+clinical_lab+flusurv,input_mode=finalized_available",1.0877658474529022,1.091797444824128,1.2288681810958195,1.5239671574324003,2.680975759741483,1.1653456566981533,1.1147027897192507,0.12632869201510877,11.332948403845467,False,none / Mixed / smooth,none,Mixed,smooth
"ed_transform=logit,epochs=300,patience=30,fit_partition=pathogen,supplied_final=1,covariate_encoder=smooth,covariate_set=inpatient+outpatient+ww_wval_like+kinsa+ilinet+clinical_lab+flusurv,input_mode=finalized_available",42,all,1.0628532450891752,1.1580619782848385,1.6408102607341415,1.163803065133416,2.1032221504718653,1.7287408858678055,1.186003980220428,"ed_transform=logit,epochs=300,patience=30,fit_partition=pathogen,supplied_final=1,mask_rate=0.5,covariate_encoder=smooth,covariate_set=inpatient+outpatient+ww_wval_like+kinsa+ilinet+clinical_lab+flusurv,input_mode=finalized_available",1.0514997270707305,1.1062264660499173,1.264691594312277,1.3633242657216662,1.8600388253800448,1.0052125387120858,1.078770101099496,0.10723387912093219,9.940382942726922,False,none / Mixed / smooth,none,Mixed,smooth
"ed_transform=logit,epochs=300,patience=30,fit_partition=pathogen,supplied_final=1,covariate_encoder=smooth,covariate_set=inpatient+outpatient+ww_wval_like+kinsa+ilinet+clinical_lab+flusurv,input_mode=finalized_available",42,states_dc,1.052510488458274,1.1572855573653955,1.6646687459411311,1.1642059824913693,1.931043656095613,1.677338777608813,1.1722471048419454,"ed_transform=logit,epochs=300,patience=30,fit_partition=pathogen,supplied_final=1,mask_rate=0.5,covariate_encoder=smooth,covariate_set=inpatient+outpatient+ww_wval_like+kinsa+ilinet+clinical_lab+flusurv,input_mode=finalized_available",1.0424331969751874,1.1098337213563645,1.2736474476163913,1.3231635427939823,1.654804591789685,0.965179259215569,1.0697869289445572,0.1024601758973882,9.577624583474265,False,none / Mixed / smooth,none,Mixed,smooth
"ed_transform=logit,epochs=300,patience=30,fit_partition=pathogen,supplied_final=1,covariate_encoder=smooth,covariate_set=inpatient+outpatient+ww_wval_like+kinsa+ilinet+clinical_lab+flusurv,input_mode=finalized_available",43,US,1.1194820741299225,1.1849681015698703,1.2635313015060992,1.1591968062436258,3.2338295919873588,1.023367433735943,1.222687485430034,"ed_transform=logit,epochs=300,patience=30,fit_partition=pathogen,supplied_final=1,mask_rate=0.5,covariate_encoder=smooth,covariate_set=inpatient+outpatient+ww_wval_like+kinsa+ilinet+clinical_lab+flusurv,input_mode=finalized_available",1.077947914573265,1.2732476932329395,1.4016616202716683,1.3088318423091745,3.190999860795094,0.9097670776286186,1.1729816407631632,0.04970584466687078,4.237563738383088,False,none / Mixed / smooth,none,Mixed,smooth
"ed_transform=logit,epochs=300,patience=30,fit_partition=pathogen,supplied_final=1,covariate_encoder=smooth,covariate_set=inpatient+outpatient+ww_wval_like+kinsa+ilinet+clinical_lab+flusurv,input_mode=finalized_available",43,all,1.067030964840422,1.186740642684147,1.3016501705391517,1.1759278135189335,2.373475065350363,1.0202062530416354,1.151636563413709,"ed_transform=logit,epochs=300,patience=30,fit_partition=pathogen,supplied_final=1,mask_rate=0.5,covariate_encoder=smooth,covariate_set=inpatient+outpatient+ww_wval_like+kinsa+ilinet+clinical_lab+flusurv,input_mode=finalized_available",1.0293148013448057,1.2369472414983511,1.2788137311275385,1.2396953696563269,2.563162191034438,0.8655615124068163,1.1148410254801902,0.03679553793351875,3.300518826679344,False,none / Mixed / smooth,none,Mixed,smooth
"ed_transform=logit,epochs=300,patience=30,fit_partition=pathogen,supplied_final=1,covariate_encoder=smooth,covariate_set=inpatient+outpatient+ww_wval_like+kinsa+ilinet+clinical_lab+flusurv,input_mode=finalized_available",43,states_dc,1.053918187518047,1.1871837779627157,1.3111798877974146,1.1801105653377606,2.1583864336911143,1.0194159578680586,1.1338738329096272,"ed_transform=logit,epochs=300,patience=30,fit_partition=pathogen,supplied_final=1,mask_rate=0.5,covariate_encoder=smooth,covariate_set=inpatient+outpatient+ww_wval_like+kinsa+ilinet+clinical_lab+flusurv,input_mode=finalized_available",1.0171565230376902,1.2278721285647043,1.2481017588415055,1.2224112514931145,2.406202773594274,0.8545101211013657,1.1003058716594465,0.03356796125018069,3.0507845240846043,False,none / Mixed / smooth,none,Mixed,smooth
"ed_transform=logit,epochs=300,patience=30,fit_partition=pathogen,supplied_final=1,covariate_encoder=smooth,covariate_set=inpatient+outpatient+ww_wval_like+kinsa+ilinet+clinical_lab+flusurv,input_mode=finalized_available",44,US,1.1736537575970054,1.4920071168028954,0.6153267420343239,1.139998694005504,4.085799953661305,0.8712519784110025,1.291310459807747,"ed_transform=logit,epochs=300,patience=30,fit_partition=pathogen,supplied_final=1,mask_rate=0.5,covariate_encoder=smooth,covariate_set=inpatient+outpatient+ww_wval_like+kinsa+ilinet+clinical_lab+flusurv,input_mode=finalized_available",0.9834478848997932,1.0063896867250208,1.2544464830512962,1.2465398271746404,2.422035805003734,1.1391004445477404,1.0502398232425036,0.2410706365652433,22.95386551054248,False,none / Mixed / smooth,none,Mixed,smooth
"ed_transform=logit,epochs=300,patience=30,fit_partition=pathogen,supplied_final=1,covariate_encoder=smooth,covariate_set=inpatient+outpatient+ww_wval_like+kinsa+ilinet+clinical_lab+flusurv,input_mode=finalized_available",44,all,1.1305543585061286,1.3309165012168809,0.8411606061844534,1.2307242558222475,3.0138372776058966,0.8776753721240583,1.2048960369279833,"ed_transform=logit,epochs=300,patience=30,fit_partition=pathogen,supplied_final=1,mask_rate=0.5,covariate_encoder=smooth,covariate_set=inpatient+outpatient+ww_wval_like+kinsa+ilinet+clinical_lab+flusurv,input_mode=finalized_available",0.9918520097453648,1.041930002700718,1.2309374424281736,1.2475619525199362,1.855036782374483,1.0297304039695876,1.033663815901665,0.1712322210263184,16.56556207077371,False,none / Mixed / smooth,none,Mixed,smooth
"ed_transform=logit,epochs=300,patience=30,fit_partition=pathogen,supplied_final=1,covariate_encoder=smooth,covariate_set=inpatient+outpatient+ww_wval_like+kinsa+ilinet+clinical_lab+flusurv,input_mode=finalized_available",44,states_dc,1.119779508733409,1.2906438473203767,0.897619072221986,1.2534056462764334,2.745846608592044,0.8792812205523225,1.1832924312080424,"ed_transform=logit,epochs=300,patience=30,fit_partition=pathogen,supplied_final=1,mask_rate=0.5,covariate_encoder=smooth,covariate_set=inpatient+outpatient+ww_wval_like+kinsa+ilinet+clinical_lab+flusurv,input_mode=finalized_available",0.9939530409567572,1.0508150816946429,1.2250601822723926,1.2478174838562597,1.7132870267171705,1.0023878938250494,1.0295198140664548,0.15377261714158763,14.936343627443938,False,none / Mixed / smooth,none,Mixed,smooth
"ed_transform=logit,epochs=300,patience=30,fit_partition=pathogen,supplied_final=1,covariate_encoder=smooth,covariate_set=inpatient+outpatient,input_mode=finalized_available",42,US,1.0260576386081426,1.175542934196247,0.9324901947876104,1.201600911858102,3.664847071261443,1.0754556963017072,1.146200695104572,"ed_transform=logit,epochs=300,patience=30,fit_partition=pathogen,supplied_final=1,mask_rate=0.5,covariate_encoder=smooth,covariate_set=inpatient+outpatient,input_mode=finalized_available",1.0470599857640988,1.1254271584423423,0.94389949774078,1.2714253850640538,2.8585118126699616,0.9418662948193854,1.1049404843109387,0.04126021079363329,3.734156850933368,False,none / Claims / smooth,none,Claims,smooth
"ed_transform=logit,epochs=300,patience=30,fit_partition=pathogen,supplied_final=1,covariate_encoder=smooth,covariate_set=inpatient+outpatient,input_mode=finalized_available",42,all,0.9892877890397828,1.1275524021429824,1.0327911039850708,1.2138370463882606,2.3545620269779186,0.9508130639591036,1.0718314986181232,"ed_transform=logit,epochs=300,patience=30,fit_partition=pathogen,supplied_final=1,mask_rate=0.5,covariate_encoder=smooth,covariate_set=inpatient+outpatient,input_mode=finalized_available",1.0026152047429624,1.117134935244675,1.1051157749386524,1.256139215664115,1.9719158138814796,0.9011577793952696,1.05521671901393,0.01661477960419311,1.5745371831976884,False,none / Claims / smooth,none,Claims,smooth
"ed_transform=logit,epochs=300,patience=30,fit_partition=pathogen,supplied_final=1,covariate_encoder=smooth,covariate_set=inpatient+outpatient,input_mode=finalized_available",42,states_dc,0.9800953266476924,1.115554769129666,1.057866331284436,1.2168960800208004,2.0269907659070365,0.9196524058734524,1.0532391994965111,"ed_transform=logit,epochs=300,patience=30,fit_partition=pathogen,supplied_final=1,mask_rate=0.5,covariate_encoder=smooth,covariate_set=inpatient+outpatient,input_mode=finalized_available",0.991504009487678,1.1150618794452585,1.1454198442381205,1.25231767331413,1.7502668141843585,0.8909806505392405,1.0427857776896776,0.010453421806833507,1.0024515130992118,False,none / Claims / smooth,none,Claims,smooth
"ed_transform=logit,epochs=300,patience=30,fit_partition=pathogen,supplied_final=1,covariate_encoder=smooth,covariate_set=inpatient+outpatient,input_mode=finalized_available",43,US,1.0872272651973371,1.393617732809224,0.9261837682322228,1.03991775948775,4.085813024076347,0.918559451050896,1.2550069144652316,"ed_transform=logit,epochs=300,patience=30,fit_partition=pathogen,supplied_final=1,mask_rate=0.5,covariate_encoder=smooth,covariate_set=inpatient+outpatient,input_mode=finalized_available",1.0702759320380844,1.2781323385360928,0.9823533045646842,1.1633946851549095,2.8498343747874606,0.9455994925598524,1.137983847311977,0.11702306715325461,10.283368031073014,False,none / Claims / smooth,none,Claims,smooth
"ed_transform=logit,epochs=300,patience=30,fit_partition=pathogen,supplied_final=1,covariate_encoder=smooth,covariate_set=inpatient+outpatient,input_mode=finalized_available",43,all,1.0477276871160115,1.2792504449794169,1.0157159422890203,1.1243759288970878,2.6382842245903495,0.8665841465845604,1.1692233818346214,"ed_transform=logit,epochs=300,patience=30,fit_partition=pathogen,supplied_final=1,mask_rate=0.5,covariate_encoder=smooth,covariate_set=inpatient+outpatient,input_mode=finalized_available",1.0399280649338325,1.210689481637561,1.1780438513451403,1.209616916063505,2.06729243642788,0.943141630515555,1.1113547504752128,0.05786863135940856,5.207035047509723,False,none / Claims / smooth,none,Claims,smooth
"ed_transform=logit,epochs=300,patience=30,fit_partition=pathogen,supplied_final=1,covariate_encoder=smooth,covariate_set=inpatient+outpatient,input_mode=finalized_available",43,states_dc,1.03785279259568,1.2506586230219647,1.03809898580322,1.145490471249422,2.2764020247188492,0.8535903204679766,1.1477774986769684,"ed_transform=logit,epochs=300,patience=30,fit_partition=pathogen,supplied_final=1,mask_rate=0.5,covariate_encoder=smooth,covariate_set=inpatient+outpatient,input_mode=finalized_available",1.0323410981577694,1.1938287674129282,1.2269664880402544,1.221172473790654,1.8716569518379844,0.9425271650044804,1.104697476266021,0.04308002241094733,3.8997122141132934,False,none / Claims / smooth,none,Claims,smooth
"ed_transform=logit,epochs=300,patience=30,fit_partition=pathogen,supplied_final=1,covariate_encoder=smooth,covariate_set=inpatient+outpatient,input_mode=finalized_available",44,US,1.010414951722514,1.1471360247168243,0.8108686845292756,1.0297791395628324,3.0794260608113904,0.9332367881925008,1.0859147605483133,"ed_transform=logit,epochs=300,patience=30,fit_partition=pathogen,supplied_final=1,mask_rate=0.5,covariate_encoder=smooth,covariate_set=inpatient+outpatient,input_mode=finalized_available",0.9621979973048744,1.151832188455686,1.2150297166144906,1.1260710226321384,3.0528829752198714,0.8654511420114581,1.0709897939960271,0.014924966552286145,1.3935675798178115,False,none / Claims / smooth,none,Claims,smooth
"ed_transform=logit,epochs=300,patience=30,fit_partition=pathogen,supplied_final=1,covariate_encoder=smooth,covariate_set=inpatient+outpatient,input_mode=finalized_available",44,all,0.9600759319679564,1.1478158335614732,0.9317195315104952,1.1640385041656776,2.1733194524526827,0.8787081400640891,1.046150488332669,"ed_transform=logit,epochs=300,patience=30,fit_partition=pathogen,supplied_final=1,mask_rate=0.5,covariate_encoder=smooth,covariate_set=inpatient+outpatient,input_mode=finalized_available",0.9561945281362232,1.099136345707446,1.4437060164025246,1.1414645272738222,1.838869881195245,0.9690812353274306,1.047643583159467,-0.001493094826797936,-0.14251935016822426,True,none / Claims / smooth,none,Claims,smooth
"ed_transform=logit,epochs=300,patience=30,fit_partition=pathogen,supplied_final=1,covariate_encoder=smooth,covariate_set=inpatient+outpatient,input_mode=finalized_available",44,states_dc,0.9474911770293168,1.1479857857726352,0.9619322432558004,1.1976033453163888,1.9467928003630055,0.8650759780319862,1.036209420278758,"ed_transform=logit,epochs=300,patience=30,fit_partition=pathogen,supplied_final=1,mask_rate=0.5,covariate_encoder=smooth,covariate_set=inpatient+outpatient,input_mode=finalized_available",0.9546936608440602,1.085962385020386,1.5008750913495328,1.1453129034342429,1.5353666076890882,0.9949887586564236,1.0418070304503269,-0.005597610171568901,-0.537298175953882,True,none / Claims / smooth,none,Claims,smooth
"ed_transform=logit,epochs=300,patience=30,fit_partition=pathogen,supplied_final=1,covariate_encoder=smooth,covariate_set=kinsa,input_mode=finalized_available",42,US,1.0116430132230467,1.4923003484570256,0.9732279263643336,1.1949682091215843,4.651069791219628,0.94480935572991,1.1783690021347462,"ed_transform=logit,epochs=300,patience=30,fit_partition=pathogen,supplied_final=1,mask_rate=0.5,covariate_encoder=smooth,covariate_set=kinsa,input_mode=finalized_available",0.9799837213057714,1.2900841192030696,1.0918795753190356,1.305981553898106,3.640587073011631,1.210845135901913,1.1532626966295365,0.025106305505209647,2.176980628835379,False,none / Kinsa / smooth,none,Kinsa,smooth
"ed_transform=logit,epochs=300,patience=30,fit_partition=pathogen,supplied_final=1,covariate_encoder=smooth,covariate_set=kinsa,input_mode=finalized_available",42,all,1.0264916426438646,1.3814248468744343,1.098912378305435,1.2089756563290892,3.2846705167782213,0.9479509617369246,1.1417194282183245,"ed_transform=logit,epochs=300,patience=30,fit_partition=pathogen,supplied_final=1,mask_rate=0.5,covariate_encoder=smooth,covariate_set=kinsa,input_mode=finalized_available",0.9914479785379084,1.2340904100588093,1.1655952204486746,1.323579476254388,2.650130655530325,1.1260757487201003,1.1147650387459551,0.02695438947236939,2.417943560796587,False,none / Kinsa / smooth,none,Kinsa,smooth
"ed_transform=logit,epochs=300,patience=30,fit_partition=pathogen,supplied_final=1,covariate_encoder=smooth,covariate_set=kinsa,input_mode=finalized_available",42,states_dc,1.0302037999990687,1.3537059714787865,1.1303334912907108,1.2124775181309655,2.94307069816787,0.9487363632386782,1.1325570347392186,"ed_transform=logit,epochs=300,patience=30,fit_partition=pathogen,supplied_final=1,mask_rate=0.5,covariate_encoder=smooth,covariate_set=kinsa,input_mode=finalized_available",0.9943140428459426,1.220091982772744,1.1840241317310842,1.3279789568434583,2.402516551159998,1.1048834019246467,1.1051406242750597,0.02741641046415899,2.4808074069436525,False,none / Kinsa / smooth,none,Kinsa,smooth
"ed_transform=logit,epochs=300,patience=30,fit_partition=pathogen,supplied_final=1,covariate_encoder=smooth,covariate_set=kinsa,input_mode=finalized_available",43,US,1.1863971169318772,1.331382630629789,0.9222757929003595,1.1081653705497518,4.783980152802824,0.8791465926487951,1.3289456892580296,"ed_transform=logit,epochs=300,patience=30,fit_partition=pathogen,supplied_final=1,mask_rate=0.5,covariate_encoder=smooth,covariate_set=kinsa,input_mode=finalized_available",1.163534414815628,1.2974870002126853,1.387867957866029,1.373680939365107,4.303538122413083,1.1323464358763558,1.2767756313599472,0.05217005789808238,4.086078760957701,False,none / Kinsa / smooth,none,Kinsa,smooth
"ed_transform=logit,epochs=300,patience=30,fit_partition=pathogen,supplied_final=1,covariate_encoder=smooth,covariate_set=kinsa,input_mode=finalized_available",43,all,1.0907678919056718,1.2558526442969398,1.0428305871622132,1.1579250310415528,3.2163528308354077,0.8689948657936424,1.1908553692295547,"ed_transform=logit,epochs=300,patience=30,fit_partition=pathogen,supplied_final=1,mask_rate=0.5,covariate_encoder=smooth,covariate_set=kinsa,input_mode=finalized_available",1.057440030398143,1.2324248617462683,1.3767182558505706,1.2732836181868692,2.9893387536918308,1.0488585320200043,1.1462934374794136,0.044561931750141115,3.88748031639512,False,none / Kinsa / smooth,none,Kinsa,smooth
"ed_transform=logit,epochs=300,patience=30,fit_partition=pathogen,supplied_final=1,covariate_encoder=smooth,covariate_set=kinsa,input_mode=finalized_available",43,states_dc,1.0668605856491205,1.2369701477137272,1.0729692857276765,1.1703649461645027,2.824446000343552,0.8664569340798541,1.156332789222436,"ed_transform=logit,epochs=300,patience=30,fit_partition=pathogen,supplied_final=1,mask_rate=0.5,covariate_encoder=smooth,covariate_set=kinsa,input_mode=finalized_available",1.0309164342937711,1.216159327129664,1.3739308303467062,1.2481842878923095,2.660788911511517,1.0279865560559165,1.11367288900928,0.04265990021315602,3.830559281290058,False,none / Kinsa / smooth,none,Kinsa,smooth
"ed_transform=logit,epochs=300,patience=30,fit_partition=pathogen,supplied_final=1,covariate_encoder=smooth,covariate_set=kinsa,input_mode=finalized_available",44,US,1.0257187429588177,1.4335961735511549,0.8470011748998026,1.1945987878841418,5.807209938044088,0.9329411273597292,1.2823998408174913,"ed_transform=logit,epochs=300,patience=30,fit_partition=pathogen,supplied_final=1,mask_rate=0.5,covariate_encoder=smooth,covariate_set=kinsa,input_mode=finalized_available",1.0383693500650588,1.3973746936771914,1.2731529281932217,1.1971766183256491,3.502697725384309,1.077748215717898,1.20781508736236,0.07458475345513116,6.175179813162468,False,none / Kinsa / smooth,none,Kinsa,smooth
"ed_transform=logit,epochs=300,patience=30,fit_partition=pathogen,supplied_final=1,covariate_encoder=smooth,covariate_set=kinsa,input_mode=finalized_available",44,all,0.987679867140517,1.3908917860979262,0.979294930651776,1.261756883425552,4.017874047255421,0.8807449128023345,1.1896690045819371,"ed_transform=logit,epochs=300,patience=30,fit_partition=pathogen,supplied_final=1,mask_rate=0.5,covariate_encoder=smooth,covariate_set=kinsa,input_mode=finalized_available",1.0098010981276553,1.3319925055448518,1.3185422021493651,1.2048891211256378,2.5162782763536624,1.0118702438091411,1.1406623943013372,0.04900661028059994,4.296329091362461,False,none / Kinsa / smooth,none,Kinsa,smooth
"ed_transform=logit,epochs=300,patience=30,fit_partition=pathogen,supplied_final=1,covariate_encoder=smooth,covariate_set=kinsa,input_mode=finalized_available",44,states_dc,0.9781701481859416,1.380215689234619,1.0123683695897692,1.278546407310904,3.5705400745582536,0.8676958591629857,1.1664862955230484,"ed_transform=logit,epochs=300,patience=30,fit_partition=pathogen,supplied_final=1,mask_rate=0.5,covariate_encoder=smooth,covariate_set=kinsa,input_mode=finalized_available",1.0026590351433042,1.3156469585117667,1.3298895206384014,1.2068172468256346,2.2696734140960007,0.995400750831952,1.123874221036081,0.042612074486967355,3.791534113816053,False,none / Kinsa / smooth,none,Kinsa,smooth
"ed_transform=logit,epochs=300,patience=30,fit_partition=pathogen,supplied_final=1,covariate_encoder=summary,covariate_set=ilinet+clinical_lab+flusurv,input_mode=finalized_available",42,US,1.050212301960704,1.4034981240715056,0.7687921579677336,1.209955167200495,5.470812924931859,0.8227992663084277,1.2962071666694095,"ed_transform=logit,epochs=300,patience=30,fit_partition=pathogen,supplied_final=1,mask_rate=0.5,covariate_encoder=summary,covariate_set=ilinet+clinical_lab+flusurv,input_mode=finalized_available",0.9551937961839656,1.2562787990105382,0.9671943791997332,1.1030926320633263,2.4775169547092535,0.8671240863333305,1.1026933697332248,0.19351379693618465,17.54919384189293,False,none / New flu / summary,none,New flu,summary
"ed_transform=logit,epochs=300,patience=30,fit_partition=pathogen,supplied_final=1,covariate_encoder=summary,covariate_set=ilinet+clinical_lab+flusurv,input_mode=finalized_available",42,all,1.0063246405559565,1.337993066092865,0.9710448401165818,1.3185069810827024,3.595710887058381,0.8533432231320417,1.1798162179005016,"ed_transform=logit,epochs=300,patience=30,fit_partition=pathogen,supplied_final=1,mask_rate=0.5,covariate_encoder=summary,covariate_set=ilinet+clinical_lab+flusurv,input_mode=finalized_available",0.9697380416063548,1.217992810756389,1.0805614885169676,1.1820425790616522,1.8948528947517047,0.8614223697106551,1.0756721630079518,0.10414405489254985,9.6817653625364,False,none / New flu / summary,none,New flu,summary
"ed_transform=logit,epochs=300,patience=30,fit_partition=pathogen,supplied_final=1,covariate_encoder=summary,covariate_set=ilinet+clinical_lab+flusurv,input_mode=finalized_available",42,states_dc,0.9953527252047696,1.3216168015982042,1.0216080106537937,1.3456449345532542,3.1269353775900104,0.8609792123379452,1.1507184807082744,"ed_transform=logit,epochs=300,patience=30,fit_partition=pathogen,supplied_final=1,mask_rate=0.5,covariate_encoder=summary,covariate_set=ilinet+clinical_lab+flusurv,input_mode=finalized_available",0.973374102961952,1.2084213136928526,1.108903265846276,1.2017800658112334,1.7491868797623176,0.8599969405549862,1.068916861326633,0.08180161938164132,7.652757884286454,False,none / New flu / summary,none,New flu,summary
"ed_transform=logit,epochs=300,patience=30,fit_partition=pathogen,supplied_final=1,covariate_encoder=summary,covariate_set=ilinet+clinical_lab+flusurv,input_mode=finalized_available",43,US,0.9500715964066552,1.3052859434759845,1.064837477627801,1.05651534885564,3.640116531601611,0.9062989130649588,1.1286879943803918,"ed_transform=logit,epochs=300,patience=30,fit_partition=pathogen,supplied_final=1,mask_rate=0.5,covariate_encoder=summary,covariate_set=ilinet+clinical_lab+flusurv,input_mode=finalized_available",0.9605299401600016,1.0697396530828038,1.333117091811881,1.115167638158643,2.261599120096951,1.1339214210218482,1.0553201725551868,0.07336782182520496,6.952186050567355,False,none / New flu / summary,none,New flu,summary
"ed_transform=logit,epochs=300,patience=30,fit_partition=pathogen,supplied_final=1,covariate_encoder=summary,covariate_set=ilinet+clinical_lab+flusurv,input_mode=finalized_available",43,all,0.975059148184966,1.2831032404884115,1.14463350944658,1.122116525918341,2.6047121300288905,0.9005396665315664,1.115214877722939,"ed_transform=logit,epochs=300,patience=30,fit_partition=pathogen,supplied_final=1,mask_rate=0.5,covariate_encoder=summary,covariate_set=ilinet+clinical_lab+flusurv,input_mode=finalized_available",0.9714233064704416,1.085388301731255,1.3030850248767252,1.1532704069903872,1.76081112186662,1.037473485398984,1.033885099889714,0.08132977783322493,7.866423245861709,False,none / New flu / summary,none,New flu,summary
"ed_transform=logit,epochs=300,patience=30,fit_partition=pathogen,supplied_final=1,covariate_encoder=summary,covariate_set=ilinet+clinical_lab+flusurv,input_mode=finalized_available",43,states_dc,0.9813060361295431,1.2775575647415185,1.1645825174012747,1.138516820184016,2.34586102963571,0.8990998548982181,1.1118465985585753,"ed_transform=logit,epochs=300,patience=30,fit_partition=pathogen,supplied_final=1,mask_rate=0.5,covariate_encoder=summary,covariate_set=ilinet+clinical_lab+flusurv,input_mode=finalized_available",0.9741466480480512,1.089300463893367,1.2955770081429363,1.162796099198323,1.6356141223090366,1.0133615014932678,1.0285263317233455,0.08332026683522975,8.100936676616,False,none / New flu / summary,none,New flu,summary
"ed_transform=logit,epochs=300,patience=30,fit_partition=pathogen,supplied_final=1,covariate_encoder=summary,covariate_set=ilinet+clinical_lab+flusurv,input_mode=finalized_available",44,US,1.0448190445151022,1.81741111279488,0.6711036545488396,1.1688009788553024,4.2589039651898775,0.7821610572771365,1.3254197502233929,"ed_transform=logit,epochs=300,patience=30,fit_partition=pathogen,supplied_final=1,mask_rate=0.5,covariate_encoder=summary,covariate_set=ilinet+clinical_lab+flusurv,input_mode=finalized_available",1.176405221326739,1.198632232333194,0.944363342279488,1.1635742266182727,2.721799034171177,0.8931520826553692,1.195839634838683,0.12958011538470982,10.835910736659105,False,none / New flu / summary,none,New flu,summary
"ed_transform=logit,epochs=300,patience=30,fit_partition=pathogen,supplied_final=1,covariate_encoder=summary,covariate_set=ilinet+clinical_lab+flusurv,input_mode=finalized_available",44,all,1.0275407629736908,1.61744028147544,0.8619424502026641,1.2557891050339496,3.0618050615275716,0.775258474448477,1.215307408059515,"ed_transform=logit,epochs=300,patience=30,fit_partition=pathogen,supplied_final=1,mask_rate=0.5,covariate_encoder=summary,covariate_set=ilinet+clinical_lab+flusurv,input_mode=finalized_available",1.1206969031550402,1.1624432466498835,1.074427392980779,1.2317635908252698,2.0774872378093354,0.9056769436071008,1.1318852419172336,0.08342216614228137,7.370196469827417,False,none / New flu / summary,none,New flu,summary
"ed_transform=logit,epochs=300,patience=30,fit_partition=pathogen,supplied_final=1,covariate_encoder=summary,covariate_set=ilinet+clinical_lab+flusurv,input_mode=finalized_available",44,states_dc,1.0232211925883377,1.5674475736455795,0.90965214911612,1.277536136578611,2.7625303356119955,0.7735328287413121,1.1877793225185451,"ed_transform=logit,epochs=300,patience=30,fit_partition=pathogen,supplied_final=1,mask_rate=0.5,covariate_encoder=summary,covariate_set=ilinet+clinical_lab+flusurv,input_mode=finalized_available",1.1067698236121155,1.1533960002290558,1.1069434056561016,1.2488109318770189,1.9164092887188744,0.9088081588450336,1.115896643686871,0.07188267883167421,6.441696839787703,False,none / New flu / summary,none,New flu,summary
"ed_transform=logit,epochs=300,patience=30,fit_partition=pathogen,supplied_final=1,covariate_encoder=summary,covariate_set=inpatient+outpatient+ww_wval_like+kinsa+ilinet+clinical_lab+flusurv,input_mode=finalized_available",42,US,1.0777783472640372,1.148985710670736,1.3919966110999502,1.0935164714193215,3.3293626855908216,1.6325747368579655,1.2605400235117663,"ed_transform=logit,epochs=300,patience=30,fit_partition=pathogen,supplied_final=1,mask_rate=0.5,covariate_encoder=summary,covariate_set=inpatient+outpatient+ww_wval_like+kinsa+ilinet+clinical_lab+flusurv,input_mode=finalized_available",0.958298985236826,1.1825773214235598,1.1191574731201617,1.0886771639439916,2.724970599685327,1.02822418471489,1.1083647527218374,0.15217527078992887,13.72971040591362,False,none / Mixed / summary,none,Mixed,summary
"ed_transform=logit,epochs=300,patience=30,fit_partition=pathogen,supplied_final=1,covariate_encoder=summary,covariate_set=inpatient+outpatient+ww_wval_like+kinsa+ilinet+clinical_lab+flusurv,input_mode=finalized_available",42,all,1.082433366847215,1.1263015435399544,1.3603211011235536,1.2678051768917893,2.281808172303485,1.344753139968915,1.190079185823868,"ed_transform=logit,epochs=300,patience=30,fit_partition=pathogen,supplied_final=1,mask_rate=0.5,covariate_encoder=summary,covariate_set=inpatient+outpatient+ww_wval_like+kinsa+ilinet+clinical_lab+flusurv,input_mode=finalized_available",0.990151766911402,1.1111263144611212,1.1573725532997925,1.2390144946544157,1.9891152975261863,0.9348229950790378,1.0703121708853185,0.11976701493854947,11.18991432560119,False,none / Mixed / summary,none,Mixed,summary
"ed_transform=logit,epochs=300,patience=30,fit_partition=pathogen,supplied_final=1,covariate_encoder=summary,covariate_set=inpatient+outpatient+ww_wval_like+kinsa+ilinet+clinical_lab+flusurv,input_mode=finalized_available",42,states_dc,1.0835971217430096,1.1206305017572589,1.3524022236294544,1.3113773532599058,2.01991954398165,1.2727977407466524,1.1724639764018931,"ed_transform=logit,epochs=300,patience=30,fit_partition=pathogen,supplied_final=1,mask_rate=0.5,covariate_encoder=summary,covariate_set=inpatient+outpatient+ww_wval_like+kinsa+ilinet+clinical_lab+flusurv,input_mode=finalized_available",0.998114962330046,1.0932635627205114,1.1669263233447005,1.2765988273320212,1.8051514719864008,0.9114726976700748,1.0607990254261888,0.11166495097570439,10.526494491342664,False,none / Mixed / summary,none,Mixed,summary
"ed_transform=logit,epochs=300,patience=30,fit_partition=pathogen,supplied_final=1,covariate_encoder=summary,covariate_set=inpatient+outpatient+ww_wval_like+kinsa+ilinet+clinical_lab+flusurv,input_mode=finalized_available",43,US,1.000748566286176,1.175392447205855,0.7378961390271475,1.0263777763018411,3.41225953663364,0.7404048241942185,1.0979226649818796,"ed_transform=logit,epochs=300,patience=30,fit_partition=pathogen,supplied_final=1,mask_rate=0.5,covariate_encoder=summary,covariate_set=inpatient+outpatient+ww_wval_like+kinsa+ilinet+clinical_lab+flusurv,input_mode=finalized_available",0.9229700407586088,1.1060582335862312,0.8079845632391021,0.9864944468076282,3.670069987258962,0.7781904446018099,1.0300546308241354,0.06786803415774423,6.588780063387878,False,none / Mixed / summary,none,Mixed,summary
"ed_transform=logit,epochs=300,patience=30,fit_partition=pathogen,supplied_final=1,covariate_encoder=summary,covariate_set=inpatient+outpatient+ww_wval_like+kinsa+ilinet+clinical_lab+flusurv,input_mode=finalized_available",43,all,0.9946689843578363,1.1119527401619815,0.9061318624375082,1.2039011348319266,2.264345975989648,0.7760437858191991,1.044914205006752,"ed_transform=logit,epochs=300,patience=30,fit_partition=pathogen,supplied_final=1,mask_rate=0.5,covariate_encoder=summary,covariate_set=inpatient+outpatient+ww_wval_like+kinsa+ilinet+clinical_lab+flusurv,input_mode=finalized_available",0.963203461742856,1.0906886358859476,0.9795215797993616,1.1293082148547668,2.334385865670411,0.8079566248083152,1.0229205669862902,0.021993638020461725,2.150082687774968,False,none / Mixed / summary,none,Mixed,summary
"ed_transform=logit,epochs=300,patience=30,fit_partition=pathogen,supplied_final=1,covariate_encoder=summary,covariate_set=inpatient+outpatient+ww_wval_like+kinsa+ilinet+clinical_lab+flusurv,input_mode=finalized_available",43,states_dc,0.9931490888757512,1.0960928134010128,0.9481907932900984,1.2482819744644478,1.9773675858286497,0.7849535262254441,1.0316620900129698,"ed_transform=logit,epochs=300,patience=30,fit_partition=pathogen,supplied_final=1,mask_rate=0.5,covariate_encoder=summary,covariate_set=inpatient+outpatient+ww_wval_like+kinsa+ilinet+clinical_lab+flusurv,input_mode=finalized_available",0.9732618169889172,1.0868462364608764,1.022405833939426,1.1650116568665514,2.0004648352732732,0.8153981698599415,1.021137051026829,0.010525038986140878,1.0307175687687797,False,none / Mixed / summary,none,Mixed,summary
"ed_transform=logit,epochs=300,patience=30,fit_partition=pathogen,supplied_final=1,covariate_encoder=summary,covariate_set=inpatient+outpatient+ww_wval_like+kinsa+ilinet+clinical_lab+flusurv,input_mode=finalized_available",44,US,0.9251236926959032,1.488179210243063,0.7099845500123108,1.0381160533886933,4.500017023768887,0.8035391162751669,1.1555816041321434,"ed_transform=logit,epochs=300,patience=30,fit_partition=pathogen,supplied_final=1,mask_rate=0.5,covariate_encoder=summary,covariate_set=inpatient+outpatient+ww_wval_like+kinsa+ilinet+clinical_lab+flusurv,input_mode=finalized_available",0.9387192944937236,1.1848690947525349,0.6977232950849651,1.1797557418506357,3.1941919444786055,0.9649287274740622,1.0629402158171204,0.092641388315023,8.715578443309369,False,none / Mixed / summary,none,Mixed,summary
"ed_transform=logit,epochs=300,patience=30,fit_partition=pathogen,supplied_final=1,covariate_encoder=summary,covariate_set=inpatient+outpatient+ww_wval_like+kinsa+ilinet+clinical_lab+flusurv,input_mode=finalized_available",44,all,0.9785377522974704,1.3889372366872514,0.8724441680579255,1.1531954942987117,2.9765586399573984,0.813105925080956,1.1276759089957935,"ed_transform=logit,epochs=300,patience=30,fit_partition=pathogen,supplied_final=1,mask_rate=0.5,covariate_encoder=summary,covariate_set=inpatient+outpatient+ww_wval_like+kinsa+ilinet+clinical_lab+flusurv,input_mode=finalized_available",0.9483370733759328,1.098343045413149,0.8673108436621362,1.192956627104963,2.1465904321012133,0.939973508692032,1.0147768768898058,0.11289903210598773,11.125503022103977,False,none / Mixed / summary,none,Mixed,summary
"ed_transform=logit,epochs=300,patience=30,fit_partition=pathogen,supplied_final=1,covariate_encoder=summary,covariate_set=inpatient+outpatient+ww_wval_like+kinsa+ilinet+clinical_lab+flusurv,input_mode=finalized_available",44,states_dc,0.9918912671978622,1.3641267432982982,0.9130590725693288,1.181965354526216,2.595694044004526,0.8154976272824032,1.1206994852117058,"ed_transform=logit,epochs=300,patience=30,fit_partition=pathogen,supplied_final=1,mask_rate=0.5,covariate_encoder=summary,covariate_set=inpatient+outpatient+ww_wval_like+kinsa+ilinet+clinical_lab+flusurv,input_mode=finalized_available",0.9507415180964848,1.0767115330783026,0.9097077308064286,1.1962568484185447,1.884690054006865,0.9337347039965244,1.0027360421579772,0.11796344305372863,11.764157075660787,False,none / Mixed / summary,none,Mixed,summary
"ed_transform=logit,epochs=300,patience=30,fit_partition=pathogen,supplied_final=1,covariate_encoder=summary,covariate_set=kinsa,input_mode=finalized_available",42,US,1.3337893553282287,1.4985062646907017,0.7928423989149462,1.2784479069844892,5.367699522103413,0.8447145444000598,1.542432380768754,"ed_transform=logit,epochs=300,patience=30,fit_partition=pathogen,supplied_final=1,mask_rate=0.5,covariate_encoder=summary,covariate_set=kinsa,input_mode=finalized_available",0.9462522389797696,1.2252585173675876,0.8382845128704961,1.2451222379207898,3.980926870094717,0.8372834539698183,1.0803140658910768,0.4621183148776773,42.77629343801126,False,none / Kinsa / summary,none,Kinsa,summary
"ed_transform=logit,epochs=300,patience=30,fit_partition=pathogen,supplied_final=1,covariate_encoder=summary,covariate_set=kinsa,input_mode=finalized_available",42,all,1.171725252987189,1.3557476186553736,0.9452022303249172,1.1947601661571274,3.3899675106388387,0.8207635455940795,1.3013247401762191,"ed_transform=logit,epochs=300,patience=30,fit_partition=pathogen,supplied_final=1,mask_rate=0.5,covariate_encoder=summary,covariate_set=kinsa,input_mode=finalized_available",0.9389371571826048,1.180282792314484,0.9793140998094207,1.1917819930578957,2.757831329208416,0.852361190055296,1.0369182185136696,0.2644065216625495,25.49926473869395,False,none / Kinsa / summary,none,Kinsa,summary
"ed_transform=logit,epochs=300,patience=30,fit_partition=pathogen,supplied_final=1,covariate_encoder=summary,covariate_set=kinsa,input_mode=finalized_available",42,states_dc,1.1312092274019292,1.3200579571465414,0.98329218817741,1.173838230950287,2.895534507772694,0.8147757958925846,1.2410478300280852,"ed_transform=logit,epochs=300,patience=30,fit_partition=pathogen,supplied_final=1,mask_rate=0.5,covariate_encoder=summary,covariate_set=kinsa,input_mode=finalized_available",0.9371083867333136,1.169038861051208,1.0145714965441517,1.1784469318421722,2.452057443986841,0.8561306240766656,1.0260692566693177,0.21497857335876747,20.9516630540711,False,none / Kinsa / summary,none,Kinsa,summary
"ed_transform=logit,epochs=300,patience=30,fit_partition=pathogen,supplied_final=1,covariate_encoder=summary,covariate_set=kinsa,input_mode=finalized_available",43,US,0.9901480034367872,1.5865333237748716,1.0377520029330172,1.1069947197480794,5.506524741308565,1.1912865478130414,1.2924125120729706,"ed_transform=logit,epochs=300,patience=30,fit_partition=pathogen,supplied_final=1,mask_rate=0.5,covariate_encoder=summary,covariate_set=kinsa,input_mode=finalized_available",1.1307229880668044,1.0096112381147,0.9175753459130608,1.1214804570875996,3.263641300217828,0.846177316769708,1.14251040149429,0.14990211057868064,13.120415392509654,False,none / Kinsa / summary,none,Kinsa,summary
"ed_transform=logit,epochs=300,patience=30,fit_partition=pathogen,supplied_final=1,covariate_encoder=summary,covariate_set=kinsa,input_mode=finalized_available",43,all,0.9977682081849868,1.4099998490327637,1.1064433071199622,1.1648243334404254,3.489453050037827,1.0698429656150863,1.194054084763786,"ed_transform=logit,epochs=300,patience=30,fit_partition=pathogen,supplied_final=1,mask_rate=0.5,covariate_encoder=summary,covariate_set=kinsa,input_mode=finalized_available",1.0426642708365943,1.0564281733018546,1.033834291340363,1.1215587313092847,2.257643849082172,0.8140246717081357,1.064393239760615,0.12966084500317088,12.18166746646492,False,none / Kinsa / summary,none,Kinsa,summary
"ed_transform=logit,epochs=300,patience=30,fit_partition=pathogen,supplied_final=1,covariate_encoder=summary,covariate_set=kinsa,input_mode=finalized_available",43,states_dc,0.9996732593720364,1.3658664803472362,1.1236161331666985,1.179281736863512,2.985185127220142,1.0394820700655976,1.1694644779364896,"ed_transform=logit,epochs=300,patience=30,fit_partition=pathogen,supplied_final=1,mask_rate=0.5,covariate_encoder=summary,covariate_set=kinsa,input_mode=finalized_available",1.0206495915290417,1.068132407098643,1.0628990276971888,1.121578299864706,2.0061444862982576,0.8059865104427426,1.0448639493271965,0.12460052860929305,11.925048106935376,False,none / Kinsa / summary,none,Kinsa,summary
"ed_transform=logit,epochs=300,patience=30,fit_partition=pathogen,supplied_final=1,covariate_encoder=summary,covariate_set=kinsa,input_mode=finalized_available",44,US,1.0131075120407522,1.4185277538887295,0.9383396884041728,1.2968608034607094,4.043347486923475,0.9237991771671668,1.1697597726197255,"ed_transform=logit,epochs=300,patience=30,fit_partition=pathogen,supplied_final=1,mask_rate=0.5,covariate_encoder=summary,covariate_set=kinsa,input_mode=finalized_available",0.957661601997111,1.5159033576075267,0.8497036817077178,1.1745881003146843,4.701325311362249,0.9157692469484264,1.1560548653047602,0.01370490731496532,1.1854893505726771,False,none / Kinsa / summary,none,Kinsa,summary
"ed_transform=logit,epochs=300,patience=30,fit_partition=pathogen,supplied_final=1,covariate_encoder=summary,covariate_set=kinsa,input_mode=finalized_available",44,all,1.015268064092992,1.311980189775761,1.1355780241970326,1.2900447199057885,2.7273258598555956,1.0047352622128152,1.1296694738009785,"ed_transform=logit,epochs=300,patience=30,fit_partition=pathogen,supplied_final=1,mask_rate=0.5,covariate_encoder=summary,covariate_set=kinsa,input_mode=finalized_available",0.9538444506531716,1.3532084485300788,0.9871310896349936,1.1690015873018746,3.1680166696508545,0.8963381816299694,1.0876049833744523,0.04206449042652616,3.867625752873516,False,none / Kinsa / summary,none,Kinsa,summary
"ed_transform=logit,epochs=300,patience=30,fit_partition=pathogen,supplied_final=1,covariate_encoder=summary,covariate_set=kinsa,input_mode=finalized_available",44,states_dc,1.0158082021060515,1.2853432987475184,1.1848876081452473,1.2883406990170578,2.3983204530886253,1.0249692834742272,1.1196468990962918,"ed_transform=logit,epochs=300,patience=30,fit_partition=pathogen,supplied_final=1,mask_rate=0.5,covariate_encoder=summary,covariate_set=kinsa,input_mode=finalized_available",0.9528901628171864,1.3125347212607166,1.0214879416168126,1.167604959048672,2.7846895092230057,0.8914804153003549,1.0704925128918754,0.04915438620441637,4.591754319853059,False,none / Kinsa / summary,none,Kinsa,summary
"ed_transform=logit,epochs=300,patience=30,fit_partition=pathogen,supplied_final=1,covariate_encoder=summary,covariate_set=ww_wval_like,input_mode=finalized_available",42,US,1.0176552189838313,1.6587785898339569,0.6988188631416199,1.0978310729260778,6.133825492094104,0.959235157034779,1.337902326421203,"ed_transform=logit,epochs=300,patience=30,fit_partition=pathogen,supplied_final=1,mask_rate=0.5,covariate_encoder=summary,covariate_set=ww_wval_like,input_mode=finalized_available",1.013556509610671,1.1776381044225366,0.9083402810062384,1.463917658410386,3.1376713972640484,1.0169201602594404,1.0692875512011792,0.26861477522002386,25.120911107426313,False,none / Wastewater / summary,none,Wastewater,summary
"ed_transform=logit,epochs=300,patience=30,fit_partition=pathogen,supplied_final=1,covariate_encoder=summary,covariate_set=ww_wval_like,input_mode=finalized_available",42,all,1.0320519133759356,1.4907846995789886,0.915914230115011,1.1143238094697934,3.829841907412689,0.917684615686008,1.2461191777144485,"ed_transform=logit,epochs=300,patience=30,fit_partition=pathogen,supplied_final=1,mask_rate=0.5,covariate_encoder=summary,covariate_set=ww_wval_like,input_mode=finalized_available",1.0039380005551022,1.1780846204642137,1.0202284724643131,1.3426447691575158,2.207092762334512,0.9740456415987252,1.057575118756984,0.1885440589574645,17.82795903699672,False,none / Wastewater / summary,none,Wastewater,summary
"ed_transform=logit,epochs=300,patience=30,fit_partition=pathogen,supplied_final=1,covariate_encoder=summary,covariate_set=ww_wval_like,input_mode=finalized_available",42,states_dc,1.0356510869739617,1.4487862270152465,0.9701880718583584,1.118446993605722,3.253846011242334,0.9072969803488152,1.2231733905377595,"ed_transform=logit,epochs=300,patience=30,fit_partition=pathogen,supplied_final=1,mask_rate=0.5,covariate_encoder=summary,covariate_set=ww_wval_like,input_mode=finalized_available",1.00153337329121,1.1781962494746328,1.0482005203288318,1.3123265468442982,1.9744481036021275,0.963327011933546,1.054647010645935,0.16852637989182462,15.979410948939975,False,none / Wastewater / summary,none,Wastewater,summary
"ed_transform=logit,epochs=300,patience=30,fit_partition=pathogen,supplied_final=1,covariate_encoder=summary,covariate_set=ww_wval_like,input_mode=finalized_available",43,US,0.974570776499859,1.1821312184816266,0.7747586993364806,1.137333565930988,3.3620881677472587,0.7014524035747423,1.084688063943032,"ed_transform=logit,epochs=300,patience=30,fit_partition=pathogen,supplied_final=1,mask_rate=0.5,covariate_encoder=summary,covariate_set=ww_wval_like,input_mode=finalized_available",1.192224303467026,1.233352057756036,0.6548926093843899,1.2386217246451618,2.8774974948452687,0.8223705885526068,1.2554533789881452,-0.17076531504511316,-13.601884219925752,True,none / Wastewater / summary,none,Wastewater,summary
"ed_transform=logit,epochs=300,patience=30,fit_partition=pathogen,supplied_final=1,covariate_encoder=summary,covariate_set=ww_wval_like,input_mode=finalized_available",43,all,0.973354229556569,1.187421128910941,0.8997533965993983,1.1801372054639765,2.321583171282528,0.7509415887194819,1.0552902606549728,"ed_transform=logit,epochs=300,patience=30,fit_partition=pathogen,supplied_final=1,mask_rate=0.5,covariate_encoder=summary,covariate_set=ww_wval_like,input_mode=finalized_available",1.0671202726098157,1.1706560334819296,0.8543835796650382,1.2450756994328611,2.1294535436204756,0.822306289551954,1.1120132666772011,-0.05672300602222835,-5.100928893746204,True,none / Wastewater / summary,none,Wastewater,summary
"ed_transform=logit,epochs=300,patience=30,fit_partition=pathogen,supplied_final=1,covariate_encoder=summary,covariate_set=ww_wval_like,input_mode=finalized_available",43,states_dc,0.9730500928207464,1.1887436065182695,0.9310020709151277,1.1908381153472234,2.0614569221663452,0.763313885005667,1.047940809832958,"ed_transform=logit,epochs=300,patience=30,fit_partition=pathogen,supplied_final=1,mask_rate=0.5,covariate_encoder=summary,covariate_set=ww_wval_like,input_mode=finalized_available",1.0358442648955128,1.1549820274134026,0.9042563222352,1.246689193129786,1.9424425558142768,0.8222902148017908,1.076153238599465,-0.02821242876650709,-2.6215995784414026,True,none / Wastewater / summary,none,Wastewater,summary
"ed_transform=logit,epochs=300,patience=30,fit_partition=pathogen,supplied_final=1,covariate_encoder=summary,covariate_set=ww_wval_like,input_mode=finalized_available",44,US,0.9847268685298486,1.2896056634512405,0.7797557696088515,1.119382002714723,3.016287740733025,0.8831484117036075,1.0941271323744772,"ed_transform=logit,epochs=300,patience=30,fit_partition=pathogen,supplied_final=1,mask_rate=0.5,covariate_encoder=summary,covariate_set=ww_wval_like,input_mode=finalized_available",1.0183784167397854,1.1619796160638605,1.148886489522509,1.350457354502802,3.021800121284455,1.406092375560988,1.150215185335642,-0.0560880529611647,-4.876309552877078,True,none / Wastewater / summary,none,Wastewater,summary
"ed_transform=logit,epochs=300,patience=30,fit_partition=pathogen,supplied_final=1,covariate_encoder=summary,covariate_set=ww_wval_like,input_mode=finalized_available",44,all,0.9804454426115232,1.2280650673578468,0.9395527485074,1.172763704274398,2.2529048015511166,0.868625883585716,1.059763675709492,"ed_transform=logit,epochs=300,patience=30,fit_partition=pathogen,supplied_final=1,mask_rate=0.5,covariate_encoder=summary,covariate_set=ww_wval_like,input_mode=finalized_available",1.0288012881218718,1.145361811582241,1.2127371129167213,1.3558681464147049,2.218153343716011,1.2735842483910522,1.129608570636753,-0.06984489492726098,-6.183105966333969,True,none / Wastewater / summary,none,Wastewater,summary
"ed_transform=logit,epochs=300,patience=30,fit_partition=pathogen,supplied_final=1,covariate_encoder=summary,covariate_set=ww_wval_like,input_mode=finalized_available",44,states_dc,0.9793750861319416,1.2126799183344985,0.979501993232037,1.1861091296643165,2.0620590667556393,0.864995251556243,1.0511728115432457,"ed_transform=logit,epochs=300,patience=30,fit_partition=pathogen,supplied_final=1,mask_rate=0.5,covariate_encoder=summary,covariate_set=ww_wval_like,input_mode=finalized_available",1.031407005967393,1.141207360461836,1.228699768765274,1.3572208443926803,2.017241649323899,1.2404572165985683,1.12445691696203,-0.07328410541878427,-6.517288863034221,True,none / Wastewater / summary,none,Wastewater,summary
"ed_transform=logit,epochs=300,patience=30,fit_partition=pathogen,supplied_final=1,covariate_set=ilinet+clinical_lab+flusurv,input_mode=finalized_available",42,US,0.995323628508325,1.4231104989722176,1.0909538594184305,1.3248827043239408,2.630780139373293,1.084949936188141,1.1654605077156035,"ed_transform=logit,epochs=300,patience=30,fit_partition=pathogen,supplied_final=1,mask_rate=0.5,covariate_set=ilinet+clinical_lab+flusurv,input_mode=finalized_available",0.8249420296158823,1.1851128588619604,1.097789102840055,1.1222204912241909,2.7732778093294006,1.1454195938762477,0.9530867452877544,0.2123737624278491,22.28273171123889,False,none / New flu / raw,none,New flu,raw
"ed_transform=logit,epochs=300,patience=30,fit_partition=pathogen,supplied_final=1,covariate_set=ilinet+clinical_lab+flusurv,input_mode=finalized_available",42,all,1.0394190170997968,1.2715478702659486,1.2602268695905792,1.3264773936662029,2.1768799158194545,1.0517655111948103,1.1399159424425471,"ed_transform=logit,epochs=300,patience=30,fit_partition=pathogen,supplied_final=1,mask_rate=0.5,covariate_set=ilinet+clinical_lab+flusurv,input_mode=finalized_available",0.9697402674244532,1.1843694773191418,1.2005998701669836,1.1862611536457166,2.216087455146928,1.1193125712961125,1.0587314369451826,0.08118450549736456,7.668092460880427,False,none / New flu / raw,none,New flu,raw
"ed_transform=logit,epochs=300,patience=30,fit_partition=pathogen,supplied_final=1,covariate_set=ilinet+clinical_lab+flusurv,input_mode=finalized_available",42,states_dc,1.0504428642476646,1.2336572130893813,1.3025451221336162,1.326876066001768,2.063404859930994,1.043469404946478,1.1335298011242827,"ed_transform=logit,epochs=300,patience=30,fit_partition=pathogen,supplied_final=1,mask_rate=0.5,covariate_set=ilinet+clinical_lab+flusurv,input_mode=finalized_available",1.0059398268765956,1.1841836319334371,1.2263025619987156,1.202271319251098,2.0767898666013096,1.1127858156510786,1.0851426098595394,0.048387191264743334,4.459062875708719,False,none / New flu / raw,none,New flu,raw
"ed_transform=logit,epochs=300,patience=30,fit_partition=pathogen,supplied_final=1,covariate_set=ilinet+clinical_lab+flusurv,input_mode=finalized_available",43,US,0.9198900086924388,1.154978361410897,0.9171100817832588,1.1605519326804747,2.637048214238971,0.8839294313488216,0.998588276855593,"ed_transform=logit,epochs=300,patience=30,fit_partition=pathogen,supplied_final=1,mask_rate=0.5,covariate_set=ilinet+clinical_lab+flusurv,input_mode=finalized_available",0.8955069138902786,1.5855961026984144,1.6160682786129277,0.9942766780840172,3.669916062238514,1.3166245211777892,1.1857668467921367,-0.1871785699365437,-15.785444705501694,True,none / New flu / raw,none,New flu,raw
"ed_transform=logit,epochs=300,patience=30,fit_partition=pathogen,supplied_final=1,covariate_set=ilinet+clinical_lab+flusurv,input_mode=finalized_available",43,all,1.0021373080792886,1.135330793811633,1.1107556626197022,1.197427527604772,2.1299825300944315,0.9913186643382884,1.0620451403045827,"ed_transform=logit,epochs=300,patience=30,fit_partition=pathogen,supplied_final=1,mask_rate=0.5,covariate_set=ilinet+clinical_lab+flusurv,input_mode=finalized_available",0.980975767685888,1.4047270580999496,1.5762235468210204,1.1061300889258374,2.6518241048680187,1.137364139514628,1.1634484416220396,-0.1014033013174569,-8.715753761815515,True,none / New flu / raw,none,New flu,raw
"ed_transform=logit,epochs=300,patience=30,fit_partition=pathogen,supplied_final=1,covariate_set=ilinet+clinical_lab+flusurv,input_mode=finalized_available",43,states_dc,1.0226991329260011,1.130418901911817,1.159167057828813,1.206646426335846,2.0032161090582963,1.0181659725856549,1.07790935616683,"ed_transform=logit,epochs=300,patience=30,fit_partition=pathogen,supplied_final=1,mask_rate=0.5,covariate_set=ilinet+clinical_lab+flusurv,input_mode=finalized_available",1.0023429811347904,1.3595097969503331,1.5662623638730435,1.1340934416362922,2.397301115525394,1.0925490440988377,1.1578688403295152,-0.07995948416268517,-6.905746262238965,True,none / New flu / raw,none,New flu,raw
"ed_transform=logit,epochs=300,patience=30,fit_partition=pathogen,supplied_final=1,covariate_set=ilinet+clinical_lab+flusurv,input_mode=finalized_available",44,US,1.0392108537361084,1.3324044129306791,1.1904320835337892,0.9889122568465576,4.169730444847889,1.4369957508749014,1.300843535354505,"ed_transform=logit,epochs=300,patience=30,fit_partition=pathogen,supplied_final=1,mask_rate=0.5,covariate_set=ilinet+clinical_lab+flusurv,input_mode=finalized_available",1.119442434405519,1.1408582161372411,1.5565568658944635,1.005347562758282,2.716302015598619,1.9257362424099411,1.228776917522154,0.07206661783235102,5.864906542814485,False,none / New flu / raw,none,New flu,raw
"ed_transform=logit,epochs=300,patience=30,fit_partition=pathogen,supplied_final=1,covariate_set=ilinet+clinical_lab+flusurv,input_mode=finalized_available",44,all,1.0817454052444395,1.355026334555092,1.3027897553962229,1.1001763451273705,3.098101030224975,1.3209697406171088,1.2843569068967764,"ed_transform=logit,epochs=300,patience=30,fit_partition=pathogen,supplied_final=1,mask_rate=0.5,covariate_set=ilinet+clinical_lab+flusurv,input_mode=finalized_available",1.1199522646876834,1.100897813371633,1.4579560609414668,1.1010591146445454,2.0229403488959807,1.5509481121822044,1.1657640941914529,0.11859281270532351,10.172968381529767,False,none / New flu / raw,none,New flu,raw
"ed_transform=logit,epochs=300,patience=30,fit_partition=pathogen,supplied_final=1,covariate_set=ilinet+clinical_lab+flusurv,input_mode=finalized_available",44,states_dc,1.0923790431215226,1.360681814961195,1.3308791733618306,1.1279923671975736,2.830193676569246,1.2919632380526611,1.2802352497823442,"ed_transform=logit,epochs=300,patience=30,fit_partition=pathogen,supplied_final=1,mask_rate=0.5,covariate_set=ilinet+clinical_lab+flusurv,input_mode=finalized_available",1.1200797222582244,1.090907712680231,1.4333058597032171,1.124987002616111,1.8495999322203207,1.4572510796252705,1.1500108883587772,0.13022436142356697,11.323750300261493,False,none / New flu / raw,none,New flu,raw
"ed_transform=logit,epochs=300,patience=30,fit_partition=pathogen,supplied_final=1,covariate_set=inpatient+outpatient+ww_wval_like+kinsa+ilinet+clinical_lab+flusurv,input_mode=finalized_available",42,US,1.1856509894677476,1.1182663803576711,1.2293423793317355,1.3070465029660066,2.712924977586015,1.7519194023549922,1.2445366087146672,"ed_transform=logit,epochs=300,patience=30,fit_partition=pathogen,supplied_final=1,mask_rate=0.5,covariate_set=inpatient+outpatient+ww_wval_like+kinsa+ilinet+clinical_lab+flusurv,input_mode=finalized_available",1.1862610807832956,1.1661692568690754,1.296594767476177,1.3868708990495393,1.924494792694824,1.172341159677025,1.226942252576375,0.0175943561382923,1.434000345276809,False,none / Mixed / raw,none,Mixed,raw
"ed_transform=logit,epochs=300,patience=30,fit_partition=pathogen,supplied_final=1,covariate_set=inpatient+outpatient+ww_wval_like+kinsa+ilinet+clinical_lab+flusurv,input_mode=finalized_available",42,all,1.1325349732226553,1.2300441858130793,1.273327663649841,1.2688429647798247,2.1555768376475277,1.439235269131434,1.2127337740223234,"ed_transform=logit,epochs=300,patience=30,fit_partition=pathogen,supplied_final=1,mask_rate=0.5,covariate_set=inpatient+outpatient+ww_wval_like+kinsa+ilinet+clinical_lab+flusurv,input_mode=finalized_available",1.13507836313703,1.1731110838925114,1.3511837237898516,1.3689570462441505,1.5960859576333757,1.1828263255604197,1.178197175432895,0.03453659858942837,2.9313088937544585,False,none / Mixed / raw,none,Mixed,raw
"ed_transform=logit,epochs=300,patience=30,fit_partition=pathogen,supplied_final=1,covariate_set=inpatient+outpatient+ww_wval_like+kinsa+ilinet+clinical_lab+flusurv,input_mode=finalized_available",42,states_dc,1.119255969161382,1.2579886371769309,1.284323984729367,1.259292080233279,2.016239802662905,1.361064235825544,1.2047830653492375,"ed_transform=logit,epochs=300,patience=30,fit_partition=pathogen,supplied_final=1,mask_rate=0.5,covariate_set=inpatient+outpatient+ww_wval_like+kinsa+ilinet+clinical_lab+flusurv,input_mode=finalized_available",1.1222826837254634,1.17484654064837,1.3648309628682698,1.3644785830428037,1.5139837488680132,1.1854476170312682,1.166010906147025,0.03877215920221255,3.3251969598064424,False,none / Mixed / raw,none,Mixed,raw
"ed_transform=logit,epochs=300,patience=30,fit_partition=pathogen,supplied_final=1,covariate_set=inpatient+outpatient+ww_wval_like+kinsa+ilinet+clinical_lab+flusurv,input_mode=finalized_available",43,US,0.98739474307509,1.2875013659096513,1.2218319805781477,1.2931958572596696,3.4722725797016363,0.9753437637527248,1.1111253282016784,"ed_transform=logit,epochs=300,patience=30,fit_partition=pathogen,supplied_final=1,mask_rate=0.5,covariate_set=inpatient+outpatient+ww_wval_like+kinsa+ilinet+clinical_lab+flusurv,input_mode=finalized_available",0.9630531154480731,1.0896336852659514,1.2097586214125735,1.2216374925174327,2.7796190425495957,0.8057448978433385,1.0350553870758847,0.07606994112579368,7.349359471544559,False,none / Mixed / raw,none,Mixed,raw
"ed_transform=logit,epochs=300,patience=30,fit_partition=pathogen,supplied_final=1,covariate_set=inpatient+outpatient+ww_wval_like+kinsa+ilinet+clinical_lab+flusurv,input_mode=finalized_available",43,all,1.0899426503609446,1.2790239718662693,1.2000138121882131,1.2878552996305257,2.554323554971899,1.1127441911952365,1.1780228920116589,"ed_transform=logit,epochs=300,patience=30,fit_partition=pathogen,supplied_final=1,mask_rate=0.5,covariate_set=inpatient+outpatient+ww_wval_like+kinsa+ilinet+clinical_lab+flusurv,input_mode=finalized_available",1.0130456483033454,1.0958086079407026,1.1721077333759955,1.241511238719914,2.1315318418039837,0.87090108973272,1.0601855982317996,0.1178372937798593,11.114779711815647,False,none / Mixed / raw,none,Mixed,raw
"ed_transform=logit,epochs=300,patience=30,fit_partition=pathogen,supplied_final=1,covariate_set=inpatient+outpatient+ww_wval_like+kinsa+ilinet+clinical_lab+flusurv,input_mode=finalized_available",43,states_dc,1.115579627182408,1.2769046233554238,1.1945592700907297,1.2865201602232392,2.3248362987894637,1.1470942980558645,1.194747282964154,"ed_transform=logit,epochs=300,patience=30,fit_partition=pathogen,supplied_final=1,mask_rate=0.5,covariate_set=inpatient+outpatient+ww_wval_like+kinsa+ilinet+clinical_lab+flusurv,input_mode=finalized_available",1.0255437815171635,1.0973523386093902,1.1626950113668513,1.246479675270534,1.9695100416175808,0.8871901377050654,1.0664681510207783,0.1282791319433756,12.028407207528158,False,none / Mixed / raw,none,Mixed,raw
"ed_transform=logit,epochs=300,patience=30,fit_partition=pathogen,supplied_final=1,covariate_set=inpatient+outpatient+ww_wval_like+kinsa+ilinet+clinical_lab+flusurv,input_mode=finalized_available",44,US,1.1592376894144778,1.2358193058398168,0.9897027688251958,1.2593957926138966,3.3613551945122393,1.1405513652684276,1.259683272166599,"ed_transform=logit,epochs=300,patience=30,fit_partition=pathogen,supplied_final=1,mask_rate=0.5,covariate_set=inpatient+outpatient+ww_wval_like+kinsa+ilinet+clinical_lab+flusurv,input_mode=finalized_available",1.0290372863382984,1.2058828393261924,1.1700354480223445,1.1038286833433462,3.1299910140337377,1.1856953694834562,1.159197628088541,0.10048564407805793,8.66855156042321,False,none / Mixed / raw,none,Mixed,raw
"ed_transform=logit,epochs=300,patience=30,fit_partition=pathogen,supplied_final=1,covariate_set=inpatient+outpatient+ww_wval_like+kinsa+ilinet+clinical_lab+flusurv,input_mode=finalized_available",44,all,1.15109627868304,1.2432817751067304,1.040013863548105,1.372848555331343,2.857727062919979,1.0899957574297423,1.2302607759687094,"ed_transform=logit,epochs=300,patience=30,fit_partition=pathogen,supplied_final=1,mask_rate=0.5,covariate_set=inpatient+outpatient+ww_wval_like+kinsa+ilinet+clinical_lab+flusurv,input_mode=finalized_available",1.0653295068528523,1.1500322264908038,1.160234804942742,1.2032980946543903,2.3695011521350606,1.0562542075962305,1.135686813666443,0.09457396230226633,8.327468555960804,False,none / Mixed / raw,none,Mixed,raw
"ed_transform=logit,epochs=300,patience=30,fit_partition=pathogen,supplied_final=1,covariate_set=inpatient+outpatient+ww_wval_like+kinsa+ilinet+clinical_lab+flusurv,input_mode=finalized_available",44,states_dc,1.1490609260001805,1.2451473924234588,1.0525916372288326,1.4012117460107043,2.7318200300219138,1.077356855470071,1.222905151919237,"ed_transform=logit,epochs=300,patience=30,fit_partition=pathogen,supplied_final=1,mask_rate=0.5,covariate_set=inpatient+outpatient+ww_wval_like+kinsa+ilinet+clinical_lab+flusurv,input_mode=finalized_available",1.074402561981491,1.1360695732819568,1.1577846441728414,1.2281654474821515,2.1793786866603906,1.023893917124424,1.1298091100609182,0.09309604185831888,8.239979747844227,False,none / Mixed / raw,none,Mixed,raw
"ed_transform=logit,epochs=300,patience=30,fit_partition=pathogen,supplied_final=1,covariate_set=inpatient+outpatient,input_mode=finalized_available",42,US,1.0588546685366889,1.2420188031037005,1.0142009373515122,1.169332946399707,2.983772302723034,0.9252739578128836,1.1759076634176115,"ed_transform=logit,epochs=300,patience=30,fit_partition=pathogen,supplied_final=1,mask_rate=0.5,covariate_set=inpatient+outpatient,input_mode=finalized_available",1.092063317673991,1.3521886738401494,1.3675616664472674,1.3716296975198512,3.222247722625927,1.722914085921873,1.2915920312407547,-0.11568436782314317,-8.956726661747217,True,none / Claims / raw,none,Claims,raw
"ed_transform=logit,epochs=300,patience=30,fit_partition=pathogen,supplied_final=1,covariate_set=inpatient+outpatient,input_mode=finalized_available",42,all,1.0245920555097503,1.2185747769811963,1.210918604198076,1.2351985903722,2.067067131390085,0.9420345736467968,1.1309731420623408,"ed_transform=logit,epochs=300,patience=30,fit_partition=pathogen,supplied_final=1,mask_rate=0.5,covariate_set=inpatient+outpatient,input_mode=finalized_available",1.0390719642448518,1.2565028306418815,1.435893925767453,1.3404822728232964,2.2639627467990744,1.4634570733304977,1.176632518909022,-0.04565937684668131,-3.8805129140079275,True,none / Claims / raw,none,Claims,raw
"ed_transform=logit,epochs=300,patience=30,fit_partition=pathogen,supplied_final=1,covariate_set=inpatient+outpatient,input_mode=finalized_available",42,states_dc,1.0160264022530157,1.2127137704505704,1.2600980209097168,1.251665001365323,1.837890838556847,0.9462247276052752,1.1197395117235232,"ed_transform=logit,epochs=300,patience=30,fit_partition=pathogen,supplied_final=1,mask_rate=0.5,covariate_set=inpatient+outpatient,input_mode=finalized_available",1.0258241258875669,1.2325813698423147,1.4529769905974994,1.3326954166491574,2.024391502842361,1.398592820182654,1.147892640826088,-0.028153129102564955,-2.4525925248814584,True,none / Claims / raw,none,Claims,raw
"ed_transform=logit,epochs=300,patience=30,fit_partition=pathogen,supplied_final=1,covariate_set=inpatient+outpatient,input_mode=finalized_available",43,US,1.0260112820580354,1.5098131181054284,1.0779836859114766,1.065359818833767,4.50957035390504,0.8821605131748803,1.2521901785434757,"ed_transform=logit,epochs=300,patience=30,fit_partition=pathogen,supplied_final=1,mask_rate=0.5,covariate_set=inpatient+outpatient,input_mode=finalized_available",1.0730235033427211,1.0927321764577007,0.8169070933822953,1.2148080963828805,2.62187023389082,0.8862149884086786,1.091744457479324,0.16044572106415167,14.696270722051308,False,none / Claims / raw,none,Claims,raw
"ed_transform=logit,epochs=300,patience=30,fit_partition=pathogen,supplied_final=1,covariate_set=inpatient+outpatient,input_mode=finalized_available",43,all,1.012054180041981,1.398878820284882,1.1812193973561418,1.1765847603096855,3.190676759263768,0.8993338680214271,1.1844029439216086,"ed_transform=logit,epochs=300,patience=30,fit_partition=pathogen,supplied_final=1,mask_rate=0.5,covariate_set=inpatient+outpatient,input_mode=finalized_available",1.041025420949531,1.0728203648176566,0.986988615465508,1.20107657250054,1.796226559112821,0.870071826282606,1.0684235939095776,0.11597935001203097,10.855184280201001,False,none / Claims / raw,none,Claims,raw
"ed_transform=logit,epochs=300,patience=30,fit_partition=pathogen,supplied_final=1,covariate_set=inpatient+outpatient,input_mode=finalized_available",43,states_dc,1.0085649045379672,1.3711452458297453,1.207028325217308,1.204390995678665,2.8609533606034496,0.9036272067330636,1.1674561352661417,"ed_transform=logit,epochs=300,patience=30,fit_partition=pathogen,supplied_final=1,mask_rate=0.5,covariate_set=inpatient+outpatient,input_mode=finalized_available",1.0330259003512332,1.0678424119076455,1.0295089959863113,1.1976436915299549,1.5898156404183212,0.8660360357510878,1.062593378017141,0.10486275724900063,9.868568675317778,False,none / Claims / raw,none,Claims,raw
"ed_transform=logit,epochs=300,patience=30,fit_partition=pathogen,supplied_final=1,covariate_set=inpatient+outpatient,input_mode=finalized_available",44,US,1.0092404726447346,1.270759815083132,0.7137232048496539,1.1231320679278696,3.743799154068673,0.829209384923914,1.133274117566043,"ed_transform=logit,epochs=300,patience=30,fit_partition=pathogen,supplied_final=1,mask_rate=0.5,covariate_set=inpatient+outpatient,input_mode=finalized_available",0.9553012995895992,1.1972355959680008,0.9764815195312104,1.120065526154912,3.381757135927214,0.9969809280290696,1.090672802127225,0.042601315438818066,3.905966606642197,False,none / Claims / raw,none,Claims,raw
"ed_transform=logit,epochs=300,patience=30,fit_partition=pathogen,supplied_final=1,covariate_set=inpatient+outpatient,input_mode=finalized_available",44,all,1.0128026746044816,1.2413440561964253,0.9020426748490902,1.3222646381019143,2.2147434363070793,0.9908533439302524,1.111161315591629,"ed_transform=logit,epochs=300,patience=30,fit_partition=pathogen,supplied_final=1,mask_rate=0.5,covariate_set=inpatient+outpatient,input_mode=finalized_available",0.9970518098943996,1.1368987680169331,1.116619599091544,1.2499871069452464,2.176367670250932,0.9736736595023892,1.077271832486138,0.033889483105491,3.145861804191097,False,none / Claims / raw,none,Claims,raw
"ed_transform=logit,epochs=300,patience=30,fit_partition=pathogen,supplied_final=1,covariate_set=inpatient+outpatient,input_mode=finalized_available",44,states_dc,1.013693225094418,1.2339901164747484,0.9491225423489492,1.3720477806454252,1.83247950686668,1.0312643336818372,1.1056331150980252,"ed_transform=logit,epochs=300,patience=30,fit_partition=pathogen,supplied_final=1,mask_rate=0.5,covariate_set=inpatient+outpatient,input_mode=finalized_available",1.0074894374705996,1.121814561029166,1.151654118981627,1.2824675021428302,1.8750203038318616,0.9678468423707192,1.073921590075866,0.031711525022159126,2.952871542504232,False,none / Claims / raw,none,Claims,raw
"ed_transform=logit,epochs=300,patience=30,fit_partition=pathogen,supplied_final=1,covariate_set=kinsa,input_mode=finalized_available",42,US,0.9789904632758728,1.478251190669103,0.9732279263643336,1.1949682091215843,4.651069791219628,0.94480935572991,1.1609582769152762,"ed_transform=logit,epochs=300,patience=30,fit_partition=pathogen,supplied_final=1,mask_rate=0.5,covariate_set=kinsa,input_mode=finalized_available",0.9848239767260436,1.293071466264231,1.0918795753190356,1.305981553898106,3.640587073011631,1.210845135901913,1.1593619142759002,0.0015963626393760144,0.13769321035295157,False,none / Kinsa / raw,none,Kinsa,raw
"ed_transform=logit,epochs=300,patience=30,fit_partition=pathogen,supplied_final=1,covariate_set=kinsa,input_mode=finalized_available",42,all,1.0012108339777877,1.387802838735098,1.098912378305435,1.2089756563290892,3.2846705167782213,0.9479509617369246,1.1341829562498191,"ed_transform=logit,epochs=300,patience=30,fit_partition=pathogen,supplied_final=1,mask_rate=0.5,covariate_set=kinsa,input_mode=finalized_available",0.9935378915126756,1.2349412168220142,1.1655952204486746,1.323579476254388,2.650130655530325,1.1260757487201003,1.1166421062724006,0.01754084997741856,1.5708569360664448,False,none / Kinsa / raw,none,Kinsa,raw
"ed_transform=logit,epochs=300,patience=30,fit_partition=pathogen,supplied_final=1,covariate_set=kinsa,input_mode=finalized_available",42,states_dc,1.0067659266532665,1.365190750751597,1.1303334912907108,1.2124775181309655,2.94307069816787,0.9487363632386782,1.1274891260834543,"ed_transform=logit,epochs=300,patience=30,fit_partition=pathogen,supplied_final=1,mask_rate=0.5,covariate_set=kinsa,input_mode=finalized_available",0.9957163702093332,1.22040865446146,1.1840241317310842,1.3279789568434583,2.402516551159998,1.1048834019246467,1.1059621542715254,0.021526971811928863,1.946447419451558,False,none / Kinsa / raw,none,Kinsa,raw
"ed_transform=logit,epochs=300,patience=30,fit_partition=pathogen,supplied_final=1,covariate_set=kinsa,input_mode=finalized_available",43,US,1.0693835764080903,1.3452880590628435,0.9222757929003595,1.1081653705497518,4.783980152802824,0.8791465926487951,1.2613992698820475,"ed_transform=logit,epochs=300,patience=30,fit_partition=pathogen,supplied_final=1,mask_rate=0.5,covariate_set=kinsa,input_mode=finalized_available",1.1242591148164518,1.3054329558483748,1.387867957866029,1.373680939365107,4.303538122413083,1.1323464358763558,1.2534843308375043,0.007914939044543212,0.6314350207517139,False,none / Kinsa / raw,none,Kinsa,raw
"ed_transform=logit,epochs=300,patience=30,fit_partition=pathogen,supplied_final=1,covariate_set=kinsa,input_mode=finalized_available",43,all,1.0024516890918245,1.2440289681702954,1.0428305871622132,1.1579250310415528,3.2163528308354077,0.8689948657936424,1.1278128355331172,"ed_transform=logit,epochs=300,patience=30,fit_partition=pathogen,supplied_final=1,mask_rate=0.5,covariate_set=kinsa,input_mode=finalized_available",1.0479731227119318,1.2363640867082493,1.3767182558505706,1.2732836181868692,2.9893387536918308,1.0488585320200043,1.1434427985586364,-0.015629963025519222,-1.3669212876430303,True,none / Kinsa / raw,none,Kinsa,raw
"ed_transform=logit,epochs=300,patience=30,fit_partition=pathogen,supplied_final=1,covariate_set=kinsa,input_mode=finalized_available",43,states_dc,0.9857187172627578,1.218714195447158,1.0729692857276765,1.1703649461645027,2.824446000343552,0.8664569340798541,1.0944162269458846,"ed_transform=logit,epochs=300,patience=30,fit_partition=pathogen,supplied_final=1,mask_rate=0.5,covariate_set=kinsa,input_mode=finalized_available",1.0289016246858014,1.2190968694232178,1.3739308303467062,1.2481842878923095,2.660788911511517,1.0279865560559165,1.1159324154889194,-0.02151618854303483,-1.9280906481785487,True,none / Kinsa / raw,none,Kinsa,raw
"ed_transform=logit,epochs=300,patience=30,fit_partition=pathogen,supplied_final=1,covariate_set=kinsa,input_mode=finalized_available",44,US,1.0625614995994406,1.2223572403001215,0.7598306575825348,1.1722532628433937,4.692262768557763,0.7527485961295106,1.202017428518645,"ed_transform=logit,epochs=300,patience=30,fit_partition=pathogen,supplied_final=1,mask_rate=0.5,covariate_set=kinsa,input_mode=finalized_available",0.9863465649015232,1.3940227128561942,1.2731529281932217,1.1971766183256491,3.502697725384309,1.077748215717898,1.1750751162645388,0.02694231225410615,2.292816168191303,False,none / Kinsa / raw,none,Kinsa,raw
"ed_transform=logit,epochs=300,patience=30,fit_partition=pathogen,supplied_final=1,covariate_set=kinsa,input_mode=finalized_available",44,all,1.0279809805235287,1.2028002000504383,0.9274076184822678,1.197998023455196,3.2818964394960313,0.771001716666556,1.1248758041280769,"ed_transform=logit,epochs=300,patience=30,fit_partition=pathogen,supplied_final=1,mask_rate=0.5,covariate_set=kinsa,input_mode=finalized_available",0.981533932520133,1.3290096073227369,1.3185422021493651,1.2048891211256378,2.5162782763536624,1.0118702438091411,1.1236064464214135,0.0012693577066633654,0.11297173585165243,False,none / Kinsa / raw,none,Kinsa,raw
"ed_transform=logit,epochs=300,patience=30,fit_partition=pathogen,supplied_final=1,covariate_set=kinsa,input_mode=finalized_available",44,states_dc,1.0193358507545505,1.1979109399880177,0.9693018587072012,1.2044342136081465,2.9293048572305977,0.7755649968008174,1.105590398030435,"ed_transform=logit,epochs=300,patience=30,fit_partition=pathogen,supplied_final=1,mask_rate=0.5,covariate_set=kinsa,input_mode=finalized_available",0.9803307744247854,1.3127563309393726,1.3298895206384014,1.2068172468256346,2.2696734140960007,0.995400750831952,1.110739278960632,-0.005148880930197164,-0.4635544117081336,True,none / Kinsa / raw,none,Kinsa,raw
"ed_transform=logit,epochs=300,patience=30,fit_partition=pathogen,supplied_final=1,input_mode=finalized_available",42,US,0.8895333811939556,1.3956412217326928,0.7254979730343926,1.2631492629907153,3.738490204459449,0.85935653370149,1.0567285046017678,"ed_transform=logit,epochs=300,patience=30,fit_partition=pathogen,supplied_final=1,mask_rate=0.5,input_mode=finalized_available",0.9065627091202284,1.5764162447550374,1.065170253896877,1.1028732791730924,3.0859184325805646,0.933283301457938,1.1837022439001892,-0.12697373929842137,-10.726831004396399,True,none / no covariates,none,None,raw
"ed_transform=logit,epochs=300,patience=30,fit_partition=pathogen,supplied_final=1,input_mode=finalized_available",42,all,0.9509109368920596,1.3308721607311218,0.9118749705811884,1.275916290559808,2.6215276405372414,0.8542110175315162,1.0780542553753494,"ed_transform=logit,epochs=300,patience=30,fit_partition=pathogen,supplied_final=1,mask_rate=0.5,input_mode=finalized_available",0.9194817848939746,1.327122157343445,1.1698721695332777,1.1171342010352656,2.2939626622123788,0.9060838617464514,1.0997289168787872,-0.021674661503437775,-1.9709094823980866,True,none / no covariates,none,None,raw
"ed_transform=logit,epochs=300,patience=30,fit_partition=pathogen,supplied_final=1,input_mode=finalized_available",42,states_dc,0.9662553258165856,1.314679895480729,0.958469219967887,1.2791080474520813,2.342286999556689,0.8529246384890226,1.083385693068745,"ed_transform=logit,epochs=300,patience=30,fit_partition=pathogen,supplied_final=1,mask_rate=0.5,input_mode=finalized_available",0.9227115538374112,1.2647986354905465,1.196047648442378,1.1206994315008088,2.0959737196203325,0.8992840018185797,1.0787355851234368,0.0046501079453082905,0.4310702279072487,False,none / no covariates,none,None,raw
"ed_transform=logit,epochs=300,patience=30,fit_partition=pathogen,supplied_final=1,input_mode=finalized_available",43,US,1.1252240295044789,1.1914212641560666,0.7322877730978641,1.097381493824004,2.8697367063605,0.7605517556381769,1.2320849936510565,"ed_transform=logit,epochs=300,patience=30,fit_partition=pathogen,supplied_final=1,mask_rate=0.5,input_mode=finalized_available",0.9477284088472056,1.2247468629241505,1.2324409191686403,1.3366936744013629,3.077743226293571,1.415270855643057,1.1113397762664006,0.12074521738465593,10.864833596643631,False,none / no covariates,none,None,raw
"ed_transform=logit,epochs=300,patience=30,fit_partition=pathogen,supplied_final=1,input_mode=finalized_available",43,all,1.0242590459232686,1.2237436471025704,0.9204002613193414,1.1436080015806953,2.111201639397691,0.7710346693277569,1.1310742859561118,"ed_transform=logit,epochs=300,patience=30,fit_partition=pathogen,supplied_final=1,mask_rate=0.5,input_mode=finalized_available",0.9448094887568642,1.2018336456111176,1.2795928435476445,1.2519755196549678,2.2689745605565776,1.2509685850639591,1.0776297722376376,0.05344451371847425,4.959450369258045,False,none / no covariates,none,None,raw
"ed_transform=logit,epochs=300,patience=30,fit_partition=pathogen,supplied_final=1,input_mode=finalized_available",43,states_dc,0.999017800027966,1.2318242428391963,0.9674283833747104,1.1551646285198678,1.921567872656988,0.773655397750152,1.1058216090323754,"ed_transform=logit,epochs=300,patience=30,fit_partition=pathogen,supplied_final=1,mask_rate=0.5,input_mode=finalized_available",0.9440797587342784,1.196105341282859,1.291380824642395,1.230795980968369,2.066782394122329,1.2098930174191844,1.0692022712304463,0.03661933780192905,3.4249214379040938,False,none / no covariates,none,None,raw
"ed_transform=logit,epochs=300,patience=30,fit_partition=pathogen,supplied_final=1,input_mode=finalized_available",44,US,1.032304833046213,1.4224457657556009,0.6957822317271416,1.183211073815135,3.551128094406488,0.9777970386800982,1.1854144188026907,"ed_transform=logit,epochs=300,patience=30,fit_partition=pathogen,supplied_final=1,mask_rate=0.5,input_mode=finalized_available",1.130251108472642,1.4158766184266316,1.1686804675066336,1.2172075312135926,4.043619774854784,0.9710987392231536,1.3161335233968892,-0.13071910459419844,-9.93205493746695,True,none / no covariates,none,None,raw
"ed_transform=logit,epochs=300,patience=30,fit_partition=pathogen,supplied_final=1,input_mode=finalized_available",44,all,0.9952860032880618,1.2839889680578356,0.9074997915299275,1.1815323173946342,2.4891391261440305,0.9138279375236684,1.0942549813910991,"ed_transform=logit,epochs=300,patience=30,fit_partition=pathogen,supplied_final=1,mask_rate=0.5,input_mode=finalized_available",1.0817232338548552,1.2249613672784836,1.1973759181716253,1.1693975781449315,2.787842057245832,0.9077474209519616,1.1946405094559325,-0.10038552806483336,-8.402990462005288,True,none / no covariates,none,None,raw
"ed_transform=logit,epochs=300,patience=30,fit_partition=pathogen,supplied_final=1,input_mode=finalized_available",44,states_dc,0.986031295848524,1.249374768633394,0.960429181480624,1.181112628289509,2.2236418840784156,0.897835662234561,1.071465122038201,"ed_transform=logit,epochs=300,patience=30,fit_partition=pathogen,supplied_final=1,mask_rate=0.5,input_mode=finalized_available",1.0695912652004085,1.1772325544914466,1.204549780837873,1.1574450898777662,2.4738976278435936,0.8919095913841637,1.164267255970693,-0.09280213393249204,-7.970861797974338,True,none / no covariates,none,None,raw
"ed_transform=logit,spatial=attention,epochs=300,patience=30,fit_partition=pathogen,supplied_final=1,covariate_encoder=shared,covariate_set=ilinet+clinical_lab+flusurv,input_mode=finalized_available",42,US,0.9495491892726844,1.3544889807157592,1.3425955151919882,1.0524654973984715,2.7055267858114873,2.047487131754442,1.1532017715591318,"ed_transform=logit,spatial=attention,epochs=300,patience=30,fit_partition=pathogen,supplied_final=1,mask_rate=0.5,covariate_encoder=shared,covariate_set=ilinet+clinical_lab+flusurv,input_mode=finalized_available",1.0168961008967052,1.136319377550746,1.1057137426597554,1.229938722465047,1.8345396498770132,1.11588159177014,1.1015249101364075,0.05167686142272432,4.691392899714342,False,attention / New flu / shared,attention,New flu,shared
"ed_transform=logit,spatial=attention,epochs=300,patience=30,fit_partition=pathogen,supplied_final=1,covariate_encoder=shared,covariate_set=ilinet+clinical_lab+flusurv,input_mode=finalized_available",42,all,0.9735557394572576,1.331034217996864,1.3218906729347006,1.1186875664755165,1.9925809914204693,1.5739337979228127,1.1250332984852147,"ed_transform=logit,spatial=attention,epochs=300,patience=30,fit_partition=pathogen,supplied_final=1,mask_rate=0.5,covariate_encoder=shared,covariate_set=ilinet+clinical_lab+flusurv,input_mode=finalized_available",1.0837371689753643,1.1032730338412056,1.173819508879027,1.2767120574699484,1.5242123439341186,0.98411096099962,1.1384167811453867,-0.013383482660171975,-1.1756223978626301,True,attention / New flu / shared,attention,New flu,shared
"ed_transform=logit,spatial=attention,epochs=300,patience=30,fit_partition=pathogen,supplied_final=1,covariate_encoder=shared,covariate_set=ilinet+clinical_lab+flusurv,input_mode=finalized_available",42,states_dc,0.9795573770034006,1.32517052731714,1.3167144623703786,1.1352430837447771,1.8143445428227143,1.4555454644649055,1.1179911802167355,"ed_transform=logit,spatial=attention,epochs=300,patience=30,fit_partition=pathogen,supplied_final=1,mask_rate=0.5,covariate_encoder=shared,covariate_set=ilinet+clinical_lab+flusurv,input_mode=finalized_available",1.1004474359950287,1.0950114479138204,1.190845950433845,1.2884053912211737,1.4466305174483949,0.95116830330699,1.147639748897631,-0.029648568680895604,-2.58343863650371,True,attention / New flu / shared,attention,New flu,shared
"ed_transform=logit,spatial=attention,epochs=300,patience=30,fit_partition=pathogen,supplied_final=1,covariate_encoder=shared,covariate_set=ilinet+clinical_lab+flusurv,input_mode=finalized_available",43,US,1.1619137745035704,1.033892990009082,1.2317323513760212,1.077944983212311,2.803940068046766,1.1691872153295668,1.125539068595414,"ed_transform=logit,spatial=attention,epochs=300,patience=30,fit_partition=pathogen,supplied_final=1,mask_rate=0.5,covariate_encoder=shared,covariate_set=ilinet+clinical_lab+flusurv,input_mode=finalized_available",1.0939533165792554,1.0673019257413925,1.123077994567911,1.249391724168625,2.147250922829372,1.003290956266257,1.1201227305856087,0.005416338009805344,0.4835486203349948,False,attention / New flu / shared,attention,New flu,shared
"ed_transform=logit,spatial=attention,epochs=300,patience=30,fit_partition=pathogen,supplied_final=1,covariate_encoder=shared,covariate_set=ilinet+clinical_lab+flusurv,input_mode=finalized_available",43,all,1.1319580612785642,1.059109359637988,1.266580296246571,1.1763808274916394,2.015798143259124,1.0546574784437088,1.0934286527205412,"ed_transform=logit,spatial=attention,epochs=300,patience=30,fit_partition=pathogen,supplied_final=1,mask_rate=0.5,covariate_encoder=shared,covariate_set=ilinet+clinical_lab+flusurv,input_mode=finalized_available",1.081972420639048,1.0621740178149666,1.177237866906696,1.3024986311129978,1.6167651798094962,0.9510594351970938,1.086974601805299,0.006454050915242204,0.5937628077530954,False,attention / New flu / shared,attention,New flu,shared
"ed_transform=logit,spatial=attention,epochs=300,patience=30,fit_partition=pathogen,supplied_final=1,covariate_encoder=shared,covariate_set=ilinet+clinical_lab+flusurv,input_mode=finalized_available",43,states_dc,1.1244691329723129,1.0654134520452143,1.2752922824642088,1.2009897885614715,1.8187626620622133,1.0260250442222445,1.085401048751823,"ed_transform=logit,spatial=attention,epochs=300,patience=30,fit_partition=pathogen,supplied_final=1,mask_rate=0.5,covariate_encoder=shared,covariate_set=ilinet+clinical_lab+flusurv,input_mode=finalized_available",1.078977196653996,1.06089204083336,1.190777834991392,1.3157753578490907,1.4841437440545269,0.9380015549298032,1.0786875696102214,0.006713479141601697,0.622374757134514,False,attention / New flu / shared,attention,New flu,shared
"ed_transform=logit,spatial=attention,epochs=300,patience=30,fit_partition=pathogen,supplied_final=1,covariate_encoder=shared,covariate_set=ilinet+clinical_lab+flusurv,input_mode=finalized_available",44,US,1.0589067245890027,1.271368084134984,1.0341150543981574,1.3294137295194095,3.0886334513538425,1.0669430330832097,1.1912150393337615,"ed_transform=logit,spatial=attention,epochs=300,patience=30,fit_partition=pathogen,supplied_final=1,mask_rate=0.5,covariate_encoder=shared,covariate_set=ilinet+clinical_lab+flusurv,input_mode=finalized_available",1.0660030759944406,1.4080849615032778,1.1108326127517956,1.422759561171388,3.0095499343972247,1.2960871862098626,1.2721687034697258,-0.08095366413596428,-6.363437798396587,True,attention / New flu / shared,attention,New flu,shared
"ed_transform=logit,spatial=attention,epochs=300,patience=30,fit_partition=pathogen,supplied_final=1,covariate_encoder=shared,covariate_set=ilinet+clinical_lab+flusurv,input_mode=finalized_available",44,all,1.0831920056161708,1.2525253915821477,1.1731750734584712,1.337054982412531,2.2621680963528923,1.0189021258026136,1.1799643212279127,"ed_transform=logit,spatial=attention,epochs=300,patience=30,fit_partition=pathogen,supplied_final=1,mask_rate=0.5,covariate_encoder=shared,covariate_set=ilinet+clinical_lab+flusurv,input_mode=finalized_available",1.0707913475476765,1.2510690728776166,1.1688212920809615,1.422142679838332,2.2010247762028454,1.0905779347283824,1.1760442746136732,0.003920046614239503,0.3333247479587742,False,attention / New flu / shared,attention,New flu,shared
"ed_transform=logit,spatial=attention,epochs=300,patience=30,fit_partition=pathogen,supplied_final=1,covariate_encoder=shared,covariate_set=ilinet+clinical_lab+flusurv,input_mode=finalized_available",44,states_dc,1.0892633258729625,1.247814718443938,1.2079400782235492,1.3389652956358111,2.0555517576026547,1.0068918989824645,1.1771516417014505,"ed_transform=logit,spatial=attention,epochs=300,patience=30,fit_partition=pathogen,supplied_final=1,mask_rate=0.5,covariate_encoder=shared,covariate_set=ilinet+clinical_lab+flusurv,input_mode=finalized_available",1.071988415435985,1.2118151007212012,1.1833184619132529,1.4219884595050678,1.9988934866542505,1.0392006218580123,1.1520131673996596,0.025138474301790836,2.1821342857160086,False,attention / New flu / shared,attention,New flu,shared
"ed_transform=logit,spatial=attention,epochs=300,patience=30,fit_partition=pathogen,supplied_final=1,covariate_encoder=shared,covariate_set=kinsa,input_mode=finalized_available",42,US,1.2012822447868094,1.5019193516268374,1.090827252720809,1.0544413277504172,5.300822699360525,1.156454150512055,1.475884154208296,"ed_transform=logit,spatial=attention,epochs=300,patience=30,fit_partition=pathogen,supplied_final=1,mask_rate=0.5,covariate_encoder=shared,covariate_set=kinsa,input_mode=finalized_available",1.1138421038133983,1.4269920136669434,1.682509998026904,1.3094830720629602,3.732356844921693,1.7408515402120768,1.3255549754518388,0.15032917875645735,11.34084828923938,False,attention / Kinsa / shared,attention,Kinsa,shared
"ed_transform=logit,spatial=attention,epochs=300,patience=30,fit_partition=pathogen,supplied_final=1,covariate_encoder=shared,covariate_set=kinsa,input_mode=finalized_available",42,all,1.1401098584222384,1.3079250028139358,1.205367947774402,1.11497018807371,3.355117397343314,1.1056887637424275,1.3155683458623026,"ed_transform=logit,spatial=attention,epochs=300,patience=30,fit_partition=pathogen,supplied_final=1,mask_rate=0.5,covariate_encoder=shared,covariate_set=kinsa,input_mode=finalized_available",1.065897673216902,1.2829367860609688,1.4242426954444334,1.304554298469239,2.4754287164838256,1.3039443943464304,1.1799788999069187,0.1355894459553839,11.490836485811705,False,attention / Kinsa / shared,attention,Kinsa,shared
"ed_transform=logit,spatial=attention,epochs=300,patience=30,fit_partition=pathogen,supplied_final=1,covariate_encoder=shared,covariate_set=kinsa,input_mode=finalized_available",42,states_dc,1.1248167618310958,1.2594264156107102,1.2340031215378002,1.1301024031545328,2.8686910718390104,1.0929974170500207,1.275489393775804,"ed_transform=logit,spatial=attention,epochs=300,patience=30,fit_partition=pathogen,supplied_final=1,mask_rate=0.5,covariate_encoder=shared,covariate_set=kinsa,input_mode=finalized_available",1.0539115655677778,1.246922979159475,1.3596758697988158,1.303322105070809,2.161196684374358,1.1947176078800188,1.1435848810206883,0.13190451275511572,11.534300159458777,False,attention / Kinsa / shared,attention,Kinsa,shared
"ed_transform=logit,spatial=attention,epochs=300,patience=30,fit_partition=pathogen,supplied_final=1,covariate_encoder=shared,covariate_set=kinsa,input_mode=finalized_available",43,US,0.9196913102875476,1.253505097199083,1.083394476550524,1.0972377354377687,4.999070110906828,1.1940312908179311,1.2216998334067577,"ed_transform=logit,spatial=attention,epochs=300,patience=30,fit_partition=pathogen,supplied_final=1,mask_rate=0.5,covariate_encoder=shared,covariate_set=kinsa,input_mode=finalized_available",0.9474393055212575,1.228781561031303,1.4026266188339411,1.1971685488689212,3.4785304717491035,1.8063846974878035,1.1703874967566363,0.05131233665012136,4.384217773371435,False,attention / Kinsa / shared,attention,Kinsa,shared
"ed_transform=logit,spatial=attention,epochs=300,patience=30,fit_partition=pathogen,supplied_final=1,covariate_encoder=shared,covariate_set=kinsa,input_mode=finalized_available",43,all,0.9309456468575362,1.1987183622743944,1.2196417032429048,1.18390875410041,3.3065230293225474,1.145423914051842,1.1516280073517973,"ed_transform=logit,spatial=attention,epochs=300,patience=30,fit_partition=pathogen,supplied_final=1,mask_rate=0.5,covariate_encoder=shared,covariate_set=kinsa,input_mode=finalized_available",0.9372969768845127,1.1549508487773823,1.3248620996686435,1.2585499239613052,2.36877675408393,1.4122993877507548,1.0821601960366825,0.06946781131511481,6.419364856472698,False,attention / Kinsa / shared,attention,Kinsa,shared
"ed_transform=logit,spatial=attention,epochs=300,patience=30,fit_partition=pathogen,supplied_final=1,covariate_encoder=shared,covariate_set=kinsa,input_mode=finalized_available",43,states_dc,0.9337592310000332,1.1850216785432224,1.253703509916,1.20557650876607,2.8833862589264765,1.1332720698603191,1.1341100508380568,"ed_transform=logit,spatial=attention,epochs=300,patience=30,fit_partition=pathogen,supplied_final=1,mask_rate=0.5,covariate_encoder=shared,covariate_set=kinsa,input_mode=finalized_available",0.9347613947253264,1.1364931707139023,1.305420969877319,1.2738952677344009,2.091338324667636,1.3137780603164926,1.0601033708566938,0.07400667998136301,6.981081469588801,False,attention / Kinsa / shared,attention,Kinsa,shared
"ed_transform=logit,spatial=attention,epochs=300,patience=30,fit_partition=pathogen,supplied_final=1,covariate_encoder=shared,covariate_set=kinsa,input_mode=finalized_available",44,US,1.090072382028566,1.5187164589476627,0.8078914347746973,1.2628165028424272,3.438872169285266,0.9440092978805508,1.2577654374941256,"ed_transform=logit,spatial=attention,epochs=300,patience=30,fit_partition=pathogen,supplied_final=1,mask_rate=0.5,covariate_encoder=shared,covariate_set=kinsa,input_mode=finalized_available",1.011796463469888,1.3203056338773245,0.5860140659389734,1.2007393653490224,4.5848222373553735,0.8050615613735784,1.2048579762724738,0.0529074612216518,4.3911782354078,False,attention / Kinsa / shared,attention,Kinsa,shared
"ed_transform=logit,spatial=attention,epochs=300,patience=30,fit_partition=pathogen,supplied_final=1,covariate_encoder=shared,covariate_set=kinsa,input_mode=finalized_available",44,all,1.057281516840758,1.390576454481781,0.9744422411019876,1.2608160600658278,2.461516711172624,0.9163126799531084,1.185522590028009,"ed_transform=logit,spatial=attention,epochs=300,patience=30,fit_partition=pathogen,supplied_final=1,mask_rate=0.5,covariate_encoder=shared,covariate_set=kinsa,input_mode=finalized_available",0.995656714342496,1.211254390967785,0.8049919179233659,1.2050601093508653,3.090226526832881,0.8145435224976613,1.122008465025038,0.06351412500297116,5.6607527467766205,False,attention / Kinsa / shared,attention,Kinsa,shared
"ed_transform=logit,spatial=attention,epochs=300,patience=30,fit_partition=pathogen,supplied_final=1,covariate_encoder=shared,covariate_set=kinsa,input_mode=finalized_available",44,states_dc,1.0490838005438057,1.35854145336531,1.01607994268381,1.2603159493716778,2.217177846644463,0.9093885254712476,1.1674618781614798,"ed_transform=logit,spatial=attention,epochs=300,patience=30,fit_partition=pathogen,supplied_final=1,mask_rate=0.5,covariate_encoder=shared,covariate_set=kinsa,input_mode=finalized_available",0.991621777060648,1.1839915802404004,0.859736380919464,1.2061402953513258,2.7165775992022563,0.8169140127786821,1.101296087213179,0.06616579094830088,6.0079929200268944,False,attention / Kinsa / shared,attention,Kinsa,shared
"ed_transform=logit,spatial=attention,epochs=300,patience=30,fit_partition=pathogen,supplied_final=1,covariate_encoder=smooth,covariate_set=ilinet+clinical_lab+flusurv,input_mode=finalized_available",42,US,1.003804581200086,1.2079326346969168,1.3680204684230153,1.113421018655178,2.7931754233434742,1.4178876999283223,1.1805309749569606,"ed_transform=logit,spatial=attention,epochs=300,patience=30,fit_partition=pathogen,supplied_final=1,mask_rate=0.5,covariate_encoder=smooth,covariate_set=ilinet+clinical_lab+flusurv,input_mode=finalized_available",1.1989050442288722,1.155998410468372,1.009026500408072,1.2401031625255972,2.056572442259011,1.468215241290786,1.2711307448829878,-0.09059976992602725,-7.127494185058614,True,attention / New flu / smooth,attention,New flu,smooth
"ed_transform=logit,spatial=attention,epochs=300,patience=30,fit_partition=pathogen,supplied_final=1,covariate_encoder=smooth,covariate_set=ilinet+clinical_lab+flusurv,input_mode=finalized_available",42,all,1.0370753463562237,1.1696121445783552,1.38544942214991,1.191275160199633,2.0355488911795745,1.241558689425838,1.157115061019608,"ed_transform=logit,spatial=attention,epochs=300,patience=30,fit_partition=pathogen,supplied_final=1,mask_rate=0.5,covariate_encoder=smooth,covariate_set=ilinet+clinical_lab+flusurv,input_mode=finalized_available",1.1522995262729443,1.134570812429123,1.1271634171338865,1.2785334028504474,1.6474327118156369,1.272263380163457,1.1904696282080929,-0.03335456718848495,-2.8017990882044264,True,attention / New flu / smooth,attention,New flu,smooth
"ed_transform=logit,spatial=attention,epochs=300,patience=30,fit_partition=pathogen,supplied_final=1,covariate_encoder=smooth,covariate_set=ilinet+clinical_lab+flusurv,input_mode=finalized_available",42,states_dc,1.045393037645258,1.1600320220487146,1.3898066605816335,1.2107386955857464,1.846142258138599,1.197476436800217,1.1512610825352698,"ed_transform=logit,spatial=attention,epochs=300,patience=30,fit_partition=pathogen,supplied_final=1,mask_rate=0.5,covariate_encoder=smooth,covariate_set=ilinet+clinical_lab+flusurv,input_mode=finalized_available",1.1406481467839626,1.1292139129193106,1.1566976463153398,1.2881409629316598,1.545147779204793,1.223275414881625,1.170304349039369,-0.019043266504099154,-1.6272063348077404,True,attention / New flu / smooth,attention,New flu,smooth
"ed_transform=logit,spatial=attention,epochs=300,patience=30,fit_partition=pathogen,supplied_final=1,covariate_encoder=smooth,covariate_set=ilinet+clinical_lab+flusurv,input_mode=finalized_available",43,US,1.08526708824016,1.335849512113546,1.179390169659578,1.350603886225964,2.586212529155282,1.4703106202774177,1.2266211895856245,"ed_transform=logit,spatial=attention,epochs=300,patience=30,fit_partition=pathogen,supplied_final=1,mask_rate=0.5,covariate_encoder=smooth,covariate_set=ilinet+clinical_lab+flusurv,input_mode=finalized_available",1.041426450137197,1.3421478198369043,1.0951827061859472,1.3383657046130013,1.4402600572561508,1.010727070031422,1.0947993930296542,0.13182179655597026,12.040726127110645,False,attention / New flu / smooth,attention,New flu,smooth
"ed_transform=logit,spatial=attention,epochs=300,patience=30,fit_partition=pathogen,supplied_final=1,covariate_encoder=smooth,covariate_set=ilinet+clinical_lab+flusurv,input_mode=finalized_available",43,all,1.0652589676610769,1.2637991324110147,1.2400249840878912,1.3338359490244784,1.9278036239900311,1.2561351041232092,1.1635493184007069,"ed_transform=logit,spatial=attention,epochs=300,patience=30,fit_partition=pathogen,supplied_final=1,mask_rate=0.5,covariate_encoder=smooth,covariate_set=ilinet+clinical_lab+flusurv,input_mode=finalized_available",1.0441908304285528,1.2357928288913749,1.11213432635657,1.3508447110029882,1.301288828325437,0.9593473346503378,1.0628398667714982,0.10070945162920864,9.475505650265603,False,attention / New flu / smooth,attention,New flu,smooth
"ed_transform=logit,spatial=attention,epochs=300,patience=30,fit_partition=pathogen,supplied_final=1,covariate_encoder=smooth,covariate_set=ilinet+clinical_lab+flusurv,input_mode=finalized_available",43,states_dc,1.0602569375163058,1.2457865374853818,1.2551836876949694,1.329643964724107,1.7632013976987178,1.2025912250846569,1.1477813506044772,"ed_transform=logit,spatial=attention,epochs=300,patience=30,fit_partition=pathogen,supplied_final=1,mask_rate=0.5,covariate_encoder=smooth,covariate_set=ilinet+clinical_lab+flusurv,input_mode=finalized_available",1.0448819255013913,1.2092040811549922,1.1163722313992257,1.353964462600485,1.2665460210927584,0.9465024008050668,1.0548499852069588,0.09293136539751834,8.809912945041699,False,attention / New flu / smooth,attention,New flu,smooth
"ed_transform=logit,spatial=attention,epochs=300,patience=30,fit_partition=pathogen,supplied_final=1,covariate_encoder=smooth,covariate_set=ilinet+clinical_lab+flusurv,input_mode=finalized_available",44,US,1.140989595986054,1.2784662154282092,1.4011418909808524,1.3196308101640968,3.4781995556655163,1.4869659869269174,1.2822998237768215,"ed_transform=logit,spatial=attention,epochs=300,patience=30,fit_partition=pathogen,supplied_final=1,mask_rate=0.5,covariate_encoder=smooth,covariate_set=ilinet+clinical_lab+flusurv,input_mode=finalized_available",0.951213945870178,1.2201471544008236,1.5580793088298648,1.2119244961515303,2.60407528621179,2.422737015612115,1.1593217663170468,0.12297805745977475,10.607758866673711,False,attention / New flu / smooth,attention,New flu,smooth
"ed_transform=logit,spatial=attention,epochs=300,patience=30,fit_partition=pathogen,supplied_final=1,covariate_encoder=smooth,covariate_set=ilinet+clinical_lab+flusurv,input_mode=finalized_available",44,all,1.1215432534559937,1.187822657409292,1.3473502382672742,1.2881944206550031,2.396302235542708,1.263655445838315,1.198464340434085,"ed_transform=logit,spatial=attention,epochs=300,patience=30,fit_partition=pathogen,supplied_final=1,mask_rate=0.5,covariate_encoder=smooth,covariate_set=ilinet+clinical_lab+flusurv,input_mode=finalized_available",0.9705257891592496,1.165150288019409,1.453386028977454,1.2691001508329014,1.8916653426303935,1.8488981809488272,1.0989017970944526,0.09956254333963233,9.060185687463651,False,attention / New flu / smooth,attention,New flu,smooth
"ed_transform=logit,spatial=attention,epochs=300,patience=30,fit_partition=pathogen,supplied_final=1,covariate_encoder=smooth,covariate_set=ilinet+clinical_lab+flusurv,input_mode=finalized_available",44,states_dc,1.116681667823478,1.1651617679045625,1.3339023250888793,1.2803353232777293,2.1258279055120055,1.2078278105661644,1.1775054695984002,"ed_transform=logit,spatial=attention,epochs=300,patience=30,fit_partition=pathogen,supplied_final=1,mask_rate=0.5,covariate_encoder=smooth,covariate_set=ilinet+clinical_lab+flusurv,input_mode=finalized_available",0.9753537499815174,1.1514010714240552,1.427212709014351,1.2833940645032438,1.7135628567350445,1.7054384722830056,1.0837968047888038,0.09370866480959639,8.646331525941076,False,attention / New flu / smooth,attention,New flu,smooth
"ed_transform=logit,spatial=attention,epochs=300,patience=30,fit_partition=pathogen,supplied_final=1,covariate_encoder=smooth,covariate_set=ww_wval_like,input_mode=finalized_available",42,US,0.9449294353577556,1.3915015539234066,0.669073321383485,1.077533643213456,4.057781635761008,0.7710232046166999,1.1340365363899727,"ed_transform=logit,spatial=attention,epochs=300,patience=30,fit_partition=pathogen,supplied_final=1,mask_rate=0.5,covariate_encoder=smooth,covariate_set=ww_wval_like,input_mode=finalized_available",1.0189999084213683,1.224128022854284,1.5062531950650448,1.2611488480730002,3.5667172085569954,2.3605097879147334,1.1931380939110048,-0.05910155752103208,-4.953454912105126,True,attention / Wastewater / smooth,attention,Wastewater,smooth
"ed_transform=logit,spatial=attention,epochs=300,patience=30,fit_partition=pathogen,supplied_final=1,covariate_encoder=smooth,covariate_set=ww_wval_like,input_mode=finalized_available",42,all,0.9499774798538964,1.3000604280873262,0.8888200447181445,1.111263378648477,2.804392123711566,0.7890803286524048,1.0804695067154677,"ed_transform=logit,spatial=attention,epochs=300,patience=30,fit_partition=pathogen,supplied_final=1,mask_rate=0.5,covariate_encoder=smooth,covariate_set=ww_wval_like,input_mode=finalized_available",1.0129477964886648,1.176568760592219,1.4563948431170113,1.2671647563125716,2.4962523065488154,1.9672669538522671,1.1342937875524228,-0.05382428083695512,-4.745179902033758,True,attention / Wastewater / smooth,attention,Wastewater,smooth
"ed_transform=logit,spatial=attention,epochs=300,patience=30,fit_partition=pathogen,supplied_final=1,covariate_encoder=smooth,covariate_set=ww_wval_like,input_mode=finalized_available",42,states_dc,0.9512394909779316,1.2772001466283065,0.9437567255518092,1.119695812507232,2.4910447456992046,0.7935946096613311,1.067077749296841,"ed_transform=logit,spatial=attention,epochs=300,patience=30,fit_partition=pathogen,supplied_final=1,mask_rate=0.5,covariate_encoder=smooth,covariate_set=ww_wval_like,input_mode=finalized_available",1.011434768505489,1.1646789450267026,1.4439302551300026,1.2686687333724642,2.2286360810467696,1.8689562453366504,1.1195827109627772,-0.0525049616659361,-4.68969028833831,True,attention / Wastewater / smooth,attention,Wastewater,smooth
"ed_transform=logit,spatial=attention,epochs=300,patience=30,fit_partition=pathogen,supplied_final=1,covariate_encoder=smooth,covariate_set=ww_wval_like,input_mode=finalized_available",43,US,1.0587734875181487,1.1549616115398385,0.780556556012124,1.0786471467788914,2.6584138367342893,0.8256245081811812,1.1389902859636802,"ed_transform=logit,spatial=attention,epochs=300,patience=30,fit_partition=pathogen,supplied_final=1,mask_rate=0.5,covariate_encoder=smooth,covariate_set=ww_wval_like,input_mode=finalized_available",0.9486713850670044,1.2543260805423344,1.2043477047094522,1.112543486975854,3.2728094048570022,1.4216906918573136,1.1117082075288922,0.027282078434788026,2.454068275292376,False,attention / Wastewater / smooth,attention,Wastewater,smooth
"ed_transform=logit,spatial=attention,epochs=300,patience=30,fit_partition=pathogen,supplied_final=1,covariate_encoder=smooth,covariate_set=ww_wval_like,input_mode=finalized_available",43,all,1.071255797880078,1.11535089863444,0.9492527338212636,1.1158631315600345,1.8637339138102689,0.8497859542032861,1.1233679526428109,"ed_transform=logit,spatial=attention,epochs=300,patience=30,fit_partition=pathogen,supplied_final=1,mask_rate=0.5,covariate_encoder=smooth,covariate_set=ww_wval_like,input_mode=finalized_available",0.9523025247667865,1.1908611858511464,1.2108618209010344,1.133360729977978,2.3177252176942713,1.2082297609901442,1.070074915981495,0.053293036661315796,4.98030893588739,False,attention / Wastewater / smooth,attention,Wastewater,smooth
"ed_transform=logit,spatial=attention,epochs=300,patience=30,fit_partition=pathogen,supplied_final=1,covariate_encoder=smooth,covariate_set=ww_wval_like,input_mode=finalized_available",43,states_dc,1.0743763754705602,1.1054482204080904,0.9914267782735484,1.12516712775532,1.6650639330792636,0.8558263157088123,1.1194623693125936,"ed_transform=logit,spatial=attention,epochs=300,patience=30,fit_partition=pathogen,supplied_final=1,mask_rate=0.5,covariate_encoder=smooth,covariate_set=ww_wval_like,input_mode=finalized_available",0.9532103096917318,1.174994962178349,1.21249034994893,1.1385650407285088,2.0789541709035886,1.154864528273352,1.0596665930946458,0.05979577621794774,5.642885848021351,False,attention / Wastewater / smooth,attention,Wastewater,smooth
"ed_transform=logit,spatial=attention,epochs=300,patience=30,fit_partition=pathogen,supplied_final=1,covariate_encoder=smooth,covariate_set=ww_wval_like,input_mode=finalized_available",44,US,1.1010913487652108,1.587494244872718,0.5901013482324363,1.0548795969699538,4.915314538620623,0.7162247477076311,1.3381772500928033,"ed_transform=logit,spatial=attention,epochs=300,patience=30,fit_partition=pathogen,supplied_final=1,mask_rate=0.5,covariate_encoder=smooth,covariate_set=ww_wval_like,input_mode=finalized_available",0.9947184004216088,1.180120875185132,0.8742032533819886,1.2804913037349042,3.915643272128092,1.0635538067570718,1.1214311965540058,0.2167460535387975,19.32762832038439,False,attention / Wastewater / smooth,attention,Wastewater,smooth
"ed_transform=logit,spatial=attention,epochs=300,patience=30,fit_partition=pathogen,supplied_final=1,covariate_encoder=smooth,covariate_set=ww_wval_like,input_mode=finalized_available",44,all,1.0765459352838536,1.3628320389299238,0.826586341579095,1.1160106235431342,3.247134931492295,0.7696898794071626,1.2203189051579793,"ed_transform=logit,spatial=attention,epochs=300,patience=30,fit_partition=pathogen,supplied_final=1,mask_rate=0.5,covariate_encoder=smooth,covariate_set=ww_wval_like,input_mode=finalized_available",0.96934832426079,1.1258422183452188,1.1203041934047828,1.2959431301392708,2.660720005948986,1.1096415388788947,1.0743497479945063,0.14596915716347292,13.586744673785622,False,attention / Wastewater / smooth,attention,Wastewater,smooth
"ed_transform=logit,spatial=attention,epochs=300,patience=30,fit_partition=pathogen,supplied_final=1,covariate_encoder=smooth,covariate_set=ww_wval_like,input_mode=finalized_available",44,states_dc,1.0704095819135144,1.3066664874442249,0.8857075899157597,1.131293380186429,2.8300900297102123,0.7830561623320454,1.1908543189242735,"ed_transform=logit,spatial=attention,epochs=300,patience=30,fit_partition=pathogen,supplied_final=1,mask_rate=0.5,covariate_encoder=smooth,covariate_set=ww_wval_like,input_mode=finalized_available",0.9630058052205852,1.1122725541352405,1.181829428410481,1.2998060867403622,2.346989189404209,1.1211634719093502,1.0625793858546313,0.12827493306964222,12.072032901943675,False,attention / Wastewater / smooth,attention,Wastewater,smooth
"ed_transform=logit,spatial=attention,epochs=300,patience=30,fit_partition=pathogen,supplied_final=1,covariate_encoder=summary,covariate_set=inpatient+outpatient,input_mode=finalized_available",42,US,0.9896209058498616,1.3366775666918325,0.7984696744553296,1.0179538441075937,4.094945933379944,0.8558144616187038,1.19390461654562,"ed_transform=logit,spatial=attention,epochs=300,patience=30,fit_partition=pathogen,supplied_final=1,mask_rate=0.5,covariate_encoder=summary,covariate_set=inpatient+outpatient,input_mode=finalized_available",0.9675819999388944,1.369379674140646,1.221692093304383,1.0755011921743844,4.00716026472533,1.1962468980876335,1.206479016167131,-0.012574399621511079,-1.0422393968739452,True,attention / Claims / summary,attention,Claims,summary
"ed_transform=logit,spatial=attention,epochs=300,patience=30,fit_partition=pathogen,supplied_final=1,covariate_encoder=summary,covariate_set=inpatient+outpatient,input_mode=finalized_available",42,all,0.965124202027986,1.2695865101821142,0.937278660748973,1.057109274652987,2.576702753094302,0.8866467742945127,1.1095624169679732,"ed_transform=logit,spatial=attention,epochs=300,patience=30,fit_partition=pathogen,supplied_final=1,mask_rate=0.5,covariate_encoder=summary,covariate_set=inpatient+outpatient,input_mode=finalized_available",0.9586403908421962,1.2016369775914382,1.2576587372641816,1.0834280044306046,2.332307332741465,1.1320560034388572,1.1039427267219368,0.0056196902460363685,0.5090563223985045,False,attention / Claims / summary,attention,Claims,summary
"ed_transform=logit,spatial=attention,epochs=300,patience=30,fit_partition=pathogen,supplied_final=1,covariate_encoder=summary,covariate_set=inpatient+outpatient,input_mode=finalized_available",42,states_dc,0.959000026072517,1.2528137460546844,0.9719809073223836,1.0668981322893354,2.197141958022891,0.8943548524634649,1.0884768670735616,"ed_transform=logit,spatial=attention,epochs=300,patience=30,fit_partition=pathogen,supplied_final=1,mask_rate=0.5,covariate_encoder=summary,covariate_set=inpatient+outpatient,input_mode=finalized_available",0.9564049885680214,1.1597013034541357,1.266650398254131,1.0854097074946594,1.9135940997454983,1.116008279776663,1.078308654360638,0.010168212712923674,0.9429779378848258,False,attention / Claims / summary,attention,Claims,summary
"ed_transform=logit,spatial=attention,epochs=300,patience=30,fit_partition=pathogen,supplied_final=1,covariate_encoder=summary,covariate_set=inpatient+outpatient,input_mode=finalized_available",43,US,1.00898808850878,1.1629050975093356,0.7572207859448218,1.1962319254290763,2.8215219076711326,0.7724092113856199,1.0946981159736895,"ed_transform=logit,spatial=attention,epochs=300,patience=30,fit_partition=pathogen,supplied_final=1,mask_rate=0.5,covariate_encoder=summary,covariate_set=inpatient+outpatient,input_mode=finalized_available",1.0495979872277934,1.2713311378331136,1.5169103778285524,1.139271797748284,3.969094997250782,1.5807742931553326,1.277142247305889,-0.1824441313321996,-14.285341489333902,True,attention / Claims / summary,attention,Claims,summary
"ed_transform=logit,spatial=attention,epochs=300,patience=30,fit_partition=pathogen,supplied_final=1,covariate_encoder=summary,covariate_set=inpatient+outpatient,input_mode=finalized_available",43,all,1.0105157770809925,1.155074886489429,0.925959219826516,1.2746248323909577,1.9029432438884644,0.8482506222812105,1.0853397218455136,"ed_transform=logit,spatial=attention,epochs=300,patience=30,fit_partition=pathogen,supplied_final=1,mask_rate=0.5,covariate_encoder=summary,covariate_set=inpatient+outpatient,input_mode=finalized_available",1.0415741163288663,1.1760339201076369,1.4001386343315765,1.1647862883919473,2.5838129838919692,1.2645260340000772,1.1782854324964145,-0.09294571065090085,-7.888216902926337,True,attention / Claims / summary,attention,Claims,summary
"ed_transform=logit,spatial=attention,epochs=300,patience=30,fit_partition=pathogen,supplied_final=1,covariate_encoder=summary,covariate_set=inpatient+outpatient,input_mode=finalized_available",43,states_dc,1.0108976992240457,1.153117333734452,0.9681438282969396,1.2942230591314272,1.673298577942797,0.8672109750051082,1.0830001233134692,"ed_transform=logit,spatial=attention,epochs=300,patience=30,fit_partition=pathogen,supplied_final=1,mask_rate=0.5,covariate_encoder=summary,covariate_set=inpatient+outpatient,input_mode=finalized_available",1.0395681486041346,1.1522096156762671,1.3709456984573327,1.171164911052863,2.2374924805522656,1.1854639692112634,1.1535712287940454,-0.07057110548057621,-6.117620110407218,True,attention / Claims / summary,attention,Claims,summary
"ed_transform=logit,spatial=attention,epochs=300,patience=30,fit_partition=pathogen,supplied_final=1,covariate_encoder=summary,covariate_set=inpatient+outpatient,input_mode=finalized_available",44,US,1.084146783253604,1.1992868663281042,1.0104262720373791,1.1775099366300343,3.8784768081668055,0.9135299611471808,1.1689181955474954,"ed_transform=logit,spatial=attention,epochs=300,patience=30,fit_partition=pathogen,supplied_final=1,mask_rate=0.5,covariate_encoder=summary,covariate_set=inpatient+outpatient,input_mode=finalized_available",1.1144452587443678,1.3500320951801394,1.0439701955986989,1.1196440192400097,3.1335479410409683,1.1646870302811425,1.1959413888688988,-0.02702319332140335,-2.2595750571824835,True,attention / Claims / summary,attention,Claims,summary
"ed_transform=logit,spatial=attention,epochs=300,patience=30,fit_partition=pathogen,supplied_final=1,covariate_encoder=summary,covariate_set=inpatient+outpatient,input_mode=finalized_available",44,all,1.0683623038871404,1.194871863136263,1.119087179852962,1.1716737889588855,2.595033886946493,0.9275852934072584,1.1441056115868051,"ed_transform=logit,spatial=attention,epochs=300,patience=30,fit_partition=pathogen,supplied_final=1,mask_rate=0.5,covariate_encoder=summary,covariate_set=inpatient+outpatient,input_mode=finalized_available",1.067398522536557,1.2141378507509584,1.1289909648375636,1.132566910562237,2.146510354334303,1.0499431953763625,1.11378151024231,0.030324101344495036,2.722625673494772,False,attention / Claims / summary,attention,Claims,summary
"ed_transform=logit,spatial=attention,epochs=300,patience=30,fit_partition=pathogen,supplied_final=1,covariate_encoder=summary,covariate_set=inpatient+outpatient,input_mode=finalized_available",44,states_dc,1.0644161840455244,1.1937681123383028,1.1462524068068576,1.170214752041098,2.2741731566414143,0.9310991264722775,1.1379024655966326,"ed_transform=logit,spatial=attention,epochs=300,patience=30,fit_partition=pathogen,supplied_final=1,mask_rate=0.5,covariate_encoder=summary,covariate_set=inpatient+outpatient,input_mode=finalized_available",1.0556368384846042,1.1801642896436633,1.1502461571472793,1.1357976333927935,1.8997509576576364,1.021257236650167,1.093241540585663,0.04466092501096952,4.085183681096138,False,attention / Claims / summary,attention,Claims,summary
"ed_transform=logit,spatial=attention,epochs=300,patience=30,fit_partition=pathogen,supplied_final=1,covariate_encoder=summary,covariate_set=kinsa,input_mode=finalized_available",42,US,1.0217513862243093,1.5022941408234138,0.8280431387524563,1.2816547397762417,4.300126324798085,0.8311206234012067,1.2293467182988875,"ed_transform=logit,spatial=attention,epochs=300,patience=30,fit_partition=pathogen,supplied_final=1,mask_rate=0.5,covariate_encoder=summary,covariate_set=kinsa,input_mode=finalized_available",0.9782267642664274,1.1731118259657274,0.7911383305351936,1.181593239343221,2.7561242288624435,0.9055148197350764,1.1098421628151238,0.11950455548376371,10.767707290975448,False,attention / Kinsa / summary,attention,Kinsa,summary
"ed_transform=logit,spatial=attention,epochs=300,patience=30,fit_partition=pathogen,supplied_final=1,covariate_encoder=summary,covariate_set=kinsa,input_mode=finalized_available",42,all,1.0212157173757614,1.371462390813964,1.0141225546594204,1.2976108841855645,2.6670158797972605,0.8920784693979195,1.169522894505948,"ed_transform=logit,spatial=attention,epochs=300,patience=30,fit_partition=pathogen,supplied_final=1,mask_rate=0.5,covariate_encoder=summary,covariate_set=kinsa,input_mode=finalized_available",1.0016467530891031,1.0999358486303863,0.9222163989797272,1.206967473610505,1.9110643915100152,0.8422161020594998,1.076745067085028,0.09277782742091989,8.616508239233323,False,attention / Kinsa / summary,attention,Kinsa,summary
"ed_transform=logit,spatial=attention,epochs=300,patience=30,fit_partition=pathogen,supplied_final=1,covariate_encoder=summary,covariate_set=kinsa,input_mode=finalized_available",42,states_dc,1.0210818001636244,1.3387544533116014,1.0606424086361614,1.301599920287895,2.2587382685470536,0.907317930897098,1.1545669385577126,"ed_transform=logit,spatial=attention,epochs=300,patience=30,fit_partition=pathogen,supplied_final=1,mask_rate=0.5,covariate_encoder=summary,covariate_set=kinsa,input_mode=finalized_available",1.0075017502947723,1.0816418542965511,0.9549859160908604,1.2133110321773255,1.699799432171908,0.8263914226406054,1.0684707931525042,0.08609614540520849,8.057884778598702,False,attention / Kinsa / summary,attention,Kinsa,summary
"ed_transform=logit,spatial=attention,epochs=300,patience=30,fit_partition=pathogen,supplied_final=1,covariate_encoder=summary,covariate_set=kinsa,input_mode=finalized_available",43,US,0.9765920316767502,1.143098098133759,0.8208122021267368,1.317702105954214,2.936899508020915,0.8828550776576641,1.0542498004264125,"ed_transform=logit,spatial=attention,epochs=300,patience=30,fit_partition=pathogen,supplied_final=1,mask_rate=0.5,covariate_encoder=summary,covariate_set=kinsa,input_mode=finalized_available",1.1501113658661386,1.1513210970747585,0.6953158110964868,1.3504096789327131,3.365939158577849,0.8695414478965066,1.2060085480664633,-0.15175874764005082,-12.583554891327964,True,attention / Kinsa / summary,attention,Kinsa,summary
"ed_transform=logit,spatial=attention,epochs=300,patience=30,fit_partition=pathogen,supplied_final=1,covariate_encoder=summary,covariate_set=kinsa,input_mode=finalized_available",43,all,0.970918182593825,1.170554880941992,0.97070644816614,1.308139578298683,2.073672548989345,0.8783295035899874,1.0537282622687298,"ed_transform=logit,spatial=attention,epochs=300,patience=30,fit_partition=pathogen,supplied_final=1,mask_rate=0.5,covariate_encoder=summary,covariate_set=kinsa,input_mode=finalized_available",1.0696450427698585,1.120706157653716,0.8944333729512596,1.3681242780692704,2.334622515237903,0.8754195696315467,1.1151927281948042,-0.06146446592607435,-5.5115554802414035,True,attention / Kinsa / summary,attention,Kinsa,summary
"ed_transform=logit,spatial=attention,epochs=300,patience=30,fit_partition=pathogen,supplied_final=1,covariate_encoder=summary,covariate_set=kinsa,input_mode=finalized_available",43,states_dc,0.9694997203230936,1.1774190766440502,1.0081800096759903,1.3057489463848004,1.857865809231452,0.877198110073068,1.053597877729309,"ed_transform=logit,spatial=attention,epochs=300,patience=30,fit_partition=pathogen,supplied_final=1,mask_rate=0.5,covariate_encoder=summary,covariate_set=kinsa,input_mode=finalized_available",1.049528461995788,1.1130524227984555,0.9442127634149527,1.3725529278534097,2.076793354402916,0.8768891000653067,1.0924887732268893,-0.0388908954975804,-3.5598439499481715,True,attention / Kinsa / summary,attention,Kinsa,summary
"ed_transform=logit,spatial=attention,epochs=300,patience=30,fit_partition=pathogen,supplied_final=1,covariate_encoder=summary,covariate_set=kinsa,input_mode=finalized_available",44,US,1.0375298307973333,1.202897525979784,0.98332083537053,1.084045840649981,4.450485506140816,1.2066725679686536,1.1838535544380202,"ed_transform=logit,spatial=attention,epochs=300,patience=30,fit_partition=pathogen,supplied_final=1,mask_rate=0.5,covariate_encoder=summary,covariate_set=kinsa,input_mode=finalized_available",0.9849701942238944,1.1944485882011109,0.6803084421537157,1.1733553019177256,3.410143036940857,1.2694778643753672,1.1071126377841802,0.07674091665383997,6.931626831343229,False,attention / Kinsa / summary,attention,Kinsa,summary
"ed_transform=logit,spatial=attention,epochs=300,patience=30,fit_partition=pathogen,supplied_final=1,covariate_encoder=summary,covariate_set=kinsa,input_mode=finalized_available",44,all,1.0135187442432223,1.1711998421586989,1.0842461132456245,1.1396837425291393,3.113059729343681,1.1060667990185982,1.1212860737428043,"ed_transform=logit,spatial=attention,epochs=300,patience=30,fit_partition=pathogen,supplied_final=1,mask_rate=0.5,covariate_encoder=summary,covariate_set=kinsa,input_mode=finalized_available",0.9650654468981802,1.142061121579902,0.9194900684026523,1.1707428556743742,2.4404626319732188,1.1397456259294647,1.0596929990166066,0.06159307472619768,5.812350820790169,False,attention / Kinsa / summary,attention,Kinsa,summary
"ed_transform=logit,spatial=attention,epochs=300,patience=30,fit_partition=pathogen,supplied_final=1,covariate_encoder=summary,covariate_set=kinsa,input_mode=finalized_available",44,states_dc,1.0075159726046945,1.1632754212034273,1.1094774327143977,1.1535932179989286,2.778703285144396,1.080915356781084,1.105644203569,"ed_transform=logit,spatial=attention,epochs=300,patience=30,fit_partition=pathogen,supplied_final=1,mask_rate=0.5,covariate_encoder=summary,covariate_set=kinsa,input_mode=finalized_available",0.9600892600667512,1.1289642549245995,0.9792854749648864,1.1700897441135365,2.198042530731309,1.1073125663179888,1.0478380893247132,0.05780611424428672,5.51670289839723,False,attention / Kinsa / summary,attention,Kinsa,summary
"ed_transform=logit,spatial=attention,epochs=300,patience=30,fit_partition=pathogen,supplied_final=1,covariate_set=kinsa,input_mode=finalized_available",42,US,0.9402929744574676,1.1680868728869749,1.0428097319491685,1.0995088525987342,3.6674862083416975,0.8062630320451267,1.1265702510803954,"ed_transform=logit,spatial=attention,epochs=300,patience=30,fit_partition=pathogen,supplied_final=1,mask_rate=0.5,covariate_set=kinsa,input_mode=finalized_available",0.9198130420637466,1.547638584307627,0.9604934049790104,1.2693117456085132,5.501152572900172,0.9804465415546946,1.2121573260000884,-0.08558707491969297,-7.060723314036776,True,attention / Kinsa / raw,attention,Kinsa,raw
"ed_transform=logit,spatial=attention,epochs=300,patience=30,fit_partition=pathogen,supplied_final=1,covariate_set=kinsa,input_mode=finalized_available",42,all,0.945634797916494,1.1912181563841011,1.1528465658839937,1.1535336956286784,2.4886068108633865,0.8824478836525692,1.097669704089191,"ed_transform=logit,spatial=attention,epochs=300,patience=30,fit_partition=pathogen,supplied_final=1,mask_rate=0.5,covariate_set=kinsa,input_mode=finalized_available",0.9353165573630924,1.3317276715613655,1.0583187449499274,1.2202428350697525,3.543109400448687,0.9397441997618828,1.1155282242615676,-0.017858520172376657,-1.6009025844413993,True,attention / Kinsa / raw,attention,Kinsa,raw
"ed_transform=logit,spatial=attention,epochs=300,patience=30,fit_partition=pathogen,supplied_final=1,covariate_set=kinsa,input_mode=finalized_available",42,states_dc,0.9469702537812504,1.1970009772583827,1.1803557743676996,1.167039906386164,2.193886961493808,0.9014940965544298,1.0904445673413896,"ed_transform=logit,spatial=attention,epochs=300,patience=30,fit_partition=pathogen,supplied_final=1,mask_rate=0.5,covariate_set=kinsa,input_mode=finalized_available",0.939192436187929,1.2777499433748003,1.0827750799426563,1.2079756074350618,3.0535986073358155,0.9295686143136798,1.0913709488269374,-0.0009263814855478003,-0.08488236621503331,True,attention / Kinsa / raw,attention,Kinsa,raw
"ed_transform=logit,spatial=attention,epochs=300,patience=30,fit_partition=pathogen,supplied_final=1,covariate_set=kinsa,input_mode=finalized_available",43,US,1.169544766554804,1.1435723747499835,0.6892942783862429,1.269054763255472,3.664982622430771,0.7278934153632264,1.235138159285584,"ed_transform=logit,spatial=attention,epochs=300,patience=30,fit_partition=pathogen,supplied_final=1,mask_rate=0.5,covariate_set=kinsa,input_mode=finalized_available",0.9893631482548504,1.0802231692346362,0.9865023966217332,1.1659251634156114,3.169342851193005,1.1631692043270976,1.1181589091497963,0.11697925013578758,10.461773293451992,False,attention / Kinsa / raw,attention,Kinsa,raw
"ed_transform=logit,spatial=attention,epochs=300,patience=30,fit_partition=pathogen,supplied_final=1,covariate_set=kinsa,input_mode=finalized_available",43,all,1.1124572912237662,1.1626776134723755,0.9032914272942806,1.3118572595532711,2.510832754319666,0.8167664782360576,1.1822327377471895,"ed_transform=logit,spatial=attention,epochs=300,patience=30,fit_partition=pathogen,supplied_final=1,mask_rate=0.5,covariate_set=kinsa,input_mode=finalized_available",0.966197375865459,1.0663503738974334,1.094836990992287,1.1833666027698062,2.2497604805936744,1.0819294719965902,1.0604879171985837,0.1217448205486058,11.480076158737429,False,attention / Kinsa / raw,attention,Kinsa,raw
"ed_transform=logit,spatial=attention,epochs=300,patience=30,fit_partition=pathogen,supplied_final=1,covariate_set=kinsa,input_mode=finalized_available",43,states_dc,1.0981854223910066,1.1674539231529737,0.95679071452129,1.3225578836277208,2.2222952872918893,0.8389847439542656,1.1690063823625907,"ed_transform=logit,spatial=attention,epochs=300,patience=30,fit_partition=pathogen,supplied_final=1,mask_rate=0.5,covariate_set=kinsa,input_mode=finalized_available",0.9604059327681108,1.0628821750631323,1.1219206395849255,1.1877269626083549,2.0198648879438417,1.0616195389139629,1.04607016921078,0.12293621315181058,11.752195671974963,False,attention / Kinsa / raw,attention,Kinsa,raw
"ed_transform=logit,spatial=attention,epochs=300,patience=30,fit_partition=pathogen,supplied_final=1,covariate_set=kinsa,input_mode=finalized_available",44,US,1.1341392446688277,1.401674079653757,0.7993543153919981,1.3009460190834288,4.438338343784322,0.8912833984482057,1.3272807196520808,"ed_transform=logit,spatial=attention,epochs=300,patience=30,fit_partition=pathogen,supplied_final=1,mask_rate=0.5,covariate_set=kinsa,input_mode=finalized_available",1.0274380316830187,1.136976870692753,1.0317827922945295,1.3538955245110125,3.029929104878837,1.393867973860612,1.1170180410793844,0.21026267857269643,18.82357051006247,False,attention / Kinsa / raw,attention,Kinsa,raw
"ed_transform=logit,spatial=attention,epochs=300,patience=30,fit_partition=pathogen,supplied_final=1,covariate_set=kinsa,input_mode=finalized_available",44,all,1.058978941365062,1.3210568521561514,0.9248318720301808,1.2742406341045185,3.0751344014367707,0.8604634361880057,1.1967256319339412,"ed_transform=logit,spatial=attention,epochs=300,patience=30,fit_partition=pathogen,supplied_final=1,mask_rate=0.5,covariate_set=kinsa,input_mode=finalized_available",0.9911909103896006,1.1213325203607214,1.0920267467754277,1.2838212589314608,2.2329317598642806,1.192792390753152,1.0624189147481953,0.13430671718574594,12.641596955903033,False,attention / Kinsa / raw,attention,Kinsa,raw
"ed_transform=logit,spatial=attention,epochs=300,patience=30,fit_partition=pathogen,supplied_final=1,covariate_set=kinsa,input_mode=finalized_available",44,states_dc,1.0401888655391205,1.3009025452817495,0.9562012611897264,1.2675642878597912,2.7343334158498824,0.8527584456229558,1.164086860004406,"ed_transform=logit,spatial=attention,epochs=300,patience=30,fit_partition=pathogen,supplied_final=1,mask_rate=0.5,covariate_set=kinsa,input_mode=finalized_available",0.982129130066246,1.1174214327777137,1.107087735395652,1.2663026925365726,2.0336824236106414,1.1425234949762872,1.0487691331653977,0.11531772683900843,10.995530207010962,False,attention / Kinsa / raw,attention,Kinsa,raw
"ed_transform=logit,spatial=attention,epochs=300,patience=30,fit_partition=pathogen,supplied_final=1,covariate_set=ww_wval_like,input_mode=finalized_available",42,US,0.912053100330125,1.2948889559075023,0.669073321383485,1.077533643213456,4.057781635761008,0.7710232046166999,1.077241008117074,"ed_transform=logit,spatial=attention,epochs=300,patience=30,fit_partition=pathogen,supplied_final=1,mask_rate=0.5,covariate_set=ww_wval_like,input_mode=finalized_available",1.0960174562228664,1.208177566732232,1.5062531950650448,1.2611488480730002,3.5667172085569954,2.3605097879147334,1.2858708577261064,-0.20862984960903241,-16.224790254440236,True,attention / Wastewater / raw,attention,Wastewater,raw
"ed_transform=logit,spatial=attention,epochs=300,patience=30,fit_partition=pathogen,supplied_final=1,covariate_set=ww_wval_like,input_mode=finalized_available",42,all,0.9494047917647762,1.2366491380681937,0.8888200447181445,1.111263378648477,2.804392123711566,0.7890803286524048,1.0655571463693108,"ed_transform=logit,spatial=attention,epochs=300,patience=30,fit_partition=pathogen,supplied_final=1,mask_rate=0.5,covariate_set=ww_wval_like,input_mode=finalized_available",1.0574342101759826,1.163099687601397,1.4563948431170113,1.2671647563125716,2.4962523065488154,1.9672669538522671,1.1901975403416971,-0.12464039397238635,-10.472244291195809,True,attention / Wastewater / raw,attention,Wastewater,raw
"ed_transform=logit,spatial=attention,epochs=300,patience=30,fit_partition=pathogen,supplied_final=1,covariate_set=ww_wval_like,input_mode=finalized_available",42,states_dc,0.958742714623439,1.2220891836083667,0.9437567255518092,1.119695812507232,2.4910447456992046,0.7935946096613311,1.06263618093237,"ed_transform=logit,spatial=attention,epochs=300,patience=30,fit_partition=pathogen,supplied_final=1,mask_rate=0.5,covariate_set=ww_wval_like,input_mode=finalized_available",1.0477883986642615,1.151830217818688,1.4439302551300026,1.2686687333724642,2.2286360810467696,1.8689562453366504,1.1662792109955948,-0.10364303006322495,-8.886639587337752,True,attention / Wastewater / raw,attention,Wastewater,raw
"ed_transform=logit,spatial=attention,epochs=300,patience=30,fit_partition=pathogen,supplied_final=1,covariate_set=ww_wval_like,input_mode=finalized_available",43,US,1.1057231620174652,1.1330809148864147,0.780556556012124,1.0786471467788914,2.6584138367342893,0.8256245081811812,1.184946274878608,"ed_transform=logit,spatial=attention,epochs=300,patience=30,fit_partition=pathogen,supplied_final=1,mask_rate=0.5,covariate_set=ww_wval_like,input_mode=finalized_available",0.9298307839382094,1.247447528491239,1.2043477047094522,1.112543486975854,3.2728094048570022,1.4216906918573136,1.117035266965124,0.06791100791348392,6.079575992080488,False,attention / Wastewater / raw,attention,Wastewater,raw
"ed_transform=logit,spatial=attention,epochs=300,patience=30,fit_partition=pathogen,supplied_final=1,covariate_set=ww_wval_like,input_mode=finalized_available",43,all,1.0789235469677718,1.1085800078435408,0.9492527338212636,1.1158631315600345,1.8637339138102689,0.8497859542032861,1.133054945703922,"ed_transform=logit,spatial=attention,epochs=300,patience=30,fit_partition=pathogen,supplied_final=1,mask_rate=0.5,covariate_set=ww_wval_like,input_mode=finalized_available",0.9455683790406768,1.1769673218122714,1.2108618209010344,1.133360729977978,2.3177252176942713,1.2082297609901442,1.0725275225557738,0.060527423148148296,5.6434377556964455,False,attention / Wastewater / raw,attention,Wastewater,raw
"ed_transform=logit,spatial=attention,epochs=300,patience=30,fit_partition=pathogen,supplied_final=1,covariate_set=ww_wval_like,input_mode=finalized_available",43,states_dc,1.0722236432053485,1.1024547810828222,0.9914267782735484,1.12516712775532,1.6650639330792636,0.8558263157088123,1.1200821134102503,"ed_transform=logit,spatial=attention,epochs=300,patience=30,fit_partition=pathogen,supplied_final=1,mask_rate=0.5,covariate_set=ww_wval_like,input_mode=finalized_available",0.9495027778162938,1.1593472701425294,1.21249034994893,1.1385650407285088,2.0789541709035886,1.154864528273352,1.0614005864534362,0.05868152695681417,5.5286880095754,False,attention / Wastewater / raw,attention,Wastewater,raw
"ed_transform=logit,spatial=attention,epochs=300,patience=30,fit_partition=pathogen,supplied_final=1,covariate_set=ww_wval_like,input_mode=finalized_available",44,US,1.1493009436561534,1.2904721909115384,0.5901013482324363,1.0548795969699538,4.915314538620623,0.7162247477076311,1.3100992913943197,"ed_transform=logit,spatial=attention,epochs=300,patience=30,fit_partition=pathogen,supplied_final=1,mask_rate=0.5,covariate_set=ww_wval_like,input_mode=finalized_available",1.1235595321875278,1.07425332709558,0.8394975945683044,1.1107062059352422,2.848351260017905,1.0644900828616566,1.1417190787698457,0.168380212624474,14.7479547075535,False,attention / Wastewater / raw,attention,Wastewater,raw
"ed_transform=logit,spatial=attention,epochs=300,patience=30,fit_partition=pathogen,supplied_final=1,covariate_set=ww_wval_like,input_mode=finalized_available",44,all,1.0915904299223682,1.191298123472265,0.826586341579095,1.1160106235431342,3.247134931492295,0.7696898794071626,1.1960896284938154,"ed_transform=logit,spatial=attention,epochs=300,patience=30,fit_partition=pathogen,supplied_final=1,mask_rate=0.5,covariate_set=ww_wval_like,input_mode=finalized_available",1.0955631714676366,1.0814106639153511,1.019978628256336,1.1608551617002598,2.021041156234212,1.0363742772059443,1.1184717064981735,0.07761792199564188,6.939641078508463,False,attention / Wastewater / raw,attention,Wastewater,raw
"ed_transform=logit,spatial=attention,epochs=300,patience=30,fit_partition=pathogen,supplied_final=1,covariate_set=ww_wval_like,input_mode=finalized_available",44,states_dc,1.077162801488922,1.1665046066124465,0.8857075899157597,1.131293380186429,2.8300900297102123,0.7830561623320454,1.1675872127686893,"ed_transform=logit,spatial=attention,epochs=300,patience=30,fit_partition=pathogen,supplied_final=1,mask_rate=0.5,covariate_set=ww_wval_like,input_mode=finalized_available",1.0885640812876636,1.083199998120294,1.0650988866783435,1.173392400641514,1.8142136302882883,1.0293453257920162,1.1126598634302558,0.05492734933843346,4.936580454074813,False,attention / Wastewater / raw,attention,Wastewater,raw
"ed_transform=logit,spatial=attention,epochs=300,patience=30,fit_partition=pathogen,supplied_final=1,input_mode=finalized_available",42,US,0.9881251240402396,1.3703481969226845,0.767778076632302,1.3399186549783788,3.7046593127047776,0.9832217382333692,1.1548206839428776,"ed_transform=logit,spatial=attention,epochs=300,patience=30,fit_partition=pathogen,supplied_final=1,mask_rate=0.5,input_mode=finalized_available",1.3226211406102475,1.3164869058811943,0.9110297538851112,1.3726830486944714,4.328983182812051,0.907186165699601,1.4523523630538258,-0.29753167911094813,-20.4861910015649,True,attention / no covariates,attention,None,raw
"ed_transform=logit,spatial=attention,epochs=300,patience=30,fit_partition=pathogen,supplied_final=1,input_mode=finalized_available",42,all,0.9910507830523032,1.271000779477172,0.9664688884268384,1.3300597501663192,2.585525248125275,0.933678653317802,1.1124034670251293,"ed_transform=logit,spatial=attention,epochs=300,patience=30,fit_partition=pathogen,supplied_final=1,mask_rate=0.5,input_mode=finalized_available",1.186653310308974,1.226032336217613,1.0317762806190451,1.309333204170466,3.0194789954860477,0.8902500356935094,1.286239420757447,-0.17383595373231775,-13.51505411254993,True,attention / no covariates,attention,None,raw
"ed_transform=logit,spatial=attention,epochs=300,patience=30,fit_partition=pathogen,supplied_final=1,input_mode=finalized_available",42,states_dc,0.9917821978053192,1.2461639251157937,1.0161415913754728,1.3275950239633043,2.3057417319803992,0.92129288208891,1.1017991627956922,"ed_transform=logit,spatial=attention,epochs=300,patience=30,fit_partition=pathogen,supplied_final=1,mask_rate=0.5,input_mode=finalized_available",1.1526613527336556,1.2034186938017175,1.0619629123025285,1.2934957430394645,2.6921029486545462,0.8860160031919864,1.244711185183352,-0.14291202238765988,-11.481540785431942,True,attention / no covariates,attention,None,raw
"ed_transform=logit,spatial=attention,epochs=300,patience=30,fit_partition=pathogen,supplied_final=1,input_mode=finalized_available",43,US,1.0094752261519415,1.2069823663252728,1.352935822202883,1.177861051964444,4.202222025434007,1.3737986654755578,1.1582502518239188,"ed_transform=logit,spatial=attention,epochs=300,patience=30,fit_partition=pathogen,supplied_final=1,mask_rate=0.5,input_mode=finalized_available",0.993579243727464,1.2799359771259975,1.0445990086808503,1.4355513922791696,2.262052599851493,0.9562921268130866,1.0926191023791425,0.06563114944477633,6.00677301924033,False,attention / no covariates,attention,None,raw
"ed_transform=logit,spatial=attention,epochs=300,patience=30,fit_partition=pathogen,supplied_final=1,input_mode=finalized_available",43,all,0.9992027751224208,1.2212234855865025,1.3334237381643916,1.1918172389804014,2.9355419828319618,1.1820893494990672,1.122792894586784,"ed_transform=logit,spatial=attention,epochs=300,patience=30,fit_partition=pathogen,supplied_final=1,mask_rate=0.5,input_mode=finalized_available",0.9938190208425308,1.1668647209526624,1.142667810703468,1.41847812086922,1.6257851272582615,0.9115691581696492,1.0497081585177952,0.0730847360689888,6.962386209533289,False,attention / no covariates,attention,None,raw
"ed_transform=logit,spatial=attention,epochs=300,patience=30,fit_partition=pathogen,supplied_final=1,input_mode=finalized_available",43,states_dc,0.9966346623650408,1.2247837654018094,1.3285457171547688,1.1953062857343906,2.6188719721814504,1.1341620205049447,1.1139285552775,"ed_transform=logit,spatial=attention,epochs=300,patience=30,fit_partition=pathogen,supplied_final=1,mask_rate=0.5,input_mode=finalized_available",0.9938789651212976,1.1385969069093282,1.1671850112091222,1.4142098030167325,1.4667182591099532,0.9003884160087899,1.0389804225524584,0.07494813272504164,7.213623192332808,False,attention / no covariates,attention,None,raw
"ed_transform=logit,spatial=attention,epochs=300,patience=30,fit_partition=pathogen,supplied_final=1,input_mode=finalized_available",44,US,1.1222683353993876,1.225052258118153,0.7478511558605759,1.245597896528641,3.75587061433252,0.76427053130706,1.1829887042973648,"ed_transform=logit,spatial=attention,epochs=300,patience=30,fit_partition=pathogen,supplied_final=1,mask_rate=0.5,input_mode=finalized_available",0.9270508200978088,1.0678338267622756,0.6523255940507897,1.2108169999187184,2.941762302514675,0.6947728950658038,1.0327859017717167,0.1502028025256481,14.543459807882652,False,attention / no covariates,attention,None,raw
"ed_transform=logit,spatial=attention,epochs=300,patience=30,fit_partition=pathogen,supplied_final=1,input_mode=finalized_available",44,all,1.0864902592612198,1.2286209110089312,0.9440470206366952,1.232634912368923,2.5867452622773897,0.7968085305083589,1.145497509229938,"ed_transform=logit,spatial=attention,epochs=300,patience=30,fit_partition=pathogen,supplied_final=1,mask_rate=0.5,input_mode=finalized_available",0.9436978842729612,1.063601346939039,0.8697724787299189,1.2356695301676597,2.057826854430471,0.7612778982037477,1.0200964021977188,0.12540110703221918,12.293064338042182,False,attention / no covariates,attention,None,raw
"ed_transform=logit,spatial=attention,epochs=300,patience=30,fit_partition=pathogen,supplied_final=1,input_mode=finalized_available",44,states_dc,1.0775457402266773,1.229513074231626,0.9930959868307248,1.2293941663289936,2.294463924263607,0.8049430303086837,1.1361247104630812,"ed_transform=logit,spatial=attention,epochs=300,patience=30,fit_partition=pathogen,supplied_final=1,mask_rate=0.5,input_mode=finalized_available",0.9478596503167492,1.0625432269832298,0.9241341998997008,1.241882662729895,1.83684299240942,0.7779041489882336,1.016924027304219,0.11920068315886212,11.72169011237283,False,attention / no covariates,attention,None,raw
"ed_transform=logit,spatial=pooled,epochs=300,patience=30,fit_partition=pathogen,supplied_final=1,covariate_encoder=shared,covariate_set=ilinet+clinical_lab+flusurv,input_mode=finalized_available",42,US,1.032451780004976,1.2154671225967402,1.0223402204408587,1.255136820160127,2.2087544148451586,1.178407452128278,1.0901091666179472,"ed_transform=logit,spatial=pooled,epochs=300,patience=30,fit_partition=pathogen,supplied_final=1,mask_rate=0.5,covariate_encoder=shared,covariate_set=ilinet+clinical_lab+flusurv,input_mode=finalized_available",1.057473538126031,1.0325819278370731,0.8112421849753001,1.3633921900020485,2.023145905538125,0.9499479741784234,1.0896986666187674,0.0004104999991798586,0.037670964621216996,False,pooled / New flu / shared,pooled,New flu,shared
"ed_transform=logit,spatial=pooled,epochs=300,patience=30,fit_partition=pathogen,supplied_final=1,covariate_encoder=shared,covariate_set=ilinet+clinical_lab+flusurv,input_mode=finalized_available",42,all,1.062042862978565,1.1676277130099604,1.144409175054752,1.3457638225665534,1.6452406455336848,1.0759709923125529,1.092668588647565,"ed_transform=logit,spatial=pooled,epochs=300,patience=30,fit_partition=pathogen,supplied_final=1,mask_rate=0.5,covariate_encoder=shared,covariate_set=ilinet+clinical_lab+flusurv,input_mode=finalized_available",1.0592992907411414,1.0449787851155437,0.9813818443281908,1.392204459303828,1.525994686227348,0.9592213418614908,1.0718612807301944,0.020807307917370732,1.9412314159903188,False,pooled / New flu / shared,pooled,New flu,shared
"ed_transform=logit,spatial=pooled,epochs=300,patience=30,fit_partition=pathogen,supplied_final=1,covariate_encoder=shared,covariate_set=ilinet+clinical_lab+flusurv,input_mode=finalized_available",42,states_dc,1.069440633721962,1.155667860613265,1.1749264137082251,1.3684205731681591,1.5043622032058162,1.0503618773586214,1.0933084441549694,"ed_transform=logit,spatial=pooled,epochs=300,patience=30,fit_partition=pathogen,supplied_final=1,mask_rate=0.5,covariate_encoder=shared,covariate_set=ilinet+clinical_lab+flusurv,input_mode=finalized_available",1.0597557288949189,1.0480779994351614,1.0239167591664131,1.3994075266292731,1.4017068813996534,0.9615396837822576,1.067401934258051,0.02590650989691845,2.4270622963528776,False,pooled / New flu / shared,pooled,New flu,shared
"ed_transform=logit,spatial=pooled,epochs=300,patience=30,fit_partition=pathogen,supplied_final=1,covariate_encoder=shared,covariate_set=ilinet+clinical_lab+flusurv,input_mode=finalized_available",43,US,1.1797883372131313,1.20824328289797,1.1208253885159103,1.1826659756463176,2.5371889696161944,1.1516569911468455,1.2686324575272137,"ed_transform=logit,spatial=pooled,epochs=300,patience=30,fit_partition=pathogen,supplied_final=1,mask_rate=0.5,covariate_encoder=shared,covariate_set=ilinet+clinical_lab+flusurv,input_mode=finalized_available",1.1402720824362278,1.2324767700234796,0.9522694123129836,1.1687067288279889,3.2432853209894903,0.8603458326843345,1.2607354481292024,0.007897009398011301,0.6263811658290042,False,pooled / New flu / shared,pooled,New flu,shared
"ed_transform=logit,spatial=pooled,epochs=300,patience=30,fit_partition=pathogen,supplied_final=1,covariate_encoder=shared,covariate_set=ilinet+clinical_lab+flusurv,input_mode=finalized_available",43,all,1.1331905485733298,1.1530211958536771,1.2486718089887752,1.2146660003204235,1.8532229939554632,1.0898898216953703,1.1941479144629168,"ed_transform=logit,spatial=pooled,epochs=300,patience=30,fit_partition=pathogen,supplied_final=1,mask_rate=0.5,covariate_encoder=shared,covariate_set=ilinet+clinical_lab+flusurv,input_mode=finalized_available",1.1032163268689013,1.1403147909963134,1.1025447920187792,1.2618265322960094,2.1408519960429384,0.8737053367308285,1.1666489140929268,0.02749900036998998,2.357093041257441,False,pooled / New flu / shared,pooled,New flu,shared
"ed_transform=logit,spatial=pooled,epochs=300,patience=30,fit_partition=pathogen,supplied_final=1,covariate_encoder=shared,covariate_set=ilinet+clinical_lab+flusurv,input_mode=finalized_available",43,states_dc,1.1215411014133794,1.139215674092604,1.2806334141069915,1.22266600648895,1.6822315000402803,1.0744480293325018,1.1755267786968424,"ed_transform=logit,spatial=pooled,epochs=300,patience=30,fit_partition=pathogen,supplied_final=1,mask_rate=0.5,covariate_encoder=shared,covariate_set=ilinet+clinical_lab+flusurv,input_mode=finalized_available",1.0939523879770692,1.117274296239522,1.140113636945228,1.2851064831630143,1.8652436648063004,0.8770452127424517,1.1431272805838577,0.032399498112984704,2.8342861432225197,False,pooled / New flu / shared,pooled,New flu,shared
"ed_transform=logit,spatial=pooled,epochs=300,patience=30,fit_partition=pathogen,supplied_final=1,covariate_encoder=shared,covariate_set=ilinet+clinical_lab+flusurv,input_mode=finalized_available",44,US,1.214706315409939,1.1409815767429037,0.9743287836310498,1.7080718397481498,2.1604875074557297,0.8760491504973629,1.235145138523155,"ed_transform=logit,spatial=pooled,epochs=300,patience=30,fit_partition=pathogen,supplied_final=1,mask_rate=0.5,covariate_encoder=shared,covariate_set=ilinet+clinical_lab+flusurv,input_mode=finalized_available",1.0698160996027768,1.171148449693436,0.98729261008593,1.336761958711405,1.9776133307290735,0.9267100398702351,1.1387266287356226,0.09641850978753252,8.467221838360818,False,pooled / New flu / shared,pooled,New flu,shared
"ed_transform=logit,spatial=pooled,epochs=300,patience=30,fit_partition=pathogen,supplied_final=1,covariate_encoder=shared,covariate_set=ilinet+clinical_lab+flusurv,input_mode=finalized_available",44,all,1.1601996616499397,1.1367877201993029,1.1730158185601507,1.6574605536706726,1.6799727877291268,0.8847205481558428,1.1839496908755616,"ed_transform=logit,spatial=pooled,epochs=300,patience=30,fit_partition=pathogen,supplied_final=1,mask_rate=0.5,covariate_encoder=shared,covariate_set=ilinet+clinical_lab+flusurv,input_mode=finalized_available",1.0583456399113085,1.100129706799708,1.0993050408562428,1.44943021387184,1.476558752437709,0.9068754631981027,1.0920119291419257,0.09193776173363588,8.419116978500242,False,pooled / New flu / shared,pooled,New flu,shared
"ed_transform=logit,spatial=pooled,epochs=300,patience=30,fit_partition=pathogen,supplied_final=1,covariate_encoder=shared,covariate_set=ilinet+clinical_lab+flusurv,input_mode=finalized_available",44,states_dc,1.1465729982099393,1.1357392560634023,1.2226875772924255,1.6448077321513028,1.5598441077974754,0.886888397570463,1.171150828963663,"ed_transform=logit,spatial=pooled,epochs=300,patience=30,fit_partition=pathogen,supplied_final=1,mask_rate=0.5,covariate_encoder=shared,covariate_set=ilinet+clinical_lab+flusurv,input_mode=finalized_available",1.0554780249884412,1.082375021076276,1.127308148548821,1.4775972776619488,1.3512951078648672,0.9019168190300696,1.0803332542435011,0.09081757472016183,8.4064407314534,False,pooled / New flu / shared,pooled,New flu,shared
"ed_transform=logit,spatial=pooled,epochs=300,patience=30,fit_partition=pathogen,supplied_final=1,covariate_encoder=smooth,covariate_set=inpatient+outpatient+ww_wval_like+kinsa+ilinet+clinical_lab+flusurv,input_mode=finalized_available",42,US,1.2287521778280237,1.188506199421511,0.8641018926017877,1.0888442711670316,2.4519998795920412,0.8768312601469495,1.3255585835662531,"ed_transform=logit,spatial=pooled,epochs=300,patience=30,fit_partition=pathogen,supplied_final=1,mask_rate=0.5,covariate_encoder=smooth,covariate_set=inpatient+outpatient+ww_wval_like+kinsa+ilinet+clinical_lab+flusurv,input_mode=finalized_available",1.1019756072985372,1.3017274662036216,0.9719585981653353,1.0699632419729057,2.6428156141111634,0.8239540929138,1.1903188191700893,0.1352397643961638,11.361642126304883,False,pooled / Mixed / smooth,pooled,Mixed,smooth
"ed_transform=logit,spatial=pooled,epochs=300,patience=30,fit_partition=pathogen,supplied_final=1,covariate_encoder=smooth,covariate_set=inpatient+outpatient+ww_wval_like+kinsa+ilinet+clinical_lab+flusurv,input_mode=finalized_available",42,all,1.2341391994173536,1.205547997367781,1.1247739815658446,1.300174539672716,1.6643880001401217,0.8892869407453101,1.3094199984940986,"ed_transform=logit,spatial=pooled,epochs=300,patience=30,fit_partition=pathogen,supplied_final=1,mask_rate=0.5,covariate_encoder=smooth,covariate_set=inpatient+outpatient+ww_wval_like+kinsa+ilinet+clinical_lab+flusurv,input_mode=finalized_available",1.1280544988325345,1.21912155974958,1.0409432420447131,1.2308568842062375,1.8793252437003984,0.8471736754225568,1.1667492991794155,0.14267069931468312,12.228050997332907,False,pooled / Mixed / smooth,pooled,Mixed,smooth
"ed_transform=logit,spatial=pooled,epochs=300,patience=30,fit_partition=pathogen,supplied_final=1,covariate_encoder=smooth,covariate_set=inpatient+outpatient+ww_wval_like+kinsa+ilinet+clinical_lab+flusurv,input_mode=finalized_available",42,states_dc,1.235485954814686,1.2098084468543484,1.1899420038068584,1.353007106799137,1.4674850302771418,0.8924008608949,1.30538535222606,"ed_transform=logit,spatial=pooled,epochs=300,patience=30,fit_partition=pathogen,supplied_final=1,mask_rate=0.5,covariate_encoder=smooth,covariate_set=inpatient+outpatient+ww_wval_like+kinsa+ilinet+clinical_lab+flusurv,input_mode=finalized_available",1.1345742217160335,1.1984700831360695,1.0581894030145576,1.2710802947645707,1.6884526510977065,0.852978571049746,1.1608569191817473,0.14452843304431262,12.450150458351604,False,pooled / Mixed / smooth,pooled,Mixed,smooth
"ed_transform=logit,spatial=pooled,epochs=300,patience=30,fit_partition=pathogen,supplied_final=1,covariate_encoder=smooth,covariate_set=inpatient+outpatient+ww_wval_like+kinsa+ilinet+clinical_lab+flusurv,input_mode=finalized_available",43,US,0.9988923587222932,1.2657003453216915,1.2803860572376196,1.0947318901730454,3.5305654452690924,1.5901872180369914,1.2077363101946166,"ed_transform=logit,spatial=pooled,epochs=300,patience=30,fit_partition=pathogen,supplied_final=1,mask_rate=0.5,covariate_encoder=smooth,covariate_set=inpatient+outpatient+ww_wval_like+kinsa+ilinet+clinical_lab+flusurv,input_mode=finalized_available",0.9776811716601296,1.159166187571647,1.151649589301644,1.2080251044957693,2.5531042890847924,1.3602735046295895,1.1208252951156668,0.08691101507894983,7.754198219623576,False,pooled / Mixed / smooth,pooled,Mixed,smooth
"ed_transform=logit,spatial=pooled,epochs=300,patience=30,fit_partition=pathogen,supplied_final=1,covariate_encoder=smooth,covariate_set=inpatient+outpatient+ww_wval_like+kinsa+ilinet+clinical_lab+flusurv,input_mode=finalized_available",43,all,1.0229253095990656,1.1891132592970723,1.3449226428385237,1.2130422741454772,2.1952382244545956,1.3450965436983269,1.1482159711462658,"ed_transform=logit,spatial=pooled,epochs=300,patience=30,fit_partition=pathogen,supplied_final=1,mask_rate=0.5,covariate_encoder=smooth,covariate_set=inpatient+outpatient+ww_wval_like+kinsa+ilinet+clinical_lab+flusurv,input_mode=finalized_available",1.002055780931429,1.1413512373215575,1.146847921556179,1.3115282779169346,1.7190427849041814,1.076488647196706,1.0804194556210038,0.067796515525262,6.275018019394496,False,pooled / Mixed / smooth,pooled,Mixed,smooth
"ed_transform=logit,spatial=pooled,epochs=300,patience=30,fit_partition=pathogen,supplied_final=1,covariate_encoder=smooth,covariate_set=inpatient+outpatient+ww_wval_like+kinsa+ilinet+clinical_lab+flusurv,input_mode=finalized_available",43,states_dc,1.0289335473182586,1.1699664877909173,1.3610567892387495,1.2426198701385849,1.861406419250971,1.2838238751136606,1.1333358863841785,"ed_transform=logit,spatial=pooled,epochs=300,patience=30,fit_partition=pathogen,supplied_final=1,mask_rate=0.5,covariate_encoder=smooth,covariate_set=inpatient+outpatient+ww_wval_like+kinsa+ilinet+clinical_lab+flusurv,input_mode=finalized_available",1.008149433249254,1.136897499759035,1.145647504619813,1.3374040712722255,1.5105274088590286,1.0055424328384852,1.070317995747338,0.06301789063684038,5.887772688792259,False,pooled / Mixed / smooth,pooled,Mixed,smooth
"ed_transform=logit,spatial=pooled,epochs=300,patience=30,fit_partition=pathogen,supplied_final=1,covariate_encoder=smooth,covariate_set=inpatient+outpatient+ww_wval_like+kinsa+ilinet+clinical_lab+flusurv,input_mode=finalized_available",44,US,1.208652865102699,1.2065895807947864,0.8359403130471651,1.2669838291486273,2.138297259152939,1.247169575698257,1.303434433480941,"ed_transform=logit,spatial=pooled,epochs=300,patience=30,fit_partition=pathogen,supplied_final=1,mask_rate=0.5,covariate_encoder=smooth,covariate_set=inpatient+outpatient+ww_wval_like+kinsa+ilinet+clinical_lab+flusurv,input_mode=finalized_available",1.029221881800806,1.311172080911931,1.097126608725959,1.2466741549728957,2.573551029373942,1.1764802773502774,1.1792572780909358,0.12417715539000507,10.530115666619565,False,pooled / Mixed / smooth,pooled,Mixed,smooth
"ed_transform=logit,spatial=pooled,epochs=300,patience=30,fit_partition=pathogen,supplied_final=1,covariate_encoder=smooth,covariate_set=inpatient+outpatient+ww_wval_like+kinsa+ilinet+clinical_lab+flusurv,input_mode=finalized_available",44,all,1.2901690427297543,1.1415058734326624,1.0302965348999764,1.3664204938652142,1.5096213083468513,1.1089635221046523,1.322399057565318,"ed_transform=logit,spatial=pooled,epochs=300,patience=30,fit_partition=pathogen,supplied_final=1,mask_rate=0.5,covariate_encoder=smooth,covariate_set=inpatient+outpatient+ww_wval_like+kinsa+ilinet+clinical_lab+flusurv,input_mode=finalized_available",1.0356383560609437,1.2103011660697884,1.2051719656254871,1.3097589227117643,1.75312285266686,1.0705722298749365,1.1158420883766895,0.20655696918862843,18.511308306099505,False,pooled / Mixed / smooth,pooled,Mixed,smooth
"ed_transform=logit,spatial=pooled,epochs=300,patience=30,fit_partition=pathogen,supplied_final=1,covariate_encoder=smooth,covariate_set=inpatient+outpatient+ww_wval_like+kinsa+ilinet+clinical_lab+flusurv,input_mode=finalized_available",44,states_dc,1.3105480871365174,1.1252349465921314,1.078885590363179,1.3912796600443609,1.3524523206453292,1.0744120087062512,1.3271402135864117,"ed_transform=logit,spatial=pooled,epochs=300,patience=30,fit_partition=pathogen,supplied_final=1,mask_rate=0.5,covariate_encoder=smooth,covariate_set=inpatient+outpatient+ww_wval_like+kinsa+ilinet+clinical_lab+flusurv,input_mode=finalized_available",1.037242474625978,1.1850834373592527,1.232183304850369,1.325530114646482,1.5480158084900897,1.0440952180061012,1.0999882909481282,0.22715192263828343,20.650394600336263,False,pooled / Mixed / smooth,pooled,Mixed,smooth
"ed_transform=logit,spatial=pooled,epochs=300,patience=30,fit_partition=pathogen,supplied_final=1,covariate_encoder=summary,covariate_set=ilinet+clinical_lab+flusurv,input_mode=finalized_available",42,US,1.313031082309022,1.1896029401594652,1.0167588486665509,1.077049046425102,1.7725273551147849,0.9517484498728708,1.3968212769049668,"ed_transform=logit,spatial=pooled,epochs=300,patience=30,fit_partition=pathogen,supplied_final=1,mask_rate=0.5,covariate_encoder=summary,covariate_set=ilinet+clinical_lab+flusurv,input_mode=finalized_available",0.9979455634680928,1.1520591375490636,0.892717933143175,1.2430793003029652,2.10855477069679,0.9193093504897006,1.1004228533727245,0.2963984235322423,26.93495710524372,False,pooled / New flu / summary,pooled,New flu,summary
"ed_transform=logit,spatial=pooled,epochs=300,patience=30,fit_partition=pathogen,supplied_final=1,covariate_encoder=summary,covariate_set=ilinet+clinical_lab+flusurv,input_mode=finalized_available",42,all,1.126680927831201,1.129000807097975,1.1412606143851032,1.2373952570035187,1.354825554070426,0.9345398081220664,1.1731292005181175,"ed_transform=logit,spatial=pooled,epochs=300,patience=30,fit_partition=pathogen,supplied_final=1,mask_rate=0.5,covariate_encoder=summary,covariate_set=ilinet+clinical_lab+flusurv,input_mode=finalized_available",0.9806549387284716,1.1141564006109943,1.0232217307264675,1.2845535292029546,1.5869671580817273,0.8965955270251778,1.047063730578448,0.1260654699396695,12.03990418711427,False,pooled / New flu / summary,pooled,New flu,summary
"ed_transform=logit,spatial=pooled,epochs=300,patience=30,fit_partition=pathogen,supplied_final=1,covariate_encoder=summary,covariate_set=ilinet+clinical_lab+flusurv,input_mode=finalized_available",42,states_dc,1.080093389211746,1.1138502738326015,1.1723860558147416,1.2774818096481226,1.2504001038093355,0.9302376476843656,1.1172061814214047,"ed_transform=logit,spatial=pooled,epochs=300,patience=30,fit_partition=pathogen,supplied_final=1,mask_rate=0.5,covariate_encoder=summary,covariate_set=ilinet+clinical_lab+flusurv,input_mode=finalized_available",0.9763322825435664,1.1046807163764767,1.055847680122291,1.2949220864279518,1.4565702549279615,0.8909170711590472,1.0337239498798791,0.08348223154152556,8.07587282380624,False,pooled / New flu / summary,pooled,New flu,summary
"ed_transform=logit,spatial=pooled,epochs=300,patience=30,fit_partition=pathogen,supplied_final=1,covariate_encoder=summary,covariate_set=ilinet+clinical_lab+flusurv,input_mode=finalized_available",43,US,1.0081147956544485,1.072811852849664,0.9488034285866528,1.1327528228977908,2.34478933840486,0.9624422041092632,1.089180318834053,"ed_transform=logit,spatial=pooled,epochs=300,patience=30,fit_partition=pathogen,supplied_final=1,mask_rate=0.5,covariate_encoder=summary,covariate_set=ilinet+clinical_lab+flusurv,input_mode=finalized_available",1.0448088841355805,1.1079286500530587,0.8356162023129146,1.0964478495323202,1.7442161726830656,1.2001353787349198,1.134528088037409,-0.045347769203355925,-3.9970600711879967,True,pooled / New flu / summary,pooled,New flu,summary
"ed_transform=logit,spatial=pooled,epochs=300,patience=30,fit_partition=pathogen,supplied_final=1,covariate_encoder=summary,covariate_set=ilinet+clinical_lab+flusurv,input_mode=finalized_available",43,all,1.0628390373368914,1.0917601411822606,1.060296981099892,1.2568825030838622,1.769089486385676,0.894260478560322,1.1125531101559856,"ed_transform=logit,spatial=pooled,epochs=300,patience=30,fit_partition=pathogen,supplied_final=1,mask_rate=0.5,covariate_encoder=summary,covariate_set=ilinet+clinical_lab+flusurv,input_mode=finalized_available",1.0496011623383328,1.0967801214061477,0.9802343031246256,1.22131488388455,1.4137278164266374,1.0711893542706152,1.1019530349095237,0.010600075246461893,0.9619353012927823,False,pooled / New flu / summary,pooled,New flu,summary
"ed_transform=logit,spatial=pooled,epochs=300,patience=30,fit_partition=pathogen,supplied_final=1,covariate_encoder=summary,covariate_set=ilinet+clinical_lab+flusurv,input_mode=finalized_available",43,states_dc,1.0765200977575022,1.0964972132654096,1.088170369228202,1.28791492313038,1.6251645233808798,0.8772150471730865,1.1183963079864687,"ed_transform=logit,spatial=pooled,epochs=300,patience=30,fit_partition=pathogen,supplied_final=1,mask_rate=0.5,covariate_encoder=summary,covariate_set=ilinet+clinical_lab+flusurv,input_mode=finalized_available",1.0507992318890205,1.0939929892444196,1.016388828327553,1.2525316424726076,1.3311057273625295,1.0389528481545391,1.093809271627552,0.02458703635891668,2.247835797033604,False,pooled / New flu / summary,pooled,New flu,summary
"ed_transform=logit,spatial=pooled,epochs=300,patience=30,fit_partition=pathogen,supplied_final=1,covariate_encoder=summary,covariate_set=ilinet+clinical_lab+flusurv,input_mode=finalized_available",44,US,1.0325276916975914,1.5098173157648145,0.8637288964120592,1.0201640839627155,3.66814394974646,0.8551392895168528,1.2294212866940706,"ed_transform=logit,spatial=pooled,epochs=300,patience=30,fit_partition=pathogen,supplied_final=1,mask_rate=0.5,covariate_encoder=summary,covariate_set=ilinet+clinical_lab+flusurv,input_mode=finalized_available",0.8743267852370108,1.072483257769616,1.8286840268705888,1.2963069403184166,1.869325141755746,2.0583296136918423,1.0855056410120263,0.1439156456820443,13.257936232175682,False,pooled / New flu / summary,pooled,New flu,summary
"ed_transform=logit,spatial=pooled,epochs=300,patience=30,fit_partition=pathogen,supplied_final=1,covariate_encoder=summary,covariate_set=ilinet+clinical_lab+flusurv,input_mode=finalized_available",44,all,1.0313113470597928,1.3818097557310058,1.0894963669309736,1.2466687067249664,2.5433181301209813,0.882242366230835,1.153792206557201,"ed_transform=logit,spatial=pooled,epochs=300,patience=30,fit_partition=pathogen,supplied_final=1,mask_rate=0.5,covariate_encoder=summary,covariate_set=ilinet+clinical_lab+flusurv,input_mode=finalized_available",0.9394854187852308,1.0731276761674016,1.6816652866672182,1.46271975661723,1.4945001106927869,1.6663804040398225,1.0782249109727031,0.07556729558449793,7.008490975813775,False,pooled / New flu / summary,pooled,New flu,summary
"ed_transform=logit,spatial=pooled,epochs=300,patience=30,fit_partition=pathogen,supplied_final=1,covariate_encoder=summary,covariate_set=ilinet+clinical_lab+flusurv,input_mode=finalized_available",44,states_dc,1.031007260900343,1.3498078657225534,1.1459382345607023,1.3032948624155292,2.262111675214611,0.8890181354093307,1.1348849365229832,"ed_transform=logit,spatial=pooled,epochs=300,patience=30,fit_partition=pathogen,supplied_final=1,mask_rate=0.5,covariate_encoder=summary,covariate_set=ilinet+clinical_lab+flusurv,input_mode=finalized_available",0.9557750771722858,1.073288780766848,1.6449106016163753,1.504322960691933,1.4007938529270467,1.5683931016268176,1.0764047284628726,0.05848020806011056,5.432920026616883,False,pooled / New flu / summary,pooled,New flu,summary
"ed_transform=logit,spatial=pooled,epochs=300,patience=30,fit_partition=pathogen,supplied_final=1,covariate_encoder=summary,covariate_set=inpatient+outpatient,input_mode=finalized_available",42,US,1.03957221626281,1.3538390257928392,1.3253290890052554,1.252485900532568,2.5675252626587386,1.8238916447911555,1.23790850749384,"ed_transform=logit,spatial=pooled,epochs=300,patience=30,fit_partition=pathogen,supplied_final=1,mask_rate=0.5,covariate_encoder=summary,covariate_set=inpatient+outpatient,input_mode=finalized_available",0.9440879432054922,1.2359607705792603,0.8984316447899479,1.2334652211482948,3.234997983293053,1.2340642410869234,1.0847023843166117,0.15320612317722837,14.124254301676675,False,pooled / Claims / summary,pooled,Claims,summary
"ed_transform=logit,spatial=pooled,epochs=300,patience=30,fit_partition=pathogen,supplied_final=1,covariate_encoder=summary,covariate_set=inpatient+outpatient,input_mode=finalized_available",42,all,1.030740066427181,1.2190269060871592,1.3481897646204135,1.2813337738929786,1.8361966627855368,1.546020751137407,1.1686215771767172,"ed_transform=logit,spatial=pooled,epochs=300,patience=30,fit_partition=pathogen,supplied_final=1,mask_rate=0.5,covariate_encoder=summary,covariate_set=inpatient+outpatient,input_mode=finalized_available",0.9651899072066534,1.13543148219136,1.0305116713061748,1.2684786411579343,2.085582346539443,1.1324859870961463,1.0488897827572556,0.11973179441946158,11.415097790801054,False,pooled / Claims / summary,pooled,Claims,summary
"ed_transform=logit,spatial=pooled,epochs=300,patience=30,fit_partition=pathogen,supplied_final=1,covariate_encoder=summary,covariate_set=inpatient+outpatient,input_mode=finalized_available",42,states_dc,1.0285320289682738,1.185323876160739,1.3539049335242028,1.288545742233081,1.6533645128172356,1.4765530277239698,1.1512998445974365,"ed_transform=logit,spatial=pooled,epochs=300,patience=30,fit_partition=pathogen,supplied_final=1,mask_rate=0.5,covariate_encoder=summary,covariate_set=inpatient+outpatient,input_mode=finalized_available",0.9704653982069436,1.110299160094385,1.0635316779352315,1.277231996160344,1.79822843735104,1.107091423598452,1.0399366323674164,0.1113632122300201,10.708653658685119,False,pooled / Claims / summary,pooled,Claims,summary
"ed_transform=logit,spatial=pooled,epochs=300,patience=30,fit_partition=pathogen,supplied_final=1,covariate_encoder=summary,covariate_set=inpatient+outpatient,input_mode=finalized_available",43,US,0.9330925679042928,1.2585038319036803,1.0553348883128133,1.1899531075329322,3.725713428227749,1.0282207378033763,1.1097229803235775,"ed_transform=logit,spatial=pooled,epochs=300,patience=30,fit_partition=pathogen,supplied_final=1,mask_rate=0.5,covariate_encoder=summary,covariate_set=inpatient+outpatient,input_mode=finalized_available",0.9756730326029254,1.2134325185289363,0.8961955092832673,1.26970764340376,3.795419029381273,1.0451956455736822,1.1162718039386117,-0.006548823615034172,-0.586669267460449,True,pooled / Claims / summary,pooled,Claims,summary
"ed_transform=logit,spatial=pooled,epochs=300,patience=30,fit_partition=pathogen,supplied_final=1,covariate_encoder=summary,covariate_set=inpatient+outpatient,input_mode=finalized_available",43,all,0.9493770674958564,1.1670437353473266,1.088247902535548,1.3077060958855824,2.367095150336938,0.9307226936675852,1.0582222696141197,"ed_transform=logit,spatial=pooled,epochs=300,patience=30,fit_partition=pathogen,supplied_final=1,mask_rate=0.5,covariate_encoder=summary,covariate_set=inpatient+outpatient,input_mode=finalized_available",0.9661871032285791,1.114967134813958,0.9735745450050328,1.303626062413659,2.347501801705699,0.9961321880737952,1.0400235872556454,0.018198682358474327,1.7498336173793927,False,pooled / Claims / summary,pooled,Claims,summary
"ed_transform=logit,spatial=pooled,epochs=300,patience=30,fit_partition=pathogen,supplied_final=1,covariate_encoder=summary,covariate_set=inpatient+outpatient,input_mode=finalized_available",43,states_dc,0.953448192393747,1.144178711208238,1.096476156091232,1.337144342973745,2.0274405808642357,0.9063481826336371,1.045347091936755,"ed_transform=logit,spatial=pooled,epochs=300,patience=30,fit_partition=pathogen,supplied_final=1,mask_rate=0.5,covariate_encoder=summary,covariate_set=inpatient+outpatient,input_mode=finalized_available",0.9638156208849924,1.0903507888852133,0.992919303935474,1.312105667166134,1.9855224947868049,0.9838663236988234,1.0209615330849036,0.02438555885185134,2.3884894838465343,False,pooled / Claims / summary,pooled,Claims,summary
"ed_transform=logit,spatial=pooled,epochs=300,patience=30,fit_partition=pathogen,supplied_final=1,covariate_encoder=summary,covariate_set=inpatient+outpatient,input_mode=finalized_available",44,US,1.1375540027923865,1.2974936458213486,0.7444017577815458,1.2663372782502322,2.6948070014236336,0.7384209071780133,1.214580327213887,"ed_transform=logit,spatial=pooled,epochs=300,patience=30,fit_partition=pathogen,supplied_final=1,mask_rate=0.5,covariate_encoder=summary,covariate_set=inpatient+outpatient,input_mode=finalized_available",1.0350757359018583,1.2987192394988536,1.338828391798108,1.1922425084401331,2.924950776556361,2.0657350367507483,1.183622887730526,0.03095743948336116,2.6154816541879233,False,pooled / Claims / summary,pooled,Claims,summary
"ed_transform=logit,spatial=pooled,epochs=300,patience=30,fit_partition=pathogen,supplied_final=1,covariate_encoder=summary,covariate_set=inpatient+outpatient,input_mode=finalized_available",44,all,1.041990454730186,1.2412704203582463,0.9015477015910014,1.2866476922856904,1.9536016382128347,0.814004409520021,1.100600443392592,"ed_transform=logit,spatial=pooled,epochs=300,patience=30,fit_partition=pathogen,supplied_final=1,mask_rate=0.5,covariate_encoder=summary,covariate_set=inpatient+outpatient,input_mode=finalized_available",1.0049296338313762,1.20375414828027,1.3444501739810664,1.214193980697033,1.9838899255432552,1.6942204826407037,1.1107347083334478,-0.010134264940855786,-0.9123929291866006,True,pooled / Claims / summary,pooled,Claims,summary
"ed_transform=logit,spatial=pooled,epochs=300,patience=30,fit_partition=pathogen,supplied_final=1,covariate_encoder=summary,covariate_set=inpatient+outpatient,input_mode=finalized_available",44,states_dc,1.0180995677146358,1.2272146139924711,0.9408341875433652,1.2917252957945546,1.7683002974101347,0.8329002851055227,1.0721054724372685,"ed_transform=logit,spatial=pooled,epochs=300,patience=30,fit_partition=pathogen,supplied_final=1,mask_rate=0.5,covariate_encoder=summary,covariate_set=inpatient+outpatient,input_mode=finalized_available",0.9973931083137554,1.1800128754756245,1.345855619526806,1.2196818487612575,1.7486247127899786,1.601341844113192,1.0925126634841782,-0.02040719104690969,-1.8679134557423094,True,pooled / Claims / summary,pooled,Claims,summary
"ed_transform=logit,spatial=pooled,epochs=300,patience=30,fit_partition=pathogen,supplied_final=1,covariate_set=ilinet+clinical_lab+flusurv,input_mode=finalized_available",42,US,1.1489037758325238,1.419417170399314,1.0394500860097784,1.1234983251612356,3.022876073233311,0.9616767802736363,1.340195654353085,"ed_transform=logit,spatial=pooled,epochs=300,patience=30,fit_partition=pathogen,supplied_final=1,mask_rate=0.5,covariate_set=ilinet+clinical_lab+flusurv,input_mode=finalized_available",1.147802621838059,1.0888888320815122,1.4196389217716792,1.284233048355685,2.62452981783779,1.625195019842282,1.264659551501449,0.07553610285163614,5.972840893184017,False,pooled / New flu / raw,pooled,New flu,raw
"ed_transform=logit,spatial=pooled,epochs=300,patience=30,fit_partition=pathogen,supplied_final=1,covariate_set=ilinet+clinical_lab+flusurv,input_mode=finalized_available",42,all,1.159363375540159,1.2731728005382623,1.2694754730896796,1.2827594966306015,2.09798871817168,1.003163831148975,1.273530061197128,"ed_transform=logit,spatial=pooled,epochs=300,patience=30,fit_partition=pathogen,supplied_final=1,mask_rate=0.5,covariate_set=ilinet+clinical_lab+flusurv,input_mode=finalized_available",1.1166281139892316,1.0970269486030977,1.2859178819212853,1.363815208414935,1.9015969981053653,1.257926833521006,1.1813120396386363,0.09221802155849179,7.806406644826991,False,pooled / New flu / raw,pooled,New flu,raw
"ed_transform=logit,spatial=pooled,epochs=300,patience=30,fit_partition=pathogen,supplied_final=1,covariate_set=ilinet+clinical_lab+flusurv,input_mode=finalized_available",42,states_dc,1.1619782754670671,1.236611708072999,1.3269818198596544,1.322574789497943,1.866766879406272,1.01353559386781,1.2568636629081384,"ed_transform=logit,spatial=pooled,epochs=300,patience=30,fit_partition=pathogen,supplied_final=1,mask_rate=0.5,covariate_set=ilinet+clinical_lab+flusurv,input_mode=finalized_available",1.1088344870270246,1.099061477733494,1.252487621958687,1.3837107484297475,1.7208637931722592,1.166109786940687,1.1604751616729334,0.09638850123520504,8.305951253299737,False,pooled / New flu / raw,pooled,New flu,raw
"ed_transform=logit,spatial=pooled,epochs=300,patience=30,fit_partition=pathogen,supplied_final=1,covariate_set=ilinet+clinical_lab+flusurv,input_mode=finalized_available",43,US,1.2305979504857876,1.337628708929356,1.6557832030278798,1.0993144595270654,3.810732820876243,1.873748589426123,1.4899691968627051,"ed_transform=logit,spatial=pooled,epochs=300,patience=30,fit_partition=pathogen,supplied_final=1,mask_rate=0.5,covariate_set=ilinet+clinical_lab+flusurv,input_mode=finalized_available",0.906145925581025,1.064749617817082,2.063722846780849,1.041453621036197,2.4227329076955537,1.7198109216419737,1.1170051876675606,0.3729640091951445,33.389639843476246,False,pooled / New flu / raw,pooled,New flu,raw
"ed_transform=logit,spatial=pooled,epochs=300,patience=30,fit_partition=pathogen,supplied_final=1,covariate_set=ilinet+clinical_lab+flusurv,input_mode=finalized_available",43,all,1.1930991784717369,1.2319822259449236,1.5701381178199647,1.2112227807855631,2.413230127070064,1.511740881208392,1.3372145556540176,"ed_transform=logit,spatial=pooled,epochs=300,patience=30,fit_partition=pathogen,supplied_final=1,mask_rate=0.5,covariate_set=ilinet+clinical_lab+flusurv,input_mode=finalized_available",0.9469733066546135,1.08280479409074,1.890067775206468,1.171059837992248,1.7973683025577378,1.4409598820880714,1.0872280884871712,0.24998646716684636,22.993010373259516,False,pooled / New flu / raw,pooled,New flu,raw
"ed_transform=logit,spatial=pooled,epochs=300,patience=30,fit_partition=pathogen,supplied_final=1,covariate_set=ilinet+clinical_lab+flusurv,input_mode=finalized_available",43,states_dc,1.1837244854682238,1.2055706051988149,1.5487268465179855,1.239199861100187,2.0638544536185193,1.4212389541539594,1.2990258953518452,"ed_transform=logit,spatial=pooled,epochs=300,patience=30,fit_partition=pathogen,supplied_final=1,mask_rate=0.5,covariate_set=ilinet+clinical_lab+flusurv,input_mode=finalized_available",0.9571801519230104,1.0873185881591545,1.8466540073128728,1.2034613922312605,1.641027151273283,1.371247122199596,1.079783813692074,0.2192420816597711,20.304257100328527,False,pooled / New flu / raw,pooled,New flu,raw
"ed_transform=logit,spatial=pooled,epochs=300,patience=30,fit_partition=pathogen,supplied_final=1,covariate_set=ilinet+clinical_lab+flusurv,input_mode=finalized_available",44,US,1.281010445521128,1.039585222008152,0.996638562048451,1.066609404307601,2.584546219060497,1.090158982239726,1.3419937931850672,"ed_transform=logit,spatial=pooled,epochs=300,patience=30,fit_partition=pathogen,supplied_final=1,mask_rate=0.5,covariate_set=ilinet+clinical_lab+flusurv,input_mode=finalized_available",1.0463331558959543,1.0737927645427332,0.8894849487118738,1.1964311353168011,1.6135180987893532,1.323474819493832,1.0845661083726554,0.25742768481241174,23.735545747291596,False,pooled / New flu / raw,pooled,New flu,raw
"ed_transform=logit,spatial=pooled,epochs=300,patience=30,fit_partition=pathogen,supplied_final=1,covariate_set=ilinet+clinical_lab+flusurv,input_mode=finalized_available",44,all,1.2087098472635516,1.08471390396621,1.0736466226228236,1.1868323501165805,1.791623515396597,1.0021021436495143,1.2418284916620752,"ed_transform=logit,spatial=pooled,epochs=300,patience=30,fit_partition=pathogen,supplied_final=1,mask_rate=0.5,covariate_set=ilinet+clinical_lab+flusurv,input_mode=finalized_available",1.0447229389584378,1.080325307388397,1.118820924903074,1.263975512400715,1.311542485102646,1.2886689568402927,1.0679372133869354,0.17389127827513984,16.282912150204787,False,pooled / New flu / raw,pooled,New flu,raw
"ed_transform=logit,spatial=pooled,epochs=300,patience=30,fit_partition=pathogen,supplied_final=1,covariate_set=ilinet+clinical_lab+flusurv,input_mode=finalized_available",44,states_dc,1.190634697699157,1.0959960744557242,1.092898637766417,1.2168880865688254,1.5933928394806216,0.9800879340019616,1.2167871662813272,"ed_transform=logit,spatial=pooled,epochs=300,patience=30,fit_partition=pathogen,supplied_final=1,mask_rate=0.5,covariate_set=ilinet+clinical_lab+flusurv,input_mode=finalized_available",1.0443203847240583,1.0819584430998128,1.176154918950874,1.280861606671693,1.236048581680969,1.279967491176908,1.0637799896405051,0.15300717664082208,14.383347884982257,False,pooled / New flu / raw,pooled,New flu,raw
"ed_transform=logit,spatial=pooled,epochs=300,patience=30,fit_partition=pathogen,supplied_final=1,covariate_set=ww_wval_like,input_mode=finalized_available",42,US,1.356232103878705,1.271042084164594,0.918703679666862,1.3964538964056985,3.137831037925801,0.9175137854816232,1.4341323676640447,"ed_transform=logit,spatial=pooled,epochs=300,patience=30,fit_partition=pathogen,supplied_final=1,mask_rate=0.5,covariate_set=ww_wval_like,input_mode=finalized_available",1.3078893495542117,1.2657817468469834,1.1860953807293968,1.3780364265222724,2.7256002743632783,1.832142959220164,1.4747954530691418,-0.04066308540509711,-2.7572017068858368,True,pooled / Wastewater / raw,pooled,Wastewater,raw
"ed_transform=logit,spatial=pooled,epochs=300,patience=30,fit_partition=pathogen,supplied_final=1,covariate_set=ww_wval_like,input_mode=finalized_available",42,all,1.180918164960102,1.2171742056831596,1.100348501904224,1.3869095784656664,2.197076269290473,0.9089741776854848,1.2438026053605256,"ed_transform=logit,spatial=pooled,epochs=300,patience=30,fit_partition=pathogen,supplied_final=1,mask_rate=0.5,covariate_set=ww_wval_like,input_mode=finalized_available",1.1035277302199178,1.2032742129734628,1.19720873504392,1.3549649685460563,1.97670416676729,1.4990022771835612,1.2268780980270104,0.016924507333515137,1.379477501532711,False,pooled / Wastewater / raw,pooled,Wastewater,raw
"ed_transform=logit,spatial=pooled,epochs=300,patience=30,fit_partition=pathogen,supplied_final=1,covariate_set=ww_wval_like,input_mode=finalized_available",42,states_dc,1.137089680230451,1.2037072360628007,1.1457597074635646,1.3845234989806583,1.961887577131641,0.9068392757364504,1.1962201647846455,"ed_transform=logit,spatial=pooled,epochs=300,patience=30,fit_partition=pathogen,supplied_final=1,mask_rate=0.5,covariate_set=ww_wval_like,input_mode=finalized_available",1.0524373253863442,1.1876473295050822,1.1999870736225506,1.3491971040520023,1.789480139868293,1.4157171066744103,1.1648987592664772,0.03132140551816831,2.6887663214519186,False,pooled / Wastewater / raw,pooled,Wastewater,raw
"ed_transform=logit,spatial=pooled,epochs=300,patience=30,fit_partition=pathogen,supplied_final=1,covariate_set=ww_wval_like,input_mode=finalized_available",43,US,1.680642379813157,1.0885931988385658,0.8961935306254101,1.7275781739705165,2.8969452434374188,0.9033183880307354,1.741823991641038,"ed_transform=logit,spatial=pooled,epochs=300,patience=30,fit_partition=pathogen,supplied_final=1,mask_rate=0.5,covariate_set=ww_wval_like,input_mode=finalized_available",1.076518147737498,1.2084212928122908,1.4922262757551814,1.248826074402407,2.6985238128118008,1.2618477842371527,1.1884577999883683,0.5533661916526698,46.56170304558442,False,pooled / Wastewater / raw,pooled,Wastewater,raw
"ed_transform=logit,spatial=pooled,epochs=300,patience=30,fit_partition=pathogen,supplied_final=1,covariate_set=ww_wval_like,input_mode=finalized_available",43,all,1.335303370219238,1.1126452612208226,1.043503311723721,1.5385915669844934,2.005784703913202,0.8826111772888389,1.3891542162118646,"ed_transform=logit,spatial=pooled,epochs=300,patience=30,fit_partition=pathogen,supplied_final=1,mask_rate=0.5,covariate_set=ww_wval_like,input_mode=finalized_available",1.023203844741892,1.1214318751484913,1.364338533957283,1.2785771336162586,1.838820796283402,1.0439262303459582,1.0929454693503626,0.296208746861502,27.101877922378502,False,pooled / Wastewater / raw,pooled,Wastewater,raw
"ed_transform=logit,spatial=pooled,epochs=300,patience=30,fit_partition=pathogen,supplied_final=1,covariate_set=ww_wval_like,input_mode=finalized_available",43,states_dc,1.2489686178207584,1.1186582768163866,1.0803307569982987,1.491344915237987,1.7829945690321485,0.8774343746033647,1.3009867723545707,"ed_transform=logit,spatial=pooled,epochs=300,patience=30,fit_partition=pathogen,supplied_final=1,mask_rate=0.5,covariate_set=ww_wval_like,input_mode=finalized_available",1.0098752689929902,1.0996845207325412,1.3323665985078086,1.2860148984197215,1.623895042151302,0.9894458418731596,1.069067386690861,0.23191938566370962,21.6936171237607,False,pooled / Wastewater / raw,pooled,Wastewater,raw
"ed_transform=logit,spatial=pooled,epochs=300,patience=30,fit_partition=pathogen,supplied_final=1,covariate_set=ww_wval_like,input_mode=finalized_available",44,US,1.6711699612546138,1.3720213937880748,1.1885035169624316,1.4138219971071873,3.954188845840662,0.9371868035679254,1.760162423301175,"ed_transform=logit,spatial=pooled,epochs=300,patience=30,fit_partition=pathogen,supplied_final=1,mask_rate=0.5,covariate_set=ww_wval_like,input_mode=finalized_available",1.0338581341151734,1.1568010018279842,0.8219599058995603,1.250899734026232,2.4174262582391277,1.186118102431482,1.1048475932247026,0.6553148300764724,59.31269019320706,False,pooled / Wastewater / raw,pooled,Wastewater,raw
"ed_transform=logit,spatial=pooled,epochs=300,patience=30,fit_partition=pathogen,supplied_final=1,covariate_set=ww_wval_like,input_mode=finalized_available",44,all,1.3377359684666246,1.2587113869783253,1.4073675392331535,1.3533480288872888,2.7204100504857505,0.98640854519597,1.417299686490912,"ed_transform=logit,spatial=pooled,epochs=300,patience=30,fit_partition=pathogen,supplied_final=1,mask_rate=0.5,covariate_set=ww_wval_like,input_mode=finalized_available",1.0024749473445562,1.1092129386043488,0.9694386325360536,1.2550923989800955,1.676892791900521,1.0980243653765631,1.0541647818853763,0.36313490460553566,34.44764147366677,False,pooled / Wastewater / raw,pooled,Wastewater,raw
"ed_transform=logit,spatial=pooled,epochs=300,patience=30,fit_partition=pathogen,supplied_final=1,covariate_set=ww_wval_like,input_mode=finalized_available",44,states_dc,1.254377470269627,1.2303838852758875,1.4620835448008334,1.338229536832314,2.411965351647022,0.9987139806029812,1.3315840022883465,"ed_transform=logit,spatial=pooled,epochs=300,patience=30,fit_partition=pathogen,supplied_final=1,mask_rate=0.5,covariate_set=ww_wval_like,input_mode=finalized_available",0.9946291506519018,1.0973159227984397,1.006308314195177,1.256140565218561,1.4917594253158688,1.0760009311128336,1.0414940790505447,0.2900899232378018,27.85324747138802,False,pooled / Wastewater / raw,pooled,Wastewater,raw
