hub,target,season,scale,geography,ensemble,wis_ratio,tasks,history,config_id,seed
flusight,wk inc flu hosp,2024-2025,natural,all,FluSight-ensemble,1.1231921133455671,5616,raw,"pilot_method=two_stage,pilot_nowcaster=real_tree,forecast_targets=flu,pathogen_inputs=flu,correction_weeks=2,joint_weight=0.05,correction_penalty=30.0,reporting_missingness=0,count_transform=sqrt,ed_transform=logit,loss_weights=flu_hosp_ed,width=96,epochs=160,patience=25,lr=0.002,fit_partition=pathogen,covariate_encoder=summary,covariate_set=kinsa,input_mode=scheduled_final,input_normalization=b0,evaluation_seasons=recent_two,training_window=recent2,stress_views=1",44
flusight,wk inc flu hosp,2024-2025,log,all,FluSight-ensemble,1.202811116585679,5616,raw,"pilot_method=two_stage,pilot_nowcaster=real_tree,forecast_targets=flu,pathogen_inputs=flu,correction_weeks=2,joint_weight=0.05,correction_penalty=30.0,reporting_missingness=0,count_transform=sqrt,ed_transform=logit,loss_weights=flu_hosp_ed,width=96,epochs=160,patience=25,lr=0.002,fit_partition=pathogen,covariate_encoder=summary,covariate_set=kinsa,input_mode=scheduled_final,input_normalization=b0,evaluation_seasons=recent_two,training_window=recent2,stress_views=1",44
flusight,wk inc flu hosp,2025-2026,natural,all,FluSight-ensemble,0.8263383601271269,5824,raw,"pilot_method=two_stage,pilot_nowcaster=real_tree,forecast_targets=flu,pathogen_inputs=flu,correction_weeks=2,joint_weight=0.05,correction_penalty=30.0,reporting_missingness=0,count_transform=sqrt,ed_transform=logit,loss_weights=flu_hosp_ed,width=96,epochs=160,patience=25,lr=0.002,fit_partition=pathogen,covariate_encoder=summary,covariate_set=kinsa,input_mode=scheduled_final,input_normalization=b0,evaluation_seasons=recent_two,training_window=recent2,stress_views=1",44
flusight,wk inc flu hosp,2025-2026,log,all,FluSight-ensemble,0.9874512936890384,5824,raw,"pilot_method=two_stage,pilot_nowcaster=real_tree,forecast_targets=flu,pathogen_inputs=flu,correction_weeks=2,joint_weight=0.05,correction_penalty=30.0,reporting_missingness=0,count_transform=sqrt,ed_transform=logit,loss_weights=flu_hosp_ed,width=96,epochs=160,patience=25,lr=0.002,fit_partition=pathogen,covariate_encoder=summary,covariate_set=kinsa,input_mode=scheduled_final,input_normalization=b0,evaluation_seasons=recent_two,training_window=recent2,stress_views=1",44
flusight,wk inc flu prop ed visits,2025-2026,natural,all,FluSight-ensemble,0.8245112437214305,5768,raw,"pilot_method=two_stage,pilot_nowcaster=real_tree,forecast_targets=flu,pathogen_inputs=flu,correction_weeks=2,joint_weight=0.05,correction_penalty=30.0,reporting_missingness=0,count_transform=sqrt,ed_transform=logit,loss_weights=flu_hosp_ed,width=96,epochs=160,patience=25,lr=0.002,fit_partition=pathogen,covariate_encoder=summary,covariate_set=kinsa,input_mode=scheduled_final,input_normalization=b0,evaluation_seasons=recent_two,training_window=recent2,stress_views=1",44
flusight,wk inc flu hosp,2024-2025,natural,all,FluSight-ensemble,1.1185004041149271,5616,half,"pilot_method=two_stage,pilot_nowcaster=real_tree,forecast_targets=flu,pathogen_inputs=flu,correction_weeks=2,joint_weight=0.05,correction_penalty=30.0,reporting_missingness=0,count_transform=sqrt,ed_transform=logit,loss_weights=flu_hosp_ed,width=96,epochs=160,patience=25,lr=0.002,fit_partition=pathogen,covariate_encoder=summary,covariate_set=kinsa,input_mode=scheduled_final,input_normalization=b0,evaluation_seasons=recent_two,training_window=recent2,stress_views=1",44
flusight,wk inc flu hosp,2024-2025,log,all,FluSight-ensemble,1.1961428919860972,5616,half,"pilot_method=two_stage,pilot_nowcaster=real_tree,forecast_targets=flu,pathogen_inputs=flu,correction_weeks=2,joint_weight=0.05,correction_penalty=30.0,reporting_missingness=0,count_transform=sqrt,ed_transform=logit,loss_weights=flu_hosp_ed,width=96,epochs=160,patience=25,lr=0.002,fit_partition=pathogen,covariate_encoder=summary,covariate_set=kinsa,input_mode=scheduled_final,input_normalization=b0,evaluation_seasons=recent_two,training_window=recent2,stress_views=1",44
flusight,wk inc flu hosp,2025-2026,natural,all,FluSight-ensemble,0.8332044685896016,5824,half,"pilot_method=two_stage,pilot_nowcaster=real_tree,forecast_targets=flu,pathogen_inputs=flu,correction_weeks=2,joint_weight=0.05,correction_penalty=30.0,reporting_missingness=0,count_transform=sqrt,ed_transform=logit,loss_weights=flu_hosp_ed,width=96,epochs=160,patience=25,lr=0.002,fit_partition=pathogen,covariate_encoder=summary,covariate_set=kinsa,input_mode=scheduled_final,input_normalization=b0,evaluation_seasons=recent_two,training_window=recent2,stress_views=1",44
flusight,wk inc flu hosp,2025-2026,log,all,FluSight-ensemble,0.9561016944901698,5824,half,"pilot_method=two_stage,pilot_nowcaster=real_tree,forecast_targets=flu,pathogen_inputs=flu,correction_weeks=2,joint_weight=0.05,correction_penalty=30.0,reporting_missingness=0,count_transform=sqrt,ed_transform=logit,loss_weights=flu_hosp_ed,width=96,epochs=160,patience=25,lr=0.002,fit_partition=pathogen,covariate_encoder=summary,covariate_set=kinsa,input_mode=scheduled_final,input_normalization=b0,evaluation_seasons=recent_two,training_window=recent2,stress_views=1",44
flusight,wk inc flu prop ed visits,2025-2026,natural,all,FluSight-ensemble,0.8234231782673025,5768,half,"pilot_method=two_stage,pilot_nowcaster=real_tree,forecast_targets=flu,pathogen_inputs=flu,correction_weeks=2,joint_weight=0.05,correction_penalty=30.0,reporting_missingness=0,count_transform=sqrt,ed_transform=logit,loss_weights=flu_hosp_ed,width=96,epochs=160,patience=25,lr=0.002,fit_partition=pathogen,covariate_encoder=summary,covariate_set=kinsa,input_mode=scheduled_final,input_normalization=b0,evaluation_seasons=recent_two,training_window=recent2,stress_views=1",44
flusight,wk inc flu hosp,2024-2025,natural,all,FluSight-ensemble,1.1142875825775975,5616,corrected,"pilot_method=two_stage,pilot_nowcaster=real_tree,forecast_targets=flu,pathogen_inputs=flu,correction_weeks=2,joint_weight=0.05,correction_penalty=30.0,reporting_missingness=0,count_transform=sqrt,ed_transform=logit,loss_weights=flu_hosp_ed,width=96,epochs=160,patience=25,lr=0.002,fit_partition=pathogen,covariate_encoder=summary,covariate_set=kinsa,input_mode=scheduled_final,input_normalization=b0,evaluation_seasons=recent_two,training_window=recent2,stress_views=1",44
flusight,wk inc flu hosp,2024-2025,log,all,FluSight-ensemble,1.1900376457468107,5616,corrected,"pilot_method=two_stage,pilot_nowcaster=real_tree,forecast_targets=flu,pathogen_inputs=flu,correction_weeks=2,joint_weight=0.05,correction_penalty=30.0,reporting_missingness=0,count_transform=sqrt,ed_transform=logit,loss_weights=flu_hosp_ed,width=96,epochs=160,patience=25,lr=0.002,fit_partition=pathogen,covariate_encoder=summary,covariate_set=kinsa,input_mode=scheduled_final,input_normalization=b0,evaluation_seasons=recent_two,training_window=recent2,stress_views=1",44
flusight,wk inc flu hosp,2025-2026,natural,all,FluSight-ensemble,0.8468666739248346,5824,corrected,"pilot_method=two_stage,pilot_nowcaster=real_tree,forecast_targets=flu,pathogen_inputs=flu,correction_weeks=2,joint_weight=0.05,correction_penalty=30.0,reporting_missingness=0,count_transform=sqrt,ed_transform=logit,loss_weights=flu_hosp_ed,width=96,epochs=160,patience=25,lr=0.002,fit_partition=pathogen,covariate_encoder=summary,covariate_set=kinsa,input_mode=scheduled_final,input_normalization=b0,evaluation_seasons=recent_two,training_window=recent2,stress_views=1",44
flusight,wk inc flu hosp,2025-2026,log,all,FluSight-ensemble,0.9350638323629542,5824,corrected,"pilot_method=two_stage,pilot_nowcaster=real_tree,forecast_targets=flu,pathogen_inputs=flu,correction_weeks=2,joint_weight=0.05,correction_penalty=30.0,reporting_missingness=0,count_transform=sqrt,ed_transform=logit,loss_weights=flu_hosp_ed,width=96,epochs=160,patience=25,lr=0.002,fit_partition=pathogen,covariate_encoder=summary,covariate_set=kinsa,input_mode=scheduled_final,input_normalization=b0,evaluation_seasons=recent_two,training_window=recent2,stress_views=1",44
flusight,wk inc flu prop ed visits,2025-2026,natural,all,FluSight-ensemble,0.8225673134346444,5768,corrected,"pilot_method=two_stage,pilot_nowcaster=real_tree,forecast_targets=flu,pathogen_inputs=flu,correction_weeks=2,joint_weight=0.05,correction_penalty=30.0,reporting_missingness=0,count_transform=sqrt,ed_transform=logit,loss_weights=flu_hosp_ed,width=96,epochs=160,patience=25,lr=0.002,fit_partition=pathogen,covariate_encoder=summary,covariate_set=kinsa,input_mode=scheduled_final,input_normalization=b0,evaluation_seasons=recent_two,training_window=recent2,stress_views=1",44
flusight,wk inc flu hosp,2024-2025,natural,all,FluSight-ensemble,1.0871007457124944,5616,calibrated,"pilot_method=two_stage,pilot_nowcaster=real_tree,forecast_targets=flu,pathogen_inputs=flu,correction_weeks=2,joint_weight=0.05,correction_penalty=30.0,reporting_missingness=0,count_transform=sqrt,ed_transform=logit,loss_weights=flu_hosp_ed,width=96,epochs=160,patience=25,lr=0.002,fit_partition=pathogen,covariate_encoder=summary,covariate_set=kinsa,input_mode=scheduled_final,input_normalization=b0,evaluation_seasons=recent_two,training_window=recent2,stress_views=1",44
flusight,wk inc flu hosp,2024-2025,log,all,FluSight-ensemble,1.1969196968981044,5616,calibrated,"pilot_method=two_stage,pilot_nowcaster=real_tree,forecast_targets=flu,pathogen_inputs=flu,correction_weeks=2,joint_weight=0.05,correction_penalty=30.0,reporting_missingness=0,count_transform=sqrt,ed_transform=logit,loss_weights=flu_hosp_ed,width=96,epochs=160,patience=25,lr=0.002,fit_partition=pathogen,covariate_encoder=summary,covariate_set=kinsa,input_mode=scheduled_final,input_normalization=b0,evaluation_seasons=recent_two,training_window=recent2,stress_views=1",44
flusight,wk inc flu hosp,2025-2026,natural,all,FluSight-ensemble,0.8467610847303971,5824,calibrated,"pilot_method=two_stage,pilot_nowcaster=real_tree,forecast_targets=flu,pathogen_inputs=flu,correction_weeks=2,joint_weight=0.05,correction_penalty=30.0,reporting_missingness=0,count_transform=sqrt,ed_transform=logit,loss_weights=flu_hosp_ed,width=96,epochs=160,patience=25,lr=0.002,fit_partition=pathogen,covariate_encoder=summary,covariate_set=kinsa,input_mode=scheduled_final,input_normalization=b0,evaluation_seasons=recent_two,training_window=recent2,stress_views=1",44
flusight,wk inc flu hosp,2025-2026,log,all,FluSight-ensemble,0.9349288619555914,5824,calibrated,"pilot_method=two_stage,pilot_nowcaster=real_tree,forecast_targets=flu,pathogen_inputs=flu,correction_weeks=2,joint_weight=0.05,correction_penalty=30.0,reporting_missingness=0,count_transform=sqrt,ed_transform=logit,loss_weights=flu_hosp_ed,width=96,epochs=160,patience=25,lr=0.002,fit_partition=pathogen,covariate_encoder=summary,covariate_set=kinsa,input_mode=scheduled_final,input_normalization=b0,evaluation_seasons=recent_two,training_window=recent2,stress_views=1",44
flusight,wk inc flu prop ed visits,2025-2026,natural,all,FluSight-ensemble,0.8419998747945575,5768,calibrated,"pilot_method=two_stage,pilot_nowcaster=real_tree,forecast_targets=flu,pathogen_inputs=flu,correction_weeks=2,joint_weight=0.05,correction_penalty=30.0,reporting_missingness=0,count_transform=sqrt,ed_transform=logit,loss_weights=flu_hosp_ed,width=96,epochs=160,patience=25,lr=0.002,fit_partition=pathogen,covariate_encoder=summary,covariate_set=kinsa,input_mode=scheduled_final,input_normalization=b0,evaluation_seasons=recent_two,training_window=recent2,stress_views=1",44
flusight,wk inc flu hosp,2024-2025,natural,all,FluSight-ensemble,0.9893155795918376,5616,delayed,"pilot_method=two_stage,pilot_nowcaster=real_tree,forecast_targets=flu,pathogen_inputs=flu,correction_weeks=2,joint_weight=0.05,correction_penalty=30.0,reporting_missingness=0,count_transform=sqrt,ed_transform=logit,loss_weights=flu_hosp_ed,width=96,epochs=160,patience=25,lr=0.002,fit_partition=pathogen,covariate_encoder=summary,covariate_set=kinsa,input_mode=scheduled_final,input_normalization=b0,evaluation_seasons=recent_two,training_window=recent2,stress_views=1",44
flusight,wk inc flu hosp,2024-2025,log,all,FluSight-ensemble,1.0307452028259831,5616,delayed,"pilot_method=two_stage,pilot_nowcaster=real_tree,forecast_targets=flu,pathogen_inputs=flu,correction_weeks=2,joint_weight=0.05,correction_penalty=30.0,reporting_missingness=0,count_transform=sqrt,ed_transform=logit,loss_weights=flu_hosp_ed,width=96,epochs=160,patience=25,lr=0.002,fit_partition=pathogen,covariate_encoder=summary,covariate_set=kinsa,input_mode=scheduled_final,input_normalization=b0,evaluation_seasons=recent_two,training_window=recent2,stress_views=1",44
flusight,wk inc flu hosp,2025-2026,natural,all,FluSight-ensemble,1.3107564870145696,5824,delayed,"pilot_method=two_stage,pilot_nowcaster=real_tree,forecast_targets=flu,pathogen_inputs=flu,correction_weeks=2,joint_weight=0.05,correction_penalty=30.0,reporting_missingness=0,count_transform=sqrt,ed_transform=logit,loss_weights=flu_hosp_ed,width=96,epochs=160,patience=25,lr=0.002,fit_partition=pathogen,covariate_encoder=summary,covariate_set=kinsa,input_mode=scheduled_final,input_normalization=b0,evaluation_seasons=recent_two,training_window=recent2,stress_views=1",44
flusight,wk inc flu hosp,2025-2026,log,all,FluSight-ensemble,1.1936195497144335,5824,delayed,"pilot_method=two_stage,pilot_nowcaster=real_tree,forecast_targets=flu,pathogen_inputs=flu,correction_weeks=2,joint_weight=0.05,correction_penalty=30.0,reporting_missingness=0,count_transform=sqrt,ed_transform=logit,loss_weights=flu_hosp_ed,width=96,epochs=160,patience=25,lr=0.002,fit_partition=pathogen,covariate_encoder=summary,covariate_set=kinsa,input_mode=scheduled_final,input_normalization=b0,evaluation_seasons=recent_two,training_window=recent2,stress_views=1",44
flusight,wk inc flu prop ed visits,2025-2026,natural,all,FluSight-ensemble,0.8698090422772737,5768,delayed,"pilot_method=two_stage,pilot_nowcaster=real_tree,forecast_targets=flu,pathogen_inputs=flu,correction_weeks=2,joint_weight=0.05,correction_penalty=30.0,reporting_missingness=0,count_transform=sqrt,ed_transform=logit,loss_weights=flu_hosp_ed,width=96,epochs=160,patience=25,lr=0.002,fit_partition=pathogen,covariate_encoder=summary,covariate_set=kinsa,input_mode=scheduled_final,input_normalization=b0,evaluation_seasons=recent_two,training_window=recent2,stress_views=1",44
flusight,wk inc flu hosp,2024-2025,natural,all,FluSight-ensemble,1.003294111602632,5616,nokinsa,"pilot_method=two_stage,pilot_nowcaster=real_tree,forecast_targets=flu,pathogen_inputs=flu,correction_weeks=2,joint_weight=0.05,correction_penalty=30.0,reporting_missingness=0,count_transform=sqrt,ed_transform=logit,loss_weights=flu_hosp_ed,width=96,epochs=160,patience=25,lr=0.002,fit_partition=pathogen,covariate_encoder=summary,covariate_set=kinsa,input_mode=scheduled_final,input_normalization=b0,evaluation_seasons=recent_two,training_window=recent2,stress_views=1",44
flusight,wk inc flu hosp,2024-2025,log,all,FluSight-ensemble,1.104044274007799,5616,nokinsa,"pilot_method=two_stage,pilot_nowcaster=real_tree,forecast_targets=flu,pathogen_inputs=flu,correction_weeks=2,joint_weight=0.05,correction_penalty=30.0,reporting_missingness=0,count_transform=sqrt,ed_transform=logit,loss_weights=flu_hosp_ed,width=96,epochs=160,patience=25,lr=0.002,fit_partition=pathogen,covariate_encoder=summary,covariate_set=kinsa,input_mode=scheduled_final,input_normalization=b0,evaluation_seasons=recent_two,training_window=recent2,stress_views=1",44
flusight,wk inc flu hosp,2025-2026,natural,all,FluSight-ensemble,0.953523630434132,5824,nokinsa,"pilot_method=two_stage,pilot_nowcaster=real_tree,forecast_targets=flu,pathogen_inputs=flu,correction_weeks=2,joint_weight=0.05,correction_penalty=30.0,reporting_missingness=0,count_transform=sqrt,ed_transform=logit,loss_weights=flu_hosp_ed,width=96,epochs=160,patience=25,lr=0.002,fit_partition=pathogen,covariate_encoder=summary,covariate_set=kinsa,input_mode=scheduled_final,input_normalization=b0,evaluation_seasons=recent_two,training_window=recent2,stress_views=1",44
flusight,wk inc flu hosp,2025-2026,log,all,FluSight-ensemble,0.9623389989962086,5824,nokinsa,"pilot_method=two_stage,pilot_nowcaster=real_tree,forecast_targets=flu,pathogen_inputs=flu,correction_weeks=2,joint_weight=0.05,correction_penalty=30.0,reporting_missingness=0,count_transform=sqrt,ed_transform=logit,loss_weights=flu_hosp_ed,width=96,epochs=160,patience=25,lr=0.002,fit_partition=pathogen,covariate_encoder=summary,covariate_set=kinsa,input_mode=scheduled_final,input_normalization=b0,evaluation_seasons=recent_two,training_window=recent2,stress_views=1",44
flusight,wk inc flu prop ed visits,2025-2026,natural,all,FluSight-ensemble,0.8857623389726472,5768,nokinsa,"pilot_method=two_stage,pilot_nowcaster=real_tree,forecast_targets=flu,pathogen_inputs=flu,correction_weeks=2,joint_weight=0.05,correction_penalty=30.0,reporting_missingness=0,count_transform=sqrt,ed_transform=logit,loss_weights=flu_hosp_ed,width=96,epochs=160,patience=25,lr=0.002,fit_partition=pathogen,covariate_encoder=summary,covariate_set=kinsa,input_mode=scheduled_final,input_normalization=b0,evaluation_seasons=recent_two,training_window=recent2,stress_views=1",44
flusight,wk inc flu hosp,2024-2025,natural,all,FluSight-ensemble,1.0431829078626125,5616,raw,"pilot_method=two_stage,pilot_nowcaster=real_tree,forecast_targets=flu,pathogen_inputs=flu,correction_weeks=2,joint_weight=0.05,correction_penalty=30.0,reporting_missingness=0,count_transform=sqrt,ed_transform=logit,loss_weights=flu_hosp_ed,width=96,epochs=160,patience=25,lr=0.002,fit_partition=pathogen,covariate_encoder=summary,covariate_set=kinsa,input_mode=scheduled_final,input_normalization=b0,evaluation_seasons=recent_two,training_window=recent2,stress_views=1",45
flusight,wk inc flu hosp,2024-2025,log,all,FluSight-ensemble,1.0653118155579644,5616,raw,"pilot_method=two_stage,pilot_nowcaster=real_tree,forecast_targets=flu,pathogen_inputs=flu,correction_weeks=2,joint_weight=0.05,correction_penalty=30.0,reporting_missingness=0,count_transform=sqrt,ed_transform=logit,loss_weights=flu_hosp_ed,width=96,epochs=160,patience=25,lr=0.002,fit_partition=pathogen,covariate_encoder=summary,covariate_set=kinsa,input_mode=scheduled_final,input_normalization=b0,evaluation_seasons=recent_two,training_window=recent2,stress_views=1",45
flusight,wk inc flu hosp,2025-2026,natural,all,FluSight-ensemble,0.9304963355479836,5824,raw,"pilot_method=two_stage,pilot_nowcaster=real_tree,forecast_targets=flu,pathogen_inputs=flu,correction_weeks=2,joint_weight=0.05,correction_penalty=30.0,reporting_missingness=0,count_transform=sqrt,ed_transform=logit,loss_weights=flu_hosp_ed,width=96,epochs=160,patience=25,lr=0.002,fit_partition=pathogen,covariate_encoder=summary,covariate_set=kinsa,input_mode=scheduled_final,input_normalization=b0,evaluation_seasons=recent_two,training_window=recent2,stress_views=1",45
flusight,wk inc flu hosp,2025-2026,log,all,FluSight-ensemble,0.9517497423297298,5824,raw,"pilot_method=two_stage,pilot_nowcaster=real_tree,forecast_targets=flu,pathogen_inputs=flu,correction_weeks=2,joint_weight=0.05,correction_penalty=30.0,reporting_missingness=0,count_transform=sqrt,ed_transform=logit,loss_weights=flu_hosp_ed,width=96,epochs=160,patience=25,lr=0.002,fit_partition=pathogen,covariate_encoder=summary,covariate_set=kinsa,input_mode=scheduled_final,input_normalization=b0,evaluation_seasons=recent_two,training_window=recent2,stress_views=1",45
flusight,wk inc flu prop ed visits,2025-2026,natural,all,FluSight-ensemble,1.0143891477456315,5768,raw,"pilot_method=two_stage,pilot_nowcaster=real_tree,forecast_targets=flu,pathogen_inputs=flu,correction_weeks=2,joint_weight=0.05,correction_penalty=30.0,reporting_missingness=0,count_transform=sqrt,ed_transform=logit,loss_weights=flu_hosp_ed,width=96,epochs=160,patience=25,lr=0.002,fit_partition=pathogen,covariate_encoder=summary,covariate_set=kinsa,input_mode=scheduled_final,input_normalization=b0,evaluation_seasons=recent_two,training_window=recent2,stress_views=1",45
flusight,wk inc flu hosp,2024-2025,natural,all,FluSight-ensemble,1.038846919749446,5616,half,"pilot_method=two_stage,pilot_nowcaster=real_tree,forecast_targets=flu,pathogen_inputs=flu,correction_weeks=2,joint_weight=0.05,correction_penalty=30.0,reporting_missingness=0,count_transform=sqrt,ed_transform=logit,loss_weights=flu_hosp_ed,width=96,epochs=160,patience=25,lr=0.002,fit_partition=pathogen,covariate_encoder=summary,covariate_set=kinsa,input_mode=scheduled_final,input_normalization=b0,evaluation_seasons=recent_two,training_window=recent2,stress_views=1",45
flusight,wk inc flu hosp,2024-2025,log,all,FluSight-ensemble,1.0595297993457076,5616,half,"pilot_method=two_stage,pilot_nowcaster=real_tree,forecast_targets=flu,pathogen_inputs=flu,correction_weeks=2,joint_weight=0.05,correction_penalty=30.0,reporting_missingness=0,count_transform=sqrt,ed_transform=logit,loss_weights=flu_hosp_ed,width=96,epochs=160,patience=25,lr=0.002,fit_partition=pathogen,covariate_encoder=summary,covariate_set=kinsa,input_mode=scheduled_final,input_normalization=b0,evaluation_seasons=recent_two,training_window=recent2,stress_views=1",45
flusight,wk inc flu hosp,2025-2026,natural,all,FluSight-ensemble,0.9516743672410388,5824,half,"pilot_method=two_stage,pilot_nowcaster=real_tree,forecast_targets=flu,pathogen_inputs=flu,correction_weeks=2,joint_weight=0.05,correction_penalty=30.0,reporting_missingness=0,count_transform=sqrt,ed_transform=logit,loss_weights=flu_hosp_ed,width=96,epochs=160,patience=25,lr=0.002,fit_partition=pathogen,covariate_encoder=summary,covariate_set=kinsa,input_mode=scheduled_final,input_normalization=b0,evaluation_seasons=recent_two,training_window=recent2,stress_views=1",45
flusight,wk inc flu hosp,2025-2026,log,all,FluSight-ensemble,0.9420851746341224,5824,half,"pilot_method=two_stage,pilot_nowcaster=real_tree,forecast_targets=flu,pathogen_inputs=flu,correction_weeks=2,joint_weight=0.05,correction_penalty=30.0,reporting_missingness=0,count_transform=sqrt,ed_transform=logit,loss_weights=flu_hosp_ed,width=96,epochs=160,patience=25,lr=0.002,fit_partition=pathogen,covariate_encoder=summary,covariate_set=kinsa,input_mode=scheduled_final,input_normalization=b0,evaluation_seasons=recent_two,training_window=recent2,stress_views=1",45
flusight,wk inc flu prop ed visits,2025-2026,natural,all,FluSight-ensemble,1.010865854046189,5768,half,"pilot_method=two_stage,pilot_nowcaster=real_tree,forecast_targets=flu,pathogen_inputs=flu,correction_weeks=2,joint_weight=0.05,correction_penalty=30.0,reporting_missingness=0,count_transform=sqrt,ed_transform=logit,loss_weights=flu_hosp_ed,width=96,epochs=160,patience=25,lr=0.002,fit_partition=pathogen,covariate_encoder=summary,covariate_set=kinsa,input_mode=scheduled_final,input_normalization=b0,evaluation_seasons=recent_two,training_window=recent2,stress_views=1",45
flusight,wk inc flu hosp,2024-2025,natural,all,FluSight-ensemble,1.034653752362084,5616,corrected,"pilot_method=two_stage,pilot_nowcaster=real_tree,forecast_targets=flu,pathogen_inputs=flu,correction_weeks=2,joint_weight=0.05,correction_penalty=30.0,reporting_missingness=0,count_transform=sqrt,ed_transform=logit,loss_weights=flu_hosp_ed,width=96,epochs=160,patience=25,lr=0.002,fit_partition=pathogen,covariate_encoder=summary,covariate_set=kinsa,input_mode=scheduled_final,input_normalization=b0,evaluation_seasons=recent_two,training_window=recent2,stress_views=1",45
flusight,wk inc flu hosp,2024-2025,log,all,FluSight-ensemble,1.054141520605887,5616,corrected,"pilot_method=two_stage,pilot_nowcaster=real_tree,forecast_targets=flu,pathogen_inputs=flu,correction_weeks=2,joint_weight=0.05,correction_penalty=30.0,reporting_missingness=0,count_transform=sqrt,ed_transform=logit,loss_weights=flu_hosp_ed,width=96,epochs=160,patience=25,lr=0.002,fit_partition=pathogen,covariate_encoder=summary,covariate_set=kinsa,input_mode=scheduled_final,input_normalization=b0,evaluation_seasons=recent_two,training_window=recent2,stress_views=1",45
flusight,wk inc flu hosp,2025-2026,natural,all,FluSight-ensemble,0.983353887874438,5824,corrected,"pilot_method=two_stage,pilot_nowcaster=real_tree,forecast_targets=flu,pathogen_inputs=flu,correction_weeks=2,joint_weight=0.05,correction_penalty=30.0,reporting_missingness=0,count_transform=sqrt,ed_transform=logit,loss_weights=flu_hosp_ed,width=96,epochs=160,patience=25,lr=0.002,fit_partition=pathogen,covariate_encoder=summary,covariate_set=kinsa,input_mode=scheduled_final,input_normalization=b0,evaluation_seasons=recent_two,training_window=recent2,stress_views=1",45
flusight,wk inc flu hosp,2025-2026,log,all,FluSight-ensemble,0.9454074856945236,5824,corrected,"pilot_method=two_stage,pilot_nowcaster=real_tree,forecast_targets=flu,pathogen_inputs=flu,correction_weeks=2,joint_weight=0.05,correction_penalty=30.0,reporting_missingness=0,count_transform=sqrt,ed_transform=logit,loss_weights=flu_hosp_ed,width=96,epochs=160,patience=25,lr=0.002,fit_partition=pathogen,covariate_encoder=summary,covariate_set=kinsa,input_mode=scheduled_final,input_normalization=b0,evaluation_seasons=recent_two,training_window=recent2,stress_views=1",45
flusight,wk inc flu prop ed visits,2025-2026,natural,all,FluSight-ensemble,1.0074845187378454,5768,corrected,"pilot_method=two_stage,pilot_nowcaster=real_tree,forecast_targets=flu,pathogen_inputs=flu,correction_weeks=2,joint_weight=0.05,correction_penalty=30.0,reporting_missingness=0,count_transform=sqrt,ed_transform=logit,loss_weights=flu_hosp_ed,width=96,epochs=160,patience=25,lr=0.002,fit_partition=pathogen,covariate_encoder=summary,covariate_set=kinsa,input_mode=scheduled_final,input_normalization=b0,evaluation_seasons=recent_two,training_window=recent2,stress_views=1",45
flusight,wk inc flu hosp,2024-2025,natural,all,FluSight-ensemble,1.0106453433062146,5616,calibrated,"pilot_method=two_stage,pilot_nowcaster=real_tree,forecast_targets=flu,pathogen_inputs=flu,correction_weeks=2,joint_weight=0.05,correction_penalty=30.0,reporting_missingness=0,count_transform=sqrt,ed_transform=logit,loss_weights=flu_hosp_ed,width=96,epochs=160,patience=25,lr=0.002,fit_partition=pathogen,covariate_encoder=summary,covariate_set=kinsa,input_mode=scheduled_final,input_normalization=b0,evaluation_seasons=recent_two,training_window=recent2,stress_views=1",45
flusight,wk inc flu hosp,2024-2025,log,all,FluSight-ensemble,1.0516788266919108,5616,calibrated,"pilot_method=two_stage,pilot_nowcaster=real_tree,forecast_targets=flu,pathogen_inputs=flu,correction_weeks=2,joint_weight=0.05,correction_penalty=30.0,reporting_missingness=0,count_transform=sqrt,ed_transform=logit,loss_weights=flu_hosp_ed,width=96,epochs=160,patience=25,lr=0.002,fit_partition=pathogen,covariate_encoder=summary,covariate_set=kinsa,input_mode=scheduled_final,input_normalization=b0,evaluation_seasons=recent_two,training_window=recent2,stress_views=1",45
flusight,wk inc flu hosp,2025-2026,natural,all,FluSight-ensemble,0.9952634636580192,5824,calibrated,"pilot_method=two_stage,pilot_nowcaster=real_tree,forecast_targets=flu,pathogen_inputs=flu,correction_weeks=2,joint_weight=0.05,correction_penalty=30.0,reporting_missingness=0,count_transform=sqrt,ed_transform=logit,loss_weights=flu_hosp_ed,width=96,epochs=160,patience=25,lr=0.002,fit_partition=pathogen,covariate_encoder=summary,covariate_set=kinsa,input_mode=scheduled_final,input_normalization=b0,evaluation_seasons=recent_two,training_window=recent2,stress_views=1",45
flusight,wk inc flu hosp,2025-2026,log,all,FluSight-ensemble,0.9533880635375364,5824,calibrated,"pilot_method=two_stage,pilot_nowcaster=real_tree,forecast_targets=flu,pathogen_inputs=flu,correction_weeks=2,joint_weight=0.05,correction_penalty=30.0,reporting_missingness=0,count_transform=sqrt,ed_transform=logit,loss_weights=flu_hosp_ed,width=96,epochs=160,patience=25,lr=0.002,fit_partition=pathogen,covariate_encoder=summary,covariate_set=kinsa,input_mode=scheduled_final,input_normalization=b0,evaluation_seasons=recent_two,training_window=recent2,stress_views=1",45
flusight,wk inc flu prop ed visits,2025-2026,natural,all,FluSight-ensemble,0.9954550015546384,5768,calibrated,"pilot_method=two_stage,pilot_nowcaster=real_tree,forecast_targets=flu,pathogen_inputs=flu,correction_weeks=2,joint_weight=0.05,correction_penalty=30.0,reporting_missingness=0,count_transform=sqrt,ed_transform=logit,loss_weights=flu_hosp_ed,width=96,epochs=160,patience=25,lr=0.002,fit_partition=pathogen,covariate_encoder=summary,covariate_set=kinsa,input_mode=scheduled_final,input_normalization=b0,evaluation_seasons=recent_two,training_window=recent2,stress_views=1",45
flusight,wk inc flu hosp,2024-2025,natural,all,FluSight-ensemble,1.012028320142435,5616,delayed,"pilot_method=two_stage,pilot_nowcaster=real_tree,forecast_targets=flu,pathogen_inputs=flu,correction_weeks=2,joint_weight=0.05,correction_penalty=30.0,reporting_missingness=0,count_transform=sqrt,ed_transform=logit,loss_weights=flu_hosp_ed,width=96,epochs=160,patience=25,lr=0.002,fit_partition=pathogen,covariate_encoder=summary,covariate_set=kinsa,input_mode=scheduled_final,input_normalization=b0,evaluation_seasons=recent_two,training_window=recent2,stress_views=1",45
flusight,wk inc flu hosp,2024-2025,log,all,FluSight-ensemble,1.0148371910743557,5616,delayed,"pilot_method=two_stage,pilot_nowcaster=real_tree,forecast_targets=flu,pathogen_inputs=flu,correction_weeks=2,joint_weight=0.05,correction_penalty=30.0,reporting_missingness=0,count_transform=sqrt,ed_transform=logit,loss_weights=flu_hosp_ed,width=96,epochs=160,patience=25,lr=0.002,fit_partition=pathogen,covariate_encoder=summary,covariate_set=kinsa,input_mode=scheduled_final,input_normalization=b0,evaluation_seasons=recent_two,training_window=recent2,stress_views=1",45
flusight,wk inc flu hosp,2025-2026,natural,all,FluSight-ensemble,1.351087927592781,5824,delayed,"pilot_method=two_stage,pilot_nowcaster=real_tree,forecast_targets=flu,pathogen_inputs=flu,correction_weeks=2,joint_weight=0.05,correction_penalty=30.0,reporting_missingness=0,count_transform=sqrt,ed_transform=logit,loss_weights=flu_hosp_ed,width=96,epochs=160,patience=25,lr=0.002,fit_partition=pathogen,covariate_encoder=summary,covariate_set=kinsa,input_mode=scheduled_final,input_normalization=b0,evaluation_seasons=recent_two,training_window=recent2,stress_views=1",45
flusight,wk inc flu hosp,2025-2026,log,all,FluSight-ensemble,1.2450092226064151,5824,delayed,"pilot_method=two_stage,pilot_nowcaster=real_tree,forecast_targets=flu,pathogen_inputs=flu,correction_weeks=2,joint_weight=0.05,correction_penalty=30.0,reporting_missingness=0,count_transform=sqrt,ed_transform=logit,loss_weights=flu_hosp_ed,width=96,epochs=160,patience=25,lr=0.002,fit_partition=pathogen,covariate_encoder=summary,covariate_set=kinsa,input_mode=scheduled_final,input_normalization=b0,evaluation_seasons=recent_two,training_window=recent2,stress_views=1",45
flusight,wk inc flu prop ed visits,2025-2026,natural,all,FluSight-ensemble,1.043194460706191,5768,delayed,"pilot_method=two_stage,pilot_nowcaster=real_tree,forecast_targets=flu,pathogen_inputs=flu,correction_weeks=2,joint_weight=0.05,correction_penalty=30.0,reporting_missingness=0,count_transform=sqrt,ed_transform=logit,loss_weights=flu_hosp_ed,width=96,epochs=160,patience=25,lr=0.002,fit_partition=pathogen,covariate_encoder=summary,covariate_set=kinsa,input_mode=scheduled_final,input_normalization=b0,evaluation_seasons=recent_two,training_window=recent2,stress_views=1",45
flusight,wk inc flu hosp,2024-2025,natural,all,FluSight-ensemble,0.9762644146049928,5616,nokinsa,"pilot_method=two_stage,pilot_nowcaster=real_tree,forecast_targets=flu,pathogen_inputs=flu,correction_weeks=2,joint_weight=0.05,correction_penalty=30.0,reporting_missingness=0,count_transform=sqrt,ed_transform=logit,loss_weights=flu_hosp_ed,width=96,epochs=160,patience=25,lr=0.002,fit_partition=pathogen,covariate_encoder=summary,covariate_set=kinsa,input_mode=scheduled_final,input_normalization=b0,evaluation_seasons=recent_two,training_window=recent2,stress_views=1",45
flusight,wk inc flu hosp,2024-2025,log,all,FluSight-ensemble,1.0217368526208617,5616,nokinsa,"pilot_method=two_stage,pilot_nowcaster=real_tree,forecast_targets=flu,pathogen_inputs=flu,correction_weeks=2,joint_weight=0.05,correction_penalty=30.0,reporting_missingness=0,count_transform=sqrt,ed_transform=logit,loss_weights=flu_hosp_ed,width=96,epochs=160,patience=25,lr=0.002,fit_partition=pathogen,covariate_encoder=summary,covariate_set=kinsa,input_mode=scheduled_final,input_normalization=b0,evaluation_seasons=recent_two,training_window=recent2,stress_views=1",45
flusight,wk inc flu hosp,2025-2026,natural,all,FluSight-ensemble,1.0447850696011838,5824,nokinsa,"pilot_method=two_stage,pilot_nowcaster=real_tree,forecast_targets=flu,pathogen_inputs=flu,correction_weeks=2,joint_weight=0.05,correction_penalty=30.0,reporting_missingness=0,count_transform=sqrt,ed_transform=logit,loss_weights=flu_hosp_ed,width=96,epochs=160,patience=25,lr=0.002,fit_partition=pathogen,covariate_encoder=summary,covariate_set=kinsa,input_mode=scheduled_final,input_normalization=b0,evaluation_seasons=recent_two,training_window=recent2,stress_views=1",45
flusight,wk inc flu hosp,2025-2026,log,all,FluSight-ensemble,0.9605242493949526,5824,nokinsa,"pilot_method=two_stage,pilot_nowcaster=real_tree,forecast_targets=flu,pathogen_inputs=flu,correction_weeks=2,joint_weight=0.05,correction_penalty=30.0,reporting_missingness=0,count_transform=sqrt,ed_transform=logit,loss_weights=flu_hosp_ed,width=96,epochs=160,patience=25,lr=0.002,fit_partition=pathogen,covariate_encoder=summary,covariate_set=kinsa,input_mode=scheduled_final,input_normalization=b0,evaluation_seasons=recent_two,training_window=recent2,stress_views=1",45
flusight,wk inc flu prop ed visits,2025-2026,natural,all,FluSight-ensemble,1.0533693382509377,5768,nokinsa,"pilot_method=two_stage,pilot_nowcaster=real_tree,forecast_targets=flu,pathogen_inputs=flu,correction_weeks=2,joint_weight=0.05,correction_penalty=30.0,reporting_missingness=0,count_transform=sqrt,ed_transform=logit,loss_weights=flu_hosp_ed,width=96,epochs=160,patience=25,lr=0.002,fit_partition=pathogen,covariate_encoder=summary,covariate_set=kinsa,input_mode=scheduled_final,input_normalization=b0,evaluation_seasons=recent_two,training_window=recent2,stress_views=1",45
flusight,wk inc flu hosp,2024-2025,natural,all,FluSight-ensemble,1.1061117522902943,5616,raw,"pilot_method=two_stage,pilot_nowcaster=real_tree,forecast_targets=flu,pathogen_inputs=flu,correction_weeks=2,joint_weight=0.05,correction_penalty=30.0,reporting_missingness=0,count_transform=sqrt,ed_transform=logit,loss_weights=flu_hosp_ed,width=96,epochs=160,patience=25,lr=0.002,fit_partition=pathogen,covariate_encoder=summary,covariate_set=kinsa,input_mode=scheduled_final,input_normalization=b0,evaluation_seasons=recent_two,training_window=recent2,stress_views=1",46
flusight,wk inc flu hosp,2024-2025,log,all,FluSight-ensemble,1.105549641748758,5616,raw,"pilot_method=two_stage,pilot_nowcaster=real_tree,forecast_targets=flu,pathogen_inputs=flu,correction_weeks=2,joint_weight=0.05,correction_penalty=30.0,reporting_missingness=0,count_transform=sqrt,ed_transform=logit,loss_weights=flu_hosp_ed,width=96,epochs=160,patience=25,lr=0.002,fit_partition=pathogen,covariate_encoder=summary,covariate_set=kinsa,input_mode=scheduled_final,input_normalization=b0,evaluation_seasons=recent_two,training_window=recent2,stress_views=1",46
flusight,wk inc flu hosp,2025-2026,natural,all,FluSight-ensemble,0.8698888340676709,5824,raw,"pilot_method=two_stage,pilot_nowcaster=real_tree,forecast_targets=flu,pathogen_inputs=flu,correction_weeks=2,joint_weight=0.05,correction_penalty=30.0,reporting_missingness=0,count_transform=sqrt,ed_transform=logit,loss_weights=flu_hosp_ed,width=96,epochs=160,patience=25,lr=0.002,fit_partition=pathogen,covariate_encoder=summary,covariate_set=kinsa,input_mode=scheduled_final,input_normalization=b0,evaluation_seasons=recent_two,training_window=recent2,stress_views=1",46
flusight,wk inc flu hosp,2025-2026,log,all,FluSight-ensemble,0.961343529480532,5824,raw,"pilot_method=two_stage,pilot_nowcaster=real_tree,forecast_targets=flu,pathogen_inputs=flu,correction_weeks=2,joint_weight=0.05,correction_penalty=30.0,reporting_missingness=0,count_transform=sqrt,ed_transform=logit,loss_weights=flu_hosp_ed,width=96,epochs=160,patience=25,lr=0.002,fit_partition=pathogen,covariate_encoder=summary,covariate_set=kinsa,input_mode=scheduled_final,input_normalization=b0,evaluation_seasons=recent_two,training_window=recent2,stress_views=1",46
flusight,wk inc flu prop ed visits,2025-2026,natural,all,FluSight-ensemble,0.9311580713481852,5768,raw,"pilot_method=two_stage,pilot_nowcaster=real_tree,forecast_targets=flu,pathogen_inputs=flu,correction_weeks=2,joint_weight=0.05,correction_penalty=30.0,reporting_missingness=0,count_transform=sqrt,ed_transform=logit,loss_weights=flu_hosp_ed,width=96,epochs=160,patience=25,lr=0.002,fit_partition=pathogen,covariate_encoder=summary,covariate_set=kinsa,input_mode=scheduled_final,input_normalization=b0,evaluation_seasons=recent_two,training_window=recent2,stress_views=1",46
flusight,wk inc flu hosp,2024-2025,natural,all,FluSight-ensemble,1.1018106795169933,5616,half,"pilot_method=two_stage,pilot_nowcaster=real_tree,forecast_targets=flu,pathogen_inputs=flu,correction_weeks=2,joint_weight=0.05,correction_penalty=30.0,reporting_missingness=0,count_transform=sqrt,ed_transform=logit,loss_weights=flu_hosp_ed,width=96,epochs=160,patience=25,lr=0.002,fit_partition=pathogen,covariate_encoder=summary,covariate_set=kinsa,input_mode=scheduled_final,input_normalization=b0,evaluation_seasons=recent_two,training_window=recent2,stress_views=1",46
flusight,wk inc flu hosp,2024-2025,log,all,FluSight-ensemble,1.1002392199119575,5616,half,"pilot_method=two_stage,pilot_nowcaster=real_tree,forecast_targets=flu,pathogen_inputs=flu,correction_weeks=2,joint_weight=0.05,correction_penalty=30.0,reporting_missingness=0,count_transform=sqrt,ed_transform=logit,loss_weights=flu_hosp_ed,width=96,epochs=160,patience=25,lr=0.002,fit_partition=pathogen,covariate_encoder=summary,covariate_set=kinsa,input_mode=scheduled_final,input_normalization=b0,evaluation_seasons=recent_two,training_window=recent2,stress_views=1",46
flusight,wk inc flu hosp,2025-2026,natural,all,FluSight-ensemble,0.8833014186822683,5824,half,"pilot_method=two_stage,pilot_nowcaster=real_tree,forecast_targets=flu,pathogen_inputs=flu,correction_weeks=2,joint_weight=0.05,correction_penalty=30.0,reporting_missingness=0,count_transform=sqrt,ed_transform=logit,loss_weights=flu_hosp_ed,width=96,epochs=160,patience=25,lr=0.002,fit_partition=pathogen,covariate_encoder=summary,covariate_set=kinsa,input_mode=scheduled_final,input_normalization=b0,evaluation_seasons=recent_two,training_window=recent2,stress_views=1",46
flusight,wk inc flu hosp,2025-2026,log,all,FluSight-ensemble,0.9396265301331695,5824,half,"pilot_method=two_stage,pilot_nowcaster=real_tree,forecast_targets=flu,pathogen_inputs=flu,correction_weeks=2,joint_weight=0.05,correction_penalty=30.0,reporting_missingness=0,count_transform=sqrt,ed_transform=logit,loss_weights=flu_hosp_ed,width=96,epochs=160,patience=25,lr=0.002,fit_partition=pathogen,covariate_encoder=summary,covariate_set=kinsa,input_mode=scheduled_final,input_normalization=b0,evaluation_seasons=recent_two,training_window=recent2,stress_views=1",46
flusight,wk inc flu prop ed visits,2025-2026,natural,all,FluSight-ensemble,0.9285607570046416,5768,half,"pilot_method=two_stage,pilot_nowcaster=real_tree,forecast_targets=flu,pathogen_inputs=flu,correction_weeks=2,joint_weight=0.05,correction_penalty=30.0,reporting_missingness=0,count_transform=sqrt,ed_transform=logit,loss_weights=flu_hosp_ed,width=96,epochs=160,patience=25,lr=0.002,fit_partition=pathogen,covariate_encoder=summary,covariate_set=kinsa,input_mode=scheduled_final,input_normalization=b0,evaluation_seasons=recent_two,training_window=recent2,stress_views=1",46
flusight,wk inc flu hosp,2024-2025,natural,all,FluSight-ensemble,1.0977191649539422,5616,corrected,"pilot_method=two_stage,pilot_nowcaster=real_tree,forecast_targets=flu,pathogen_inputs=flu,correction_weeks=2,joint_weight=0.05,correction_penalty=30.0,reporting_missingness=0,count_transform=sqrt,ed_transform=logit,loss_weights=flu_hosp_ed,width=96,epochs=160,patience=25,lr=0.002,fit_partition=pathogen,covariate_encoder=summary,covariate_set=kinsa,input_mode=scheduled_final,input_normalization=b0,evaluation_seasons=recent_two,training_window=recent2,stress_views=1",46
flusight,wk inc flu hosp,2024-2025,log,all,FluSight-ensemble,1.095398379701616,5616,corrected,"pilot_method=two_stage,pilot_nowcaster=real_tree,forecast_targets=flu,pathogen_inputs=flu,correction_weeks=2,joint_weight=0.05,correction_penalty=30.0,reporting_missingness=0,count_transform=sqrt,ed_transform=logit,loss_weights=flu_hosp_ed,width=96,epochs=160,patience=25,lr=0.002,fit_partition=pathogen,covariate_encoder=summary,covariate_set=kinsa,input_mode=scheduled_final,input_normalization=b0,evaluation_seasons=recent_two,training_window=recent2,stress_views=1",46
flusight,wk inc flu hosp,2025-2026,natural,all,FluSight-ensemble,0.9044593577285036,5824,corrected,"pilot_method=two_stage,pilot_nowcaster=real_tree,forecast_targets=flu,pathogen_inputs=flu,correction_weeks=2,joint_weight=0.05,correction_penalty=30.0,reporting_missingness=0,count_transform=sqrt,ed_transform=logit,loss_weights=flu_hosp_ed,width=96,epochs=160,patience=25,lr=0.002,fit_partition=pathogen,covariate_encoder=summary,covariate_set=kinsa,input_mode=scheduled_final,input_normalization=b0,evaluation_seasons=recent_two,training_window=recent2,stress_views=1",46
flusight,wk inc flu hosp,2025-2026,log,all,FluSight-ensemble,0.9281868297371938,5824,corrected,"pilot_method=two_stage,pilot_nowcaster=real_tree,forecast_targets=flu,pathogen_inputs=flu,correction_weeks=2,joint_weight=0.05,correction_penalty=30.0,reporting_missingness=0,count_transform=sqrt,ed_transform=logit,loss_weights=flu_hosp_ed,width=96,epochs=160,patience=25,lr=0.002,fit_partition=pathogen,covariate_encoder=summary,covariate_set=kinsa,input_mode=scheduled_final,input_normalization=b0,evaluation_seasons=recent_two,training_window=recent2,stress_views=1",46
flusight,wk inc flu prop ed visits,2025-2026,natural,all,FluSight-ensemble,0.9263246397969046,5768,corrected,"pilot_method=two_stage,pilot_nowcaster=real_tree,forecast_targets=flu,pathogen_inputs=flu,correction_weeks=2,joint_weight=0.05,correction_penalty=30.0,reporting_missingness=0,count_transform=sqrt,ed_transform=logit,loss_weights=flu_hosp_ed,width=96,epochs=160,patience=25,lr=0.002,fit_partition=pathogen,covariate_encoder=summary,covariate_set=kinsa,input_mode=scheduled_final,input_normalization=b0,evaluation_seasons=recent_two,training_window=recent2,stress_views=1",46
flusight,wk inc flu hosp,2024-2025,natural,all,FluSight-ensemble,1.066218752198931,5616,calibrated,"pilot_method=two_stage,pilot_nowcaster=real_tree,forecast_targets=flu,pathogen_inputs=flu,correction_weeks=2,joint_weight=0.05,correction_penalty=30.0,reporting_missingness=0,count_transform=sqrt,ed_transform=logit,loss_weights=flu_hosp_ed,width=96,epochs=160,patience=25,lr=0.002,fit_partition=pathogen,covariate_encoder=summary,covariate_set=kinsa,input_mode=scheduled_final,input_normalization=b0,evaluation_seasons=recent_two,training_window=recent2,stress_views=1",46
flusight,wk inc flu hosp,2024-2025,log,all,FluSight-ensemble,1.0995443452530549,5616,calibrated,"pilot_method=two_stage,pilot_nowcaster=real_tree,forecast_targets=flu,pathogen_inputs=flu,correction_weeks=2,joint_weight=0.05,correction_penalty=30.0,reporting_missingness=0,count_transform=sqrt,ed_transform=logit,loss_weights=flu_hosp_ed,width=96,epochs=160,patience=25,lr=0.002,fit_partition=pathogen,covariate_encoder=summary,covariate_set=kinsa,input_mode=scheduled_final,input_normalization=b0,evaluation_seasons=recent_two,training_window=recent2,stress_views=1",46
flusight,wk inc flu hosp,2025-2026,natural,all,FluSight-ensemble,0.907859827638148,5824,calibrated,"pilot_method=two_stage,pilot_nowcaster=real_tree,forecast_targets=flu,pathogen_inputs=flu,correction_weeks=2,joint_weight=0.05,correction_penalty=30.0,reporting_missingness=0,count_transform=sqrt,ed_transform=logit,loss_weights=flu_hosp_ed,width=96,epochs=160,patience=25,lr=0.002,fit_partition=pathogen,covariate_encoder=summary,covariate_set=kinsa,input_mode=scheduled_final,input_normalization=b0,evaluation_seasons=recent_two,training_window=recent2,stress_views=1",46
flusight,wk inc flu hosp,2025-2026,log,all,FluSight-ensemble,0.9321689709498916,5824,calibrated,"pilot_method=two_stage,pilot_nowcaster=real_tree,forecast_targets=flu,pathogen_inputs=flu,correction_weeks=2,joint_weight=0.05,correction_penalty=30.0,reporting_missingness=0,count_transform=sqrt,ed_transform=logit,loss_weights=flu_hosp_ed,width=96,epochs=160,patience=25,lr=0.002,fit_partition=pathogen,covariate_encoder=summary,covariate_set=kinsa,input_mode=scheduled_final,input_normalization=b0,evaluation_seasons=recent_two,training_window=recent2,stress_views=1",46
flusight,wk inc flu prop ed visits,2025-2026,natural,all,FluSight-ensemble,0.9407791364336496,5768,calibrated,"pilot_method=two_stage,pilot_nowcaster=real_tree,forecast_targets=flu,pathogen_inputs=flu,correction_weeks=2,joint_weight=0.05,correction_penalty=30.0,reporting_missingness=0,count_transform=sqrt,ed_transform=logit,loss_weights=flu_hosp_ed,width=96,epochs=160,patience=25,lr=0.002,fit_partition=pathogen,covariate_encoder=summary,covariate_set=kinsa,input_mode=scheduled_final,input_normalization=b0,evaluation_seasons=recent_two,training_window=recent2,stress_views=1",46
flusight,wk inc flu hosp,2024-2025,natural,all,FluSight-ensemble,0.995199218261489,5616,delayed,"pilot_method=two_stage,pilot_nowcaster=real_tree,forecast_targets=flu,pathogen_inputs=flu,correction_weeks=2,joint_weight=0.05,correction_penalty=30.0,reporting_missingness=0,count_transform=sqrt,ed_transform=logit,loss_weights=flu_hosp_ed,width=96,epochs=160,patience=25,lr=0.002,fit_partition=pathogen,covariate_encoder=summary,covariate_set=kinsa,input_mode=scheduled_final,input_normalization=b0,evaluation_seasons=recent_two,training_window=recent2,stress_views=1",46
flusight,wk inc flu hosp,2024-2025,log,all,FluSight-ensemble,1.018207695350157,5616,delayed,"pilot_method=two_stage,pilot_nowcaster=real_tree,forecast_targets=flu,pathogen_inputs=flu,correction_weeks=2,joint_weight=0.05,correction_penalty=30.0,reporting_missingness=0,count_transform=sqrt,ed_transform=logit,loss_weights=flu_hosp_ed,width=96,epochs=160,patience=25,lr=0.002,fit_partition=pathogen,covariate_encoder=summary,covariate_set=kinsa,input_mode=scheduled_final,input_normalization=b0,evaluation_seasons=recent_two,training_window=recent2,stress_views=1",46
flusight,wk inc flu hosp,2025-2026,natural,all,FluSight-ensemble,1.274464212411153,5824,delayed,"pilot_method=two_stage,pilot_nowcaster=real_tree,forecast_targets=flu,pathogen_inputs=flu,correction_weeks=2,joint_weight=0.05,correction_penalty=30.0,reporting_missingness=0,count_transform=sqrt,ed_transform=logit,loss_weights=flu_hosp_ed,width=96,epochs=160,patience=25,lr=0.002,fit_partition=pathogen,covariate_encoder=summary,covariate_set=kinsa,input_mode=scheduled_final,input_normalization=b0,evaluation_seasons=recent_two,training_window=recent2,stress_views=1",46
flusight,wk inc flu hosp,2025-2026,log,all,FluSight-ensemble,1.1895971520815842,5824,delayed,"pilot_method=two_stage,pilot_nowcaster=real_tree,forecast_targets=flu,pathogen_inputs=flu,correction_weeks=2,joint_weight=0.05,correction_penalty=30.0,reporting_missingness=0,count_transform=sqrt,ed_transform=logit,loss_weights=flu_hosp_ed,width=96,epochs=160,patience=25,lr=0.002,fit_partition=pathogen,covariate_encoder=summary,covariate_set=kinsa,input_mode=scheduled_final,input_normalization=b0,evaluation_seasons=recent_two,training_window=recent2,stress_views=1",46
flusight,wk inc flu prop ed visits,2025-2026,natural,all,FluSight-ensemble,0.9781269710226632,5768,delayed,"pilot_method=two_stage,pilot_nowcaster=real_tree,forecast_targets=flu,pathogen_inputs=flu,correction_weeks=2,joint_weight=0.05,correction_penalty=30.0,reporting_missingness=0,count_transform=sqrt,ed_transform=logit,loss_weights=flu_hosp_ed,width=96,epochs=160,patience=25,lr=0.002,fit_partition=pathogen,covariate_encoder=summary,covariate_set=kinsa,input_mode=scheduled_final,input_normalization=b0,evaluation_seasons=recent_two,training_window=recent2,stress_views=1",46
flusight,wk inc flu hosp,2024-2025,natural,all,FluSight-ensemble,1.0147502215016917,5616,nokinsa,"pilot_method=two_stage,pilot_nowcaster=real_tree,forecast_targets=flu,pathogen_inputs=flu,correction_weeks=2,joint_weight=0.05,correction_penalty=30.0,reporting_missingness=0,count_transform=sqrt,ed_transform=logit,loss_weights=flu_hosp_ed,width=96,epochs=160,patience=25,lr=0.002,fit_partition=pathogen,covariate_encoder=summary,covariate_set=kinsa,input_mode=scheduled_final,input_normalization=b0,evaluation_seasons=recent_two,training_window=recent2,stress_views=1",46
flusight,wk inc flu hosp,2024-2025,log,all,FluSight-ensemble,1.028340597972799,5616,nokinsa,"pilot_method=two_stage,pilot_nowcaster=real_tree,forecast_targets=flu,pathogen_inputs=flu,correction_weeks=2,joint_weight=0.05,correction_penalty=30.0,reporting_missingness=0,count_transform=sqrt,ed_transform=logit,loss_weights=flu_hosp_ed,width=96,epochs=160,patience=25,lr=0.002,fit_partition=pathogen,covariate_encoder=summary,covariate_set=kinsa,input_mode=scheduled_final,input_normalization=b0,evaluation_seasons=recent_two,training_window=recent2,stress_views=1",46
flusight,wk inc flu hosp,2025-2026,natural,all,FluSight-ensemble,0.9679072197072413,5824,nokinsa,"pilot_method=two_stage,pilot_nowcaster=real_tree,forecast_targets=flu,pathogen_inputs=flu,correction_weeks=2,joint_weight=0.05,correction_penalty=30.0,reporting_missingness=0,count_transform=sqrt,ed_transform=logit,loss_weights=flu_hosp_ed,width=96,epochs=160,patience=25,lr=0.002,fit_partition=pathogen,covariate_encoder=summary,covariate_set=kinsa,input_mode=scheduled_final,input_normalization=b0,evaluation_seasons=recent_two,training_window=recent2,stress_views=1",46
flusight,wk inc flu hosp,2025-2026,log,all,FluSight-ensemble,0.9332123913212008,5824,nokinsa,"pilot_method=two_stage,pilot_nowcaster=real_tree,forecast_targets=flu,pathogen_inputs=flu,correction_weeks=2,joint_weight=0.05,correction_penalty=30.0,reporting_missingness=0,count_transform=sqrt,ed_transform=logit,loss_weights=flu_hosp_ed,width=96,epochs=160,patience=25,lr=0.002,fit_partition=pathogen,covariate_encoder=summary,covariate_set=kinsa,input_mode=scheduled_final,input_normalization=b0,evaluation_seasons=recent_two,training_window=recent2,stress_views=1",46
flusight,wk inc flu prop ed visits,2025-2026,natural,all,FluSight-ensemble,0.9745843318317158,5768,nokinsa,"pilot_method=two_stage,pilot_nowcaster=real_tree,forecast_targets=flu,pathogen_inputs=flu,correction_weeks=2,joint_weight=0.05,correction_penalty=30.0,reporting_missingness=0,count_transform=sqrt,ed_transform=logit,loss_weights=flu_hosp_ed,width=96,epochs=160,patience=25,lr=0.002,fit_partition=pathogen,covariate_encoder=summary,covariate_set=kinsa,input_mode=scheduled_final,input_normalization=b0,evaluation_seasons=recent_two,training_window=recent2,stress_views=1",46
flusight,wk inc flu hosp,2024-2025,natural,all,FluSight-ensemble,0.9152483419948736,5616,raw,"pilot_method=two_stage,pilot_nowcaster=real_tree,forecast_targets=flu,pathogen_inputs=flu,correction_weeks=2,joint_weight=0.05,correction_penalty=30.0,reporting_missingness=0,count_transform=sqrt,ed_transform=logit,loss_weights=flu_hosp_ed,width=96,epochs=160,patience=25,lr=0.002,fit_partition=pathogen,covariate_encoder=summary,covariate_set=kinsa,input_mode=scheduled_final,input_normalization=b0,evaluation_seasons=recent_two,training_window=recent2,stress_views=1",47
flusight,wk inc flu hosp,2024-2025,log,all,FluSight-ensemble,0.9052475278148986,5616,raw,"pilot_method=two_stage,pilot_nowcaster=real_tree,forecast_targets=flu,pathogen_inputs=flu,correction_weeks=2,joint_weight=0.05,correction_penalty=30.0,reporting_missingness=0,count_transform=sqrt,ed_transform=logit,loss_weights=flu_hosp_ed,width=96,epochs=160,patience=25,lr=0.002,fit_partition=pathogen,covariate_encoder=summary,covariate_set=kinsa,input_mode=scheduled_final,input_normalization=b0,evaluation_seasons=recent_two,training_window=recent2,stress_views=1",47
flusight,wk inc flu hosp,2025-2026,natural,all,FluSight-ensemble,0.8753591528235865,5824,raw,"pilot_method=two_stage,pilot_nowcaster=real_tree,forecast_targets=flu,pathogen_inputs=flu,correction_weeks=2,joint_weight=0.05,correction_penalty=30.0,reporting_missingness=0,count_transform=sqrt,ed_transform=logit,loss_weights=flu_hosp_ed,width=96,epochs=160,patience=25,lr=0.002,fit_partition=pathogen,covariate_encoder=summary,covariate_set=kinsa,input_mode=scheduled_final,input_normalization=b0,evaluation_seasons=recent_two,training_window=recent2,stress_views=1",47
flusight,wk inc flu hosp,2025-2026,log,all,FluSight-ensemble,0.945230851997034,5824,raw,"pilot_method=two_stage,pilot_nowcaster=real_tree,forecast_targets=flu,pathogen_inputs=flu,correction_weeks=2,joint_weight=0.05,correction_penalty=30.0,reporting_missingness=0,count_transform=sqrt,ed_transform=logit,loss_weights=flu_hosp_ed,width=96,epochs=160,patience=25,lr=0.002,fit_partition=pathogen,covariate_encoder=summary,covariate_set=kinsa,input_mode=scheduled_final,input_normalization=b0,evaluation_seasons=recent_two,training_window=recent2,stress_views=1",47
flusight,wk inc flu prop ed visits,2025-2026,natural,all,FluSight-ensemble,0.9035310998273824,5768,raw,"pilot_method=two_stage,pilot_nowcaster=real_tree,forecast_targets=flu,pathogen_inputs=flu,correction_weeks=2,joint_weight=0.05,correction_penalty=30.0,reporting_missingness=0,count_transform=sqrt,ed_transform=logit,loss_weights=flu_hosp_ed,width=96,epochs=160,patience=25,lr=0.002,fit_partition=pathogen,covariate_encoder=summary,covariate_set=kinsa,input_mode=scheduled_final,input_normalization=b0,evaluation_seasons=recent_two,training_window=recent2,stress_views=1",47
flusight,wk inc flu hosp,2024-2025,natural,all,FluSight-ensemble,0.911598057640403,5616,half,"pilot_method=two_stage,pilot_nowcaster=real_tree,forecast_targets=flu,pathogen_inputs=flu,correction_weeks=2,joint_weight=0.05,correction_penalty=30.0,reporting_missingness=0,count_transform=sqrt,ed_transform=logit,loss_weights=flu_hosp_ed,width=96,epochs=160,patience=25,lr=0.002,fit_partition=pathogen,covariate_encoder=summary,covariate_set=kinsa,input_mode=scheduled_final,input_normalization=b0,evaluation_seasons=recent_two,training_window=recent2,stress_views=1",47
flusight,wk inc flu hosp,2024-2025,log,all,FluSight-ensemble,0.900864567118733,5616,half,"pilot_method=two_stage,pilot_nowcaster=real_tree,forecast_targets=flu,pathogen_inputs=flu,correction_weeks=2,joint_weight=0.05,correction_penalty=30.0,reporting_missingness=0,count_transform=sqrt,ed_transform=logit,loss_weights=flu_hosp_ed,width=96,epochs=160,patience=25,lr=0.002,fit_partition=pathogen,covariate_encoder=summary,covariate_set=kinsa,input_mode=scheduled_final,input_normalization=b0,evaluation_seasons=recent_two,training_window=recent2,stress_views=1",47
flusight,wk inc flu hosp,2025-2026,natural,all,FluSight-ensemble,0.8814435350280714,5824,half,"pilot_method=two_stage,pilot_nowcaster=real_tree,forecast_targets=flu,pathogen_inputs=flu,correction_weeks=2,joint_weight=0.05,correction_penalty=30.0,reporting_missingness=0,count_transform=sqrt,ed_transform=logit,loss_weights=flu_hosp_ed,width=96,epochs=160,patience=25,lr=0.002,fit_partition=pathogen,covariate_encoder=summary,covariate_set=kinsa,input_mode=scheduled_final,input_normalization=b0,evaluation_seasons=recent_two,training_window=recent2,stress_views=1",47
flusight,wk inc flu hosp,2025-2026,log,all,FluSight-ensemble,0.918591115840112,5824,half,"pilot_method=two_stage,pilot_nowcaster=real_tree,forecast_targets=flu,pathogen_inputs=flu,correction_weeks=2,joint_weight=0.05,correction_penalty=30.0,reporting_missingness=0,count_transform=sqrt,ed_transform=logit,loss_weights=flu_hosp_ed,width=96,epochs=160,patience=25,lr=0.002,fit_partition=pathogen,covariate_encoder=summary,covariate_set=kinsa,input_mode=scheduled_final,input_normalization=b0,evaluation_seasons=recent_two,training_window=recent2,stress_views=1",47
flusight,wk inc flu prop ed visits,2025-2026,natural,all,FluSight-ensemble,0.9024707949982952,5768,half,"pilot_method=two_stage,pilot_nowcaster=real_tree,forecast_targets=flu,pathogen_inputs=flu,correction_weeks=2,joint_weight=0.05,correction_penalty=30.0,reporting_missingness=0,count_transform=sqrt,ed_transform=logit,loss_weights=flu_hosp_ed,width=96,epochs=160,patience=25,lr=0.002,fit_partition=pathogen,covariate_encoder=summary,covariate_set=kinsa,input_mode=scheduled_final,input_normalization=b0,evaluation_seasons=recent_two,training_window=recent2,stress_views=1",47
flusight,wk inc flu hosp,2024-2025,natural,all,FluSight-ensemble,0.9085024258383196,5616,corrected,"pilot_method=two_stage,pilot_nowcaster=real_tree,forecast_targets=flu,pathogen_inputs=flu,correction_weeks=2,joint_weight=0.05,correction_penalty=30.0,reporting_missingness=0,count_transform=sqrt,ed_transform=logit,loss_weights=flu_hosp_ed,width=96,epochs=160,patience=25,lr=0.002,fit_partition=pathogen,covariate_encoder=summary,covariate_set=kinsa,input_mode=scheduled_final,input_normalization=b0,evaluation_seasons=recent_two,training_window=recent2,stress_views=1",47
flusight,wk inc flu hosp,2024-2025,log,all,FluSight-ensemble,0.8973090401684853,5616,corrected,"pilot_method=two_stage,pilot_nowcaster=real_tree,forecast_targets=flu,pathogen_inputs=flu,correction_weeks=2,joint_weight=0.05,correction_penalty=30.0,reporting_missingness=0,count_transform=sqrt,ed_transform=logit,loss_weights=flu_hosp_ed,width=96,epochs=160,patience=25,lr=0.002,fit_partition=pathogen,covariate_encoder=summary,covariate_set=kinsa,input_mode=scheduled_final,input_normalization=b0,evaluation_seasons=recent_two,training_window=recent2,stress_views=1",47
flusight,wk inc flu hosp,2025-2026,natural,all,FluSight-ensemble,0.8998003977128087,5824,corrected,"pilot_method=two_stage,pilot_nowcaster=real_tree,forecast_targets=flu,pathogen_inputs=flu,correction_weeks=2,joint_weight=0.05,correction_penalty=30.0,reporting_missingness=0,count_transform=sqrt,ed_transform=logit,loss_weights=flu_hosp_ed,width=96,epochs=160,patience=25,lr=0.002,fit_partition=pathogen,covariate_encoder=summary,covariate_set=kinsa,input_mode=scheduled_final,input_normalization=b0,evaluation_seasons=recent_two,training_window=recent2,stress_views=1",47
flusight,wk inc flu hosp,2025-2026,log,all,FluSight-ensemble,0.9070416159910362,5824,corrected,"pilot_method=two_stage,pilot_nowcaster=real_tree,forecast_targets=flu,pathogen_inputs=flu,correction_weeks=2,joint_weight=0.05,correction_penalty=30.0,reporting_missingness=0,count_transform=sqrt,ed_transform=logit,loss_weights=flu_hosp_ed,width=96,epochs=160,patience=25,lr=0.002,fit_partition=pathogen,covariate_encoder=summary,covariate_set=kinsa,input_mode=scheduled_final,input_normalization=b0,evaluation_seasons=recent_two,training_window=recent2,stress_views=1",47
flusight,wk inc flu prop ed visits,2025-2026,natural,all,FluSight-ensemble,0.9014820191131186,5768,corrected,"pilot_method=two_stage,pilot_nowcaster=real_tree,forecast_targets=flu,pathogen_inputs=flu,correction_weeks=2,joint_weight=0.05,correction_penalty=30.0,reporting_missingness=0,count_transform=sqrt,ed_transform=logit,loss_weights=flu_hosp_ed,width=96,epochs=160,patience=25,lr=0.002,fit_partition=pathogen,covariate_encoder=summary,covariate_set=kinsa,input_mode=scheduled_final,input_normalization=b0,evaluation_seasons=recent_two,training_window=recent2,stress_views=1",47
flusight,wk inc flu hosp,2024-2025,natural,all,FluSight-ensemble,0.9139898591249112,5616,calibrated,"pilot_method=two_stage,pilot_nowcaster=real_tree,forecast_targets=flu,pathogen_inputs=flu,correction_weeks=2,joint_weight=0.05,correction_penalty=30.0,reporting_missingness=0,count_transform=sqrt,ed_transform=logit,loss_weights=flu_hosp_ed,width=96,epochs=160,patience=25,lr=0.002,fit_partition=pathogen,covariate_encoder=summary,covariate_set=kinsa,input_mode=scheduled_final,input_normalization=b0,evaluation_seasons=recent_two,training_window=recent2,stress_views=1",47
flusight,wk inc flu hosp,2024-2025,log,all,FluSight-ensemble,0.8994567973182093,5616,calibrated,"pilot_method=two_stage,pilot_nowcaster=real_tree,forecast_targets=flu,pathogen_inputs=flu,correction_weeks=2,joint_weight=0.05,correction_penalty=30.0,reporting_missingness=0,count_transform=sqrt,ed_transform=logit,loss_weights=flu_hosp_ed,width=96,epochs=160,patience=25,lr=0.002,fit_partition=pathogen,covariate_encoder=summary,covariate_set=kinsa,input_mode=scheduled_final,input_normalization=b0,evaluation_seasons=recent_two,training_window=recent2,stress_views=1",47
flusight,wk inc flu hosp,2025-2026,natural,all,FluSight-ensemble,0.9015782125927556,5824,calibrated,"pilot_method=two_stage,pilot_nowcaster=real_tree,forecast_targets=flu,pathogen_inputs=flu,correction_weeks=2,joint_weight=0.05,correction_penalty=30.0,reporting_missingness=0,count_transform=sqrt,ed_transform=logit,loss_weights=flu_hosp_ed,width=96,epochs=160,patience=25,lr=0.002,fit_partition=pathogen,covariate_encoder=summary,covariate_set=kinsa,input_mode=scheduled_final,input_normalization=b0,evaluation_seasons=recent_two,training_window=recent2,stress_views=1",47
flusight,wk inc flu hosp,2025-2026,log,all,FluSight-ensemble,0.9085964001195728,5824,calibrated,"pilot_method=two_stage,pilot_nowcaster=real_tree,forecast_targets=flu,pathogen_inputs=flu,correction_weeks=2,joint_weight=0.05,correction_penalty=30.0,reporting_missingness=0,count_transform=sqrt,ed_transform=logit,loss_weights=flu_hosp_ed,width=96,epochs=160,patience=25,lr=0.002,fit_partition=pathogen,covariate_encoder=summary,covariate_set=kinsa,input_mode=scheduled_final,input_normalization=b0,evaluation_seasons=recent_two,training_window=recent2,stress_views=1",47
flusight,wk inc flu prop ed visits,2025-2026,natural,all,FluSight-ensemble,0.8823124370993648,5768,calibrated,"pilot_method=two_stage,pilot_nowcaster=real_tree,forecast_targets=flu,pathogen_inputs=flu,correction_weeks=2,joint_weight=0.05,correction_penalty=30.0,reporting_missingness=0,count_transform=sqrt,ed_transform=logit,loss_weights=flu_hosp_ed,width=96,epochs=160,patience=25,lr=0.002,fit_partition=pathogen,covariate_encoder=summary,covariate_set=kinsa,input_mode=scheduled_final,input_normalization=b0,evaluation_seasons=recent_two,training_window=recent2,stress_views=1",47
flusight,wk inc flu hosp,2024-2025,natural,all,FluSight-ensemble,0.9734473489039648,5616,delayed,"pilot_method=two_stage,pilot_nowcaster=real_tree,forecast_targets=flu,pathogen_inputs=flu,correction_weeks=2,joint_weight=0.05,correction_penalty=30.0,reporting_missingness=0,count_transform=sqrt,ed_transform=logit,loss_weights=flu_hosp_ed,width=96,epochs=160,patience=25,lr=0.002,fit_partition=pathogen,covariate_encoder=summary,covariate_set=kinsa,input_mode=scheduled_final,input_normalization=b0,evaluation_seasons=recent_two,training_window=recent2,stress_views=1",47
flusight,wk inc flu hosp,2024-2025,log,all,FluSight-ensemble,1.0080185139137627,5616,delayed,"pilot_method=two_stage,pilot_nowcaster=real_tree,forecast_targets=flu,pathogen_inputs=flu,correction_weeks=2,joint_weight=0.05,correction_penalty=30.0,reporting_missingness=0,count_transform=sqrt,ed_transform=logit,loss_weights=flu_hosp_ed,width=96,epochs=160,patience=25,lr=0.002,fit_partition=pathogen,covariate_encoder=summary,covariate_set=kinsa,input_mode=scheduled_final,input_normalization=b0,evaluation_seasons=recent_two,training_window=recent2,stress_views=1",47
flusight,wk inc flu hosp,2025-2026,natural,all,FluSight-ensemble,1.2507869925972537,5824,delayed,"pilot_method=two_stage,pilot_nowcaster=real_tree,forecast_targets=flu,pathogen_inputs=flu,correction_weeks=2,joint_weight=0.05,correction_penalty=30.0,reporting_missingness=0,count_transform=sqrt,ed_transform=logit,loss_weights=flu_hosp_ed,width=96,epochs=160,patience=25,lr=0.002,fit_partition=pathogen,covariate_encoder=summary,covariate_set=kinsa,input_mode=scheduled_final,input_normalization=b0,evaluation_seasons=recent_two,training_window=recent2,stress_views=1",47
flusight,wk inc flu hosp,2025-2026,log,all,FluSight-ensemble,1.1795560349989926,5824,delayed,"pilot_method=two_stage,pilot_nowcaster=real_tree,forecast_targets=flu,pathogen_inputs=flu,correction_weeks=2,joint_weight=0.05,correction_penalty=30.0,reporting_missingness=0,count_transform=sqrt,ed_transform=logit,loss_weights=flu_hosp_ed,width=96,epochs=160,patience=25,lr=0.002,fit_partition=pathogen,covariate_encoder=summary,covariate_set=kinsa,input_mode=scheduled_final,input_normalization=b0,evaluation_seasons=recent_two,training_window=recent2,stress_views=1",47
flusight,wk inc flu prop ed visits,2025-2026,natural,all,FluSight-ensemble,0.9321035625329817,5768,delayed,"pilot_method=two_stage,pilot_nowcaster=real_tree,forecast_targets=flu,pathogen_inputs=flu,correction_weeks=2,joint_weight=0.05,correction_penalty=30.0,reporting_missingness=0,count_transform=sqrt,ed_transform=logit,loss_weights=flu_hosp_ed,width=96,epochs=160,patience=25,lr=0.002,fit_partition=pathogen,covariate_encoder=summary,covariate_set=kinsa,input_mode=scheduled_final,input_normalization=b0,evaluation_seasons=recent_two,training_window=recent2,stress_views=1",47
flusight,wk inc flu hosp,2024-2025,natural,all,FluSight-ensemble,0.852497470702133,5616,nokinsa,"pilot_method=two_stage,pilot_nowcaster=real_tree,forecast_targets=flu,pathogen_inputs=flu,correction_weeks=2,joint_weight=0.05,correction_penalty=30.0,reporting_missingness=0,count_transform=sqrt,ed_transform=logit,loss_weights=flu_hosp_ed,width=96,epochs=160,patience=25,lr=0.002,fit_partition=pathogen,covariate_encoder=summary,covariate_set=kinsa,input_mode=scheduled_final,input_normalization=b0,evaluation_seasons=recent_two,training_window=recent2,stress_views=1",47
flusight,wk inc flu hosp,2024-2025,log,all,FluSight-ensemble,0.850032390701728,5616,nokinsa,"pilot_method=two_stage,pilot_nowcaster=real_tree,forecast_targets=flu,pathogen_inputs=flu,correction_weeks=2,joint_weight=0.05,correction_penalty=30.0,reporting_missingness=0,count_transform=sqrt,ed_transform=logit,loss_weights=flu_hosp_ed,width=96,epochs=160,patience=25,lr=0.002,fit_partition=pathogen,covariate_encoder=summary,covariate_set=kinsa,input_mode=scheduled_final,input_normalization=b0,evaluation_seasons=recent_two,training_window=recent2,stress_views=1",47
flusight,wk inc flu hosp,2025-2026,natural,all,FluSight-ensemble,0.9606973885709412,5824,nokinsa,"pilot_method=two_stage,pilot_nowcaster=real_tree,forecast_targets=flu,pathogen_inputs=flu,correction_weeks=2,joint_weight=0.05,correction_penalty=30.0,reporting_missingness=0,count_transform=sqrt,ed_transform=logit,loss_weights=flu_hosp_ed,width=96,epochs=160,patience=25,lr=0.002,fit_partition=pathogen,covariate_encoder=summary,covariate_set=kinsa,input_mode=scheduled_final,input_normalization=b0,evaluation_seasons=recent_two,training_window=recent2,stress_views=1",47
flusight,wk inc flu hosp,2025-2026,log,all,FluSight-ensemble,0.9191716312812788,5824,nokinsa,"pilot_method=two_stage,pilot_nowcaster=real_tree,forecast_targets=flu,pathogen_inputs=flu,correction_weeks=2,joint_weight=0.05,correction_penalty=30.0,reporting_missingness=0,count_transform=sqrt,ed_transform=logit,loss_weights=flu_hosp_ed,width=96,epochs=160,patience=25,lr=0.002,fit_partition=pathogen,covariate_encoder=summary,covariate_set=kinsa,input_mode=scheduled_final,input_normalization=b0,evaluation_seasons=recent_two,training_window=recent2,stress_views=1",47
flusight,wk inc flu prop ed visits,2025-2026,natural,all,FluSight-ensemble,0.941543120850263,5768,nokinsa,"pilot_method=two_stage,pilot_nowcaster=real_tree,forecast_targets=flu,pathogen_inputs=flu,correction_weeks=2,joint_weight=0.05,correction_penalty=30.0,reporting_missingness=0,count_transform=sqrt,ed_transform=logit,loss_weights=flu_hosp_ed,width=96,epochs=160,patience=25,lr=0.002,fit_partition=pathogen,covariate_encoder=summary,covariate_set=kinsa,input_mode=scheduled_final,input_normalization=b0,evaluation_seasons=recent_two,training_window=recent2,stress_views=1",47
flusight,wk inc flu hosp,2024-2025,natural,all,FluSight-ensemble,1.092292262560552,5616,raw,"pilot_method=two_stage,pilot_nowcaster=real_tree,forecast_targets=flu,pathogen_inputs=flu,correction_weeks=2,joint_weight=0.05,correction_penalty=30.0,reporting_missingness=0,count_transform=sqrt,ed_transform=logit,loss_weights=flu_hosp_ed,width=96,epochs=160,patience=25,lr=0.002,fit_partition=pathogen,covariate_encoder=summary,covariate_set=kinsa,input_mode=scheduled_final,input_normalization=b0,evaluation_seasons=recent_two,training_window=recent2,stress_views=1",48
flusight,wk inc flu hosp,2024-2025,log,all,FluSight-ensemble,1.0205721312558096,5616,raw,"pilot_method=two_stage,pilot_nowcaster=real_tree,forecast_targets=flu,pathogen_inputs=flu,correction_weeks=2,joint_weight=0.05,correction_penalty=30.0,reporting_missingness=0,count_transform=sqrt,ed_transform=logit,loss_weights=flu_hosp_ed,width=96,epochs=160,patience=25,lr=0.002,fit_partition=pathogen,covariate_encoder=summary,covariate_set=kinsa,input_mode=scheduled_final,input_normalization=b0,evaluation_seasons=recent_two,training_window=recent2,stress_views=1",48
flusight,wk inc flu hosp,2025-2026,natural,all,FluSight-ensemble,0.8191329005055153,5824,raw,"pilot_method=two_stage,pilot_nowcaster=real_tree,forecast_targets=flu,pathogen_inputs=flu,correction_weeks=2,joint_weight=0.05,correction_penalty=30.0,reporting_missingness=0,count_transform=sqrt,ed_transform=logit,loss_weights=flu_hosp_ed,width=96,epochs=160,patience=25,lr=0.002,fit_partition=pathogen,covariate_encoder=summary,covariate_set=kinsa,input_mode=scheduled_final,input_normalization=b0,evaluation_seasons=recent_two,training_window=recent2,stress_views=1",48
flusight,wk inc flu hosp,2025-2026,log,all,FluSight-ensemble,0.8897345737355274,5824,raw,"pilot_method=two_stage,pilot_nowcaster=real_tree,forecast_targets=flu,pathogen_inputs=flu,correction_weeks=2,joint_weight=0.05,correction_penalty=30.0,reporting_missingness=0,count_transform=sqrt,ed_transform=logit,loss_weights=flu_hosp_ed,width=96,epochs=160,patience=25,lr=0.002,fit_partition=pathogen,covariate_encoder=summary,covariate_set=kinsa,input_mode=scheduled_final,input_normalization=b0,evaluation_seasons=recent_two,training_window=recent2,stress_views=1",48
flusight,wk inc flu prop ed visits,2025-2026,natural,all,FluSight-ensemble,0.8344307808936816,5768,raw,"pilot_method=two_stage,pilot_nowcaster=real_tree,forecast_targets=flu,pathogen_inputs=flu,correction_weeks=2,joint_weight=0.05,correction_penalty=30.0,reporting_missingness=0,count_transform=sqrt,ed_transform=logit,loss_weights=flu_hosp_ed,width=96,epochs=160,patience=25,lr=0.002,fit_partition=pathogen,covariate_encoder=summary,covariate_set=kinsa,input_mode=scheduled_final,input_normalization=b0,evaluation_seasons=recent_two,training_window=recent2,stress_views=1",48
flusight,wk inc flu hosp,2024-2025,natural,all,FluSight-ensemble,1.088151779975768,5616,half,"pilot_method=two_stage,pilot_nowcaster=real_tree,forecast_targets=flu,pathogen_inputs=flu,correction_weeks=2,joint_weight=0.05,correction_penalty=30.0,reporting_missingness=0,count_transform=sqrt,ed_transform=logit,loss_weights=flu_hosp_ed,width=96,epochs=160,patience=25,lr=0.002,fit_partition=pathogen,covariate_encoder=summary,covariate_set=kinsa,input_mode=scheduled_final,input_normalization=b0,evaluation_seasons=recent_two,training_window=recent2,stress_views=1",48
flusight,wk inc flu hosp,2024-2025,log,all,FluSight-ensemble,1.0157066880033148,5616,half,"pilot_method=two_stage,pilot_nowcaster=real_tree,forecast_targets=flu,pathogen_inputs=flu,correction_weeks=2,joint_weight=0.05,correction_penalty=30.0,reporting_missingness=0,count_transform=sqrt,ed_transform=logit,loss_weights=flu_hosp_ed,width=96,epochs=160,patience=25,lr=0.002,fit_partition=pathogen,covariate_encoder=summary,covariate_set=kinsa,input_mode=scheduled_final,input_normalization=b0,evaluation_seasons=recent_two,training_window=recent2,stress_views=1",48
flusight,wk inc flu hosp,2025-2026,natural,all,FluSight-ensemble,0.8354482236169537,5824,half,"pilot_method=two_stage,pilot_nowcaster=real_tree,forecast_targets=flu,pathogen_inputs=flu,correction_weeks=2,joint_weight=0.05,correction_penalty=30.0,reporting_missingness=0,count_transform=sqrt,ed_transform=logit,loss_weights=flu_hosp_ed,width=96,epochs=160,patience=25,lr=0.002,fit_partition=pathogen,covariate_encoder=summary,covariate_set=kinsa,input_mode=scheduled_final,input_normalization=b0,evaluation_seasons=recent_two,training_window=recent2,stress_views=1",48
flusight,wk inc flu hosp,2025-2026,log,all,FluSight-ensemble,0.8701140135932741,5824,half,"pilot_method=two_stage,pilot_nowcaster=real_tree,forecast_targets=flu,pathogen_inputs=flu,correction_weeks=2,joint_weight=0.05,correction_penalty=30.0,reporting_missingness=0,count_transform=sqrt,ed_transform=logit,loss_weights=flu_hosp_ed,width=96,epochs=160,patience=25,lr=0.002,fit_partition=pathogen,covariate_encoder=summary,covariate_set=kinsa,input_mode=scheduled_final,input_normalization=b0,evaluation_seasons=recent_two,training_window=recent2,stress_views=1",48
flusight,wk inc flu prop ed visits,2025-2026,natural,all,FluSight-ensemble,0.8284303934938332,5768,half,"pilot_method=two_stage,pilot_nowcaster=real_tree,forecast_targets=flu,pathogen_inputs=flu,correction_weeks=2,joint_weight=0.05,correction_penalty=30.0,reporting_missingness=0,count_transform=sqrt,ed_transform=logit,loss_weights=flu_hosp_ed,width=96,epochs=160,patience=25,lr=0.002,fit_partition=pathogen,covariate_encoder=summary,covariate_set=kinsa,input_mode=scheduled_final,input_normalization=b0,evaluation_seasons=recent_two,training_window=recent2,stress_views=1",48
flusight,wk inc flu hosp,2024-2025,natural,all,FluSight-ensemble,1.0841307447260655,5616,corrected,"pilot_method=two_stage,pilot_nowcaster=real_tree,forecast_targets=flu,pathogen_inputs=flu,correction_weeks=2,joint_weight=0.05,correction_penalty=30.0,reporting_missingness=0,count_transform=sqrt,ed_transform=logit,loss_weights=flu_hosp_ed,width=96,epochs=160,patience=25,lr=0.002,fit_partition=pathogen,covariate_encoder=summary,covariate_set=kinsa,input_mode=scheduled_final,input_normalization=b0,evaluation_seasons=recent_two,training_window=recent2,stress_views=1",48
flusight,wk inc flu hosp,2024-2025,log,all,FluSight-ensemble,1.011292548148974,5616,corrected,"pilot_method=two_stage,pilot_nowcaster=real_tree,forecast_targets=flu,pathogen_inputs=flu,correction_weeks=2,joint_weight=0.05,correction_penalty=30.0,reporting_missingness=0,count_transform=sqrt,ed_transform=logit,loss_weights=flu_hosp_ed,width=96,epochs=160,patience=25,lr=0.002,fit_partition=pathogen,covariate_encoder=summary,covariate_set=kinsa,input_mode=scheduled_final,input_normalization=b0,evaluation_seasons=recent_two,training_window=recent2,stress_views=1",48
flusight,wk inc flu hosp,2025-2026,natural,all,FluSight-ensemble,0.860094338188899,5824,corrected,"pilot_method=two_stage,pilot_nowcaster=real_tree,forecast_targets=flu,pathogen_inputs=flu,correction_weeks=2,joint_weight=0.05,correction_penalty=30.0,reporting_missingness=0,count_transform=sqrt,ed_transform=logit,loss_weights=flu_hosp_ed,width=96,epochs=160,patience=25,lr=0.002,fit_partition=pathogen,covariate_encoder=summary,covariate_set=kinsa,input_mode=scheduled_final,input_normalization=b0,evaluation_seasons=recent_two,training_window=recent2,stress_views=1",48
flusight,wk inc flu hosp,2025-2026,log,all,FluSight-ensemble,0.86229280755384,5824,corrected,"pilot_method=two_stage,pilot_nowcaster=real_tree,forecast_targets=flu,pathogen_inputs=flu,correction_weeks=2,joint_weight=0.05,correction_penalty=30.0,reporting_missingness=0,count_transform=sqrt,ed_transform=logit,loss_weights=flu_hosp_ed,width=96,epochs=160,patience=25,lr=0.002,fit_partition=pathogen,covariate_encoder=summary,covariate_set=kinsa,input_mode=scheduled_final,input_normalization=b0,evaluation_seasons=recent_two,training_window=recent2,stress_views=1",48
flusight,wk inc flu prop ed visits,2025-2026,natural,all,FluSight-ensemble,0.8226374000391137,5768,corrected,"pilot_method=two_stage,pilot_nowcaster=real_tree,forecast_targets=flu,pathogen_inputs=flu,correction_weeks=2,joint_weight=0.05,correction_penalty=30.0,reporting_missingness=0,count_transform=sqrt,ed_transform=logit,loss_weights=flu_hosp_ed,width=96,epochs=160,patience=25,lr=0.002,fit_partition=pathogen,covariate_encoder=summary,covariate_set=kinsa,input_mode=scheduled_final,input_normalization=b0,evaluation_seasons=recent_two,training_window=recent2,stress_views=1",48
flusight,wk inc flu hosp,2024-2025,natural,all,FluSight-ensemble,1.065321709065265,5616,calibrated,"pilot_method=two_stage,pilot_nowcaster=real_tree,forecast_targets=flu,pathogen_inputs=flu,correction_weeks=2,joint_weight=0.05,correction_penalty=30.0,reporting_missingness=0,count_transform=sqrt,ed_transform=logit,loss_weights=flu_hosp_ed,width=96,epochs=160,patience=25,lr=0.002,fit_partition=pathogen,covariate_encoder=summary,covariate_set=kinsa,input_mode=scheduled_final,input_normalization=b0,evaluation_seasons=recent_two,training_window=recent2,stress_views=1",48
flusight,wk inc flu hosp,2024-2025,log,all,FluSight-ensemble,1.0250406074039382,5616,calibrated,"pilot_method=two_stage,pilot_nowcaster=real_tree,forecast_targets=flu,pathogen_inputs=flu,correction_weeks=2,joint_weight=0.05,correction_penalty=30.0,reporting_missingness=0,count_transform=sqrt,ed_transform=logit,loss_weights=flu_hosp_ed,width=96,epochs=160,patience=25,lr=0.002,fit_partition=pathogen,covariate_encoder=summary,covariate_set=kinsa,input_mode=scheduled_final,input_normalization=b0,evaluation_seasons=recent_two,training_window=recent2,stress_views=1",48
flusight,wk inc flu hosp,2025-2026,natural,all,FluSight-ensemble,0.860267892769236,5824,calibrated,"pilot_method=two_stage,pilot_nowcaster=real_tree,forecast_targets=flu,pathogen_inputs=flu,correction_weeks=2,joint_weight=0.05,correction_penalty=30.0,reporting_missingness=0,count_transform=sqrt,ed_transform=logit,loss_weights=flu_hosp_ed,width=96,epochs=160,patience=25,lr=0.002,fit_partition=pathogen,covariate_encoder=summary,covariate_set=kinsa,input_mode=scheduled_final,input_normalization=b0,evaluation_seasons=recent_two,training_window=recent2,stress_views=1",48
flusight,wk inc flu hosp,2025-2026,log,all,FluSight-ensemble,0.8619645816540118,5824,calibrated,"pilot_method=two_stage,pilot_nowcaster=real_tree,forecast_targets=flu,pathogen_inputs=flu,correction_weeks=2,joint_weight=0.05,correction_penalty=30.0,reporting_missingness=0,count_transform=sqrt,ed_transform=logit,loss_weights=flu_hosp_ed,width=96,epochs=160,patience=25,lr=0.002,fit_partition=pathogen,covariate_encoder=summary,covariate_set=kinsa,input_mode=scheduled_final,input_normalization=b0,evaluation_seasons=recent_two,training_window=recent2,stress_views=1",48
flusight,wk inc flu prop ed visits,2025-2026,natural,all,FluSight-ensemble,0.8323224055392113,5768,calibrated,"pilot_method=two_stage,pilot_nowcaster=real_tree,forecast_targets=flu,pathogen_inputs=flu,correction_weeks=2,joint_weight=0.05,correction_penalty=30.0,reporting_missingness=0,count_transform=sqrt,ed_transform=logit,loss_weights=flu_hosp_ed,width=96,epochs=160,patience=25,lr=0.002,fit_partition=pathogen,covariate_encoder=summary,covariate_set=kinsa,input_mode=scheduled_final,input_normalization=b0,evaluation_seasons=recent_two,training_window=recent2,stress_views=1",48
flusight,wk inc flu hosp,2024-2025,natural,all,FluSight-ensemble,0.9933507475666914,5616,delayed,"pilot_method=two_stage,pilot_nowcaster=real_tree,forecast_targets=flu,pathogen_inputs=flu,correction_weeks=2,joint_weight=0.05,correction_penalty=30.0,reporting_missingness=0,count_transform=sqrt,ed_transform=logit,loss_weights=flu_hosp_ed,width=96,epochs=160,patience=25,lr=0.002,fit_partition=pathogen,covariate_encoder=summary,covariate_set=kinsa,input_mode=scheduled_final,input_normalization=b0,evaluation_seasons=recent_two,training_window=recent2,stress_views=1",48
flusight,wk inc flu hosp,2024-2025,log,all,FluSight-ensemble,1.0135446384068745,5616,delayed,"pilot_method=two_stage,pilot_nowcaster=real_tree,forecast_targets=flu,pathogen_inputs=flu,correction_weeks=2,joint_weight=0.05,correction_penalty=30.0,reporting_missingness=0,count_transform=sqrt,ed_transform=logit,loss_weights=flu_hosp_ed,width=96,epochs=160,patience=25,lr=0.002,fit_partition=pathogen,covariate_encoder=summary,covariate_set=kinsa,input_mode=scheduled_final,input_normalization=b0,evaluation_seasons=recent_two,training_window=recent2,stress_views=1",48
flusight,wk inc flu hosp,2025-2026,natural,all,FluSight-ensemble,1.3386567252085493,5824,delayed,"pilot_method=two_stage,pilot_nowcaster=real_tree,forecast_targets=flu,pathogen_inputs=flu,correction_weeks=2,joint_weight=0.05,correction_penalty=30.0,reporting_missingness=0,count_transform=sqrt,ed_transform=logit,loss_weights=flu_hosp_ed,width=96,epochs=160,patience=25,lr=0.002,fit_partition=pathogen,covariate_encoder=summary,covariate_set=kinsa,input_mode=scheduled_final,input_normalization=b0,evaluation_seasons=recent_two,training_window=recent2,stress_views=1",48
flusight,wk inc flu hosp,2025-2026,log,all,FluSight-ensemble,1.1596266773831054,5824,delayed,"pilot_method=two_stage,pilot_nowcaster=real_tree,forecast_targets=flu,pathogen_inputs=flu,correction_weeks=2,joint_weight=0.05,correction_penalty=30.0,reporting_missingness=0,count_transform=sqrt,ed_transform=logit,loss_weights=flu_hosp_ed,width=96,epochs=160,patience=25,lr=0.002,fit_partition=pathogen,covariate_encoder=summary,covariate_set=kinsa,input_mode=scheduled_final,input_normalization=b0,evaluation_seasons=recent_two,training_window=recent2,stress_views=1",48
flusight,wk inc flu prop ed visits,2025-2026,natural,all,FluSight-ensemble,0.8720134968468342,5768,delayed,"pilot_method=two_stage,pilot_nowcaster=real_tree,forecast_targets=flu,pathogen_inputs=flu,correction_weeks=2,joint_weight=0.05,correction_penalty=30.0,reporting_missingness=0,count_transform=sqrt,ed_transform=logit,loss_weights=flu_hosp_ed,width=96,epochs=160,patience=25,lr=0.002,fit_partition=pathogen,covariate_encoder=summary,covariate_set=kinsa,input_mode=scheduled_final,input_normalization=b0,evaluation_seasons=recent_two,training_window=recent2,stress_views=1",48
flusight,wk inc flu hosp,2024-2025,natural,all,FluSight-ensemble,0.974699706133946,5616,nokinsa,"pilot_method=two_stage,pilot_nowcaster=real_tree,forecast_targets=flu,pathogen_inputs=flu,correction_weeks=2,joint_weight=0.05,correction_penalty=30.0,reporting_missingness=0,count_transform=sqrt,ed_transform=logit,loss_weights=flu_hosp_ed,width=96,epochs=160,patience=25,lr=0.002,fit_partition=pathogen,covariate_encoder=summary,covariate_set=kinsa,input_mode=scheduled_final,input_normalization=b0,evaluation_seasons=recent_two,training_window=recent2,stress_views=1",48
flusight,wk inc flu hosp,2024-2025,log,all,FluSight-ensemble,0.9313814690932002,5616,nokinsa,"pilot_method=two_stage,pilot_nowcaster=real_tree,forecast_targets=flu,pathogen_inputs=flu,correction_weeks=2,joint_weight=0.05,correction_penalty=30.0,reporting_missingness=0,count_transform=sqrt,ed_transform=logit,loss_weights=flu_hosp_ed,width=96,epochs=160,patience=25,lr=0.002,fit_partition=pathogen,covariate_encoder=summary,covariate_set=kinsa,input_mode=scheduled_final,input_normalization=b0,evaluation_seasons=recent_two,training_window=recent2,stress_views=1",48
flusight,wk inc flu hosp,2025-2026,natural,all,FluSight-ensemble,1.066309083919539,5824,nokinsa,"pilot_method=two_stage,pilot_nowcaster=real_tree,forecast_targets=flu,pathogen_inputs=flu,correction_weeks=2,joint_weight=0.05,correction_penalty=30.0,reporting_missingness=0,count_transform=sqrt,ed_transform=logit,loss_weights=flu_hosp_ed,width=96,epochs=160,patience=25,lr=0.002,fit_partition=pathogen,covariate_encoder=summary,covariate_set=kinsa,input_mode=scheduled_final,input_normalization=b0,evaluation_seasons=recent_two,training_window=recent2,stress_views=1",48
flusight,wk inc flu hosp,2025-2026,log,all,FluSight-ensemble,0.9165758931695134,5824,nokinsa,"pilot_method=two_stage,pilot_nowcaster=real_tree,forecast_targets=flu,pathogen_inputs=flu,correction_weeks=2,joint_weight=0.05,correction_penalty=30.0,reporting_missingness=0,count_transform=sqrt,ed_transform=logit,loss_weights=flu_hosp_ed,width=96,epochs=160,patience=25,lr=0.002,fit_partition=pathogen,covariate_encoder=summary,covariate_set=kinsa,input_mode=scheduled_final,input_normalization=b0,evaluation_seasons=recent_two,training_window=recent2,stress_views=1",48
flusight,wk inc flu prop ed visits,2025-2026,natural,all,FluSight-ensemble,0.9746850867264382,5768,nokinsa,"pilot_method=two_stage,pilot_nowcaster=real_tree,forecast_targets=flu,pathogen_inputs=flu,correction_weeks=2,joint_weight=0.05,correction_penalty=30.0,reporting_missingness=0,count_transform=sqrt,ed_transform=logit,loss_weights=flu_hosp_ed,width=96,epochs=160,patience=25,lr=0.002,fit_partition=pathogen,covariate_encoder=summary,covariate_set=kinsa,input_mode=scheduled_final,input_normalization=b0,evaluation_seasons=recent_two,training_window=recent2,stress_views=1",48
flusight,wk inc flu hosp,2024-2025,natural,all,FluSight-ensemble,0.9589042618329812,5616,raw,"pilot_method=finalized,forecast_targets=flu,pathogen_inputs=flu,correction_weeks=2,joint_weight=0.1,correction_penalty=3.0,reporting_missingness=0,nowcast_weeks=4,ed_transform=logit,loss_weights=flu_hosp_ed,spatial=neighbors,decoder=quantile,width=96,epochs=240,patience=25,lr=0.0005,fit_partition=pathogen,covariate_encoder=summary,input_mode=scheduled_final,input_normalization=b0,evaluation_seasons=recent_two,training_window=recent2,stress_views=1",44
flusight,wk inc flu hosp,2024-2025,log,all,FluSight-ensemble,0.9866692365735088,5616,raw,"pilot_method=finalized,forecast_targets=flu,pathogen_inputs=flu,correction_weeks=2,joint_weight=0.1,correction_penalty=3.0,reporting_missingness=0,nowcast_weeks=4,ed_transform=logit,loss_weights=flu_hosp_ed,spatial=neighbors,decoder=quantile,width=96,epochs=240,patience=25,lr=0.0005,fit_partition=pathogen,covariate_encoder=summary,input_mode=scheduled_final,input_normalization=b0,evaluation_seasons=recent_two,training_window=recent2,stress_views=1",44
flusight,wk inc flu hosp,2025-2026,natural,all,FluSight-ensemble,1.017340637718183,5824,raw,"pilot_method=finalized,forecast_targets=flu,pathogen_inputs=flu,correction_weeks=2,joint_weight=0.1,correction_penalty=3.0,reporting_missingness=0,nowcast_weeks=4,ed_transform=logit,loss_weights=flu_hosp_ed,spatial=neighbors,decoder=quantile,width=96,epochs=240,patience=25,lr=0.0005,fit_partition=pathogen,covariate_encoder=summary,input_mode=scheduled_final,input_normalization=b0,evaluation_seasons=recent_two,training_window=recent2,stress_views=1",44
flusight,wk inc flu hosp,2025-2026,log,all,FluSight-ensemble,0.9451392125904886,5824,raw,"pilot_method=finalized,forecast_targets=flu,pathogen_inputs=flu,correction_weeks=2,joint_weight=0.1,correction_penalty=3.0,reporting_missingness=0,nowcast_weeks=4,ed_transform=logit,loss_weights=flu_hosp_ed,spatial=neighbors,decoder=quantile,width=96,epochs=240,patience=25,lr=0.0005,fit_partition=pathogen,covariate_encoder=summary,input_mode=scheduled_final,input_normalization=b0,evaluation_seasons=recent_two,training_window=recent2,stress_views=1",44
flusight,wk inc flu prop ed visits,2025-2026,natural,all,FluSight-ensemble,1.0856784995866156,5768,raw,"pilot_method=finalized,forecast_targets=flu,pathogen_inputs=flu,correction_weeks=2,joint_weight=0.1,correction_penalty=3.0,reporting_missingness=0,nowcast_weeks=4,ed_transform=logit,loss_weights=flu_hosp_ed,spatial=neighbors,decoder=quantile,width=96,epochs=240,patience=25,lr=0.0005,fit_partition=pathogen,covariate_encoder=summary,input_mode=scheduled_final,input_normalization=b0,evaluation_seasons=recent_two,training_window=recent2,stress_views=1",44
flusight,wk inc flu hosp,2024-2025,natural,all,FluSight-ensemble,0.9536831153732376,5616,half,"pilot_method=finalized,forecast_targets=flu,pathogen_inputs=flu,correction_weeks=2,joint_weight=0.1,correction_penalty=3.0,reporting_missingness=0,nowcast_weeks=4,ed_transform=logit,loss_weights=flu_hosp_ed,spatial=neighbors,decoder=quantile,width=96,epochs=240,patience=25,lr=0.0005,fit_partition=pathogen,covariate_encoder=summary,input_mode=scheduled_final,input_normalization=b0,evaluation_seasons=recent_two,training_window=recent2,stress_views=1",44
flusight,wk inc flu hosp,2024-2025,log,all,FluSight-ensemble,0.9798685533972332,5616,half,"pilot_method=finalized,forecast_targets=flu,pathogen_inputs=flu,correction_weeks=2,joint_weight=0.1,correction_penalty=3.0,reporting_missingness=0,nowcast_weeks=4,ed_transform=logit,loss_weights=flu_hosp_ed,spatial=neighbors,decoder=quantile,width=96,epochs=240,patience=25,lr=0.0005,fit_partition=pathogen,covariate_encoder=summary,input_mode=scheduled_final,input_normalization=b0,evaluation_seasons=recent_two,training_window=recent2,stress_views=1",44
flusight,wk inc flu hosp,2025-2026,natural,all,FluSight-ensemble,1.0437303416590542,5824,half,"pilot_method=finalized,forecast_targets=flu,pathogen_inputs=flu,correction_weeks=2,joint_weight=0.1,correction_penalty=3.0,reporting_missingness=0,nowcast_weeks=4,ed_transform=logit,loss_weights=flu_hosp_ed,spatial=neighbors,decoder=quantile,width=96,epochs=240,patience=25,lr=0.0005,fit_partition=pathogen,covariate_encoder=summary,input_mode=scheduled_final,input_normalization=b0,evaluation_seasons=recent_two,training_window=recent2,stress_views=1",44
flusight,wk inc flu hosp,2025-2026,log,all,FluSight-ensemble,0.9230792689678028,5824,half,"pilot_method=finalized,forecast_targets=flu,pathogen_inputs=flu,correction_weeks=2,joint_weight=0.1,correction_penalty=3.0,reporting_missingness=0,nowcast_weeks=4,ed_transform=logit,loss_weights=flu_hosp_ed,spatial=neighbors,decoder=quantile,width=96,epochs=240,patience=25,lr=0.0005,fit_partition=pathogen,covariate_encoder=summary,input_mode=scheduled_final,input_normalization=b0,evaluation_seasons=recent_two,training_window=recent2,stress_views=1",44
flusight,wk inc flu prop ed visits,2025-2026,natural,all,FluSight-ensemble,1.0852085921987955,5768,half,"pilot_method=finalized,forecast_targets=flu,pathogen_inputs=flu,correction_weeks=2,joint_weight=0.1,correction_penalty=3.0,reporting_missingness=0,nowcast_weeks=4,ed_transform=logit,loss_weights=flu_hosp_ed,spatial=neighbors,decoder=quantile,width=96,epochs=240,patience=25,lr=0.0005,fit_partition=pathogen,covariate_encoder=summary,input_mode=scheduled_final,input_normalization=b0,evaluation_seasons=recent_two,training_window=recent2,stress_views=1",44
flusight,wk inc flu hosp,2024-2025,natural,all,FluSight-ensemble,0.949513945949657,5616,corrected,"pilot_method=finalized,forecast_targets=flu,pathogen_inputs=flu,correction_weeks=2,joint_weight=0.1,correction_penalty=3.0,reporting_missingness=0,nowcast_weeks=4,ed_transform=logit,loss_weights=flu_hosp_ed,spatial=neighbors,decoder=quantile,width=96,epochs=240,patience=25,lr=0.0005,fit_partition=pathogen,covariate_encoder=summary,input_mode=scheduled_final,input_normalization=b0,evaluation_seasons=recent_two,training_window=recent2,stress_views=1",44
flusight,wk inc flu hosp,2024-2025,log,all,FluSight-ensemble,0.9752749324678888,5616,corrected,"pilot_method=finalized,forecast_targets=flu,pathogen_inputs=flu,correction_weeks=2,joint_weight=0.1,correction_penalty=3.0,reporting_missingness=0,nowcast_weeks=4,ed_transform=logit,loss_weights=flu_hosp_ed,spatial=neighbors,decoder=quantile,width=96,epochs=240,patience=25,lr=0.0005,fit_partition=pathogen,covariate_encoder=summary,input_mode=scheduled_final,input_normalization=b0,evaluation_seasons=recent_two,training_window=recent2,stress_views=1",44
flusight,wk inc flu hosp,2025-2026,natural,all,FluSight-ensemble,1.0840475171873094,5824,corrected,"pilot_method=finalized,forecast_targets=flu,pathogen_inputs=flu,correction_weeks=2,joint_weight=0.1,correction_penalty=3.0,reporting_missingness=0,nowcast_weeks=4,ed_transform=logit,loss_weights=flu_hosp_ed,spatial=neighbors,decoder=quantile,width=96,epochs=240,patience=25,lr=0.0005,fit_partition=pathogen,covariate_encoder=summary,input_mode=scheduled_final,input_normalization=b0,evaluation_seasons=recent_two,training_window=recent2,stress_views=1",44
flusight,wk inc flu hosp,2025-2026,log,all,FluSight-ensemble,0.9313193958313384,5824,corrected,"pilot_method=finalized,forecast_targets=flu,pathogen_inputs=flu,correction_weeks=2,joint_weight=0.1,correction_penalty=3.0,reporting_missingness=0,nowcast_weeks=4,ed_transform=logit,loss_weights=flu_hosp_ed,spatial=neighbors,decoder=quantile,width=96,epochs=240,patience=25,lr=0.0005,fit_partition=pathogen,covariate_encoder=summary,input_mode=scheduled_final,input_normalization=b0,evaluation_seasons=recent_two,training_window=recent2,stress_views=1",44
flusight,wk inc flu prop ed visits,2025-2026,natural,all,FluSight-ensemble,1.084577177617472,5768,corrected,"pilot_method=finalized,forecast_targets=flu,pathogen_inputs=flu,correction_weeks=2,joint_weight=0.1,correction_penalty=3.0,reporting_missingness=0,nowcast_weeks=4,ed_transform=logit,loss_weights=flu_hosp_ed,spatial=neighbors,decoder=quantile,width=96,epochs=240,patience=25,lr=0.0005,fit_partition=pathogen,covariate_encoder=summary,input_mode=scheduled_final,input_normalization=b0,evaluation_seasons=recent_two,training_window=recent2,stress_views=1",44
flusight,wk inc flu hosp,2024-2025,natural,all,FluSight-ensemble,0.9104468053927176,5616,calibrated,"pilot_method=finalized,forecast_targets=flu,pathogen_inputs=flu,correction_weeks=2,joint_weight=0.1,correction_penalty=3.0,reporting_missingness=0,nowcast_weeks=4,ed_transform=logit,loss_weights=flu_hosp_ed,spatial=neighbors,decoder=quantile,width=96,epochs=240,patience=25,lr=0.0005,fit_partition=pathogen,covariate_encoder=summary,input_mode=scheduled_final,input_normalization=b0,evaluation_seasons=recent_two,training_window=recent2,stress_views=1",44
flusight,wk inc flu hosp,2024-2025,log,all,FluSight-ensemble,0.966864469931654,5616,calibrated,"pilot_method=finalized,forecast_targets=flu,pathogen_inputs=flu,correction_weeks=2,joint_weight=0.1,correction_penalty=3.0,reporting_missingness=0,nowcast_weeks=4,ed_transform=logit,loss_weights=flu_hosp_ed,spatial=neighbors,decoder=quantile,width=96,epochs=240,patience=25,lr=0.0005,fit_partition=pathogen,covariate_encoder=summary,input_mode=scheduled_final,input_normalization=b0,evaluation_seasons=recent_two,training_window=recent2,stress_views=1",44
flusight,wk inc flu hosp,2025-2026,natural,all,FluSight-ensemble,1.0729475048649226,5824,calibrated,"pilot_method=finalized,forecast_targets=flu,pathogen_inputs=flu,correction_weeks=2,joint_weight=0.1,correction_penalty=3.0,reporting_missingness=0,nowcast_weeks=4,ed_transform=logit,loss_weights=flu_hosp_ed,spatial=neighbors,decoder=quantile,width=96,epochs=240,patience=25,lr=0.0005,fit_partition=pathogen,covariate_encoder=summary,input_mode=scheduled_final,input_normalization=b0,evaluation_seasons=recent_two,training_window=recent2,stress_views=1",44
flusight,wk inc flu hosp,2025-2026,log,all,FluSight-ensemble,0.9241297855663888,5824,calibrated,"pilot_method=finalized,forecast_targets=flu,pathogen_inputs=flu,correction_weeks=2,joint_weight=0.1,correction_penalty=3.0,reporting_missingness=0,nowcast_weeks=4,ed_transform=logit,loss_weights=flu_hosp_ed,spatial=neighbors,decoder=quantile,width=96,epochs=240,patience=25,lr=0.0005,fit_partition=pathogen,covariate_encoder=summary,input_mode=scheduled_final,input_normalization=b0,evaluation_seasons=recent_two,training_window=recent2,stress_views=1",44
flusight,wk inc flu prop ed visits,2025-2026,natural,all,FluSight-ensemble,1.0656404669715525,5768,calibrated,"pilot_method=finalized,forecast_targets=flu,pathogen_inputs=flu,correction_weeks=2,joint_weight=0.1,correction_penalty=3.0,reporting_missingness=0,nowcast_weeks=4,ed_transform=logit,loss_weights=flu_hosp_ed,spatial=neighbors,decoder=quantile,width=96,epochs=240,patience=25,lr=0.0005,fit_partition=pathogen,covariate_encoder=summary,input_mode=scheduled_final,input_normalization=b0,evaluation_seasons=recent_two,training_window=recent2,stress_views=1",44
flusight,wk inc flu hosp,2024-2025,natural,all,FluSight-ensemble,0.8333074854473163,5616,delayed,"pilot_method=finalized,forecast_targets=flu,pathogen_inputs=flu,correction_weeks=2,joint_weight=0.1,correction_penalty=3.0,reporting_missingness=0,nowcast_weeks=4,ed_transform=logit,loss_weights=flu_hosp_ed,spatial=neighbors,decoder=quantile,width=96,epochs=240,patience=25,lr=0.0005,fit_partition=pathogen,covariate_encoder=summary,input_mode=scheduled_final,input_normalization=b0,evaluation_seasons=recent_two,training_window=recent2,stress_views=1",44
flusight,wk inc flu hosp,2024-2025,log,all,FluSight-ensemble,0.8350239744397694,5616,delayed,"pilot_method=finalized,forecast_targets=flu,pathogen_inputs=flu,correction_weeks=2,joint_weight=0.1,correction_penalty=3.0,reporting_missingness=0,nowcast_weeks=4,ed_transform=logit,loss_weights=flu_hosp_ed,spatial=neighbors,decoder=quantile,width=96,epochs=240,patience=25,lr=0.0005,fit_partition=pathogen,covariate_encoder=summary,input_mode=scheduled_final,input_normalization=b0,evaluation_seasons=recent_two,training_window=recent2,stress_views=1",44
flusight,wk inc flu hosp,2025-2026,natural,all,FluSight-ensemble,1.425724651069242,5824,delayed,"pilot_method=finalized,forecast_targets=flu,pathogen_inputs=flu,correction_weeks=2,joint_weight=0.1,correction_penalty=3.0,reporting_missingness=0,nowcast_weeks=4,ed_transform=logit,loss_weights=flu_hosp_ed,spatial=neighbors,decoder=quantile,width=96,epochs=240,patience=25,lr=0.0005,fit_partition=pathogen,covariate_encoder=summary,input_mode=scheduled_final,input_normalization=b0,evaluation_seasons=recent_two,training_window=recent2,stress_views=1",44
flusight,wk inc flu hosp,2025-2026,log,all,FluSight-ensemble,1.248394152071786,5824,delayed,"pilot_method=finalized,forecast_targets=flu,pathogen_inputs=flu,correction_weeks=2,joint_weight=0.1,correction_penalty=3.0,reporting_missingness=0,nowcast_weeks=4,ed_transform=logit,loss_weights=flu_hosp_ed,spatial=neighbors,decoder=quantile,width=96,epochs=240,patience=25,lr=0.0005,fit_partition=pathogen,covariate_encoder=summary,input_mode=scheduled_final,input_normalization=b0,evaluation_seasons=recent_two,training_window=recent2,stress_views=1",44
flusight,wk inc flu prop ed visits,2025-2026,natural,all,FluSight-ensemble,1.1018055728096516,5768,delayed,"pilot_method=finalized,forecast_targets=flu,pathogen_inputs=flu,correction_weeks=2,joint_weight=0.1,correction_penalty=3.0,reporting_missingness=0,nowcast_weeks=4,ed_transform=logit,loss_weights=flu_hosp_ed,spatial=neighbors,decoder=quantile,width=96,epochs=240,patience=25,lr=0.0005,fit_partition=pathogen,covariate_encoder=summary,input_mode=scheduled_final,input_normalization=b0,evaluation_seasons=recent_two,training_window=recent2,stress_views=1",44
flusight,wk inc flu hosp,2024-2025,natural,all,FluSight-ensemble,0.8942010217258509,5616,raw,"pilot_method=finalized,forecast_targets=flu,pathogen_inputs=flu,correction_weeks=2,joint_weight=0.1,correction_penalty=3.0,reporting_missingness=0,nowcast_weeks=4,ed_transform=logit,loss_weights=flu_hosp_ed,spatial=neighbors,decoder=quantile,width=96,epochs=240,patience=25,lr=0.0005,fit_partition=pathogen,covariate_encoder=summary,input_mode=scheduled_final,input_normalization=b0,evaluation_seasons=recent_two,training_window=recent2,stress_views=1",45
flusight,wk inc flu hosp,2024-2025,log,all,FluSight-ensemble,0.9567929265207968,5616,raw,"pilot_method=finalized,forecast_targets=flu,pathogen_inputs=flu,correction_weeks=2,joint_weight=0.1,correction_penalty=3.0,reporting_missingness=0,nowcast_weeks=4,ed_transform=logit,loss_weights=flu_hosp_ed,spatial=neighbors,decoder=quantile,width=96,epochs=240,patience=25,lr=0.0005,fit_partition=pathogen,covariate_encoder=summary,input_mode=scheduled_final,input_normalization=b0,evaluation_seasons=recent_two,training_window=recent2,stress_views=1",45
flusight,wk inc flu hosp,2025-2026,natural,all,FluSight-ensemble,0.8992309168208077,5824,raw,"pilot_method=finalized,forecast_targets=flu,pathogen_inputs=flu,correction_weeks=2,joint_weight=0.1,correction_penalty=3.0,reporting_missingness=0,nowcast_weeks=4,ed_transform=logit,loss_weights=flu_hosp_ed,spatial=neighbors,decoder=quantile,width=96,epochs=240,patience=25,lr=0.0005,fit_partition=pathogen,covariate_encoder=summary,input_mode=scheduled_final,input_normalization=b0,evaluation_seasons=recent_two,training_window=recent2,stress_views=1",45
flusight,wk inc flu hosp,2025-2026,log,all,FluSight-ensemble,0.9008802209060174,5824,raw,"pilot_method=finalized,forecast_targets=flu,pathogen_inputs=flu,correction_weeks=2,joint_weight=0.1,correction_penalty=3.0,reporting_missingness=0,nowcast_weeks=4,ed_transform=logit,loss_weights=flu_hosp_ed,spatial=neighbors,decoder=quantile,width=96,epochs=240,patience=25,lr=0.0005,fit_partition=pathogen,covariate_encoder=summary,input_mode=scheduled_final,input_normalization=b0,evaluation_seasons=recent_two,training_window=recent2,stress_views=1",45
flusight,wk inc flu prop ed visits,2025-2026,natural,all,FluSight-ensemble,0.9687195068608888,5768,raw,"pilot_method=finalized,forecast_targets=flu,pathogen_inputs=flu,correction_weeks=2,joint_weight=0.1,correction_penalty=3.0,reporting_missingness=0,nowcast_weeks=4,ed_transform=logit,loss_weights=flu_hosp_ed,spatial=neighbors,decoder=quantile,width=96,epochs=240,patience=25,lr=0.0005,fit_partition=pathogen,covariate_encoder=summary,input_mode=scheduled_final,input_normalization=b0,evaluation_seasons=recent_two,training_window=recent2,stress_views=1",45
flusight,wk inc flu hosp,2024-2025,natural,all,FluSight-ensemble,0.8883925842756426,5616,half,"pilot_method=finalized,forecast_targets=flu,pathogen_inputs=flu,correction_weeks=2,joint_weight=0.1,correction_penalty=3.0,reporting_missingness=0,nowcast_weeks=4,ed_transform=logit,loss_weights=flu_hosp_ed,spatial=neighbors,decoder=quantile,width=96,epochs=240,patience=25,lr=0.0005,fit_partition=pathogen,covariate_encoder=summary,input_mode=scheduled_final,input_normalization=b0,evaluation_seasons=recent_two,training_window=recent2,stress_views=1",45
flusight,wk inc flu hosp,2024-2025,log,all,FluSight-ensemble,0.9490230435852884,5616,half,"pilot_method=finalized,forecast_targets=flu,pathogen_inputs=flu,correction_weeks=2,joint_weight=0.1,correction_penalty=3.0,reporting_missingness=0,nowcast_weeks=4,ed_transform=logit,loss_weights=flu_hosp_ed,spatial=neighbors,decoder=quantile,width=96,epochs=240,patience=25,lr=0.0005,fit_partition=pathogen,covariate_encoder=summary,input_mode=scheduled_final,input_normalization=b0,evaluation_seasons=recent_two,training_window=recent2,stress_views=1",45
flusight,wk inc flu hosp,2025-2026,natural,all,FluSight-ensemble,0.922056693805859,5824,half,"pilot_method=finalized,forecast_targets=flu,pathogen_inputs=flu,correction_weeks=2,joint_weight=0.1,correction_penalty=3.0,reporting_missingness=0,nowcast_weeks=4,ed_transform=logit,loss_weights=flu_hosp_ed,spatial=neighbors,decoder=quantile,width=96,epochs=240,patience=25,lr=0.0005,fit_partition=pathogen,covariate_encoder=summary,input_mode=scheduled_final,input_normalization=b0,evaluation_seasons=recent_two,training_window=recent2,stress_views=1",45
flusight,wk inc flu hosp,2025-2026,log,all,FluSight-ensemble,0.880016433060798,5824,half,"pilot_method=finalized,forecast_targets=flu,pathogen_inputs=flu,correction_weeks=2,joint_weight=0.1,correction_penalty=3.0,reporting_missingness=0,nowcast_weeks=4,ed_transform=logit,loss_weights=flu_hosp_ed,spatial=neighbors,decoder=quantile,width=96,epochs=240,patience=25,lr=0.0005,fit_partition=pathogen,covariate_encoder=summary,input_mode=scheduled_final,input_normalization=b0,evaluation_seasons=recent_two,training_window=recent2,stress_views=1",45
flusight,wk inc flu prop ed visits,2025-2026,natural,all,FluSight-ensemble,0.9673804702860352,5768,half,"pilot_method=finalized,forecast_targets=flu,pathogen_inputs=flu,correction_weeks=2,joint_weight=0.1,correction_penalty=3.0,reporting_missingness=0,nowcast_weeks=4,ed_transform=logit,loss_weights=flu_hosp_ed,spatial=neighbors,decoder=quantile,width=96,epochs=240,patience=25,lr=0.0005,fit_partition=pathogen,covariate_encoder=summary,input_mode=scheduled_final,input_normalization=b0,evaluation_seasons=recent_two,training_window=recent2,stress_views=1",45
flusight,wk inc flu hosp,2024-2025,natural,all,FluSight-ensemble,0.883810460362021,5616,corrected,"pilot_method=finalized,forecast_targets=flu,pathogen_inputs=flu,correction_weeks=2,joint_weight=0.1,correction_penalty=3.0,reporting_missingness=0,nowcast_weeks=4,ed_transform=logit,loss_weights=flu_hosp_ed,spatial=neighbors,decoder=quantile,width=96,epochs=240,patience=25,lr=0.0005,fit_partition=pathogen,covariate_encoder=summary,input_mode=scheduled_final,input_normalization=b0,evaluation_seasons=recent_two,training_window=recent2,stress_views=1",45
flusight,wk inc flu hosp,2024-2025,log,all,FluSight-ensemble,0.9447449743346368,5616,corrected,"pilot_method=finalized,forecast_targets=flu,pathogen_inputs=flu,correction_weeks=2,joint_weight=0.1,correction_penalty=3.0,reporting_missingness=0,nowcast_weeks=4,ed_transform=logit,loss_weights=flu_hosp_ed,spatial=neighbors,decoder=quantile,width=96,epochs=240,patience=25,lr=0.0005,fit_partition=pathogen,covariate_encoder=summary,input_mode=scheduled_final,input_normalization=b0,evaluation_seasons=recent_two,training_window=recent2,stress_views=1",45
flusight,wk inc flu hosp,2025-2026,natural,all,FluSight-ensemble,0.9602873765069392,5824,corrected,"pilot_method=finalized,forecast_targets=flu,pathogen_inputs=flu,correction_weeks=2,joint_weight=0.1,correction_penalty=3.0,reporting_missingness=0,nowcast_weeks=4,ed_transform=logit,loss_weights=flu_hosp_ed,spatial=neighbors,decoder=quantile,width=96,epochs=240,patience=25,lr=0.0005,fit_partition=pathogen,covariate_encoder=summary,input_mode=scheduled_final,input_normalization=b0,evaluation_seasons=recent_two,training_window=recent2,stress_views=1",45
flusight,wk inc flu hosp,2025-2026,log,all,FluSight-ensemble,0.8878227645902251,5824,corrected,"pilot_method=finalized,forecast_targets=flu,pathogen_inputs=flu,correction_weeks=2,joint_weight=0.1,correction_penalty=3.0,reporting_missingness=0,nowcast_weeks=4,ed_transform=logit,loss_weights=flu_hosp_ed,spatial=neighbors,decoder=quantile,width=96,epochs=240,patience=25,lr=0.0005,fit_partition=pathogen,covariate_encoder=summary,input_mode=scheduled_final,input_normalization=b0,evaluation_seasons=recent_two,training_window=recent2,stress_views=1",45
flusight,wk inc flu prop ed visits,2025-2026,natural,all,FluSight-ensemble,0.9658962714200604,5768,corrected,"pilot_method=finalized,forecast_targets=flu,pathogen_inputs=flu,correction_weeks=2,joint_weight=0.1,correction_penalty=3.0,reporting_missingness=0,nowcast_weeks=4,ed_transform=logit,loss_weights=flu_hosp_ed,spatial=neighbors,decoder=quantile,width=96,epochs=240,patience=25,lr=0.0005,fit_partition=pathogen,covariate_encoder=summary,input_mode=scheduled_final,input_normalization=b0,evaluation_seasons=recent_two,training_window=recent2,stress_views=1",45
flusight,wk inc flu hosp,2024-2025,natural,all,FluSight-ensemble,0.8905043493903344,5616,calibrated,"pilot_method=finalized,forecast_targets=flu,pathogen_inputs=flu,correction_weeks=2,joint_weight=0.1,correction_penalty=3.0,reporting_missingness=0,nowcast_weeks=4,ed_transform=logit,loss_weights=flu_hosp_ed,spatial=neighbors,decoder=quantile,width=96,epochs=240,patience=25,lr=0.0005,fit_partition=pathogen,covariate_encoder=summary,input_mode=scheduled_final,input_normalization=b0,evaluation_seasons=recent_two,training_window=recent2,stress_views=1",45
flusight,wk inc flu hosp,2024-2025,log,all,FluSight-ensemble,0.948230390781206,5616,calibrated,"pilot_method=finalized,forecast_targets=flu,pathogen_inputs=flu,correction_weeks=2,joint_weight=0.1,correction_penalty=3.0,reporting_missingness=0,nowcast_weeks=4,ed_transform=logit,loss_weights=flu_hosp_ed,spatial=neighbors,decoder=quantile,width=96,epochs=240,patience=25,lr=0.0005,fit_partition=pathogen,covariate_encoder=summary,input_mode=scheduled_final,input_normalization=b0,evaluation_seasons=recent_two,training_window=recent2,stress_views=1",45
flusight,wk inc flu hosp,2025-2026,natural,all,FluSight-ensemble,0.9488669765034214,5824,calibrated,"pilot_method=finalized,forecast_targets=flu,pathogen_inputs=flu,correction_weeks=2,joint_weight=0.1,correction_penalty=3.0,reporting_missingness=0,nowcast_weeks=4,ed_transform=logit,loss_weights=flu_hosp_ed,spatial=neighbors,decoder=quantile,width=96,epochs=240,patience=25,lr=0.0005,fit_partition=pathogen,covariate_encoder=summary,input_mode=scheduled_final,input_normalization=b0,evaluation_seasons=recent_two,training_window=recent2,stress_views=1",45
flusight,wk inc flu hosp,2025-2026,log,all,FluSight-ensemble,0.8798250581282685,5824,calibrated,"pilot_method=finalized,forecast_targets=flu,pathogen_inputs=flu,correction_weeks=2,joint_weight=0.1,correction_penalty=3.0,reporting_missingness=0,nowcast_weeks=4,ed_transform=logit,loss_weights=flu_hosp_ed,spatial=neighbors,decoder=quantile,width=96,epochs=240,patience=25,lr=0.0005,fit_partition=pathogen,covariate_encoder=summary,input_mode=scheduled_final,input_normalization=b0,evaluation_seasons=recent_two,training_window=recent2,stress_views=1",45
flusight,wk inc flu prop ed visits,2025-2026,natural,all,FluSight-ensemble,0.9900412296309824,5768,calibrated,"pilot_method=finalized,forecast_targets=flu,pathogen_inputs=flu,correction_weeks=2,joint_weight=0.1,correction_penalty=3.0,reporting_missingness=0,nowcast_weeks=4,ed_transform=logit,loss_weights=flu_hosp_ed,spatial=neighbors,decoder=quantile,width=96,epochs=240,patience=25,lr=0.0005,fit_partition=pathogen,covariate_encoder=summary,input_mode=scheduled_final,input_normalization=b0,evaluation_seasons=recent_two,training_window=recent2,stress_views=1",45
flusight,wk inc flu hosp,2024-2025,natural,all,FluSight-ensemble,0.7347557973783158,5616,delayed,"pilot_method=finalized,forecast_targets=flu,pathogen_inputs=flu,correction_weeks=2,joint_weight=0.1,correction_penalty=3.0,reporting_missingness=0,nowcast_weeks=4,ed_transform=logit,loss_weights=flu_hosp_ed,spatial=neighbors,decoder=quantile,width=96,epochs=240,patience=25,lr=0.0005,fit_partition=pathogen,covariate_encoder=summary,input_mode=scheduled_final,input_normalization=b0,evaluation_seasons=recent_two,training_window=recent2,stress_views=1",45
flusight,wk inc flu hosp,2024-2025,log,all,FluSight-ensemble,0.7579928011913634,5616,delayed,"pilot_method=finalized,forecast_targets=flu,pathogen_inputs=flu,correction_weeks=2,joint_weight=0.1,correction_penalty=3.0,reporting_missingness=0,nowcast_weeks=4,ed_transform=logit,loss_weights=flu_hosp_ed,spatial=neighbors,decoder=quantile,width=96,epochs=240,patience=25,lr=0.0005,fit_partition=pathogen,covariate_encoder=summary,input_mode=scheduled_final,input_normalization=b0,evaluation_seasons=recent_two,training_window=recent2,stress_views=1",45
flusight,wk inc flu hosp,2025-2026,natural,all,FluSight-ensemble,1.3448112160726788,5824,delayed,"pilot_method=finalized,forecast_targets=flu,pathogen_inputs=flu,correction_weeks=2,joint_weight=0.1,correction_penalty=3.0,reporting_missingness=0,nowcast_weeks=4,ed_transform=logit,loss_weights=flu_hosp_ed,spatial=neighbors,decoder=quantile,width=96,epochs=240,patience=25,lr=0.0005,fit_partition=pathogen,covariate_encoder=summary,input_mode=scheduled_final,input_normalization=b0,evaluation_seasons=recent_two,training_window=recent2,stress_views=1",45
flusight,wk inc flu hosp,2025-2026,log,all,FluSight-ensemble,1.2321028104773415,5824,delayed,"pilot_method=finalized,forecast_targets=flu,pathogen_inputs=flu,correction_weeks=2,joint_weight=0.1,correction_penalty=3.0,reporting_missingness=0,nowcast_weeks=4,ed_transform=logit,loss_weights=flu_hosp_ed,spatial=neighbors,decoder=quantile,width=96,epochs=240,patience=25,lr=0.0005,fit_partition=pathogen,covariate_encoder=summary,input_mode=scheduled_final,input_normalization=b0,evaluation_seasons=recent_two,training_window=recent2,stress_views=1",45
flusight,wk inc flu prop ed visits,2025-2026,natural,all,FluSight-ensemble,0.9987761922065372,5768,delayed,"pilot_method=finalized,forecast_targets=flu,pathogen_inputs=flu,correction_weeks=2,joint_weight=0.1,correction_penalty=3.0,reporting_missingness=0,nowcast_weeks=4,ed_transform=logit,loss_weights=flu_hosp_ed,spatial=neighbors,decoder=quantile,width=96,epochs=240,patience=25,lr=0.0005,fit_partition=pathogen,covariate_encoder=summary,input_mode=scheduled_final,input_normalization=b0,evaluation_seasons=recent_two,training_window=recent2,stress_views=1",45
flusight,wk inc flu hosp,2024-2025,natural,all,FluSight-ensemble,0.9737975299399092,5616,raw,"pilot_method=finalized,forecast_targets=flu,pathogen_inputs=flu,correction_weeks=2,joint_weight=0.1,correction_penalty=3.0,reporting_missingness=0,nowcast_weeks=4,ed_transform=logit,loss_weights=flu_hosp_ed,spatial=neighbors,decoder=quantile,width=96,epochs=240,patience=25,lr=0.0005,fit_partition=pathogen,covariate_encoder=summary,input_mode=scheduled_final,input_normalization=b0,evaluation_seasons=recent_two,training_window=recent2,stress_views=1",46
flusight,wk inc flu hosp,2024-2025,log,all,FluSight-ensemble,1.1236022653506854,5616,raw,"pilot_method=finalized,forecast_targets=flu,pathogen_inputs=flu,correction_weeks=2,joint_weight=0.1,correction_penalty=3.0,reporting_missingness=0,nowcast_weeks=4,ed_transform=logit,loss_weights=flu_hosp_ed,spatial=neighbors,decoder=quantile,width=96,epochs=240,patience=25,lr=0.0005,fit_partition=pathogen,covariate_encoder=summary,input_mode=scheduled_final,input_normalization=b0,evaluation_seasons=recent_two,training_window=recent2,stress_views=1",46
flusight,wk inc flu hosp,2025-2026,natural,all,FluSight-ensemble,1.0145240760167216,5824,raw,"pilot_method=finalized,forecast_targets=flu,pathogen_inputs=flu,correction_weeks=2,joint_weight=0.1,correction_penalty=3.0,reporting_missingness=0,nowcast_weeks=4,ed_transform=logit,loss_weights=flu_hosp_ed,spatial=neighbors,decoder=quantile,width=96,epochs=240,patience=25,lr=0.0005,fit_partition=pathogen,covariate_encoder=summary,input_mode=scheduled_final,input_normalization=b0,evaluation_seasons=recent_two,training_window=recent2,stress_views=1",46
flusight,wk inc flu hosp,2025-2026,log,all,FluSight-ensemble,1.2147591655018886,5824,raw,"pilot_method=finalized,forecast_targets=flu,pathogen_inputs=flu,correction_weeks=2,joint_weight=0.1,correction_penalty=3.0,reporting_missingness=0,nowcast_weeks=4,ed_transform=logit,loss_weights=flu_hosp_ed,spatial=neighbors,decoder=quantile,width=96,epochs=240,patience=25,lr=0.0005,fit_partition=pathogen,covariate_encoder=summary,input_mode=scheduled_final,input_normalization=b0,evaluation_seasons=recent_two,training_window=recent2,stress_views=1",46
flusight,wk inc flu prop ed visits,2025-2026,natural,all,FluSight-ensemble,1.0383819986540408,5768,raw,"pilot_method=finalized,forecast_targets=flu,pathogen_inputs=flu,correction_weeks=2,joint_weight=0.1,correction_penalty=3.0,reporting_missingness=0,nowcast_weeks=4,ed_transform=logit,loss_weights=flu_hosp_ed,spatial=neighbors,decoder=quantile,width=96,epochs=240,patience=25,lr=0.0005,fit_partition=pathogen,covariate_encoder=summary,input_mode=scheduled_final,input_normalization=b0,evaluation_seasons=recent_two,training_window=recent2,stress_views=1",46
flusight,wk inc flu hosp,2024-2025,natural,all,FluSight-ensemble,0.9682631549552068,5616,half,"pilot_method=finalized,forecast_targets=flu,pathogen_inputs=flu,correction_weeks=2,joint_weight=0.1,correction_penalty=3.0,reporting_missingness=0,nowcast_weeks=4,ed_transform=logit,loss_weights=flu_hosp_ed,spatial=neighbors,decoder=quantile,width=96,epochs=240,patience=25,lr=0.0005,fit_partition=pathogen,covariate_encoder=summary,input_mode=scheduled_final,input_normalization=b0,evaluation_seasons=recent_two,training_window=recent2,stress_views=1",46
flusight,wk inc flu hosp,2024-2025,log,all,FluSight-ensemble,1.11002681484334,5616,half,"pilot_method=finalized,forecast_targets=flu,pathogen_inputs=flu,correction_weeks=2,joint_weight=0.1,correction_penalty=3.0,reporting_missingness=0,nowcast_weeks=4,ed_transform=logit,loss_weights=flu_hosp_ed,spatial=neighbors,decoder=quantile,width=96,epochs=240,patience=25,lr=0.0005,fit_partition=pathogen,covariate_encoder=summary,input_mode=scheduled_final,input_normalization=b0,evaluation_seasons=recent_two,training_window=recent2,stress_views=1",46
flusight,wk inc flu hosp,2025-2026,natural,all,FluSight-ensemble,0.9782015597071548,5824,half,"pilot_method=finalized,forecast_targets=flu,pathogen_inputs=flu,correction_weeks=2,joint_weight=0.1,correction_penalty=3.0,reporting_missingness=0,nowcast_weeks=4,ed_transform=logit,loss_weights=flu_hosp_ed,spatial=neighbors,decoder=quantile,width=96,epochs=240,patience=25,lr=0.0005,fit_partition=pathogen,covariate_encoder=summary,input_mode=scheduled_final,input_normalization=b0,evaluation_seasons=recent_two,training_window=recent2,stress_views=1",46
flusight,wk inc flu hosp,2025-2026,log,all,FluSight-ensemble,1.1087341866511673,5824,half,"pilot_method=finalized,forecast_targets=flu,pathogen_inputs=flu,correction_weeks=2,joint_weight=0.1,correction_penalty=3.0,reporting_missingness=0,nowcast_weeks=4,ed_transform=logit,loss_weights=flu_hosp_ed,spatial=neighbors,decoder=quantile,width=96,epochs=240,patience=25,lr=0.0005,fit_partition=pathogen,covariate_encoder=summary,input_mode=scheduled_final,input_normalization=b0,evaluation_seasons=recent_two,training_window=recent2,stress_views=1",46
flusight,wk inc flu prop ed visits,2025-2026,natural,all,FluSight-ensemble,1.038407934577843,5768,half,"pilot_method=finalized,forecast_targets=flu,pathogen_inputs=flu,correction_weeks=2,joint_weight=0.1,correction_penalty=3.0,reporting_missingness=0,nowcast_weeks=4,ed_transform=logit,loss_weights=flu_hosp_ed,spatial=neighbors,decoder=quantile,width=96,epochs=240,patience=25,lr=0.0005,fit_partition=pathogen,covariate_encoder=summary,input_mode=scheduled_final,input_normalization=b0,evaluation_seasons=recent_two,training_window=recent2,stress_views=1",46
flusight,wk inc flu hosp,2024-2025,natural,all,FluSight-ensemble,0.9639460286573998,5616,corrected,"pilot_method=finalized,forecast_targets=flu,pathogen_inputs=flu,correction_weeks=2,joint_weight=0.1,correction_penalty=3.0,reporting_missingness=0,nowcast_weeks=4,ed_transform=logit,loss_weights=flu_hosp_ed,spatial=neighbors,decoder=quantile,width=96,epochs=240,patience=25,lr=0.0005,fit_partition=pathogen,covariate_encoder=summary,input_mode=scheduled_final,input_normalization=b0,evaluation_seasons=recent_two,training_window=recent2,stress_views=1",46
flusight,wk inc flu hosp,2024-2025,log,all,FluSight-ensemble,1.099633368194887,5616,corrected,"pilot_method=finalized,forecast_targets=flu,pathogen_inputs=flu,correction_weeks=2,joint_weight=0.1,correction_penalty=3.0,reporting_missingness=0,nowcast_weeks=4,ed_transform=logit,loss_weights=flu_hosp_ed,spatial=neighbors,decoder=quantile,width=96,epochs=240,patience=25,lr=0.0005,fit_partition=pathogen,covariate_encoder=summary,input_mode=scheduled_final,input_normalization=b0,evaluation_seasons=recent_two,training_window=recent2,stress_views=1",46
flusight,wk inc flu hosp,2025-2026,natural,all,FluSight-ensemble,0.9553994170055918,5824,corrected,"pilot_method=finalized,forecast_targets=flu,pathogen_inputs=flu,correction_weeks=2,joint_weight=0.1,correction_penalty=3.0,reporting_missingness=0,nowcast_weeks=4,ed_transform=logit,loss_weights=flu_hosp_ed,spatial=neighbors,decoder=quantile,width=96,epochs=240,patience=25,lr=0.0005,fit_partition=pathogen,covariate_encoder=summary,input_mode=scheduled_final,input_normalization=b0,evaluation_seasons=recent_two,training_window=recent2,stress_views=1",46
flusight,wk inc flu hosp,2025-2026,log,all,FluSight-ensemble,1.036544245282364,5824,corrected,"pilot_method=finalized,forecast_targets=flu,pathogen_inputs=flu,correction_weeks=2,joint_weight=0.1,correction_penalty=3.0,reporting_missingness=0,nowcast_weeks=4,ed_transform=logit,loss_weights=flu_hosp_ed,spatial=neighbors,decoder=quantile,width=96,epochs=240,patience=25,lr=0.0005,fit_partition=pathogen,covariate_encoder=summary,input_mode=scheduled_final,input_normalization=b0,evaluation_seasons=recent_two,training_window=recent2,stress_views=1",46
flusight,wk inc flu prop ed visits,2025-2026,natural,all,FluSight-ensemble,1.038286791342396,5768,corrected,"pilot_method=finalized,forecast_targets=flu,pathogen_inputs=flu,correction_weeks=2,joint_weight=0.1,correction_penalty=3.0,reporting_missingness=0,nowcast_weeks=4,ed_transform=logit,loss_weights=flu_hosp_ed,spatial=neighbors,decoder=quantile,width=96,epochs=240,patience=25,lr=0.0005,fit_partition=pathogen,covariate_encoder=summary,input_mode=scheduled_final,input_normalization=b0,evaluation_seasons=recent_two,training_window=recent2,stress_views=1",46
flusight,wk inc flu hosp,2024-2025,natural,all,FluSight-ensemble,0.906138902450544,5616,calibrated,"pilot_method=finalized,forecast_targets=flu,pathogen_inputs=flu,correction_weeks=2,joint_weight=0.1,correction_penalty=3.0,reporting_missingness=0,nowcast_weeks=4,ed_transform=logit,loss_weights=flu_hosp_ed,spatial=neighbors,decoder=quantile,width=96,epochs=240,patience=25,lr=0.0005,fit_partition=pathogen,covariate_encoder=summary,input_mode=scheduled_final,input_normalization=b0,evaluation_seasons=recent_two,training_window=recent2,stress_views=1",46
flusight,wk inc flu hosp,2024-2025,log,all,FluSight-ensemble,1.156588260004207,5616,calibrated,"pilot_method=finalized,forecast_targets=flu,pathogen_inputs=flu,correction_weeks=2,joint_weight=0.1,correction_penalty=3.0,reporting_missingness=0,nowcast_weeks=4,ed_transform=logit,loss_weights=flu_hosp_ed,spatial=neighbors,decoder=quantile,width=96,epochs=240,patience=25,lr=0.0005,fit_partition=pathogen,covariate_encoder=summary,input_mode=scheduled_final,input_normalization=b0,evaluation_seasons=recent_two,training_window=recent2,stress_views=1",46
flusight,wk inc flu hosp,2025-2026,natural,all,FluSight-ensemble,0.962380929726252,5824,calibrated,"pilot_method=finalized,forecast_targets=flu,pathogen_inputs=flu,correction_weeks=2,joint_weight=0.1,correction_penalty=3.0,reporting_missingness=0,nowcast_weeks=4,ed_transform=logit,loss_weights=flu_hosp_ed,spatial=neighbors,decoder=quantile,width=96,epochs=240,patience=25,lr=0.0005,fit_partition=pathogen,covariate_encoder=summary,input_mode=scheduled_final,input_normalization=b0,evaluation_seasons=recent_two,training_window=recent2,stress_views=1",46
flusight,wk inc flu hosp,2025-2026,log,all,FluSight-ensemble,1.0407764240525144,5824,calibrated,"pilot_method=finalized,forecast_targets=flu,pathogen_inputs=flu,correction_weeks=2,joint_weight=0.1,correction_penalty=3.0,reporting_missingness=0,nowcast_weeks=4,ed_transform=logit,loss_weights=flu_hosp_ed,spatial=neighbors,decoder=quantile,width=96,epochs=240,patience=25,lr=0.0005,fit_partition=pathogen,covariate_encoder=summary,input_mode=scheduled_final,input_normalization=b0,evaluation_seasons=recent_two,training_window=recent2,stress_views=1",46
flusight,wk inc flu prop ed visits,2025-2026,natural,all,FluSight-ensemble,1.0107845783664609,5768,calibrated,"pilot_method=finalized,forecast_targets=flu,pathogen_inputs=flu,correction_weeks=2,joint_weight=0.1,correction_penalty=3.0,reporting_missingness=0,nowcast_weeks=4,ed_transform=logit,loss_weights=flu_hosp_ed,spatial=neighbors,decoder=quantile,width=96,epochs=240,patience=25,lr=0.0005,fit_partition=pathogen,covariate_encoder=summary,input_mode=scheduled_final,input_normalization=b0,evaluation_seasons=recent_two,training_window=recent2,stress_views=1",46
flusight,wk inc flu hosp,2024-2025,natural,all,FluSight-ensemble,0.7879427659044748,5616,delayed,"pilot_method=finalized,forecast_targets=flu,pathogen_inputs=flu,correction_weeks=2,joint_weight=0.1,correction_penalty=3.0,reporting_missingness=0,nowcast_weeks=4,ed_transform=logit,loss_weights=flu_hosp_ed,spatial=neighbors,decoder=quantile,width=96,epochs=240,patience=25,lr=0.0005,fit_partition=pathogen,covariate_encoder=summary,input_mode=scheduled_final,input_normalization=b0,evaluation_seasons=recent_two,training_window=recent2,stress_views=1",46
flusight,wk inc flu hosp,2024-2025,log,all,FluSight-ensemble,0.8810509948746111,5616,delayed,"pilot_method=finalized,forecast_targets=flu,pathogen_inputs=flu,correction_weeks=2,joint_weight=0.1,correction_penalty=3.0,reporting_missingness=0,nowcast_weeks=4,ed_transform=logit,loss_weights=flu_hosp_ed,spatial=neighbors,decoder=quantile,width=96,epochs=240,patience=25,lr=0.0005,fit_partition=pathogen,covariate_encoder=summary,input_mode=scheduled_final,input_normalization=b0,evaluation_seasons=recent_two,training_window=recent2,stress_views=1",46
flusight,wk inc flu hosp,2025-2026,natural,all,FluSight-ensemble,1.2129948085917297,5824,delayed,"pilot_method=finalized,forecast_targets=flu,pathogen_inputs=flu,correction_weeks=2,joint_weight=0.1,correction_penalty=3.0,reporting_missingness=0,nowcast_weeks=4,ed_transform=logit,loss_weights=flu_hosp_ed,spatial=neighbors,decoder=quantile,width=96,epochs=240,patience=25,lr=0.0005,fit_partition=pathogen,covariate_encoder=summary,input_mode=scheduled_final,input_normalization=b0,evaluation_seasons=recent_two,training_window=recent2,stress_views=1",46
flusight,wk inc flu hosp,2025-2026,log,all,FluSight-ensemble,1.245380317599681,5824,delayed,"pilot_method=finalized,forecast_targets=flu,pathogen_inputs=flu,correction_weeks=2,joint_weight=0.1,correction_penalty=3.0,reporting_missingness=0,nowcast_weeks=4,ed_transform=logit,loss_weights=flu_hosp_ed,spatial=neighbors,decoder=quantile,width=96,epochs=240,patience=25,lr=0.0005,fit_partition=pathogen,covariate_encoder=summary,input_mode=scheduled_final,input_normalization=b0,evaluation_seasons=recent_two,training_window=recent2,stress_views=1",46
flusight,wk inc flu prop ed visits,2025-2026,natural,all,FluSight-ensemble,1.0538169482051754,5768,delayed,"pilot_method=finalized,forecast_targets=flu,pathogen_inputs=flu,correction_weeks=2,joint_weight=0.1,correction_penalty=3.0,reporting_missingness=0,nowcast_weeks=4,ed_transform=logit,loss_weights=flu_hosp_ed,spatial=neighbors,decoder=quantile,width=96,epochs=240,patience=25,lr=0.0005,fit_partition=pathogen,covariate_encoder=summary,input_mode=scheduled_final,input_normalization=b0,evaluation_seasons=recent_two,training_window=recent2,stress_views=1",46
flusight,wk inc flu hosp,2024-2025,natural,all,FluSight-ensemble,0.9646647113326456,5616,raw,"pilot_method=finalized,forecast_targets=flu,pathogen_inputs=flu,correction_weeks=2,joint_weight=0.1,correction_penalty=3.0,reporting_missingness=0,nowcast_weeks=4,ed_transform=logit,loss_weights=flu_hosp_ed,spatial=neighbors,decoder=quantile,width=96,epochs=240,patience=25,lr=0.0005,fit_partition=pathogen,covariate_encoder=summary,input_mode=scheduled_final,input_normalization=b0,evaluation_seasons=recent_two,training_window=recent2,stress_views=1",47
flusight,wk inc flu hosp,2024-2025,log,all,FluSight-ensemble,1.095000730031703,5616,raw,"pilot_method=finalized,forecast_targets=flu,pathogen_inputs=flu,correction_weeks=2,joint_weight=0.1,correction_penalty=3.0,reporting_missingness=0,nowcast_weeks=4,ed_transform=logit,loss_weights=flu_hosp_ed,spatial=neighbors,decoder=quantile,width=96,epochs=240,patience=25,lr=0.0005,fit_partition=pathogen,covariate_encoder=summary,input_mode=scheduled_final,input_normalization=b0,evaluation_seasons=recent_two,training_window=recent2,stress_views=1",47
flusight,wk inc flu hosp,2025-2026,natural,all,FluSight-ensemble,1.0251662111212554,5824,raw,"pilot_method=finalized,forecast_targets=flu,pathogen_inputs=flu,correction_weeks=2,joint_weight=0.1,correction_penalty=3.0,reporting_missingness=0,nowcast_weeks=4,ed_transform=logit,loss_weights=flu_hosp_ed,spatial=neighbors,decoder=quantile,width=96,epochs=240,patience=25,lr=0.0005,fit_partition=pathogen,covariate_encoder=summary,input_mode=scheduled_final,input_normalization=b0,evaluation_seasons=recent_two,training_window=recent2,stress_views=1",47
flusight,wk inc flu hosp,2025-2026,log,all,FluSight-ensemble,1.1298342528385397,5824,raw,"pilot_method=finalized,forecast_targets=flu,pathogen_inputs=flu,correction_weeks=2,joint_weight=0.1,correction_penalty=3.0,reporting_missingness=0,nowcast_weeks=4,ed_transform=logit,loss_weights=flu_hosp_ed,spatial=neighbors,decoder=quantile,width=96,epochs=240,patience=25,lr=0.0005,fit_partition=pathogen,covariate_encoder=summary,input_mode=scheduled_final,input_normalization=b0,evaluation_seasons=recent_two,training_window=recent2,stress_views=1",47
flusight,wk inc flu prop ed visits,2025-2026,natural,all,FluSight-ensemble,1.0247548783188765,5768,raw,"pilot_method=finalized,forecast_targets=flu,pathogen_inputs=flu,correction_weeks=2,joint_weight=0.1,correction_penalty=3.0,reporting_missingness=0,nowcast_weeks=4,ed_transform=logit,loss_weights=flu_hosp_ed,spatial=neighbors,decoder=quantile,width=96,epochs=240,patience=25,lr=0.0005,fit_partition=pathogen,covariate_encoder=summary,input_mode=scheduled_final,input_normalization=b0,evaluation_seasons=recent_two,training_window=recent2,stress_views=1",47
flusight,wk inc flu hosp,2024-2025,natural,all,FluSight-ensemble,0.9584431534461884,5616,half,"pilot_method=finalized,forecast_targets=flu,pathogen_inputs=flu,correction_weeks=2,joint_weight=0.1,correction_penalty=3.0,reporting_missingness=0,nowcast_weeks=4,ed_transform=logit,loss_weights=flu_hosp_ed,spatial=neighbors,decoder=quantile,width=96,epochs=240,patience=25,lr=0.0005,fit_partition=pathogen,covariate_encoder=summary,input_mode=scheduled_final,input_normalization=b0,evaluation_seasons=recent_two,training_window=recent2,stress_views=1",47
flusight,wk inc flu hosp,2024-2025,log,all,FluSight-ensemble,1.0847049719173625,5616,half,"pilot_method=finalized,forecast_targets=flu,pathogen_inputs=flu,correction_weeks=2,joint_weight=0.1,correction_penalty=3.0,reporting_missingness=0,nowcast_weeks=4,ed_transform=logit,loss_weights=flu_hosp_ed,spatial=neighbors,decoder=quantile,width=96,epochs=240,patience=25,lr=0.0005,fit_partition=pathogen,covariate_encoder=summary,input_mode=scheduled_final,input_normalization=b0,evaluation_seasons=recent_two,training_window=recent2,stress_views=1",47
flusight,wk inc flu hosp,2025-2026,natural,all,FluSight-ensemble,1.0023206036906502,5824,half,"pilot_method=finalized,forecast_targets=flu,pathogen_inputs=flu,correction_weeks=2,joint_weight=0.1,correction_penalty=3.0,reporting_missingness=0,nowcast_weeks=4,ed_transform=logit,loss_weights=flu_hosp_ed,spatial=neighbors,decoder=quantile,width=96,epochs=240,patience=25,lr=0.0005,fit_partition=pathogen,covariate_encoder=summary,input_mode=scheduled_final,input_normalization=b0,evaluation_seasons=recent_two,training_window=recent2,stress_views=1",47
flusight,wk inc flu hosp,2025-2026,log,all,FluSight-ensemble,1.0556603389853043,5824,half,"pilot_method=finalized,forecast_targets=flu,pathogen_inputs=flu,correction_weeks=2,joint_weight=0.1,correction_penalty=3.0,reporting_missingness=0,nowcast_weeks=4,ed_transform=logit,loss_weights=flu_hosp_ed,spatial=neighbors,decoder=quantile,width=96,epochs=240,patience=25,lr=0.0005,fit_partition=pathogen,covariate_encoder=summary,input_mode=scheduled_final,input_normalization=b0,evaluation_seasons=recent_two,training_window=recent2,stress_views=1",47
flusight,wk inc flu prop ed visits,2025-2026,natural,all,FluSight-ensemble,1.02416884306413,5768,half,"pilot_method=finalized,forecast_targets=flu,pathogen_inputs=flu,correction_weeks=2,joint_weight=0.1,correction_penalty=3.0,reporting_missingness=0,nowcast_weeks=4,ed_transform=logit,loss_weights=flu_hosp_ed,spatial=neighbors,decoder=quantile,width=96,epochs=240,patience=25,lr=0.0005,fit_partition=pathogen,covariate_encoder=summary,input_mode=scheduled_final,input_normalization=b0,evaluation_seasons=recent_two,training_window=recent2,stress_views=1",47
flusight,wk inc flu hosp,2024-2025,natural,all,FluSight-ensemble,0.952975789405642,5616,corrected,"pilot_method=finalized,forecast_targets=flu,pathogen_inputs=flu,correction_weeks=2,joint_weight=0.1,correction_penalty=3.0,reporting_missingness=0,nowcast_weeks=4,ed_transform=logit,loss_weights=flu_hosp_ed,spatial=neighbors,decoder=quantile,width=96,epochs=240,patience=25,lr=0.0005,fit_partition=pathogen,covariate_encoder=summary,input_mode=scheduled_final,input_normalization=b0,evaluation_seasons=recent_two,training_window=recent2,stress_views=1",47
flusight,wk inc flu hosp,2024-2025,log,all,FluSight-ensemble,1.0761627523855843,5616,corrected,"pilot_method=finalized,forecast_targets=flu,pathogen_inputs=flu,correction_weeks=2,joint_weight=0.1,correction_penalty=3.0,reporting_missingness=0,nowcast_weeks=4,ed_transform=logit,loss_weights=flu_hosp_ed,spatial=neighbors,decoder=quantile,width=96,epochs=240,patience=25,lr=0.0005,fit_partition=pathogen,covariate_encoder=summary,input_mode=scheduled_final,input_normalization=b0,evaluation_seasons=recent_two,training_window=recent2,stress_views=1",47
flusight,wk inc flu hosp,2025-2026,natural,all,FluSight-ensemble,0.994428952722312,5824,corrected,"pilot_method=finalized,forecast_targets=flu,pathogen_inputs=flu,correction_weeks=2,joint_weight=0.1,correction_penalty=3.0,reporting_missingness=0,nowcast_weeks=4,ed_transform=logit,loss_weights=flu_hosp_ed,spatial=neighbors,decoder=quantile,width=96,epochs=240,patience=25,lr=0.0005,fit_partition=pathogen,covariate_encoder=summary,input_mode=scheduled_final,input_normalization=b0,evaluation_seasons=recent_two,training_window=recent2,stress_views=1",47
flusight,wk inc flu hosp,2025-2026,log,all,FluSight-ensemble,1.0145177944986827,5824,corrected,"pilot_method=finalized,forecast_targets=flu,pathogen_inputs=flu,correction_weeks=2,joint_weight=0.1,correction_penalty=3.0,reporting_missingness=0,nowcast_weeks=4,ed_transform=logit,loss_weights=flu_hosp_ed,spatial=neighbors,decoder=quantile,width=96,epochs=240,patience=25,lr=0.0005,fit_partition=pathogen,covariate_encoder=summary,input_mode=scheduled_final,input_normalization=b0,evaluation_seasons=recent_two,training_window=recent2,stress_views=1",47
flusight,wk inc flu prop ed visits,2025-2026,natural,all,FluSight-ensemble,1.023404732660283,5768,corrected,"pilot_method=finalized,forecast_targets=flu,pathogen_inputs=flu,correction_weeks=2,joint_weight=0.1,correction_penalty=3.0,reporting_missingness=0,nowcast_weeks=4,ed_transform=logit,loss_weights=flu_hosp_ed,spatial=neighbors,decoder=quantile,width=96,epochs=240,patience=25,lr=0.0005,fit_partition=pathogen,covariate_encoder=summary,input_mode=scheduled_final,input_normalization=b0,evaluation_seasons=recent_two,training_window=recent2,stress_views=1",47
flusight,wk inc flu hosp,2024-2025,natural,all,FluSight-ensemble,0.9198234952231404,5616,calibrated,"pilot_method=finalized,forecast_targets=flu,pathogen_inputs=flu,correction_weeks=2,joint_weight=0.1,correction_penalty=3.0,reporting_missingness=0,nowcast_weeks=4,ed_transform=logit,loss_weights=flu_hosp_ed,spatial=neighbors,decoder=quantile,width=96,epochs=240,patience=25,lr=0.0005,fit_partition=pathogen,covariate_encoder=summary,input_mode=scheduled_final,input_normalization=b0,evaluation_seasons=recent_two,training_window=recent2,stress_views=1",47
flusight,wk inc flu hosp,2024-2025,log,all,FluSight-ensemble,1.077503897153971,5616,calibrated,"pilot_method=finalized,forecast_targets=flu,pathogen_inputs=flu,correction_weeks=2,joint_weight=0.1,correction_penalty=3.0,reporting_missingness=0,nowcast_weeks=4,ed_transform=logit,loss_weights=flu_hosp_ed,spatial=neighbors,decoder=quantile,width=96,epochs=240,patience=25,lr=0.0005,fit_partition=pathogen,covariate_encoder=summary,input_mode=scheduled_final,input_normalization=b0,evaluation_seasons=recent_two,training_window=recent2,stress_views=1",47
flusight,wk inc flu hosp,2025-2026,natural,all,FluSight-ensemble,0.9590049072903274,5824,calibrated,"pilot_method=finalized,forecast_targets=flu,pathogen_inputs=flu,correction_weeks=2,joint_weight=0.1,correction_penalty=3.0,reporting_missingness=0,nowcast_weeks=4,ed_transform=logit,loss_weights=flu_hosp_ed,spatial=neighbors,decoder=quantile,width=96,epochs=240,patience=25,lr=0.0005,fit_partition=pathogen,covariate_encoder=summary,input_mode=scheduled_final,input_normalization=b0,evaluation_seasons=recent_two,training_window=recent2,stress_views=1",47
flusight,wk inc flu hosp,2025-2026,log,all,FluSight-ensemble,0.988806509262496,5824,calibrated,"pilot_method=finalized,forecast_targets=flu,pathogen_inputs=flu,correction_weeks=2,joint_weight=0.1,correction_penalty=3.0,reporting_missingness=0,nowcast_weeks=4,ed_transform=logit,loss_weights=flu_hosp_ed,spatial=neighbors,decoder=quantile,width=96,epochs=240,patience=25,lr=0.0005,fit_partition=pathogen,covariate_encoder=summary,input_mode=scheduled_final,input_normalization=b0,evaluation_seasons=recent_two,training_window=recent2,stress_views=1",47
flusight,wk inc flu prop ed visits,2025-2026,natural,all,FluSight-ensemble,0.9986872972169398,5768,calibrated,"pilot_method=finalized,forecast_targets=flu,pathogen_inputs=flu,correction_weeks=2,joint_weight=0.1,correction_penalty=3.0,reporting_missingness=0,nowcast_weeks=4,ed_transform=logit,loss_weights=flu_hosp_ed,spatial=neighbors,decoder=quantile,width=96,epochs=240,patience=25,lr=0.0005,fit_partition=pathogen,covariate_encoder=summary,input_mode=scheduled_final,input_normalization=b0,evaluation_seasons=recent_two,training_window=recent2,stress_views=1",47
flusight,wk inc flu hosp,2024-2025,natural,all,FluSight-ensemble,0.7204913504366051,5616,delayed,"pilot_method=finalized,forecast_targets=flu,pathogen_inputs=flu,correction_weeks=2,joint_weight=0.1,correction_penalty=3.0,reporting_missingness=0,nowcast_weeks=4,ed_transform=logit,loss_weights=flu_hosp_ed,spatial=neighbors,decoder=quantile,width=96,epochs=240,patience=25,lr=0.0005,fit_partition=pathogen,covariate_encoder=summary,input_mode=scheduled_final,input_normalization=b0,evaluation_seasons=recent_two,training_window=recent2,stress_views=1",47
flusight,wk inc flu hosp,2024-2025,log,all,FluSight-ensemble,0.8054757771692838,5616,delayed,"pilot_method=finalized,forecast_targets=flu,pathogen_inputs=flu,correction_weeks=2,joint_weight=0.1,correction_penalty=3.0,reporting_missingness=0,nowcast_weeks=4,ed_transform=logit,loss_weights=flu_hosp_ed,spatial=neighbors,decoder=quantile,width=96,epochs=240,patience=25,lr=0.0005,fit_partition=pathogen,covariate_encoder=summary,input_mode=scheduled_final,input_normalization=b0,evaluation_seasons=recent_two,training_window=recent2,stress_views=1",47
flusight,wk inc flu hosp,2025-2026,natural,all,FluSight-ensemble,1.3905094896077748,5824,delayed,"pilot_method=finalized,forecast_targets=flu,pathogen_inputs=flu,correction_weeks=2,joint_weight=0.1,correction_penalty=3.0,reporting_missingness=0,nowcast_weeks=4,ed_transform=logit,loss_weights=flu_hosp_ed,spatial=neighbors,decoder=quantile,width=96,epochs=240,patience=25,lr=0.0005,fit_partition=pathogen,covariate_encoder=summary,input_mode=scheduled_final,input_normalization=b0,evaluation_seasons=recent_two,training_window=recent2,stress_views=1",47
flusight,wk inc flu hosp,2025-2026,log,all,FluSight-ensemble,1.3732834718499585,5824,delayed,"pilot_method=finalized,forecast_targets=flu,pathogen_inputs=flu,correction_weeks=2,joint_weight=0.1,correction_penalty=3.0,reporting_missingness=0,nowcast_weeks=4,ed_transform=logit,loss_weights=flu_hosp_ed,spatial=neighbors,decoder=quantile,width=96,epochs=240,patience=25,lr=0.0005,fit_partition=pathogen,covariate_encoder=summary,input_mode=scheduled_final,input_normalization=b0,evaluation_seasons=recent_two,training_window=recent2,stress_views=1",47
flusight,wk inc flu prop ed visits,2025-2026,natural,all,FluSight-ensemble,1.054018036687658,5768,delayed,"pilot_method=finalized,forecast_targets=flu,pathogen_inputs=flu,correction_weeks=2,joint_weight=0.1,correction_penalty=3.0,reporting_missingness=0,nowcast_weeks=4,ed_transform=logit,loss_weights=flu_hosp_ed,spatial=neighbors,decoder=quantile,width=96,epochs=240,patience=25,lr=0.0005,fit_partition=pathogen,covariate_encoder=summary,input_mode=scheduled_final,input_normalization=b0,evaluation_seasons=recent_two,training_window=recent2,stress_views=1",47
flusight,wk inc flu hosp,2024-2025,natural,all,FluSight-ensemble,0.8157364367925777,5616,raw,"pilot_method=finalized,forecast_targets=flu,pathogen_inputs=flu,correction_weeks=2,joint_weight=0.1,correction_penalty=3.0,reporting_missingness=0,nowcast_weeks=4,ed_transform=logit,loss_weights=flu_hosp_ed,spatial=neighbors,decoder=quantile,width=96,epochs=240,patience=25,lr=0.0005,fit_partition=pathogen,covariate_encoder=summary,input_mode=scheduled_final,input_normalization=b0,evaluation_seasons=recent_two,training_window=recent2,stress_views=1",48
flusight,wk inc flu hosp,2024-2025,log,all,FluSight-ensemble,0.88365770510771,5616,raw,"pilot_method=finalized,forecast_targets=flu,pathogen_inputs=flu,correction_weeks=2,joint_weight=0.1,correction_penalty=3.0,reporting_missingness=0,nowcast_weeks=4,ed_transform=logit,loss_weights=flu_hosp_ed,spatial=neighbors,decoder=quantile,width=96,epochs=240,patience=25,lr=0.0005,fit_partition=pathogen,covariate_encoder=summary,input_mode=scheduled_final,input_normalization=b0,evaluation_seasons=recent_two,training_window=recent2,stress_views=1",48
flusight,wk inc flu hosp,2025-2026,natural,all,FluSight-ensemble,1.021713812320691,5824,raw,"pilot_method=finalized,forecast_targets=flu,pathogen_inputs=flu,correction_weeks=2,joint_weight=0.1,correction_penalty=3.0,reporting_missingness=0,nowcast_weeks=4,ed_transform=logit,loss_weights=flu_hosp_ed,spatial=neighbors,decoder=quantile,width=96,epochs=240,patience=25,lr=0.0005,fit_partition=pathogen,covariate_encoder=summary,input_mode=scheduled_final,input_normalization=b0,evaluation_seasons=recent_two,training_window=recent2,stress_views=1",48
flusight,wk inc flu hosp,2025-2026,log,all,FluSight-ensemble,0.951687999808056,5824,raw,"pilot_method=finalized,forecast_targets=flu,pathogen_inputs=flu,correction_weeks=2,joint_weight=0.1,correction_penalty=3.0,reporting_missingness=0,nowcast_weeks=4,ed_transform=logit,loss_weights=flu_hosp_ed,spatial=neighbors,decoder=quantile,width=96,epochs=240,patience=25,lr=0.0005,fit_partition=pathogen,covariate_encoder=summary,input_mode=scheduled_final,input_normalization=b0,evaluation_seasons=recent_two,training_window=recent2,stress_views=1",48
flusight,wk inc flu prop ed visits,2025-2026,natural,all,FluSight-ensemble,1.0463675542520317,5768,raw,"pilot_method=finalized,forecast_targets=flu,pathogen_inputs=flu,correction_weeks=2,joint_weight=0.1,correction_penalty=3.0,reporting_missingness=0,nowcast_weeks=4,ed_transform=logit,loss_weights=flu_hosp_ed,spatial=neighbors,decoder=quantile,width=96,epochs=240,patience=25,lr=0.0005,fit_partition=pathogen,covariate_encoder=summary,input_mode=scheduled_final,input_normalization=b0,evaluation_seasons=recent_two,training_window=recent2,stress_views=1",48
flusight,wk inc flu hosp,2024-2025,natural,all,FluSight-ensemble,0.810524690218825,5616,half,"pilot_method=finalized,forecast_targets=flu,pathogen_inputs=flu,correction_weeks=2,joint_weight=0.1,correction_penalty=3.0,reporting_missingness=0,nowcast_weeks=4,ed_transform=logit,loss_weights=flu_hosp_ed,spatial=neighbors,decoder=quantile,width=96,epochs=240,patience=25,lr=0.0005,fit_partition=pathogen,covariate_encoder=summary,input_mode=scheduled_final,input_normalization=b0,evaluation_seasons=recent_two,training_window=recent2,stress_views=1",48
flusight,wk inc flu hosp,2024-2025,log,all,FluSight-ensemble,0.8771439621694952,5616,half,"pilot_method=finalized,forecast_targets=flu,pathogen_inputs=flu,correction_weeks=2,joint_weight=0.1,correction_penalty=3.0,reporting_missingness=0,nowcast_weeks=4,ed_transform=logit,loss_weights=flu_hosp_ed,spatial=neighbors,decoder=quantile,width=96,epochs=240,patience=25,lr=0.0005,fit_partition=pathogen,covariate_encoder=summary,input_mode=scheduled_final,input_normalization=b0,evaluation_seasons=recent_two,training_window=recent2,stress_views=1",48
flusight,wk inc flu hosp,2025-2026,natural,all,FluSight-ensemble,1.0570375612056309,5824,half,"pilot_method=finalized,forecast_targets=flu,pathogen_inputs=flu,correction_weeks=2,joint_weight=0.1,correction_penalty=3.0,reporting_missingness=0,nowcast_weeks=4,ed_transform=logit,loss_weights=flu_hosp_ed,spatial=neighbors,decoder=quantile,width=96,epochs=240,patience=25,lr=0.0005,fit_partition=pathogen,covariate_encoder=summary,input_mode=scheduled_final,input_normalization=b0,evaluation_seasons=recent_two,training_window=recent2,stress_views=1",48
flusight,wk inc flu hosp,2025-2026,log,all,FluSight-ensemble,0.9495641572765104,5824,half,"pilot_method=finalized,forecast_targets=flu,pathogen_inputs=flu,correction_weeks=2,joint_weight=0.1,correction_penalty=3.0,reporting_missingness=0,nowcast_weeks=4,ed_transform=logit,loss_weights=flu_hosp_ed,spatial=neighbors,decoder=quantile,width=96,epochs=240,patience=25,lr=0.0005,fit_partition=pathogen,covariate_encoder=summary,input_mode=scheduled_final,input_normalization=b0,evaluation_seasons=recent_two,training_window=recent2,stress_views=1",48
flusight,wk inc flu prop ed visits,2025-2026,natural,all,FluSight-ensemble,1.0459539923262566,5768,half,"pilot_method=finalized,forecast_targets=flu,pathogen_inputs=flu,correction_weeks=2,joint_weight=0.1,correction_penalty=3.0,reporting_missingness=0,nowcast_weeks=4,ed_transform=logit,loss_weights=flu_hosp_ed,spatial=neighbors,decoder=quantile,width=96,epochs=240,patience=25,lr=0.0005,fit_partition=pathogen,covariate_encoder=summary,input_mode=scheduled_final,input_normalization=b0,evaluation_seasons=recent_two,training_window=recent2,stress_views=1",48
flusight,wk inc flu hosp,2024-2025,natural,all,FluSight-ensemble,0.8061887985282705,5616,corrected,"pilot_method=finalized,forecast_targets=flu,pathogen_inputs=flu,correction_weeks=2,joint_weight=0.1,correction_penalty=3.0,reporting_missingness=0,nowcast_weeks=4,ed_transform=logit,loss_weights=flu_hosp_ed,spatial=neighbors,decoder=quantile,width=96,epochs=240,patience=25,lr=0.0005,fit_partition=pathogen,covariate_encoder=summary,input_mode=scheduled_final,input_normalization=b0,evaluation_seasons=recent_two,training_window=recent2,stress_views=1",48
flusight,wk inc flu hosp,2024-2025,log,all,FluSight-ensemble,0.8721814375750002,5616,corrected,"pilot_method=finalized,forecast_targets=flu,pathogen_inputs=flu,correction_weeks=2,joint_weight=0.1,correction_penalty=3.0,reporting_missingness=0,nowcast_weeks=4,ed_transform=logit,loss_weights=flu_hosp_ed,spatial=neighbors,decoder=quantile,width=96,epochs=240,patience=25,lr=0.0005,fit_partition=pathogen,covariate_encoder=summary,input_mode=scheduled_final,input_normalization=b0,evaluation_seasons=recent_two,training_window=recent2,stress_views=1",48
flusight,wk inc flu hosp,2025-2026,natural,all,FluSight-ensemble,1.1072377598754448,5824,corrected,"pilot_method=finalized,forecast_targets=flu,pathogen_inputs=flu,correction_weeks=2,joint_weight=0.1,correction_penalty=3.0,reporting_missingness=0,nowcast_weeks=4,ed_transform=logit,loss_weights=flu_hosp_ed,spatial=neighbors,decoder=quantile,width=96,epochs=240,patience=25,lr=0.0005,fit_partition=pathogen,covariate_encoder=summary,input_mode=scheduled_final,input_normalization=b0,evaluation_seasons=recent_two,training_window=recent2,stress_views=1",48
flusight,wk inc flu hosp,2025-2026,log,all,FluSight-ensemble,0.9763009132664816,5824,corrected,"pilot_method=finalized,forecast_targets=flu,pathogen_inputs=flu,correction_weeks=2,joint_weight=0.1,correction_penalty=3.0,reporting_missingness=0,nowcast_weeks=4,ed_transform=logit,loss_weights=flu_hosp_ed,spatial=neighbors,decoder=quantile,width=96,epochs=240,patience=25,lr=0.0005,fit_partition=pathogen,covariate_encoder=summary,input_mode=scheduled_final,input_normalization=b0,evaluation_seasons=recent_two,training_window=recent2,stress_views=1",48
flusight,wk inc flu prop ed visits,2025-2026,natural,all,FluSight-ensemble,1.045383125401671,5768,corrected,"pilot_method=finalized,forecast_targets=flu,pathogen_inputs=flu,correction_weeks=2,joint_weight=0.1,correction_penalty=3.0,reporting_missingness=0,nowcast_weeks=4,ed_transform=logit,loss_weights=flu_hosp_ed,spatial=neighbors,decoder=quantile,width=96,epochs=240,patience=25,lr=0.0005,fit_partition=pathogen,covariate_encoder=summary,input_mode=scheduled_final,input_normalization=b0,evaluation_seasons=recent_two,training_window=recent2,stress_views=1",48
flusight,wk inc flu hosp,2024-2025,natural,all,FluSight-ensemble,0.7950611783179742,5616,calibrated,"pilot_method=finalized,forecast_targets=flu,pathogen_inputs=flu,correction_weeks=2,joint_weight=0.1,correction_penalty=3.0,reporting_missingness=0,nowcast_weeks=4,ed_transform=logit,loss_weights=flu_hosp_ed,spatial=neighbors,decoder=quantile,width=96,epochs=240,patience=25,lr=0.0005,fit_partition=pathogen,covariate_encoder=summary,input_mode=scheduled_final,input_normalization=b0,evaluation_seasons=recent_two,training_window=recent2,stress_views=1",48
flusight,wk inc flu hosp,2024-2025,log,all,FluSight-ensemble,0.9034645977159548,5616,calibrated,"pilot_method=finalized,forecast_targets=flu,pathogen_inputs=flu,correction_weeks=2,joint_weight=0.1,correction_penalty=3.0,reporting_missingness=0,nowcast_weeks=4,ed_transform=logit,loss_weights=flu_hosp_ed,spatial=neighbors,decoder=quantile,width=96,epochs=240,patience=25,lr=0.0005,fit_partition=pathogen,covariate_encoder=summary,input_mode=scheduled_final,input_normalization=b0,evaluation_seasons=recent_two,training_window=recent2,stress_views=1",48
flusight,wk inc flu hosp,2025-2026,natural,all,FluSight-ensemble,1.0848574062592058,5824,calibrated,"pilot_method=finalized,forecast_targets=flu,pathogen_inputs=flu,correction_weeks=2,joint_weight=0.1,correction_penalty=3.0,reporting_missingness=0,nowcast_weeks=4,ed_transform=logit,loss_weights=flu_hosp_ed,spatial=neighbors,decoder=quantile,width=96,epochs=240,patience=25,lr=0.0005,fit_partition=pathogen,covariate_encoder=summary,input_mode=scheduled_final,input_normalization=b0,evaluation_seasons=recent_two,training_window=recent2,stress_views=1",48
flusight,wk inc flu hosp,2025-2026,log,all,FluSight-ensemble,0.955804726588237,5824,calibrated,"pilot_method=finalized,forecast_targets=flu,pathogen_inputs=flu,correction_weeks=2,joint_weight=0.1,correction_penalty=3.0,reporting_missingness=0,nowcast_weeks=4,ed_transform=logit,loss_weights=flu_hosp_ed,spatial=neighbors,decoder=quantile,width=96,epochs=240,patience=25,lr=0.0005,fit_partition=pathogen,covariate_encoder=summary,input_mode=scheduled_final,input_normalization=b0,evaluation_seasons=recent_two,training_window=recent2,stress_views=1",48
flusight,wk inc flu prop ed visits,2025-2026,natural,all,FluSight-ensemble,1.0364753161989868,5768,calibrated,"pilot_method=finalized,forecast_targets=flu,pathogen_inputs=flu,correction_weeks=2,joint_weight=0.1,correction_penalty=3.0,reporting_missingness=0,nowcast_weeks=4,ed_transform=logit,loss_weights=flu_hosp_ed,spatial=neighbors,decoder=quantile,width=96,epochs=240,patience=25,lr=0.0005,fit_partition=pathogen,covariate_encoder=summary,input_mode=scheduled_final,input_normalization=b0,evaluation_seasons=recent_two,training_window=recent2,stress_views=1",48
flusight,wk inc flu hosp,2024-2025,natural,all,FluSight-ensemble,0.7814831260142405,5616,delayed,"pilot_method=finalized,forecast_targets=flu,pathogen_inputs=flu,correction_weeks=2,joint_weight=0.1,correction_penalty=3.0,reporting_missingness=0,nowcast_weeks=4,ed_transform=logit,loss_weights=flu_hosp_ed,spatial=neighbors,decoder=quantile,width=96,epochs=240,patience=25,lr=0.0005,fit_partition=pathogen,covariate_encoder=summary,input_mode=scheduled_final,input_normalization=b0,evaluation_seasons=recent_two,training_window=recent2,stress_views=1",48
flusight,wk inc flu hosp,2024-2025,log,all,FluSight-ensemble,0.8186546223669003,5616,delayed,"pilot_method=finalized,forecast_targets=flu,pathogen_inputs=flu,correction_weeks=2,joint_weight=0.1,correction_penalty=3.0,reporting_missingness=0,nowcast_weeks=4,ed_transform=logit,loss_weights=flu_hosp_ed,spatial=neighbors,decoder=quantile,width=96,epochs=240,patience=25,lr=0.0005,fit_partition=pathogen,covariate_encoder=summary,input_mode=scheduled_final,input_normalization=b0,evaluation_seasons=recent_two,training_window=recent2,stress_views=1",48
flusight,wk inc flu hosp,2025-2026,natural,all,FluSight-ensemble,1.5207806121109635,5824,delayed,"pilot_method=finalized,forecast_targets=flu,pathogen_inputs=flu,correction_weeks=2,joint_weight=0.1,correction_penalty=3.0,reporting_missingness=0,nowcast_weeks=4,ed_transform=logit,loss_weights=flu_hosp_ed,spatial=neighbors,decoder=quantile,width=96,epochs=240,patience=25,lr=0.0005,fit_partition=pathogen,covariate_encoder=summary,input_mode=scheduled_final,input_normalization=b0,evaluation_seasons=recent_two,training_window=recent2,stress_views=1",48
flusight,wk inc flu hosp,2025-2026,log,all,FluSight-ensemble,1.3740909308073102,5824,delayed,"pilot_method=finalized,forecast_targets=flu,pathogen_inputs=flu,correction_weeks=2,joint_weight=0.1,correction_penalty=3.0,reporting_missingness=0,nowcast_weeks=4,ed_transform=logit,loss_weights=flu_hosp_ed,spatial=neighbors,decoder=quantile,width=96,epochs=240,patience=25,lr=0.0005,fit_partition=pathogen,covariate_encoder=summary,input_mode=scheduled_final,input_normalization=b0,evaluation_seasons=recent_two,training_window=recent2,stress_views=1",48
flusight,wk inc flu prop ed visits,2025-2026,natural,all,FluSight-ensemble,1.043453340505541,5768,delayed,"pilot_method=finalized,forecast_targets=flu,pathogen_inputs=flu,correction_weeks=2,joint_weight=0.1,correction_penalty=3.0,reporting_missingness=0,nowcast_weeks=4,ed_transform=logit,loss_weights=flu_hosp_ed,spatial=neighbors,decoder=quantile,width=96,epochs=240,patience=25,lr=0.0005,fit_partition=pathogen,covariate_encoder=summary,input_mode=scheduled_final,input_normalization=b0,evaluation_seasons=recent_two,training_window=recent2,stress_views=1",48
flusight,wk inc flu hosp,2024-2025,natural,all,FluSight-ensemble,1.177709658093142,5616,raw,"pilot_method=finalized,forecast_targets=flu,pathogen_inputs=flu,correction_weeks=2,joint_weight=0.1,correction_penalty=3.0,reporting_missingness=0,nowcast_weeks=4,ed_transform=logit,loss_weights=flu_hosp_ed,spatial=neighbors,decoder=quantile,width=96,epochs=240,patience=25,lr=0.0005,fit_partition=pathogen,covariate_encoder=summary,input_mode=scheduled_final,input_normalization=b0,evaluation_seasons=recent_two,stress_views=1",44
flusight,wk inc flu hosp,2024-2025,log,all,FluSight-ensemble,1.1850840646333265,5616,raw,"pilot_method=finalized,forecast_targets=flu,pathogen_inputs=flu,correction_weeks=2,joint_weight=0.1,correction_penalty=3.0,reporting_missingness=0,nowcast_weeks=4,ed_transform=logit,loss_weights=flu_hosp_ed,spatial=neighbors,decoder=quantile,width=96,epochs=240,patience=25,lr=0.0005,fit_partition=pathogen,covariate_encoder=summary,input_mode=scheduled_final,input_normalization=b0,evaluation_seasons=recent_two,stress_views=1",44
flusight,wk inc flu hosp,2025-2026,natural,all,FluSight-ensemble,0.9491717500555208,5824,raw,"pilot_method=finalized,forecast_targets=flu,pathogen_inputs=flu,correction_weeks=2,joint_weight=0.1,correction_penalty=3.0,reporting_missingness=0,nowcast_weeks=4,ed_transform=logit,loss_weights=flu_hosp_ed,spatial=neighbors,decoder=quantile,width=96,epochs=240,patience=25,lr=0.0005,fit_partition=pathogen,covariate_encoder=summary,input_mode=scheduled_final,input_normalization=b0,evaluation_seasons=recent_two,stress_views=1",44
flusight,wk inc flu hosp,2025-2026,log,all,FluSight-ensemble,1.0024064745510348,5824,raw,"pilot_method=finalized,forecast_targets=flu,pathogen_inputs=flu,correction_weeks=2,joint_weight=0.1,correction_penalty=3.0,reporting_missingness=0,nowcast_weeks=4,ed_transform=logit,loss_weights=flu_hosp_ed,spatial=neighbors,decoder=quantile,width=96,epochs=240,patience=25,lr=0.0005,fit_partition=pathogen,covariate_encoder=summary,input_mode=scheduled_final,input_normalization=b0,evaluation_seasons=recent_two,stress_views=1",44
flusight,wk inc flu prop ed visits,2025-2026,natural,all,FluSight-ensemble,1.021560717369841,5768,raw,"pilot_method=finalized,forecast_targets=flu,pathogen_inputs=flu,correction_weeks=2,joint_weight=0.1,correction_penalty=3.0,reporting_missingness=0,nowcast_weeks=4,ed_transform=logit,loss_weights=flu_hosp_ed,spatial=neighbors,decoder=quantile,width=96,epochs=240,patience=25,lr=0.0005,fit_partition=pathogen,covariate_encoder=summary,input_mode=scheduled_final,input_normalization=b0,evaluation_seasons=recent_two,stress_views=1",44
flusight,wk inc flu hosp,2024-2025,natural,all,FluSight-ensemble,1.118744484895135,5616,half,"pilot_method=finalized,forecast_targets=flu,pathogen_inputs=flu,correction_weeks=2,joint_weight=0.1,correction_penalty=3.0,reporting_missingness=0,nowcast_weeks=4,ed_transform=logit,loss_weights=flu_hosp_ed,spatial=neighbors,decoder=quantile,width=96,epochs=240,patience=25,lr=0.0005,fit_partition=pathogen,covariate_encoder=summary,input_mode=scheduled_final,input_normalization=b0,evaluation_seasons=recent_two,stress_views=1",44
flusight,wk inc flu hosp,2024-2025,log,all,FluSight-ensemble,1.0944384978175177,5616,half,"pilot_method=finalized,forecast_targets=flu,pathogen_inputs=flu,correction_weeks=2,joint_weight=0.1,correction_penalty=3.0,reporting_missingness=0,nowcast_weeks=4,ed_transform=logit,loss_weights=flu_hosp_ed,spatial=neighbors,decoder=quantile,width=96,epochs=240,patience=25,lr=0.0005,fit_partition=pathogen,covariate_encoder=summary,input_mode=scheduled_final,input_normalization=b0,evaluation_seasons=recent_two,stress_views=1",44
flusight,wk inc flu hosp,2025-2026,natural,all,FluSight-ensemble,0.9507767800209792,5824,half,"pilot_method=finalized,forecast_targets=flu,pathogen_inputs=flu,correction_weeks=2,joint_weight=0.1,correction_penalty=3.0,reporting_missingness=0,nowcast_weeks=4,ed_transform=logit,loss_weights=flu_hosp_ed,spatial=neighbors,decoder=quantile,width=96,epochs=240,patience=25,lr=0.0005,fit_partition=pathogen,covariate_encoder=summary,input_mode=scheduled_final,input_normalization=b0,evaluation_seasons=recent_two,stress_views=1",44
flusight,wk inc flu hosp,2025-2026,log,all,FluSight-ensemble,0.9370548804007612,5824,half,"pilot_method=finalized,forecast_targets=flu,pathogen_inputs=flu,correction_weeks=2,joint_weight=0.1,correction_penalty=3.0,reporting_missingness=0,nowcast_weeks=4,ed_transform=logit,loss_weights=flu_hosp_ed,spatial=neighbors,decoder=quantile,width=96,epochs=240,patience=25,lr=0.0005,fit_partition=pathogen,covariate_encoder=summary,input_mode=scheduled_final,input_normalization=b0,evaluation_seasons=recent_two,stress_views=1",44
flusight,wk inc flu prop ed visits,2025-2026,natural,all,FluSight-ensemble,1.021293827174539,5768,half,"pilot_method=finalized,forecast_targets=flu,pathogen_inputs=flu,correction_weeks=2,joint_weight=0.1,correction_penalty=3.0,reporting_missingness=0,nowcast_weeks=4,ed_transform=logit,loss_weights=flu_hosp_ed,spatial=neighbors,decoder=quantile,width=96,epochs=240,patience=25,lr=0.0005,fit_partition=pathogen,covariate_encoder=summary,input_mode=scheduled_final,input_normalization=b0,evaluation_seasons=recent_two,stress_views=1",44
flusight,wk inc flu hosp,2024-2025,natural,all,FluSight-ensemble,1.0683788235897749,5616,corrected,"pilot_method=finalized,forecast_targets=flu,pathogen_inputs=flu,correction_weeks=2,joint_weight=0.1,correction_penalty=3.0,reporting_missingness=0,nowcast_weeks=4,ed_transform=logit,loss_weights=flu_hosp_ed,spatial=neighbors,decoder=quantile,width=96,epochs=240,patience=25,lr=0.0005,fit_partition=pathogen,covariate_encoder=summary,input_mode=scheduled_final,input_normalization=b0,evaluation_seasons=recent_two,stress_views=1",44
flusight,wk inc flu hosp,2024-2025,log,all,FluSight-ensemble,1.0254040853121529,5616,corrected,"pilot_method=finalized,forecast_targets=flu,pathogen_inputs=flu,correction_weeks=2,joint_weight=0.1,correction_penalty=3.0,reporting_missingness=0,nowcast_weeks=4,ed_transform=logit,loss_weights=flu_hosp_ed,spatial=neighbors,decoder=quantile,width=96,epochs=240,patience=25,lr=0.0005,fit_partition=pathogen,covariate_encoder=summary,input_mode=scheduled_final,input_normalization=b0,evaluation_seasons=recent_two,stress_views=1",44
flusight,wk inc flu hosp,2025-2026,natural,all,FluSight-ensemble,0.9670733610702076,5824,corrected,"pilot_method=finalized,forecast_targets=flu,pathogen_inputs=flu,correction_weeks=2,joint_weight=0.1,correction_penalty=3.0,reporting_missingness=0,nowcast_weeks=4,ed_transform=logit,loss_weights=flu_hosp_ed,spatial=neighbors,decoder=quantile,width=96,epochs=240,patience=25,lr=0.0005,fit_partition=pathogen,covariate_encoder=summary,input_mode=scheduled_final,input_normalization=b0,evaluation_seasons=recent_two,stress_views=1",44
flusight,wk inc flu hosp,2025-2026,log,all,FluSight-ensemble,0.91202614627324,5824,corrected,"pilot_method=finalized,forecast_targets=flu,pathogen_inputs=flu,correction_weeks=2,joint_weight=0.1,correction_penalty=3.0,reporting_missingness=0,nowcast_weeks=4,ed_transform=logit,loss_weights=flu_hosp_ed,spatial=neighbors,decoder=quantile,width=96,epochs=240,patience=25,lr=0.0005,fit_partition=pathogen,covariate_encoder=summary,input_mode=scheduled_final,input_normalization=b0,evaluation_seasons=recent_two,stress_views=1",44
flusight,wk inc flu prop ed visits,2025-2026,natural,all,FluSight-ensemble,1.0209079915834849,5768,corrected,"pilot_method=finalized,forecast_targets=flu,pathogen_inputs=flu,correction_weeks=2,joint_weight=0.1,correction_penalty=3.0,reporting_missingness=0,nowcast_weeks=4,ed_transform=logit,loss_weights=flu_hosp_ed,spatial=neighbors,decoder=quantile,width=96,epochs=240,patience=25,lr=0.0005,fit_partition=pathogen,covariate_encoder=summary,input_mode=scheduled_final,input_normalization=b0,evaluation_seasons=recent_two,stress_views=1",44
flusight,wk inc flu hosp,2024-2025,natural,all,FluSight-ensemble,1.0184484068722943,5616,calibrated,"pilot_method=finalized,forecast_targets=flu,pathogen_inputs=flu,correction_weeks=2,joint_weight=0.1,correction_penalty=3.0,reporting_missingness=0,nowcast_weeks=4,ed_transform=logit,loss_weights=flu_hosp_ed,spatial=neighbors,decoder=quantile,width=96,epochs=240,patience=25,lr=0.0005,fit_partition=pathogen,covariate_encoder=summary,input_mode=scheduled_final,input_normalization=b0,evaluation_seasons=recent_two,stress_views=1",44
flusight,wk inc flu hosp,2024-2025,log,all,FluSight-ensemble,1.0978863298714043,5616,calibrated,"pilot_method=finalized,forecast_targets=flu,pathogen_inputs=flu,correction_weeks=2,joint_weight=0.1,correction_penalty=3.0,reporting_missingness=0,nowcast_weeks=4,ed_transform=logit,loss_weights=flu_hosp_ed,spatial=neighbors,decoder=quantile,width=96,epochs=240,patience=25,lr=0.0005,fit_partition=pathogen,covariate_encoder=summary,input_mode=scheduled_final,input_normalization=b0,evaluation_seasons=recent_two,stress_views=1",44
flusight,wk inc flu hosp,2025-2026,natural,all,FluSight-ensemble,0.9536056205014536,5824,calibrated,"pilot_method=finalized,forecast_targets=flu,pathogen_inputs=flu,correction_weeks=2,joint_weight=0.1,correction_penalty=3.0,reporting_missingness=0,nowcast_weeks=4,ed_transform=logit,loss_weights=flu_hosp_ed,spatial=neighbors,decoder=quantile,width=96,epochs=240,patience=25,lr=0.0005,fit_partition=pathogen,covariate_encoder=summary,input_mode=scheduled_final,input_normalization=b0,evaluation_seasons=recent_two,stress_views=1",44
flusight,wk inc flu hosp,2025-2026,log,all,FluSight-ensemble,0.926271001253925,5824,calibrated,"pilot_method=finalized,forecast_targets=flu,pathogen_inputs=flu,correction_weeks=2,joint_weight=0.1,correction_penalty=3.0,reporting_missingness=0,nowcast_weeks=4,ed_transform=logit,loss_weights=flu_hosp_ed,spatial=neighbors,decoder=quantile,width=96,epochs=240,patience=25,lr=0.0005,fit_partition=pathogen,covariate_encoder=summary,input_mode=scheduled_final,input_normalization=b0,evaluation_seasons=recent_two,stress_views=1",44
flusight,wk inc flu prop ed visits,2025-2026,natural,all,FluSight-ensemble,1.0053504248261764,5768,calibrated,"pilot_method=finalized,forecast_targets=flu,pathogen_inputs=flu,correction_weeks=2,joint_weight=0.1,correction_penalty=3.0,reporting_missingness=0,nowcast_weeks=4,ed_transform=logit,loss_weights=flu_hosp_ed,spatial=neighbors,decoder=quantile,width=96,epochs=240,patience=25,lr=0.0005,fit_partition=pathogen,covariate_encoder=summary,input_mode=scheduled_final,input_normalization=b0,evaluation_seasons=recent_two,stress_views=1",44
flusight,wk inc flu hosp,2024-2025,natural,all,FluSight-ensemble,0.9992584585529144,5616,delayed,"pilot_method=finalized,forecast_targets=flu,pathogen_inputs=flu,correction_weeks=2,joint_weight=0.1,correction_penalty=3.0,reporting_missingness=0,nowcast_weeks=4,ed_transform=logit,loss_weights=flu_hosp_ed,spatial=neighbors,decoder=quantile,width=96,epochs=240,patience=25,lr=0.0005,fit_partition=pathogen,covariate_encoder=summary,input_mode=scheduled_final,input_normalization=b0,evaluation_seasons=recent_two,stress_views=1",44
flusight,wk inc flu hosp,2024-2025,log,all,FluSight-ensemble,0.9737819245399232,5616,delayed,"pilot_method=finalized,forecast_targets=flu,pathogen_inputs=flu,correction_weeks=2,joint_weight=0.1,correction_penalty=3.0,reporting_missingness=0,nowcast_weeks=4,ed_transform=logit,loss_weights=flu_hosp_ed,spatial=neighbors,decoder=quantile,width=96,epochs=240,patience=25,lr=0.0005,fit_partition=pathogen,covariate_encoder=summary,input_mode=scheduled_final,input_normalization=b0,evaluation_seasons=recent_two,stress_views=1",44
flusight,wk inc flu hosp,2025-2026,natural,all,FluSight-ensemble,1.1140366750398116,5824,delayed,"pilot_method=finalized,forecast_targets=flu,pathogen_inputs=flu,correction_weeks=2,joint_weight=0.1,correction_penalty=3.0,reporting_missingness=0,nowcast_weeks=4,ed_transform=logit,loss_weights=flu_hosp_ed,spatial=neighbors,decoder=quantile,width=96,epochs=240,patience=25,lr=0.0005,fit_partition=pathogen,covariate_encoder=summary,input_mode=scheduled_final,input_normalization=b0,evaluation_seasons=recent_two,stress_views=1",44
flusight,wk inc flu hosp,2025-2026,log,all,FluSight-ensemble,1.1348132465990095,5824,delayed,"pilot_method=finalized,forecast_targets=flu,pathogen_inputs=flu,correction_weeks=2,joint_weight=0.1,correction_penalty=3.0,reporting_missingness=0,nowcast_weeks=4,ed_transform=logit,loss_weights=flu_hosp_ed,spatial=neighbors,decoder=quantile,width=96,epochs=240,patience=25,lr=0.0005,fit_partition=pathogen,covariate_encoder=summary,input_mode=scheduled_final,input_normalization=b0,evaluation_seasons=recent_two,stress_views=1",44
flusight,wk inc flu prop ed visits,2025-2026,natural,all,FluSight-ensemble,1.027010144935876,5768,delayed,"pilot_method=finalized,forecast_targets=flu,pathogen_inputs=flu,correction_weeks=2,joint_weight=0.1,correction_penalty=3.0,reporting_missingness=0,nowcast_weeks=4,ed_transform=logit,loss_weights=flu_hosp_ed,spatial=neighbors,decoder=quantile,width=96,epochs=240,patience=25,lr=0.0005,fit_partition=pathogen,covariate_encoder=summary,input_mode=scheduled_final,input_normalization=b0,evaluation_seasons=recent_two,stress_views=1",44
flusight,wk inc flu hosp,2024-2025,natural,all,FluSight-ensemble,0.9012796412472394,5616,raw,"pilot_method=finalized,forecast_targets=flu,pathogen_inputs=flu,correction_weeks=2,joint_weight=0.1,correction_penalty=3.0,reporting_missingness=0,nowcast_weeks=4,ed_transform=logit,loss_weights=flu_hosp_ed,spatial=neighbors,decoder=quantile,width=96,epochs=240,patience=25,lr=0.0005,fit_partition=pathogen,covariate_encoder=summary,input_mode=scheduled_final,input_normalization=b0,evaluation_seasons=recent_two,stress_views=1",45
flusight,wk inc flu hosp,2024-2025,log,all,FluSight-ensemble,0.8828306045465036,5616,raw,"pilot_method=finalized,forecast_targets=flu,pathogen_inputs=flu,correction_weeks=2,joint_weight=0.1,correction_penalty=3.0,reporting_missingness=0,nowcast_weeks=4,ed_transform=logit,loss_weights=flu_hosp_ed,spatial=neighbors,decoder=quantile,width=96,epochs=240,patience=25,lr=0.0005,fit_partition=pathogen,covariate_encoder=summary,input_mode=scheduled_final,input_normalization=b0,evaluation_seasons=recent_two,stress_views=1",45
flusight,wk inc flu hosp,2025-2026,natural,all,FluSight-ensemble,0.8679754605770444,5824,raw,"pilot_method=finalized,forecast_targets=flu,pathogen_inputs=flu,correction_weeks=2,joint_weight=0.1,correction_penalty=3.0,reporting_missingness=0,nowcast_weeks=4,ed_transform=logit,loss_weights=flu_hosp_ed,spatial=neighbors,decoder=quantile,width=96,epochs=240,patience=25,lr=0.0005,fit_partition=pathogen,covariate_encoder=summary,input_mode=scheduled_final,input_normalization=b0,evaluation_seasons=recent_two,stress_views=1",45
flusight,wk inc flu hosp,2025-2026,log,all,FluSight-ensemble,1.004069074560306,5824,raw,"pilot_method=finalized,forecast_targets=flu,pathogen_inputs=flu,correction_weeks=2,joint_weight=0.1,correction_penalty=3.0,reporting_missingness=0,nowcast_weeks=4,ed_transform=logit,loss_weights=flu_hosp_ed,spatial=neighbors,decoder=quantile,width=96,epochs=240,patience=25,lr=0.0005,fit_partition=pathogen,covariate_encoder=summary,input_mode=scheduled_final,input_normalization=b0,evaluation_seasons=recent_two,stress_views=1",45
flusight,wk inc flu prop ed visits,2025-2026,natural,all,FluSight-ensemble,0.9261570837297852,5768,raw,"pilot_method=finalized,forecast_targets=flu,pathogen_inputs=flu,correction_weeks=2,joint_weight=0.1,correction_penalty=3.0,reporting_missingness=0,nowcast_weeks=4,ed_transform=logit,loss_weights=flu_hosp_ed,spatial=neighbors,decoder=quantile,width=96,epochs=240,patience=25,lr=0.0005,fit_partition=pathogen,covariate_encoder=summary,input_mode=scheduled_final,input_normalization=b0,evaluation_seasons=recent_two,stress_views=1",45
flusight,wk inc flu hosp,2024-2025,natural,all,FluSight-ensemble,0.8642023125227553,5616,half,"pilot_method=finalized,forecast_targets=flu,pathogen_inputs=flu,correction_weeks=2,joint_weight=0.1,correction_penalty=3.0,reporting_missingness=0,nowcast_weeks=4,ed_transform=logit,loss_weights=flu_hosp_ed,spatial=neighbors,decoder=quantile,width=96,epochs=240,patience=25,lr=0.0005,fit_partition=pathogen,covariate_encoder=summary,input_mode=scheduled_final,input_normalization=b0,evaluation_seasons=recent_two,stress_views=1",45
flusight,wk inc flu hosp,2024-2025,log,all,FluSight-ensemble,0.8348230743968655,5616,half,"pilot_method=finalized,forecast_targets=flu,pathogen_inputs=flu,correction_weeks=2,joint_weight=0.1,correction_penalty=3.0,reporting_missingness=0,nowcast_weeks=4,ed_transform=logit,loss_weights=flu_hosp_ed,spatial=neighbors,decoder=quantile,width=96,epochs=240,patience=25,lr=0.0005,fit_partition=pathogen,covariate_encoder=summary,input_mode=scheduled_final,input_normalization=b0,evaluation_seasons=recent_two,stress_views=1",45
flusight,wk inc flu hosp,2025-2026,natural,all,FluSight-ensemble,0.8586262470441416,5824,half,"pilot_method=finalized,forecast_targets=flu,pathogen_inputs=flu,correction_weeks=2,joint_weight=0.1,correction_penalty=3.0,reporting_missingness=0,nowcast_weeks=4,ed_transform=logit,loss_weights=flu_hosp_ed,spatial=neighbors,decoder=quantile,width=96,epochs=240,patience=25,lr=0.0005,fit_partition=pathogen,covariate_encoder=summary,input_mode=scheduled_final,input_normalization=b0,evaluation_seasons=recent_two,stress_views=1",45
flusight,wk inc flu hosp,2025-2026,log,all,FluSight-ensemble,0.9271647247178376,5824,half,"pilot_method=finalized,forecast_targets=flu,pathogen_inputs=flu,correction_weeks=2,joint_weight=0.1,correction_penalty=3.0,reporting_missingness=0,nowcast_weeks=4,ed_transform=logit,loss_weights=flu_hosp_ed,spatial=neighbors,decoder=quantile,width=96,epochs=240,patience=25,lr=0.0005,fit_partition=pathogen,covariate_encoder=summary,input_mode=scheduled_final,input_normalization=b0,evaluation_seasons=recent_two,stress_views=1",45
flusight,wk inc flu prop ed visits,2025-2026,natural,all,FluSight-ensemble,0.9257184203933584,5768,half,"pilot_method=finalized,forecast_targets=flu,pathogen_inputs=flu,correction_weeks=2,joint_weight=0.1,correction_penalty=3.0,reporting_missingness=0,nowcast_weeks=4,ed_transform=logit,loss_weights=flu_hosp_ed,spatial=neighbors,decoder=quantile,width=96,epochs=240,patience=25,lr=0.0005,fit_partition=pathogen,covariate_encoder=summary,input_mode=scheduled_final,input_normalization=b0,evaluation_seasons=recent_two,stress_views=1",45
flusight,wk inc flu hosp,2024-2025,natural,all,FluSight-ensemble,0.8360515844003661,5616,corrected,"pilot_method=finalized,forecast_targets=flu,pathogen_inputs=flu,correction_weeks=2,joint_weight=0.1,correction_penalty=3.0,reporting_missingness=0,nowcast_weeks=4,ed_transform=logit,loss_weights=flu_hosp_ed,spatial=neighbors,decoder=quantile,width=96,epochs=240,patience=25,lr=0.0005,fit_partition=pathogen,covariate_encoder=summary,input_mode=scheduled_final,input_normalization=b0,evaluation_seasons=recent_two,stress_views=1",45
flusight,wk inc flu hosp,2024-2025,log,all,FluSight-ensemble,0.8029348425926853,5616,corrected,"pilot_method=finalized,forecast_targets=flu,pathogen_inputs=flu,correction_weeks=2,joint_weight=0.1,correction_penalty=3.0,reporting_missingness=0,nowcast_weeks=4,ed_transform=logit,loss_weights=flu_hosp_ed,spatial=neighbors,decoder=quantile,width=96,epochs=240,patience=25,lr=0.0005,fit_partition=pathogen,covariate_encoder=summary,input_mode=scheduled_final,input_normalization=b0,evaluation_seasons=recent_two,stress_views=1",45
flusight,wk inc flu hosp,2025-2026,natural,all,FluSight-ensemble,0.8634079982945649,5824,corrected,"pilot_method=finalized,forecast_targets=flu,pathogen_inputs=flu,correction_weeks=2,joint_weight=0.1,correction_penalty=3.0,reporting_missingness=0,nowcast_weeks=4,ed_transform=logit,loss_weights=flu_hosp_ed,spatial=neighbors,decoder=quantile,width=96,epochs=240,patience=25,lr=0.0005,fit_partition=pathogen,covariate_encoder=summary,input_mode=scheduled_final,input_normalization=b0,evaluation_seasons=recent_two,stress_views=1",45
flusight,wk inc flu hosp,2025-2026,log,all,FluSight-ensemble,0.8865169799638318,5824,corrected,"pilot_method=finalized,forecast_targets=flu,pathogen_inputs=flu,correction_weeks=2,joint_weight=0.1,correction_penalty=3.0,reporting_missingness=0,nowcast_weeks=4,ed_transform=logit,loss_weights=flu_hosp_ed,spatial=neighbors,decoder=quantile,width=96,epochs=240,patience=25,lr=0.0005,fit_partition=pathogen,covariate_encoder=summary,input_mode=scheduled_final,input_normalization=b0,evaluation_seasons=recent_two,stress_views=1",45
flusight,wk inc flu prop ed visits,2025-2026,natural,all,FluSight-ensemble,0.9252251472868716,5768,corrected,"pilot_method=finalized,forecast_targets=flu,pathogen_inputs=flu,correction_weeks=2,joint_weight=0.1,correction_penalty=3.0,reporting_missingness=0,nowcast_weeks=4,ed_transform=logit,loss_weights=flu_hosp_ed,spatial=neighbors,decoder=quantile,width=96,epochs=240,patience=25,lr=0.0005,fit_partition=pathogen,covariate_encoder=summary,input_mode=scheduled_final,input_normalization=b0,evaluation_seasons=recent_two,stress_views=1",45
flusight,wk inc flu hosp,2024-2025,natural,all,FluSight-ensemble,0.8373795187584262,5616,calibrated,"pilot_method=finalized,forecast_targets=flu,pathogen_inputs=flu,correction_weeks=2,joint_weight=0.1,correction_penalty=3.0,reporting_missingness=0,nowcast_weeks=4,ed_transform=logit,loss_weights=flu_hosp_ed,spatial=neighbors,decoder=quantile,width=96,epochs=240,patience=25,lr=0.0005,fit_partition=pathogen,covariate_encoder=summary,input_mode=scheduled_final,input_normalization=b0,evaluation_seasons=recent_two,stress_views=1",45
flusight,wk inc flu hosp,2024-2025,log,all,FluSight-ensemble,0.8760021017282412,5616,calibrated,"pilot_method=finalized,forecast_targets=flu,pathogen_inputs=flu,correction_weeks=2,joint_weight=0.1,correction_penalty=3.0,reporting_missingness=0,nowcast_weeks=4,ed_transform=logit,loss_weights=flu_hosp_ed,spatial=neighbors,decoder=quantile,width=96,epochs=240,patience=25,lr=0.0005,fit_partition=pathogen,covariate_encoder=summary,input_mode=scheduled_final,input_normalization=b0,evaluation_seasons=recent_two,stress_views=1",45
flusight,wk inc flu hosp,2025-2026,natural,all,FluSight-ensemble,0.8440801692966581,5824,calibrated,"pilot_method=finalized,forecast_targets=flu,pathogen_inputs=flu,correction_weeks=2,joint_weight=0.1,correction_penalty=3.0,reporting_missingness=0,nowcast_weeks=4,ed_transform=logit,loss_weights=flu_hosp_ed,spatial=neighbors,decoder=quantile,width=96,epochs=240,patience=25,lr=0.0005,fit_partition=pathogen,covariate_encoder=summary,input_mode=scheduled_final,input_normalization=b0,evaluation_seasons=recent_two,stress_views=1",45
flusight,wk inc flu hosp,2025-2026,log,all,FluSight-ensemble,0.8870092312409521,5824,calibrated,"pilot_method=finalized,forecast_targets=flu,pathogen_inputs=flu,correction_weeks=2,joint_weight=0.1,correction_penalty=3.0,reporting_missingness=0,nowcast_weeks=4,ed_transform=logit,loss_weights=flu_hosp_ed,spatial=neighbors,decoder=quantile,width=96,epochs=240,patience=25,lr=0.0005,fit_partition=pathogen,covariate_encoder=summary,input_mode=scheduled_final,input_normalization=b0,evaluation_seasons=recent_two,stress_views=1",45
flusight,wk inc flu prop ed visits,2025-2026,natural,all,FluSight-ensemble,0.9254753879376402,5768,calibrated,"pilot_method=finalized,forecast_targets=flu,pathogen_inputs=flu,correction_weeks=2,joint_weight=0.1,correction_penalty=3.0,reporting_missingness=0,nowcast_weeks=4,ed_transform=logit,loss_weights=flu_hosp_ed,spatial=neighbors,decoder=quantile,width=96,epochs=240,patience=25,lr=0.0005,fit_partition=pathogen,covariate_encoder=summary,input_mode=scheduled_final,input_normalization=b0,evaluation_seasons=recent_two,stress_views=1",45
flusight,wk inc flu hosp,2024-2025,natural,all,FluSight-ensemble,0.8838058281636525,5616,delayed,"pilot_method=finalized,forecast_targets=flu,pathogen_inputs=flu,correction_weeks=2,joint_weight=0.1,correction_penalty=3.0,reporting_missingness=0,nowcast_weeks=4,ed_transform=logit,loss_weights=flu_hosp_ed,spatial=neighbors,decoder=quantile,width=96,epochs=240,patience=25,lr=0.0005,fit_partition=pathogen,covariate_encoder=summary,input_mode=scheduled_final,input_normalization=b0,evaluation_seasons=recent_two,stress_views=1",45
flusight,wk inc flu hosp,2024-2025,log,all,FluSight-ensemble,0.9149122534950996,5616,delayed,"pilot_method=finalized,forecast_targets=flu,pathogen_inputs=flu,correction_weeks=2,joint_weight=0.1,correction_penalty=3.0,reporting_missingness=0,nowcast_weeks=4,ed_transform=logit,loss_weights=flu_hosp_ed,spatial=neighbors,decoder=quantile,width=96,epochs=240,patience=25,lr=0.0005,fit_partition=pathogen,covariate_encoder=summary,input_mode=scheduled_final,input_normalization=b0,evaluation_seasons=recent_two,stress_views=1",45
flusight,wk inc flu hosp,2025-2026,natural,all,FluSight-ensemble,1.0173771324960046,5824,delayed,"pilot_method=finalized,forecast_targets=flu,pathogen_inputs=flu,correction_weeks=2,joint_weight=0.1,correction_penalty=3.0,reporting_missingness=0,nowcast_weeks=4,ed_transform=logit,loss_weights=flu_hosp_ed,spatial=neighbors,decoder=quantile,width=96,epochs=240,patience=25,lr=0.0005,fit_partition=pathogen,covariate_encoder=summary,input_mode=scheduled_final,input_normalization=b0,evaluation_seasons=recent_two,stress_views=1",45
flusight,wk inc flu hosp,2025-2026,log,all,FluSight-ensemble,1.0809039781542091,5824,delayed,"pilot_method=finalized,forecast_targets=flu,pathogen_inputs=flu,correction_weeks=2,joint_weight=0.1,correction_penalty=3.0,reporting_missingness=0,nowcast_weeks=4,ed_transform=logit,loss_weights=flu_hosp_ed,spatial=neighbors,decoder=quantile,width=96,epochs=240,patience=25,lr=0.0005,fit_partition=pathogen,covariate_encoder=summary,input_mode=scheduled_final,input_normalization=b0,evaluation_seasons=recent_two,stress_views=1",45
flusight,wk inc flu prop ed visits,2025-2026,natural,all,FluSight-ensemble,0.965265722298882,5768,delayed,"pilot_method=finalized,forecast_targets=flu,pathogen_inputs=flu,correction_weeks=2,joint_weight=0.1,correction_penalty=3.0,reporting_missingness=0,nowcast_weeks=4,ed_transform=logit,loss_weights=flu_hosp_ed,spatial=neighbors,decoder=quantile,width=96,epochs=240,patience=25,lr=0.0005,fit_partition=pathogen,covariate_encoder=summary,input_mode=scheduled_final,input_normalization=b0,evaluation_seasons=recent_two,stress_views=1",45
flusight,wk inc flu hosp,2024-2025,natural,all,FluSight-ensemble,0.94446728945888,5616,raw,"pilot_method=finalized,forecast_targets=flu,pathogen_inputs=flu,correction_weeks=2,joint_weight=0.1,correction_penalty=3.0,reporting_missingness=0,nowcast_weeks=4,ed_transform=logit,loss_weights=flu_hosp_ed,spatial=neighbors,decoder=quantile,width=96,epochs=240,patience=25,lr=0.0005,fit_partition=pathogen,covariate_encoder=summary,input_mode=scheduled_final,input_normalization=b0,evaluation_seasons=recent_two,stress_views=1",46
flusight,wk inc flu hosp,2024-2025,log,all,FluSight-ensemble,0.9489906427901408,5616,raw,"pilot_method=finalized,forecast_targets=flu,pathogen_inputs=flu,correction_weeks=2,joint_weight=0.1,correction_penalty=3.0,reporting_missingness=0,nowcast_weeks=4,ed_transform=logit,loss_weights=flu_hosp_ed,spatial=neighbors,decoder=quantile,width=96,epochs=240,patience=25,lr=0.0005,fit_partition=pathogen,covariate_encoder=summary,input_mode=scheduled_final,input_normalization=b0,evaluation_seasons=recent_two,stress_views=1",46
flusight,wk inc flu hosp,2025-2026,natural,all,FluSight-ensemble,0.950593492530083,5824,raw,"pilot_method=finalized,forecast_targets=flu,pathogen_inputs=flu,correction_weeks=2,joint_weight=0.1,correction_penalty=3.0,reporting_missingness=0,nowcast_weeks=4,ed_transform=logit,loss_weights=flu_hosp_ed,spatial=neighbors,decoder=quantile,width=96,epochs=240,patience=25,lr=0.0005,fit_partition=pathogen,covariate_encoder=summary,input_mode=scheduled_final,input_normalization=b0,evaluation_seasons=recent_two,stress_views=1",46
flusight,wk inc flu hosp,2025-2026,log,all,FluSight-ensemble,1.051698454671966,5824,raw,"pilot_method=finalized,forecast_targets=flu,pathogen_inputs=flu,correction_weeks=2,joint_weight=0.1,correction_penalty=3.0,reporting_missingness=0,nowcast_weeks=4,ed_transform=logit,loss_weights=flu_hosp_ed,spatial=neighbors,decoder=quantile,width=96,epochs=240,patience=25,lr=0.0005,fit_partition=pathogen,covariate_encoder=summary,input_mode=scheduled_final,input_normalization=b0,evaluation_seasons=recent_two,stress_views=1",46
flusight,wk inc flu prop ed visits,2025-2026,natural,all,FluSight-ensemble,0.973212225771504,5768,raw,"pilot_method=finalized,forecast_targets=flu,pathogen_inputs=flu,correction_weeks=2,joint_weight=0.1,correction_penalty=3.0,reporting_missingness=0,nowcast_weeks=4,ed_transform=logit,loss_weights=flu_hosp_ed,spatial=neighbors,decoder=quantile,width=96,epochs=240,patience=25,lr=0.0005,fit_partition=pathogen,covariate_encoder=summary,input_mode=scheduled_final,input_normalization=b0,evaluation_seasons=recent_two,stress_views=1",46
flusight,wk inc flu hosp,2024-2025,natural,all,FluSight-ensemble,0.8985926142828577,5616,half,"pilot_method=finalized,forecast_targets=flu,pathogen_inputs=flu,correction_weeks=2,joint_weight=0.1,correction_penalty=3.0,reporting_missingness=0,nowcast_weeks=4,ed_transform=logit,loss_weights=flu_hosp_ed,spatial=neighbors,decoder=quantile,width=96,epochs=240,patience=25,lr=0.0005,fit_partition=pathogen,covariate_encoder=summary,input_mode=scheduled_final,input_normalization=b0,evaluation_seasons=recent_two,stress_views=1",46
flusight,wk inc flu hosp,2024-2025,log,all,FluSight-ensemble,0.8895394940885171,5616,half,"pilot_method=finalized,forecast_targets=flu,pathogen_inputs=flu,correction_weeks=2,joint_weight=0.1,correction_penalty=3.0,reporting_missingness=0,nowcast_weeks=4,ed_transform=logit,loss_weights=flu_hosp_ed,spatial=neighbors,decoder=quantile,width=96,epochs=240,patience=25,lr=0.0005,fit_partition=pathogen,covariate_encoder=summary,input_mode=scheduled_final,input_normalization=b0,evaluation_seasons=recent_two,stress_views=1",46
flusight,wk inc flu hosp,2025-2026,natural,all,FluSight-ensemble,0.9492919251226848,5824,half,"pilot_method=finalized,forecast_targets=flu,pathogen_inputs=flu,correction_weeks=2,joint_weight=0.1,correction_penalty=3.0,reporting_missingness=0,nowcast_weeks=4,ed_transform=logit,loss_weights=flu_hosp_ed,spatial=neighbors,decoder=quantile,width=96,epochs=240,patience=25,lr=0.0005,fit_partition=pathogen,covariate_encoder=summary,input_mode=scheduled_final,input_normalization=b0,evaluation_seasons=recent_two,stress_views=1",46
flusight,wk inc flu hosp,2025-2026,log,all,FluSight-ensemble,0.992834706593492,5824,half,"pilot_method=finalized,forecast_targets=flu,pathogen_inputs=flu,correction_weeks=2,joint_weight=0.1,correction_penalty=3.0,reporting_missingness=0,nowcast_weeks=4,ed_transform=logit,loss_weights=flu_hosp_ed,spatial=neighbors,decoder=quantile,width=96,epochs=240,patience=25,lr=0.0005,fit_partition=pathogen,covariate_encoder=summary,input_mode=scheduled_final,input_normalization=b0,evaluation_seasons=recent_two,stress_views=1",46
flusight,wk inc flu prop ed visits,2025-2026,natural,all,FluSight-ensemble,0.97308798440515,5768,half,"pilot_method=finalized,forecast_targets=flu,pathogen_inputs=flu,correction_weeks=2,joint_weight=0.1,correction_penalty=3.0,reporting_missingness=0,nowcast_weeks=4,ed_transform=logit,loss_weights=flu_hosp_ed,spatial=neighbors,decoder=quantile,width=96,epochs=240,patience=25,lr=0.0005,fit_partition=pathogen,covariate_encoder=summary,input_mode=scheduled_final,input_normalization=b0,evaluation_seasons=recent_two,stress_views=1",46
flusight,wk inc flu hosp,2024-2025,natural,all,FluSight-ensemble,0.8628557736733584,5616,corrected,"pilot_method=finalized,forecast_targets=flu,pathogen_inputs=flu,correction_weeks=2,joint_weight=0.1,correction_penalty=3.0,reporting_missingness=0,nowcast_weeks=4,ed_transform=logit,loss_weights=flu_hosp_ed,spatial=neighbors,decoder=quantile,width=96,epochs=240,patience=25,lr=0.0005,fit_partition=pathogen,covariate_encoder=summary,input_mode=scheduled_final,input_normalization=b0,evaluation_seasons=recent_two,stress_views=1",46
flusight,wk inc flu hosp,2024-2025,log,all,FluSight-ensemble,0.8490058508359454,5616,corrected,"pilot_method=finalized,forecast_targets=flu,pathogen_inputs=flu,correction_weeks=2,joint_weight=0.1,correction_penalty=3.0,reporting_missingness=0,nowcast_weeks=4,ed_transform=logit,loss_weights=flu_hosp_ed,spatial=neighbors,decoder=quantile,width=96,epochs=240,patience=25,lr=0.0005,fit_partition=pathogen,covariate_encoder=summary,input_mode=scheduled_final,input_normalization=b0,evaluation_seasons=recent_two,stress_views=1",46
flusight,wk inc flu hosp,2025-2026,natural,all,FluSight-ensemble,0.9634837062094364,5824,corrected,"pilot_method=finalized,forecast_targets=flu,pathogen_inputs=flu,correction_weeks=2,joint_weight=0.1,correction_penalty=3.0,reporting_missingness=0,nowcast_weeks=4,ed_transform=logit,loss_weights=flu_hosp_ed,spatial=neighbors,decoder=quantile,width=96,epochs=240,patience=25,lr=0.0005,fit_partition=pathogen,covariate_encoder=summary,input_mode=scheduled_final,input_normalization=b0,evaluation_seasons=recent_two,stress_views=1",46
flusight,wk inc flu hosp,2025-2026,log,all,FluSight-ensemble,0.9709955414930822,5824,corrected,"pilot_method=finalized,forecast_targets=flu,pathogen_inputs=flu,correction_weeks=2,joint_weight=0.1,correction_penalty=3.0,reporting_missingness=0,nowcast_weeks=4,ed_transform=logit,loss_weights=flu_hosp_ed,spatial=neighbors,decoder=quantile,width=96,epochs=240,patience=25,lr=0.0005,fit_partition=pathogen,covariate_encoder=summary,input_mode=scheduled_final,input_normalization=b0,evaluation_seasons=recent_two,stress_views=1",46
flusight,wk inc flu prop ed visits,2025-2026,natural,all,FluSight-ensemble,0.972889245292096,5768,corrected,"pilot_method=finalized,forecast_targets=flu,pathogen_inputs=flu,correction_weeks=2,joint_weight=0.1,correction_penalty=3.0,reporting_missingness=0,nowcast_weeks=4,ed_transform=logit,loss_weights=flu_hosp_ed,spatial=neighbors,decoder=quantile,width=96,epochs=240,patience=25,lr=0.0005,fit_partition=pathogen,covariate_encoder=summary,input_mode=scheduled_final,input_normalization=b0,evaluation_seasons=recent_two,stress_views=1",46
flusight,wk inc flu hosp,2024-2025,natural,all,FluSight-ensemble,0.8506376031862098,5616,calibrated,"pilot_method=finalized,forecast_targets=flu,pathogen_inputs=flu,correction_weeks=2,joint_weight=0.1,correction_penalty=3.0,reporting_missingness=0,nowcast_weeks=4,ed_transform=logit,loss_weights=flu_hosp_ed,spatial=neighbors,decoder=quantile,width=96,epochs=240,patience=25,lr=0.0005,fit_partition=pathogen,covariate_encoder=summary,input_mode=scheduled_final,input_normalization=b0,evaluation_seasons=recent_two,stress_views=1",46
flusight,wk inc flu hosp,2024-2025,log,all,FluSight-ensemble,0.927888889381276,5616,calibrated,"pilot_method=finalized,forecast_targets=flu,pathogen_inputs=flu,correction_weeks=2,joint_weight=0.1,correction_penalty=3.0,reporting_missingness=0,nowcast_weeks=4,ed_transform=logit,loss_weights=flu_hosp_ed,spatial=neighbors,decoder=quantile,width=96,epochs=240,patience=25,lr=0.0005,fit_partition=pathogen,covariate_encoder=summary,input_mode=scheduled_final,input_normalization=b0,evaluation_seasons=recent_two,stress_views=1",46
flusight,wk inc flu hosp,2025-2026,natural,all,FluSight-ensemble,0.9442986036736384,5824,calibrated,"pilot_method=finalized,forecast_targets=flu,pathogen_inputs=flu,correction_weeks=2,joint_weight=0.1,correction_penalty=3.0,reporting_missingness=0,nowcast_weeks=4,ed_transform=logit,loss_weights=flu_hosp_ed,spatial=neighbors,decoder=quantile,width=96,epochs=240,patience=25,lr=0.0005,fit_partition=pathogen,covariate_encoder=summary,input_mode=scheduled_final,input_normalization=b0,evaluation_seasons=recent_two,stress_views=1",46
flusight,wk inc flu hosp,2025-2026,log,all,FluSight-ensemble,0.9593977034260888,5824,calibrated,"pilot_method=finalized,forecast_targets=flu,pathogen_inputs=flu,correction_weeks=2,joint_weight=0.1,correction_penalty=3.0,reporting_missingness=0,nowcast_weeks=4,ed_transform=logit,loss_weights=flu_hosp_ed,spatial=neighbors,decoder=quantile,width=96,epochs=240,patience=25,lr=0.0005,fit_partition=pathogen,covariate_encoder=summary,input_mode=scheduled_final,input_normalization=b0,evaluation_seasons=recent_two,stress_views=1",46
flusight,wk inc flu prop ed visits,2025-2026,natural,all,FluSight-ensemble,0.9295876333320428,5768,calibrated,"pilot_method=finalized,forecast_targets=flu,pathogen_inputs=flu,correction_weeks=2,joint_weight=0.1,correction_penalty=3.0,reporting_missingness=0,nowcast_weeks=4,ed_transform=logit,loss_weights=flu_hosp_ed,spatial=neighbors,decoder=quantile,width=96,epochs=240,patience=25,lr=0.0005,fit_partition=pathogen,covariate_encoder=summary,input_mode=scheduled_final,input_normalization=b0,evaluation_seasons=recent_two,stress_views=1",46
flusight,wk inc flu hosp,2024-2025,natural,all,FluSight-ensemble,0.9783752082280852,5616,delayed,"pilot_method=finalized,forecast_targets=flu,pathogen_inputs=flu,correction_weeks=2,joint_weight=0.1,correction_penalty=3.0,reporting_missingness=0,nowcast_weeks=4,ed_transform=logit,loss_weights=flu_hosp_ed,spatial=neighbors,decoder=quantile,width=96,epochs=240,patience=25,lr=0.0005,fit_partition=pathogen,covariate_encoder=summary,input_mode=scheduled_final,input_normalization=b0,evaluation_seasons=recent_two,stress_views=1",46
flusight,wk inc flu hosp,2024-2025,log,all,FluSight-ensemble,0.981492579935925,5616,delayed,"pilot_method=finalized,forecast_targets=flu,pathogen_inputs=flu,correction_weeks=2,joint_weight=0.1,correction_penalty=3.0,reporting_missingness=0,nowcast_weeks=4,ed_transform=logit,loss_weights=flu_hosp_ed,spatial=neighbors,decoder=quantile,width=96,epochs=240,patience=25,lr=0.0005,fit_partition=pathogen,covariate_encoder=summary,input_mode=scheduled_final,input_normalization=b0,evaluation_seasons=recent_two,stress_views=1",46
flusight,wk inc flu hosp,2025-2026,natural,all,FluSight-ensemble,1.184079525778916,5824,delayed,"pilot_method=finalized,forecast_targets=flu,pathogen_inputs=flu,correction_weeks=2,joint_weight=0.1,correction_penalty=3.0,reporting_missingness=0,nowcast_weeks=4,ed_transform=logit,loss_weights=flu_hosp_ed,spatial=neighbors,decoder=quantile,width=96,epochs=240,patience=25,lr=0.0005,fit_partition=pathogen,covariate_encoder=summary,input_mode=scheduled_final,input_normalization=b0,evaluation_seasons=recent_two,stress_views=1",46
flusight,wk inc flu hosp,2025-2026,log,all,FluSight-ensemble,1.2366818284230712,5824,delayed,"pilot_method=finalized,forecast_targets=flu,pathogen_inputs=flu,correction_weeks=2,joint_weight=0.1,correction_penalty=3.0,reporting_missingness=0,nowcast_weeks=4,ed_transform=logit,loss_weights=flu_hosp_ed,spatial=neighbors,decoder=quantile,width=96,epochs=240,patience=25,lr=0.0005,fit_partition=pathogen,covariate_encoder=summary,input_mode=scheduled_final,input_normalization=b0,evaluation_seasons=recent_two,stress_views=1",46
flusight,wk inc flu prop ed visits,2025-2026,natural,all,FluSight-ensemble,1.0008529667819053,5768,delayed,"pilot_method=finalized,forecast_targets=flu,pathogen_inputs=flu,correction_weeks=2,joint_weight=0.1,correction_penalty=3.0,reporting_missingness=0,nowcast_weeks=4,ed_transform=logit,loss_weights=flu_hosp_ed,spatial=neighbors,decoder=quantile,width=96,epochs=240,patience=25,lr=0.0005,fit_partition=pathogen,covariate_encoder=summary,input_mode=scheduled_final,input_normalization=b0,evaluation_seasons=recent_two,stress_views=1",46
flusight,wk inc flu hosp,2024-2025,natural,all,FluSight-ensemble,0.9463395809376524,5616,raw,"pilot_method=finalized,forecast_targets=flu,pathogen_inputs=flu,correction_weeks=2,joint_weight=0.1,correction_penalty=3.0,reporting_missingness=0,nowcast_weeks=4,ed_transform=logit,loss_weights=flu_hosp_ed,spatial=neighbors,decoder=quantile,width=96,epochs=240,patience=25,lr=0.0005,fit_partition=pathogen,covariate_encoder=summary,input_mode=scheduled_final,input_normalization=b0,evaluation_seasons=recent_two,stress_views=1",47
flusight,wk inc flu hosp,2024-2025,log,all,FluSight-ensemble,0.990293252139464,5616,raw,"pilot_method=finalized,forecast_targets=flu,pathogen_inputs=flu,correction_weeks=2,joint_weight=0.1,correction_penalty=3.0,reporting_missingness=0,nowcast_weeks=4,ed_transform=logit,loss_weights=flu_hosp_ed,spatial=neighbors,decoder=quantile,width=96,epochs=240,patience=25,lr=0.0005,fit_partition=pathogen,covariate_encoder=summary,input_mode=scheduled_final,input_normalization=b0,evaluation_seasons=recent_two,stress_views=1",47
flusight,wk inc flu hosp,2025-2026,natural,all,FluSight-ensemble,0.8298806179092846,5824,raw,"pilot_method=finalized,forecast_targets=flu,pathogen_inputs=flu,correction_weeks=2,joint_weight=0.1,correction_penalty=3.0,reporting_missingness=0,nowcast_weeks=4,ed_transform=logit,loss_weights=flu_hosp_ed,spatial=neighbors,decoder=quantile,width=96,epochs=240,patience=25,lr=0.0005,fit_partition=pathogen,covariate_encoder=summary,input_mode=scheduled_final,input_normalization=b0,evaluation_seasons=recent_two,stress_views=1",47
flusight,wk inc flu hosp,2025-2026,log,all,FluSight-ensemble,0.9260778395584104,5824,raw,"pilot_method=finalized,forecast_targets=flu,pathogen_inputs=flu,correction_weeks=2,joint_weight=0.1,correction_penalty=3.0,reporting_missingness=0,nowcast_weeks=4,ed_transform=logit,loss_weights=flu_hosp_ed,spatial=neighbors,decoder=quantile,width=96,epochs=240,patience=25,lr=0.0005,fit_partition=pathogen,covariate_encoder=summary,input_mode=scheduled_final,input_normalization=b0,evaluation_seasons=recent_two,stress_views=1",47
flusight,wk inc flu prop ed visits,2025-2026,natural,all,FluSight-ensemble,0.8603547830450231,5768,raw,"pilot_method=finalized,forecast_targets=flu,pathogen_inputs=flu,correction_weeks=2,joint_weight=0.1,correction_penalty=3.0,reporting_missingness=0,nowcast_weeks=4,ed_transform=logit,loss_weights=flu_hosp_ed,spatial=neighbors,decoder=quantile,width=96,epochs=240,patience=25,lr=0.0005,fit_partition=pathogen,covariate_encoder=summary,input_mode=scheduled_final,input_normalization=b0,evaluation_seasons=recent_two,stress_views=1",47
flusight,wk inc flu hosp,2024-2025,natural,all,FluSight-ensemble,0.8968356179403835,5616,half,"pilot_method=finalized,forecast_targets=flu,pathogen_inputs=flu,correction_weeks=2,joint_weight=0.1,correction_penalty=3.0,reporting_missingness=0,nowcast_weeks=4,ed_transform=logit,loss_weights=flu_hosp_ed,spatial=neighbors,decoder=quantile,width=96,epochs=240,patience=25,lr=0.0005,fit_partition=pathogen,covariate_encoder=summary,input_mode=scheduled_final,input_normalization=b0,evaluation_seasons=recent_two,stress_views=1",47
flusight,wk inc flu hosp,2024-2025,log,all,FluSight-ensemble,0.9138267130797196,5616,half,"pilot_method=finalized,forecast_targets=flu,pathogen_inputs=flu,correction_weeks=2,joint_weight=0.1,correction_penalty=3.0,reporting_missingness=0,nowcast_weeks=4,ed_transform=logit,loss_weights=flu_hosp_ed,spatial=neighbors,decoder=quantile,width=96,epochs=240,patience=25,lr=0.0005,fit_partition=pathogen,covariate_encoder=summary,input_mode=scheduled_final,input_normalization=b0,evaluation_seasons=recent_two,stress_views=1",47
flusight,wk inc flu hosp,2025-2026,natural,all,FluSight-ensemble,0.8359927806402392,5824,half,"pilot_method=finalized,forecast_targets=flu,pathogen_inputs=flu,correction_weeks=2,joint_weight=0.1,correction_penalty=3.0,reporting_missingness=0,nowcast_weeks=4,ed_transform=logit,loss_weights=flu_hosp_ed,spatial=neighbors,decoder=quantile,width=96,epochs=240,patience=25,lr=0.0005,fit_partition=pathogen,covariate_encoder=summary,input_mode=scheduled_final,input_normalization=b0,evaluation_seasons=recent_two,stress_views=1",47
flusight,wk inc flu hosp,2025-2026,log,all,FluSight-ensemble,0.8709540826465217,5824,half,"pilot_method=finalized,forecast_targets=flu,pathogen_inputs=flu,correction_weeks=2,joint_weight=0.1,correction_penalty=3.0,reporting_missingness=0,nowcast_weeks=4,ed_transform=logit,loss_weights=flu_hosp_ed,spatial=neighbors,decoder=quantile,width=96,epochs=240,patience=25,lr=0.0005,fit_partition=pathogen,covariate_encoder=summary,input_mode=scheduled_final,input_normalization=b0,evaluation_seasons=recent_two,stress_views=1",47
flusight,wk inc flu prop ed visits,2025-2026,natural,all,FluSight-ensemble,0.8588161010523176,5768,half,"pilot_method=finalized,forecast_targets=flu,pathogen_inputs=flu,correction_weeks=2,joint_weight=0.1,correction_penalty=3.0,reporting_missingness=0,nowcast_weeks=4,ed_transform=logit,loss_weights=flu_hosp_ed,spatial=neighbors,decoder=quantile,width=96,epochs=240,patience=25,lr=0.0005,fit_partition=pathogen,covariate_encoder=summary,input_mode=scheduled_final,input_normalization=b0,evaluation_seasons=recent_two,stress_views=1",47
flusight,wk inc flu hosp,2024-2025,natural,all,FluSight-ensemble,0.8565546503398653,5616,corrected,"pilot_method=finalized,forecast_targets=flu,pathogen_inputs=flu,correction_weeks=2,joint_weight=0.1,correction_penalty=3.0,reporting_missingness=0,nowcast_weeks=4,ed_transform=logit,loss_weights=flu_hosp_ed,spatial=neighbors,decoder=quantile,width=96,epochs=240,patience=25,lr=0.0005,fit_partition=pathogen,covariate_encoder=summary,input_mode=scheduled_final,input_normalization=b0,evaluation_seasons=recent_two,stress_views=1",47
flusight,wk inc flu hosp,2024-2025,log,all,FluSight-ensemble,0.8564381946788273,5616,corrected,"pilot_method=finalized,forecast_targets=flu,pathogen_inputs=flu,correction_weeks=2,joint_weight=0.1,correction_penalty=3.0,reporting_missingness=0,nowcast_weeks=4,ed_transform=logit,loss_weights=flu_hosp_ed,spatial=neighbors,decoder=quantile,width=96,epochs=240,patience=25,lr=0.0005,fit_partition=pathogen,covariate_encoder=summary,input_mode=scheduled_final,input_normalization=b0,evaluation_seasons=recent_two,stress_views=1",47
flusight,wk inc flu hosp,2025-2026,natural,all,FluSight-ensemble,0.8565252264239597,5824,corrected,"pilot_method=finalized,forecast_targets=flu,pathogen_inputs=flu,correction_weeks=2,joint_weight=0.1,correction_penalty=3.0,reporting_missingness=0,nowcast_weeks=4,ed_transform=logit,loss_weights=flu_hosp_ed,spatial=neighbors,decoder=quantile,width=96,epochs=240,patience=25,lr=0.0005,fit_partition=pathogen,covariate_encoder=summary,input_mode=scheduled_final,input_normalization=b0,evaluation_seasons=recent_two,stress_views=1",47
flusight,wk inc flu hosp,2025-2026,log,all,FluSight-ensemble,0.8504969851429756,5824,corrected,"pilot_method=finalized,forecast_targets=flu,pathogen_inputs=flu,correction_weeks=2,joint_weight=0.1,correction_penalty=3.0,reporting_missingness=0,nowcast_weeks=4,ed_transform=logit,loss_weights=flu_hosp_ed,spatial=neighbors,decoder=quantile,width=96,epochs=240,patience=25,lr=0.0005,fit_partition=pathogen,covariate_encoder=summary,input_mode=scheduled_final,input_normalization=b0,evaluation_seasons=recent_two,stress_views=1",47
flusight,wk inc flu prop ed visits,2025-2026,natural,all,FluSight-ensemble,0.8572860351348266,5768,corrected,"pilot_method=finalized,forecast_targets=flu,pathogen_inputs=flu,correction_weeks=2,joint_weight=0.1,correction_penalty=3.0,reporting_missingness=0,nowcast_weeks=4,ed_transform=logit,loss_weights=flu_hosp_ed,spatial=neighbors,decoder=quantile,width=96,epochs=240,patience=25,lr=0.0005,fit_partition=pathogen,covariate_encoder=summary,input_mode=scheduled_final,input_normalization=b0,evaluation_seasons=recent_two,stress_views=1",47
flusight,wk inc flu hosp,2024-2025,natural,all,FluSight-ensemble,0.8357701732431889,5616,calibrated,"pilot_method=finalized,forecast_targets=flu,pathogen_inputs=flu,correction_weeks=2,joint_weight=0.1,correction_penalty=3.0,reporting_missingness=0,nowcast_weeks=4,ed_transform=logit,loss_weights=flu_hosp_ed,spatial=neighbors,decoder=quantile,width=96,epochs=240,patience=25,lr=0.0005,fit_partition=pathogen,covariate_encoder=summary,input_mode=scheduled_final,input_normalization=b0,evaluation_seasons=recent_two,stress_views=1",47
flusight,wk inc flu hosp,2024-2025,log,all,FluSight-ensemble,0.92086935297699,5616,calibrated,"pilot_method=finalized,forecast_targets=flu,pathogen_inputs=flu,correction_weeks=2,joint_weight=0.1,correction_penalty=3.0,reporting_missingness=0,nowcast_weeks=4,ed_transform=logit,loss_weights=flu_hosp_ed,spatial=neighbors,decoder=quantile,width=96,epochs=240,patience=25,lr=0.0005,fit_partition=pathogen,covariate_encoder=summary,input_mode=scheduled_final,input_normalization=b0,evaluation_seasons=recent_two,stress_views=1",47
flusight,wk inc flu hosp,2025-2026,natural,all,FluSight-ensemble,0.8489950260688046,5824,calibrated,"pilot_method=finalized,forecast_targets=flu,pathogen_inputs=flu,correction_weeks=2,joint_weight=0.1,correction_penalty=3.0,reporting_missingness=0,nowcast_weeks=4,ed_transform=logit,loss_weights=flu_hosp_ed,spatial=neighbors,decoder=quantile,width=96,epochs=240,patience=25,lr=0.0005,fit_partition=pathogen,covariate_encoder=summary,input_mode=scheduled_final,input_normalization=b0,evaluation_seasons=recent_two,stress_views=1",47
flusight,wk inc flu hosp,2025-2026,log,all,FluSight-ensemble,0.8715864652062155,5824,calibrated,"pilot_method=finalized,forecast_targets=flu,pathogen_inputs=flu,correction_weeks=2,joint_weight=0.1,correction_penalty=3.0,reporting_missingness=0,nowcast_weeks=4,ed_transform=logit,loss_weights=flu_hosp_ed,spatial=neighbors,decoder=quantile,width=96,epochs=240,patience=25,lr=0.0005,fit_partition=pathogen,covariate_encoder=summary,input_mode=scheduled_final,input_normalization=b0,evaluation_seasons=recent_two,stress_views=1",47
flusight,wk inc flu prop ed visits,2025-2026,natural,all,FluSight-ensemble,0.862424503816488,5768,calibrated,"pilot_method=finalized,forecast_targets=flu,pathogen_inputs=flu,correction_weeks=2,joint_weight=0.1,correction_penalty=3.0,reporting_missingness=0,nowcast_weeks=4,ed_transform=logit,loss_weights=flu_hosp_ed,spatial=neighbors,decoder=quantile,width=96,epochs=240,patience=25,lr=0.0005,fit_partition=pathogen,covariate_encoder=summary,input_mode=scheduled_final,input_normalization=b0,evaluation_seasons=recent_two,stress_views=1",47
flusight,wk inc flu hosp,2024-2025,natural,all,FluSight-ensemble,0.78490190818062,5616,delayed,"pilot_method=finalized,forecast_targets=flu,pathogen_inputs=flu,correction_weeks=2,joint_weight=0.1,correction_penalty=3.0,reporting_missingness=0,nowcast_weeks=4,ed_transform=logit,loss_weights=flu_hosp_ed,spatial=neighbors,decoder=quantile,width=96,epochs=240,patience=25,lr=0.0005,fit_partition=pathogen,covariate_encoder=summary,input_mode=scheduled_final,input_normalization=b0,evaluation_seasons=recent_two,stress_views=1",47
flusight,wk inc flu hosp,2024-2025,log,all,FluSight-ensemble,0.8041803212926389,5616,delayed,"pilot_method=finalized,forecast_targets=flu,pathogen_inputs=flu,correction_weeks=2,joint_weight=0.1,correction_penalty=3.0,reporting_missingness=0,nowcast_weeks=4,ed_transform=logit,loss_weights=flu_hosp_ed,spatial=neighbors,decoder=quantile,width=96,epochs=240,patience=25,lr=0.0005,fit_partition=pathogen,covariate_encoder=summary,input_mode=scheduled_final,input_normalization=b0,evaluation_seasons=recent_two,stress_views=1",47
flusight,wk inc flu hosp,2025-2026,natural,all,FluSight-ensemble,1.079270276721289,5824,delayed,"pilot_method=finalized,forecast_targets=flu,pathogen_inputs=flu,correction_weeks=2,joint_weight=0.1,correction_penalty=3.0,reporting_missingness=0,nowcast_weeks=4,ed_transform=logit,loss_weights=flu_hosp_ed,spatial=neighbors,decoder=quantile,width=96,epochs=240,patience=25,lr=0.0005,fit_partition=pathogen,covariate_encoder=summary,input_mode=scheduled_final,input_normalization=b0,evaluation_seasons=recent_two,stress_views=1",47
flusight,wk inc flu hosp,2025-2026,log,all,FluSight-ensemble,1.0370291785181658,5824,delayed,"pilot_method=finalized,forecast_targets=flu,pathogen_inputs=flu,correction_weeks=2,joint_weight=0.1,correction_penalty=3.0,reporting_missingness=0,nowcast_weeks=4,ed_transform=logit,loss_weights=flu_hosp_ed,spatial=neighbors,decoder=quantile,width=96,epochs=240,patience=25,lr=0.0005,fit_partition=pathogen,covariate_encoder=summary,input_mode=scheduled_final,input_normalization=b0,evaluation_seasons=recent_two,stress_views=1",47
flusight,wk inc flu prop ed visits,2025-2026,natural,all,FluSight-ensemble,0.8862835172867715,5768,delayed,"pilot_method=finalized,forecast_targets=flu,pathogen_inputs=flu,correction_weeks=2,joint_weight=0.1,correction_penalty=3.0,reporting_missingness=0,nowcast_weeks=4,ed_transform=logit,loss_weights=flu_hosp_ed,spatial=neighbors,decoder=quantile,width=96,epochs=240,patience=25,lr=0.0005,fit_partition=pathogen,covariate_encoder=summary,input_mode=scheduled_final,input_normalization=b0,evaluation_seasons=recent_two,stress_views=1",47
flusight,wk inc flu hosp,2024-2025,natural,all,FluSight-ensemble,0.816694007306011,5616,raw,"pilot_method=finalized,forecast_targets=flu,pathogen_inputs=flu,correction_weeks=2,joint_weight=0.1,correction_penalty=3.0,reporting_missingness=0,nowcast_weeks=4,ed_transform=logit,loss_weights=flu_hosp_ed,spatial=neighbors,decoder=quantile,width=96,epochs=240,patience=25,lr=0.0005,fit_partition=pathogen,covariate_encoder=summary,input_mode=scheduled_final,input_normalization=b0,evaluation_seasons=recent_two,stress_views=1",48
flusight,wk inc flu hosp,2024-2025,log,all,FluSight-ensemble,0.8252345456700865,5616,raw,"pilot_method=finalized,forecast_targets=flu,pathogen_inputs=flu,correction_weeks=2,joint_weight=0.1,correction_penalty=3.0,reporting_missingness=0,nowcast_weeks=4,ed_transform=logit,loss_weights=flu_hosp_ed,spatial=neighbors,decoder=quantile,width=96,epochs=240,patience=25,lr=0.0005,fit_partition=pathogen,covariate_encoder=summary,input_mode=scheduled_final,input_normalization=b0,evaluation_seasons=recent_two,stress_views=1",48
flusight,wk inc flu hosp,2025-2026,natural,all,FluSight-ensemble,0.7816961854235778,5824,raw,"pilot_method=finalized,forecast_targets=flu,pathogen_inputs=flu,correction_weeks=2,joint_weight=0.1,correction_penalty=3.0,reporting_missingness=0,nowcast_weeks=4,ed_transform=logit,loss_weights=flu_hosp_ed,spatial=neighbors,decoder=quantile,width=96,epochs=240,patience=25,lr=0.0005,fit_partition=pathogen,covariate_encoder=summary,input_mode=scheduled_final,input_normalization=b0,evaluation_seasons=recent_two,stress_views=1",48
flusight,wk inc flu hosp,2025-2026,log,all,FluSight-ensemble,0.8831808091209566,5824,raw,"pilot_method=finalized,forecast_targets=flu,pathogen_inputs=flu,correction_weeks=2,joint_weight=0.1,correction_penalty=3.0,reporting_missingness=0,nowcast_weeks=4,ed_transform=logit,loss_weights=flu_hosp_ed,spatial=neighbors,decoder=quantile,width=96,epochs=240,patience=25,lr=0.0005,fit_partition=pathogen,covariate_encoder=summary,input_mode=scheduled_final,input_normalization=b0,evaluation_seasons=recent_two,stress_views=1",48
flusight,wk inc flu prop ed visits,2025-2026,natural,all,FluSight-ensemble,0.7882156984760064,5768,raw,"pilot_method=finalized,forecast_targets=flu,pathogen_inputs=flu,correction_weeks=2,joint_weight=0.1,correction_penalty=3.0,reporting_missingness=0,nowcast_weeks=4,ed_transform=logit,loss_weights=flu_hosp_ed,spatial=neighbors,decoder=quantile,width=96,epochs=240,patience=25,lr=0.0005,fit_partition=pathogen,covariate_encoder=summary,input_mode=scheduled_final,input_normalization=b0,evaluation_seasons=recent_two,stress_views=1",48
flusight,wk inc flu hosp,2024-2025,natural,all,FluSight-ensemble,0.7924337341700783,5616,half,"pilot_method=finalized,forecast_targets=flu,pathogen_inputs=flu,correction_weeks=2,joint_weight=0.1,correction_penalty=3.0,reporting_missingness=0,nowcast_weeks=4,ed_transform=logit,loss_weights=flu_hosp_ed,spatial=neighbors,decoder=quantile,width=96,epochs=240,patience=25,lr=0.0005,fit_partition=pathogen,covariate_encoder=summary,input_mode=scheduled_final,input_normalization=b0,evaluation_seasons=recent_two,stress_views=1",48
flusight,wk inc flu hosp,2024-2025,log,all,FluSight-ensemble,0.7979173868390649,5616,half,"pilot_method=finalized,forecast_targets=flu,pathogen_inputs=flu,correction_weeks=2,joint_weight=0.1,correction_penalty=3.0,reporting_missingness=0,nowcast_weeks=4,ed_transform=logit,loss_weights=flu_hosp_ed,spatial=neighbors,decoder=quantile,width=96,epochs=240,patience=25,lr=0.0005,fit_partition=pathogen,covariate_encoder=summary,input_mode=scheduled_final,input_normalization=b0,evaluation_seasons=recent_two,stress_views=1",48
flusight,wk inc flu hosp,2025-2026,natural,all,FluSight-ensemble,0.7878244489898689,5824,half,"pilot_method=finalized,forecast_targets=flu,pathogen_inputs=flu,correction_weeks=2,joint_weight=0.1,correction_penalty=3.0,reporting_missingness=0,nowcast_weeks=4,ed_transform=logit,loss_weights=flu_hosp_ed,spatial=neighbors,decoder=quantile,width=96,epochs=240,patience=25,lr=0.0005,fit_partition=pathogen,covariate_encoder=summary,input_mode=scheduled_final,input_normalization=b0,evaluation_seasons=recent_two,stress_views=1",48
flusight,wk inc flu hosp,2025-2026,log,all,FluSight-ensemble,0.8405242434118219,5824,half,"pilot_method=finalized,forecast_targets=flu,pathogen_inputs=flu,correction_weeks=2,joint_weight=0.1,correction_penalty=3.0,reporting_missingness=0,nowcast_weeks=4,ed_transform=logit,loss_weights=flu_hosp_ed,spatial=neighbors,decoder=quantile,width=96,epochs=240,patience=25,lr=0.0005,fit_partition=pathogen,covariate_encoder=summary,input_mode=scheduled_final,input_normalization=b0,evaluation_seasons=recent_two,stress_views=1",48
flusight,wk inc flu prop ed visits,2025-2026,natural,all,FluSight-ensemble,0.787126256439648,5768,half,"pilot_method=finalized,forecast_targets=flu,pathogen_inputs=flu,correction_weeks=2,joint_weight=0.1,correction_penalty=3.0,reporting_missingness=0,nowcast_weeks=4,ed_transform=logit,loss_weights=flu_hosp_ed,spatial=neighbors,decoder=quantile,width=96,epochs=240,patience=25,lr=0.0005,fit_partition=pathogen,covariate_encoder=summary,input_mode=scheduled_final,input_normalization=b0,evaluation_seasons=recent_two,stress_views=1",48
flusight,wk inc flu hosp,2024-2025,natural,all,FluSight-ensemble,0.7792331026457439,5616,corrected,"pilot_method=finalized,forecast_targets=flu,pathogen_inputs=flu,correction_weeks=2,joint_weight=0.1,correction_penalty=3.0,reporting_missingness=0,nowcast_weeks=4,ed_transform=logit,loss_weights=flu_hosp_ed,spatial=neighbors,decoder=quantile,width=96,epochs=240,patience=25,lr=0.0005,fit_partition=pathogen,covariate_encoder=summary,input_mode=scheduled_final,input_normalization=b0,evaluation_seasons=recent_two,stress_views=1",48
flusight,wk inc flu hosp,2024-2025,log,all,FluSight-ensemble,0.7900338391215286,5616,corrected,"pilot_method=finalized,forecast_targets=flu,pathogen_inputs=flu,correction_weeks=2,joint_weight=0.1,correction_penalty=3.0,reporting_missingness=0,nowcast_weeks=4,ed_transform=logit,loss_weights=flu_hosp_ed,spatial=neighbors,decoder=quantile,width=96,epochs=240,patience=25,lr=0.0005,fit_partition=pathogen,covariate_encoder=summary,input_mode=scheduled_final,input_normalization=b0,evaluation_seasons=recent_two,stress_views=1",48
flusight,wk inc flu hosp,2025-2026,natural,all,FluSight-ensemble,0.8103932784101961,5824,corrected,"pilot_method=finalized,forecast_targets=flu,pathogen_inputs=flu,correction_weeks=2,joint_weight=0.1,correction_penalty=3.0,reporting_missingness=0,nowcast_weeks=4,ed_transform=logit,loss_weights=flu_hosp_ed,spatial=neighbors,decoder=quantile,width=96,epochs=240,patience=25,lr=0.0005,fit_partition=pathogen,covariate_encoder=summary,input_mode=scheduled_final,input_normalization=b0,evaluation_seasons=recent_two,stress_views=1",48
flusight,wk inc flu hosp,2025-2026,log,all,FluSight-ensemble,0.8372953419131428,5824,corrected,"pilot_method=finalized,forecast_targets=flu,pathogen_inputs=flu,correction_weeks=2,joint_weight=0.1,correction_penalty=3.0,reporting_missingness=0,nowcast_weeks=4,ed_transform=logit,loss_weights=flu_hosp_ed,spatial=neighbors,decoder=quantile,width=96,epochs=240,patience=25,lr=0.0005,fit_partition=pathogen,covariate_encoder=summary,input_mode=scheduled_final,input_normalization=b0,evaluation_seasons=recent_two,stress_views=1",48
flusight,wk inc flu prop ed visits,2025-2026,natural,all,FluSight-ensemble,0.7860260443814788,5768,corrected,"pilot_method=finalized,forecast_targets=flu,pathogen_inputs=flu,correction_weeks=2,joint_weight=0.1,correction_penalty=3.0,reporting_missingness=0,nowcast_weeks=4,ed_transform=logit,loss_weights=flu_hosp_ed,spatial=neighbors,decoder=quantile,width=96,epochs=240,patience=25,lr=0.0005,fit_partition=pathogen,covariate_encoder=summary,input_mode=scheduled_final,input_normalization=b0,evaluation_seasons=recent_two,stress_views=1",48
flusight,wk inc flu hosp,2024-2025,natural,all,FluSight-ensemble,0.8014871723683654,5616,calibrated,"pilot_method=finalized,forecast_targets=flu,pathogen_inputs=flu,correction_weeks=2,joint_weight=0.1,correction_penalty=3.0,reporting_missingness=0,nowcast_weeks=4,ed_transform=logit,loss_weights=flu_hosp_ed,spatial=neighbors,decoder=quantile,width=96,epochs=240,patience=25,lr=0.0005,fit_partition=pathogen,covariate_encoder=summary,input_mode=scheduled_final,input_normalization=b0,evaluation_seasons=recent_two,stress_views=1",48
flusight,wk inc flu hosp,2024-2025,log,all,FluSight-ensemble,0.8756614582976627,5616,calibrated,"pilot_method=finalized,forecast_targets=flu,pathogen_inputs=flu,correction_weeks=2,joint_weight=0.1,correction_penalty=3.0,reporting_missingness=0,nowcast_weeks=4,ed_transform=logit,loss_weights=flu_hosp_ed,spatial=neighbors,decoder=quantile,width=96,epochs=240,patience=25,lr=0.0005,fit_partition=pathogen,covariate_encoder=summary,input_mode=scheduled_final,input_normalization=b0,evaluation_seasons=recent_two,stress_views=1",48
flusight,wk inc flu hosp,2025-2026,natural,all,FluSight-ensemble,0.7964296909905592,5824,calibrated,"pilot_method=finalized,forecast_targets=flu,pathogen_inputs=flu,correction_weeks=2,joint_weight=0.1,correction_penalty=3.0,reporting_missingness=0,nowcast_weeks=4,ed_transform=logit,loss_weights=flu_hosp_ed,spatial=neighbors,decoder=quantile,width=96,epochs=240,patience=25,lr=0.0005,fit_partition=pathogen,covariate_encoder=summary,input_mode=scheduled_final,input_normalization=b0,evaluation_seasons=recent_two,stress_views=1",48
flusight,wk inc flu hosp,2025-2026,log,all,FluSight-ensemble,0.8338156361968989,5824,calibrated,"pilot_method=finalized,forecast_targets=flu,pathogen_inputs=flu,correction_weeks=2,joint_weight=0.1,correction_penalty=3.0,reporting_missingness=0,nowcast_weeks=4,ed_transform=logit,loss_weights=flu_hosp_ed,spatial=neighbors,decoder=quantile,width=96,epochs=240,patience=25,lr=0.0005,fit_partition=pathogen,covariate_encoder=summary,input_mode=scheduled_final,input_normalization=b0,evaluation_seasons=recent_two,stress_views=1",48
flusight,wk inc flu prop ed visits,2025-2026,natural,all,FluSight-ensemble,0.8021361895998015,5768,calibrated,"pilot_method=finalized,forecast_targets=flu,pathogen_inputs=flu,correction_weeks=2,joint_weight=0.1,correction_penalty=3.0,reporting_missingness=0,nowcast_weeks=4,ed_transform=logit,loss_weights=flu_hosp_ed,spatial=neighbors,decoder=quantile,width=96,epochs=240,patience=25,lr=0.0005,fit_partition=pathogen,covariate_encoder=summary,input_mode=scheduled_final,input_normalization=b0,evaluation_seasons=recent_two,stress_views=1",48
flusight,wk inc flu hosp,2024-2025,natural,all,FluSight-ensemble,0.9450328125040104,5616,delayed,"pilot_method=finalized,forecast_targets=flu,pathogen_inputs=flu,correction_weeks=2,joint_weight=0.1,correction_penalty=3.0,reporting_missingness=0,nowcast_weeks=4,ed_transform=logit,loss_weights=flu_hosp_ed,spatial=neighbors,decoder=quantile,width=96,epochs=240,patience=25,lr=0.0005,fit_partition=pathogen,covariate_encoder=summary,input_mode=scheduled_final,input_normalization=b0,evaluation_seasons=recent_two,stress_views=1",48
flusight,wk inc flu hosp,2024-2025,log,all,FluSight-ensemble,1.0101095560728095,5616,delayed,"pilot_method=finalized,forecast_targets=flu,pathogen_inputs=flu,correction_weeks=2,joint_weight=0.1,correction_penalty=3.0,reporting_missingness=0,nowcast_weeks=4,ed_transform=logit,loss_weights=flu_hosp_ed,spatial=neighbors,decoder=quantile,width=96,epochs=240,patience=25,lr=0.0005,fit_partition=pathogen,covariate_encoder=summary,input_mode=scheduled_final,input_normalization=b0,evaluation_seasons=recent_two,stress_views=1",48
flusight,wk inc flu hosp,2025-2026,natural,all,FluSight-ensemble,1.005499322805434,5824,delayed,"pilot_method=finalized,forecast_targets=flu,pathogen_inputs=flu,correction_weeks=2,joint_weight=0.1,correction_penalty=3.0,reporting_missingness=0,nowcast_weeks=4,ed_transform=logit,loss_weights=flu_hosp_ed,spatial=neighbors,decoder=quantile,width=96,epochs=240,patience=25,lr=0.0005,fit_partition=pathogen,covariate_encoder=summary,input_mode=scheduled_final,input_normalization=b0,evaluation_seasons=recent_two,stress_views=1",48
flusight,wk inc flu hosp,2025-2026,log,all,FluSight-ensemble,1.017246787176734,5824,delayed,"pilot_method=finalized,forecast_targets=flu,pathogen_inputs=flu,correction_weeks=2,joint_weight=0.1,correction_penalty=3.0,reporting_missingness=0,nowcast_weeks=4,ed_transform=logit,loss_weights=flu_hosp_ed,spatial=neighbors,decoder=quantile,width=96,epochs=240,patience=25,lr=0.0005,fit_partition=pathogen,covariate_encoder=summary,input_mode=scheduled_final,input_normalization=b0,evaluation_seasons=recent_two,stress_views=1",48
flusight,wk inc flu prop ed visits,2025-2026,natural,all,FluSight-ensemble,0.8166109213880154,5768,delayed,"pilot_method=finalized,forecast_targets=flu,pathogen_inputs=flu,correction_weeks=2,joint_weight=0.1,correction_penalty=3.0,reporting_missingness=0,nowcast_weeks=4,ed_transform=logit,loss_weights=flu_hosp_ed,spatial=neighbors,decoder=quantile,width=96,epochs=240,patience=25,lr=0.0005,fit_partition=pathogen,covariate_encoder=summary,input_mode=scheduled_final,input_normalization=b0,evaluation_seasons=recent_two,stress_views=1",48
flusight,wk inc flu hosp,2024-2025,natural,all,FluSight-ensemble,1.0349732057654542,5616,raw,"pilot_method=joint,forecast_targets=flu,pathogen_inputs=flu,correction_weeks=2,joint_weight=0.1,correction_penalty=3.0,reporting_missingness=0,nowcast_weeks=4,ed_transform=logit,loss_weights=flu_hosp_ed,spatial=neighbors,decoder=quantile,width=96,epochs=240,patience=25,lr=0.0005,fit_partition=pathogen,covariate_encoder=summary,input_mode=scheduled_final,input_normalization=b0,evaluation_seasons=recent_two,stress_views=1",44
flusight,wk inc flu hosp,2024-2025,log,all,FluSight-ensemble,1.233623309256557,5616,raw,"pilot_method=joint,forecast_targets=flu,pathogen_inputs=flu,correction_weeks=2,joint_weight=0.1,correction_penalty=3.0,reporting_missingness=0,nowcast_weeks=4,ed_transform=logit,loss_weights=flu_hosp_ed,spatial=neighbors,decoder=quantile,width=96,epochs=240,patience=25,lr=0.0005,fit_partition=pathogen,covariate_encoder=summary,input_mode=scheduled_final,input_normalization=b0,evaluation_seasons=recent_two,stress_views=1",44
flusight,wk inc flu hosp,2025-2026,natural,all,FluSight-ensemble,0.7847986204091448,5824,raw,"pilot_method=joint,forecast_targets=flu,pathogen_inputs=flu,correction_weeks=2,joint_weight=0.1,correction_penalty=3.0,reporting_missingness=0,nowcast_weeks=4,ed_transform=logit,loss_weights=flu_hosp_ed,spatial=neighbors,decoder=quantile,width=96,epochs=240,patience=25,lr=0.0005,fit_partition=pathogen,covariate_encoder=summary,input_mode=scheduled_final,input_normalization=b0,evaluation_seasons=recent_two,stress_views=1",44
flusight,wk inc flu hosp,2025-2026,log,all,FluSight-ensemble,0.9167597184976072,5824,raw,"pilot_method=joint,forecast_targets=flu,pathogen_inputs=flu,correction_weeks=2,joint_weight=0.1,correction_penalty=3.0,reporting_missingness=0,nowcast_weeks=4,ed_transform=logit,loss_weights=flu_hosp_ed,spatial=neighbors,decoder=quantile,width=96,epochs=240,patience=25,lr=0.0005,fit_partition=pathogen,covariate_encoder=summary,input_mode=scheduled_final,input_normalization=b0,evaluation_seasons=recent_two,stress_views=1",44
flusight,wk inc flu prop ed visits,2025-2026,natural,all,FluSight-ensemble,0.8106213296349062,5768,raw,"pilot_method=joint,forecast_targets=flu,pathogen_inputs=flu,correction_weeks=2,joint_weight=0.1,correction_penalty=3.0,reporting_missingness=0,nowcast_weeks=4,ed_transform=logit,loss_weights=flu_hosp_ed,spatial=neighbors,decoder=quantile,width=96,epochs=240,patience=25,lr=0.0005,fit_partition=pathogen,covariate_encoder=summary,input_mode=scheduled_final,input_normalization=b0,evaluation_seasons=recent_two,stress_views=1",44
flusight,wk inc flu hosp,2024-2025,natural,all,FluSight-ensemble,0.9856952825535898,5616,half,"pilot_method=joint,forecast_targets=flu,pathogen_inputs=flu,correction_weeks=2,joint_weight=0.1,correction_penalty=3.0,reporting_missingness=0,nowcast_weeks=4,ed_transform=logit,loss_weights=flu_hosp_ed,spatial=neighbors,decoder=quantile,width=96,epochs=240,patience=25,lr=0.0005,fit_partition=pathogen,covariate_encoder=summary,input_mode=scheduled_final,input_normalization=b0,evaluation_seasons=recent_two,stress_views=1",44
flusight,wk inc flu hosp,2024-2025,log,all,FluSight-ensemble,1.1520430393156984,5616,half,"pilot_method=joint,forecast_targets=flu,pathogen_inputs=flu,correction_weeks=2,joint_weight=0.1,correction_penalty=3.0,reporting_missingness=0,nowcast_weeks=4,ed_transform=logit,loss_weights=flu_hosp_ed,spatial=neighbors,decoder=quantile,width=96,epochs=240,patience=25,lr=0.0005,fit_partition=pathogen,covariate_encoder=summary,input_mode=scheduled_final,input_normalization=b0,evaluation_seasons=recent_two,stress_views=1",44
flusight,wk inc flu hosp,2025-2026,natural,all,FluSight-ensemble,0.78446254534541,5824,half,"pilot_method=joint,forecast_targets=flu,pathogen_inputs=flu,correction_weeks=2,joint_weight=0.1,correction_penalty=3.0,reporting_missingness=0,nowcast_weeks=4,ed_transform=logit,loss_weights=flu_hosp_ed,spatial=neighbors,decoder=quantile,width=96,epochs=240,patience=25,lr=0.0005,fit_partition=pathogen,covariate_encoder=summary,input_mode=scheduled_final,input_normalization=b0,evaluation_seasons=recent_two,stress_views=1",44
flusight,wk inc flu hosp,2025-2026,log,all,FluSight-ensemble,0.8626008016900505,5824,half,"pilot_method=joint,forecast_targets=flu,pathogen_inputs=flu,correction_weeks=2,joint_weight=0.1,correction_penalty=3.0,reporting_missingness=0,nowcast_weeks=4,ed_transform=logit,loss_weights=flu_hosp_ed,spatial=neighbors,decoder=quantile,width=96,epochs=240,patience=25,lr=0.0005,fit_partition=pathogen,covariate_encoder=summary,input_mode=scheduled_final,input_normalization=b0,evaluation_seasons=recent_two,stress_views=1",44
flusight,wk inc flu prop ed visits,2025-2026,natural,all,FluSight-ensemble,0.8097232925619675,5768,half,"pilot_method=joint,forecast_targets=flu,pathogen_inputs=flu,correction_weeks=2,joint_weight=0.1,correction_penalty=3.0,reporting_missingness=0,nowcast_weeks=4,ed_transform=logit,loss_weights=flu_hosp_ed,spatial=neighbors,decoder=quantile,width=96,epochs=240,patience=25,lr=0.0005,fit_partition=pathogen,covariate_encoder=summary,input_mode=scheduled_final,input_normalization=b0,evaluation_seasons=recent_two,stress_views=1",44
flusight,wk inc flu hosp,2024-2025,natural,all,FluSight-ensemble,0.944159444564964,5616,corrected,"pilot_method=joint,forecast_targets=flu,pathogen_inputs=flu,correction_weeks=2,joint_weight=0.1,correction_penalty=3.0,reporting_missingness=0,nowcast_weeks=4,ed_transform=logit,loss_weights=flu_hosp_ed,spatial=neighbors,decoder=quantile,width=96,epochs=240,patience=25,lr=0.0005,fit_partition=pathogen,covariate_encoder=summary,input_mode=scheduled_final,input_normalization=b0,evaluation_seasons=recent_two,stress_views=1",44
flusight,wk inc flu hosp,2024-2025,log,all,FluSight-ensemble,1.0859762774245454,5616,corrected,"pilot_method=joint,forecast_targets=flu,pathogen_inputs=flu,correction_weeks=2,joint_weight=0.1,correction_penalty=3.0,reporting_missingness=0,nowcast_weeks=4,ed_transform=logit,loss_weights=flu_hosp_ed,spatial=neighbors,decoder=quantile,width=96,epochs=240,patience=25,lr=0.0005,fit_partition=pathogen,covariate_encoder=summary,input_mode=scheduled_final,input_normalization=b0,evaluation_seasons=recent_two,stress_views=1",44
flusight,wk inc flu hosp,2025-2026,natural,all,FluSight-ensemble,0.7977888071166551,5824,corrected,"pilot_method=joint,forecast_targets=flu,pathogen_inputs=flu,correction_weeks=2,joint_weight=0.1,correction_penalty=3.0,reporting_missingness=0,nowcast_weeks=4,ed_transform=logit,loss_weights=flu_hosp_ed,spatial=neighbors,decoder=quantile,width=96,epochs=240,patience=25,lr=0.0005,fit_partition=pathogen,covariate_encoder=summary,input_mode=scheduled_final,input_normalization=b0,evaluation_seasons=recent_two,stress_views=1",44
flusight,wk inc flu hosp,2025-2026,log,all,FluSight-ensemble,0.8456051763697517,5824,corrected,"pilot_method=joint,forecast_targets=flu,pathogen_inputs=flu,correction_weeks=2,joint_weight=0.1,correction_penalty=3.0,reporting_missingness=0,nowcast_weeks=4,ed_transform=logit,loss_weights=flu_hosp_ed,spatial=neighbors,decoder=quantile,width=96,epochs=240,patience=25,lr=0.0005,fit_partition=pathogen,covariate_encoder=summary,input_mode=scheduled_final,input_normalization=b0,evaluation_seasons=recent_two,stress_views=1",44
flusight,wk inc flu prop ed visits,2025-2026,natural,all,FluSight-ensemble,0.8090179020403203,5768,corrected,"pilot_method=joint,forecast_targets=flu,pathogen_inputs=flu,correction_weeks=2,joint_weight=0.1,correction_penalty=3.0,reporting_missingness=0,nowcast_weeks=4,ed_transform=logit,loss_weights=flu_hosp_ed,spatial=neighbors,decoder=quantile,width=96,epochs=240,patience=25,lr=0.0005,fit_partition=pathogen,covariate_encoder=summary,input_mode=scheduled_final,input_normalization=b0,evaluation_seasons=recent_two,stress_views=1",44
flusight,wk inc flu hosp,2024-2025,natural,all,FluSight-ensemble,0.9298350414743976,5616,calibrated,"pilot_method=joint,forecast_targets=flu,pathogen_inputs=flu,correction_weeks=2,joint_weight=0.1,correction_penalty=3.0,reporting_missingness=0,nowcast_weeks=4,ed_transform=logit,loss_weights=flu_hosp_ed,spatial=neighbors,decoder=quantile,width=96,epochs=240,patience=25,lr=0.0005,fit_partition=pathogen,covariate_encoder=summary,input_mode=scheduled_final,input_normalization=b0,evaluation_seasons=recent_two,stress_views=1",44
flusight,wk inc flu hosp,2024-2025,log,all,FluSight-ensemble,1.149030774357834,5616,calibrated,"pilot_method=joint,forecast_targets=flu,pathogen_inputs=flu,correction_weeks=2,joint_weight=0.1,correction_penalty=3.0,reporting_missingness=0,nowcast_weeks=4,ed_transform=logit,loss_weights=flu_hosp_ed,spatial=neighbors,decoder=quantile,width=96,epochs=240,patience=25,lr=0.0005,fit_partition=pathogen,covariate_encoder=summary,input_mode=scheduled_final,input_normalization=b0,evaluation_seasons=recent_two,stress_views=1",44
flusight,wk inc flu hosp,2025-2026,natural,all,FluSight-ensemble,0.7872196599236979,5824,calibrated,"pilot_method=joint,forecast_targets=flu,pathogen_inputs=flu,correction_weeks=2,joint_weight=0.1,correction_penalty=3.0,reporting_missingness=0,nowcast_weeks=4,ed_transform=logit,loss_weights=flu_hosp_ed,spatial=neighbors,decoder=quantile,width=96,epochs=240,patience=25,lr=0.0005,fit_partition=pathogen,covariate_encoder=summary,input_mode=scheduled_final,input_normalization=b0,evaluation_seasons=recent_two,stress_views=1",44
flusight,wk inc flu hosp,2025-2026,log,all,FluSight-ensemble,0.841393998787484,5824,calibrated,"pilot_method=joint,forecast_targets=flu,pathogen_inputs=flu,correction_weeks=2,joint_weight=0.1,correction_penalty=3.0,reporting_missingness=0,nowcast_weeks=4,ed_transform=logit,loss_weights=flu_hosp_ed,spatial=neighbors,decoder=quantile,width=96,epochs=240,patience=25,lr=0.0005,fit_partition=pathogen,covariate_encoder=summary,input_mode=scheduled_final,input_normalization=b0,evaluation_seasons=recent_two,stress_views=1",44
flusight,wk inc flu prop ed visits,2025-2026,natural,all,FluSight-ensemble,0.7928338541888853,5768,calibrated,"pilot_method=joint,forecast_targets=flu,pathogen_inputs=flu,correction_weeks=2,joint_weight=0.1,correction_penalty=3.0,reporting_missingness=0,nowcast_weeks=4,ed_transform=logit,loss_weights=flu_hosp_ed,spatial=neighbors,decoder=quantile,width=96,epochs=240,patience=25,lr=0.0005,fit_partition=pathogen,covariate_encoder=summary,input_mode=scheduled_final,input_normalization=b0,evaluation_seasons=recent_two,stress_views=1",44
flusight,wk inc flu hosp,2024-2025,natural,all,FluSight-ensemble,1.024075972428809,5616,delayed,"pilot_method=joint,forecast_targets=flu,pathogen_inputs=flu,correction_weeks=2,joint_weight=0.1,correction_penalty=3.0,reporting_missingness=0,nowcast_weeks=4,ed_transform=logit,loss_weights=flu_hosp_ed,spatial=neighbors,decoder=quantile,width=96,epochs=240,patience=25,lr=0.0005,fit_partition=pathogen,covariate_encoder=summary,input_mode=scheduled_final,input_normalization=b0,evaluation_seasons=recent_two,stress_views=1",44
flusight,wk inc flu hosp,2024-2025,log,all,FluSight-ensemble,1.1500000940549917,5616,delayed,"pilot_method=joint,forecast_targets=flu,pathogen_inputs=flu,correction_weeks=2,joint_weight=0.1,correction_penalty=3.0,reporting_missingness=0,nowcast_weeks=4,ed_transform=logit,loss_weights=flu_hosp_ed,spatial=neighbors,decoder=quantile,width=96,epochs=240,patience=25,lr=0.0005,fit_partition=pathogen,covariate_encoder=summary,input_mode=scheduled_final,input_normalization=b0,evaluation_seasons=recent_two,stress_views=1",44
flusight,wk inc flu hosp,2025-2026,natural,all,FluSight-ensemble,1.1226110885211984,5824,delayed,"pilot_method=joint,forecast_targets=flu,pathogen_inputs=flu,correction_weeks=2,joint_weight=0.1,correction_penalty=3.0,reporting_missingness=0,nowcast_weeks=4,ed_transform=logit,loss_weights=flu_hosp_ed,spatial=neighbors,decoder=quantile,width=96,epochs=240,patience=25,lr=0.0005,fit_partition=pathogen,covariate_encoder=summary,input_mode=scheduled_final,input_normalization=b0,evaluation_seasons=recent_two,stress_views=1",44
flusight,wk inc flu hosp,2025-2026,log,all,FluSight-ensemble,1.0862222847419465,5824,delayed,"pilot_method=joint,forecast_targets=flu,pathogen_inputs=flu,correction_weeks=2,joint_weight=0.1,correction_penalty=3.0,reporting_missingness=0,nowcast_weeks=4,ed_transform=logit,loss_weights=flu_hosp_ed,spatial=neighbors,decoder=quantile,width=96,epochs=240,patience=25,lr=0.0005,fit_partition=pathogen,covariate_encoder=summary,input_mode=scheduled_final,input_normalization=b0,evaluation_seasons=recent_two,stress_views=1",44
flusight,wk inc flu prop ed visits,2025-2026,natural,all,FluSight-ensemble,0.8769107577864677,5768,delayed,"pilot_method=joint,forecast_targets=flu,pathogen_inputs=flu,correction_weeks=2,joint_weight=0.1,correction_penalty=3.0,reporting_missingness=0,nowcast_weeks=4,ed_transform=logit,loss_weights=flu_hosp_ed,spatial=neighbors,decoder=quantile,width=96,epochs=240,patience=25,lr=0.0005,fit_partition=pathogen,covariate_encoder=summary,input_mode=scheduled_final,input_normalization=b0,evaluation_seasons=recent_two,stress_views=1",44
flusight,wk inc flu hosp,2024-2025,natural,all,FluSight-ensemble,0.847636364610722,5616,raw,"pilot_method=joint,forecast_targets=flu,pathogen_inputs=flu,correction_weeks=2,joint_weight=0.1,correction_penalty=3.0,reporting_missingness=0,nowcast_weeks=4,ed_transform=logit,loss_weights=flu_hosp_ed,spatial=neighbors,decoder=quantile,width=96,epochs=240,patience=25,lr=0.0005,fit_partition=pathogen,covariate_encoder=summary,input_mode=scheduled_final,input_normalization=b0,evaluation_seasons=recent_two,stress_views=1",45
flusight,wk inc flu hosp,2024-2025,log,all,FluSight-ensemble,0.8677641585277198,5616,raw,"pilot_method=joint,forecast_targets=flu,pathogen_inputs=flu,correction_weeks=2,joint_weight=0.1,correction_penalty=3.0,reporting_missingness=0,nowcast_weeks=4,ed_transform=logit,loss_weights=flu_hosp_ed,spatial=neighbors,decoder=quantile,width=96,epochs=240,patience=25,lr=0.0005,fit_partition=pathogen,covariate_encoder=summary,input_mode=scheduled_final,input_normalization=b0,evaluation_seasons=recent_two,stress_views=1",45
flusight,wk inc flu hosp,2025-2026,natural,all,FluSight-ensemble,0.9127075572075812,5824,raw,"pilot_method=joint,forecast_targets=flu,pathogen_inputs=flu,correction_weeks=2,joint_weight=0.1,correction_penalty=3.0,reporting_missingness=0,nowcast_weeks=4,ed_transform=logit,loss_weights=flu_hosp_ed,spatial=neighbors,decoder=quantile,width=96,epochs=240,patience=25,lr=0.0005,fit_partition=pathogen,covariate_encoder=summary,input_mode=scheduled_final,input_normalization=b0,evaluation_seasons=recent_two,stress_views=1",45
flusight,wk inc flu hosp,2025-2026,log,all,FluSight-ensemble,0.9983398545924884,5824,raw,"pilot_method=joint,forecast_targets=flu,pathogen_inputs=flu,correction_weeks=2,joint_weight=0.1,correction_penalty=3.0,reporting_missingness=0,nowcast_weeks=4,ed_transform=logit,loss_weights=flu_hosp_ed,spatial=neighbors,decoder=quantile,width=96,epochs=240,patience=25,lr=0.0005,fit_partition=pathogen,covariate_encoder=summary,input_mode=scheduled_final,input_normalization=b0,evaluation_seasons=recent_two,stress_views=1",45
flusight,wk inc flu prop ed visits,2025-2026,natural,all,FluSight-ensemble,0.976353661739728,5768,raw,"pilot_method=joint,forecast_targets=flu,pathogen_inputs=flu,correction_weeks=2,joint_weight=0.1,correction_penalty=3.0,reporting_missingness=0,nowcast_weeks=4,ed_transform=logit,loss_weights=flu_hosp_ed,spatial=neighbors,decoder=quantile,width=96,epochs=240,patience=25,lr=0.0005,fit_partition=pathogen,covariate_encoder=summary,input_mode=scheduled_final,input_normalization=b0,evaluation_seasons=recent_two,stress_views=1",45
flusight,wk inc flu hosp,2024-2025,natural,all,FluSight-ensemble,0.8143939797816755,5616,half,"pilot_method=joint,forecast_targets=flu,pathogen_inputs=flu,correction_weeks=2,joint_weight=0.1,correction_penalty=3.0,reporting_missingness=0,nowcast_weeks=4,ed_transform=logit,loss_weights=flu_hosp_ed,spatial=neighbors,decoder=quantile,width=96,epochs=240,patience=25,lr=0.0005,fit_partition=pathogen,covariate_encoder=summary,input_mode=scheduled_final,input_normalization=b0,evaluation_seasons=recent_two,stress_views=1",45
flusight,wk inc flu hosp,2024-2025,log,all,FluSight-ensemble,0.821004504581957,5616,half,"pilot_method=joint,forecast_targets=flu,pathogen_inputs=flu,correction_weeks=2,joint_weight=0.1,correction_penalty=3.0,reporting_missingness=0,nowcast_weeks=4,ed_transform=logit,loss_weights=flu_hosp_ed,spatial=neighbors,decoder=quantile,width=96,epochs=240,patience=25,lr=0.0005,fit_partition=pathogen,covariate_encoder=summary,input_mode=scheduled_final,input_normalization=b0,evaluation_seasons=recent_two,stress_views=1",45
flusight,wk inc flu hosp,2025-2026,natural,all,FluSight-ensemble,0.9127499030929932,5824,half,"pilot_method=joint,forecast_targets=flu,pathogen_inputs=flu,correction_weeks=2,joint_weight=0.1,correction_penalty=3.0,reporting_missingness=0,nowcast_weeks=4,ed_transform=logit,loss_weights=flu_hosp_ed,spatial=neighbors,decoder=quantile,width=96,epochs=240,patience=25,lr=0.0005,fit_partition=pathogen,covariate_encoder=summary,input_mode=scheduled_final,input_normalization=b0,evaluation_seasons=recent_two,stress_views=1",45
flusight,wk inc flu hosp,2025-2026,log,all,FluSight-ensemble,0.9527367268564756,5824,half,"pilot_method=joint,forecast_targets=flu,pathogen_inputs=flu,correction_weeks=2,joint_weight=0.1,correction_penalty=3.0,reporting_missingness=0,nowcast_weeks=4,ed_transform=logit,loss_weights=flu_hosp_ed,spatial=neighbors,decoder=quantile,width=96,epochs=240,patience=25,lr=0.0005,fit_partition=pathogen,covariate_encoder=summary,input_mode=scheduled_final,input_normalization=b0,evaluation_seasons=recent_two,stress_views=1",45
flusight,wk inc flu prop ed visits,2025-2026,natural,all,FluSight-ensemble,0.9763894598891673,5768,half,"pilot_method=joint,forecast_targets=flu,pathogen_inputs=flu,correction_weeks=2,joint_weight=0.1,correction_penalty=3.0,reporting_missingness=0,nowcast_weeks=4,ed_transform=logit,loss_weights=flu_hosp_ed,spatial=neighbors,decoder=quantile,width=96,epochs=240,patience=25,lr=0.0005,fit_partition=pathogen,covariate_encoder=summary,input_mode=scheduled_final,input_normalization=b0,evaluation_seasons=recent_two,stress_views=1",45
flusight,wk inc flu hosp,2024-2025,natural,all,FluSight-ensemble,0.7909832188191107,5616,corrected,"pilot_method=joint,forecast_targets=flu,pathogen_inputs=flu,correction_weeks=2,joint_weight=0.1,correction_penalty=3.0,reporting_missingness=0,nowcast_weeks=4,ed_transform=logit,loss_weights=flu_hosp_ed,spatial=neighbors,decoder=quantile,width=96,epochs=240,patience=25,lr=0.0005,fit_partition=pathogen,covariate_encoder=summary,input_mode=scheduled_final,input_normalization=b0,evaluation_seasons=recent_two,stress_views=1",45
flusight,wk inc flu hosp,2024-2025,log,all,FluSight-ensemble,0.7904011679520354,5616,corrected,"pilot_method=joint,forecast_targets=flu,pathogen_inputs=flu,correction_weeks=2,joint_weight=0.1,correction_penalty=3.0,reporting_missingness=0,nowcast_weeks=4,ed_transform=logit,loss_weights=flu_hosp_ed,spatial=neighbors,decoder=quantile,width=96,epochs=240,patience=25,lr=0.0005,fit_partition=pathogen,covariate_encoder=summary,input_mode=scheduled_final,input_normalization=b0,evaluation_seasons=recent_two,stress_views=1",45
flusight,wk inc flu hosp,2025-2026,natural,all,FluSight-ensemble,0.9250913808381116,5824,corrected,"pilot_method=joint,forecast_targets=flu,pathogen_inputs=flu,correction_weeks=2,joint_weight=0.1,correction_penalty=3.0,reporting_missingness=0,nowcast_weeks=4,ed_transform=logit,loss_weights=flu_hosp_ed,spatial=neighbors,decoder=quantile,width=96,epochs=240,patience=25,lr=0.0005,fit_partition=pathogen,covariate_encoder=summary,input_mode=scheduled_final,input_normalization=b0,evaluation_seasons=recent_two,stress_views=1",45
flusight,wk inc flu hosp,2025-2026,log,all,FluSight-ensemble,0.9376020509873484,5824,corrected,"pilot_method=joint,forecast_targets=flu,pathogen_inputs=flu,correction_weeks=2,joint_weight=0.1,correction_penalty=3.0,reporting_missingness=0,nowcast_weeks=4,ed_transform=logit,loss_weights=flu_hosp_ed,spatial=neighbors,decoder=quantile,width=96,epochs=240,patience=25,lr=0.0005,fit_partition=pathogen,covariate_encoder=summary,input_mode=scheduled_final,input_normalization=b0,evaluation_seasons=recent_two,stress_views=1",45
flusight,wk inc flu prop ed visits,2025-2026,natural,all,FluSight-ensemble,0.9763963846237668,5768,corrected,"pilot_method=joint,forecast_targets=flu,pathogen_inputs=flu,correction_weeks=2,joint_weight=0.1,correction_penalty=3.0,reporting_missingness=0,nowcast_weeks=4,ed_transform=logit,loss_weights=flu_hosp_ed,spatial=neighbors,decoder=quantile,width=96,epochs=240,patience=25,lr=0.0005,fit_partition=pathogen,covariate_encoder=summary,input_mode=scheduled_final,input_normalization=b0,evaluation_seasons=recent_two,stress_views=1",45
flusight,wk inc flu hosp,2024-2025,natural,all,FluSight-ensemble,0.7807957103895478,5616,calibrated,"pilot_method=joint,forecast_targets=flu,pathogen_inputs=flu,correction_weeks=2,joint_weight=0.1,correction_penalty=3.0,reporting_missingness=0,nowcast_weeks=4,ed_transform=logit,loss_weights=flu_hosp_ed,spatial=neighbors,decoder=quantile,width=96,epochs=240,patience=25,lr=0.0005,fit_partition=pathogen,covariate_encoder=summary,input_mode=scheduled_final,input_normalization=b0,evaluation_seasons=recent_two,stress_views=1",45
flusight,wk inc flu hosp,2024-2025,log,all,FluSight-ensemble,0.8088976202222681,5616,calibrated,"pilot_method=joint,forecast_targets=flu,pathogen_inputs=flu,correction_weeks=2,joint_weight=0.1,correction_penalty=3.0,reporting_missingness=0,nowcast_weeks=4,ed_transform=logit,loss_weights=flu_hosp_ed,spatial=neighbors,decoder=quantile,width=96,epochs=240,patience=25,lr=0.0005,fit_partition=pathogen,covariate_encoder=summary,input_mode=scheduled_final,input_normalization=b0,evaluation_seasons=recent_two,stress_views=1",45
flusight,wk inc flu hosp,2025-2026,natural,all,FluSight-ensemble,0.9133894086375348,5824,calibrated,"pilot_method=joint,forecast_targets=flu,pathogen_inputs=flu,correction_weeks=2,joint_weight=0.1,correction_penalty=3.0,reporting_missingness=0,nowcast_weeks=4,ed_transform=logit,loss_weights=flu_hosp_ed,spatial=neighbors,decoder=quantile,width=96,epochs=240,patience=25,lr=0.0005,fit_partition=pathogen,covariate_encoder=summary,input_mode=scheduled_final,input_normalization=b0,evaluation_seasons=recent_two,stress_views=1",45
flusight,wk inc flu hosp,2025-2026,log,all,FluSight-ensemble,0.936099134261262,5824,calibrated,"pilot_method=joint,forecast_targets=flu,pathogen_inputs=flu,correction_weeks=2,joint_weight=0.1,correction_penalty=3.0,reporting_missingness=0,nowcast_weeks=4,ed_transform=logit,loss_weights=flu_hosp_ed,spatial=neighbors,decoder=quantile,width=96,epochs=240,patience=25,lr=0.0005,fit_partition=pathogen,covariate_encoder=summary,input_mode=scheduled_final,input_normalization=b0,evaluation_seasons=recent_two,stress_views=1",45
flusight,wk inc flu prop ed visits,2025-2026,natural,all,FluSight-ensemble,0.949906408321196,5768,calibrated,"pilot_method=joint,forecast_targets=flu,pathogen_inputs=flu,correction_weeks=2,joint_weight=0.1,correction_penalty=3.0,reporting_missingness=0,nowcast_weeks=4,ed_transform=logit,loss_weights=flu_hosp_ed,spatial=neighbors,decoder=quantile,width=96,epochs=240,patience=25,lr=0.0005,fit_partition=pathogen,covariate_encoder=summary,input_mode=scheduled_final,input_normalization=b0,evaluation_seasons=recent_two,stress_views=1",45
flusight,wk inc flu hosp,2024-2025,natural,all,FluSight-ensemble,0.8730641224087452,5616,delayed,"pilot_method=joint,forecast_targets=flu,pathogen_inputs=flu,correction_weeks=2,joint_weight=0.1,correction_penalty=3.0,reporting_missingness=0,nowcast_weeks=4,ed_transform=logit,loss_weights=flu_hosp_ed,spatial=neighbors,decoder=quantile,width=96,epochs=240,patience=25,lr=0.0005,fit_partition=pathogen,covariate_encoder=summary,input_mode=scheduled_final,input_normalization=b0,evaluation_seasons=recent_two,stress_views=1",45
flusight,wk inc flu hosp,2024-2025,log,all,FluSight-ensemble,0.9008494489921134,5616,delayed,"pilot_method=joint,forecast_targets=flu,pathogen_inputs=flu,correction_weeks=2,joint_weight=0.1,correction_penalty=3.0,reporting_missingness=0,nowcast_weeks=4,ed_transform=logit,loss_weights=flu_hosp_ed,spatial=neighbors,decoder=quantile,width=96,epochs=240,patience=25,lr=0.0005,fit_partition=pathogen,covariate_encoder=summary,input_mode=scheduled_final,input_normalization=b0,evaluation_seasons=recent_two,stress_views=1",45
flusight,wk inc flu hosp,2025-2026,natural,all,FluSight-ensemble,1.1633912673637652,5824,delayed,"pilot_method=joint,forecast_targets=flu,pathogen_inputs=flu,correction_weeks=2,joint_weight=0.1,correction_penalty=3.0,reporting_missingness=0,nowcast_weeks=4,ed_transform=logit,loss_weights=flu_hosp_ed,spatial=neighbors,decoder=quantile,width=96,epochs=240,patience=25,lr=0.0005,fit_partition=pathogen,covariate_encoder=summary,input_mode=scheduled_final,input_normalization=b0,evaluation_seasons=recent_two,stress_views=1",45
flusight,wk inc flu hosp,2025-2026,log,all,FluSight-ensemble,1.1880007904512853,5824,delayed,"pilot_method=joint,forecast_targets=flu,pathogen_inputs=flu,correction_weeks=2,joint_weight=0.1,correction_penalty=3.0,reporting_missingness=0,nowcast_weeks=4,ed_transform=logit,loss_weights=flu_hosp_ed,spatial=neighbors,decoder=quantile,width=96,epochs=240,patience=25,lr=0.0005,fit_partition=pathogen,covariate_encoder=summary,input_mode=scheduled_final,input_normalization=b0,evaluation_seasons=recent_two,stress_views=1",45
flusight,wk inc flu prop ed visits,2025-2026,natural,all,FluSight-ensemble,1.0137577802775268,5768,delayed,"pilot_method=joint,forecast_targets=flu,pathogen_inputs=flu,correction_weeks=2,joint_weight=0.1,correction_penalty=3.0,reporting_missingness=0,nowcast_weeks=4,ed_transform=logit,loss_weights=flu_hosp_ed,spatial=neighbors,decoder=quantile,width=96,epochs=240,patience=25,lr=0.0005,fit_partition=pathogen,covariate_encoder=summary,input_mode=scheduled_final,input_normalization=b0,evaluation_seasons=recent_two,stress_views=1",45
flusight,wk inc flu hosp,2024-2025,natural,all,FluSight-ensemble,0.7977917180644043,5616,raw,"pilot_method=joint,forecast_targets=flu,pathogen_inputs=flu,correction_weeks=2,joint_weight=0.1,correction_penalty=3.0,reporting_missingness=0,nowcast_weeks=4,ed_transform=logit,loss_weights=flu_hosp_ed,spatial=neighbors,decoder=quantile,width=96,epochs=240,patience=25,lr=0.0005,fit_partition=pathogen,covariate_encoder=summary,input_mode=scheduled_final,input_normalization=b0,evaluation_seasons=recent_two,stress_views=1",46
flusight,wk inc flu hosp,2024-2025,log,all,FluSight-ensemble,0.806972573689437,5616,raw,"pilot_method=joint,forecast_targets=flu,pathogen_inputs=flu,correction_weeks=2,joint_weight=0.1,correction_penalty=3.0,reporting_missingness=0,nowcast_weeks=4,ed_transform=logit,loss_weights=flu_hosp_ed,spatial=neighbors,decoder=quantile,width=96,epochs=240,patience=25,lr=0.0005,fit_partition=pathogen,covariate_encoder=summary,input_mode=scheduled_final,input_normalization=b0,evaluation_seasons=recent_two,stress_views=1",46
flusight,wk inc flu hosp,2025-2026,natural,all,FluSight-ensemble,0.9500008649593028,5824,raw,"pilot_method=joint,forecast_targets=flu,pathogen_inputs=flu,correction_weeks=2,joint_weight=0.1,correction_penalty=3.0,reporting_missingness=0,nowcast_weeks=4,ed_transform=logit,loss_weights=flu_hosp_ed,spatial=neighbors,decoder=quantile,width=96,epochs=240,patience=25,lr=0.0005,fit_partition=pathogen,covariate_encoder=summary,input_mode=scheduled_final,input_normalization=b0,evaluation_seasons=recent_two,stress_views=1",46
flusight,wk inc flu hosp,2025-2026,log,all,FluSight-ensemble,0.9265789741649824,5824,raw,"pilot_method=joint,forecast_targets=flu,pathogen_inputs=flu,correction_weeks=2,joint_weight=0.1,correction_penalty=3.0,reporting_missingness=0,nowcast_weeks=4,ed_transform=logit,loss_weights=flu_hosp_ed,spatial=neighbors,decoder=quantile,width=96,epochs=240,patience=25,lr=0.0005,fit_partition=pathogen,covariate_encoder=summary,input_mode=scheduled_final,input_normalization=b0,evaluation_seasons=recent_two,stress_views=1",46
flusight,wk inc flu prop ed visits,2025-2026,natural,all,FluSight-ensemble,0.8902290303900718,5768,raw,"pilot_method=joint,forecast_targets=flu,pathogen_inputs=flu,correction_weeks=2,joint_weight=0.1,correction_penalty=3.0,reporting_missingness=0,nowcast_weeks=4,ed_transform=logit,loss_weights=flu_hosp_ed,spatial=neighbors,decoder=quantile,width=96,epochs=240,patience=25,lr=0.0005,fit_partition=pathogen,covariate_encoder=summary,input_mode=scheduled_final,input_normalization=b0,evaluation_seasons=recent_two,stress_views=1",46
flusight,wk inc flu hosp,2024-2025,natural,all,FluSight-ensemble,0.7775897298565849,5616,half,"pilot_method=joint,forecast_targets=flu,pathogen_inputs=flu,correction_weeks=2,joint_weight=0.1,correction_penalty=3.0,reporting_missingness=0,nowcast_weeks=4,ed_transform=logit,loss_weights=flu_hosp_ed,spatial=neighbors,decoder=quantile,width=96,epochs=240,patience=25,lr=0.0005,fit_partition=pathogen,covariate_encoder=summary,input_mode=scheduled_final,input_normalization=b0,evaluation_seasons=recent_two,stress_views=1",46
flusight,wk inc flu hosp,2024-2025,log,all,FluSight-ensemble,0.7698990680092964,5616,half,"pilot_method=joint,forecast_targets=flu,pathogen_inputs=flu,correction_weeks=2,joint_weight=0.1,correction_penalty=3.0,reporting_missingness=0,nowcast_weeks=4,ed_transform=logit,loss_weights=flu_hosp_ed,spatial=neighbors,decoder=quantile,width=96,epochs=240,patience=25,lr=0.0005,fit_partition=pathogen,covariate_encoder=summary,input_mode=scheduled_final,input_normalization=b0,evaluation_seasons=recent_two,stress_views=1",46
flusight,wk inc flu hosp,2025-2026,natural,all,FluSight-ensemble,0.9902534516044682,5824,half,"pilot_method=joint,forecast_targets=flu,pathogen_inputs=flu,correction_weeks=2,joint_weight=0.1,correction_penalty=3.0,reporting_missingness=0,nowcast_weeks=4,ed_transform=logit,loss_weights=flu_hosp_ed,spatial=neighbors,decoder=quantile,width=96,epochs=240,patience=25,lr=0.0005,fit_partition=pathogen,covariate_encoder=summary,input_mode=scheduled_final,input_normalization=b0,evaluation_seasons=recent_two,stress_views=1",46
flusight,wk inc flu hosp,2025-2026,log,all,FluSight-ensemble,0.92868003425008,5824,half,"pilot_method=joint,forecast_targets=flu,pathogen_inputs=flu,correction_weeks=2,joint_weight=0.1,correction_penalty=3.0,reporting_missingness=0,nowcast_weeks=4,ed_transform=logit,loss_weights=flu_hosp_ed,spatial=neighbors,decoder=quantile,width=96,epochs=240,patience=25,lr=0.0005,fit_partition=pathogen,covariate_encoder=summary,input_mode=scheduled_final,input_normalization=b0,evaluation_seasons=recent_two,stress_views=1",46
flusight,wk inc flu prop ed visits,2025-2026,natural,all,FluSight-ensemble,0.888211898931212,5768,half,"pilot_method=joint,forecast_targets=flu,pathogen_inputs=flu,correction_weeks=2,joint_weight=0.1,correction_penalty=3.0,reporting_missingness=0,nowcast_weeks=4,ed_transform=logit,loss_weights=flu_hosp_ed,spatial=neighbors,decoder=quantile,width=96,epochs=240,patience=25,lr=0.0005,fit_partition=pathogen,covariate_encoder=summary,input_mode=scheduled_final,input_normalization=b0,evaluation_seasons=recent_two,stress_views=1",46
flusight,wk inc flu hosp,2024-2025,natural,all,FluSight-ensemble,0.7675337470860452,5616,corrected,"pilot_method=joint,forecast_targets=flu,pathogen_inputs=flu,correction_weeks=2,joint_weight=0.1,correction_penalty=3.0,reporting_missingness=0,nowcast_weeks=4,ed_transform=logit,loss_weights=flu_hosp_ed,spatial=neighbors,decoder=quantile,width=96,epochs=240,patience=25,lr=0.0005,fit_partition=pathogen,covariate_encoder=summary,input_mode=scheduled_final,input_normalization=b0,evaluation_seasons=recent_two,stress_views=1",46
flusight,wk inc flu hosp,2024-2025,log,all,FluSight-ensemble,0.7525592188439051,5616,corrected,"pilot_method=joint,forecast_targets=flu,pathogen_inputs=flu,correction_weeks=2,joint_weight=0.1,correction_penalty=3.0,reporting_missingness=0,nowcast_weeks=4,ed_transform=logit,loss_weights=flu_hosp_ed,spatial=neighbors,decoder=quantile,width=96,epochs=240,patience=25,lr=0.0005,fit_partition=pathogen,covariate_encoder=summary,input_mode=scheduled_final,input_normalization=b0,evaluation_seasons=recent_two,stress_views=1",46
flusight,wk inc flu hosp,2025-2026,natural,all,FluSight-ensemble,1.044943357047122,5824,corrected,"pilot_method=joint,forecast_targets=flu,pathogen_inputs=flu,correction_weeks=2,joint_weight=0.1,correction_penalty=3.0,reporting_missingness=0,nowcast_weeks=4,ed_transform=logit,loss_weights=flu_hosp_ed,spatial=neighbors,decoder=quantile,width=96,epochs=240,patience=25,lr=0.0005,fit_partition=pathogen,covariate_encoder=summary,input_mode=scheduled_final,input_normalization=b0,evaluation_seasons=recent_two,stress_views=1",46
flusight,wk inc flu hosp,2025-2026,log,all,FluSight-ensemble,0.9630339351477152,5824,corrected,"pilot_method=joint,forecast_targets=flu,pathogen_inputs=flu,correction_weeks=2,joint_weight=0.1,correction_penalty=3.0,reporting_missingness=0,nowcast_weeks=4,ed_transform=logit,loss_weights=flu_hosp_ed,spatial=neighbors,decoder=quantile,width=96,epochs=240,patience=25,lr=0.0005,fit_partition=pathogen,covariate_encoder=summary,input_mode=scheduled_final,input_normalization=b0,evaluation_seasons=recent_two,stress_views=1",46
flusight,wk inc flu prop ed visits,2025-2026,natural,all,FluSight-ensemble,0.8862298432081778,5768,corrected,"pilot_method=joint,forecast_targets=flu,pathogen_inputs=flu,correction_weeks=2,joint_weight=0.1,correction_penalty=3.0,reporting_missingness=0,nowcast_weeks=4,ed_transform=logit,loss_weights=flu_hosp_ed,spatial=neighbors,decoder=quantile,width=96,epochs=240,patience=25,lr=0.0005,fit_partition=pathogen,covariate_encoder=summary,input_mode=scheduled_final,input_normalization=b0,evaluation_seasons=recent_two,stress_views=1",46
flusight,wk inc flu hosp,2024-2025,natural,all,FluSight-ensemble,0.7774367652186785,5616,calibrated,"pilot_method=joint,forecast_targets=flu,pathogen_inputs=flu,correction_weeks=2,joint_weight=0.1,correction_penalty=3.0,reporting_missingness=0,nowcast_weeks=4,ed_transform=logit,loss_weights=flu_hosp_ed,spatial=neighbors,decoder=quantile,width=96,epochs=240,patience=25,lr=0.0005,fit_partition=pathogen,covariate_encoder=summary,input_mode=scheduled_final,input_normalization=b0,evaluation_seasons=recent_two,stress_views=1",46
flusight,wk inc flu hosp,2024-2025,log,all,FluSight-ensemble,0.7556305502888814,5616,calibrated,"pilot_method=joint,forecast_targets=flu,pathogen_inputs=flu,correction_weeks=2,joint_weight=0.1,correction_penalty=3.0,reporting_missingness=0,nowcast_weeks=4,ed_transform=logit,loss_weights=flu_hosp_ed,spatial=neighbors,decoder=quantile,width=96,epochs=240,patience=25,lr=0.0005,fit_partition=pathogen,covariate_encoder=summary,input_mode=scheduled_final,input_normalization=b0,evaluation_seasons=recent_two,stress_views=1",46
flusight,wk inc flu hosp,2025-2026,natural,all,FluSight-ensemble,1.032085297846106,5824,calibrated,"pilot_method=joint,forecast_targets=flu,pathogen_inputs=flu,correction_weeks=2,joint_weight=0.1,correction_penalty=3.0,reporting_missingness=0,nowcast_weeks=4,ed_transform=logit,loss_weights=flu_hosp_ed,spatial=neighbors,decoder=quantile,width=96,epochs=240,patience=25,lr=0.0005,fit_partition=pathogen,covariate_encoder=summary,input_mode=scheduled_final,input_normalization=b0,evaluation_seasons=recent_two,stress_views=1",46
flusight,wk inc flu hosp,2025-2026,log,all,FluSight-ensemble,0.9578542443963156,5824,calibrated,"pilot_method=joint,forecast_targets=flu,pathogen_inputs=flu,correction_weeks=2,joint_weight=0.1,correction_penalty=3.0,reporting_missingness=0,nowcast_weeks=4,ed_transform=logit,loss_weights=flu_hosp_ed,spatial=neighbors,decoder=quantile,width=96,epochs=240,patience=25,lr=0.0005,fit_partition=pathogen,covariate_encoder=summary,input_mode=scheduled_final,input_normalization=b0,evaluation_seasons=recent_two,stress_views=1",46
flusight,wk inc flu prop ed visits,2025-2026,natural,all,FluSight-ensemble,0.8839959675088574,5768,calibrated,"pilot_method=joint,forecast_targets=flu,pathogen_inputs=flu,correction_weeks=2,joint_weight=0.1,correction_penalty=3.0,reporting_missingness=0,nowcast_weeks=4,ed_transform=logit,loss_weights=flu_hosp_ed,spatial=neighbors,decoder=quantile,width=96,epochs=240,patience=25,lr=0.0005,fit_partition=pathogen,covariate_encoder=summary,input_mode=scheduled_final,input_normalization=b0,evaluation_seasons=recent_two,stress_views=1",46
flusight,wk inc flu hosp,2024-2025,natural,all,FluSight-ensemble,0.9014433196997592,5616,delayed,"pilot_method=joint,forecast_targets=flu,pathogen_inputs=flu,correction_weeks=2,joint_weight=0.1,correction_penalty=3.0,reporting_missingness=0,nowcast_weeks=4,ed_transform=logit,loss_weights=flu_hosp_ed,spatial=neighbors,decoder=quantile,width=96,epochs=240,patience=25,lr=0.0005,fit_partition=pathogen,covariate_encoder=summary,input_mode=scheduled_final,input_normalization=b0,evaluation_seasons=recent_two,stress_views=1",46
flusight,wk inc flu hosp,2024-2025,log,all,FluSight-ensemble,0.9110804889197534,5616,delayed,"pilot_method=joint,forecast_targets=flu,pathogen_inputs=flu,correction_weeks=2,joint_weight=0.1,correction_penalty=3.0,reporting_missingness=0,nowcast_weeks=4,ed_transform=logit,loss_weights=flu_hosp_ed,spatial=neighbors,decoder=quantile,width=96,epochs=240,patience=25,lr=0.0005,fit_partition=pathogen,covariate_encoder=summary,input_mode=scheduled_final,input_normalization=b0,evaluation_seasons=recent_two,stress_views=1",46
flusight,wk inc flu hosp,2025-2026,natural,all,FluSight-ensemble,1.283260046025275,5824,delayed,"pilot_method=joint,forecast_targets=flu,pathogen_inputs=flu,correction_weeks=2,joint_weight=0.1,correction_penalty=3.0,reporting_missingness=0,nowcast_weeks=4,ed_transform=logit,loss_weights=flu_hosp_ed,spatial=neighbors,decoder=quantile,width=96,epochs=240,patience=25,lr=0.0005,fit_partition=pathogen,covariate_encoder=summary,input_mode=scheduled_final,input_normalization=b0,evaluation_seasons=recent_two,stress_views=1",46
flusight,wk inc flu hosp,2025-2026,log,all,FluSight-ensemble,1.1790564677040267,5824,delayed,"pilot_method=joint,forecast_targets=flu,pathogen_inputs=flu,correction_weeks=2,joint_weight=0.1,correction_penalty=3.0,reporting_missingness=0,nowcast_weeks=4,ed_transform=logit,loss_weights=flu_hosp_ed,spatial=neighbors,decoder=quantile,width=96,epochs=240,patience=25,lr=0.0005,fit_partition=pathogen,covariate_encoder=summary,input_mode=scheduled_final,input_normalization=b0,evaluation_seasons=recent_two,stress_views=1",46
flusight,wk inc flu prop ed visits,2025-2026,natural,all,FluSight-ensemble,0.9083161671240764,5768,delayed,"pilot_method=joint,forecast_targets=flu,pathogen_inputs=flu,correction_weeks=2,joint_weight=0.1,correction_penalty=3.0,reporting_missingness=0,nowcast_weeks=4,ed_transform=logit,loss_weights=flu_hosp_ed,spatial=neighbors,decoder=quantile,width=96,epochs=240,patience=25,lr=0.0005,fit_partition=pathogen,covariate_encoder=summary,input_mode=scheduled_final,input_normalization=b0,evaluation_seasons=recent_two,stress_views=1",46
flusight,wk inc flu hosp,2024-2025,natural,all,FluSight-ensemble,0.8828610571552342,5616,raw,"pilot_method=joint,forecast_targets=flu,pathogen_inputs=flu,correction_weeks=2,joint_weight=0.1,correction_penalty=3.0,reporting_missingness=0,nowcast_weeks=4,ed_transform=logit,loss_weights=flu_hosp_ed,spatial=neighbors,decoder=quantile,width=96,epochs=240,patience=25,lr=0.0005,fit_partition=pathogen,covariate_encoder=summary,input_mode=scheduled_final,input_normalization=b0,evaluation_seasons=recent_two,stress_views=1",47
flusight,wk inc flu hosp,2024-2025,log,all,FluSight-ensemble,0.9086326037959744,5616,raw,"pilot_method=joint,forecast_targets=flu,pathogen_inputs=flu,correction_weeks=2,joint_weight=0.1,correction_penalty=3.0,reporting_missingness=0,nowcast_weeks=4,ed_transform=logit,loss_weights=flu_hosp_ed,spatial=neighbors,decoder=quantile,width=96,epochs=240,patience=25,lr=0.0005,fit_partition=pathogen,covariate_encoder=summary,input_mode=scheduled_final,input_normalization=b0,evaluation_seasons=recent_two,stress_views=1",47
flusight,wk inc flu hosp,2025-2026,natural,all,FluSight-ensemble,0.8804919083406281,5824,raw,"pilot_method=joint,forecast_targets=flu,pathogen_inputs=flu,correction_weeks=2,joint_weight=0.1,correction_penalty=3.0,reporting_missingness=0,nowcast_weeks=4,ed_transform=logit,loss_weights=flu_hosp_ed,spatial=neighbors,decoder=quantile,width=96,epochs=240,patience=25,lr=0.0005,fit_partition=pathogen,covariate_encoder=summary,input_mode=scheduled_final,input_normalization=b0,evaluation_seasons=recent_two,stress_views=1",47
flusight,wk inc flu hosp,2025-2026,log,all,FluSight-ensemble,0.904446889612508,5824,raw,"pilot_method=joint,forecast_targets=flu,pathogen_inputs=flu,correction_weeks=2,joint_weight=0.1,correction_penalty=3.0,reporting_missingness=0,nowcast_weeks=4,ed_transform=logit,loss_weights=flu_hosp_ed,spatial=neighbors,decoder=quantile,width=96,epochs=240,patience=25,lr=0.0005,fit_partition=pathogen,covariate_encoder=summary,input_mode=scheduled_final,input_normalization=b0,evaluation_seasons=recent_two,stress_views=1",47
flusight,wk inc flu prop ed visits,2025-2026,natural,all,FluSight-ensemble,0.8485235122447354,5768,raw,"pilot_method=joint,forecast_targets=flu,pathogen_inputs=flu,correction_weeks=2,joint_weight=0.1,correction_penalty=3.0,reporting_missingness=0,nowcast_weeks=4,ed_transform=logit,loss_weights=flu_hosp_ed,spatial=neighbors,decoder=quantile,width=96,epochs=240,patience=25,lr=0.0005,fit_partition=pathogen,covariate_encoder=summary,input_mode=scheduled_final,input_normalization=b0,evaluation_seasons=recent_two,stress_views=1",47
flusight,wk inc flu hosp,2024-2025,natural,all,FluSight-ensemble,0.845475525572085,5616,half,"pilot_method=joint,forecast_targets=flu,pathogen_inputs=flu,correction_weeks=2,joint_weight=0.1,correction_penalty=3.0,reporting_missingness=0,nowcast_weeks=4,ed_transform=logit,loss_weights=flu_hosp_ed,spatial=neighbors,decoder=quantile,width=96,epochs=240,patience=25,lr=0.0005,fit_partition=pathogen,covariate_encoder=summary,input_mode=scheduled_final,input_normalization=b0,evaluation_seasons=recent_two,stress_views=1",47
flusight,wk inc flu hosp,2024-2025,log,all,FluSight-ensemble,0.8515366088632748,5616,half,"pilot_method=joint,forecast_targets=flu,pathogen_inputs=flu,correction_weeks=2,joint_weight=0.1,correction_penalty=3.0,reporting_missingness=0,nowcast_weeks=4,ed_transform=logit,loss_weights=flu_hosp_ed,spatial=neighbors,decoder=quantile,width=96,epochs=240,patience=25,lr=0.0005,fit_partition=pathogen,covariate_encoder=summary,input_mode=scheduled_final,input_normalization=b0,evaluation_seasons=recent_two,stress_views=1",47
flusight,wk inc flu hosp,2025-2026,natural,all,FluSight-ensemble,0.9095167888525252,5824,half,"pilot_method=joint,forecast_targets=flu,pathogen_inputs=flu,correction_weeks=2,joint_weight=0.1,correction_penalty=3.0,reporting_missingness=0,nowcast_weeks=4,ed_transform=logit,loss_weights=flu_hosp_ed,spatial=neighbors,decoder=quantile,width=96,epochs=240,patience=25,lr=0.0005,fit_partition=pathogen,covariate_encoder=summary,input_mode=scheduled_final,input_normalization=b0,evaluation_seasons=recent_two,stress_views=1",47
flusight,wk inc flu hosp,2025-2026,log,all,FluSight-ensemble,0.8837783886165371,5824,half,"pilot_method=joint,forecast_targets=flu,pathogen_inputs=flu,correction_weeks=2,joint_weight=0.1,correction_penalty=3.0,reporting_missingness=0,nowcast_weeks=4,ed_transform=logit,loss_weights=flu_hosp_ed,spatial=neighbors,decoder=quantile,width=96,epochs=240,patience=25,lr=0.0005,fit_partition=pathogen,covariate_encoder=summary,input_mode=scheduled_final,input_normalization=b0,evaluation_seasons=recent_two,stress_views=1",47
flusight,wk inc flu prop ed visits,2025-2026,natural,all,FluSight-ensemble,0.8462648646378506,5768,half,"pilot_method=joint,forecast_targets=flu,pathogen_inputs=flu,correction_weeks=2,joint_weight=0.1,correction_penalty=3.0,reporting_missingness=0,nowcast_weeks=4,ed_transform=logit,loss_weights=flu_hosp_ed,spatial=neighbors,decoder=quantile,width=96,epochs=240,patience=25,lr=0.0005,fit_partition=pathogen,covariate_encoder=summary,input_mode=scheduled_final,input_normalization=b0,evaluation_seasons=recent_two,stress_views=1",47
flusight,wk inc flu hosp,2024-2025,natural,all,FluSight-ensemble,0.816028785009513,5616,corrected,"pilot_method=joint,forecast_targets=flu,pathogen_inputs=flu,correction_weeks=2,joint_weight=0.1,correction_penalty=3.0,reporting_missingness=0,nowcast_weeks=4,ed_transform=logit,loss_weights=flu_hosp_ed,spatial=neighbors,decoder=quantile,width=96,epochs=240,patience=25,lr=0.0005,fit_partition=pathogen,covariate_encoder=summary,input_mode=scheduled_final,input_normalization=b0,evaluation_seasons=recent_two,stress_views=1",47
flusight,wk inc flu hosp,2024-2025,log,all,FluSight-ensemble,0.811041870964015,5616,corrected,"pilot_method=joint,forecast_targets=flu,pathogen_inputs=flu,correction_weeks=2,joint_weight=0.1,correction_penalty=3.0,reporting_missingness=0,nowcast_weeks=4,ed_transform=logit,loss_weights=flu_hosp_ed,spatial=neighbors,decoder=quantile,width=96,epochs=240,patience=25,lr=0.0005,fit_partition=pathogen,covariate_encoder=summary,input_mode=scheduled_final,input_normalization=b0,evaluation_seasons=recent_two,stress_views=1",47
flusight,wk inc flu hosp,2025-2026,natural,all,FluSight-ensemble,0.9519016229319552,5824,corrected,"pilot_method=joint,forecast_targets=flu,pathogen_inputs=flu,correction_weeks=2,joint_weight=0.1,correction_penalty=3.0,reporting_missingness=0,nowcast_weeks=4,ed_transform=logit,loss_weights=flu_hosp_ed,spatial=neighbors,decoder=quantile,width=96,epochs=240,patience=25,lr=0.0005,fit_partition=pathogen,covariate_encoder=summary,input_mode=scheduled_final,input_normalization=b0,evaluation_seasons=recent_two,stress_views=1",47
flusight,wk inc flu hosp,2025-2026,log,all,FluSight-ensemble,0.89504639789456,5824,corrected,"pilot_method=joint,forecast_targets=flu,pathogen_inputs=flu,correction_weeks=2,joint_weight=0.1,correction_penalty=3.0,reporting_missingness=0,nowcast_weeks=4,ed_transform=logit,loss_weights=flu_hosp_ed,spatial=neighbors,decoder=quantile,width=96,epochs=240,patience=25,lr=0.0005,fit_partition=pathogen,covariate_encoder=summary,input_mode=scheduled_final,input_normalization=b0,evaluation_seasons=recent_two,stress_views=1",47
flusight,wk inc flu prop ed visits,2025-2026,natural,all,FluSight-ensemble,0.8442019793119301,5768,corrected,"pilot_method=joint,forecast_targets=flu,pathogen_inputs=flu,correction_weeks=2,joint_weight=0.1,correction_penalty=3.0,reporting_missingness=0,nowcast_weeks=4,ed_transform=logit,loss_weights=flu_hosp_ed,spatial=neighbors,decoder=quantile,width=96,epochs=240,patience=25,lr=0.0005,fit_partition=pathogen,covariate_encoder=summary,input_mode=scheduled_final,input_normalization=b0,evaluation_seasons=recent_two,stress_views=1",47
flusight,wk inc flu hosp,2024-2025,natural,all,FluSight-ensemble,0.7998236462890556,5616,calibrated,"pilot_method=joint,forecast_targets=flu,pathogen_inputs=flu,correction_weeks=2,joint_weight=0.1,correction_penalty=3.0,reporting_missingness=0,nowcast_weeks=4,ed_transform=logit,loss_weights=flu_hosp_ed,spatial=neighbors,decoder=quantile,width=96,epochs=240,patience=25,lr=0.0005,fit_partition=pathogen,covariate_encoder=summary,input_mode=scheduled_final,input_normalization=b0,evaluation_seasons=recent_two,stress_views=1",47
flusight,wk inc flu hosp,2024-2025,log,all,FluSight-ensemble,0.8433246871533755,5616,calibrated,"pilot_method=joint,forecast_targets=flu,pathogen_inputs=flu,correction_weeks=2,joint_weight=0.1,correction_penalty=3.0,reporting_missingness=0,nowcast_weeks=4,ed_transform=logit,loss_weights=flu_hosp_ed,spatial=neighbors,decoder=quantile,width=96,epochs=240,patience=25,lr=0.0005,fit_partition=pathogen,covariate_encoder=summary,input_mode=scheduled_final,input_normalization=b0,evaluation_seasons=recent_two,stress_views=1",47
flusight,wk inc flu hosp,2025-2026,natural,all,FluSight-ensemble,0.9459714978980858,5824,calibrated,"pilot_method=joint,forecast_targets=flu,pathogen_inputs=flu,correction_weeks=2,joint_weight=0.1,correction_penalty=3.0,reporting_missingness=0,nowcast_weeks=4,ed_transform=logit,loss_weights=flu_hosp_ed,spatial=neighbors,decoder=quantile,width=96,epochs=240,patience=25,lr=0.0005,fit_partition=pathogen,covariate_encoder=summary,input_mode=scheduled_final,input_normalization=b0,evaluation_seasons=recent_two,stress_views=1",47
flusight,wk inc flu hosp,2025-2026,log,all,FluSight-ensemble,0.8909746862381525,5824,calibrated,"pilot_method=joint,forecast_targets=flu,pathogen_inputs=flu,correction_weeks=2,joint_weight=0.1,correction_penalty=3.0,reporting_missingness=0,nowcast_weeks=4,ed_transform=logit,loss_weights=flu_hosp_ed,spatial=neighbors,decoder=quantile,width=96,epochs=240,patience=25,lr=0.0005,fit_partition=pathogen,covariate_encoder=summary,input_mode=scheduled_final,input_normalization=b0,evaluation_seasons=recent_two,stress_views=1",47
flusight,wk inc flu prop ed visits,2025-2026,natural,all,FluSight-ensemble,0.8341060837332747,5768,calibrated,"pilot_method=joint,forecast_targets=flu,pathogen_inputs=flu,correction_weeks=2,joint_weight=0.1,correction_penalty=3.0,reporting_missingness=0,nowcast_weeks=4,ed_transform=logit,loss_weights=flu_hosp_ed,spatial=neighbors,decoder=quantile,width=96,epochs=240,patience=25,lr=0.0005,fit_partition=pathogen,covariate_encoder=summary,input_mode=scheduled_final,input_normalization=b0,evaluation_seasons=recent_two,stress_views=1",47
flusight,wk inc flu hosp,2024-2025,natural,all,FluSight-ensemble,0.7826748612599194,5616,delayed,"pilot_method=joint,forecast_targets=flu,pathogen_inputs=flu,correction_weeks=2,joint_weight=0.1,correction_penalty=3.0,reporting_missingness=0,nowcast_weeks=4,ed_transform=logit,loss_weights=flu_hosp_ed,spatial=neighbors,decoder=quantile,width=96,epochs=240,patience=25,lr=0.0005,fit_partition=pathogen,covariate_encoder=summary,input_mode=scheduled_final,input_normalization=b0,evaluation_seasons=recent_two,stress_views=1",47
flusight,wk inc flu hosp,2024-2025,log,all,FluSight-ensemble,0.7909614570270731,5616,delayed,"pilot_method=joint,forecast_targets=flu,pathogen_inputs=flu,correction_weeks=2,joint_weight=0.1,correction_penalty=3.0,reporting_missingness=0,nowcast_weeks=4,ed_transform=logit,loss_weights=flu_hosp_ed,spatial=neighbors,decoder=quantile,width=96,epochs=240,patience=25,lr=0.0005,fit_partition=pathogen,covariate_encoder=summary,input_mode=scheduled_final,input_normalization=b0,evaluation_seasons=recent_two,stress_views=1",47
flusight,wk inc flu hosp,2025-2026,natural,all,FluSight-ensemble,1.3489850863568296,5824,delayed,"pilot_method=joint,forecast_targets=flu,pathogen_inputs=flu,correction_weeks=2,joint_weight=0.1,correction_penalty=3.0,reporting_missingness=0,nowcast_weeks=4,ed_transform=logit,loss_weights=flu_hosp_ed,spatial=neighbors,decoder=quantile,width=96,epochs=240,patience=25,lr=0.0005,fit_partition=pathogen,covariate_encoder=summary,input_mode=scheduled_final,input_normalization=b0,evaluation_seasons=recent_two,stress_views=1",47
flusight,wk inc flu hosp,2025-2026,log,all,FluSight-ensemble,1.146708569539311,5824,delayed,"pilot_method=joint,forecast_targets=flu,pathogen_inputs=flu,correction_weeks=2,joint_weight=0.1,correction_penalty=3.0,reporting_missingness=0,nowcast_weeks=4,ed_transform=logit,loss_weights=flu_hosp_ed,spatial=neighbors,decoder=quantile,width=96,epochs=240,patience=25,lr=0.0005,fit_partition=pathogen,covariate_encoder=summary,input_mode=scheduled_final,input_normalization=b0,evaluation_seasons=recent_two,stress_views=1",47
flusight,wk inc flu prop ed visits,2025-2026,natural,all,FluSight-ensemble,0.8752394892748148,5768,delayed,"pilot_method=joint,forecast_targets=flu,pathogen_inputs=flu,correction_weeks=2,joint_weight=0.1,correction_penalty=3.0,reporting_missingness=0,nowcast_weeks=4,ed_transform=logit,loss_weights=flu_hosp_ed,spatial=neighbors,decoder=quantile,width=96,epochs=240,patience=25,lr=0.0005,fit_partition=pathogen,covariate_encoder=summary,input_mode=scheduled_final,input_normalization=b0,evaluation_seasons=recent_two,stress_views=1",47
flusight,wk inc flu hosp,2024-2025,natural,all,FluSight-ensemble,0.8069697501947228,5616,raw,"pilot_method=joint,forecast_targets=flu,pathogen_inputs=flu,correction_weeks=2,joint_weight=0.1,correction_penalty=3.0,reporting_missingness=0,nowcast_weeks=4,ed_transform=logit,loss_weights=flu_hosp_ed,spatial=neighbors,decoder=quantile,width=96,epochs=240,patience=25,lr=0.0005,fit_partition=pathogen,covariate_encoder=summary,input_mode=scheduled_final,input_normalization=b0,evaluation_seasons=recent_two,stress_views=1",48
flusight,wk inc flu hosp,2024-2025,log,all,FluSight-ensemble,0.818976975070169,5616,raw,"pilot_method=joint,forecast_targets=flu,pathogen_inputs=flu,correction_weeks=2,joint_weight=0.1,correction_penalty=3.0,reporting_missingness=0,nowcast_weeks=4,ed_transform=logit,loss_weights=flu_hosp_ed,spatial=neighbors,decoder=quantile,width=96,epochs=240,patience=25,lr=0.0005,fit_partition=pathogen,covariate_encoder=summary,input_mode=scheduled_final,input_normalization=b0,evaluation_seasons=recent_two,stress_views=1",48
flusight,wk inc flu hosp,2025-2026,natural,all,FluSight-ensemble,0.8405217796544057,5824,raw,"pilot_method=joint,forecast_targets=flu,pathogen_inputs=flu,correction_weeks=2,joint_weight=0.1,correction_penalty=3.0,reporting_missingness=0,nowcast_weeks=4,ed_transform=logit,loss_weights=flu_hosp_ed,spatial=neighbors,decoder=quantile,width=96,epochs=240,patience=25,lr=0.0005,fit_partition=pathogen,covariate_encoder=summary,input_mode=scheduled_final,input_normalization=b0,evaluation_seasons=recent_two,stress_views=1",48
flusight,wk inc flu hosp,2025-2026,log,all,FluSight-ensemble,0.9767278999583138,5824,raw,"pilot_method=joint,forecast_targets=flu,pathogen_inputs=flu,correction_weeks=2,joint_weight=0.1,correction_penalty=3.0,reporting_missingness=0,nowcast_weeks=4,ed_transform=logit,loss_weights=flu_hosp_ed,spatial=neighbors,decoder=quantile,width=96,epochs=240,patience=25,lr=0.0005,fit_partition=pathogen,covariate_encoder=summary,input_mode=scheduled_final,input_normalization=b0,evaluation_seasons=recent_two,stress_views=1",48
flusight,wk inc flu prop ed visits,2025-2026,natural,all,FluSight-ensemble,0.8611766153020997,5768,raw,"pilot_method=joint,forecast_targets=flu,pathogen_inputs=flu,correction_weeks=2,joint_weight=0.1,correction_penalty=3.0,reporting_missingness=0,nowcast_weeks=4,ed_transform=logit,loss_weights=flu_hosp_ed,spatial=neighbors,decoder=quantile,width=96,epochs=240,patience=25,lr=0.0005,fit_partition=pathogen,covariate_encoder=summary,input_mode=scheduled_final,input_normalization=b0,evaluation_seasons=recent_two,stress_views=1",48
flusight,wk inc flu hosp,2024-2025,natural,all,FluSight-ensemble,0.7772199812457544,5616,half,"pilot_method=joint,forecast_targets=flu,pathogen_inputs=flu,correction_weeks=2,joint_weight=0.1,correction_penalty=3.0,reporting_missingness=0,nowcast_weeks=4,ed_transform=logit,loss_weights=flu_hosp_ed,spatial=neighbors,decoder=quantile,width=96,epochs=240,patience=25,lr=0.0005,fit_partition=pathogen,covariate_encoder=summary,input_mode=scheduled_final,input_normalization=b0,evaluation_seasons=recent_two,stress_views=1",48
flusight,wk inc flu hosp,2024-2025,log,all,FluSight-ensemble,0.7738094828007205,5616,half,"pilot_method=joint,forecast_targets=flu,pathogen_inputs=flu,correction_weeks=2,joint_weight=0.1,correction_penalty=3.0,reporting_missingness=0,nowcast_weeks=4,ed_transform=logit,loss_weights=flu_hosp_ed,spatial=neighbors,decoder=quantile,width=96,epochs=240,patience=25,lr=0.0005,fit_partition=pathogen,covariate_encoder=summary,input_mode=scheduled_final,input_normalization=b0,evaluation_seasons=recent_two,stress_views=1",48
flusight,wk inc flu hosp,2025-2026,natural,all,FluSight-ensemble,0.8293851126378248,5824,half,"pilot_method=joint,forecast_targets=flu,pathogen_inputs=flu,correction_weeks=2,joint_weight=0.1,correction_penalty=3.0,reporting_missingness=0,nowcast_weeks=4,ed_transform=logit,loss_weights=flu_hosp_ed,spatial=neighbors,decoder=quantile,width=96,epochs=240,patience=25,lr=0.0005,fit_partition=pathogen,covariate_encoder=summary,input_mode=scheduled_final,input_normalization=b0,evaluation_seasons=recent_two,stress_views=1",48
flusight,wk inc flu hosp,2025-2026,log,all,FluSight-ensemble,0.9073386370936398,5824,half,"pilot_method=joint,forecast_targets=flu,pathogen_inputs=flu,correction_weeks=2,joint_weight=0.1,correction_penalty=3.0,reporting_missingness=0,nowcast_weeks=4,ed_transform=logit,loss_weights=flu_hosp_ed,spatial=neighbors,decoder=quantile,width=96,epochs=240,patience=25,lr=0.0005,fit_partition=pathogen,covariate_encoder=summary,input_mode=scheduled_final,input_normalization=b0,evaluation_seasons=recent_two,stress_views=1",48
flusight,wk inc flu prop ed visits,2025-2026,natural,all,FluSight-ensemble,0.8615735715615773,5768,half,"pilot_method=joint,forecast_targets=flu,pathogen_inputs=flu,correction_weeks=2,joint_weight=0.1,correction_penalty=3.0,reporting_missingness=0,nowcast_weeks=4,ed_transform=logit,loss_weights=flu_hosp_ed,spatial=neighbors,decoder=quantile,width=96,epochs=240,patience=25,lr=0.0005,fit_partition=pathogen,covariate_encoder=summary,input_mode=scheduled_final,input_normalization=b0,evaluation_seasons=recent_two,stress_views=1",48
flusight,wk inc flu hosp,2024-2025,natural,all,FluSight-ensemble,0.7567964351967807,5616,corrected,"pilot_method=joint,forecast_targets=flu,pathogen_inputs=flu,correction_weeks=2,joint_weight=0.1,correction_penalty=3.0,reporting_missingness=0,nowcast_weeks=4,ed_transform=logit,loss_weights=flu_hosp_ed,spatial=neighbors,decoder=quantile,width=96,epochs=240,patience=25,lr=0.0005,fit_partition=pathogen,covariate_encoder=summary,input_mode=scheduled_final,input_normalization=b0,evaluation_seasons=recent_two,stress_views=1",48
flusight,wk inc flu hosp,2024-2025,log,all,FluSight-ensemble,0.7462327782082071,5616,corrected,"pilot_method=joint,forecast_targets=flu,pathogen_inputs=flu,correction_weeks=2,joint_weight=0.1,correction_penalty=3.0,reporting_missingness=0,nowcast_weeks=4,ed_transform=logit,loss_weights=flu_hosp_ed,spatial=neighbors,decoder=quantile,width=96,epochs=240,patience=25,lr=0.0005,fit_partition=pathogen,covariate_encoder=summary,input_mode=scheduled_final,input_normalization=b0,evaluation_seasons=recent_two,stress_views=1",48
flusight,wk inc flu hosp,2025-2026,natural,all,FluSight-ensemble,0.8310003675887883,5824,corrected,"pilot_method=joint,forecast_targets=flu,pathogen_inputs=flu,correction_weeks=2,joint_weight=0.1,correction_penalty=3.0,reporting_missingness=0,nowcast_weeks=4,ed_transform=logit,loss_weights=flu_hosp_ed,spatial=neighbors,decoder=quantile,width=96,epochs=240,patience=25,lr=0.0005,fit_partition=pathogen,covariate_encoder=summary,input_mode=scheduled_final,input_normalization=b0,evaluation_seasons=recent_two,stress_views=1",48
flusight,wk inc flu hosp,2025-2026,log,all,FluSight-ensemble,0.8719634912332641,5824,corrected,"pilot_method=joint,forecast_targets=flu,pathogen_inputs=flu,correction_weeks=2,joint_weight=0.1,correction_penalty=3.0,reporting_missingness=0,nowcast_weeks=4,ed_transform=logit,loss_weights=flu_hosp_ed,spatial=neighbors,decoder=quantile,width=96,epochs=240,patience=25,lr=0.0005,fit_partition=pathogen,covariate_encoder=summary,input_mode=scheduled_final,input_normalization=b0,evaluation_seasons=recent_two,stress_views=1",48
flusight,wk inc flu prop ed visits,2025-2026,natural,all,FluSight-ensemble,0.8620963420682777,5768,corrected,"pilot_method=joint,forecast_targets=flu,pathogen_inputs=flu,correction_weeks=2,joint_weight=0.1,correction_penalty=3.0,reporting_missingness=0,nowcast_weeks=4,ed_transform=logit,loss_weights=flu_hosp_ed,spatial=neighbors,decoder=quantile,width=96,epochs=240,patience=25,lr=0.0005,fit_partition=pathogen,covariate_encoder=summary,input_mode=scheduled_final,input_normalization=b0,evaluation_seasons=recent_two,stress_views=1",48
flusight,wk inc flu hosp,2024-2025,natural,all,FluSight-ensemble,0.7445630839795594,5616,calibrated,"pilot_method=joint,forecast_targets=flu,pathogen_inputs=flu,correction_weeks=2,joint_weight=0.1,correction_penalty=3.0,reporting_missingness=0,nowcast_weeks=4,ed_transform=logit,loss_weights=flu_hosp_ed,spatial=neighbors,decoder=quantile,width=96,epochs=240,patience=25,lr=0.0005,fit_partition=pathogen,covariate_encoder=summary,input_mode=scheduled_final,input_normalization=b0,evaluation_seasons=recent_two,stress_views=1",48
flusight,wk inc flu hosp,2024-2025,log,all,FluSight-ensemble,0.7646149284570212,5616,calibrated,"pilot_method=joint,forecast_targets=flu,pathogen_inputs=flu,correction_weeks=2,joint_weight=0.1,correction_penalty=3.0,reporting_missingness=0,nowcast_weeks=4,ed_transform=logit,loss_weights=flu_hosp_ed,spatial=neighbors,decoder=quantile,width=96,epochs=240,patience=25,lr=0.0005,fit_partition=pathogen,covariate_encoder=summary,input_mode=scheduled_final,input_normalization=b0,evaluation_seasons=recent_two,stress_views=1",48
flusight,wk inc flu hosp,2025-2026,natural,all,FluSight-ensemble,0.8407825625299944,5824,calibrated,"pilot_method=joint,forecast_targets=flu,pathogen_inputs=flu,correction_weeks=2,joint_weight=0.1,correction_penalty=3.0,reporting_missingness=0,nowcast_weeks=4,ed_transform=logit,loss_weights=flu_hosp_ed,spatial=neighbors,decoder=quantile,width=96,epochs=240,patience=25,lr=0.0005,fit_partition=pathogen,covariate_encoder=summary,input_mode=scheduled_final,input_normalization=b0,evaluation_seasons=recent_two,stress_views=1",48
flusight,wk inc flu hosp,2025-2026,log,all,FluSight-ensemble,0.8766464181193617,5824,calibrated,"pilot_method=joint,forecast_targets=flu,pathogen_inputs=flu,correction_weeks=2,joint_weight=0.1,correction_penalty=3.0,reporting_missingness=0,nowcast_weeks=4,ed_transform=logit,loss_weights=flu_hosp_ed,spatial=neighbors,decoder=quantile,width=96,epochs=240,patience=25,lr=0.0005,fit_partition=pathogen,covariate_encoder=summary,input_mode=scheduled_final,input_normalization=b0,evaluation_seasons=recent_two,stress_views=1",48
flusight,wk inc flu prop ed visits,2025-2026,natural,all,FluSight-ensemble,0.8344292471732475,5768,calibrated,"pilot_method=joint,forecast_targets=flu,pathogen_inputs=flu,correction_weeks=2,joint_weight=0.1,correction_penalty=3.0,reporting_missingness=0,nowcast_weeks=4,ed_transform=logit,loss_weights=flu_hosp_ed,spatial=neighbors,decoder=quantile,width=96,epochs=240,patience=25,lr=0.0005,fit_partition=pathogen,covariate_encoder=summary,input_mode=scheduled_final,input_normalization=b0,evaluation_seasons=recent_two,stress_views=1",48
flusight,wk inc flu hosp,2024-2025,natural,all,FluSight-ensemble,0.90356015137617,5616,delayed,"pilot_method=joint,forecast_targets=flu,pathogen_inputs=flu,correction_weeks=2,joint_weight=0.1,correction_penalty=3.0,reporting_missingness=0,nowcast_weeks=4,ed_transform=logit,loss_weights=flu_hosp_ed,spatial=neighbors,decoder=quantile,width=96,epochs=240,patience=25,lr=0.0005,fit_partition=pathogen,covariate_encoder=summary,input_mode=scheduled_final,input_normalization=b0,evaluation_seasons=recent_two,stress_views=1",48
flusight,wk inc flu hosp,2024-2025,log,all,FluSight-ensemble,0.8416381328044603,5616,delayed,"pilot_method=joint,forecast_targets=flu,pathogen_inputs=flu,correction_weeks=2,joint_weight=0.1,correction_penalty=3.0,reporting_missingness=0,nowcast_weeks=4,ed_transform=logit,loss_weights=flu_hosp_ed,spatial=neighbors,decoder=quantile,width=96,epochs=240,patience=25,lr=0.0005,fit_partition=pathogen,covariate_encoder=summary,input_mode=scheduled_final,input_normalization=b0,evaluation_seasons=recent_two,stress_views=1",48
flusight,wk inc flu hosp,2025-2026,natural,all,FluSight-ensemble,1.028193138986465,5824,delayed,"pilot_method=joint,forecast_targets=flu,pathogen_inputs=flu,correction_weeks=2,joint_weight=0.1,correction_penalty=3.0,reporting_missingness=0,nowcast_weeks=4,ed_transform=logit,loss_weights=flu_hosp_ed,spatial=neighbors,decoder=quantile,width=96,epochs=240,patience=25,lr=0.0005,fit_partition=pathogen,covariate_encoder=summary,input_mode=scheduled_final,input_normalization=b0,evaluation_seasons=recent_two,stress_views=1",48
flusight,wk inc flu hosp,2025-2026,log,all,FluSight-ensemble,1.0357144586652336,5824,delayed,"pilot_method=joint,forecast_targets=flu,pathogen_inputs=flu,correction_weeks=2,joint_weight=0.1,correction_penalty=3.0,reporting_missingness=0,nowcast_weeks=4,ed_transform=logit,loss_weights=flu_hosp_ed,spatial=neighbors,decoder=quantile,width=96,epochs=240,patience=25,lr=0.0005,fit_partition=pathogen,covariate_encoder=summary,input_mode=scheduled_final,input_normalization=b0,evaluation_seasons=recent_two,stress_views=1",48
flusight,wk inc flu prop ed visits,2025-2026,natural,all,FluSight-ensemble,0.9238777440407104,5768,delayed,"pilot_method=joint,forecast_targets=flu,pathogen_inputs=flu,correction_weeks=2,joint_weight=0.1,correction_penalty=3.0,reporting_missingness=0,nowcast_weeks=4,ed_transform=logit,loss_weights=flu_hosp_ed,spatial=neighbors,decoder=quantile,width=96,epochs=240,patience=25,lr=0.0005,fit_partition=pathogen,covariate_encoder=summary,input_mode=scheduled_final,input_normalization=b0,evaluation_seasons=recent_two,stress_views=1",48
flusight,wk inc flu hosp,2024-2025,natural,all,FluSight-ensemble,0.9029239646219686,5616,raw,"pilot_method=two_stage,pilot_nowcaster=real_tree,forecast_targets=flu,pathogen_inputs=flu,correction_weeks=2,joint_weight=0.05,correction_penalty=30.0,reporting_missingness=0,count_transform=sqrt,ed_transform=logit,loss_weights=flu_hosp_ed,width=96,epochs=160,patience=25,lr=0.002,fit_partition=pathogen,covariate_encoder=summary,covariate_set=kinsa,input_mode=scheduled_final,input_normalization=b0,evaluation_seasons=recent_two,stress_views=1",44
flusight,wk inc flu hosp,2024-2025,log,all,FluSight-ensemble,1.0743930613329098,5616,raw,"pilot_method=two_stage,pilot_nowcaster=real_tree,forecast_targets=flu,pathogen_inputs=flu,correction_weeks=2,joint_weight=0.05,correction_penalty=30.0,reporting_missingness=0,count_transform=sqrt,ed_transform=logit,loss_weights=flu_hosp_ed,width=96,epochs=160,patience=25,lr=0.002,fit_partition=pathogen,covariate_encoder=summary,covariate_set=kinsa,input_mode=scheduled_final,input_normalization=b0,evaluation_seasons=recent_two,stress_views=1",44
flusight,wk inc flu hosp,2025-2026,natural,all,FluSight-ensemble,0.8092251452900803,5824,raw,"pilot_method=two_stage,pilot_nowcaster=real_tree,forecast_targets=flu,pathogen_inputs=flu,correction_weeks=2,joint_weight=0.05,correction_penalty=30.0,reporting_missingness=0,count_transform=sqrt,ed_transform=logit,loss_weights=flu_hosp_ed,width=96,epochs=160,patience=25,lr=0.002,fit_partition=pathogen,covariate_encoder=summary,covariate_set=kinsa,input_mode=scheduled_final,input_normalization=b0,evaluation_seasons=recent_two,stress_views=1",44
flusight,wk inc flu hosp,2025-2026,log,all,FluSight-ensemble,1.0649550816673132,5824,raw,"pilot_method=two_stage,pilot_nowcaster=real_tree,forecast_targets=flu,pathogen_inputs=flu,correction_weeks=2,joint_weight=0.05,correction_penalty=30.0,reporting_missingness=0,count_transform=sqrt,ed_transform=logit,loss_weights=flu_hosp_ed,width=96,epochs=160,patience=25,lr=0.002,fit_partition=pathogen,covariate_encoder=summary,covariate_set=kinsa,input_mode=scheduled_final,input_normalization=b0,evaluation_seasons=recent_two,stress_views=1",44
flusight,wk inc flu prop ed visits,2025-2026,natural,all,FluSight-ensemble,0.8948972541228176,5768,raw,"pilot_method=two_stage,pilot_nowcaster=real_tree,forecast_targets=flu,pathogen_inputs=flu,correction_weeks=2,joint_weight=0.05,correction_penalty=30.0,reporting_missingness=0,count_transform=sqrt,ed_transform=logit,loss_weights=flu_hosp_ed,width=96,epochs=160,patience=25,lr=0.002,fit_partition=pathogen,covariate_encoder=summary,covariate_set=kinsa,input_mode=scheduled_final,input_normalization=b0,evaluation_seasons=recent_two,stress_views=1",44
flusight,wk inc flu hosp,2024-2025,natural,all,FluSight-ensemble,0.8421625070102622,5616,half,"pilot_method=two_stage,pilot_nowcaster=real_tree,forecast_targets=flu,pathogen_inputs=flu,correction_weeks=2,joint_weight=0.05,correction_penalty=30.0,reporting_missingness=0,count_transform=sqrt,ed_transform=logit,loss_weights=flu_hosp_ed,width=96,epochs=160,patience=25,lr=0.002,fit_partition=pathogen,covariate_encoder=summary,covariate_set=kinsa,input_mode=scheduled_final,input_normalization=b0,evaluation_seasons=recent_two,stress_views=1",44
flusight,wk inc flu hosp,2024-2025,log,all,FluSight-ensemble,0.9722913576899624,5616,half,"pilot_method=two_stage,pilot_nowcaster=real_tree,forecast_targets=flu,pathogen_inputs=flu,correction_weeks=2,joint_weight=0.05,correction_penalty=30.0,reporting_missingness=0,count_transform=sqrt,ed_transform=logit,loss_weights=flu_hosp_ed,width=96,epochs=160,patience=25,lr=0.002,fit_partition=pathogen,covariate_encoder=summary,covariate_set=kinsa,input_mode=scheduled_final,input_normalization=b0,evaluation_seasons=recent_two,stress_views=1",44
flusight,wk inc flu hosp,2025-2026,natural,all,FluSight-ensemble,0.7996806714828494,5824,half,"pilot_method=two_stage,pilot_nowcaster=real_tree,forecast_targets=flu,pathogen_inputs=flu,correction_weeks=2,joint_weight=0.05,correction_penalty=30.0,reporting_missingness=0,count_transform=sqrt,ed_transform=logit,loss_weights=flu_hosp_ed,width=96,epochs=160,patience=25,lr=0.002,fit_partition=pathogen,covariate_encoder=summary,covariate_set=kinsa,input_mode=scheduled_final,input_normalization=b0,evaluation_seasons=recent_two,stress_views=1",44
flusight,wk inc flu hosp,2025-2026,log,all,FluSight-ensemble,1.016723202093324,5824,half,"pilot_method=two_stage,pilot_nowcaster=real_tree,forecast_targets=flu,pathogen_inputs=flu,correction_weeks=2,joint_weight=0.05,correction_penalty=30.0,reporting_missingness=0,count_transform=sqrt,ed_transform=logit,loss_weights=flu_hosp_ed,width=96,epochs=160,patience=25,lr=0.002,fit_partition=pathogen,covariate_encoder=summary,covariate_set=kinsa,input_mode=scheduled_final,input_normalization=b0,evaluation_seasons=recent_two,stress_views=1",44
flusight,wk inc flu prop ed visits,2025-2026,natural,all,FluSight-ensemble,0.8945419627359633,5768,half,"pilot_method=two_stage,pilot_nowcaster=real_tree,forecast_targets=flu,pathogen_inputs=flu,correction_weeks=2,joint_weight=0.05,correction_penalty=30.0,reporting_missingness=0,count_transform=sqrt,ed_transform=logit,loss_weights=flu_hosp_ed,width=96,epochs=160,patience=25,lr=0.002,fit_partition=pathogen,covariate_encoder=summary,covariate_set=kinsa,input_mode=scheduled_final,input_normalization=b0,evaluation_seasons=recent_two,stress_views=1",44
flusight,wk inc flu hosp,2024-2025,natural,all,FluSight-ensemble,0.7934841638267807,5616,corrected,"pilot_method=two_stage,pilot_nowcaster=real_tree,forecast_targets=flu,pathogen_inputs=flu,correction_weeks=2,joint_weight=0.05,correction_penalty=30.0,reporting_missingness=0,count_transform=sqrt,ed_transform=logit,loss_weights=flu_hosp_ed,width=96,epochs=160,patience=25,lr=0.002,fit_partition=pathogen,covariate_encoder=summary,covariate_set=kinsa,input_mode=scheduled_final,input_normalization=b0,evaluation_seasons=recent_two,stress_views=1",44
flusight,wk inc flu hosp,2024-2025,log,all,FluSight-ensemble,0.8925488698117316,5616,corrected,"pilot_method=two_stage,pilot_nowcaster=real_tree,forecast_targets=flu,pathogen_inputs=flu,correction_weeks=2,joint_weight=0.05,correction_penalty=30.0,reporting_missingness=0,count_transform=sqrt,ed_transform=logit,loss_weights=flu_hosp_ed,width=96,epochs=160,patience=25,lr=0.002,fit_partition=pathogen,covariate_encoder=summary,covariate_set=kinsa,input_mode=scheduled_final,input_normalization=b0,evaluation_seasons=recent_two,stress_views=1",44
flusight,wk inc flu hosp,2025-2026,natural,all,FluSight-ensemble,0.7952572271475863,5824,corrected,"pilot_method=two_stage,pilot_nowcaster=real_tree,forecast_targets=flu,pathogen_inputs=flu,correction_weeks=2,joint_weight=0.05,correction_penalty=30.0,reporting_missingness=0,count_transform=sqrt,ed_transform=logit,loss_weights=flu_hosp_ed,width=96,epochs=160,patience=25,lr=0.002,fit_partition=pathogen,covariate_encoder=summary,covariate_set=kinsa,input_mode=scheduled_final,input_normalization=b0,evaluation_seasons=recent_two,stress_views=1",44
flusight,wk inc flu hosp,2025-2026,log,all,FluSight-ensemble,0.9781793237123876,5824,corrected,"pilot_method=two_stage,pilot_nowcaster=real_tree,forecast_targets=flu,pathogen_inputs=flu,correction_weeks=2,joint_weight=0.05,correction_penalty=30.0,reporting_missingness=0,count_transform=sqrt,ed_transform=logit,loss_weights=flu_hosp_ed,width=96,epochs=160,patience=25,lr=0.002,fit_partition=pathogen,covariate_encoder=summary,covariate_set=kinsa,input_mode=scheduled_final,input_normalization=b0,evaluation_seasons=recent_two,stress_views=1",44
flusight,wk inc flu prop ed visits,2025-2026,natural,all,FluSight-ensemble,0.8944575038359789,5768,corrected,"pilot_method=two_stage,pilot_nowcaster=real_tree,forecast_targets=flu,pathogen_inputs=flu,correction_weeks=2,joint_weight=0.05,correction_penalty=30.0,reporting_missingness=0,count_transform=sqrt,ed_transform=logit,loss_weights=flu_hosp_ed,width=96,epochs=160,patience=25,lr=0.002,fit_partition=pathogen,covariate_encoder=summary,covariate_set=kinsa,input_mode=scheduled_final,input_normalization=b0,evaluation_seasons=recent_two,stress_views=1",44
flusight,wk inc flu hosp,2024-2025,natural,all,FluSight-ensemble,0.787622715466752,5616,calibrated,"pilot_method=two_stage,pilot_nowcaster=real_tree,forecast_targets=flu,pathogen_inputs=flu,correction_weeks=2,joint_weight=0.05,correction_penalty=30.0,reporting_missingness=0,count_transform=sqrt,ed_transform=logit,loss_weights=flu_hosp_ed,width=96,epochs=160,patience=25,lr=0.002,fit_partition=pathogen,covariate_encoder=summary,covariate_set=kinsa,input_mode=scheduled_final,input_normalization=b0,evaluation_seasons=recent_two,stress_views=1",44
flusight,wk inc flu hosp,2024-2025,log,all,FluSight-ensemble,0.9316364569710924,5616,calibrated,"pilot_method=two_stage,pilot_nowcaster=real_tree,forecast_targets=flu,pathogen_inputs=flu,correction_weeks=2,joint_weight=0.05,correction_penalty=30.0,reporting_missingness=0,count_transform=sqrt,ed_transform=logit,loss_weights=flu_hosp_ed,width=96,epochs=160,patience=25,lr=0.002,fit_partition=pathogen,covariate_encoder=summary,covariate_set=kinsa,input_mode=scheduled_final,input_normalization=b0,evaluation_seasons=recent_two,stress_views=1",44
flusight,wk inc flu hosp,2025-2026,natural,all,FluSight-ensemble,0.8085655862658695,5824,calibrated,"pilot_method=two_stage,pilot_nowcaster=real_tree,forecast_targets=flu,pathogen_inputs=flu,correction_weeks=2,joint_weight=0.05,correction_penalty=30.0,reporting_missingness=0,count_transform=sqrt,ed_transform=logit,loss_weights=flu_hosp_ed,width=96,epochs=160,patience=25,lr=0.002,fit_partition=pathogen,covariate_encoder=summary,covariate_set=kinsa,input_mode=scheduled_final,input_normalization=b0,evaluation_seasons=recent_two,stress_views=1",44
flusight,wk inc flu hosp,2025-2026,log,all,FluSight-ensemble,1.020873307667404,5824,calibrated,"pilot_method=two_stage,pilot_nowcaster=real_tree,forecast_targets=flu,pathogen_inputs=flu,correction_weeks=2,joint_weight=0.05,correction_penalty=30.0,reporting_missingness=0,count_transform=sqrt,ed_transform=logit,loss_weights=flu_hosp_ed,width=96,epochs=160,patience=25,lr=0.002,fit_partition=pathogen,covariate_encoder=summary,covariate_set=kinsa,input_mode=scheduled_final,input_normalization=b0,evaluation_seasons=recent_two,stress_views=1",44
flusight,wk inc flu prop ed visits,2025-2026,natural,all,FluSight-ensemble,0.9368151027047456,5768,calibrated,"pilot_method=two_stage,pilot_nowcaster=real_tree,forecast_targets=flu,pathogen_inputs=flu,correction_weeks=2,joint_weight=0.05,correction_penalty=30.0,reporting_missingness=0,count_transform=sqrt,ed_transform=logit,loss_weights=flu_hosp_ed,width=96,epochs=160,patience=25,lr=0.002,fit_partition=pathogen,covariate_encoder=summary,covariate_set=kinsa,input_mode=scheduled_final,input_normalization=b0,evaluation_seasons=recent_two,stress_views=1",44
flusight,wk inc flu hosp,2024-2025,natural,all,FluSight-ensemble,0.8825544318216293,5616,delayed,"pilot_method=two_stage,pilot_nowcaster=real_tree,forecast_targets=flu,pathogen_inputs=flu,correction_weeks=2,joint_weight=0.05,correction_penalty=30.0,reporting_missingness=0,count_transform=sqrt,ed_transform=logit,loss_weights=flu_hosp_ed,width=96,epochs=160,patience=25,lr=0.002,fit_partition=pathogen,covariate_encoder=summary,covariate_set=kinsa,input_mode=scheduled_final,input_normalization=b0,evaluation_seasons=recent_two,stress_views=1",44
flusight,wk inc flu hosp,2024-2025,log,all,FluSight-ensemble,0.921590844229698,5616,delayed,"pilot_method=two_stage,pilot_nowcaster=real_tree,forecast_targets=flu,pathogen_inputs=flu,correction_weeks=2,joint_weight=0.05,correction_penalty=30.0,reporting_missingness=0,count_transform=sqrt,ed_transform=logit,loss_weights=flu_hosp_ed,width=96,epochs=160,patience=25,lr=0.002,fit_partition=pathogen,covariate_encoder=summary,covariate_set=kinsa,input_mode=scheduled_final,input_normalization=b0,evaluation_seasons=recent_two,stress_views=1",44
flusight,wk inc flu hosp,2025-2026,natural,all,FluSight-ensemble,1.0852400362924974,5824,delayed,"pilot_method=two_stage,pilot_nowcaster=real_tree,forecast_targets=flu,pathogen_inputs=flu,correction_weeks=2,joint_weight=0.05,correction_penalty=30.0,reporting_missingness=0,count_transform=sqrt,ed_transform=logit,loss_weights=flu_hosp_ed,width=96,epochs=160,patience=25,lr=0.002,fit_partition=pathogen,covariate_encoder=summary,covariate_set=kinsa,input_mode=scheduled_final,input_normalization=b0,evaluation_seasons=recent_two,stress_views=1",44
flusight,wk inc flu hosp,2025-2026,log,all,FluSight-ensemble,1.1390490011301215,5824,delayed,"pilot_method=two_stage,pilot_nowcaster=real_tree,forecast_targets=flu,pathogen_inputs=flu,correction_weeks=2,joint_weight=0.05,correction_penalty=30.0,reporting_missingness=0,count_transform=sqrt,ed_transform=logit,loss_weights=flu_hosp_ed,width=96,epochs=160,patience=25,lr=0.002,fit_partition=pathogen,covariate_encoder=summary,covariate_set=kinsa,input_mode=scheduled_final,input_normalization=b0,evaluation_seasons=recent_two,stress_views=1",44
flusight,wk inc flu prop ed visits,2025-2026,natural,all,FluSight-ensemble,0.9558176064826917,5768,delayed,"pilot_method=two_stage,pilot_nowcaster=real_tree,forecast_targets=flu,pathogen_inputs=flu,correction_weeks=2,joint_weight=0.05,correction_penalty=30.0,reporting_missingness=0,count_transform=sqrt,ed_transform=logit,loss_weights=flu_hosp_ed,width=96,epochs=160,patience=25,lr=0.002,fit_partition=pathogen,covariate_encoder=summary,covariate_set=kinsa,input_mode=scheduled_final,input_normalization=b0,evaluation_seasons=recent_two,stress_views=1",44
flusight,wk inc flu hosp,2024-2025,natural,all,FluSight-ensemble,0.7124569434887732,5616,nokinsa,"pilot_method=two_stage,pilot_nowcaster=real_tree,forecast_targets=flu,pathogen_inputs=flu,correction_weeks=2,joint_weight=0.05,correction_penalty=30.0,reporting_missingness=0,count_transform=sqrt,ed_transform=logit,loss_weights=flu_hosp_ed,width=96,epochs=160,patience=25,lr=0.002,fit_partition=pathogen,covariate_encoder=summary,covariate_set=kinsa,input_mode=scheduled_final,input_normalization=b0,evaluation_seasons=recent_two,stress_views=1",44
flusight,wk inc flu hosp,2024-2025,log,all,FluSight-ensemble,0.8502381148246893,5616,nokinsa,"pilot_method=two_stage,pilot_nowcaster=real_tree,forecast_targets=flu,pathogen_inputs=flu,correction_weeks=2,joint_weight=0.05,correction_penalty=30.0,reporting_missingness=0,count_transform=sqrt,ed_transform=logit,loss_weights=flu_hosp_ed,width=96,epochs=160,patience=25,lr=0.002,fit_partition=pathogen,covariate_encoder=summary,covariate_set=kinsa,input_mode=scheduled_final,input_normalization=b0,evaluation_seasons=recent_two,stress_views=1",44
flusight,wk inc flu hosp,2025-2026,natural,all,FluSight-ensemble,0.8393659332368922,5824,nokinsa,"pilot_method=two_stage,pilot_nowcaster=real_tree,forecast_targets=flu,pathogen_inputs=flu,correction_weeks=2,joint_weight=0.05,correction_penalty=30.0,reporting_missingness=0,count_transform=sqrt,ed_transform=logit,loss_weights=flu_hosp_ed,width=96,epochs=160,patience=25,lr=0.002,fit_partition=pathogen,covariate_encoder=summary,covariate_set=kinsa,input_mode=scheduled_final,input_normalization=b0,evaluation_seasons=recent_two,stress_views=1",44
flusight,wk inc flu hosp,2025-2026,log,all,FluSight-ensemble,1.0253574119815905,5824,nokinsa,"pilot_method=two_stage,pilot_nowcaster=real_tree,forecast_targets=flu,pathogen_inputs=flu,correction_weeks=2,joint_weight=0.05,correction_penalty=30.0,reporting_missingness=0,count_transform=sqrt,ed_transform=logit,loss_weights=flu_hosp_ed,width=96,epochs=160,patience=25,lr=0.002,fit_partition=pathogen,covariate_encoder=summary,covariate_set=kinsa,input_mode=scheduled_final,input_normalization=b0,evaluation_seasons=recent_two,stress_views=1",44
flusight,wk inc flu prop ed visits,2025-2026,natural,all,FluSight-ensemble,0.974798009082148,5768,nokinsa,"pilot_method=two_stage,pilot_nowcaster=real_tree,forecast_targets=flu,pathogen_inputs=flu,correction_weeks=2,joint_weight=0.05,correction_penalty=30.0,reporting_missingness=0,count_transform=sqrt,ed_transform=logit,loss_weights=flu_hosp_ed,width=96,epochs=160,patience=25,lr=0.002,fit_partition=pathogen,covariate_encoder=summary,covariate_set=kinsa,input_mode=scheduled_final,input_normalization=b0,evaluation_seasons=recent_two,stress_views=1",44
flusight,wk inc flu hosp,2024-2025,natural,all,FluSight-ensemble,0.829541574404224,5616,raw,"pilot_method=two_stage,pilot_nowcaster=real_tree,forecast_targets=flu,pathogen_inputs=flu,correction_weeks=2,joint_weight=0.05,correction_penalty=30.0,reporting_missingness=0,count_transform=sqrt,ed_transform=logit,loss_weights=flu_hosp_ed,width=96,epochs=160,patience=25,lr=0.002,fit_partition=pathogen,covariate_encoder=summary,covariate_set=kinsa,input_mode=scheduled_final,input_normalization=b0,evaluation_seasons=recent_two,stress_views=1",45
flusight,wk inc flu hosp,2024-2025,log,all,FluSight-ensemble,0.821669245403392,5616,raw,"pilot_method=two_stage,pilot_nowcaster=real_tree,forecast_targets=flu,pathogen_inputs=flu,correction_weeks=2,joint_weight=0.05,correction_penalty=30.0,reporting_missingness=0,count_transform=sqrt,ed_transform=logit,loss_weights=flu_hosp_ed,width=96,epochs=160,patience=25,lr=0.002,fit_partition=pathogen,covariate_encoder=summary,covariate_set=kinsa,input_mode=scheduled_final,input_normalization=b0,evaluation_seasons=recent_two,stress_views=1",45
flusight,wk inc flu hosp,2025-2026,natural,all,FluSight-ensemble,0.7857734782029059,5824,raw,"pilot_method=two_stage,pilot_nowcaster=real_tree,forecast_targets=flu,pathogen_inputs=flu,correction_weeks=2,joint_weight=0.05,correction_penalty=30.0,reporting_missingness=0,count_transform=sqrt,ed_transform=logit,loss_weights=flu_hosp_ed,width=96,epochs=160,patience=25,lr=0.002,fit_partition=pathogen,covariate_encoder=summary,covariate_set=kinsa,input_mode=scheduled_final,input_normalization=b0,evaluation_seasons=recent_two,stress_views=1",45
flusight,wk inc flu hosp,2025-2026,log,all,FluSight-ensemble,0.8750079536333689,5824,raw,"pilot_method=two_stage,pilot_nowcaster=real_tree,forecast_targets=flu,pathogen_inputs=flu,correction_weeks=2,joint_weight=0.05,correction_penalty=30.0,reporting_missingness=0,count_transform=sqrt,ed_transform=logit,loss_weights=flu_hosp_ed,width=96,epochs=160,patience=25,lr=0.002,fit_partition=pathogen,covariate_encoder=summary,covariate_set=kinsa,input_mode=scheduled_final,input_normalization=b0,evaluation_seasons=recent_two,stress_views=1",45
flusight,wk inc flu prop ed visits,2025-2026,natural,all,FluSight-ensemble,0.8093169444747371,5768,raw,"pilot_method=two_stage,pilot_nowcaster=real_tree,forecast_targets=flu,pathogen_inputs=flu,correction_weeks=2,joint_weight=0.05,correction_penalty=30.0,reporting_missingness=0,count_transform=sqrt,ed_transform=logit,loss_weights=flu_hosp_ed,width=96,epochs=160,patience=25,lr=0.002,fit_partition=pathogen,covariate_encoder=summary,covariate_set=kinsa,input_mode=scheduled_final,input_normalization=b0,evaluation_seasons=recent_two,stress_views=1",45
flusight,wk inc flu hosp,2024-2025,natural,all,FluSight-ensemble,0.7836672678145071,5616,half,"pilot_method=two_stage,pilot_nowcaster=real_tree,forecast_targets=flu,pathogen_inputs=flu,correction_weeks=2,joint_weight=0.05,correction_penalty=30.0,reporting_missingness=0,count_transform=sqrt,ed_transform=logit,loss_weights=flu_hosp_ed,width=96,epochs=160,patience=25,lr=0.002,fit_partition=pathogen,covariate_encoder=summary,covariate_set=kinsa,input_mode=scheduled_final,input_normalization=b0,evaluation_seasons=recent_two,stress_views=1",45
flusight,wk inc flu hosp,2024-2025,log,all,FluSight-ensemble,0.7595797059915235,5616,half,"pilot_method=two_stage,pilot_nowcaster=real_tree,forecast_targets=flu,pathogen_inputs=flu,correction_weeks=2,joint_weight=0.05,correction_penalty=30.0,reporting_missingness=0,count_transform=sqrt,ed_transform=logit,loss_weights=flu_hosp_ed,width=96,epochs=160,patience=25,lr=0.002,fit_partition=pathogen,covariate_encoder=summary,covariate_set=kinsa,input_mode=scheduled_final,input_normalization=b0,evaluation_seasons=recent_two,stress_views=1",45
flusight,wk inc flu hosp,2025-2026,natural,all,FluSight-ensemble,0.7967956785042294,5824,half,"pilot_method=two_stage,pilot_nowcaster=real_tree,forecast_targets=flu,pathogen_inputs=flu,correction_weeks=2,joint_weight=0.05,correction_penalty=30.0,reporting_missingness=0,count_transform=sqrt,ed_transform=logit,loss_weights=flu_hosp_ed,width=96,epochs=160,patience=25,lr=0.002,fit_partition=pathogen,covariate_encoder=summary,covariate_set=kinsa,input_mode=scheduled_final,input_normalization=b0,evaluation_seasons=recent_two,stress_views=1",45
flusight,wk inc flu hosp,2025-2026,log,all,FluSight-ensemble,0.8631254900028428,5824,half,"pilot_method=two_stage,pilot_nowcaster=real_tree,forecast_targets=flu,pathogen_inputs=flu,correction_weeks=2,joint_weight=0.05,correction_penalty=30.0,reporting_missingness=0,count_transform=sqrt,ed_transform=logit,loss_weights=flu_hosp_ed,width=96,epochs=160,patience=25,lr=0.002,fit_partition=pathogen,covariate_encoder=summary,covariate_set=kinsa,input_mode=scheduled_final,input_normalization=b0,evaluation_seasons=recent_two,stress_views=1",45
flusight,wk inc flu prop ed visits,2025-2026,natural,all,FluSight-ensemble,0.8070808210405405,5768,half,"pilot_method=two_stage,pilot_nowcaster=real_tree,forecast_targets=flu,pathogen_inputs=flu,correction_weeks=2,joint_weight=0.05,correction_penalty=30.0,reporting_missingness=0,count_transform=sqrt,ed_transform=logit,loss_weights=flu_hosp_ed,width=96,epochs=160,patience=25,lr=0.002,fit_partition=pathogen,covariate_encoder=summary,covariate_set=kinsa,input_mode=scheduled_final,input_normalization=b0,evaluation_seasons=recent_two,stress_views=1",45
flusight,wk inc flu hosp,2024-2025,natural,all,FluSight-ensemble,0.7535810111451368,5616,corrected,"pilot_method=two_stage,pilot_nowcaster=real_tree,forecast_targets=flu,pathogen_inputs=flu,correction_weeks=2,joint_weight=0.05,correction_penalty=30.0,reporting_missingness=0,count_transform=sqrt,ed_transform=logit,loss_weights=flu_hosp_ed,width=96,epochs=160,patience=25,lr=0.002,fit_partition=pathogen,covariate_encoder=summary,covariate_set=kinsa,input_mode=scheduled_final,input_normalization=b0,evaluation_seasons=recent_two,stress_views=1",45
flusight,wk inc flu hosp,2024-2025,log,all,FluSight-ensemble,0.7270521867508489,5616,corrected,"pilot_method=two_stage,pilot_nowcaster=real_tree,forecast_targets=flu,pathogen_inputs=flu,correction_weeks=2,joint_weight=0.05,correction_penalty=30.0,reporting_missingness=0,count_transform=sqrt,ed_transform=logit,loss_weights=flu_hosp_ed,width=96,epochs=160,patience=25,lr=0.002,fit_partition=pathogen,covariate_encoder=summary,covariate_set=kinsa,input_mode=scheduled_final,input_normalization=b0,evaluation_seasons=recent_two,stress_views=1",45
flusight,wk inc flu hosp,2025-2026,natural,all,FluSight-ensemble,0.8164308803642195,5824,corrected,"pilot_method=two_stage,pilot_nowcaster=real_tree,forecast_targets=flu,pathogen_inputs=flu,correction_weeks=2,joint_weight=0.05,correction_penalty=30.0,reporting_missingness=0,count_transform=sqrt,ed_transform=logit,loss_weights=flu_hosp_ed,width=96,epochs=160,patience=25,lr=0.002,fit_partition=pathogen,covariate_encoder=summary,covariate_set=kinsa,input_mode=scheduled_final,input_normalization=b0,evaluation_seasons=recent_two,stress_views=1",45
flusight,wk inc flu hosp,2025-2026,log,all,FluSight-ensemble,0.8641464657770563,5824,corrected,"pilot_method=two_stage,pilot_nowcaster=real_tree,forecast_targets=flu,pathogen_inputs=flu,correction_weeks=2,joint_weight=0.05,correction_penalty=30.0,reporting_missingness=0,count_transform=sqrt,ed_transform=logit,loss_weights=flu_hosp_ed,width=96,epochs=160,patience=25,lr=0.002,fit_partition=pathogen,covariate_encoder=summary,covariate_set=kinsa,input_mode=scheduled_final,input_normalization=b0,evaluation_seasons=recent_two,stress_views=1",45
flusight,wk inc flu prop ed visits,2025-2026,natural,all,FluSight-ensemble,0.8051342004350092,5768,corrected,"pilot_method=two_stage,pilot_nowcaster=real_tree,forecast_targets=flu,pathogen_inputs=flu,correction_weeks=2,joint_weight=0.05,correction_penalty=30.0,reporting_missingness=0,count_transform=sqrt,ed_transform=logit,loss_weights=flu_hosp_ed,width=96,epochs=160,patience=25,lr=0.002,fit_partition=pathogen,covariate_encoder=summary,covariate_set=kinsa,input_mode=scheduled_final,input_normalization=b0,evaluation_seasons=recent_two,stress_views=1",45
flusight,wk inc flu hosp,2024-2025,natural,all,FluSight-ensemble,0.7429165045784163,5616,calibrated,"pilot_method=two_stage,pilot_nowcaster=real_tree,forecast_targets=flu,pathogen_inputs=flu,correction_weeks=2,joint_weight=0.05,correction_penalty=30.0,reporting_missingness=0,count_transform=sqrt,ed_transform=logit,loss_weights=flu_hosp_ed,width=96,epochs=160,patience=25,lr=0.002,fit_partition=pathogen,covariate_encoder=summary,covariate_set=kinsa,input_mode=scheduled_final,input_normalization=b0,evaluation_seasons=recent_two,stress_views=1",45
flusight,wk inc flu hosp,2024-2025,log,all,FluSight-ensemble,0.7330654599459071,5616,calibrated,"pilot_method=two_stage,pilot_nowcaster=real_tree,forecast_targets=flu,pathogen_inputs=flu,correction_weeks=2,joint_weight=0.05,correction_penalty=30.0,reporting_missingness=0,count_transform=sqrt,ed_transform=logit,loss_weights=flu_hosp_ed,width=96,epochs=160,patience=25,lr=0.002,fit_partition=pathogen,covariate_encoder=summary,covariate_set=kinsa,input_mode=scheduled_final,input_normalization=b0,evaluation_seasons=recent_two,stress_views=1",45
flusight,wk inc flu hosp,2025-2026,natural,all,FluSight-ensemble,0.8147104315780969,5824,calibrated,"pilot_method=two_stage,pilot_nowcaster=real_tree,forecast_targets=flu,pathogen_inputs=flu,correction_weeks=2,joint_weight=0.05,correction_penalty=30.0,reporting_missingness=0,count_transform=sqrt,ed_transform=logit,loss_weights=flu_hosp_ed,width=96,epochs=160,patience=25,lr=0.002,fit_partition=pathogen,covariate_encoder=summary,covariate_set=kinsa,input_mode=scheduled_final,input_normalization=b0,evaluation_seasons=recent_two,stress_views=1",45
flusight,wk inc flu hosp,2025-2026,log,all,FluSight-ensemble,0.8639281689247161,5824,calibrated,"pilot_method=two_stage,pilot_nowcaster=real_tree,forecast_targets=flu,pathogen_inputs=flu,correction_weeks=2,joint_weight=0.05,correction_penalty=30.0,reporting_missingness=0,count_transform=sqrt,ed_transform=logit,loss_weights=flu_hosp_ed,width=96,epochs=160,patience=25,lr=0.002,fit_partition=pathogen,covariate_encoder=summary,covariate_set=kinsa,input_mode=scheduled_final,input_normalization=b0,evaluation_seasons=recent_two,stress_views=1",45
flusight,wk inc flu prop ed visits,2025-2026,natural,all,FluSight-ensemble,0.813138732569854,5768,calibrated,"pilot_method=two_stage,pilot_nowcaster=real_tree,forecast_targets=flu,pathogen_inputs=flu,correction_weeks=2,joint_weight=0.05,correction_penalty=30.0,reporting_missingness=0,count_transform=sqrt,ed_transform=logit,loss_weights=flu_hosp_ed,width=96,epochs=160,patience=25,lr=0.002,fit_partition=pathogen,covariate_encoder=summary,covariate_set=kinsa,input_mode=scheduled_final,input_normalization=b0,evaluation_seasons=recent_two,stress_views=1",45
flusight,wk inc flu hosp,2024-2025,natural,all,FluSight-ensemble,0.9212207712973072,5616,delayed,"pilot_method=two_stage,pilot_nowcaster=real_tree,forecast_targets=flu,pathogen_inputs=flu,correction_weeks=2,joint_weight=0.05,correction_penalty=30.0,reporting_missingness=0,count_transform=sqrt,ed_transform=logit,loss_weights=flu_hosp_ed,width=96,epochs=160,patience=25,lr=0.002,fit_partition=pathogen,covariate_encoder=summary,covariate_set=kinsa,input_mode=scheduled_final,input_normalization=b0,evaluation_seasons=recent_two,stress_views=1",45
flusight,wk inc flu hosp,2024-2025,log,all,FluSight-ensemble,0.9221963197283892,5616,delayed,"pilot_method=two_stage,pilot_nowcaster=real_tree,forecast_targets=flu,pathogen_inputs=flu,correction_weeks=2,joint_weight=0.05,correction_penalty=30.0,reporting_missingness=0,count_transform=sqrt,ed_transform=logit,loss_weights=flu_hosp_ed,width=96,epochs=160,patience=25,lr=0.002,fit_partition=pathogen,covariate_encoder=summary,covariate_set=kinsa,input_mode=scheduled_final,input_normalization=b0,evaluation_seasons=recent_two,stress_views=1",45
flusight,wk inc flu hosp,2025-2026,natural,all,FluSight-ensemble,1.1268481969643631,5824,delayed,"pilot_method=two_stage,pilot_nowcaster=real_tree,forecast_targets=flu,pathogen_inputs=flu,correction_weeks=2,joint_weight=0.05,correction_penalty=30.0,reporting_missingness=0,count_transform=sqrt,ed_transform=logit,loss_weights=flu_hosp_ed,width=96,epochs=160,patience=25,lr=0.002,fit_partition=pathogen,covariate_encoder=summary,covariate_set=kinsa,input_mode=scheduled_final,input_normalization=b0,evaluation_seasons=recent_two,stress_views=1",45
flusight,wk inc flu hosp,2025-2026,log,all,FluSight-ensemble,1.1190501703119624,5824,delayed,"pilot_method=two_stage,pilot_nowcaster=real_tree,forecast_targets=flu,pathogen_inputs=flu,correction_weeks=2,joint_weight=0.05,correction_penalty=30.0,reporting_missingness=0,count_transform=sqrt,ed_transform=logit,loss_weights=flu_hosp_ed,width=96,epochs=160,patience=25,lr=0.002,fit_partition=pathogen,covariate_encoder=summary,covariate_set=kinsa,input_mode=scheduled_final,input_normalization=b0,evaluation_seasons=recent_two,stress_views=1",45
flusight,wk inc flu prop ed visits,2025-2026,natural,all,FluSight-ensemble,0.8491787074658407,5768,delayed,"pilot_method=two_stage,pilot_nowcaster=real_tree,forecast_targets=flu,pathogen_inputs=flu,correction_weeks=2,joint_weight=0.05,correction_penalty=30.0,reporting_missingness=0,count_transform=sqrt,ed_transform=logit,loss_weights=flu_hosp_ed,width=96,epochs=160,patience=25,lr=0.002,fit_partition=pathogen,covariate_encoder=summary,covariate_set=kinsa,input_mode=scheduled_final,input_normalization=b0,evaluation_seasons=recent_two,stress_views=1",45
flusight,wk inc flu hosp,2024-2025,natural,all,FluSight-ensemble,0.6293932845335224,5616,nokinsa,"pilot_method=two_stage,pilot_nowcaster=real_tree,forecast_targets=flu,pathogen_inputs=flu,correction_weeks=2,joint_weight=0.05,correction_penalty=30.0,reporting_missingness=0,count_transform=sqrt,ed_transform=logit,loss_weights=flu_hosp_ed,width=96,epochs=160,patience=25,lr=0.002,fit_partition=pathogen,covariate_encoder=summary,covariate_set=kinsa,input_mode=scheduled_final,input_normalization=b0,evaluation_seasons=recent_two,stress_views=1",45
flusight,wk inc flu hosp,2024-2025,log,all,FluSight-ensemble,0.6542384932834883,5616,nokinsa,"pilot_method=two_stage,pilot_nowcaster=real_tree,forecast_targets=flu,pathogen_inputs=flu,correction_weeks=2,joint_weight=0.05,correction_penalty=30.0,reporting_missingness=0,count_transform=sqrt,ed_transform=logit,loss_weights=flu_hosp_ed,width=96,epochs=160,patience=25,lr=0.002,fit_partition=pathogen,covariate_encoder=summary,covariate_set=kinsa,input_mode=scheduled_final,input_normalization=b0,evaluation_seasons=recent_two,stress_views=1",45
flusight,wk inc flu hosp,2025-2026,natural,all,FluSight-ensemble,0.8291595765316625,5824,nokinsa,"pilot_method=two_stage,pilot_nowcaster=real_tree,forecast_targets=flu,pathogen_inputs=flu,correction_weeks=2,joint_weight=0.05,correction_penalty=30.0,reporting_missingness=0,count_transform=sqrt,ed_transform=logit,loss_weights=flu_hosp_ed,width=96,epochs=160,patience=25,lr=0.002,fit_partition=pathogen,covariate_encoder=summary,covariate_set=kinsa,input_mode=scheduled_final,input_normalization=b0,evaluation_seasons=recent_two,stress_views=1",45
flusight,wk inc flu hosp,2025-2026,log,all,FluSight-ensemble,0.8556610323198103,5824,nokinsa,"pilot_method=two_stage,pilot_nowcaster=real_tree,forecast_targets=flu,pathogen_inputs=flu,correction_weeks=2,joint_weight=0.05,correction_penalty=30.0,reporting_missingness=0,count_transform=sqrt,ed_transform=logit,loss_weights=flu_hosp_ed,width=96,epochs=160,patience=25,lr=0.002,fit_partition=pathogen,covariate_encoder=summary,covariate_set=kinsa,input_mode=scheduled_final,input_normalization=b0,evaluation_seasons=recent_two,stress_views=1",45
flusight,wk inc flu prop ed visits,2025-2026,natural,all,FluSight-ensemble,0.874547020888333,5768,nokinsa,"pilot_method=two_stage,pilot_nowcaster=real_tree,forecast_targets=flu,pathogen_inputs=flu,correction_weeks=2,joint_weight=0.05,correction_penalty=30.0,reporting_missingness=0,count_transform=sqrt,ed_transform=logit,loss_weights=flu_hosp_ed,width=96,epochs=160,patience=25,lr=0.002,fit_partition=pathogen,covariate_encoder=summary,covariate_set=kinsa,input_mode=scheduled_final,input_normalization=b0,evaluation_seasons=recent_two,stress_views=1",45
flusight,wk inc flu hosp,2024-2025,natural,all,FluSight-ensemble,0.8814278685769188,5616,raw,"pilot_method=two_stage,pilot_nowcaster=real_tree,forecast_targets=flu,pathogen_inputs=flu,correction_weeks=2,joint_weight=0.05,correction_penalty=30.0,reporting_missingness=0,count_transform=sqrt,ed_transform=logit,loss_weights=flu_hosp_ed,width=96,epochs=160,patience=25,lr=0.002,fit_partition=pathogen,covariate_encoder=summary,covariate_set=kinsa,input_mode=scheduled_final,input_normalization=b0,evaluation_seasons=recent_two,stress_views=1",46
flusight,wk inc flu hosp,2024-2025,log,all,FluSight-ensemble,0.9768487130046614,5616,raw,"pilot_method=two_stage,pilot_nowcaster=real_tree,forecast_targets=flu,pathogen_inputs=flu,correction_weeks=2,joint_weight=0.05,correction_penalty=30.0,reporting_missingness=0,count_transform=sqrt,ed_transform=logit,loss_weights=flu_hosp_ed,width=96,epochs=160,patience=25,lr=0.002,fit_partition=pathogen,covariate_encoder=summary,covariate_set=kinsa,input_mode=scheduled_final,input_normalization=b0,evaluation_seasons=recent_two,stress_views=1",46
flusight,wk inc flu hosp,2025-2026,natural,all,FluSight-ensemble,0.8097895867591898,5824,raw,"pilot_method=two_stage,pilot_nowcaster=real_tree,forecast_targets=flu,pathogen_inputs=flu,correction_weeks=2,joint_weight=0.05,correction_penalty=30.0,reporting_missingness=0,count_transform=sqrt,ed_transform=logit,loss_weights=flu_hosp_ed,width=96,epochs=160,patience=25,lr=0.002,fit_partition=pathogen,covariate_encoder=summary,covariate_set=kinsa,input_mode=scheduled_final,input_normalization=b0,evaluation_seasons=recent_two,stress_views=1",46
flusight,wk inc flu hosp,2025-2026,log,all,FluSight-ensemble,0.8889478420141963,5824,raw,"pilot_method=two_stage,pilot_nowcaster=real_tree,forecast_targets=flu,pathogen_inputs=flu,correction_weeks=2,joint_weight=0.05,correction_penalty=30.0,reporting_missingness=0,count_transform=sqrt,ed_transform=logit,loss_weights=flu_hosp_ed,width=96,epochs=160,patience=25,lr=0.002,fit_partition=pathogen,covariate_encoder=summary,covariate_set=kinsa,input_mode=scheduled_final,input_normalization=b0,evaluation_seasons=recent_two,stress_views=1",46
flusight,wk inc flu prop ed visits,2025-2026,natural,all,FluSight-ensemble,0.8823457285436432,5768,raw,"pilot_method=two_stage,pilot_nowcaster=real_tree,forecast_targets=flu,pathogen_inputs=flu,correction_weeks=2,joint_weight=0.05,correction_penalty=30.0,reporting_missingness=0,count_transform=sqrt,ed_transform=logit,loss_weights=flu_hosp_ed,width=96,epochs=160,patience=25,lr=0.002,fit_partition=pathogen,covariate_encoder=summary,covariate_set=kinsa,input_mode=scheduled_final,input_normalization=b0,evaluation_seasons=recent_two,stress_views=1",46
flusight,wk inc flu hosp,2024-2025,natural,all,FluSight-ensemble,0.8364813264964461,5616,half,"pilot_method=two_stage,pilot_nowcaster=real_tree,forecast_targets=flu,pathogen_inputs=flu,correction_weeks=2,joint_weight=0.05,correction_penalty=30.0,reporting_missingness=0,count_transform=sqrt,ed_transform=logit,loss_weights=flu_hosp_ed,width=96,epochs=160,patience=25,lr=0.002,fit_partition=pathogen,covariate_encoder=summary,covariate_set=kinsa,input_mode=scheduled_final,input_normalization=b0,evaluation_seasons=recent_two,stress_views=1",46
flusight,wk inc flu hosp,2024-2025,log,all,FluSight-ensemble,0.8982130510389711,5616,half,"pilot_method=two_stage,pilot_nowcaster=real_tree,forecast_targets=flu,pathogen_inputs=flu,correction_weeks=2,joint_weight=0.05,correction_penalty=30.0,reporting_missingness=0,count_transform=sqrt,ed_transform=logit,loss_weights=flu_hosp_ed,width=96,epochs=160,patience=25,lr=0.002,fit_partition=pathogen,covariate_encoder=summary,covariate_set=kinsa,input_mode=scheduled_final,input_normalization=b0,evaluation_seasons=recent_two,stress_views=1",46
flusight,wk inc flu hosp,2025-2026,natural,all,FluSight-ensemble,0.8243534830396074,5824,half,"pilot_method=two_stage,pilot_nowcaster=real_tree,forecast_targets=flu,pathogen_inputs=flu,correction_weeks=2,joint_weight=0.05,correction_penalty=30.0,reporting_missingness=0,count_transform=sqrt,ed_transform=logit,loss_weights=flu_hosp_ed,width=96,epochs=160,patience=25,lr=0.002,fit_partition=pathogen,covariate_encoder=summary,covariate_set=kinsa,input_mode=scheduled_final,input_normalization=b0,evaluation_seasons=recent_two,stress_views=1",46
flusight,wk inc flu hosp,2025-2026,log,all,FluSight-ensemble,0.8678499894816245,5824,half,"pilot_method=two_stage,pilot_nowcaster=real_tree,forecast_targets=flu,pathogen_inputs=flu,correction_weeks=2,joint_weight=0.05,correction_penalty=30.0,reporting_missingness=0,count_transform=sqrt,ed_transform=logit,loss_weights=flu_hosp_ed,width=96,epochs=160,patience=25,lr=0.002,fit_partition=pathogen,covariate_encoder=summary,covariate_set=kinsa,input_mode=scheduled_final,input_normalization=b0,evaluation_seasons=recent_two,stress_views=1",46
flusight,wk inc flu prop ed visits,2025-2026,natural,all,FluSight-ensemble,0.8782555886102064,5768,half,"pilot_method=two_stage,pilot_nowcaster=real_tree,forecast_targets=flu,pathogen_inputs=flu,correction_weeks=2,joint_weight=0.05,correction_penalty=30.0,reporting_missingness=0,count_transform=sqrt,ed_transform=logit,loss_weights=flu_hosp_ed,width=96,epochs=160,patience=25,lr=0.002,fit_partition=pathogen,covariate_encoder=summary,covariate_set=kinsa,input_mode=scheduled_final,input_normalization=b0,evaluation_seasons=recent_two,stress_views=1",46
flusight,wk inc flu hosp,2024-2025,natural,all,FluSight-ensemble,0.8025893895998091,5616,corrected,"pilot_method=two_stage,pilot_nowcaster=real_tree,forecast_targets=flu,pathogen_inputs=flu,correction_weeks=2,joint_weight=0.05,correction_penalty=30.0,reporting_missingness=0,count_transform=sqrt,ed_transform=logit,loss_weights=flu_hosp_ed,width=96,epochs=160,patience=25,lr=0.002,fit_partition=pathogen,covariate_encoder=summary,covariate_set=kinsa,input_mode=scheduled_final,input_normalization=b0,evaluation_seasons=recent_two,stress_views=1",46
flusight,wk inc flu hosp,2024-2025,log,all,FluSight-ensemble,0.839637195457454,5616,corrected,"pilot_method=two_stage,pilot_nowcaster=real_tree,forecast_targets=flu,pathogen_inputs=flu,correction_weeks=2,joint_weight=0.05,correction_penalty=30.0,reporting_missingness=0,count_transform=sqrt,ed_transform=logit,loss_weights=flu_hosp_ed,width=96,epochs=160,patience=25,lr=0.002,fit_partition=pathogen,covariate_encoder=summary,covariate_set=kinsa,input_mode=scheduled_final,input_normalization=b0,evaluation_seasons=recent_two,stress_views=1",46
flusight,wk inc flu hosp,2025-2026,natural,all,FluSight-ensemble,0.8462569828290766,5824,corrected,"pilot_method=two_stage,pilot_nowcaster=real_tree,forecast_targets=flu,pathogen_inputs=flu,correction_weeks=2,joint_weight=0.05,correction_penalty=30.0,reporting_missingness=0,count_transform=sqrt,ed_transform=logit,loss_weights=flu_hosp_ed,width=96,epochs=160,patience=25,lr=0.002,fit_partition=pathogen,covariate_encoder=summary,covariate_set=kinsa,input_mode=scheduled_final,input_normalization=b0,evaluation_seasons=recent_two,stress_views=1",46
flusight,wk inc flu hosp,2025-2026,log,all,FluSight-ensemble,0.8589167501195271,5824,corrected,"pilot_method=two_stage,pilot_nowcaster=real_tree,forecast_targets=flu,pathogen_inputs=flu,correction_weeks=2,joint_weight=0.05,correction_penalty=30.0,reporting_missingness=0,count_transform=sqrt,ed_transform=logit,loss_weights=flu_hosp_ed,width=96,epochs=160,patience=25,lr=0.002,fit_partition=pathogen,covariate_encoder=summary,covariate_set=kinsa,input_mode=scheduled_final,input_normalization=b0,evaluation_seasons=recent_two,stress_views=1",46
flusight,wk inc flu prop ed visits,2025-2026,natural,all,FluSight-ensemble,0.8744855414627323,5768,corrected,"pilot_method=two_stage,pilot_nowcaster=real_tree,forecast_targets=flu,pathogen_inputs=flu,correction_weeks=2,joint_weight=0.05,correction_penalty=30.0,reporting_missingness=0,count_transform=sqrt,ed_transform=logit,loss_weights=flu_hosp_ed,width=96,epochs=160,patience=25,lr=0.002,fit_partition=pathogen,covariate_encoder=summary,covariate_set=kinsa,input_mode=scheduled_final,input_normalization=b0,evaluation_seasons=recent_two,stress_views=1",46
flusight,wk inc flu hosp,2024-2025,natural,all,FluSight-ensemble,0.7863695163101728,5616,calibrated,"pilot_method=two_stage,pilot_nowcaster=real_tree,forecast_targets=flu,pathogen_inputs=flu,correction_weeks=2,joint_weight=0.05,correction_penalty=30.0,reporting_missingness=0,count_transform=sqrt,ed_transform=logit,loss_weights=flu_hosp_ed,width=96,epochs=160,patience=25,lr=0.002,fit_partition=pathogen,covariate_encoder=summary,covariate_set=kinsa,input_mode=scheduled_final,input_normalization=b0,evaluation_seasons=recent_two,stress_views=1",46
flusight,wk inc flu hosp,2024-2025,log,all,FluSight-ensemble,0.9508192679077908,5616,calibrated,"pilot_method=two_stage,pilot_nowcaster=real_tree,forecast_targets=flu,pathogen_inputs=flu,correction_weeks=2,joint_weight=0.05,correction_penalty=30.0,reporting_missingness=0,count_transform=sqrt,ed_transform=logit,loss_weights=flu_hosp_ed,width=96,epochs=160,patience=25,lr=0.002,fit_partition=pathogen,covariate_encoder=summary,covariate_set=kinsa,input_mode=scheduled_final,input_normalization=b0,evaluation_seasons=recent_two,stress_views=1",46
flusight,wk inc flu hosp,2025-2026,natural,all,FluSight-ensemble,0.8471344386072458,5824,calibrated,"pilot_method=two_stage,pilot_nowcaster=real_tree,forecast_targets=flu,pathogen_inputs=flu,correction_weeks=2,joint_weight=0.05,correction_penalty=30.0,reporting_missingness=0,count_transform=sqrt,ed_transform=logit,loss_weights=flu_hosp_ed,width=96,epochs=160,patience=25,lr=0.002,fit_partition=pathogen,covariate_encoder=summary,covariate_set=kinsa,input_mode=scheduled_final,input_normalization=b0,evaluation_seasons=recent_two,stress_views=1",46
flusight,wk inc flu hosp,2025-2026,log,all,FluSight-ensemble,0.861736903600793,5824,calibrated,"pilot_method=two_stage,pilot_nowcaster=real_tree,forecast_targets=flu,pathogen_inputs=flu,correction_weeks=2,joint_weight=0.05,correction_penalty=30.0,reporting_missingness=0,count_transform=sqrt,ed_transform=logit,loss_weights=flu_hosp_ed,width=96,epochs=160,patience=25,lr=0.002,fit_partition=pathogen,covariate_encoder=summary,covariate_set=kinsa,input_mode=scheduled_final,input_normalization=b0,evaluation_seasons=recent_two,stress_views=1",46
flusight,wk inc flu prop ed visits,2025-2026,natural,all,FluSight-ensemble,0.9104883419190984,5768,calibrated,"pilot_method=two_stage,pilot_nowcaster=real_tree,forecast_targets=flu,pathogen_inputs=flu,correction_weeks=2,joint_weight=0.05,correction_penalty=30.0,reporting_missingness=0,count_transform=sqrt,ed_transform=logit,loss_weights=flu_hosp_ed,width=96,epochs=160,patience=25,lr=0.002,fit_partition=pathogen,covariate_encoder=summary,covariate_set=kinsa,input_mode=scheduled_final,input_normalization=b0,evaluation_seasons=recent_two,stress_views=1",46
flusight,wk inc flu hosp,2024-2025,natural,all,FluSight-ensemble,0.7705986082260935,5616,delayed,"pilot_method=two_stage,pilot_nowcaster=real_tree,forecast_targets=flu,pathogen_inputs=flu,correction_weeks=2,joint_weight=0.05,correction_penalty=30.0,reporting_missingness=0,count_transform=sqrt,ed_transform=logit,loss_weights=flu_hosp_ed,width=96,epochs=160,patience=25,lr=0.002,fit_partition=pathogen,covariate_encoder=summary,covariate_set=kinsa,input_mode=scheduled_final,input_normalization=b0,evaluation_seasons=recent_two,stress_views=1",46
flusight,wk inc flu hosp,2024-2025,log,all,FluSight-ensemble,0.7894999905211852,5616,delayed,"pilot_method=two_stage,pilot_nowcaster=real_tree,forecast_targets=flu,pathogen_inputs=flu,correction_weeks=2,joint_weight=0.05,correction_penalty=30.0,reporting_missingness=0,count_transform=sqrt,ed_transform=logit,loss_weights=flu_hosp_ed,width=96,epochs=160,patience=25,lr=0.002,fit_partition=pathogen,covariate_encoder=summary,covariate_set=kinsa,input_mode=scheduled_final,input_normalization=b0,evaluation_seasons=recent_two,stress_views=1",46
flusight,wk inc flu hosp,2025-2026,natural,all,FluSight-ensemble,1.1590740740336132,5824,delayed,"pilot_method=two_stage,pilot_nowcaster=real_tree,forecast_targets=flu,pathogen_inputs=flu,correction_weeks=2,joint_weight=0.05,correction_penalty=30.0,reporting_missingness=0,count_transform=sqrt,ed_transform=logit,loss_weights=flu_hosp_ed,width=96,epochs=160,patience=25,lr=0.002,fit_partition=pathogen,covariate_encoder=summary,covariate_set=kinsa,input_mode=scheduled_final,input_normalization=b0,evaluation_seasons=recent_two,stress_views=1",46
flusight,wk inc flu hosp,2025-2026,log,all,FluSight-ensemble,1.0635749496357794,5824,delayed,"pilot_method=two_stage,pilot_nowcaster=real_tree,forecast_targets=flu,pathogen_inputs=flu,correction_weeks=2,joint_weight=0.05,correction_penalty=30.0,reporting_missingness=0,count_transform=sqrt,ed_transform=logit,loss_weights=flu_hosp_ed,width=96,epochs=160,patience=25,lr=0.002,fit_partition=pathogen,covariate_encoder=summary,covariate_set=kinsa,input_mode=scheduled_final,input_normalization=b0,evaluation_seasons=recent_two,stress_views=1",46
flusight,wk inc flu prop ed visits,2025-2026,natural,all,FluSight-ensemble,0.9460937983809732,5768,delayed,"pilot_method=two_stage,pilot_nowcaster=real_tree,forecast_targets=flu,pathogen_inputs=flu,correction_weeks=2,joint_weight=0.05,correction_penalty=30.0,reporting_missingness=0,count_transform=sqrt,ed_transform=logit,loss_weights=flu_hosp_ed,width=96,epochs=160,patience=25,lr=0.002,fit_partition=pathogen,covariate_encoder=summary,covariate_set=kinsa,input_mode=scheduled_final,input_normalization=b0,evaluation_seasons=recent_two,stress_views=1",46
flusight,wk inc flu hosp,2024-2025,natural,all,FluSight-ensemble,0.7334855120674435,5616,nokinsa,"pilot_method=two_stage,pilot_nowcaster=real_tree,forecast_targets=flu,pathogen_inputs=flu,correction_weeks=2,joint_weight=0.05,correction_penalty=30.0,reporting_missingness=0,count_transform=sqrt,ed_transform=logit,loss_weights=flu_hosp_ed,width=96,epochs=160,patience=25,lr=0.002,fit_partition=pathogen,covariate_encoder=summary,covariate_set=kinsa,input_mode=scheduled_final,input_normalization=b0,evaluation_seasons=recent_two,stress_views=1",46
flusight,wk inc flu hosp,2024-2025,log,all,FluSight-ensemble,0.8185769884596994,5616,nokinsa,"pilot_method=two_stage,pilot_nowcaster=real_tree,forecast_targets=flu,pathogen_inputs=flu,correction_weeks=2,joint_weight=0.05,correction_penalty=30.0,reporting_missingness=0,count_transform=sqrt,ed_transform=logit,loss_weights=flu_hosp_ed,width=96,epochs=160,patience=25,lr=0.002,fit_partition=pathogen,covariate_encoder=summary,covariate_set=kinsa,input_mode=scheduled_final,input_normalization=b0,evaluation_seasons=recent_two,stress_views=1",46
flusight,wk inc flu hosp,2025-2026,natural,all,FluSight-ensemble,0.875301044131228,5824,nokinsa,"pilot_method=two_stage,pilot_nowcaster=real_tree,forecast_targets=flu,pathogen_inputs=flu,correction_weeks=2,joint_weight=0.05,correction_penalty=30.0,reporting_missingness=0,count_transform=sqrt,ed_transform=logit,loss_weights=flu_hosp_ed,width=96,epochs=160,patience=25,lr=0.002,fit_partition=pathogen,covariate_encoder=summary,covariate_set=kinsa,input_mode=scheduled_final,input_normalization=b0,evaluation_seasons=recent_two,stress_views=1",46
flusight,wk inc flu hosp,2025-2026,log,all,FluSight-ensemble,0.8700281216943891,5824,nokinsa,"pilot_method=two_stage,pilot_nowcaster=real_tree,forecast_targets=flu,pathogen_inputs=flu,correction_weeks=2,joint_weight=0.05,correction_penalty=30.0,reporting_missingness=0,count_transform=sqrt,ed_transform=logit,loss_weights=flu_hosp_ed,width=96,epochs=160,patience=25,lr=0.002,fit_partition=pathogen,covariate_encoder=summary,covariate_set=kinsa,input_mode=scheduled_final,input_normalization=b0,evaluation_seasons=recent_two,stress_views=1",46
flusight,wk inc flu prop ed visits,2025-2026,natural,all,FluSight-ensemble,0.9640212146148583,5768,nokinsa,"pilot_method=two_stage,pilot_nowcaster=real_tree,forecast_targets=flu,pathogen_inputs=flu,correction_weeks=2,joint_weight=0.05,correction_penalty=30.0,reporting_missingness=0,count_transform=sqrt,ed_transform=logit,loss_weights=flu_hosp_ed,width=96,epochs=160,patience=25,lr=0.002,fit_partition=pathogen,covariate_encoder=summary,covariate_set=kinsa,input_mode=scheduled_final,input_normalization=b0,evaluation_seasons=recent_two,stress_views=1",46
flusight,wk inc flu hosp,2024-2025,natural,all,FluSight-ensemble,0.8758712163875909,5616,raw,"pilot_method=two_stage,pilot_nowcaster=real_tree,forecast_targets=flu,pathogen_inputs=flu,correction_weeks=2,joint_weight=0.05,correction_penalty=30.0,reporting_missingness=0,count_transform=sqrt,ed_transform=logit,loss_weights=flu_hosp_ed,width=96,epochs=160,patience=25,lr=0.002,fit_partition=pathogen,covariate_encoder=summary,covariate_set=kinsa,input_mode=scheduled_final,input_normalization=b0,evaluation_seasons=recent_two,stress_views=1",47
flusight,wk inc flu hosp,2024-2025,log,all,FluSight-ensemble,0.905953589854816,5616,raw,"pilot_method=two_stage,pilot_nowcaster=real_tree,forecast_targets=flu,pathogen_inputs=flu,correction_weeks=2,joint_weight=0.05,correction_penalty=30.0,reporting_missingness=0,count_transform=sqrt,ed_transform=logit,loss_weights=flu_hosp_ed,width=96,epochs=160,patience=25,lr=0.002,fit_partition=pathogen,covariate_encoder=summary,covariate_set=kinsa,input_mode=scheduled_final,input_normalization=b0,evaluation_seasons=recent_two,stress_views=1",47
flusight,wk inc flu hosp,2025-2026,natural,all,FluSight-ensemble,0.8398866459017836,5824,raw,"pilot_method=two_stage,pilot_nowcaster=real_tree,forecast_targets=flu,pathogen_inputs=flu,correction_weeks=2,joint_weight=0.05,correction_penalty=30.0,reporting_missingness=0,count_transform=sqrt,ed_transform=logit,loss_weights=flu_hosp_ed,width=96,epochs=160,patience=25,lr=0.002,fit_partition=pathogen,covariate_encoder=summary,covariate_set=kinsa,input_mode=scheduled_final,input_normalization=b0,evaluation_seasons=recent_two,stress_views=1",47
flusight,wk inc flu hosp,2025-2026,log,all,FluSight-ensemble,0.896003272772739,5824,raw,"pilot_method=two_stage,pilot_nowcaster=real_tree,forecast_targets=flu,pathogen_inputs=flu,correction_weeks=2,joint_weight=0.05,correction_penalty=30.0,reporting_missingness=0,count_transform=sqrt,ed_transform=logit,loss_weights=flu_hosp_ed,width=96,epochs=160,patience=25,lr=0.002,fit_partition=pathogen,covariate_encoder=summary,covariate_set=kinsa,input_mode=scheduled_final,input_normalization=b0,evaluation_seasons=recent_two,stress_views=1",47
flusight,wk inc flu prop ed visits,2025-2026,natural,all,FluSight-ensemble,0.8647502300716,5768,raw,"pilot_method=two_stage,pilot_nowcaster=real_tree,forecast_targets=flu,pathogen_inputs=flu,correction_weeks=2,joint_weight=0.05,correction_penalty=30.0,reporting_missingness=0,count_transform=sqrt,ed_transform=logit,loss_weights=flu_hosp_ed,width=96,epochs=160,patience=25,lr=0.002,fit_partition=pathogen,covariate_encoder=summary,covariate_set=kinsa,input_mode=scheduled_final,input_normalization=b0,evaluation_seasons=recent_two,stress_views=1",47
flusight,wk inc flu hosp,2024-2025,natural,all,FluSight-ensemble,0.8232468979278731,5616,half,"pilot_method=two_stage,pilot_nowcaster=real_tree,forecast_targets=flu,pathogen_inputs=flu,correction_weeks=2,joint_weight=0.05,correction_penalty=30.0,reporting_missingness=0,count_transform=sqrt,ed_transform=logit,loss_weights=flu_hosp_ed,width=96,epochs=160,patience=25,lr=0.002,fit_partition=pathogen,covariate_encoder=summary,covariate_set=kinsa,input_mode=scheduled_final,input_normalization=b0,evaluation_seasons=recent_two,stress_views=1",47
flusight,wk inc flu hosp,2024-2025,log,all,FluSight-ensemble,0.8246580875545017,5616,half,"pilot_method=two_stage,pilot_nowcaster=real_tree,forecast_targets=flu,pathogen_inputs=flu,correction_weeks=2,joint_weight=0.05,correction_penalty=30.0,reporting_missingness=0,count_transform=sqrt,ed_transform=logit,loss_weights=flu_hosp_ed,width=96,epochs=160,patience=25,lr=0.002,fit_partition=pathogen,covariate_encoder=summary,covariate_set=kinsa,input_mode=scheduled_final,input_normalization=b0,evaluation_seasons=recent_two,stress_views=1",47
flusight,wk inc flu hosp,2025-2026,natural,all,FluSight-ensemble,0.8561796528133319,5824,half,"pilot_method=two_stage,pilot_nowcaster=real_tree,forecast_targets=flu,pathogen_inputs=flu,correction_weeks=2,joint_weight=0.05,correction_penalty=30.0,reporting_missingness=0,count_transform=sqrt,ed_transform=logit,loss_weights=flu_hosp_ed,width=96,epochs=160,patience=25,lr=0.002,fit_partition=pathogen,covariate_encoder=summary,covariate_set=kinsa,input_mode=scheduled_final,input_normalization=b0,evaluation_seasons=recent_two,stress_views=1",47
flusight,wk inc flu hosp,2025-2026,log,all,FluSight-ensemble,0.8937061625921614,5824,half,"pilot_method=two_stage,pilot_nowcaster=real_tree,forecast_targets=flu,pathogen_inputs=flu,correction_weeks=2,joint_weight=0.05,correction_penalty=30.0,reporting_missingness=0,count_transform=sqrt,ed_transform=logit,loss_weights=flu_hosp_ed,width=96,epochs=160,patience=25,lr=0.002,fit_partition=pathogen,covariate_encoder=summary,covariate_set=kinsa,input_mode=scheduled_final,input_normalization=b0,evaluation_seasons=recent_two,stress_views=1",47
flusight,wk inc flu prop ed visits,2025-2026,natural,all,FluSight-ensemble,0.8643625214145699,5768,half,"pilot_method=two_stage,pilot_nowcaster=real_tree,forecast_targets=flu,pathogen_inputs=flu,correction_weeks=2,joint_weight=0.05,correction_penalty=30.0,reporting_missingness=0,count_transform=sqrt,ed_transform=logit,loss_weights=flu_hosp_ed,width=96,epochs=160,patience=25,lr=0.002,fit_partition=pathogen,covariate_encoder=summary,covariate_set=kinsa,input_mode=scheduled_final,input_normalization=b0,evaluation_seasons=recent_two,stress_views=1",47
flusight,wk inc flu hosp,2024-2025,natural,all,FluSight-ensemble,0.7844461230553973,5616,corrected,"pilot_method=two_stage,pilot_nowcaster=real_tree,forecast_targets=flu,pathogen_inputs=flu,correction_weeks=2,joint_weight=0.05,correction_penalty=30.0,reporting_missingness=0,count_transform=sqrt,ed_transform=logit,loss_weights=flu_hosp_ed,width=96,epochs=160,patience=25,lr=0.002,fit_partition=pathogen,covariate_encoder=summary,covariate_set=kinsa,input_mode=scheduled_final,input_normalization=b0,evaluation_seasons=recent_two,stress_views=1",47
flusight,wk inc flu hosp,2024-2025,log,all,FluSight-ensemble,0.7695023795576399,5616,corrected,"pilot_method=two_stage,pilot_nowcaster=real_tree,forecast_targets=flu,pathogen_inputs=flu,correction_weeks=2,joint_weight=0.05,correction_penalty=30.0,reporting_missingness=0,count_transform=sqrt,ed_transform=logit,loss_weights=flu_hosp_ed,width=96,epochs=160,patience=25,lr=0.002,fit_partition=pathogen,covariate_encoder=summary,covariate_set=kinsa,input_mode=scheduled_final,input_normalization=b0,evaluation_seasons=recent_two,stress_views=1",47
flusight,wk inc flu hosp,2025-2026,natural,all,FluSight-ensemble,0.8828459321037562,5824,corrected,"pilot_method=two_stage,pilot_nowcaster=real_tree,forecast_targets=flu,pathogen_inputs=flu,correction_weeks=2,joint_weight=0.05,correction_penalty=30.0,reporting_missingness=0,count_transform=sqrt,ed_transform=logit,loss_weights=flu_hosp_ed,width=96,epochs=160,patience=25,lr=0.002,fit_partition=pathogen,covariate_encoder=summary,covariate_set=kinsa,input_mode=scheduled_final,input_normalization=b0,evaluation_seasons=recent_two,stress_views=1",47
flusight,wk inc flu hosp,2025-2026,log,all,FluSight-ensemble,0.904293668497998,5824,corrected,"pilot_method=two_stage,pilot_nowcaster=real_tree,forecast_targets=flu,pathogen_inputs=flu,correction_weeks=2,joint_weight=0.05,correction_penalty=30.0,reporting_missingness=0,count_transform=sqrt,ed_transform=logit,loss_weights=flu_hosp_ed,width=96,epochs=160,patience=25,lr=0.002,fit_partition=pathogen,covariate_encoder=summary,covariate_set=kinsa,input_mode=scheduled_final,input_normalization=b0,evaluation_seasons=recent_two,stress_views=1",47
flusight,wk inc flu prop ed visits,2025-2026,natural,all,FluSight-ensemble,0.8640839376894223,5768,corrected,"pilot_method=two_stage,pilot_nowcaster=real_tree,forecast_targets=flu,pathogen_inputs=flu,correction_weeks=2,joint_weight=0.05,correction_penalty=30.0,reporting_missingness=0,count_transform=sqrt,ed_transform=logit,loss_weights=flu_hosp_ed,width=96,epochs=160,patience=25,lr=0.002,fit_partition=pathogen,covariate_encoder=summary,covariate_set=kinsa,input_mode=scheduled_final,input_normalization=b0,evaluation_seasons=recent_two,stress_views=1",47
flusight,wk inc flu hosp,2024-2025,natural,all,FluSight-ensemble,0.771897682560796,5616,calibrated,"pilot_method=two_stage,pilot_nowcaster=real_tree,forecast_targets=flu,pathogen_inputs=flu,correction_weeks=2,joint_weight=0.05,correction_penalty=30.0,reporting_missingness=0,count_transform=sqrt,ed_transform=logit,loss_weights=flu_hosp_ed,width=96,epochs=160,patience=25,lr=0.002,fit_partition=pathogen,covariate_encoder=summary,covariate_set=kinsa,input_mode=scheduled_final,input_normalization=b0,evaluation_seasons=recent_two,stress_views=1",47
flusight,wk inc flu hosp,2024-2025,log,all,FluSight-ensemble,0.7758016789199446,5616,calibrated,"pilot_method=two_stage,pilot_nowcaster=real_tree,forecast_targets=flu,pathogen_inputs=flu,correction_weeks=2,joint_weight=0.05,correction_penalty=30.0,reporting_missingness=0,count_transform=sqrt,ed_transform=logit,loss_weights=flu_hosp_ed,width=96,epochs=160,patience=25,lr=0.002,fit_partition=pathogen,covariate_encoder=summary,covariate_set=kinsa,input_mode=scheduled_final,input_normalization=b0,evaluation_seasons=recent_two,stress_views=1",47
flusight,wk inc flu hosp,2025-2026,natural,all,FluSight-ensemble,0.8836203285841521,5824,calibrated,"pilot_method=two_stage,pilot_nowcaster=real_tree,forecast_targets=flu,pathogen_inputs=flu,correction_weeks=2,joint_weight=0.05,correction_penalty=30.0,reporting_missingness=0,count_transform=sqrt,ed_transform=logit,loss_weights=flu_hosp_ed,width=96,epochs=160,patience=25,lr=0.002,fit_partition=pathogen,covariate_encoder=summary,covariate_set=kinsa,input_mode=scheduled_final,input_normalization=b0,evaluation_seasons=recent_two,stress_views=1",47
flusight,wk inc flu hosp,2025-2026,log,all,FluSight-ensemble,0.9051553924381546,5824,calibrated,"pilot_method=two_stage,pilot_nowcaster=real_tree,forecast_targets=flu,pathogen_inputs=flu,correction_weeks=2,joint_weight=0.05,correction_penalty=30.0,reporting_missingness=0,count_transform=sqrt,ed_transform=logit,loss_weights=flu_hosp_ed,width=96,epochs=160,patience=25,lr=0.002,fit_partition=pathogen,covariate_encoder=summary,covariate_set=kinsa,input_mode=scheduled_final,input_normalization=b0,evaluation_seasons=recent_two,stress_views=1",47
flusight,wk inc flu prop ed visits,2025-2026,natural,all,FluSight-ensemble,0.8374339284359028,5768,calibrated,"pilot_method=two_stage,pilot_nowcaster=real_tree,forecast_targets=flu,pathogen_inputs=flu,correction_weeks=2,joint_weight=0.05,correction_penalty=30.0,reporting_missingness=0,count_transform=sqrt,ed_transform=logit,loss_weights=flu_hosp_ed,width=96,epochs=160,patience=25,lr=0.002,fit_partition=pathogen,covariate_encoder=summary,covariate_set=kinsa,input_mode=scheduled_final,input_normalization=b0,evaluation_seasons=recent_two,stress_views=1",47
flusight,wk inc flu hosp,2024-2025,natural,all,FluSight-ensemble,0.9014877550708368,5616,delayed,"pilot_method=two_stage,pilot_nowcaster=real_tree,forecast_targets=flu,pathogen_inputs=flu,correction_weeks=2,joint_weight=0.05,correction_penalty=30.0,reporting_missingness=0,count_transform=sqrt,ed_transform=logit,loss_weights=flu_hosp_ed,width=96,epochs=160,patience=25,lr=0.002,fit_partition=pathogen,covariate_encoder=summary,covariate_set=kinsa,input_mode=scheduled_final,input_normalization=b0,evaluation_seasons=recent_two,stress_views=1",47
flusight,wk inc flu hosp,2024-2025,log,all,FluSight-ensemble,0.9059950307244908,5616,delayed,"pilot_method=two_stage,pilot_nowcaster=real_tree,forecast_targets=flu,pathogen_inputs=flu,correction_weeks=2,joint_weight=0.05,correction_penalty=30.0,reporting_missingness=0,count_transform=sqrt,ed_transform=logit,loss_weights=flu_hosp_ed,width=96,epochs=160,patience=25,lr=0.002,fit_partition=pathogen,covariate_encoder=summary,covariate_set=kinsa,input_mode=scheduled_final,input_normalization=b0,evaluation_seasons=recent_two,stress_views=1",47
flusight,wk inc flu hosp,2025-2026,natural,all,FluSight-ensemble,1.2410982592557052,5824,delayed,"pilot_method=two_stage,pilot_nowcaster=real_tree,forecast_targets=flu,pathogen_inputs=flu,correction_weeks=2,joint_weight=0.05,correction_penalty=30.0,reporting_missingness=0,count_transform=sqrt,ed_transform=logit,loss_weights=flu_hosp_ed,width=96,epochs=160,patience=25,lr=0.002,fit_partition=pathogen,covariate_encoder=summary,covariate_set=kinsa,input_mode=scheduled_final,input_normalization=b0,evaluation_seasons=recent_two,stress_views=1",47
flusight,wk inc flu hosp,2025-2026,log,all,FluSight-ensemble,1.2121387328450122,5824,delayed,"pilot_method=two_stage,pilot_nowcaster=real_tree,forecast_targets=flu,pathogen_inputs=flu,correction_weeks=2,joint_weight=0.05,correction_penalty=30.0,reporting_missingness=0,count_transform=sqrt,ed_transform=logit,loss_weights=flu_hosp_ed,width=96,epochs=160,patience=25,lr=0.002,fit_partition=pathogen,covariate_encoder=summary,covariate_set=kinsa,input_mode=scheduled_final,input_normalization=b0,evaluation_seasons=recent_two,stress_views=1",47
flusight,wk inc flu prop ed visits,2025-2026,natural,all,FluSight-ensemble,0.8982979310308135,5768,delayed,"pilot_method=two_stage,pilot_nowcaster=real_tree,forecast_targets=flu,pathogen_inputs=flu,correction_weeks=2,joint_weight=0.05,correction_penalty=30.0,reporting_missingness=0,count_transform=sqrt,ed_transform=logit,loss_weights=flu_hosp_ed,width=96,epochs=160,patience=25,lr=0.002,fit_partition=pathogen,covariate_encoder=summary,covariate_set=kinsa,input_mode=scheduled_final,input_normalization=b0,evaluation_seasons=recent_two,stress_views=1",47
flusight,wk inc flu hosp,2024-2025,natural,all,FluSight-ensemble,0.6384713244452729,5616,nokinsa,"pilot_method=two_stage,pilot_nowcaster=real_tree,forecast_targets=flu,pathogen_inputs=flu,correction_weeks=2,joint_weight=0.05,correction_penalty=30.0,reporting_missingness=0,count_transform=sqrt,ed_transform=logit,loss_weights=flu_hosp_ed,width=96,epochs=160,patience=25,lr=0.002,fit_partition=pathogen,covariate_encoder=summary,covariate_set=kinsa,input_mode=scheduled_final,input_normalization=b0,evaluation_seasons=recent_two,stress_views=1",47
flusight,wk inc flu hosp,2024-2025,log,all,FluSight-ensemble,0.6854297415061508,5616,nokinsa,"pilot_method=two_stage,pilot_nowcaster=real_tree,forecast_targets=flu,pathogen_inputs=flu,correction_weeks=2,joint_weight=0.05,correction_penalty=30.0,reporting_missingness=0,count_transform=sqrt,ed_transform=logit,loss_weights=flu_hosp_ed,width=96,epochs=160,patience=25,lr=0.002,fit_partition=pathogen,covariate_encoder=summary,covariate_set=kinsa,input_mode=scheduled_final,input_normalization=b0,evaluation_seasons=recent_two,stress_views=1",47
flusight,wk inc flu hosp,2025-2026,natural,all,FluSight-ensemble,0.8490564954365487,5824,nokinsa,"pilot_method=two_stage,pilot_nowcaster=real_tree,forecast_targets=flu,pathogen_inputs=flu,correction_weeks=2,joint_weight=0.05,correction_penalty=30.0,reporting_missingness=0,count_transform=sqrt,ed_transform=logit,loss_weights=flu_hosp_ed,width=96,epochs=160,patience=25,lr=0.002,fit_partition=pathogen,covariate_encoder=summary,covariate_set=kinsa,input_mode=scheduled_final,input_normalization=b0,evaluation_seasons=recent_two,stress_views=1",47
flusight,wk inc flu hosp,2025-2026,log,all,FluSight-ensemble,0.8669148266070571,5824,nokinsa,"pilot_method=two_stage,pilot_nowcaster=real_tree,forecast_targets=flu,pathogen_inputs=flu,correction_weeks=2,joint_weight=0.05,correction_penalty=30.0,reporting_missingness=0,count_transform=sqrt,ed_transform=logit,loss_weights=flu_hosp_ed,width=96,epochs=160,patience=25,lr=0.002,fit_partition=pathogen,covariate_encoder=summary,covariate_set=kinsa,input_mode=scheduled_final,input_normalization=b0,evaluation_seasons=recent_two,stress_views=1",47
flusight,wk inc flu prop ed visits,2025-2026,natural,all,FluSight-ensemble,0.886550276132558,5768,nokinsa,"pilot_method=two_stage,pilot_nowcaster=real_tree,forecast_targets=flu,pathogen_inputs=flu,correction_weeks=2,joint_weight=0.05,correction_penalty=30.0,reporting_missingness=0,count_transform=sqrt,ed_transform=logit,loss_weights=flu_hosp_ed,width=96,epochs=160,patience=25,lr=0.002,fit_partition=pathogen,covariate_encoder=summary,covariate_set=kinsa,input_mode=scheduled_final,input_normalization=b0,evaluation_seasons=recent_two,stress_views=1",47
flusight,wk inc flu hosp,2024-2025,natural,all,FluSight-ensemble,0.958191042796554,5616,raw,"pilot_method=two_stage,pilot_nowcaster=real_tree,forecast_targets=flu,pathogen_inputs=flu,correction_weeks=2,joint_weight=0.05,correction_penalty=30.0,reporting_missingness=0,count_transform=sqrt,ed_transform=logit,loss_weights=flu_hosp_ed,width=96,epochs=160,patience=25,lr=0.002,fit_partition=pathogen,covariate_encoder=summary,covariate_set=kinsa,input_mode=scheduled_final,input_normalization=b0,evaluation_seasons=recent_two,stress_views=1",48
flusight,wk inc flu hosp,2024-2025,log,all,FluSight-ensemble,1.2082870433334785,5616,raw,"pilot_method=two_stage,pilot_nowcaster=real_tree,forecast_targets=flu,pathogen_inputs=flu,correction_weeks=2,joint_weight=0.05,correction_penalty=30.0,reporting_missingness=0,count_transform=sqrt,ed_transform=logit,loss_weights=flu_hosp_ed,width=96,epochs=160,patience=25,lr=0.002,fit_partition=pathogen,covariate_encoder=summary,covariate_set=kinsa,input_mode=scheduled_final,input_normalization=b0,evaluation_seasons=recent_two,stress_views=1",48
flusight,wk inc flu hosp,2025-2026,natural,all,FluSight-ensemble,0.8837120071296128,5824,raw,"pilot_method=two_stage,pilot_nowcaster=real_tree,forecast_targets=flu,pathogen_inputs=flu,correction_weeks=2,joint_weight=0.05,correction_penalty=30.0,reporting_missingness=0,count_transform=sqrt,ed_transform=logit,loss_weights=flu_hosp_ed,width=96,epochs=160,patience=25,lr=0.002,fit_partition=pathogen,covariate_encoder=summary,covariate_set=kinsa,input_mode=scheduled_final,input_normalization=b0,evaluation_seasons=recent_two,stress_views=1",48
flusight,wk inc flu hosp,2025-2026,log,all,FluSight-ensemble,0.9652255793011438,5824,raw,"pilot_method=two_stage,pilot_nowcaster=real_tree,forecast_targets=flu,pathogen_inputs=flu,correction_weeks=2,joint_weight=0.05,correction_penalty=30.0,reporting_missingness=0,count_transform=sqrt,ed_transform=logit,loss_weights=flu_hosp_ed,width=96,epochs=160,patience=25,lr=0.002,fit_partition=pathogen,covariate_encoder=summary,covariate_set=kinsa,input_mode=scheduled_final,input_normalization=b0,evaluation_seasons=recent_two,stress_views=1",48
flusight,wk inc flu prop ed visits,2025-2026,natural,all,FluSight-ensemble,0.9312658773910216,5768,raw,"pilot_method=two_stage,pilot_nowcaster=real_tree,forecast_targets=flu,pathogen_inputs=flu,correction_weeks=2,joint_weight=0.05,correction_penalty=30.0,reporting_missingness=0,count_transform=sqrt,ed_transform=logit,loss_weights=flu_hosp_ed,width=96,epochs=160,patience=25,lr=0.002,fit_partition=pathogen,covariate_encoder=summary,covariate_set=kinsa,input_mode=scheduled_final,input_normalization=b0,evaluation_seasons=recent_two,stress_views=1",48
flusight,wk inc flu hosp,2024-2025,natural,all,FluSight-ensemble,0.9018206500276176,5616,half,"pilot_method=two_stage,pilot_nowcaster=real_tree,forecast_targets=flu,pathogen_inputs=flu,correction_weeks=2,joint_weight=0.05,correction_penalty=30.0,reporting_missingness=0,count_transform=sqrt,ed_transform=logit,loss_weights=flu_hosp_ed,width=96,epochs=160,patience=25,lr=0.002,fit_partition=pathogen,covariate_encoder=summary,covariate_set=kinsa,input_mode=scheduled_final,input_normalization=b0,evaluation_seasons=recent_two,stress_views=1",48
flusight,wk inc flu hosp,2024-2025,log,all,FluSight-ensemble,1.0977962091158369,5616,half,"pilot_method=two_stage,pilot_nowcaster=real_tree,forecast_targets=flu,pathogen_inputs=flu,correction_weeks=2,joint_weight=0.05,correction_penalty=30.0,reporting_missingness=0,count_transform=sqrt,ed_transform=logit,loss_weights=flu_hosp_ed,width=96,epochs=160,patience=25,lr=0.002,fit_partition=pathogen,covariate_encoder=summary,covariate_set=kinsa,input_mode=scheduled_final,input_normalization=b0,evaluation_seasons=recent_two,stress_views=1",48
flusight,wk inc flu hosp,2025-2026,natural,all,FluSight-ensemble,0.9009624989036906,5824,half,"pilot_method=two_stage,pilot_nowcaster=real_tree,forecast_targets=flu,pathogen_inputs=flu,correction_weeks=2,joint_weight=0.05,correction_penalty=30.0,reporting_missingness=0,count_transform=sqrt,ed_transform=logit,loss_weights=flu_hosp_ed,width=96,epochs=160,patience=25,lr=0.002,fit_partition=pathogen,covariate_encoder=summary,covariate_set=kinsa,input_mode=scheduled_final,input_normalization=b0,evaluation_seasons=recent_two,stress_views=1",48
flusight,wk inc flu hosp,2025-2026,log,all,FluSight-ensemble,0.9461822554513996,5824,half,"pilot_method=two_stage,pilot_nowcaster=real_tree,forecast_targets=flu,pathogen_inputs=flu,correction_weeks=2,joint_weight=0.05,correction_penalty=30.0,reporting_missingness=0,count_transform=sqrt,ed_transform=logit,loss_weights=flu_hosp_ed,width=96,epochs=160,patience=25,lr=0.002,fit_partition=pathogen,covariate_encoder=summary,covariate_set=kinsa,input_mode=scheduled_final,input_normalization=b0,evaluation_seasons=recent_two,stress_views=1",48
flusight,wk inc flu prop ed visits,2025-2026,natural,all,FluSight-ensemble,0.9294244557992716,5768,half,"pilot_method=two_stage,pilot_nowcaster=real_tree,forecast_targets=flu,pathogen_inputs=flu,correction_weeks=2,joint_weight=0.05,correction_penalty=30.0,reporting_missingness=0,count_transform=sqrt,ed_transform=logit,loss_weights=flu_hosp_ed,width=96,epochs=160,patience=25,lr=0.002,fit_partition=pathogen,covariate_encoder=summary,covariate_set=kinsa,input_mode=scheduled_final,input_normalization=b0,evaluation_seasons=recent_two,stress_views=1",48
flusight,wk inc flu hosp,2024-2025,natural,all,FluSight-ensemble,0.8548042668132778,5616,corrected,"pilot_method=two_stage,pilot_nowcaster=real_tree,forecast_targets=flu,pathogen_inputs=flu,correction_weeks=2,joint_weight=0.05,correction_penalty=30.0,reporting_missingness=0,count_transform=sqrt,ed_transform=logit,loss_weights=flu_hosp_ed,width=96,epochs=160,patience=25,lr=0.002,fit_partition=pathogen,covariate_encoder=summary,covariate_set=kinsa,input_mode=scheduled_final,input_normalization=b0,evaluation_seasons=recent_two,stress_views=1",48
flusight,wk inc flu hosp,2024-2025,log,all,FluSight-ensemble,1.0106657645506298,5616,corrected,"pilot_method=two_stage,pilot_nowcaster=real_tree,forecast_targets=flu,pathogen_inputs=flu,correction_weeks=2,joint_weight=0.05,correction_penalty=30.0,reporting_missingness=0,count_transform=sqrt,ed_transform=logit,loss_weights=flu_hosp_ed,width=96,epochs=160,patience=25,lr=0.002,fit_partition=pathogen,covariate_encoder=summary,covariate_set=kinsa,input_mode=scheduled_final,input_normalization=b0,evaluation_seasons=recent_two,stress_views=1",48
flusight,wk inc flu hosp,2025-2026,natural,all,FluSight-ensemble,0.9271072244242774,5824,corrected,"pilot_method=two_stage,pilot_nowcaster=real_tree,forecast_targets=flu,pathogen_inputs=flu,correction_weeks=2,joint_weight=0.05,correction_penalty=30.0,reporting_missingness=0,count_transform=sqrt,ed_transform=logit,loss_weights=flu_hosp_ed,width=96,epochs=160,patience=25,lr=0.002,fit_partition=pathogen,covariate_encoder=summary,covariate_set=kinsa,input_mode=scheduled_final,input_normalization=b0,evaluation_seasons=recent_two,stress_views=1",48
flusight,wk inc flu hosp,2025-2026,log,all,FluSight-ensemble,0.9378776876209994,5824,corrected,"pilot_method=two_stage,pilot_nowcaster=real_tree,forecast_targets=flu,pathogen_inputs=flu,correction_weeks=2,joint_weight=0.05,correction_penalty=30.0,reporting_missingness=0,count_transform=sqrt,ed_transform=logit,loss_weights=flu_hosp_ed,width=96,epochs=160,patience=25,lr=0.002,fit_partition=pathogen,covariate_encoder=summary,covariate_set=kinsa,input_mode=scheduled_final,input_normalization=b0,evaluation_seasons=recent_two,stress_views=1",48
flusight,wk inc flu prop ed visits,2025-2026,natural,all,FluSight-ensemble,0.9276055554805134,5768,corrected,"pilot_method=two_stage,pilot_nowcaster=real_tree,forecast_targets=flu,pathogen_inputs=flu,correction_weeks=2,joint_weight=0.05,correction_penalty=30.0,reporting_missingness=0,count_transform=sqrt,ed_transform=logit,loss_weights=flu_hosp_ed,width=96,epochs=160,patience=25,lr=0.002,fit_partition=pathogen,covariate_encoder=summary,covariate_set=kinsa,input_mode=scheduled_final,input_normalization=b0,evaluation_seasons=recent_two,stress_views=1",48
flusight,wk inc flu hosp,2024-2025,natural,all,FluSight-ensemble,0.8347144290724297,5616,calibrated,"pilot_method=two_stage,pilot_nowcaster=real_tree,forecast_targets=flu,pathogen_inputs=flu,correction_weeks=2,joint_weight=0.05,correction_penalty=30.0,reporting_missingness=0,count_transform=sqrt,ed_transform=logit,loss_weights=flu_hosp_ed,width=96,epochs=160,patience=25,lr=0.002,fit_partition=pathogen,covariate_encoder=summary,covariate_set=kinsa,input_mode=scheduled_final,input_normalization=b0,evaluation_seasons=recent_two,stress_views=1",48
flusight,wk inc flu hosp,2024-2025,log,all,FluSight-ensemble,1.060390306800216,5616,calibrated,"pilot_method=two_stage,pilot_nowcaster=real_tree,forecast_targets=flu,pathogen_inputs=flu,correction_weeks=2,joint_weight=0.05,correction_penalty=30.0,reporting_missingness=0,count_transform=sqrt,ed_transform=logit,loss_weights=flu_hosp_ed,width=96,epochs=160,patience=25,lr=0.002,fit_partition=pathogen,covariate_encoder=summary,covariate_set=kinsa,input_mode=scheduled_final,input_normalization=b0,evaluation_seasons=recent_two,stress_views=1",48
flusight,wk inc flu hosp,2025-2026,natural,all,FluSight-ensemble,0.9239477901797466,5824,calibrated,"pilot_method=two_stage,pilot_nowcaster=real_tree,forecast_targets=flu,pathogen_inputs=flu,correction_weeks=2,joint_weight=0.05,correction_penalty=30.0,reporting_missingness=0,count_transform=sqrt,ed_transform=logit,loss_weights=flu_hosp_ed,width=96,epochs=160,patience=25,lr=0.002,fit_partition=pathogen,covariate_encoder=summary,covariate_set=kinsa,input_mode=scheduled_final,input_normalization=b0,evaluation_seasons=recent_two,stress_views=1",48
flusight,wk inc flu hosp,2025-2026,log,all,FluSight-ensemble,0.9485132498583668,5824,calibrated,"pilot_method=two_stage,pilot_nowcaster=real_tree,forecast_targets=flu,pathogen_inputs=flu,correction_weeks=2,joint_weight=0.05,correction_penalty=30.0,reporting_missingness=0,count_transform=sqrt,ed_transform=logit,loss_weights=flu_hosp_ed,width=96,epochs=160,patience=25,lr=0.002,fit_partition=pathogen,covariate_encoder=summary,covariate_set=kinsa,input_mode=scheduled_final,input_normalization=b0,evaluation_seasons=recent_two,stress_views=1",48
flusight,wk inc flu prop ed visits,2025-2026,natural,all,FluSight-ensemble,0.9397515276275256,5768,calibrated,"pilot_method=two_stage,pilot_nowcaster=real_tree,forecast_targets=flu,pathogen_inputs=flu,correction_weeks=2,joint_weight=0.05,correction_penalty=30.0,reporting_missingness=0,count_transform=sqrt,ed_transform=logit,loss_weights=flu_hosp_ed,width=96,epochs=160,patience=25,lr=0.002,fit_partition=pathogen,covariate_encoder=summary,covariate_set=kinsa,input_mode=scheduled_final,input_normalization=b0,evaluation_seasons=recent_two,stress_views=1",48
flusight,wk inc flu hosp,2024-2025,natural,all,FluSight-ensemble,0.7180647811515669,5616,delayed,"pilot_method=two_stage,pilot_nowcaster=real_tree,forecast_targets=flu,pathogen_inputs=flu,correction_weeks=2,joint_weight=0.05,correction_penalty=30.0,reporting_missingness=0,count_transform=sqrt,ed_transform=logit,loss_weights=flu_hosp_ed,width=96,epochs=160,patience=25,lr=0.002,fit_partition=pathogen,covariate_encoder=summary,covariate_set=kinsa,input_mode=scheduled_final,input_normalization=b0,evaluation_seasons=recent_two,stress_views=1",48
flusight,wk inc flu hosp,2024-2025,log,all,FluSight-ensemble,0.8221334371773121,5616,delayed,"pilot_method=two_stage,pilot_nowcaster=real_tree,forecast_targets=flu,pathogen_inputs=flu,correction_weeks=2,joint_weight=0.05,correction_penalty=30.0,reporting_missingness=0,count_transform=sqrt,ed_transform=logit,loss_weights=flu_hosp_ed,width=96,epochs=160,patience=25,lr=0.002,fit_partition=pathogen,covariate_encoder=summary,covariate_set=kinsa,input_mode=scheduled_final,input_normalization=b0,evaluation_seasons=recent_two,stress_views=1",48
flusight,wk inc flu hosp,2025-2026,natural,all,FluSight-ensemble,1.2211879879031171,5824,delayed,"pilot_method=two_stage,pilot_nowcaster=real_tree,forecast_targets=flu,pathogen_inputs=flu,correction_weeks=2,joint_weight=0.05,correction_penalty=30.0,reporting_missingness=0,count_transform=sqrt,ed_transform=logit,loss_weights=flu_hosp_ed,width=96,epochs=160,patience=25,lr=0.002,fit_partition=pathogen,covariate_encoder=summary,covariate_set=kinsa,input_mode=scheduled_final,input_normalization=b0,evaluation_seasons=recent_two,stress_views=1",48
flusight,wk inc flu hosp,2025-2026,log,all,FluSight-ensemble,1.1649197747260984,5824,delayed,"pilot_method=two_stage,pilot_nowcaster=real_tree,forecast_targets=flu,pathogen_inputs=flu,correction_weeks=2,joint_weight=0.05,correction_penalty=30.0,reporting_missingness=0,count_transform=sqrt,ed_transform=logit,loss_weights=flu_hosp_ed,width=96,epochs=160,patience=25,lr=0.002,fit_partition=pathogen,covariate_encoder=summary,covariate_set=kinsa,input_mode=scheduled_final,input_normalization=b0,evaluation_seasons=recent_two,stress_views=1",48
flusight,wk inc flu prop ed visits,2025-2026,natural,all,FluSight-ensemble,0.9800616114312476,5768,delayed,"pilot_method=two_stage,pilot_nowcaster=real_tree,forecast_targets=flu,pathogen_inputs=flu,correction_weeks=2,joint_weight=0.05,correction_penalty=30.0,reporting_missingness=0,count_transform=sqrt,ed_transform=logit,loss_weights=flu_hosp_ed,width=96,epochs=160,patience=25,lr=0.002,fit_partition=pathogen,covariate_encoder=summary,covariate_set=kinsa,input_mode=scheduled_final,input_normalization=b0,evaluation_seasons=recent_two,stress_views=1",48
flusight,wk inc flu hosp,2024-2025,natural,all,FluSight-ensemble,0.7420539250039357,5616,nokinsa,"pilot_method=two_stage,pilot_nowcaster=real_tree,forecast_targets=flu,pathogen_inputs=flu,correction_weeks=2,joint_weight=0.05,correction_penalty=30.0,reporting_missingness=0,count_transform=sqrt,ed_transform=logit,loss_weights=flu_hosp_ed,width=96,epochs=160,patience=25,lr=0.002,fit_partition=pathogen,covariate_encoder=summary,covariate_set=kinsa,input_mode=scheduled_final,input_normalization=b0,evaluation_seasons=recent_two,stress_views=1",48
flusight,wk inc flu hosp,2024-2025,log,all,FluSight-ensemble,0.9603246366427952,5616,nokinsa,"pilot_method=two_stage,pilot_nowcaster=real_tree,forecast_targets=flu,pathogen_inputs=flu,correction_weeks=2,joint_weight=0.05,correction_penalty=30.0,reporting_missingness=0,count_transform=sqrt,ed_transform=logit,loss_weights=flu_hosp_ed,width=96,epochs=160,patience=25,lr=0.002,fit_partition=pathogen,covariate_encoder=summary,covariate_set=kinsa,input_mode=scheduled_final,input_normalization=b0,evaluation_seasons=recent_two,stress_views=1",48
flusight,wk inc flu hosp,2025-2026,natural,all,FluSight-ensemble,0.9082855722684616,5824,nokinsa,"pilot_method=two_stage,pilot_nowcaster=real_tree,forecast_targets=flu,pathogen_inputs=flu,correction_weeks=2,joint_weight=0.05,correction_penalty=30.0,reporting_missingness=0,count_transform=sqrt,ed_transform=logit,loss_weights=flu_hosp_ed,width=96,epochs=160,patience=25,lr=0.002,fit_partition=pathogen,covariate_encoder=summary,covariate_set=kinsa,input_mode=scheduled_final,input_normalization=b0,evaluation_seasons=recent_two,stress_views=1",48
flusight,wk inc flu hosp,2025-2026,log,all,FluSight-ensemble,0.9140290570649444,5824,nokinsa,"pilot_method=two_stage,pilot_nowcaster=real_tree,forecast_targets=flu,pathogen_inputs=flu,correction_weeks=2,joint_weight=0.05,correction_penalty=30.0,reporting_missingness=0,count_transform=sqrt,ed_transform=logit,loss_weights=flu_hosp_ed,width=96,epochs=160,patience=25,lr=0.002,fit_partition=pathogen,covariate_encoder=summary,covariate_set=kinsa,input_mode=scheduled_final,input_normalization=b0,evaluation_seasons=recent_two,stress_views=1",48
flusight,wk inc flu prop ed visits,2025-2026,natural,all,FluSight-ensemble,0.9369408490429516,5768,nokinsa,"pilot_method=two_stage,pilot_nowcaster=real_tree,forecast_targets=flu,pathogen_inputs=flu,correction_weeks=2,joint_weight=0.05,correction_penalty=30.0,reporting_missingness=0,count_transform=sqrt,ed_transform=logit,loss_weights=flu_hosp_ed,width=96,epochs=160,patience=25,lr=0.002,fit_partition=pathogen,covariate_encoder=summary,covariate_set=kinsa,input_mode=scheduled_final,input_normalization=b0,evaluation_seasons=recent_two,stress_views=1",48
flusight,wk inc flu hosp,2024-2025,natural,all,FluSight-ensemble,1.0211278668924082,5616,raw,"pilot_method=joint,forecast_targets=flu,pathogen_inputs=flu,correction_weeks=2,joint_weight=0.1,correction_penalty=3.0,reporting_missingness=0,nowcast_weeks=4,ed_transform=logit,loss_weights=flu_hosp_ed,spatial=neighbors,decoder=quantile,width=96,epochs=240,patience=25,lr=0.0005,fit_partition=pathogen,covariate_encoder=summary,input_mode=scheduled_final,input_normalization=b0,evaluation_seasons=recent_two,training_window=recent2,stress_views=1",44
flusight,wk inc flu hosp,2024-2025,log,all,FluSight-ensemble,1.0128366120698715,5616,raw,"pilot_method=joint,forecast_targets=flu,pathogen_inputs=flu,correction_weeks=2,joint_weight=0.1,correction_penalty=3.0,reporting_missingness=0,nowcast_weeks=4,ed_transform=logit,loss_weights=flu_hosp_ed,spatial=neighbors,decoder=quantile,width=96,epochs=240,patience=25,lr=0.0005,fit_partition=pathogen,covariate_encoder=summary,input_mode=scheduled_final,input_normalization=b0,evaluation_seasons=recent_two,training_window=recent2,stress_views=1",44
flusight,wk inc flu hosp,2025-2026,natural,all,FluSight-ensemble,1.037178921842782,5824,raw,"pilot_method=joint,forecast_targets=flu,pathogen_inputs=flu,correction_weeks=2,joint_weight=0.1,correction_penalty=3.0,reporting_missingness=0,nowcast_weeks=4,ed_transform=logit,loss_weights=flu_hosp_ed,spatial=neighbors,decoder=quantile,width=96,epochs=240,patience=25,lr=0.0005,fit_partition=pathogen,covariate_encoder=summary,input_mode=scheduled_final,input_normalization=b0,evaluation_seasons=recent_two,training_window=recent2,stress_views=1",44
flusight,wk inc flu hosp,2025-2026,log,all,FluSight-ensemble,0.9421869373874532,5824,raw,"pilot_method=joint,forecast_targets=flu,pathogen_inputs=flu,correction_weeks=2,joint_weight=0.1,correction_penalty=3.0,reporting_missingness=0,nowcast_weeks=4,ed_transform=logit,loss_weights=flu_hosp_ed,spatial=neighbors,decoder=quantile,width=96,epochs=240,patience=25,lr=0.0005,fit_partition=pathogen,covariate_encoder=summary,input_mode=scheduled_final,input_normalization=b0,evaluation_seasons=recent_two,training_window=recent2,stress_views=1",44
flusight,wk inc flu prop ed visits,2025-2026,natural,all,FluSight-ensemble,1.0214907206480843,5768,raw,"pilot_method=joint,forecast_targets=flu,pathogen_inputs=flu,correction_weeks=2,joint_weight=0.1,correction_penalty=3.0,reporting_missingness=0,nowcast_weeks=4,ed_transform=logit,loss_weights=flu_hosp_ed,spatial=neighbors,decoder=quantile,width=96,epochs=240,patience=25,lr=0.0005,fit_partition=pathogen,covariate_encoder=summary,input_mode=scheduled_final,input_normalization=b0,evaluation_seasons=recent_two,training_window=recent2,stress_views=1",44
flusight,wk inc flu hosp,2024-2025,natural,all,FluSight-ensemble,1.016872180967204,5616,half,"pilot_method=joint,forecast_targets=flu,pathogen_inputs=flu,correction_weeks=2,joint_weight=0.1,correction_penalty=3.0,reporting_missingness=0,nowcast_weeks=4,ed_transform=logit,loss_weights=flu_hosp_ed,spatial=neighbors,decoder=quantile,width=96,epochs=240,patience=25,lr=0.0005,fit_partition=pathogen,covariate_encoder=summary,input_mode=scheduled_final,input_normalization=b0,evaluation_seasons=recent_two,training_window=recent2,stress_views=1",44
flusight,wk inc flu hosp,2024-2025,log,all,FluSight-ensemble,1.008600458893491,5616,half,"pilot_method=joint,forecast_targets=flu,pathogen_inputs=flu,correction_weeks=2,joint_weight=0.1,correction_penalty=3.0,reporting_missingness=0,nowcast_weeks=4,ed_transform=logit,loss_weights=flu_hosp_ed,spatial=neighbors,decoder=quantile,width=96,epochs=240,patience=25,lr=0.0005,fit_partition=pathogen,covariate_encoder=summary,input_mode=scheduled_final,input_normalization=b0,evaluation_seasons=recent_two,training_window=recent2,stress_views=1",44
flusight,wk inc flu hosp,2025-2026,natural,all,FluSight-ensemble,1.074675742825334,5824,half,"pilot_method=joint,forecast_targets=flu,pathogen_inputs=flu,correction_weeks=2,joint_weight=0.1,correction_penalty=3.0,reporting_missingness=0,nowcast_weeks=4,ed_transform=logit,loss_weights=flu_hosp_ed,spatial=neighbors,decoder=quantile,width=96,epochs=240,patience=25,lr=0.0005,fit_partition=pathogen,covariate_encoder=summary,input_mode=scheduled_final,input_normalization=b0,evaluation_seasons=recent_two,training_window=recent2,stress_views=1",44
flusight,wk inc flu hosp,2025-2026,log,all,FluSight-ensemble,0.9363771990407354,5824,half,"pilot_method=joint,forecast_targets=flu,pathogen_inputs=flu,correction_weeks=2,joint_weight=0.1,correction_penalty=3.0,reporting_missingness=0,nowcast_weeks=4,ed_transform=logit,loss_weights=flu_hosp_ed,spatial=neighbors,decoder=quantile,width=96,epochs=240,patience=25,lr=0.0005,fit_partition=pathogen,covariate_encoder=summary,input_mode=scheduled_final,input_normalization=b0,evaluation_seasons=recent_two,training_window=recent2,stress_views=1",44
flusight,wk inc flu prop ed visits,2025-2026,natural,all,FluSight-ensemble,1.0196239087241563,5768,half,"pilot_method=joint,forecast_targets=flu,pathogen_inputs=flu,correction_weeks=2,joint_weight=0.1,correction_penalty=3.0,reporting_missingness=0,nowcast_weeks=4,ed_transform=logit,loss_weights=flu_hosp_ed,spatial=neighbors,decoder=quantile,width=96,epochs=240,patience=25,lr=0.0005,fit_partition=pathogen,covariate_encoder=summary,input_mode=scheduled_final,input_normalization=b0,evaluation_seasons=recent_two,training_window=recent2,stress_views=1",44
flusight,wk inc flu hosp,2024-2025,natural,all,FluSight-ensemble,1.0136322488417753,5616,corrected,"pilot_method=joint,forecast_targets=flu,pathogen_inputs=flu,correction_weeks=2,joint_weight=0.1,correction_penalty=3.0,reporting_missingness=0,nowcast_weeks=4,ed_transform=logit,loss_weights=flu_hosp_ed,spatial=neighbors,decoder=quantile,width=96,epochs=240,patience=25,lr=0.0005,fit_partition=pathogen,covariate_encoder=summary,input_mode=scheduled_final,input_normalization=b0,evaluation_seasons=recent_two,training_window=recent2,stress_views=1",44
flusight,wk inc flu hosp,2024-2025,log,all,FluSight-ensemble,1.0063919031520323,5616,corrected,"pilot_method=joint,forecast_targets=flu,pathogen_inputs=flu,correction_weeks=2,joint_weight=0.1,correction_penalty=3.0,reporting_missingness=0,nowcast_weeks=4,ed_transform=logit,loss_weights=flu_hosp_ed,spatial=neighbors,decoder=quantile,width=96,epochs=240,patience=25,lr=0.0005,fit_partition=pathogen,covariate_encoder=summary,input_mode=scheduled_final,input_normalization=b0,evaluation_seasons=recent_two,training_window=recent2,stress_views=1",44
flusight,wk inc flu hosp,2025-2026,natural,all,FluSight-ensemble,1.12497618779741,5824,corrected,"pilot_method=joint,forecast_targets=flu,pathogen_inputs=flu,correction_weeks=2,joint_weight=0.1,correction_penalty=3.0,reporting_missingness=0,nowcast_weeks=4,ed_transform=logit,loss_weights=flu_hosp_ed,spatial=neighbors,decoder=quantile,width=96,epochs=240,patience=25,lr=0.0005,fit_partition=pathogen,covariate_encoder=summary,input_mode=scheduled_final,input_normalization=b0,evaluation_seasons=recent_two,training_window=recent2,stress_views=1",44
flusight,wk inc flu hosp,2025-2026,log,all,FluSight-ensemble,0.9582707148887512,5824,corrected,"pilot_method=joint,forecast_targets=flu,pathogen_inputs=flu,correction_weeks=2,joint_weight=0.1,correction_penalty=3.0,reporting_missingness=0,nowcast_weeks=4,ed_transform=logit,loss_weights=flu_hosp_ed,spatial=neighbors,decoder=quantile,width=96,epochs=240,patience=25,lr=0.0005,fit_partition=pathogen,covariate_encoder=summary,input_mode=scheduled_final,input_normalization=b0,evaluation_seasons=recent_two,training_window=recent2,stress_views=1",44
flusight,wk inc flu prop ed visits,2025-2026,natural,all,FluSight-ensemble,1.0175931350317555,5768,corrected,"pilot_method=joint,forecast_targets=flu,pathogen_inputs=flu,correction_weeks=2,joint_weight=0.1,correction_penalty=3.0,reporting_missingness=0,nowcast_weeks=4,ed_transform=logit,loss_weights=flu_hosp_ed,spatial=neighbors,decoder=quantile,width=96,epochs=240,patience=25,lr=0.0005,fit_partition=pathogen,covariate_encoder=summary,input_mode=scheduled_final,input_normalization=b0,evaluation_seasons=recent_two,training_window=recent2,stress_views=1",44
flusight,wk inc flu hosp,2024-2025,natural,all,FluSight-ensemble,1.0437572505174604,5616,calibrated,"pilot_method=joint,forecast_targets=flu,pathogen_inputs=flu,correction_weeks=2,joint_weight=0.1,correction_penalty=3.0,reporting_missingness=0,nowcast_weeks=4,ed_transform=logit,loss_weights=flu_hosp_ed,spatial=neighbors,decoder=quantile,width=96,epochs=240,patience=25,lr=0.0005,fit_partition=pathogen,covariate_encoder=summary,input_mode=scheduled_final,input_normalization=b0,evaluation_seasons=recent_two,training_window=recent2,stress_views=1",44
flusight,wk inc flu hosp,2024-2025,log,all,FluSight-ensemble,1.0275536068404445,5616,calibrated,"pilot_method=joint,forecast_targets=flu,pathogen_inputs=flu,correction_weeks=2,joint_weight=0.1,correction_penalty=3.0,reporting_missingness=0,nowcast_weeks=4,ed_transform=logit,loss_weights=flu_hosp_ed,spatial=neighbors,decoder=quantile,width=96,epochs=240,patience=25,lr=0.0005,fit_partition=pathogen,covariate_encoder=summary,input_mode=scheduled_final,input_normalization=b0,evaluation_seasons=recent_two,training_window=recent2,stress_views=1",44
flusight,wk inc flu hosp,2025-2026,natural,all,FluSight-ensemble,1.1196581708501565,5824,calibrated,"pilot_method=joint,forecast_targets=flu,pathogen_inputs=flu,correction_weeks=2,joint_weight=0.1,correction_penalty=3.0,reporting_missingness=0,nowcast_weeks=4,ed_transform=logit,loss_weights=flu_hosp_ed,spatial=neighbors,decoder=quantile,width=96,epochs=240,patience=25,lr=0.0005,fit_partition=pathogen,covariate_encoder=summary,input_mode=scheduled_final,input_normalization=b0,evaluation_seasons=recent_two,training_window=recent2,stress_views=1",44
flusight,wk inc flu hosp,2025-2026,log,all,FluSight-ensemble,0.954477882589284,5824,calibrated,"pilot_method=joint,forecast_targets=flu,pathogen_inputs=flu,correction_weeks=2,joint_weight=0.1,correction_penalty=3.0,reporting_missingness=0,nowcast_weeks=4,ed_transform=logit,loss_weights=flu_hosp_ed,spatial=neighbors,decoder=quantile,width=96,epochs=240,patience=25,lr=0.0005,fit_partition=pathogen,covariate_encoder=summary,input_mode=scheduled_final,input_normalization=b0,evaluation_seasons=recent_two,training_window=recent2,stress_views=1",44
flusight,wk inc flu prop ed visits,2025-2026,natural,all,FluSight-ensemble,1.0053792699777977,5768,calibrated,"pilot_method=joint,forecast_targets=flu,pathogen_inputs=flu,correction_weeks=2,joint_weight=0.1,correction_penalty=3.0,reporting_missingness=0,nowcast_weeks=4,ed_transform=logit,loss_weights=flu_hosp_ed,spatial=neighbors,decoder=quantile,width=96,epochs=240,patience=25,lr=0.0005,fit_partition=pathogen,covariate_encoder=summary,input_mode=scheduled_final,input_normalization=b0,evaluation_seasons=recent_two,training_window=recent2,stress_views=1",44
flusight,wk inc flu hosp,2024-2025,natural,all,FluSight-ensemble,0.9281959652088068,5616,delayed,"pilot_method=joint,forecast_targets=flu,pathogen_inputs=flu,correction_weeks=2,joint_weight=0.1,correction_penalty=3.0,reporting_missingness=0,nowcast_weeks=4,ed_transform=logit,loss_weights=flu_hosp_ed,spatial=neighbors,decoder=quantile,width=96,epochs=240,patience=25,lr=0.0005,fit_partition=pathogen,covariate_encoder=summary,input_mode=scheduled_final,input_normalization=b0,evaluation_seasons=recent_two,training_window=recent2,stress_views=1",44
flusight,wk inc flu hosp,2024-2025,log,all,FluSight-ensemble,0.9934117600778364,5616,delayed,"pilot_method=joint,forecast_targets=flu,pathogen_inputs=flu,correction_weeks=2,joint_weight=0.1,correction_penalty=3.0,reporting_missingness=0,nowcast_weeks=4,ed_transform=logit,loss_weights=flu_hosp_ed,spatial=neighbors,decoder=quantile,width=96,epochs=240,patience=25,lr=0.0005,fit_partition=pathogen,covariate_encoder=summary,input_mode=scheduled_final,input_normalization=b0,evaluation_seasons=recent_two,training_window=recent2,stress_views=1",44
flusight,wk inc flu hosp,2025-2026,natural,all,FluSight-ensemble,1.7444831621093244,5824,delayed,"pilot_method=joint,forecast_targets=flu,pathogen_inputs=flu,correction_weeks=2,joint_weight=0.1,correction_penalty=3.0,reporting_missingness=0,nowcast_weeks=4,ed_transform=logit,loss_weights=flu_hosp_ed,spatial=neighbors,decoder=quantile,width=96,epochs=240,patience=25,lr=0.0005,fit_partition=pathogen,covariate_encoder=summary,input_mode=scheduled_final,input_normalization=b0,evaluation_seasons=recent_two,training_window=recent2,stress_views=1",44
flusight,wk inc flu hosp,2025-2026,log,all,FluSight-ensemble,1.398726180579419,5824,delayed,"pilot_method=joint,forecast_targets=flu,pathogen_inputs=flu,correction_weeks=2,joint_weight=0.1,correction_penalty=3.0,reporting_missingness=0,nowcast_weeks=4,ed_transform=logit,loss_weights=flu_hosp_ed,spatial=neighbors,decoder=quantile,width=96,epochs=240,patience=25,lr=0.0005,fit_partition=pathogen,covariate_encoder=summary,input_mode=scheduled_final,input_normalization=b0,evaluation_seasons=recent_two,training_window=recent2,stress_views=1",44
flusight,wk inc flu prop ed visits,2025-2026,natural,all,FluSight-ensemble,1.062190981953461,5768,delayed,"pilot_method=joint,forecast_targets=flu,pathogen_inputs=flu,correction_weeks=2,joint_weight=0.1,correction_penalty=3.0,reporting_missingness=0,nowcast_weeks=4,ed_transform=logit,loss_weights=flu_hosp_ed,spatial=neighbors,decoder=quantile,width=96,epochs=240,patience=25,lr=0.0005,fit_partition=pathogen,covariate_encoder=summary,input_mode=scheduled_final,input_normalization=b0,evaluation_seasons=recent_two,training_window=recent2,stress_views=1",44
flusight,wk inc flu hosp,2024-2025,natural,all,FluSight-ensemble,0.8823465786292202,5616,raw,"pilot_method=joint,forecast_targets=flu,pathogen_inputs=flu,correction_weeks=2,joint_weight=0.1,correction_penalty=3.0,reporting_missingness=0,nowcast_weeks=4,ed_transform=logit,loss_weights=flu_hosp_ed,spatial=neighbors,decoder=quantile,width=96,epochs=240,patience=25,lr=0.0005,fit_partition=pathogen,covariate_encoder=summary,input_mode=scheduled_final,input_normalization=b0,evaluation_seasons=recent_two,training_window=recent2,stress_views=1",45
flusight,wk inc flu hosp,2024-2025,log,all,FluSight-ensemble,0.959067697560084,5616,raw,"pilot_method=joint,forecast_targets=flu,pathogen_inputs=flu,correction_weeks=2,joint_weight=0.1,correction_penalty=3.0,reporting_missingness=0,nowcast_weeks=4,ed_transform=logit,loss_weights=flu_hosp_ed,spatial=neighbors,decoder=quantile,width=96,epochs=240,patience=25,lr=0.0005,fit_partition=pathogen,covariate_encoder=summary,input_mode=scheduled_final,input_normalization=b0,evaluation_seasons=recent_two,training_window=recent2,stress_views=1",45
flusight,wk inc flu hosp,2025-2026,natural,all,FluSight-ensemble,0.941429489587585,5824,raw,"pilot_method=joint,forecast_targets=flu,pathogen_inputs=flu,correction_weeks=2,joint_weight=0.1,correction_penalty=3.0,reporting_missingness=0,nowcast_weeks=4,ed_transform=logit,loss_weights=flu_hosp_ed,spatial=neighbors,decoder=quantile,width=96,epochs=240,patience=25,lr=0.0005,fit_partition=pathogen,covariate_encoder=summary,input_mode=scheduled_final,input_normalization=b0,evaluation_seasons=recent_two,training_window=recent2,stress_views=1",45
flusight,wk inc flu hosp,2025-2026,log,all,FluSight-ensemble,0.9523988695846284,5824,raw,"pilot_method=joint,forecast_targets=flu,pathogen_inputs=flu,correction_weeks=2,joint_weight=0.1,correction_penalty=3.0,reporting_missingness=0,nowcast_weeks=4,ed_transform=logit,loss_weights=flu_hosp_ed,spatial=neighbors,decoder=quantile,width=96,epochs=240,patience=25,lr=0.0005,fit_partition=pathogen,covariate_encoder=summary,input_mode=scheduled_final,input_normalization=b0,evaluation_seasons=recent_two,training_window=recent2,stress_views=1",45
flusight,wk inc flu prop ed visits,2025-2026,natural,all,FluSight-ensemble,1.0004836416102034,5768,raw,"pilot_method=joint,forecast_targets=flu,pathogen_inputs=flu,correction_weeks=2,joint_weight=0.1,correction_penalty=3.0,reporting_missingness=0,nowcast_weeks=4,ed_transform=logit,loss_weights=flu_hosp_ed,spatial=neighbors,decoder=quantile,width=96,epochs=240,patience=25,lr=0.0005,fit_partition=pathogen,covariate_encoder=summary,input_mode=scheduled_final,input_normalization=b0,evaluation_seasons=recent_two,training_window=recent2,stress_views=1",45
flusight,wk inc flu hosp,2024-2025,natural,all,FluSight-ensemble,0.8764350369208039,5616,half,"pilot_method=joint,forecast_targets=flu,pathogen_inputs=flu,correction_weeks=2,joint_weight=0.1,correction_penalty=3.0,reporting_missingness=0,nowcast_weeks=4,ed_transform=logit,loss_weights=flu_hosp_ed,spatial=neighbors,decoder=quantile,width=96,epochs=240,patience=25,lr=0.0005,fit_partition=pathogen,covariate_encoder=summary,input_mode=scheduled_final,input_normalization=b0,evaluation_seasons=recent_two,training_window=recent2,stress_views=1",45
flusight,wk inc flu hosp,2024-2025,log,all,FluSight-ensemble,0.9503567381511516,5616,half,"pilot_method=joint,forecast_targets=flu,pathogen_inputs=flu,correction_weeks=2,joint_weight=0.1,correction_penalty=3.0,reporting_missingness=0,nowcast_weeks=4,ed_transform=logit,loss_weights=flu_hosp_ed,spatial=neighbors,decoder=quantile,width=96,epochs=240,patience=25,lr=0.0005,fit_partition=pathogen,covariate_encoder=summary,input_mode=scheduled_final,input_normalization=b0,evaluation_seasons=recent_two,training_window=recent2,stress_views=1",45
flusight,wk inc flu hosp,2025-2026,natural,all,FluSight-ensemble,0.9595619601055262,5824,half,"pilot_method=joint,forecast_targets=flu,pathogen_inputs=flu,correction_weeks=2,joint_weight=0.1,correction_penalty=3.0,reporting_missingness=0,nowcast_weeks=4,ed_transform=logit,loss_weights=flu_hosp_ed,spatial=neighbors,decoder=quantile,width=96,epochs=240,patience=25,lr=0.0005,fit_partition=pathogen,covariate_encoder=summary,input_mode=scheduled_final,input_normalization=b0,evaluation_seasons=recent_two,training_window=recent2,stress_views=1",45
flusight,wk inc flu hosp,2025-2026,log,all,FluSight-ensemble,0.9230313490614156,5824,half,"pilot_method=joint,forecast_targets=flu,pathogen_inputs=flu,correction_weeks=2,joint_weight=0.1,correction_penalty=3.0,reporting_missingness=0,nowcast_weeks=4,ed_transform=logit,loss_weights=flu_hosp_ed,spatial=neighbors,decoder=quantile,width=96,epochs=240,patience=25,lr=0.0005,fit_partition=pathogen,covariate_encoder=summary,input_mode=scheduled_final,input_normalization=b0,evaluation_seasons=recent_two,training_window=recent2,stress_views=1",45
flusight,wk inc flu prop ed visits,2025-2026,natural,all,FluSight-ensemble,0.999815530101992,5768,half,"pilot_method=joint,forecast_targets=flu,pathogen_inputs=flu,correction_weeks=2,joint_weight=0.1,correction_penalty=3.0,reporting_missingness=0,nowcast_weeks=4,ed_transform=logit,loss_weights=flu_hosp_ed,spatial=neighbors,decoder=quantile,width=96,epochs=240,patience=25,lr=0.0005,fit_partition=pathogen,covariate_encoder=summary,input_mode=scheduled_final,input_normalization=b0,evaluation_seasons=recent_two,training_window=recent2,stress_views=1",45
flusight,wk inc flu hosp,2024-2025,natural,all,FluSight-ensemble,0.8717843410273597,5616,corrected,"pilot_method=joint,forecast_targets=flu,pathogen_inputs=flu,correction_weeks=2,joint_weight=0.1,correction_penalty=3.0,reporting_missingness=0,nowcast_weeks=4,ed_transform=logit,loss_weights=flu_hosp_ed,spatial=neighbors,decoder=quantile,width=96,epochs=240,patience=25,lr=0.0005,fit_partition=pathogen,covariate_encoder=summary,input_mode=scheduled_final,input_normalization=b0,evaluation_seasons=recent_two,training_window=recent2,stress_views=1",45
flusight,wk inc flu hosp,2024-2025,log,all,FluSight-ensemble,0.9451548853307492,5616,corrected,"pilot_method=joint,forecast_targets=flu,pathogen_inputs=flu,correction_weeks=2,joint_weight=0.1,correction_penalty=3.0,reporting_missingness=0,nowcast_weeks=4,ed_transform=logit,loss_weights=flu_hosp_ed,spatial=neighbors,decoder=quantile,width=96,epochs=240,patience=25,lr=0.0005,fit_partition=pathogen,covariate_encoder=summary,input_mode=scheduled_final,input_normalization=b0,evaluation_seasons=recent_two,training_window=recent2,stress_views=1",45
flusight,wk inc flu hosp,2025-2026,natural,all,FluSight-ensemble,0.9914499623947856,5824,corrected,"pilot_method=joint,forecast_targets=flu,pathogen_inputs=flu,correction_weeks=2,joint_weight=0.1,correction_penalty=3.0,reporting_missingness=0,nowcast_weeks=4,ed_transform=logit,loss_weights=flu_hosp_ed,spatial=neighbors,decoder=quantile,width=96,epochs=240,patience=25,lr=0.0005,fit_partition=pathogen,covariate_encoder=summary,input_mode=scheduled_final,input_normalization=b0,evaluation_seasons=recent_two,training_window=recent2,stress_views=1",45
flusight,wk inc flu hosp,2025-2026,log,all,FluSight-ensemble,0.921436695004346,5824,corrected,"pilot_method=joint,forecast_targets=flu,pathogen_inputs=flu,correction_weeks=2,joint_weight=0.1,correction_penalty=3.0,reporting_missingness=0,nowcast_weeks=4,ed_transform=logit,loss_weights=flu_hosp_ed,spatial=neighbors,decoder=quantile,width=96,epochs=240,patience=25,lr=0.0005,fit_partition=pathogen,covariate_encoder=summary,input_mode=scheduled_final,input_normalization=b0,evaluation_seasons=recent_two,training_window=recent2,stress_views=1",45
flusight,wk inc flu prop ed visits,2025-2026,natural,all,FluSight-ensemble,0.9990141779264644,5768,corrected,"pilot_method=joint,forecast_targets=flu,pathogen_inputs=flu,correction_weeks=2,joint_weight=0.1,correction_penalty=3.0,reporting_missingness=0,nowcast_weeks=4,ed_transform=logit,loss_weights=flu_hosp_ed,spatial=neighbors,decoder=quantile,width=96,epochs=240,patience=25,lr=0.0005,fit_partition=pathogen,covariate_encoder=summary,input_mode=scheduled_final,input_normalization=b0,evaluation_seasons=recent_two,training_window=recent2,stress_views=1",45
flusight,wk inc flu hosp,2024-2025,natural,all,FluSight-ensemble,0.868352944141213,5616,calibrated,"pilot_method=joint,forecast_targets=flu,pathogen_inputs=flu,correction_weeks=2,joint_weight=0.1,correction_penalty=3.0,reporting_missingness=0,nowcast_weeks=4,ed_transform=logit,loss_weights=flu_hosp_ed,spatial=neighbors,decoder=quantile,width=96,epochs=240,patience=25,lr=0.0005,fit_partition=pathogen,covariate_encoder=summary,input_mode=scheduled_final,input_normalization=b0,evaluation_seasons=recent_two,training_window=recent2,stress_views=1",45
flusight,wk inc flu hosp,2024-2025,log,all,FluSight-ensemble,0.9460552336980484,5616,calibrated,"pilot_method=joint,forecast_targets=flu,pathogen_inputs=flu,correction_weeks=2,joint_weight=0.1,correction_penalty=3.0,reporting_missingness=0,nowcast_weeks=4,ed_transform=logit,loss_weights=flu_hosp_ed,spatial=neighbors,decoder=quantile,width=96,epochs=240,patience=25,lr=0.0005,fit_partition=pathogen,covariate_encoder=summary,input_mode=scheduled_final,input_normalization=b0,evaluation_seasons=recent_two,training_window=recent2,stress_views=1",45
flusight,wk inc flu hosp,2025-2026,natural,all,FluSight-ensemble,0.9912127374751072,5824,calibrated,"pilot_method=joint,forecast_targets=flu,pathogen_inputs=flu,correction_weeks=2,joint_weight=0.1,correction_penalty=3.0,reporting_missingness=0,nowcast_weeks=4,ed_transform=logit,loss_weights=flu_hosp_ed,spatial=neighbors,decoder=quantile,width=96,epochs=240,patience=25,lr=0.0005,fit_partition=pathogen,covariate_encoder=summary,input_mode=scheduled_final,input_normalization=b0,evaluation_seasons=recent_two,training_window=recent2,stress_views=1",45
flusight,wk inc flu hosp,2025-2026,log,all,FluSight-ensemble,0.9213293467433878,5824,calibrated,"pilot_method=joint,forecast_targets=flu,pathogen_inputs=flu,correction_weeks=2,joint_weight=0.1,correction_penalty=3.0,reporting_missingness=0,nowcast_weeks=4,ed_transform=logit,loss_weights=flu_hosp_ed,spatial=neighbors,decoder=quantile,width=96,epochs=240,patience=25,lr=0.0005,fit_partition=pathogen,covariate_encoder=summary,input_mode=scheduled_final,input_normalization=b0,evaluation_seasons=recent_two,training_window=recent2,stress_views=1",45
flusight,wk inc flu prop ed visits,2025-2026,natural,all,FluSight-ensemble,0.9740819992780716,5768,calibrated,"pilot_method=joint,forecast_targets=flu,pathogen_inputs=flu,correction_weeks=2,joint_weight=0.1,correction_penalty=3.0,reporting_missingness=0,nowcast_weeks=4,ed_transform=logit,loss_weights=flu_hosp_ed,spatial=neighbors,decoder=quantile,width=96,epochs=240,patience=25,lr=0.0005,fit_partition=pathogen,covariate_encoder=summary,input_mode=scheduled_final,input_normalization=b0,evaluation_seasons=recent_two,training_window=recent2,stress_views=1",45
flusight,wk inc flu hosp,2024-2025,natural,all,FluSight-ensemble,0.7223176370486035,5616,delayed,"pilot_method=joint,forecast_targets=flu,pathogen_inputs=flu,correction_weeks=2,joint_weight=0.1,correction_penalty=3.0,reporting_missingness=0,nowcast_weeks=4,ed_transform=logit,loss_weights=flu_hosp_ed,spatial=neighbors,decoder=quantile,width=96,epochs=240,patience=25,lr=0.0005,fit_partition=pathogen,covariate_encoder=summary,input_mode=scheduled_final,input_normalization=b0,evaluation_seasons=recent_two,training_window=recent2,stress_views=1",45
flusight,wk inc flu hosp,2024-2025,log,all,FluSight-ensemble,0.7666946694993801,5616,delayed,"pilot_method=joint,forecast_targets=flu,pathogen_inputs=flu,correction_weeks=2,joint_weight=0.1,correction_penalty=3.0,reporting_missingness=0,nowcast_weeks=4,ed_transform=logit,loss_weights=flu_hosp_ed,spatial=neighbors,decoder=quantile,width=96,epochs=240,patience=25,lr=0.0005,fit_partition=pathogen,covariate_encoder=summary,input_mode=scheduled_final,input_normalization=b0,evaluation_seasons=recent_two,training_window=recent2,stress_views=1",45
flusight,wk inc flu hosp,2025-2026,natural,all,FluSight-ensemble,1.320530273073628,5824,delayed,"pilot_method=joint,forecast_targets=flu,pathogen_inputs=flu,correction_weeks=2,joint_weight=0.1,correction_penalty=3.0,reporting_missingness=0,nowcast_weeks=4,ed_transform=logit,loss_weights=flu_hosp_ed,spatial=neighbors,decoder=quantile,width=96,epochs=240,patience=25,lr=0.0005,fit_partition=pathogen,covariate_encoder=summary,input_mode=scheduled_final,input_normalization=b0,evaluation_seasons=recent_two,training_window=recent2,stress_views=1",45
flusight,wk inc flu hosp,2025-2026,log,all,FluSight-ensemble,1.2338972312714138,5824,delayed,"pilot_method=joint,forecast_targets=flu,pathogen_inputs=flu,correction_weeks=2,joint_weight=0.1,correction_penalty=3.0,reporting_missingness=0,nowcast_weeks=4,ed_transform=logit,loss_weights=flu_hosp_ed,spatial=neighbors,decoder=quantile,width=96,epochs=240,patience=25,lr=0.0005,fit_partition=pathogen,covariate_encoder=summary,input_mode=scheduled_final,input_normalization=b0,evaluation_seasons=recent_two,training_window=recent2,stress_views=1",45
flusight,wk inc flu prop ed visits,2025-2026,natural,all,FluSight-ensemble,1.0282735004183476,5768,delayed,"pilot_method=joint,forecast_targets=flu,pathogen_inputs=flu,correction_weeks=2,joint_weight=0.1,correction_penalty=3.0,reporting_missingness=0,nowcast_weeks=4,ed_transform=logit,loss_weights=flu_hosp_ed,spatial=neighbors,decoder=quantile,width=96,epochs=240,patience=25,lr=0.0005,fit_partition=pathogen,covariate_encoder=summary,input_mode=scheduled_final,input_normalization=b0,evaluation_seasons=recent_two,training_window=recent2,stress_views=1",45
flusight,wk inc flu hosp,2024-2025,natural,all,FluSight-ensemble,0.8919421885396637,5616,raw,"pilot_method=joint,forecast_targets=flu,pathogen_inputs=flu,correction_weeks=2,joint_weight=0.1,correction_penalty=3.0,reporting_missingness=0,nowcast_weeks=4,ed_transform=logit,loss_weights=flu_hosp_ed,spatial=neighbors,decoder=quantile,width=96,epochs=240,patience=25,lr=0.0005,fit_partition=pathogen,covariate_encoder=summary,input_mode=scheduled_final,input_normalization=b0,evaluation_seasons=recent_two,training_window=recent2,stress_views=1",46
flusight,wk inc flu hosp,2024-2025,log,all,FluSight-ensemble,0.9605405608675036,5616,raw,"pilot_method=joint,forecast_targets=flu,pathogen_inputs=flu,correction_weeks=2,joint_weight=0.1,correction_penalty=3.0,reporting_missingness=0,nowcast_weeks=4,ed_transform=logit,loss_weights=flu_hosp_ed,spatial=neighbors,decoder=quantile,width=96,epochs=240,patience=25,lr=0.0005,fit_partition=pathogen,covariate_encoder=summary,input_mode=scheduled_final,input_normalization=b0,evaluation_seasons=recent_two,training_window=recent2,stress_views=1",46
flusight,wk inc flu hosp,2025-2026,natural,all,FluSight-ensemble,0.9114615862940048,5824,raw,"pilot_method=joint,forecast_targets=flu,pathogen_inputs=flu,correction_weeks=2,joint_weight=0.1,correction_penalty=3.0,reporting_missingness=0,nowcast_weeks=4,ed_transform=logit,loss_weights=flu_hosp_ed,spatial=neighbors,decoder=quantile,width=96,epochs=240,patience=25,lr=0.0005,fit_partition=pathogen,covariate_encoder=summary,input_mode=scheduled_final,input_normalization=b0,evaluation_seasons=recent_two,training_window=recent2,stress_views=1",46
flusight,wk inc flu hosp,2025-2026,log,all,FluSight-ensemble,0.9310160592050328,5824,raw,"pilot_method=joint,forecast_targets=flu,pathogen_inputs=flu,correction_weeks=2,joint_weight=0.1,correction_penalty=3.0,reporting_missingness=0,nowcast_weeks=4,ed_transform=logit,loss_weights=flu_hosp_ed,spatial=neighbors,decoder=quantile,width=96,epochs=240,patience=25,lr=0.0005,fit_partition=pathogen,covariate_encoder=summary,input_mode=scheduled_final,input_normalization=b0,evaluation_seasons=recent_two,training_window=recent2,stress_views=1",46
flusight,wk inc flu prop ed visits,2025-2026,natural,all,FluSight-ensemble,0.9081343065248756,5768,raw,"pilot_method=joint,forecast_targets=flu,pathogen_inputs=flu,correction_weeks=2,joint_weight=0.1,correction_penalty=3.0,reporting_missingness=0,nowcast_weeks=4,ed_transform=logit,loss_weights=flu_hosp_ed,spatial=neighbors,decoder=quantile,width=96,epochs=240,patience=25,lr=0.0005,fit_partition=pathogen,covariate_encoder=summary,input_mode=scheduled_final,input_normalization=b0,evaluation_seasons=recent_two,training_window=recent2,stress_views=1",46
flusight,wk inc flu hosp,2024-2025,natural,all,FluSight-ensemble,0.8882075795745703,5616,half,"pilot_method=joint,forecast_targets=flu,pathogen_inputs=flu,correction_weeks=2,joint_weight=0.1,correction_penalty=3.0,reporting_missingness=0,nowcast_weeks=4,ed_transform=logit,loss_weights=flu_hosp_ed,spatial=neighbors,decoder=quantile,width=96,epochs=240,patience=25,lr=0.0005,fit_partition=pathogen,covariate_encoder=summary,input_mode=scheduled_final,input_normalization=b0,evaluation_seasons=recent_two,training_window=recent2,stress_views=1",46
flusight,wk inc flu hosp,2024-2025,log,all,FluSight-ensemble,0.9501040892131892,5616,half,"pilot_method=joint,forecast_targets=flu,pathogen_inputs=flu,correction_weeks=2,joint_weight=0.1,correction_penalty=3.0,reporting_missingness=0,nowcast_weeks=4,ed_transform=logit,loss_weights=flu_hosp_ed,spatial=neighbors,decoder=quantile,width=96,epochs=240,patience=25,lr=0.0005,fit_partition=pathogen,covariate_encoder=summary,input_mode=scheduled_final,input_normalization=b0,evaluation_seasons=recent_two,training_window=recent2,stress_views=1",46
flusight,wk inc flu hosp,2025-2026,natural,all,FluSight-ensemble,0.923165476717142,5824,half,"pilot_method=joint,forecast_targets=flu,pathogen_inputs=flu,correction_weeks=2,joint_weight=0.1,correction_penalty=3.0,reporting_missingness=0,nowcast_weeks=4,ed_transform=logit,loss_weights=flu_hosp_ed,spatial=neighbors,decoder=quantile,width=96,epochs=240,patience=25,lr=0.0005,fit_partition=pathogen,covariate_encoder=summary,input_mode=scheduled_final,input_normalization=b0,evaluation_seasons=recent_two,training_window=recent2,stress_views=1",46
flusight,wk inc flu hosp,2025-2026,log,all,FluSight-ensemble,0.8943076829876692,5824,half,"pilot_method=joint,forecast_targets=flu,pathogen_inputs=flu,correction_weeks=2,joint_weight=0.1,correction_penalty=3.0,reporting_missingness=0,nowcast_weeks=4,ed_transform=logit,loss_weights=flu_hosp_ed,spatial=neighbors,decoder=quantile,width=96,epochs=240,patience=25,lr=0.0005,fit_partition=pathogen,covariate_encoder=summary,input_mode=scheduled_final,input_normalization=b0,evaluation_seasons=recent_two,training_window=recent2,stress_views=1",46
flusight,wk inc flu prop ed visits,2025-2026,natural,all,FluSight-ensemble,0.9061569318484184,5768,half,"pilot_method=joint,forecast_targets=flu,pathogen_inputs=flu,correction_weeks=2,joint_weight=0.1,correction_penalty=3.0,reporting_missingness=0,nowcast_weeks=4,ed_transform=logit,loss_weights=flu_hosp_ed,spatial=neighbors,decoder=quantile,width=96,epochs=240,patience=25,lr=0.0005,fit_partition=pathogen,covariate_encoder=summary,input_mode=scheduled_final,input_normalization=b0,evaluation_seasons=recent_two,training_window=recent2,stress_views=1",46
flusight,wk inc flu hosp,2024-2025,natural,all,FluSight-ensemble,0.8856395155798997,5616,corrected,"pilot_method=joint,forecast_targets=flu,pathogen_inputs=flu,correction_weeks=2,joint_weight=0.1,correction_penalty=3.0,reporting_missingness=0,nowcast_weeks=4,ed_transform=logit,loss_weights=flu_hosp_ed,spatial=neighbors,decoder=quantile,width=96,epochs=240,patience=25,lr=0.0005,fit_partition=pathogen,covariate_encoder=summary,input_mode=scheduled_final,input_normalization=b0,evaluation_seasons=recent_two,training_window=recent2,stress_views=1",46
flusight,wk inc flu hosp,2024-2025,log,all,FluSight-ensemble,0.9427123529261088,5616,corrected,"pilot_method=joint,forecast_targets=flu,pathogen_inputs=flu,correction_weeks=2,joint_weight=0.1,correction_penalty=3.0,reporting_missingness=0,nowcast_weeks=4,ed_transform=logit,loss_weights=flu_hosp_ed,spatial=neighbors,decoder=quantile,width=96,epochs=240,patience=25,lr=0.0005,fit_partition=pathogen,covariate_encoder=summary,input_mode=scheduled_final,input_normalization=b0,evaluation_seasons=recent_two,training_window=recent2,stress_views=1",46
flusight,wk inc flu hosp,2025-2026,natural,all,FluSight-ensemble,0.9499057952992508,5824,corrected,"pilot_method=joint,forecast_targets=flu,pathogen_inputs=flu,correction_weeks=2,joint_weight=0.1,correction_penalty=3.0,reporting_missingness=0,nowcast_weeks=4,ed_transform=logit,loss_weights=flu_hosp_ed,spatial=neighbors,decoder=quantile,width=96,epochs=240,patience=25,lr=0.0005,fit_partition=pathogen,covariate_encoder=summary,input_mode=scheduled_final,input_normalization=b0,evaluation_seasons=recent_two,training_window=recent2,stress_views=1",46
flusight,wk inc flu hosp,2025-2026,log,all,FluSight-ensemble,0.8897594264988509,5824,corrected,"pilot_method=joint,forecast_targets=flu,pathogen_inputs=flu,correction_weeks=2,joint_weight=0.1,correction_penalty=3.0,reporting_missingness=0,nowcast_weeks=4,ed_transform=logit,loss_weights=flu_hosp_ed,spatial=neighbors,decoder=quantile,width=96,epochs=240,patience=25,lr=0.0005,fit_partition=pathogen,covariate_encoder=summary,input_mode=scheduled_final,input_normalization=b0,evaluation_seasons=recent_two,training_window=recent2,stress_views=1",46
flusight,wk inc flu prop ed visits,2025-2026,natural,all,FluSight-ensemble,0.9041948368651592,5768,corrected,"pilot_method=joint,forecast_targets=flu,pathogen_inputs=flu,correction_weeks=2,joint_weight=0.1,correction_penalty=3.0,reporting_missingness=0,nowcast_weeks=4,ed_transform=logit,loss_weights=flu_hosp_ed,spatial=neighbors,decoder=quantile,width=96,epochs=240,patience=25,lr=0.0005,fit_partition=pathogen,covariate_encoder=summary,input_mode=scheduled_final,input_normalization=b0,evaluation_seasons=recent_two,training_window=recent2,stress_views=1",46
flusight,wk inc flu hosp,2024-2025,natural,all,FluSight-ensemble,0.8466551979392797,5616,calibrated,"pilot_method=joint,forecast_targets=flu,pathogen_inputs=flu,correction_weeks=2,joint_weight=0.1,correction_penalty=3.0,reporting_missingness=0,nowcast_weeks=4,ed_transform=logit,loss_weights=flu_hosp_ed,spatial=neighbors,decoder=quantile,width=96,epochs=240,patience=25,lr=0.0005,fit_partition=pathogen,covariate_encoder=summary,input_mode=scheduled_final,input_normalization=b0,evaluation_seasons=recent_two,training_window=recent2,stress_views=1",46
flusight,wk inc flu hosp,2024-2025,log,all,FluSight-ensemble,0.9504383619405044,5616,calibrated,"pilot_method=joint,forecast_targets=flu,pathogen_inputs=flu,correction_weeks=2,joint_weight=0.1,correction_penalty=3.0,reporting_missingness=0,nowcast_weeks=4,ed_transform=logit,loss_weights=flu_hosp_ed,spatial=neighbors,decoder=quantile,width=96,epochs=240,patience=25,lr=0.0005,fit_partition=pathogen,covariate_encoder=summary,input_mode=scheduled_final,input_normalization=b0,evaluation_seasons=recent_two,training_window=recent2,stress_views=1",46
flusight,wk inc flu hosp,2025-2026,natural,all,FluSight-ensemble,0.954930256307517,5824,calibrated,"pilot_method=joint,forecast_targets=flu,pathogen_inputs=flu,correction_weeks=2,joint_weight=0.1,correction_penalty=3.0,reporting_missingness=0,nowcast_weeks=4,ed_transform=logit,loss_weights=flu_hosp_ed,spatial=neighbors,decoder=quantile,width=96,epochs=240,patience=25,lr=0.0005,fit_partition=pathogen,covariate_encoder=summary,input_mode=scheduled_final,input_normalization=b0,evaluation_seasons=recent_two,training_window=recent2,stress_views=1",46
flusight,wk inc flu hosp,2025-2026,log,all,FluSight-ensemble,0.8932454958140343,5824,calibrated,"pilot_method=joint,forecast_targets=flu,pathogen_inputs=flu,correction_weeks=2,joint_weight=0.1,correction_penalty=3.0,reporting_missingness=0,nowcast_weeks=4,ed_transform=logit,loss_weights=flu_hosp_ed,spatial=neighbors,decoder=quantile,width=96,epochs=240,patience=25,lr=0.0005,fit_partition=pathogen,covariate_encoder=summary,input_mode=scheduled_final,input_normalization=b0,evaluation_seasons=recent_two,training_window=recent2,stress_views=1",46
flusight,wk inc flu prop ed visits,2025-2026,natural,all,FluSight-ensemble,0.8854091273711657,5768,calibrated,"pilot_method=joint,forecast_targets=flu,pathogen_inputs=flu,correction_weeks=2,joint_weight=0.1,correction_penalty=3.0,reporting_missingness=0,nowcast_weeks=4,ed_transform=logit,loss_weights=flu_hosp_ed,spatial=neighbors,decoder=quantile,width=96,epochs=240,patience=25,lr=0.0005,fit_partition=pathogen,covariate_encoder=summary,input_mode=scheduled_final,input_normalization=b0,evaluation_seasons=recent_two,training_window=recent2,stress_views=1",46
flusight,wk inc flu hosp,2024-2025,natural,all,FluSight-ensemble,0.8554928847133008,5616,delayed,"pilot_method=joint,forecast_targets=flu,pathogen_inputs=flu,correction_weeks=2,joint_weight=0.1,correction_penalty=3.0,reporting_missingness=0,nowcast_weeks=4,ed_transform=logit,loss_weights=flu_hosp_ed,spatial=neighbors,decoder=quantile,width=96,epochs=240,patience=25,lr=0.0005,fit_partition=pathogen,covariate_encoder=summary,input_mode=scheduled_final,input_normalization=b0,evaluation_seasons=recent_two,training_window=recent2,stress_views=1",46
flusight,wk inc flu hosp,2024-2025,log,all,FluSight-ensemble,0.903657812416136,5616,delayed,"pilot_method=joint,forecast_targets=flu,pathogen_inputs=flu,correction_weeks=2,joint_weight=0.1,correction_penalty=3.0,reporting_missingness=0,nowcast_weeks=4,ed_transform=logit,loss_weights=flu_hosp_ed,spatial=neighbors,decoder=quantile,width=96,epochs=240,patience=25,lr=0.0005,fit_partition=pathogen,covariate_encoder=summary,input_mode=scheduled_final,input_normalization=b0,evaluation_seasons=recent_two,training_window=recent2,stress_views=1",46
flusight,wk inc flu hosp,2025-2026,natural,all,FluSight-ensemble,1.443964600755744,5824,delayed,"pilot_method=joint,forecast_targets=flu,pathogen_inputs=flu,correction_weeks=2,joint_weight=0.1,correction_penalty=3.0,reporting_missingness=0,nowcast_weeks=4,ed_transform=logit,loss_weights=flu_hosp_ed,spatial=neighbors,decoder=quantile,width=96,epochs=240,patience=25,lr=0.0005,fit_partition=pathogen,covariate_encoder=summary,input_mode=scheduled_final,input_normalization=b0,evaluation_seasons=recent_two,training_window=recent2,stress_views=1",46
flusight,wk inc flu hosp,2025-2026,log,all,FluSight-ensemble,1.235536454541342,5824,delayed,"pilot_method=joint,forecast_targets=flu,pathogen_inputs=flu,correction_weeks=2,joint_weight=0.1,correction_penalty=3.0,reporting_missingness=0,nowcast_weeks=4,ed_transform=logit,loss_weights=flu_hosp_ed,spatial=neighbors,decoder=quantile,width=96,epochs=240,patience=25,lr=0.0005,fit_partition=pathogen,covariate_encoder=summary,input_mode=scheduled_final,input_normalization=b0,evaluation_seasons=recent_two,training_window=recent2,stress_views=1",46
flusight,wk inc flu prop ed visits,2025-2026,natural,all,FluSight-ensemble,0.9458631787430432,5768,delayed,"pilot_method=joint,forecast_targets=flu,pathogen_inputs=flu,correction_weeks=2,joint_weight=0.1,correction_penalty=3.0,reporting_missingness=0,nowcast_weeks=4,ed_transform=logit,loss_weights=flu_hosp_ed,spatial=neighbors,decoder=quantile,width=96,epochs=240,patience=25,lr=0.0005,fit_partition=pathogen,covariate_encoder=summary,input_mode=scheduled_final,input_normalization=b0,evaluation_seasons=recent_two,training_window=recent2,stress_views=1",46
flusight,wk inc flu hosp,2024-2025,natural,all,FluSight-ensemble,1.0184594626289731,5616,raw,"pilot_method=joint,forecast_targets=flu,pathogen_inputs=flu,correction_weeks=2,joint_weight=0.1,correction_penalty=3.0,reporting_missingness=0,nowcast_weeks=4,ed_transform=logit,loss_weights=flu_hosp_ed,spatial=neighbors,decoder=quantile,width=96,epochs=240,patience=25,lr=0.0005,fit_partition=pathogen,covariate_encoder=summary,input_mode=scheduled_final,input_normalization=b0,evaluation_seasons=recent_two,training_window=recent2,stress_views=1",47
flusight,wk inc flu hosp,2024-2025,log,all,FluSight-ensemble,1.0629142843358668,5616,raw,"pilot_method=joint,forecast_targets=flu,pathogen_inputs=flu,correction_weeks=2,joint_weight=0.1,correction_penalty=3.0,reporting_missingness=0,nowcast_weeks=4,ed_transform=logit,loss_weights=flu_hosp_ed,spatial=neighbors,decoder=quantile,width=96,epochs=240,patience=25,lr=0.0005,fit_partition=pathogen,covariate_encoder=summary,input_mode=scheduled_final,input_normalization=b0,evaluation_seasons=recent_two,training_window=recent2,stress_views=1",47
flusight,wk inc flu hosp,2025-2026,natural,all,FluSight-ensemble,1.0873349512339077,5824,raw,"pilot_method=joint,forecast_targets=flu,pathogen_inputs=flu,correction_weeks=2,joint_weight=0.1,correction_penalty=3.0,reporting_missingness=0,nowcast_weeks=4,ed_transform=logit,loss_weights=flu_hosp_ed,spatial=neighbors,decoder=quantile,width=96,epochs=240,patience=25,lr=0.0005,fit_partition=pathogen,covariate_encoder=summary,input_mode=scheduled_final,input_normalization=b0,evaluation_seasons=recent_two,training_window=recent2,stress_views=1",47
flusight,wk inc flu hosp,2025-2026,log,all,FluSight-ensemble,0.99514215948411,5824,raw,"pilot_method=joint,forecast_targets=flu,pathogen_inputs=flu,correction_weeks=2,joint_weight=0.1,correction_penalty=3.0,reporting_missingness=0,nowcast_weeks=4,ed_transform=logit,loss_weights=flu_hosp_ed,spatial=neighbors,decoder=quantile,width=96,epochs=240,patience=25,lr=0.0005,fit_partition=pathogen,covariate_encoder=summary,input_mode=scheduled_final,input_normalization=b0,evaluation_seasons=recent_two,training_window=recent2,stress_views=1",47
flusight,wk inc flu prop ed visits,2025-2026,natural,all,FluSight-ensemble,1.0239037973880492,5768,raw,"pilot_method=joint,forecast_targets=flu,pathogen_inputs=flu,correction_weeks=2,joint_weight=0.1,correction_penalty=3.0,reporting_missingness=0,nowcast_weeks=4,ed_transform=logit,loss_weights=flu_hosp_ed,spatial=neighbors,decoder=quantile,width=96,epochs=240,patience=25,lr=0.0005,fit_partition=pathogen,covariate_encoder=summary,input_mode=scheduled_final,input_normalization=b0,evaluation_seasons=recent_two,training_window=recent2,stress_views=1",47
flusight,wk inc flu hosp,2024-2025,natural,all,FluSight-ensemble,1.012739590704945,5616,half,"pilot_method=joint,forecast_targets=flu,pathogen_inputs=flu,correction_weeks=2,joint_weight=0.1,correction_penalty=3.0,reporting_missingness=0,nowcast_weeks=4,ed_transform=logit,loss_weights=flu_hosp_ed,spatial=neighbors,decoder=quantile,width=96,epochs=240,patience=25,lr=0.0005,fit_partition=pathogen,covariate_encoder=summary,input_mode=scheduled_final,input_normalization=b0,evaluation_seasons=recent_two,training_window=recent2,stress_views=1",47
flusight,wk inc flu hosp,2024-2025,log,all,FluSight-ensemble,1.0542714248773428,5616,half,"pilot_method=joint,forecast_targets=flu,pathogen_inputs=flu,correction_weeks=2,joint_weight=0.1,correction_penalty=3.0,reporting_missingness=0,nowcast_weeks=4,ed_transform=logit,loss_weights=flu_hosp_ed,spatial=neighbors,decoder=quantile,width=96,epochs=240,patience=25,lr=0.0005,fit_partition=pathogen,covariate_encoder=summary,input_mode=scheduled_final,input_normalization=b0,evaluation_seasons=recent_two,training_window=recent2,stress_views=1",47
flusight,wk inc flu hosp,2025-2026,natural,all,FluSight-ensemble,1.1327529024995502,5824,half,"pilot_method=joint,forecast_targets=flu,pathogen_inputs=flu,correction_weeks=2,joint_weight=0.1,correction_penalty=3.0,reporting_missingness=0,nowcast_weeks=4,ed_transform=logit,loss_weights=flu_hosp_ed,spatial=neighbors,decoder=quantile,width=96,epochs=240,patience=25,lr=0.0005,fit_partition=pathogen,covariate_encoder=summary,input_mode=scheduled_final,input_normalization=b0,evaluation_seasons=recent_two,training_window=recent2,stress_views=1",47
flusight,wk inc flu hosp,2025-2026,log,all,FluSight-ensemble,1.0047863844324465,5824,half,"pilot_method=joint,forecast_targets=flu,pathogen_inputs=flu,correction_weeks=2,joint_weight=0.1,correction_penalty=3.0,reporting_missingness=0,nowcast_weeks=4,ed_transform=logit,loss_weights=flu_hosp_ed,spatial=neighbors,decoder=quantile,width=96,epochs=240,patience=25,lr=0.0005,fit_partition=pathogen,covariate_encoder=summary,input_mode=scheduled_final,input_normalization=b0,evaluation_seasons=recent_two,training_window=recent2,stress_views=1",47
flusight,wk inc flu prop ed visits,2025-2026,natural,all,FluSight-ensemble,1.02211145063511,5768,half,"pilot_method=joint,forecast_targets=flu,pathogen_inputs=flu,correction_weeks=2,joint_weight=0.1,correction_penalty=3.0,reporting_missingness=0,nowcast_weeks=4,ed_transform=logit,loss_weights=flu_hosp_ed,spatial=neighbors,decoder=quantile,width=96,epochs=240,patience=25,lr=0.0005,fit_partition=pathogen,covariate_encoder=summary,input_mode=scheduled_final,input_normalization=b0,evaluation_seasons=recent_two,training_window=recent2,stress_views=1",47
flusight,wk inc flu hosp,2024-2025,natural,all,FluSight-ensemble,1.0078730050498146,5616,corrected,"pilot_method=joint,forecast_targets=flu,pathogen_inputs=flu,correction_weeks=2,joint_weight=0.1,correction_penalty=3.0,reporting_missingness=0,nowcast_weeks=4,ed_transform=logit,loss_weights=flu_hosp_ed,spatial=neighbors,decoder=quantile,width=96,epochs=240,patience=25,lr=0.0005,fit_partition=pathogen,covariate_encoder=summary,input_mode=scheduled_final,input_normalization=b0,evaluation_seasons=recent_two,training_window=recent2,stress_views=1",47
flusight,wk inc flu hosp,2024-2025,log,all,FluSight-ensemble,1.0474020004325588,5616,corrected,"pilot_method=joint,forecast_targets=flu,pathogen_inputs=flu,correction_weeks=2,joint_weight=0.1,correction_penalty=3.0,reporting_missingness=0,nowcast_weeks=4,ed_transform=logit,loss_weights=flu_hosp_ed,spatial=neighbors,decoder=quantile,width=96,epochs=240,patience=25,lr=0.0005,fit_partition=pathogen,covariate_encoder=summary,input_mode=scheduled_final,input_normalization=b0,evaluation_seasons=recent_two,training_window=recent2,stress_views=1",47
flusight,wk inc flu hosp,2025-2026,natural,all,FluSight-ensemble,1.190410400097694,5824,corrected,"pilot_method=joint,forecast_targets=flu,pathogen_inputs=flu,correction_weeks=2,joint_weight=0.1,correction_penalty=3.0,reporting_missingness=0,nowcast_weeks=4,ed_transform=logit,loss_weights=flu_hosp_ed,spatial=neighbors,decoder=quantile,width=96,epochs=240,patience=25,lr=0.0005,fit_partition=pathogen,covariate_encoder=summary,input_mode=scheduled_final,input_normalization=b0,evaluation_seasons=recent_two,training_window=recent2,stress_views=1",47
flusight,wk inc flu hosp,2025-2026,log,all,FluSight-ensemble,1.039284865908539,5824,corrected,"pilot_method=joint,forecast_targets=flu,pathogen_inputs=flu,correction_weeks=2,joint_weight=0.1,correction_penalty=3.0,reporting_missingness=0,nowcast_weeks=4,ed_transform=logit,loss_weights=flu_hosp_ed,spatial=neighbors,decoder=quantile,width=96,epochs=240,patience=25,lr=0.0005,fit_partition=pathogen,covariate_encoder=summary,input_mode=scheduled_final,input_normalization=b0,evaluation_seasons=recent_two,training_window=recent2,stress_views=1",47
flusight,wk inc flu prop ed visits,2025-2026,natural,all,FluSight-ensemble,1.020156808522851,5768,corrected,"pilot_method=joint,forecast_targets=flu,pathogen_inputs=flu,correction_weeks=2,joint_weight=0.1,correction_penalty=3.0,reporting_missingness=0,nowcast_weeks=4,ed_transform=logit,loss_weights=flu_hosp_ed,spatial=neighbors,decoder=quantile,width=96,epochs=240,patience=25,lr=0.0005,fit_partition=pathogen,covariate_encoder=summary,input_mode=scheduled_final,input_normalization=b0,evaluation_seasons=recent_two,training_window=recent2,stress_views=1",47
flusight,wk inc flu hosp,2024-2025,natural,all,FluSight-ensemble,0.9730312702769996,5616,calibrated,"pilot_method=joint,forecast_targets=flu,pathogen_inputs=flu,correction_weeks=2,joint_weight=0.1,correction_penalty=3.0,reporting_missingness=0,nowcast_weeks=4,ed_transform=logit,loss_weights=flu_hosp_ed,spatial=neighbors,decoder=quantile,width=96,epochs=240,patience=25,lr=0.0005,fit_partition=pathogen,covariate_encoder=summary,input_mode=scheduled_final,input_normalization=b0,evaluation_seasons=recent_two,training_window=recent2,stress_views=1",47
flusight,wk inc flu hosp,2024-2025,log,all,FluSight-ensemble,1.045168995833772,5616,calibrated,"pilot_method=joint,forecast_targets=flu,pathogen_inputs=flu,correction_weeks=2,joint_weight=0.1,correction_penalty=3.0,reporting_missingness=0,nowcast_weeks=4,ed_transform=logit,loss_weights=flu_hosp_ed,spatial=neighbors,decoder=quantile,width=96,epochs=240,patience=25,lr=0.0005,fit_partition=pathogen,covariate_encoder=summary,input_mode=scheduled_final,input_normalization=b0,evaluation_seasons=recent_two,training_window=recent2,stress_views=1",47
flusight,wk inc flu hosp,2025-2026,natural,all,FluSight-ensemble,1.192672941127804,5824,calibrated,"pilot_method=joint,forecast_targets=flu,pathogen_inputs=flu,correction_weeks=2,joint_weight=0.1,correction_penalty=3.0,reporting_missingness=0,nowcast_weeks=4,ed_transform=logit,loss_weights=flu_hosp_ed,spatial=neighbors,decoder=quantile,width=96,epochs=240,patience=25,lr=0.0005,fit_partition=pathogen,covariate_encoder=summary,input_mode=scheduled_final,input_normalization=b0,evaluation_seasons=recent_two,training_window=recent2,stress_views=1",47
flusight,wk inc flu hosp,2025-2026,log,all,FluSight-ensemble,1.0433159928465796,5824,calibrated,"pilot_method=joint,forecast_targets=flu,pathogen_inputs=flu,correction_weeks=2,joint_weight=0.1,correction_penalty=3.0,reporting_missingness=0,nowcast_weeks=4,ed_transform=logit,loss_weights=flu_hosp_ed,spatial=neighbors,decoder=quantile,width=96,epochs=240,patience=25,lr=0.0005,fit_partition=pathogen,covariate_encoder=summary,input_mode=scheduled_final,input_normalization=b0,evaluation_seasons=recent_two,training_window=recent2,stress_views=1",47
flusight,wk inc flu prop ed visits,2025-2026,natural,all,FluSight-ensemble,0.9978854041989308,5768,calibrated,"pilot_method=joint,forecast_targets=flu,pathogen_inputs=flu,correction_weeks=2,joint_weight=0.1,correction_penalty=3.0,reporting_missingness=0,nowcast_weeks=4,ed_transform=logit,loss_weights=flu_hosp_ed,spatial=neighbors,decoder=quantile,width=96,epochs=240,patience=25,lr=0.0005,fit_partition=pathogen,covariate_encoder=summary,input_mode=scheduled_final,input_normalization=b0,evaluation_seasons=recent_two,training_window=recent2,stress_views=1",47
flusight,wk inc flu hosp,2024-2025,natural,all,FluSight-ensemble,0.8880087258183604,5616,delayed,"pilot_method=joint,forecast_targets=flu,pathogen_inputs=flu,correction_weeks=2,joint_weight=0.1,correction_penalty=3.0,reporting_missingness=0,nowcast_weeks=4,ed_transform=logit,loss_weights=flu_hosp_ed,spatial=neighbors,decoder=quantile,width=96,epochs=240,patience=25,lr=0.0005,fit_partition=pathogen,covariate_encoder=summary,input_mode=scheduled_final,input_normalization=b0,evaluation_seasons=recent_two,training_window=recent2,stress_views=1",47
flusight,wk inc flu hosp,2024-2025,log,all,FluSight-ensemble,0.9295100019169976,5616,delayed,"pilot_method=joint,forecast_targets=flu,pathogen_inputs=flu,correction_weeks=2,joint_weight=0.1,correction_penalty=3.0,reporting_missingness=0,nowcast_weeks=4,ed_transform=logit,loss_weights=flu_hosp_ed,spatial=neighbors,decoder=quantile,width=96,epochs=240,patience=25,lr=0.0005,fit_partition=pathogen,covariate_encoder=summary,input_mode=scheduled_final,input_normalization=b0,evaluation_seasons=recent_two,training_window=recent2,stress_views=1",47
flusight,wk inc flu hosp,2025-2026,natural,all,FluSight-ensemble,1.7516211588443156,5824,delayed,"pilot_method=joint,forecast_targets=flu,pathogen_inputs=flu,correction_weeks=2,joint_weight=0.1,correction_penalty=3.0,reporting_missingness=0,nowcast_weeks=4,ed_transform=logit,loss_weights=flu_hosp_ed,spatial=neighbors,decoder=quantile,width=96,epochs=240,patience=25,lr=0.0005,fit_partition=pathogen,covariate_encoder=summary,input_mode=scheduled_final,input_normalization=b0,evaluation_seasons=recent_two,training_window=recent2,stress_views=1",47
flusight,wk inc flu hosp,2025-2026,log,all,FluSight-ensemble,1.4833697457837427,5824,delayed,"pilot_method=joint,forecast_targets=flu,pathogen_inputs=flu,correction_weeks=2,joint_weight=0.1,correction_penalty=3.0,reporting_missingness=0,nowcast_weeks=4,ed_transform=logit,loss_weights=flu_hosp_ed,spatial=neighbors,decoder=quantile,width=96,epochs=240,patience=25,lr=0.0005,fit_partition=pathogen,covariate_encoder=summary,input_mode=scheduled_final,input_normalization=b0,evaluation_seasons=recent_two,training_window=recent2,stress_views=1",47
flusight,wk inc flu prop ed visits,2025-2026,natural,all,FluSight-ensemble,1.0670927248038076,5768,delayed,"pilot_method=joint,forecast_targets=flu,pathogen_inputs=flu,correction_weeks=2,joint_weight=0.1,correction_penalty=3.0,reporting_missingness=0,nowcast_weeks=4,ed_transform=logit,loss_weights=flu_hosp_ed,spatial=neighbors,decoder=quantile,width=96,epochs=240,patience=25,lr=0.0005,fit_partition=pathogen,covariate_encoder=summary,input_mode=scheduled_final,input_normalization=b0,evaluation_seasons=recent_two,training_window=recent2,stress_views=1",47
flusight,wk inc flu hosp,2024-2025,natural,all,FluSight-ensemble,0.9528213909883204,5616,raw,"pilot_method=joint,forecast_targets=flu,pathogen_inputs=flu,correction_weeks=2,joint_weight=0.1,correction_penalty=3.0,reporting_missingness=0,nowcast_weeks=4,ed_transform=logit,loss_weights=flu_hosp_ed,spatial=neighbors,decoder=quantile,width=96,epochs=240,patience=25,lr=0.0005,fit_partition=pathogen,covariate_encoder=summary,input_mode=scheduled_final,input_normalization=b0,evaluation_seasons=recent_two,training_window=recent2,stress_views=1",48
flusight,wk inc flu hosp,2024-2025,log,all,FluSight-ensemble,1.0047401686435085,5616,raw,"pilot_method=joint,forecast_targets=flu,pathogen_inputs=flu,correction_weeks=2,joint_weight=0.1,correction_penalty=3.0,reporting_missingness=0,nowcast_weeks=4,ed_transform=logit,loss_weights=flu_hosp_ed,spatial=neighbors,decoder=quantile,width=96,epochs=240,patience=25,lr=0.0005,fit_partition=pathogen,covariate_encoder=summary,input_mode=scheduled_final,input_normalization=b0,evaluation_seasons=recent_two,training_window=recent2,stress_views=1",48
flusight,wk inc flu hosp,2025-2026,natural,all,FluSight-ensemble,0.9551166556263618,5824,raw,"pilot_method=joint,forecast_targets=flu,pathogen_inputs=flu,correction_weeks=2,joint_weight=0.1,correction_penalty=3.0,reporting_missingness=0,nowcast_weeks=4,ed_transform=logit,loss_weights=flu_hosp_ed,spatial=neighbors,decoder=quantile,width=96,epochs=240,patience=25,lr=0.0005,fit_partition=pathogen,covariate_encoder=summary,input_mode=scheduled_final,input_normalization=b0,evaluation_seasons=recent_two,training_window=recent2,stress_views=1",48
flusight,wk inc flu hosp,2025-2026,log,all,FluSight-ensemble,0.9561711548545851,5824,raw,"pilot_method=joint,forecast_targets=flu,pathogen_inputs=flu,correction_weeks=2,joint_weight=0.1,correction_penalty=3.0,reporting_missingness=0,nowcast_weeks=4,ed_transform=logit,loss_weights=flu_hosp_ed,spatial=neighbors,decoder=quantile,width=96,epochs=240,patience=25,lr=0.0005,fit_partition=pathogen,covariate_encoder=summary,input_mode=scheduled_final,input_normalization=b0,evaluation_seasons=recent_two,training_window=recent2,stress_views=1",48
flusight,wk inc flu prop ed visits,2025-2026,natural,all,FluSight-ensemble,0.9606195684262724,5768,raw,"pilot_method=joint,forecast_targets=flu,pathogen_inputs=flu,correction_weeks=2,joint_weight=0.1,correction_penalty=3.0,reporting_missingness=0,nowcast_weeks=4,ed_transform=logit,loss_weights=flu_hosp_ed,spatial=neighbors,decoder=quantile,width=96,epochs=240,patience=25,lr=0.0005,fit_partition=pathogen,covariate_encoder=summary,input_mode=scheduled_final,input_normalization=b0,evaluation_seasons=recent_two,training_window=recent2,stress_views=1",48
flusight,wk inc flu hosp,2024-2025,natural,all,FluSight-ensemble,0.9467578771257712,5616,half,"pilot_method=joint,forecast_targets=flu,pathogen_inputs=flu,correction_weeks=2,joint_weight=0.1,correction_penalty=3.0,reporting_missingness=0,nowcast_weeks=4,ed_transform=logit,loss_weights=flu_hosp_ed,spatial=neighbors,decoder=quantile,width=96,epochs=240,patience=25,lr=0.0005,fit_partition=pathogen,covariate_encoder=summary,input_mode=scheduled_final,input_normalization=b0,evaluation_seasons=recent_two,training_window=recent2,stress_views=1",48
flusight,wk inc flu hosp,2024-2025,log,all,FluSight-ensemble,0.9976267086152316,5616,half,"pilot_method=joint,forecast_targets=flu,pathogen_inputs=flu,correction_weeks=2,joint_weight=0.1,correction_penalty=3.0,reporting_missingness=0,nowcast_weeks=4,ed_transform=logit,loss_weights=flu_hosp_ed,spatial=neighbors,decoder=quantile,width=96,epochs=240,patience=25,lr=0.0005,fit_partition=pathogen,covariate_encoder=summary,input_mode=scheduled_final,input_normalization=b0,evaluation_seasons=recent_two,training_window=recent2,stress_views=1",48
flusight,wk inc flu hosp,2025-2026,natural,all,FluSight-ensemble,0.9734922093680648,5824,half,"pilot_method=joint,forecast_targets=flu,pathogen_inputs=flu,correction_weeks=2,joint_weight=0.1,correction_penalty=3.0,reporting_missingness=0,nowcast_weeks=4,ed_transform=logit,loss_weights=flu_hosp_ed,spatial=neighbors,decoder=quantile,width=96,epochs=240,patience=25,lr=0.0005,fit_partition=pathogen,covariate_encoder=summary,input_mode=scheduled_final,input_normalization=b0,evaluation_seasons=recent_two,training_window=recent2,stress_views=1",48
flusight,wk inc flu hosp,2025-2026,log,all,FluSight-ensemble,0.931922890018918,5824,half,"pilot_method=joint,forecast_targets=flu,pathogen_inputs=flu,correction_weeks=2,joint_weight=0.1,correction_penalty=3.0,reporting_missingness=0,nowcast_weeks=4,ed_transform=logit,loss_weights=flu_hosp_ed,spatial=neighbors,decoder=quantile,width=96,epochs=240,patience=25,lr=0.0005,fit_partition=pathogen,covariate_encoder=summary,input_mode=scheduled_final,input_normalization=b0,evaluation_seasons=recent_two,training_window=recent2,stress_views=1",48
flusight,wk inc flu prop ed visits,2025-2026,natural,all,FluSight-ensemble,0.959018841801952,5768,half,"pilot_method=joint,forecast_targets=flu,pathogen_inputs=flu,correction_weeks=2,joint_weight=0.1,correction_penalty=3.0,reporting_missingness=0,nowcast_weeks=4,ed_transform=logit,loss_weights=flu_hosp_ed,spatial=neighbors,decoder=quantile,width=96,epochs=240,patience=25,lr=0.0005,fit_partition=pathogen,covariate_encoder=summary,input_mode=scheduled_final,input_normalization=b0,evaluation_seasons=recent_two,training_window=recent2,stress_views=1",48
flusight,wk inc flu hosp,2024-2025,natural,all,FluSight-ensemble,0.9416467699409083,5616,corrected,"pilot_method=joint,forecast_targets=flu,pathogen_inputs=flu,correction_weeks=2,joint_weight=0.1,correction_penalty=3.0,reporting_missingness=0,nowcast_weeks=4,ed_transform=logit,loss_weights=flu_hosp_ed,spatial=neighbors,decoder=quantile,width=96,epochs=240,patience=25,lr=0.0005,fit_partition=pathogen,covariate_encoder=summary,input_mode=scheduled_final,input_normalization=b0,evaluation_seasons=recent_two,training_window=recent2,stress_views=1",48
flusight,wk inc flu hosp,2024-2025,log,all,FluSight-ensemble,0.9921419169462188,5616,corrected,"pilot_method=joint,forecast_targets=flu,pathogen_inputs=flu,correction_weeks=2,joint_weight=0.1,correction_penalty=3.0,reporting_missingness=0,nowcast_weeks=4,ed_transform=logit,loss_weights=flu_hosp_ed,spatial=neighbors,decoder=quantile,width=96,epochs=240,patience=25,lr=0.0005,fit_partition=pathogen,covariate_encoder=summary,input_mode=scheduled_final,input_normalization=b0,evaluation_seasons=recent_two,training_window=recent2,stress_views=1",48
flusight,wk inc flu hosp,2025-2026,natural,all,FluSight-ensemble,1.0044652662898117,5824,corrected,"pilot_method=joint,forecast_targets=flu,pathogen_inputs=flu,correction_weeks=2,joint_weight=0.1,correction_penalty=3.0,reporting_missingness=0,nowcast_weeks=4,ed_transform=logit,loss_weights=flu_hosp_ed,spatial=neighbors,decoder=quantile,width=96,epochs=240,patience=25,lr=0.0005,fit_partition=pathogen,covariate_encoder=summary,input_mode=scheduled_final,input_normalization=b0,evaluation_seasons=recent_two,training_window=recent2,stress_views=1",48
flusight,wk inc flu hosp,2025-2026,log,all,FluSight-ensemble,0.933132651463648,5824,corrected,"pilot_method=joint,forecast_targets=flu,pathogen_inputs=flu,correction_weeks=2,joint_weight=0.1,correction_penalty=3.0,reporting_missingness=0,nowcast_weeks=4,ed_transform=logit,loss_weights=flu_hosp_ed,spatial=neighbors,decoder=quantile,width=96,epochs=240,patience=25,lr=0.0005,fit_partition=pathogen,covariate_encoder=summary,input_mode=scheduled_final,input_normalization=b0,evaluation_seasons=recent_two,training_window=recent2,stress_views=1",48
flusight,wk inc flu prop ed visits,2025-2026,natural,all,FluSight-ensemble,0.9573155544055096,5768,corrected,"pilot_method=joint,forecast_targets=flu,pathogen_inputs=flu,correction_weeks=2,joint_weight=0.1,correction_penalty=3.0,reporting_missingness=0,nowcast_weeks=4,ed_transform=logit,loss_weights=flu_hosp_ed,spatial=neighbors,decoder=quantile,width=96,epochs=240,patience=25,lr=0.0005,fit_partition=pathogen,covariate_encoder=summary,input_mode=scheduled_final,input_normalization=b0,evaluation_seasons=recent_two,training_window=recent2,stress_views=1",48
flusight,wk inc flu hosp,2024-2025,natural,all,FluSight-ensemble,0.9132566090630384,5616,calibrated,"pilot_method=joint,forecast_targets=flu,pathogen_inputs=flu,correction_weeks=2,joint_weight=0.1,correction_penalty=3.0,reporting_missingness=0,nowcast_weeks=4,ed_transform=logit,loss_weights=flu_hosp_ed,spatial=neighbors,decoder=quantile,width=96,epochs=240,patience=25,lr=0.0005,fit_partition=pathogen,covariate_encoder=summary,input_mode=scheduled_final,input_normalization=b0,evaluation_seasons=recent_two,training_window=recent2,stress_views=1",48
flusight,wk inc flu hosp,2024-2025,log,all,FluSight-ensemble,0.985025608464732,5616,calibrated,"pilot_method=joint,forecast_targets=flu,pathogen_inputs=flu,correction_weeks=2,joint_weight=0.1,correction_penalty=3.0,reporting_missingness=0,nowcast_weeks=4,ed_transform=logit,loss_weights=flu_hosp_ed,spatial=neighbors,decoder=quantile,width=96,epochs=240,patience=25,lr=0.0005,fit_partition=pathogen,covariate_encoder=summary,input_mode=scheduled_final,input_normalization=b0,evaluation_seasons=recent_two,training_window=recent2,stress_views=1",48
flusight,wk inc flu hosp,2025-2026,natural,all,FluSight-ensemble,0.9963290649035595,5824,calibrated,"pilot_method=joint,forecast_targets=flu,pathogen_inputs=flu,correction_weeks=2,joint_weight=0.1,correction_penalty=3.0,reporting_missingness=0,nowcast_weeks=4,ed_transform=logit,loss_weights=flu_hosp_ed,spatial=neighbors,decoder=quantile,width=96,epochs=240,patience=25,lr=0.0005,fit_partition=pathogen,covariate_encoder=summary,input_mode=scheduled_final,input_normalization=b0,evaluation_seasons=recent_two,training_window=recent2,stress_views=1",48
flusight,wk inc flu hosp,2025-2026,log,all,FluSight-ensemble,0.9278942618663564,5824,calibrated,"pilot_method=joint,forecast_targets=flu,pathogen_inputs=flu,correction_weeks=2,joint_weight=0.1,correction_penalty=3.0,reporting_missingness=0,nowcast_weeks=4,ed_transform=logit,loss_weights=flu_hosp_ed,spatial=neighbors,decoder=quantile,width=96,epochs=240,patience=25,lr=0.0005,fit_partition=pathogen,covariate_encoder=summary,input_mode=scheduled_final,input_normalization=b0,evaluation_seasons=recent_two,training_window=recent2,stress_views=1",48
flusight,wk inc flu prop ed visits,2025-2026,natural,all,FluSight-ensemble,0.9452418106671748,5768,calibrated,"pilot_method=joint,forecast_targets=flu,pathogen_inputs=flu,correction_weeks=2,joint_weight=0.1,correction_penalty=3.0,reporting_missingness=0,nowcast_weeks=4,ed_transform=logit,loss_weights=flu_hosp_ed,spatial=neighbors,decoder=quantile,width=96,epochs=240,patience=25,lr=0.0005,fit_partition=pathogen,covariate_encoder=summary,input_mode=scheduled_final,input_normalization=b0,evaluation_seasons=recent_two,training_window=recent2,stress_views=1",48
flusight,wk inc flu hosp,2024-2025,natural,all,FluSight-ensemble,0.785531268437746,5616,delayed,"pilot_method=joint,forecast_targets=flu,pathogen_inputs=flu,correction_weeks=2,joint_weight=0.1,correction_penalty=3.0,reporting_missingness=0,nowcast_weeks=4,ed_transform=logit,loss_weights=flu_hosp_ed,spatial=neighbors,decoder=quantile,width=96,epochs=240,patience=25,lr=0.0005,fit_partition=pathogen,covariate_encoder=summary,input_mode=scheduled_final,input_normalization=b0,evaluation_seasons=recent_two,training_window=recent2,stress_views=1",48
flusight,wk inc flu hosp,2024-2025,log,all,FluSight-ensemble,0.8442211475913846,5616,delayed,"pilot_method=joint,forecast_targets=flu,pathogen_inputs=flu,correction_weeks=2,joint_weight=0.1,correction_penalty=3.0,reporting_missingness=0,nowcast_weeks=4,ed_transform=logit,loss_weights=flu_hosp_ed,spatial=neighbors,decoder=quantile,width=96,epochs=240,patience=25,lr=0.0005,fit_partition=pathogen,covariate_encoder=summary,input_mode=scheduled_final,input_normalization=b0,evaluation_seasons=recent_two,training_window=recent2,stress_views=1",48
flusight,wk inc flu hosp,2025-2026,natural,all,FluSight-ensemble,1.5801293134862968,5824,delayed,"pilot_method=joint,forecast_targets=flu,pathogen_inputs=flu,correction_weeks=2,joint_weight=0.1,correction_penalty=3.0,reporting_missingness=0,nowcast_weeks=4,ed_transform=logit,loss_weights=flu_hosp_ed,spatial=neighbors,decoder=quantile,width=96,epochs=240,patience=25,lr=0.0005,fit_partition=pathogen,covariate_encoder=summary,input_mode=scheduled_final,input_normalization=b0,evaluation_seasons=recent_two,training_window=recent2,stress_views=1",48
flusight,wk inc flu hosp,2025-2026,log,all,FluSight-ensemble,1.3308379026085897,5824,delayed,"pilot_method=joint,forecast_targets=flu,pathogen_inputs=flu,correction_weeks=2,joint_weight=0.1,correction_penalty=3.0,reporting_missingness=0,nowcast_weeks=4,ed_transform=logit,loss_weights=flu_hosp_ed,spatial=neighbors,decoder=quantile,width=96,epochs=240,patience=25,lr=0.0005,fit_partition=pathogen,covariate_encoder=summary,input_mode=scheduled_final,input_normalization=b0,evaluation_seasons=recent_two,training_window=recent2,stress_views=1",48
flusight,wk inc flu prop ed visits,2025-2026,natural,all,FluSight-ensemble,0.9790419806458274,5768,delayed,"pilot_method=joint,forecast_targets=flu,pathogen_inputs=flu,correction_weeks=2,joint_weight=0.1,correction_penalty=3.0,reporting_missingness=0,nowcast_weeks=4,ed_transform=logit,loss_weights=flu_hosp_ed,spatial=neighbors,decoder=quantile,width=96,epochs=240,patience=25,lr=0.0005,fit_partition=pathogen,covariate_encoder=summary,input_mode=scheduled_final,input_normalization=b0,evaluation_seasons=recent_two,training_window=recent2,stress_views=1",48
