config_id,seed,target,season,geography,locations,us_weight_used,n,model_wis,model_dispersion,model_underprediction,model_overprediction,model_ae_median,model_covered_50,model_covered_80,model_covered_90,model_covered_95,ensemble_wis,ensemble_dispersion,ensemble_underprediction,ensemble_overprediction,ensemble_ae_median,ensemble_covered_50,ensemble_covered_80,ensemble_covered_90,ensemble_covered_95,wis_ratio,model_dispersion_ratio,model_underprediction_ratio,model_overprediction_ratio,ensemble_dispersion_ratio,ensemble_underprediction_ratio,ensemble_overprediction_ratio,model_coverage_50,model_coverage_80,model_coverage_90,model_coverage_95,ensemble_coverage_50,ensemble_coverage_80,ensemble_coverage_90,ensemble_coverage_95,model,arm
"replay_from=data/experiments/b-2-t0,replay_inputs=finalized,ed_transform=logit,epochs=300,patience=30,fit_partition=target,supplied_final=1,mask_rate=0.2,covariate_encoder=summary,covariate_set=inpatient+ww_wval_like+kinsa+ilinet+clinical_lab+flusurv,input_mode=scheduled_final,input_normalization=b0,evaluation_seasons=recent_two",42,wk inc covid hosp,2024-2025,all,52,0.2,6968.0,215851.74956521735,82319.79304347826,103569.39130434782,29962.565217391304,342171.0,3538.0,5349.0,5923.0,6275.0,294095.7264372725,135467.5071866996,122015.56154699084,36612.65770358205,459783.4153206482,3786.0,5746.0,6312.0,6600.0,0.7998436779436926,0.2911942192309765,0.4065493050606331,0.1021001536520829,0.4380785185746119,0.407628405592174,0.1542930758332142,0.4843137254901961,0.7554580040971614,0.8556628621597894,0.9133743049458593,0.5601112086625696,0.8459467369037169,0.9204565408252854,0.9555458004097164,C2,finalized
"replay_from=data/experiments/b-2-t0,replay_inputs=finalized,ed_transform=logit,epochs=300,patience=30,fit_partition=target,supplied_final=1,mask_rate=0.2,covariate_encoder=summary,covariate_set=inpatient+ww_wval_like+kinsa+ilinet+clinical_lab+flusurv,input_mode=scheduled_final,input_normalization=b0,evaluation_seasons=recent_two",42,wk inc covid hosp,2024-2025,states_dc,51,0.0,6834.0,134807.96260869564,53522.35391304348,67242.39130434782,14043.217391304348,208697.0,3487.0,5255.0,5805.0,6145.0,177711.5257127561,72412.19438985428,79788.8120383263,25510.51928457551,270242.3766800353,3701.0,5620.0,6180.0,6467.0,0.8257178518661995,0.3021342078605697,0.4301541325547882,0.0934295114508415,0.4121516864040481,0.4188300047704274,0.1690183088255245,0.5102429031314019,0.7689493707930933,0.8494293239683934,0.899180567749488,0.5415569212759731,0.8223587942639744,0.9043020193151888,0.9462979221539364,C2,finalized
"replay_from=data/experiments/b-2-t0,replay_inputs=finalized,ed_transform=logit,epochs=300,patience=30,fit_partition=target,supplied_final=1,mask_rate=0.2,covariate_encoder=summary,covariate_set=inpatient+ww_wval_like+kinsa+ilinet+clinical_lab+flusurv,input_mode=scheduled_final,input_normalization=b0,evaluation_seasons=recent_two",42,wk inc covid hosp,2024-2025,US,1,1.0,134.0,81043.78695652174,28797.439130434785,36327.0,15919.347826086956,133474.0,51.0,94.0,118.0,130.0,116384.20072451644,63055.31279684533,42226.74950866455,11102.138419006547,189541.03864061285,85.0,126.0,132.0,133.0,0.6963469822536642,0.2474342647126035,0.3121299950840121,0.1367827224570485,0.5417858472568663,0.3628220088791609,0.0953921438639727,0.3805970149253731,0.7014925373134329,0.8805970149253731,0.9701492537313432,0.6343283582089553,0.9402985074626866,0.9850746268656716,0.9925373134328358,C2,finalized
"replay_from=data/experiments/b-2-t0,replay_inputs=finalized,ed_transform=logit,epochs=300,patience=30,fit_partition=target,supplied_final=1,mask_rate=0.2,covariate_encoder=summary,covariate_set=inpatient+ww_wval_like+kinsa+ilinet+clinical_lab+flusurv,input_mode=scheduled_final,input_normalization=b0,evaluation_seasons=recent_two",42,wk inc covid hosp,2025-2026,all,52,0.2,9048.0,220221.08434782608,69131.60608695651,43094.434782608696,107995.04347826086,321362.0,4243.0,6518.0,7285.0,7715.0,251503.70978939495,102039.96804152089,70756.4623304223,78707.27941745178,396424.6389596296,4576.0,7150.0,7993.0,8484.0,0.911524200813818,0.298425051603565,0.2257165173957567,0.3873826318144963,0.4039583179592176,0.3059835764748293,0.2900581055659533,0.4736082938922696,0.7327248140635566,0.8092855533017805,0.8522875816993467,0.5195176921343251,0.7918187964841109,0.8741717376605818,0.9417399143565476,C2,finalized
"replay_from=data/experiments/b-2-t0,replay_inputs=finalized,ed_transform=logit,epochs=300,patience=30,fit_partition=target,supplied_final=1,mask_rate=0.2,covariate_encoder=summary,covariate_set=inpatient+ww_wval_like+kinsa+ilinet+clinical_lab+flusurv,input_mode=scheduled_final,input_normalization=b0,evaluation_seasons=recent_two",42,wk inc covid hosp,2025-2026,states_dc,51,0.0,8874.0,123078.00260869563,43401.87217391304,28359.13043478261,51317.0,187981.0,4157.0,6381.0,7141.0,7567.0,137533.1523161514,55676.68777243521,42712.03193647525,39144.43260724092,215812.05818140364,4475.0,7011.0,7848.0,8317.0,0.926317143235716,0.3165918829453801,0.2498230349348751,0.3599022253554607,0.4032477713441501,0.3209626389317038,0.2757895897241462,0.4684471489745324,0.7190669371196756,0.8047103899030879,0.8527157989632635,0.5042821726391706,0.7900608519269777,0.8843813387423937,0.937232364210052,C2,finalized
"replay_from=data/experiments/b-2-t0,replay_inputs=finalized,ed_transform=logit,epochs=300,patience=30,fit_partition=target,supplied_final=1,mask_rate=0.2,covariate_encoder=summary,covariate_set=inpatient+ww_wval_like+kinsa+ilinet+clinical_lab+flusurv,input_mode=scheduled_final,input_normalization=b0,evaluation_seasons=recent_two",42,wk inc covid hosp,2025-2026,US,1,1.0,174.0,97143.08173913044,25729.73391304348,14735.304347826086,56678.04347826087,133381.0,86.0,137.0,144.0,148.0,113970.5574732436,46363.28026908566,28044.430393947056,39562.84681021086,180612.58077822597,101.0,139.0,145.0,167.0,0.852352431126226,0.225757726236304,0.1292904472392831,0.4973042576506387,0.4068005044194873,0.2460673266473311,0.3471321689331814,0.4942528735632184,0.7873563218390804,0.8275862068965517,0.8505747126436781,0.5804597701149425,0.7988505747126436,0.8333333333333334,0.9597701149425288,C2,finalized
"replay_from=data/experiments/b-2-t0,replay_inputs=finalized,ed_transform=logit,epochs=300,patience=30,fit_partition=target,supplied_final=1,mask_rate=0.2,covariate_encoder=summary,covariate_set=inpatient+ww_wval_like+kinsa+ilinet+clinical_lab+flusurv,input_mode=scheduled_final,input_normalization=b0,evaluation_seasons=recent_two",42,wk inc covid prop ed visits,2025-2026,all,52,0.2,5586.0,2.44384614574646,0.6083111621690388,0.7005752031112266,1.1349597804661733,3.553703574382311,1692.0,2886.0,3372.0,3699.0,2.497840451560441,1.156219767170679,0.6581087464717353,0.683511937918007,3.786811202370366,2935.0,4515.0,4987.0,5231.0,0.9980356443365008,0.2748387285039286,0.2328381462550504,0.4903587695775108,0.5391906708735537,0.2297971920394451,0.2310121370869917,0.3108433819160463,0.5330341477054281,0.6146845618817939,0.6743019584542077,0.5674912912283155,0.8383349061549755,0.9090629478172731,0.9467491524238932,C2,finalized
"replay_from=data/experiments/b-2-t0,replay_inputs=finalized,ed_transform=logit,epochs=300,patience=30,fit_partition=target,supplied_final=1,mask_rate=0.2,covariate_encoder=summary,covariate_set=inpatient+ww_wval_like+kinsa+ilinet+clinical_lab+flusurv,input_mode=scheduled_final,input_normalization=b0,evaluation_seasons=recent_two",42,wk inc covid prop ed visits,2025-2026,states_dc,51,0.0,5476.0,2.4151047385099456,0.5989233916705607,0.698952450673312,1.117228896166052,3.5098147196849645,1653.0,2818.0,3297.0,3617.0,2.4713671885012656,1.136099226909532,0.6552800338668678,0.6799879277248464,3.754044683896241,2849.0,4405.0,4877.0,5121.0,0.9761253581321284,0.25489509202036,0.2757232360903611,0.445507030021398,0.4839802140157255,0.2605335703145489,0.2554862156697166,0.2999178637586942,0.5117472300863305,0.5979011568976967,0.6565138117041234,0.5139095685808489,0.7979186326937193,0.8863286847715913,0.9334364405298664,C2,finalized
"replay_from=data/experiments/b-2-t0,replay_inputs=finalized,ed_transform=logit,epochs=300,patience=30,fit_partition=target,supplied_final=1,mask_rate=0.2,covariate_encoder=summary,covariate_set=inpatient+ww_wval_like+kinsa+ilinet+clinical_lab+flusurv,input_mode=scheduled_final,input_normalization=b0,evaluation_seasons=recent_two",42,wk inc covid prop ed visits,2025-2026,US,1,1.0,110.0,0.0287414072365145,0.0093877704984781,0.0016227524379145,0.0177308843001214,0.0438888546973465,39.0,68.0,75.0,82.0,0.0264732630591753,0.020120540261147,0.0028287126048675,0.0035240101931606,0.0327665184741256,86.0,110.0,110.0,110.0,1.085676789153991,0.3546132744382027,0.0612977869138073,0.6697657278019618,0.7600324983048661,0.1068516789390302,0.1331158227560923,0.3545454545454545,0.6181818181818182,0.6818181818181818,0.7454545454545455,0.7818181818181819,1.0,1.0,1.0,C2,finalized
"replay_from=data/experiments/b-2-t0,replay_inputs=finalized,ed_transform=logit,epochs=300,patience=30,fit_partition=target,supplied_final=1,mask_rate=0.2,covariate_encoder=summary,covariate_set=inpatient+ww_wval_like+kinsa+ilinet+clinical_lab+flusurv,input_mode=scheduled_final,input_normalization=b0,evaluation_seasons=recent_two",42,wk inc flu hosp,2024-2025,all,52,0.2,5616.0,674231.0943478262,229151.0508695652,358505.0,86575.04347826086,1008175.0,2493.0,4001.0,4559.0,4847.0,997209.4752173912,214134.4317391304,732659.1304347826,50415.91304347826,1363610.0,2943.0,4023.0,4381.0,4604.0,0.7194320259288325,0.224123556737395,0.3858837616294489,0.1094247075619885,0.221083968559547,0.7136002994462362,0.0653157319942169,0.469607843137255,0.7449527959331882,0.8345315904139436,0.8780682643427745,0.5315541031227307,0.7208424110384896,0.7796659404502543,0.8137618010167033,C2,finalized
"replay_from=data/experiments/b-2-t0,replay_inputs=finalized,ed_transform=logit,epochs=300,patience=30,fit_partition=target,supplied_final=1,mask_rate=0.2,covariate_encoder=summary,covariate_set=inpatient+ww_wval_like+kinsa+ilinet+clinical_lab+flusurv,input_mode=scheduled_final,input_normalization=b0,evaluation_seasons=recent_two",42,wk inc flu hosp,2024-2025,states_dc,51,0.0,5508.0,388570.1413043479,118551.3152173913,211703.21739130435,58315.60869565217,583391.0,2430.0,3905.0,4458.0,4745.0,545536.7908695652,116470.22565217387,390693.86956521735,38372.69565217391,755891.0,2882.0,3943.0,4297.0,4519.0,0.7411772203334481,0.2189376956704695,0.4011001853835271,0.1211393392794514,0.2222980022694732,0.7027232314120876,0.0749787663184392,0.4411764705882354,0.7089687726942631,0.8093681917211331,0.8614742193173567,0.5232389251997096,0.7158678286129269,0.7801379811183734,0.8204429920116196,C2,finalized
"replay_from=data/experiments/b-2-t0,replay_inputs=finalized,ed_transform=logit,epochs=300,patience=30,fit_partition=target,supplied_final=1,mask_rate=0.2,covariate_encoder=summary,covariate_set=inpatient+ww_wval_like+kinsa+ilinet+clinical_lab+flusurv,input_mode=scheduled_final,input_normalization=b0,evaluation_seasons=recent_two",42,wk inc flu hosp,2024-2025,US,1,1.0,108.0,285660.95304347825,110599.73565217391,146801.78260869565,28259.434782608696,424784.0,63.0,96.0,101.0,102.0,451672.6843478261,97664.20608695652,341965.26086956525,12043.217391304348,607719.0,61.0,80.0,84.0,85.0,0.6324512483103698,0.2448670010050968,0.3250180666131358,0.0625661806921371,0.2162278337198422,0.7571085715828304,0.0266635946973274,0.5833333333333334,0.8888888888888888,0.9351851851851852,0.9444444444444444,0.5648148148148148,0.7407407407407407,0.7777777777777778,0.7870370370370371,C2,finalized
"replay_from=data/experiments/b-2-t0,replay_inputs=finalized,ed_transform=logit,epochs=300,patience=30,fit_partition=target,supplied_final=1,mask_rate=0.2,covariate_encoder=summary,covariate_set=inpatient+ww_wval_like+kinsa+ilinet+clinical_lab+flusurv,input_mode=scheduled_final,input_normalization=b0,evaluation_seasons=recent_two",42,wk inc flu hosp,2025-2026,all,52,0.2,5824.0,481711.3365217391,169540.59739130433,194595.5652173913,117575.17391304349,747101.0,2487.0,3978.0,4567.0,4927.0,681987.2230434783,182493.3534782609,344539.7391304348,154954.13043478262,1021199.0,3056.0,4510.0,4990.0,5252.0,0.7563920827079967,0.2611475511638577,0.3053677237627579,0.189876807781381,0.2795215027822053,0.5126519392462101,0.2078265579715848,0.4487044817927171,0.7151260504201681,0.8107843137254903,0.8677871148459385,0.5267507002801122,0.7781162464985995,0.8568627450980393,0.8984943977591039,C2,finalized
"replay_from=data/experiments/b-2-t0,replay_inputs=finalized,ed_transform=logit,epochs=300,patience=30,fit_partition=target,supplied_final=1,mask_rate=0.2,covariate_encoder=summary,covariate_set=inpatient+ww_wval_like+kinsa+ilinet+clinical_lab+flusurv,input_mode=scheduled_final,input_normalization=b0,evaluation_seasons=recent_two",42,wk inc flu hosp,2025-2026,states_dc,51,0.0,5712.0,273229.6260869565,93262.45217391304,101425.39130434782,78541.78260869565,421577.0,2426.0,3882.0,4463.0,4819.0,369731.63260869565,98349.24130434784,189960.8260869565,81421.56521739133,551635.0,2996.0,4421.0,4894.0,5153.0,0.7785741883292444,0.2653641590671329,0.3071151744386473,0.2060948548234641,0.2820338995276027,0.5170549996731874,0.2009111007992099,0.4247198879551821,0.6796218487394957,0.7813375350140057,0.8436624649859947,0.5245098039215685,0.7739845938375353,0.8567927170868349,0.9021358543417368,C2,finalized
"replay_from=data/experiments/b-2-t0,replay_inputs=finalized,ed_transform=logit,epochs=300,patience=30,fit_partition=target,supplied_final=1,mask_rate=0.2,covariate_encoder=summary,covariate_set=inpatient+ww_wval_like+kinsa+ilinet+clinical_lab+flusurv,input_mode=scheduled_final,input_normalization=b0,evaluation_seasons=recent_two",42,wk inc flu hosp,2025-2026,US,1,1.0,112.0,208481.7104347826,76278.1452173913,93170.17391304349,39033.391304347824,325524.0,61.0,96.0,104.0,108.0,312255.5904347826,84144.11217391305,154578.91304347827,73532.5652173913,469564.0,60.0,89.0,96.0,99.0,0.6676636602230053,0.2442811195507568,0.2983779210592001,0.1250046196130483,0.2694719158006149,0.4950396975383006,0.2354883866610844,0.5446428571428571,0.8571428571428571,0.9285714285714286,0.9642857142857144,0.5357142857142857,0.7946428571428571,0.8571428571428571,0.8839285714285714,C2,finalized
"replay_from=data/experiments/b-2-t0,replay_inputs=finalized,ed_transform=logit,epochs=300,patience=30,fit_partition=target,supplied_final=1,mask_rate=0.2,covariate_encoder=summary,covariate_set=inpatient+ww_wval_like+kinsa+ilinet+clinical_lab+flusurv,input_mode=scheduled_final,input_normalization=b0,evaluation_seasons=recent_two",42,wk inc flu prop ed visits,2025-2026,all,52,0.2,5768.0,33.03566845069051,7.710914272077467,14.478442398730374,10.84631177988265,49.36090167148956,1975.0,3410.0,4078.0,4475.0,37.45877191682501,10.32540181251476,18.66849846028443,8.464871644025802,55.69990942461097,3125.0,4505.0,4944.0,5205.0,0.8813752200121493,0.2160648852617419,0.3871542213956437,0.278156113354763,0.2959240659437712,0.4861518031545084,0.2179241309017199,0.3741596638655462,0.620168067226891,0.7373249299719888,0.801295518207283,0.563200280112045,0.7810574229691877,0.8550420168067228,0.8988795518207284,C2,finalized
"replay_from=data/experiments/b-2-t0,replay_inputs=finalized,ed_transform=logit,epochs=300,patience=30,fit_partition=target,supplied_final=1,mask_rate=0.2,covariate_encoder=summary,covariate_set=inpatient+ww_wval_like+kinsa+ilinet+clinical_lab+flusurv,input_mode=scheduled_final,input_normalization=b0,evaluation_seasons=recent_two",42,wk inc flu prop ed visits,2025-2026,states_dc,51,0.0,5656.0,32.537797557530794,7.587504793112619,14.252787626898208,10.69750513751995,48.59936459719972,1917.0,3326.0,3980.0,4372.0,36.85597054744329,10.13762192450928,18.3753233456567,8.343025277277297,54.80314218169003,3050.0,4416.0,4848.0,5105.0,0.8952368741574461,0.2188994548618589,0.3903569028174531,0.2859805164781335,0.2920270708891611,0.4861011471818258,0.2218717819290127,0.3382352941176471,0.5877100840336134,0.7029061624649862,0.7717086834733895,0.5365896358543416,0.7776610644257703,0.8545168067226891,0.9003851540616249,C2,finalized
"replay_from=data/experiments/b-2-t0,replay_inputs=finalized,ed_transform=logit,epochs=300,patience=30,fit_partition=target,supplied_final=1,mask_rate=0.2,covariate_encoder=summary,covariate_set=inpatient+ww_wval_like+kinsa+ilinet+clinical_lab+flusurv,input_mode=scheduled_final,input_normalization=b0,evaluation_seasons=recent_two",42,wk inc flu prop ed visits,2025-2026,US,1,1.0,112.0,0.4978708931597125,0.1234094789648483,0.2256547718321659,0.1488066423626979,0.7615370742898433,58.0,84.0,98.0,103.0,0.6028013693817165,0.1877798880054818,0.29317511462773,0.1218463667485042,0.8967672429209468,75.0,89.0,96.0,100.0,0.825928603430962,0.204726606861274,0.3743434957084061,0.2468585008612811,0.3115120461622118,0.4863544270452387,0.2021335267925486,0.5178571428571429,0.75,0.875,0.9196428571428572,0.6696428571428571,0.7946428571428571,0.8571428571428571,0.8928571428571429,C2,finalized
"replay_from=data/experiments/b-2-t0,replay_inputs=finalized,ed_transform=logit,epochs=300,patience=30,fit_partition=target,supplied_final=1,mask_rate=0.2,covariate_encoder=summary,covariate_set=inpatient+ww_wval_like+kinsa+ilinet+clinical_lab+flusurv,input_mode=scheduled_final,input_normalization=b0,evaluation_seasons=recent_two",42,wk inc rsv hosp,2025-2026,all,52,0.2,6032.0,146982.7760869565,49045.428260869565,90508.95652173914,7428.391304347827,238537.0,2549.0,4039.0,4663.0,5017.0,174064.93092191094,53052.087440608055,105063.50795633462,15949.335524968266,270304.41698893777,2589.0,4305.0,4948.0,5364.0,0.9083017404528808,0.2751745198712595,0.5540143802492523,0.0791128403323687,0.3067406302504329,0.5745971360277672,0.1186622337218002,0.4273157538877621,0.6907707910750509,0.7989858012170387,0.8563894523326575,0.4406693711967547,0.7187964841108859,0.8279918864097365,0.8953684922244761,C2,finalized
"replay_from=data/experiments/b-2-t0,replay_inputs=finalized,ed_transform=logit,epochs=300,patience=30,fit_partition=target,supplied_final=1,mask_rate=0.2,covariate_encoder=summary,covariate_set=inpatient+ww_wval_like+kinsa+ilinet+clinical_lab+flusurv,input_mode=scheduled_final,input_normalization=b0,evaluation_seasons=recent_two",42,wk inc rsv hosp,2025-2026,states_dc,51,0.0,5916.0,78829.25739130433,26093.38782608696,46884.08695652174,5851.782608695653,124919.0,2497.0,3948.0,4557.0,4905.0,94740.19007535864,28170.04025877443,55907.86834298157,10662.281473602628,146919.94591427944,2532.0,4219.0,4848.0,5257.0,0.9205844199632492,0.2716324567443388,0.555029755685338,0.0939222075335724,0.3050074818838542,0.5633274152930453,0.1316651028231006,0.4220757268424612,0.6673427991886411,0.7702839756592293,0.8291075050709941,0.4279918864097364,0.7131507775524004,0.8194726166328601,0.8886071670047331,C2,finalized
"replay_from=data/experiments/b-2-t0,replay_inputs=finalized,ed_transform=logit,epochs=300,patience=30,fit_partition=target,supplied_final=1,mask_rate=0.2,covariate_encoder=summary,covariate_set=inpatient+ww_wval_like+kinsa+ilinet+clinical_lab+flusurv,input_mode=scheduled_final,input_normalization=b0,evaluation_seasons=recent_two",42,wk inc rsv hosp,2025-2026,US,1,1.0,116.0,68153.51869565218,22952.040434782608,43624.86956521739,1576.608695652174,113618.0,52.0,91.0,106.0,112.0,79324.7408465523,24882.04718183363,49155.63961335304,5287.05405136564,123384.47107465832,57.0,86.0,100.0,107.0,0.8591710224114062,0.2893427723789428,0.5499528785049093,0.0198753715275541,0.3136732237167476,0.6196760189666538,0.0666507573165986,0.4482758620689655,0.7844827586206896,0.913793103448276,0.9655172413793104,0.4913793103448275,0.7413793103448276,0.8620689655172413,0.9224137931034484,C2,finalized
"replay_from=data/experiments/b-2-t0,replay_inputs=finalized,ed_transform=logit,epochs=300,patience=30,fit_partition=target,supplied_final=1,mask_rate=0.2,covariate_encoder=summary,covariate_set=inpatient+ww_wval_like+kinsa+ilinet+clinical_lab+flusurv,input_mode=scheduled_final,input_normalization=b0,evaluation_seasons=recent_two",42,wk inc rsv prop ed visits,2025-2026,all,51,0.2,5586.0,3.4409286673786235,1.1438486467101003,1.9820342680572545,0.3150457526112507,5.236577946330883,2395.0,4039.0,4665.0,4977.0,4.530466181091006,1.2624880197885668,3.0078391482014357,0.2601390131009845,6.751646223879154,2706.0,4144.0,4680.0,5001.0,0.8356412783835978,0.2876075621447339,0.473268250205934,0.0747654660329239,0.3535959682986677,0.5860545127207138,0.060349518980613,0.432488959957246,0.727776575234123,0.8357747419326063,0.8944078924338809,0.5147666229916434,0.7725612543865138,0.86154240300846,0.908627902093687,C2,finalized
"replay_from=data/experiments/b-2-t0,replay_inputs=finalized,ed_transform=logit,epochs=300,patience=30,fit_partition=target,supplied_final=1,mask_rate=0.2,covariate_encoder=summary,covariate_set=inpatient+ww_wval_like+kinsa+ilinet+clinical_lab+flusurv,input_mode=scheduled_final,input_normalization=b0,evaluation_seasons=recent_two",42,wk inc rsv prop ed visits,2025-2026,states_dc,50,0.0,5475.0,3.395479090940116,1.128349449178106,1.9562311961998275,0.3108984455621646,5.164600921220073,2344.0,3954.0,4570.0,4874.0,4.481922043258964,1.2402717937371133,2.9831665637207228,0.2584836858011096,6.672332609887618,2633.0,4042.0,4572.0,4893.0,0.8104884419102754,0.279689322876469,0.4587007204576052,0.0720983985761963,0.3275824533044074,0.6055055048001255,0.0669120418954619,0.4257463350816927,0.7182792776012124,0.830754463451794,0.8860278835603692,0.47904386432514,0.7359718382534125,0.8336847605173314,0.8925416343738655,C2,finalized
"replay_from=data/experiments/b-2-t0,replay_inputs=finalized,ed_transform=logit,epochs=300,patience=30,fit_partition=target,supplied_final=1,mask_rate=0.2,covariate_encoder=summary,covariate_set=inpatient+ww_wval_like+kinsa+ilinet+clinical_lab+flusurv,input_mode=scheduled_final,input_normalization=b0,evaluation_seasons=recent_two",42,wk inc rsv prop ed visits,2025-2026,US,1,1.0,111.0,0.0454495764385074,0.0154991975319942,0.0258030718574267,0.004147307049086,0.0719770251108098,51.0,85.0,95.0,103.0,0.0485441378320411,0.0222162260514535,0.0246725844807123,0.0016553272998748,0.0793136139915364,73.0,102.0,108.0,108.0,0.9362526242768872,0.3192805192177932,0.5315383691992491,0.0854337358598345,0.4576500282757085,0.5082505444030668,0.0340994273212172,0.4594594594594595,0.7657657657657657,0.8558558558558559,0.927927927927928,0.6576576576576577,0.918918918918919,0.972972972972973,0.972972972972973,C2,finalized
"replay_from=data/experiments/b-2-t0,replay_inputs=finalized,ed_transform=logit,epochs=300,patience=30,fit_partition=target,supplied_final=1,mask_rate=0.2,covariate_encoder=summary,covariate_set=inpatient+ww_wval_like+kinsa+ilinet+clinical_lab+flusurv,input_mode=scheduled_final,input_normalization=b0,evaluation_seasons=recent_two",43,wk inc covid hosp,2024-2025,all,52,0.2,6968.0,198419.48782608696,61673.27043478261,102101.4347826087,34644.78260869565,304491.0,3269.0,5165.0,5868.0,6202.0,294095.7264372725,135467.5071866996,122015.56154699084,36612.65770358205,459783.4153206482,3786.0,5746.0,6312.0,6600.0,0.7581397147520599,0.2417311581513761,0.3956282965949848,0.1207802600056987,0.4380785185746119,0.407628405592174,0.1542930758332142,0.4363184079601991,0.7050336552531462,0.8217149546385719,0.875943810359965,0.5601112086625696,0.8459467369037169,0.9204565408252854,0.9555458004097164,C2,finalized
"replay_from=data/experiments/b-2-t0,replay_inputs=finalized,ed_transform=logit,epochs=300,patience=30,fit_partition=target,supplied_final=1,mask_rate=0.2,covariate_encoder=summary,covariate_set=inpatient+ww_wval_like+kinsa+ilinet+clinical_lab+flusurv,input_mode=scheduled_final,input_normalization=b0,evaluation_seasons=recent_two",43,wk inc covid hosp,2024-2025,states_dc,51,0.0,6834.0,127056.15913043478,43214.33304347826,65776.56521739131,18065.260869565216,193890.0,3230.0,5092.0,5770.0,6093.0,177711.5257127561,72412.19438985428,79788.8120383263,25510.51928457551,270242.3766800353,3701.0,5620.0,6180.0,6467.0,0.7943820825696981,0.262513081685945,0.4165074482699602,0.1153615526137929,0.4121516864040481,0.4188300047704274,0.1690183088255245,0.4726368159203981,0.7450980392156863,0.8443078724026926,0.8915715539947324,0.5415569212759731,0.8223587942639744,0.9043020193151888,0.9462979221539364,C2,finalized
"replay_from=data/experiments/b-2-t0,replay_inputs=finalized,ed_transform=logit,epochs=300,patience=30,fit_partition=target,supplied_final=1,mask_rate=0.2,covariate_encoder=summary,covariate_set=inpatient+ww_wval_like+kinsa+ilinet+clinical_lab+flusurv,input_mode=scheduled_final,input_normalization=b0,evaluation_seasons=recent_two",43,wk inc covid hosp,2024-2025,US,1,1.0,134.0,71363.32869565218,18458.937391304346,36324.86956521739,16579.521739130432,110601.0,39.0,73.0,98.0,109.0,116384.20072451644,63055.31279684533,42226.74950866455,11102.138419006547,189541.03864061285,85.0,126.0,132.0,133.0,0.6131702434815057,0.1586034640131008,0.3121116898950832,0.1424550895733216,0.5417858472568663,0.3628220088791609,0.0953921438639727,0.291044776119403,0.5447761194029851,0.7313432835820896,0.8134328358208955,0.6343283582089553,0.9402985074626866,0.9850746268656716,0.9925373134328358,C2,finalized
"replay_from=data/experiments/b-2-t0,replay_inputs=finalized,ed_transform=logit,epochs=300,patience=30,fit_partition=target,supplied_final=1,mask_rate=0.2,covariate_encoder=summary,covariate_set=inpatient+ww_wval_like+kinsa+ilinet+clinical_lab+flusurv,input_mode=scheduled_final,input_normalization=b0,evaluation_seasons=recent_two",43,wk inc covid hosp,2025-2026,all,52,0.2,9048.0,209236.0704347826,62702.809565217394,60615.5652173913,85917.69565217392,311185.0,3778.0,5827.0,6736.0,7270.0,251503.70978939495,102039.96804152089,70756.4623304223,78707.27941745178,396424.6389596296,4576.0,7150.0,7993.0,8484.0,0.8860368911908636,0.2624636771975475,0.3011753725596247,0.3223978414336914,0.4039583179592176,0.3059835764748293,0.2900581055659533,0.427450980392157,0.6683119224701376,0.7597926526932614,0.8174667568176698,0.5195176921343251,0.7918187964841109,0.8741717376605818,0.9417399143565476,C2,finalized
"replay_from=data/experiments/b-2-t0,replay_inputs=finalized,ed_transform=logit,epochs=300,patience=30,fit_partition=target,supplied_final=1,mask_rate=0.2,covariate_encoder=summary,covariate_set=inpatient+ww_wval_like+kinsa+ilinet+clinical_lab+flusurv,input_mode=scheduled_final,input_normalization=b0,evaluation_seasons=recent_two",43,wk inc covid hosp,2025-2026,states_dc,51,0.0,8874.0,116200.53130434782,37319.31391304349,40391.69565217391,38489.52173913043,177302.0,3696.0,5692.0,6592.0,7117.0,137533.1523161514,55676.68777243521,42712.03193647525,39144.43260724092,215812.05818140364,4475.0,7011.0,7848.0,8317.0,0.9034681021031932,0.2723996555215357,0.3321071672600351,0.2989612793216223,0.4032477713441501,0.3209626389317038,0.2757895897241462,0.4164976335361731,0.6414243858462927,0.7428442641424388,0.8020058598151907,0.5042821726391706,0.7900608519269777,0.8843813387423937,0.937232364210052,C2,finalized
"replay_from=data/experiments/b-2-t0,replay_inputs=finalized,ed_transform=logit,epochs=300,patience=30,fit_partition=target,supplied_final=1,mask_rate=0.2,covariate_encoder=summary,covariate_set=inpatient+ww_wval_like+kinsa+ilinet+clinical_lab+flusurv,input_mode=scheduled_final,input_normalization=b0,evaluation_seasons=recent_two",43,wk inc covid hosp,2025-2026,US,1,1.0,174.0,93035.5391304348,25383.49565217391,20223.869565217392,47428.17391304348,133883.0,82.0,135.0,144.0,153.0,113970.5574732436,46363.28026908566,28044.430393947056,39562.84681021086,180612.58077822597,101.0,139.0,145.0,167.0,0.8163120475415447,0.2227197639015944,0.1774481937579823,0.416144089881968,0.4068005044194873,0.2460673266473311,0.3471321689331814,0.4712643678160919,0.7758620689655172,0.8275862068965517,0.8793103448275862,0.5804597701149425,0.7988505747126436,0.8333333333333334,0.9597701149425288,C2,finalized
"replay_from=data/experiments/b-2-t0,replay_inputs=finalized,ed_transform=logit,epochs=300,patience=30,fit_partition=target,supplied_final=1,mask_rate=0.2,covariate_encoder=summary,covariate_set=inpatient+ww_wval_like+kinsa+ilinet+clinical_lab+flusurv,input_mode=scheduled_final,input_normalization=b0,evaluation_seasons=recent_two",43,wk inc covid prop ed visits,2025-2026,all,52,0.2,5586.0,2.219830386709281,0.6649891830183636,0.7427430737315566,0.8120981299593419,3.3091219151022924,1925.0,3184.0,3701.0,4023.0,2.497840451560441,1.156219767170679,0.6581087464717353,0.683511937918007,3.786811202370366,2935.0,4515.0,4987.0,5231.0,0.8887668968281268,0.302509389484873,0.2605555266008293,0.3257019807424141,0.5391906708735537,0.2297971920394451,0.2310121370869917,0.3516307247795138,0.6000689711416356,0.6952468164924914,0.7532461873638345,0.5674912912283155,0.8383349061549755,0.9090629478172731,0.9467491524238932,C2,finalized
"replay_from=data/experiments/b-2-t0,replay_inputs=finalized,ed_transform=logit,epochs=300,patience=30,fit_partition=target,supplied_final=1,mask_rate=0.2,covariate_encoder=summary,covariate_set=inpatient+ww_wval_like+kinsa+ilinet+clinical_lab+flusurv,input_mode=scheduled_final,input_normalization=b0,evaluation_seasons=recent_two",43,wk inc covid prop ed visits,2025-2026,states_dc,51,0.0,5476.0,2.196953337146766,0.6543703843456095,0.7388087207994355,0.8037742320017024,3.2741144073244266,1881.0,3102.0,3607.0,3922.0,2.4713671885012656,1.136099226909532,0.6552800338668678,0.6799879277248464,3.754044683896241,2849.0,4405.0,4877.0,5121.0,0.8949194279124737,0.277858215758993,0.2885403849320499,0.3285208272214218,0.4839802140157255,0.2605335703145489,0.2554862156697166,0.3395384059743921,0.5637225775634082,0.6554221569792505,0.7120122796593386,0.5139095685808489,0.7979186326937193,0.8863286847715913,0.9334364405298664,C2,finalized
"replay_from=data/experiments/b-2-t0,replay_inputs=finalized,ed_transform=logit,epochs=300,patience=30,fit_partition=target,supplied_final=1,mask_rate=0.2,covariate_encoder=summary,covariate_set=inpatient+ww_wval_like+kinsa+ilinet+clinical_lab+flusurv,input_mode=scheduled_final,input_normalization=b0,evaluation_seasons=recent_two",43,wk inc covid prop ed visits,2025-2026,US,1,1.0,110.0,0.0228770495625153,0.0106187986727542,0.0039343529321211,0.0083238979576396,0.0350075077778658,44.0,82.0,94.0,101.0,0.0264732630591753,0.020120540261147,0.0028287126048675,0.0035240101931606,0.0327665184741256,86.0,110.0,110.0,110.0,0.8641567724907383,0.4011140843883927,0.1486160932759472,0.3144265948263832,0.7600324983048661,0.1068516789390302,0.1331158227560923,0.4,0.7454545454545455,0.8545454545454545,0.9181818181818182,0.7818181818181819,1.0,1.0,1.0,C2,finalized
"replay_from=data/experiments/b-2-t0,replay_inputs=finalized,ed_transform=logit,epochs=300,patience=30,fit_partition=target,supplied_final=1,mask_rate=0.2,covariate_encoder=summary,covariate_set=inpatient+ww_wval_like+kinsa+ilinet+clinical_lab+flusurv,input_mode=scheduled_final,input_normalization=b0,evaluation_seasons=recent_two",43,wk inc flu hosp,2024-2025,all,52,0.2,5616.0,803483.6569565217,289096.65695652174,471786.3913043478,42600.608695652176,1160023.0,2879.0,4229.0,4653.0,4889.0,997209.4752173912,214134.4317391304,732659.1304347826,50415.91304347826,1363610.0,2943.0,4023.0,4381.0,4604.0,0.8265931035204293,0.2720242343816848,0.4934387316016851,0.0611301375370591,0.221083968559547,0.7136002994462362,0.0653157319942169,0.5461510530137983,0.7814814814814817,0.8464778503994193,0.8824618736383444,0.5315541031227307,0.7208424110384896,0.7796659404502543,0.8137618010167033,C2,finalized
"replay_from=data/experiments/b-2-t0,replay_inputs=finalized,ed_transform=logit,epochs=300,patience=30,fit_partition=target,supplied_final=1,mask_rate=0.2,covariate_encoder=summary,covariate_set=inpatient+ww_wval_like+kinsa+ilinet+clinical_lab+flusurv,input_mode=scheduled_final,input_normalization=b0,evaluation_seasons=recent_two",43,wk inc flu hosp,2024-2025,states_dc,51,0.0,5508.0,442252.21217391297,143815.95130434784,267403.1304347826,31033.13043478261,648640.0,2804.0,4131.0,4553.0,4788.0,545536.7908695652,116470.22565217387,390693.86956521735,38372.69565217391,755891.0,2882.0,3943.0,4297.0,4519.0,0.8333004391463157,0.2596176896214559,0.5036726555442254,0.0700100939806344,0.2222980022694732,0.7027232314120876,0.0749787663184392,0.5090777051561366,0.7500000000000001,0.8266158315177924,0.8692810457516342,0.5232389251997096,0.7158678286129269,0.7801379811183734,0.8204429920116196,C2,finalized
"replay_from=data/experiments/b-2-t0,replay_inputs=finalized,ed_transform=logit,epochs=300,patience=30,fit_partition=target,supplied_final=1,mask_rate=0.2,covariate_encoder=summary,covariate_set=inpatient+ww_wval_like+kinsa+ilinet+clinical_lab+flusurv,input_mode=scheduled_final,input_normalization=b0,evaluation_seasons=recent_two",43,wk inc flu hosp,2024-2025,US,1,1.0,108.0,361231.4447826087,145280.7056521739,204383.2608695652,11567.478260869566,511383.0,75.0,98.0,100.0,101.0,451672.6843478261,97664.20608695652,341965.26086956525,12043.217391304348,607719.0,61.0,80.0,84.0,85.0,0.7997637610168827,0.3216504134226002,0.4525030358315245,0.0256103117627579,0.2162278337198422,0.7571085715828304,0.0266635946973274,0.6944444444444444,0.9074074074074074,0.925925925925926,0.9351851851851852,0.5648148148148148,0.7407407407407407,0.7777777777777778,0.7870370370370371,C2,finalized
"replay_from=data/experiments/b-2-t0,replay_inputs=finalized,ed_transform=logit,epochs=300,patience=30,fit_partition=target,supplied_final=1,mask_rate=0.2,covariate_encoder=summary,covariate_set=inpatient+ww_wval_like+kinsa+ilinet+clinical_lab+flusurv,input_mode=scheduled_final,input_normalization=b0,evaluation_seasons=recent_two",43,wk inc flu hosp,2025-2026,all,52,0.2,5824.0,581911.8891304348,172522.5413043478,188316.52173913043,221072.8260869565,884191.0,2287.0,3701.0,4293.0,4718.0,681987.2230434783,182493.3534782609,344539.7391304348,154954.13043478262,1021199.0,3056.0,4510.0,4990.0,5252.0,0.8913956066388176,0.2563754456153854,0.3045177580025615,0.3305024030208704,0.2795215027822053,0.5126519392462101,0.2078265579715848,0.423984593837535,0.669747899159664,0.7641806722689076,0.8319327731092439,0.5267507002801122,0.7781162464985995,0.8568627450980393,0.8984943977591039,C2,finalized
"replay_from=data/experiments/b-2-t0,replay_inputs=finalized,ed_transform=logit,epochs=300,patience=30,fit_partition=target,supplied_final=1,mask_rate=0.2,covariate_encoder=summary,covariate_set=inpatient+ww_wval_like+kinsa+ilinet+clinical_lab+flusurv,input_mode=scheduled_final,input_normalization=b0,evaluation_seasons=recent_two",43,wk inc flu hosp,2025-2026,states_dc,51,0.0,5712.0,328534.0795652174,91427.16652173911,106055.26086956525,131051.65217391308,498369.0,2224.0,3609.0,4194.0,4614.0,369731.63260869565,98349.24130434784,189960.8260869565,81421.56521739133,551635.0,2996.0,4421.0,4894.0,5153.0,0.9113836009786436,0.2555422270350976,0.314786678597019,0.3410546953465266,0.2820338995276027,0.5170549996731874,0.2009111007992099,0.3893557422969187,0.631827731092437,0.7342436974789915,0.8077731092436976,0.5245098039215685,0.7739845938375353,0.8567927170868349,0.9021358543417368,C2,finalized
"replay_from=data/experiments/b-2-t0,replay_inputs=finalized,ed_transform=logit,epochs=300,patience=30,fit_partition=target,supplied_final=1,mask_rate=0.2,covariate_encoder=summary,covariate_set=inpatient+ww_wval_like+kinsa+ilinet+clinical_lab+flusurv,input_mode=scheduled_final,input_normalization=b0,evaluation_seasons=recent_two",43,wk inc flu hosp,2025-2026,US,1,1.0,112.0,253377.8095652174,81095.3747826087,82261.26086956522,90021.17391304349,385822.0,63.0,92.0,99.0,104.0,312255.5904347826,84144.11217391305,154578.91304347827,73532.5652173913,469564.0,60.0,89.0,96.0,99.0,0.8114436292795137,0.2597083199365367,0.2634420756247316,0.2882932337182454,0.2694719158006149,0.4950396975383006,0.2354883866610844,0.5625,0.8214285714285714,0.8839285714285714,0.9285714285714286,0.5357142857142857,0.7946428571428571,0.8571428571428571,0.8839285714285714,C2,finalized
"replay_from=data/experiments/b-2-t0,replay_inputs=finalized,ed_transform=logit,epochs=300,patience=30,fit_partition=target,supplied_final=1,mask_rate=0.2,covariate_encoder=summary,covariate_set=inpatient+ww_wval_like+kinsa+ilinet+clinical_lab+flusurv,input_mode=scheduled_final,input_normalization=b0,evaluation_seasons=recent_two",43,wk inc flu prop ed visits,2025-2026,all,52,0.2,5768.0,34.74321930849364,8.440528890894354,11.693706235613533,14.608984181985742,52.04386061092379,1824.0,3242.0,3898.0,4310.0,37.45877191682501,10.32540181251476,18.66849846028443,8.464871644025802,55.69990942461097,3125.0,4505.0,4944.0,5205.0,0.9348118522462288,0.2296787676035396,0.3253710710106072,0.3797620136320813,0.2959240659437712,0.4861518031545084,0.2179241309017199,0.327906162464986,0.5807072829131654,0.6834383753501402,0.761029411764706,0.563200280112045,0.7810574229691877,0.8550420168067228,0.8988795518207284,C2,finalized
"replay_from=data/experiments/b-2-t0,replay_inputs=finalized,ed_transform=logit,epochs=300,patience=30,fit_partition=target,supplied_final=1,mask_rate=0.2,covariate_encoder=summary,covariate_set=inpatient+ww_wval_like+kinsa+ilinet+clinical_lab+flusurv,input_mode=scheduled_final,input_normalization=b0,evaluation_seasons=recent_two",43,wk inc flu prop ed visits,2025-2026,states_dc,51,0.0,5656.0,34.2015521389774,8.328454470099032,11.454862534715168,14.418235134163185,51.246879762737606,1781.0,3167.0,3817.0,4217.0,36.85597054744329,10.13762192450928,18.3753233456567,8.343025277277297,54.80314218169003,3050.0,4416.0,4848.0,5105.0,0.9438690210920953,0.2406178000003346,0.3076581161695363,0.3955931049222236,0.2920270708891611,0.4861011471818258,0.2218717819290127,0.3139005602240896,0.5584733893557423,0.6734943977591037,0.7436974789915968,0.5365896358543416,0.7776610644257703,0.8545168067226891,0.9003851540616249,C2,finalized
"replay_from=data/experiments/b-2-t0,replay_inputs=finalized,ed_transform=logit,epochs=300,patience=30,fit_partition=target,supplied_final=1,mask_rate=0.2,covariate_encoder=summary,covariate_set=inpatient+ww_wval_like+kinsa+ilinet+clinical_lab+flusurv,input_mode=scheduled_final,input_normalization=b0,evaluation_seasons=recent_two",43,wk inc flu prop ed visits,2025-2026,US,1,1.0,112.0,0.5416671695162464,0.1120744207953227,0.2388437008983657,0.1907490478225576,0.7969808481861835,43.0,75.0,81.0,93.0,0.6028013693817165,0.1877798880054818,0.29317511462773,0.1218463667485042,0.8967672429209468,75.0,89.0,96.0,100.0,0.8985831768627626,0.1859226380163595,0.3962228903748905,0.3164376484715119,0.3115120461622118,0.4863544270452387,0.2021335267925486,0.3839285714285714,0.6696428571428571,0.7232142857142857,0.8303571428571429,0.6696428571428571,0.7946428571428571,0.8571428571428571,0.8928571428571429,C2,finalized
"replay_from=data/experiments/b-2-t0,replay_inputs=finalized,ed_transform=logit,epochs=300,patience=30,fit_partition=target,supplied_final=1,mask_rate=0.2,covariate_encoder=summary,covariate_set=inpatient+ww_wval_like+kinsa+ilinet+clinical_lab+flusurv,input_mode=scheduled_final,input_normalization=b0,evaluation_seasons=recent_two",43,wk inc rsv hosp,2025-2026,all,52,0.2,6032.0,140101.46739130435,44614.29347826087,82916.78260869565,12570.391304347826,223881.0,2265.0,3612.0,4230.0,4653.0,174064.93092191094,53052.087440608055,105063.50795633462,15949.335524968266,270304.41698893777,2589.0,4305.0,4948.0,5364.0,0.9087816644805932,0.2403167385409619,0.5483839466295547,0.1200809793100766,0.3067406302504329,0.5745971360277672,0.1186622337218002,0.3905003380662611,0.6314401622718055,0.7388438133874241,0.8119337390128467,0.4406693711967547,0.7187964841108859,0.8279918864097365,0.8953684922244761,C2,finalized
"replay_from=data/experiments/b-2-t0,replay_inputs=finalized,ed_transform=logit,epochs=300,patience=30,fit_partition=target,supplied_final=1,mask_rate=0.2,covariate_encoder=summary,covariate_set=inpatient+ww_wval_like+kinsa+ilinet+clinical_lab+flusurv,input_mode=scheduled_final,input_normalization=b0,evaluation_seasons=recent_two",43,wk inc rsv hosp,2025-2026,states_dc,51,0.0,5916.0,78982.75608695652,22993.538695652176,46526.434782608696,9462.782608695652,121500.0,2212.0,3522.0,4125.0,4538.0,94740.19007535864,28170.04025877443,55907.86834298157,10662.281473602628,146919.94591427944,2532.0,4219.0,4848.0,5257.0,0.943355236986473,0.23225591240569,0.5707920457573724,0.1403072788234106,0.3050074818838542,0.5633274152930453,0.1316651028231006,0.3739012846517917,0.5953346855983775,0.6972616632860043,0.7670723461798513,0.4279918864097364,0.7131507775524004,0.8194726166328601,0.8886071670047331,C2,finalized
"replay_from=data/experiments/b-2-t0,replay_inputs=finalized,ed_transform=logit,epochs=300,patience=30,fit_partition=target,supplied_final=1,mask_rate=0.2,covariate_encoder=summary,covariate_set=inpatient+ww_wval_like+kinsa+ilinet+clinical_lab+flusurv,input_mode=scheduled_final,input_normalization=b0,evaluation_seasons=recent_two",43,wk inc rsv hosp,2025-2026,US,1,1.0,116.0,61118.71130434783,21620.754782608696,36390.34782608695,3107.608695652174,102381.0,53.0,90.0,105.0,115.0,79324.7408465523,24882.04718183363,49155.63961335304,5287.05405136564,123384.47107465832,57.0,86.0,100.0,107.0,0.7704873744570732,0.2725600430820493,0.458751550118283,0.0391757812567406,0.3136732237167476,0.6196760189666538,0.0666507573165986,0.4568965517241379,0.7758620689655172,0.9051724137931034,0.9913793103448276,0.4913793103448275,0.7413793103448276,0.8620689655172413,0.9224137931034484,C2,finalized
"replay_from=data/experiments/b-2-t0,replay_inputs=finalized,ed_transform=logit,epochs=300,patience=30,fit_partition=target,supplied_final=1,mask_rate=0.2,covariate_encoder=summary,covariate_set=inpatient+ww_wval_like+kinsa+ilinet+clinical_lab+flusurv,input_mode=scheduled_final,input_normalization=b0,evaluation_seasons=recent_two",43,wk inc rsv prop ed visits,2025-2026,all,51,0.2,5586.0,2.936236192911944,1.11110491776085,1.2523700907639803,0.5727611843870919,4.484030215655212,2589.0,4198.0,4777.0,5053.0,4.530466181091006,1.2624880197885668,3.0078391482014357,0.2601390131009845,6.751646223879154,2706.0,4144.0,4680.0,5001.0,0.6599527786112768,0.2718358664416184,0.2637551448248831,0.1243617673447696,0.3535959682986677,0.5860545127207138,0.060349518980613,0.4762565751659349,0.7739958094671585,0.8730671023035146,0.916713001292884,0.5147666229916434,0.7725612543865138,0.86154240300846,0.908627902093687,C2,finalized
"replay_from=data/experiments/b-2-t0,replay_inputs=finalized,ed_transform=logit,epochs=300,patience=30,fit_partition=target,supplied_final=1,mask_rate=0.2,covariate_encoder=summary,covariate_set=inpatient+ww_wval_like+kinsa+ilinet+clinical_lab+flusurv,input_mode=scheduled_final,input_normalization=b0,evaluation_seasons=recent_two",43,wk inc rsv prop ed visits,2025-2026,states_dc,50,0.0,5475.0,2.906848135631394,1.0971751410721478,1.240808026682949,0.5688649678762767,4.4349035748155465,2528.0,4099.0,4669.0,4943.0,4.481922043258964,1.2402717937371133,2.9831665637207228,0.2584836858011096,6.672332609887618,2633.0,4042.0,4572.0,4893.0,0.6735938766165597,0.2680571459140928,0.2701498511617938,0.1353868795406675,0.3275824533044074,0.6055055048001255,0.0669120418954619,0.4579333315700312,0.7445217888609753,0.84809063463615,0.8981435038683573,0.47904386432514,0.7359718382534125,0.8336847605173314,0.8925416343738655,C2,finalized
"replay_from=data/experiments/b-2-t0,replay_inputs=finalized,ed_transform=logit,epochs=300,patience=30,fit_partition=target,supplied_final=1,mask_rate=0.2,covariate_encoder=summary,covariate_set=inpatient+ww_wval_like+kinsa+ilinet+clinical_lab+flusurv,input_mode=scheduled_final,input_normalization=b0,evaluation_seasons=recent_two",43,wk inc rsv prop ed visits,2025-2026,US,1,1.0,111.0,0.029388057280549,0.0139297766887021,0.0115620640810314,0.0038962165108152,0.0491266408396651,61.0,99.0,108.0,110.0,0.0485441378320411,0.0222162260514535,0.0246725844807123,0.0016553272998748,0.0793136139915364,73.0,102.0,108.0,108.0,0.6053883865901454,0.2869507485517207,0.2381763194772401,0.0802613185611783,0.4576500282757085,0.5082505444030668,0.0340994273212172,0.5495495495495496,0.8918918918918919,0.972972972972973,0.990990990990991,0.6576576576576577,0.918918918918919,0.972972972972973,0.972972972972973,C2,finalized
"replay_from=data/experiments/b-2-t0,replay_inputs=finalized,ed_transform=logit,epochs=300,patience=30,fit_partition=target,supplied_final=1,mask_rate=0.2,covariate_encoder=summary,covariate_set=inpatient+ww_wval_like+kinsa+ilinet+clinical_lab+flusurv,input_mode=scheduled_final,input_normalization=b0,evaluation_seasons=recent_two",44,wk inc covid hosp,2024-2025,all,52,0.2,6968.0,183131.7260869565,53602.117391304346,92027.82608695651,37501.782608695656,275715.0,3160.0,4835.0,5479.0,5874.0,294095.7264372725,135467.5071866996,122015.56154699084,36612.65770358205,459783.4153206482,3786.0,5746.0,6312.0,6600.0,0.7195500804024425,0.2156751453897432,0.3661552063631759,0.1377197286495233,0.4380785185746119,0.407628405592174,0.1542930758332142,0.4331870061457419,0.6719051799824408,0.7761779338601114,0.8361720807726076,0.5601112086625696,0.8459467369037169,0.9204565408252854,0.9555458004097164,C2,finalized
"replay_from=data/experiments/b-2-t0,replay_inputs=finalized,ed_transform=logit,epochs=300,patience=30,fit_partition=target,supplied_final=1,mask_rate=0.2,covariate_encoder=summary,covariate_set=inpatient+ww_wval_like+kinsa+ilinet+clinical_lab+flusurv,input_mode=scheduled_final,input_normalization=b0,evaluation_seasons=recent_two",44,wk inc covid hosp,2024-2025,states_dc,51,0.0,6834.0,119680.02347826086,38267.67565217391,59472.391304347824,21939.95652173913,179044.0,3114.0,4758.0,5381.0,5766.0,177711.5257127561,72412.19438985428,79788.8120383263,25510.51928457551,270242.3766800353,3701.0,5620.0,6180.0,6467.0,0.7631396704281475,0.2366546632547082,0.3877630495851702,0.1387219575882688,0.4121516864040481,0.4188300047704274,0.1690183088255245,0.4556628621597893,0.6962247585601407,0.7873865964296167,0.8437225636523267,0.5415569212759731,0.8223587942639744,0.9043020193151888,0.9462979221539364,C2,finalized
"replay_from=data/experiments/b-2-t0,replay_inputs=finalized,ed_transform=logit,epochs=300,patience=30,fit_partition=target,supplied_final=1,mask_rate=0.2,covariate_encoder=summary,covariate_set=inpatient+ww_wval_like+kinsa+ilinet+clinical_lab+flusurv,input_mode=scheduled_final,input_normalization=b0,evaluation_seasons=recent_two",44,wk inc covid hosp,2024-2025,US,1,1.0,134.0,63451.70260869565,15334.441739130434,32555.434782608696,15561.826086956522,96671.0,46.0,77.0,98.0,108.0,116384.20072451644,63055.31279684533,42226.74950866455,11102.138419006547,189541.03864061285,85.0,126.0,132.0,133.0,0.5451917202996222,0.1317570739298828,0.2797238334751983,0.133710812894541,0.5417858472568663,0.3628220088791609,0.0953921438639727,0.3432835820895522,0.5746268656716418,0.7313432835820896,0.8059701492537313,0.6343283582089553,0.9402985074626866,0.9850746268656716,0.9925373134328358,C2,finalized
"replay_from=data/experiments/b-2-t0,replay_inputs=finalized,ed_transform=logit,epochs=300,patience=30,fit_partition=target,supplied_final=1,mask_rate=0.2,covariate_encoder=summary,covariate_set=inpatient+ww_wval_like+kinsa+ilinet+clinical_lab+flusurv,input_mode=scheduled_final,input_normalization=b0,evaluation_seasons=recent_two",44,wk inc covid hosp,2025-2026,all,52,0.2,9048.0,258397.67956521735,72303.28826086957,21787.0,164307.3913043478,376419.0,3534.0,5708.0,6580.0,7157.0,251503.70978939495,102039.96804152089,70756.4623304223,78707.27941745178,396424.6389596296,4576.0,7150.0,7993.0,8484.0,1.0419226205403531,0.2949606937535916,0.153035605203588,0.5939263215831736,0.4039583179592176,0.3059835764748293,0.2900581055659533,0.3927428442641424,0.6427541131395088,0.7361956276763582,0.796686950642326,0.5195176921343251,0.7918187964841109,0.8741717376605818,0.9417399143565476,C2,finalized
"replay_from=data/experiments/b-2-t0,replay_inputs=finalized,ed_transform=logit,epochs=300,patience=30,fit_partition=target,supplied_final=1,mask_rate=0.2,covariate_encoder=summary,covariate_set=inpatient+ww_wval_like+kinsa+ilinet+clinical_lab+flusurv,input_mode=scheduled_final,input_normalization=b0,evaluation_seasons=recent_two",44,wk inc covid hosp,2025-2026,states_dc,51,0.0,8874.0,135642.52,42609.25913043479,18163.043478260868,74870.21739130434,203289.0,3464.0,5587.0,6445.0,7014.0,137533.1523161514,55676.68777243521,42712.03193647525,39144.43260724092,215812.05818140364,4475.0,7011.0,7848.0,8317.0,1.0331338207242446,0.3035655599057065,0.1833451803756954,0.546223080442843,0.4032477713441501,0.3209626389317038,0.2757895897241462,0.3903538426864999,0.6295920667117423,0.7262790173540682,0.7903989181879649,0.5042821726391706,0.7900608519269777,0.8843813387423937,0.937232364210052,C2,finalized
"replay_from=data/experiments/b-2-t0,replay_inputs=finalized,ed_transform=logit,epochs=300,patience=30,fit_partition=target,supplied_final=1,mask_rate=0.2,covariate_encoder=summary,covariate_set=inpatient+ww_wval_like+kinsa+ilinet+clinical_lab+flusurv,input_mode=scheduled_final,input_normalization=b0,evaluation_seasons=recent_two",44,wk inc covid hosp,2025-2026,US,1,1.0,174.0,122755.1595652174,29694.02913043478,3623.956521739131,89437.17391304347,173130.0,70.0,121.0,135.0,143.0,113970.5574732436,46363.28026908566,28044.430393947056,39562.84681021086,180612.58077822597,101.0,139.0,145.0,167.0,1.077077819804787,0.2605412291451319,0.0317973045151587,0.7847392861444964,0.4068005044194873,0.2460673266473311,0.3471321689331814,0.4022988505747126,0.6954022988505747,0.7758620689655172,0.8218390804597702,0.5804597701149425,0.7988505747126436,0.8333333333333334,0.9597701149425288,C2,finalized
"replay_from=data/experiments/b-2-t0,replay_inputs=finalized,ed_transform=logit,epochs=300,patience=30,fit_partition=target,supplied_final=1,mask_rate=0.2,covariate_encoder=summary,covariate_set=inpatient+ww_wval_like+kinsa+ilinet+clinical_lab+flusurv,input_mode=scheduled_final,input_normalization=b0,evaluation_seasons=recent_two",44,wk inc covid prop ed visits,2025-2026,all,52,0.2,5586.0,2.318061799655148,0.7170836180762239,0.5340591396139314,1.066919041964974,3.4508032004843074,2006.0,3259.0,3775.0,4084.0,2.497840451560441,1.156219767170679,0.6581087464717353,0.683511937918007,3.786811202370366,2935.0,4515.0,4987.0,5231.0,0.968636708176136,0.3310570446867156,0.1664612889459275,0.4711183745434834,0.5391906708735537,0.2297971920394451,0.2310121370869917,0.3566136567520651,0.5932795078815841,0.697333426537579,0.7493572402222922,0.5674912912283155,0.8383349061549755,0.9090629478172731,0.9467491524238932,C2,finalized
"replay_from=data/experiments/b-2-t0,replay_inputs=finalized,ed_transform=logit,epochs=300,patience=30,fit_partition=target,supplied_final=1,mask_rate=0.2,covariate_encoder=summary,covariate_set=inpatient+ww_wval_like+kinsa+ilinet+clinical_lab+flusurv,input_mode=scheduled_final,input_normalization=b0,evaluation_seasons=recent_two",44,wk inc covid prop ed visits,2025-2026,states_dc,51,0.0,5476.0,2.28864773517735,0.7053330391915358,0.533568990128478,1.049745705857318,3.4031446651064403,1967.0,3187.0,3686.0,3991.0,2.4713671885012656,1.136099226909532,0.6552800338668678,0.6799879277248464,3.754044683896241,2849.0,4405.0,4877.0,5121.0,0.9330244558722935,0.3028548294325176,0.2034478893248341,0.4267217371149333,0.4839802140157255,0.2605335703145489,0.2554862156697166,0.3571307073037177,0.5779630212156165,0.6693940558992463,0.7253329139142289,0.5139095685808489,0.7979186326937193,0.8863286847715913,0.9334364405298664,C2,finalized
"replay_from=data/experiments/b-2-t0,replay_inputs=finalized,ed_transform=logit,epochs=300,patience=30,fit_partition=target,supplied_final=1,mask_rate=0.2,covariate_encoder=summary,covariate_set=inpatient+ww_wval_like+kinsa+ilinet+clinical_lab+flusurv,input_mode=scheduled_final,input_normalization=b0,evaluation_seasons=recent_two",44,wk inc covid prop ed visits,2025-2026,US,1,1.0,110.0,0.0294140644777979,0.0117505788846881,0.0004901494854533,0.0171733361076561,0.0476585353778673,39.0,72.0,89.0,93.0,0.0264732630591753,0.020120540261147,0.0028287126048675,0.0035240101931606,0.0327665184741256,86.0,110.0,110.0,110.0,1.111085717391504,0.4438659057035076,0.0185148874303009,0.6487049242576832,0.7600324983048661,0.1068516789390302,0.1331158227560923,0.3545454545454545,0.6545454545454545,0.8090909090909091,0.8454545454545455,0.7818181818181819,1.0,1.0,1.0,C2,finalized
"replay_from=data/experiments/b-2-t0,replay_inputs=finalized,ed_transform=logit,epochs=300,patience=30,fit_partition=target,supplied_final=1,mask_rate=0.2,covariate_encoder=summary,covariate_set=inpatient+ww_wval_like+kinsa+ilinet+clinical_lab+flusurv,input_mode=scheduled_final,input_normalization=b0,evaluation_seasons=recent_two",44,wk inc flu hosp,2024-2025,all,52,0.2,5616.0,693244.0173913044,221819.3217391304,384441.0,86983.69565217392,1021384.0,2644.0,4116.0,4608.0,4887.0,997209.4752173912,214134.4317391304,732659.1304347826,50415.91304347826,1363610.0,2943.0,4023.0,4381.0,4604.0,0.7356114175243492,0.2229011088885232,0.3996621000296524,0.1130482086061736,0.221083968559547,0.7136002994462362,0.0653157319942169,0.4915395787944809,0.7616557734204794,0.8382352941176472,0.8821713870733481,0.5315541031227307,0.7208424110384896,0.7796659404502543,0.8137618010167033,C2,finalized
"replay_from=data/experiments/b-2-t0,replay_inputs=finalized,ed_transform=logit,epochs=300,patience=30,fit_partition=target,supplied_final=1,mask_rate=0.2,covariate_encoder=summary,covariate_set=inpatient+ww_wval_like+kinsa+ilinet+clinical_lab+flusurv,input_mode=scheduled_final,input_normalization=b0,evaluation_seasons=recent_two",44,wk inc flu hosp,2024-2025,states_dc,51,0.0,5508.0,387667.0665217392,118490.58826086955,216251.30434782608,52925.17391304348,568029.0,2581.0,4020.0,4509.0,4786.0,545536.7908695652,116470.22565217387,390693.86956521735,38372.69565217391,755891.0,2882.0,3943.0,4297.0,4519.0,0.7503779916637001,0.2214341221886847,0.4064849378541864,0.122458931620829,0.2222980022694732,0.7027232314120876,0.0749787663184392,0.4685911401597676,0.729847494553377,0.8186274509803925,0.8689179375453885,0.5232389251997096,0.7158678286129269,0.7801379811183734,0.8204429920116196,C2,finalized
"replay_from=data/experiments/b-2-t0,replay_inputs=finalized,ed_transform=logit,epochs=300,patience=30,fit_partition=target,supplied_final=1,mask_rate=0.2,covariate_encoder=summary,covariate_set=inpatient+ww_wval_like+kinsa+ilinet+clinical_lab+flusurv,input_mode=scheduled_final,input_normalization=b0,evaluation_seasons=recent_two",44,wk inc flu hosp,2024-2025,US,1,1.0,108.0,305576.9508695652,103328.73347826088,168189.6956521739,34058.52173913043,453355.0,63.0,96.0,99.0,101.0,451672.6843478261,97664.20608695652,341965.26086956525,12043.217391304348,607719.0,61.0,80.0,84.0,85.0,0.6765451209669459,0.2287690556878773,0.3723707487315164,0.0754053165475521,0.2162278337198422,0.7571085715828304,0.0266635946973274,0.5833333333333334,0.8888888888888888,0.9166666666666666,0.9351851851851852,0.5648148148148148,0.7407407407407407,0.7777777777777778,0.7870370370370371,C2,finalized
"replay_from=data/experiments/b-2-t0,replay_inputs=finalized,ed_transform=logit,epochs=300,patience=30,fit_partition=target,supplied_final=1,mask_rate=0.2,covariate_encoder=summary,covariate_set=inpatient+ww_wval_like+kinsa+ilinet+clinical_lab+flusurv,input_mode=scheduled_final,input_normalization=b0,evaluation_seasons=recent_two",44,wk inc flu hosp,2025-2026,all,52,0.2,5824.0,580172.7430434782,166178.61260869566,181518.13043478265,232476.0,906253.0,2345.0,3752.0,4411.0,4804.0,681987.2230434783,182493.3534782609,344539.7391304348,154954.13043478262,1021199.0,3056.0,4510.0,4990.0,5252.0,0.8924200763266764,0.2675868194729334,0.2958159659943762,0.3290172908593667,0.2795215027822053,0.5126519392462101,0.2078265579715848,0.407422969187675,0.6554971988795519,0.7757703081232493,0.8373949579831934,0.5267507002801122,0.7781162464985995,0.8568627450980393,0.8984943977591039,C2,finalized
"replay_from=data/experiments/b-2-t0,replay_inputs=finalized,ed_transform=logit,epochs=300,patience=30,fit_partition=target,supplied_final=1,mask_rate=0.2,covariate_encoder=summary,covariate_set=inpatient+ww_wval_like+kinsa+ilinet+clinical_lab+flusurv,input_mode=scheduled_final,input_normalization=b0,evaluation_seasons=recent_two",44,wk inc flu hosp,2025-2026,states_dc,51,0.0,5712.0,320074.36260869564,93023.62347826088,98697.4347826087,128353.3043478261,489455.0,2297.0,3673.0,4315.0,4704.0,369731.63260869565,98349.24130434784,189960.8260869565,81421.56521739133,551635.0,2996.0,4421.0,4894.0,5153.0,0.9072835231176593,0.2759137249753858,0.3034615404548197,0.3279082576874537,0.2820338995276027,0.5170549996731874,0.2009111007992099,0.4021358543417368,0.643032212885154,0.7554271708683475,0.8235294117647062,0.5245098039215685,0.7739845938375353,0.8567927170868349,0.9021358543417368,C2,finalized
"replay_from=data/experiments/b-2-t0,replay_inputs=finalized,ed_transform=logit,epochs=300,patience=30,fit_partition=target,supplied_final=1,mask_rate=0.2,covariate_encoder=summary,covariate_set=inpatient+ww_wval_like+kinsa+ilinet+clinical_lab+flusurv,input_mode=scheduled_final,input_normalization=b0,evaluation_seasons=recent_two",44,wk inc flu hosp,2025-2026,US,1,1.0,112.0,260098.3804347826,73154.98913043478,82820.69565217392,104122.69565217392,416798.0,48.0,79.0,96.0,100.0,312255.5904347826,84144.11217391305,154578.91304347827,73532.5652173913,469564.0,60.0,89.0,96.0,99.0,0.8329662891627443,0.2342791974631239,0.2652336681526019,0.3334534235470185,0.2694719158006149,0.4950396975383006,0.2354883866610844,0.4285714285714285,0.7053571428571429,0.8571428571428571,0.8928571428571429,0.5357142857142857,0.7946428571428571,0.8571428571428571,0.8839285714285714,C2,finalized
"replay_from=data/experiments/b-2-t0,replay_inputs=finalized,ed_transform=logit,epochs=300,patience=30,fit_partition=target,supplied_final=1,mask_rate=0.2,covariate_encoder=summary,covariate_set=inpatient+ww_wval_like+kinsa+ilinet+clinical_lab+flusurv,input_mode=scheduled_final,input_normalization=b0,evaluation_seasons=recent_two",44,wk inc flu prop ed visits,2025-2026,all,52,0.2,5768.0,39.95559764577015,11.015610861256327,9.027181482893027,19.91280530162076,60.10721035400033,2080.0,3508.0,4165.0,4602.0,37.45877191682501,10.32540181251476,18.66849846028443,8.464871644025802,55.69990942461097,3125.0,4505.0,4944.0,5205.0,1.0644938314235792,0.3082228455601504,0.2354059407185595,0.5208650451448689,0.2959240659437712,0.4861518031545084,0.2179241309017199,0.3970938375350141,0.6473389355742298,0.7533613445378151,0.8181372549019608,0.563200280112045,0.7810574229691877,0.8550420168067228,0.8988795518207284,C2,finalized
"replay_from=data/experiments/b-2-t0,replay_inputs=finalized,ed_transform=logit,epochs=300,patience=30,fit_partition=target,supplied_final=1,mask_rate=0.2,covariate_encoder=summary,covariate_set=inpatient+ww_wval_like+kinsa+ilinet+clinical_lab+flusurv,input_mode=scheduled_final,input_normalization=b0,evaluation_seasons=recent_two",44,wk inc flu prop ed visits,2025-2026,states_dc,51,0.0,5656.0,39.39147926832753,10.843672048808548,8.897809609891654,19.64999760962729,59.26760981449532,2017.0,3416.0,4065.0,4500.0,36.85597054744329,10.13762192450928,18.3753233456567,8.343025277277297,54.80314218169003,3050.0,4416.0,4848.0,5105.0,1.096660298595617,0.3139703196181562,0.2406029886438231,0.5420869903336373,0.2920270708891611,0.4861011471818258,0.2218717819290127,0.3557422969187676,0.6038165266106443,0.7184873949579833,0.7949929971988797,0.5365896358543416,0.7776610644257703,0.8545168067226891,0.9003851540616249,C2,finalized
"replay_from=data/experiments/b-2-t0,replay_inputs=finalized,ed_transform=logit,epochs=300,patience=30,fit_partition=target,supplied_final=1,mask_rate=0.2,covariate_encoder=summary,covariate_set=inpatient+ww_wval_like+kinsa+ilinet+clinical_lab+flusurv,input_mode=scheduled_final,input_normalization=b0,evaluation_seasons=recent_two",44,wk inc flu prop ed visits,2025-2026,US,1,1.0,112.0,0.5641183774426175,0.1719388124477806,0.1293718730013735,0.262807691993463,0.8396005395050159,63.0,92.0,100.0,102.0,0.6028013693817165,0.1877798880054818,0.29317511462773,0.1218463667485042,0.8967672429209468,75.0,89.0,96.0,100.0,0.9358279627354272,0.2852329493281268,0.2146177490175049,0.4359772643897948,0.3115120461622118,0.4863544270452387,0.2021335267925486,0.5625,0.8214285714285714,0.8928571428571429,0.9107142857142856,0.6696428571428571,0.7946428571428571,0.8571428571428571,0.8928571428571429,C2,finalized
"replay_from=data/experiments/b-2-t0,replay_inputs=finalized,ed_transform=logit,epochs=300,patience=30,fit_partition=target,supplied_final=1,mask_rate=0.2,covariate_encoder=summary,covariate_set=inpatient+ww_wval_like+kinsa+ilinet+clinical_lab+flusurv,input_mode=scheduled_final,input_normalization=b0,evaluation_seasons=recent_two",44,wk inc rsv hosp,2025-2026,all,52,0.2,6032.0,119474.0895652174,54913.08956521739,53915.69565217392,10645.304347826088,185805.0,3010.0,4536.0,5026.0,5260.0,174064.93092191094,53052.087440608055,105063.50795633462,15949.335524968266,270304.41698893777,2589.0,4305.0,4948.0,5364.0,0.7904343624582466,0.3162959385232601,0.3643245033776151,0.1098139205573715,0.3067406302504329,0.5745971360277672,0.1186622337218002,0.524611223799865,0.7849898580121706,0.8607843137254902,0.8956051386071674,0.4406693711967547,0.7187964841108859,0.8279918864097365,0.8953684922244761,C2,finalized
"replay_from=data/experiments/b-2-t0,replay_inputs=finalized,ed_transform=logit,epochs=300,patience=30,fit_partition=target,supplied_final=1,mask_rate=0.2,covariate_encoder=summary,covariate_set=inpatient+ww_wval_like+kinsa+ilinet+clinical_lab+flusurv,input_mode=scheduled_final,input_normalization=b0,evaluation_seasons=recent_two",44,wk inc rsv hosp,2025-2026,states_dc,51,0.0,5916.0,67695.46434782608,29661.290434782608,29398.95652173913,8635.217391304348,103456.0,2936.0,4428.0,4912.0,5144.0,94740.19007535864,28170.04025877443,55907.86834298157,10662.281473602628,146919.94591427944,2532.0,4219.0,4848.0,5257.0,0.8248573420490259,0.3157863062996486,0.3781386288234276,0.1309324069259496,0.3050074818838542,0.5633274152930453,0.1316651028231006,0.4962812711291414,0.7484787018255579,0.8302907369844492,0.8695064232589589,0.4279918864097364,0.7131507775524004,0.8194726166328601,0.8886071670047331,C2,finalized
"replay_from=data/experiments/b-2-t0,replay_inputs=finalized,ed_transform=logit,epochs=300,patience=30,fit_partition=target,supplied_final=1,mask_rate=0.2,covariate_encoder=summary,covariate_set=inpatient+ww_wval_like+kinsa+ilinet+clinical_lab+flusurv,input_mode=scheduled_final,input_normalization=b0,evaluation_seasons=recent_two",44,wk inc rsv hosp,2025-2026,US,1,1.0,116.0,51778.62521739131,25251.79913043478,24516.739130434784,2010.086956521739,82349.0,74.0,108.0,114.0,116.0,79324.7408465523,24882.04718183363,49155.63961335304,5287.05405136564,123384.47107465832,57.0,86.0,100.0,107.0,0.6527424440951296,0.318334467417706,0.3090680015943646,0.0253399750830588,0.3136732237167476,0.6196760189666538,0.0666507573165986,0.6379310344827587,0.9310344827586208,0.9827586206896552,1.0,0.4913793103448275,0.7413793103448276,0.8620689655172413,0.9224137931034484,C2,finalized
"replay_from=data/experiments/b-2-t0,replay_inputs=finalized,ed_transform=logit,epochs=300,patience=30,fit_partition=target,supplied_final=1,mask_rate=0.2,covariate_encoder=summary,covariate_set=inpatient+ww_wval_like+kinsa+ilinet+clinical_lab+flusurv,input_mode=scheduled_final,input_normalization=b0,evaluation_seasons=recent_two",44,wk inc rsv prop ed visits,2025-2026,all,51,0.2,5586.0,3.2138526626999337,1.137400339725789,1.811072401175345,0.26537992179878,4.9492903224041305,2579.0,4249.0,4794.0,5067.0,4.530466181091006,1.2624880197885668,3.0078391482014357,0.2601390131009845,6.751646223879154,2706.0,4144.0,4680.0,5001.0,0.7699517074475449,0.283058115180724,0.4276804586138045,0.0592131336530105,0.3535959682986677,0.5860545127207138,0.060349518980613,0.453668969107772,0.7581424554760213,0.8608757882819623,0.9136559160904704,0.5147666229916434,0.7725612543865138,0.86154240300846,0.908627902093687,C2,finalized
"replay_from=data/experiments/b-2-t0,replay_inputs=finalized,ed_transform=logit,epochs=300,patience=30,fit_partition=target,supplied_final=1,mask_rate=0.2,covariate_encoder=summary,covariate_set=inpatient+ww_wval_like+kinsa+ilinet+clinical_lab+flusurv,input_mode=scheduled_final,input_normalization=b0,evaluation_seasons=recent_two",44,wk inc rsv prop ed visits,2025-2026,states_dc,50,0.0,5475.0,3.1711403290650533,1.122533854433098,1.7860133241602774,0.2625931504716586,4.878948481477527,2531.0,4164.0,4695.0,4960.0,4.481922043258964,1.2402717937371133,2.9831665637207228,0.2584836858011096,6.672332609887618,2633.0,4042.0,4572.0,4893.0,0.7424731484349595,0.2772609520980521,0.4055475190047104,0.0596646773321916,0.3275824533044074,0.6055055048001255,0.0669120418954619,0.458978103276607,0.7562366279035854,0.85312176237948,0.9010789041220972,0.47904386432514,0.7359718382534125,0.8336847605173314,0.8925416343738655,C2,finalized
"replay_from=data/experiments/b-2-t0,replay_inputs=finalized,ed_transform=logit,epochs=300,patience=30,fit_partition=target,supplied_final=1,mask_rate=0.2,covariate_encoder=summary,covariate_set=inpatient+ww_wval_like+kinsa+ilinet+clinical_lab+flusurv,input_mode=scheduled_final,input_normalization=b0,evaluation_seasons=recent_two",44,wk inc rsv prop ed visits,2025-2026,US,1,1.0,111.0,0.0427123336348803,0.0148664852926909,0.0250590770150675,0.0027867713271214,0.0703418409266042,48.0,85.0,99.0,107.0,0.0485441378320411,0.0222162260514535,0.0246725844807123,0.0016553272998748,0.0793136139915364,73.0,102.0,108.0,108.0,0.8798659434978867,0.3062467675114114,0.516212217050181,0.0574069589362861,0.4576500282757085,0.5082505444030668,0.0340994273212172,0.4324324324324324,0.7657657657657657,0.8918918918918919,0.963963963963964,0.6576576576576577,0.918918918918919,0.972972972972973,0.972972972972973,C2,finalized
"replay_from=data/experiments/b-2-t0,replay_inputs=finalized,ed_transform=logit,spatial=distance,epochs=300,patience=30,fit_partition=pathogen,supplied_final=1,mask_rate=0.2,covariate_encoder=summary,input_mode=scheduled_final,input_normalization=b0,evaluation_seasons=recent_two",42,wk inc covid hosp,2024-2025,all,52,0.2,6968.0,206090.72521739133,66221.33391304348,110620.26086956522,29249.130434782608,315590.0,3460.0,5288.0,5973.0,6343.0,294095.7264372725,135467.5071866996,122015.56154699084,36612.65770358205,459783.4153206482,3786.0,5746.0,6312.0,6600.0,0.7454335717046038,0.2551270736990151,0.3804703610149407,0.109836136990648,0.4380785185746119,0.407628405592174,0.1542930758332142,0.4380450687737782,0.6946736903716711,0.8037459760023414,0.8649400058530877,0.5601112086625696,0.8459467369037169,0.9204565408252854,0.9555458004097164,C1,finalized
"replay_from=data/experiments/b-2-t0,replay_inputs=finalized,ed_transform=logit,spatial=distance,epochs=300,patience=30,fit_partition=pathogen,supplied_final=1,mask_rate=0.2,covariate_encoder=summary,input_mode=scheduled_final,input_normalization=b0,evaluation_seasons=recent_two",42,wk inc covid hosp,2024-2025,states_dc,51,0.0,6834.0,127769.47347826089,49652.47347826087,62062.47826086956,16054.521739130434,196941.0,3436.0,5233.0,5897.0,6254.0,177711.5257127561,72412.19438985428,79788.8120383263,25510.51928457551,270242.3766800353,3701.0,5620.0,6180.0,6467.0,0.7635533823069427,0.283317970829302,0.3712830234811988,0.1089523879964418,0.4121516864040481,0.4188300047704274,0.1690183088255245,0.5027802165642377,0.7657301726660815,0.8628914252268073,0.9151302311969566,0.5415569212759731,0.8223587942639744,0.9043020193151888,0.9462979221539364,C1,finalized
"replay_from=data/experiments/b-2-t0,replay_inputs=finalized,ed_transform=logit,spatial=distance,epochs=300,patience=30,fit_partition=pathogen,supplied_final=1,mask_rate=0.2,covariate_encoder=summary,input_mode=scheduled_final,input_normalization=b0,evaluation_seasons=recent_two",42,wk inc covid hosp,2024-2025,US,1,1.0,134.0,78321.25173913044,16568.86043478261,48557.782608695656,13194.608695652174,118649.0,24.0,55.0,76.0,89.0,116384.20072451644,63055.31279684533,42226.74950866455,11102.138419006547,189541.03864061285,85.0,126.0,132.0,133.0,0.6729543292952477,0.1423634851778671,0.4172197111499079,0.1133711329674726,0.5417858472568663,0.3628220088791609,0.0953921438639727,0.1791044776119403,0.4104477611940298,0.5671641791044776,0.664179104477612,0.6343283582089553,0.9402985074626866,0.9850746268656716,0.9925373134328358,C1,finalized
"replay_from=data/experiments/b-2-t0,replay_inputs=finalized,ed_transform=logit,spatial=distance,epochs=300,patience=30,fit_partition=pathogen,supplied_final=1,mask_rate=0.2,covariate_encoder=summary,input_mode=scheduled_final,input_normalization=b0,evaluation_seasons=recent_two",42,wk inc covid hosp,2025-2026,all,52,0.2,9048.0,226891.57739130437,57619.88173913043,21818.000000000004,147453.6956521739,318395.0,3887.0,6109.0,6934.0,7473.0,251503.70978939495,102039.96804152089,70756.4623304223,78707.27941745178,396424.6389596296,4576.0,7150.0,7993.0,8484.0,0.9615095186386836,0.2729147632507117,0.1482697733300915,0.5403249820578803,0.4039583179592176,0.3059835764748293,0.2900581055659533,0.4107955826008565,0.6513635339193149,0.7469235970250171,0.8039891818796485,0.5195176921343251,0.7918187964841109,0.8741717376605818,0.9417399143565476,C1,finalized
"replay_from=data/experiments/b-2-t0,replay_inputs=finalized,ed_transform=logit,spatial=distance,epochs=300,patience=30,fit_partition=pathogen,supplied_final=1,mask_rate=0.2,covariate_encoder=summary,input_mode=scheduled_final,input_normalization=b0,evaluation_seasons=recent_two",42,wk inc covid hosp,2025-2026,states_dc,51,0.0,8874.0,131975.2260869565,42926.921739130434,17606.13043478261,71442.17391304347,194137.0,3830.0,6014.0,6819.0,7350.0,137533.1523161514,55676.68777243521,42712.03193647525,39144.43260724092,215812.05818140364,4475.0,7011.0,7848.0,8317.0,0.9936832327888848,0.308913726654516,0.1760982744774666,0.5086712316569023,0.4032477713441501,0.3209626389317038,0.2757895897241462,0.4315979265269327,0.6777101645255804,0.7684246112237999,0.8282623394185261,0.5042821726391706,0.7900608519269777,0.8843813387423937,0.937232364210052,C1,finalized
"replay_from=data/experiments/b-2-t0,replay_inputs=finalized,ed_transform=logit,spatial=distance,epochs=300,patience=30,fit_partition=pathogen,supplied_final=1,mask_rate=0.2,covariate_encoder=summary,input_mode=scheduled_final,input_normalization=b0,evaluation_seasons=recent_two",42,wk inc covid hosp,2025-2026,US,1,1.0,174.0,94916.35130434785,14692.96,4211.869565217391,76011.52173913043,124258.0,57.0,95.0,115.0,123.0,113970.5574732436,46363.28026908566,28044.430393947056,39562.84681021086,180612.58077822597,101.0,139.0,145.0,167.0,0.8328146620378772,0.1289189096354943,0.0369557687405907,0.6669399836617922,0.4068005044194873,0.2460673266473311,0.3471321689331814,0.3275862068965517,0.5459770114942529,0.6609195402298851,0.7068965517241379,0.5804597701149425,0.7988505747126436,0.8333333333333334,0.9597701149425288,C1,finalized
"replay_from=data/experiments/b-2-t0,replay_inputs=finalized,ed_transform=logit,spatial=distance,epochs=300,patience=30,fit_partition=pathogen,supplied_final=1,mask_rate=0.2,covariate_encoder=summary,input_mode=scheduled_final,input_normalization=b0,evaluation_seasons=recent_two",42,wk inc covid prop ed visits,2025-2026,all,52,0.2,5586.0,2.8691407431267417,0.7915094027737478,0.4463269226241059,1.6313044177288676,4.262762804354496,1426.0,2540.0,3112.0,3554.0,2.497840451560441,1.156219767170679,0.6581087464717353,0.683511937918007,3.786811202370366,2935.0,4515.0,4987.0,5231.0,1.314356370589861,0.3084623153013056,0.1254368096211691,0.8804572456673753,0.5391906708735537,0.2297971920394451,0.2310121370869917,0.2203099041161325,0.3982216629967495,0.496086120722799,0.5705153029720506,0.5674912912283155,0.8383349061549755,0.9090629478172731,0.9467491524238932,C1,finalized
"replay_from=data/experiments/b-2-t0,replay_inputs=finalized,ed_transform=logit,spatial=distance,epochs=300,patience=30,fit_partition=pathogen,supplied_final=1,mask_rate=0.2,covariate_encoder=summary,input_mode=scheduled_final,input_normalization=b0,evaluation_seasons=recent_two",42,wk inc covid prop ed visits,2025-2026,states_dc,51,0.0,5476.0,2.821590890599904,0.7863726712749379,0.44594190759186,1.589276311733086,4.200808235992074,1419.0,2524.0,3088.0,3524.0,2.4713671885012656,1.136099226909532,0.6552800338668678,0.6799879277248464,3.754044683896241,2849.0,4405.0,4877.0,5121.0,1.1939088973581016,0.3370692206082994,0.1531601263463949,0.7036795504033978,0.4839802140157255,0.2605335703145489,0.2554862156697166,0.2594782892360748,0.4614134423823006,0.5655621963580442,0.644962310533245,0.5139095685808489,0.7979186326937193,0.8863286847715913,0.9334364405298664,C1,finalized
"replay_from=data/experiments/b-2-t0,replay_inputs=finalized,ed_transform=logit,spatial=distance,epochs=300,patience=30,fit_partition=pathogen,supplied_final=1,mask_rate=0.2,covariate_encoder=summary,input_mode=scheduled_final,input_normalization=b0,evaluation_seasons=recent_two",42,wk inc covid prop ed visits,2025-2026,US,1,1.0,110.0,0.0475498525268378,0.0051367314988099,0.0003850150322459,0.0420281059957815,0.0619545683624221,7.0,16.0,24.0,30.0,0.0264732630591753,0.020120540261147,0.0028287126048675,0.0035240101931606,0.0327665184741256,86.0,110.0,110.0,110.0,1.796146263516901,0.1940346940733305,0.0145435427202663,1.5875680267232843,0.7600324983048661,0.1068516789390302,0.1331158227560923,0.0636363636363636,0.1454545454545454,0.2181818181818181,0.2727272727272727,0.7818181818181819,1.0,1.0,1.0,C1,finalized
"replay_from=data/experiments/b-2-t0,replay_inputs=finalized,ed_transform=logit,spatial=distance,epochs=300,patience=30,fit_partition=pathogen,supplied_final=1,mask_rate=0.2,covariate_encoder=summary,input_mode=scheduled_final,input_normalization=b0,evaluation_seasons=recent_two",42,wk inc flu hosp,2024-2025,all,52,0.2,5616.0,692992.6943478261,192055.0856521739,334988.0,165949.60869565216,1020673.0,2508.0,3907.0,4477.0,4748.0,997209.4752173912,214134.4317391304,732659.1304347826,50415.91304347826,1363610.0,2943.0,4023.0,4381.0,4604.0,0.7612641430021136,0.2051828547033805,0.3381912240563225,0.2178900642424107,0.221083968559547,0.7136002994462362,0.0653157319942169,0.4581336238198984,0.7074074074074075,0.7953159041394338,0.8415032679738563,0.5315541031227307,0.7208424110384896,0.7796659404502543,0.8137618010167033,C1,finalized
"replay_from=data/experiments/b-2-t0,replay_inputs=finalized,ed_transform=logit,spatial=distance,epochs=300,patience=30,fit_partition=pathogen,supplied_final=1,mask_rate=0.2,covariate_encoder=summary,input_mode=scheduled_final,input_normalization=b0,evaluation_seasons=recent_two",42,wk inc flu hosp,2024-2025,states_dc,51,0.0,5508.0,416607.1556521739,113856.72086956522,193948.7391304348,108801.6956521739,619914.0,2453.0,3825.0,4392.0,4659.0,545536.7908695652,116470.22565217387,390693.86956521735,38372.69565217391,755891.0,2882.0,3943.0,4297.0,4519.0,0.7986012914557892,0.2131959173066242,0.3446740586004031,0.2407313155487618,0.2222980022694732,0.7027232314120876,0.0749787663184392,0.4453522149600582,0.6944444444444444,0.7973856209150328,0.8458605664488018,0.5232389251997096,0.7158678286129269,0.7801379811183734,0.8204429920116196,C1,finalized
"replay_from=data/experiments/b-2-t0,replay_inputs=finalized,ed_transform=logit,spatial=distance,epochs=300,patience=30,fit_partition=pathogen,supplied_final=1,mask_rate=0.2,covariate_encoder=summary,input_mode=scheduled_final,input_normalization=b0,evaluation_seasons=recent_two",42,wk inc flu hosp,2024-2025,US,1,1.0,108.0,276385.5386956521,78198.3647826087,141039.26086956522,57147.91304347826,400759.0,55.0,82.0,85.0,89.0,451672.6843478261,97664.20608695652,341965.26086956525,12043.217391304348,607719.0,61.0,80.0,84.0,85.0,0.611915549187411,0.1731306042904054,0.3122598858799995,0.1265250590170061,0.2162278337198422,0.7571085715828304,0.0266635946973274,0.5092592592592593,0.7592592592592593,0.7870370370370371,0.8240740740740741,0.5648148148148148,0.7407407407407407,0.7777777777777778,0.7870370370370371,C1,finalized
"replay_from=data/experiments/b-2-t0,replay_inputs=finalized,ed_transform=logit,spatial=distance,epochs=300,patience=30,fit_partition=pathogen,supplied_final=1,mask_rate=0.2,covariate_encoder=summary,input_mode=scheduled_final,input_normalization=b0,evaluation_seasons=recent_two",42,wk inc flu hosp,2025-2026,all,52,0.2,5824.0,637025.362173913,151152.5360869565,374922.04347826086,110950.78260869563,950309.0,2379.0,3926.0,4580.0,4951.0,681987.2230434783,182493.3534782609,344539.7391304348,154954.13043478262,1021199.0,3056.0,4510.0,4990.0,5252.0,0.9214396955229356,0.2340961812910936,0.5468124493442914,0.1405310648875504,0.2795215027822053,0.5126519392462101,0.2078265579715848,0.4171218487394958,0.6864495798319329,0.7928571428571429,0.8563375350140057,0.5267507002801122,0.7781162464985995,0.8568627450980393,0.8984943977591039,C1,finalized
"replay_from=data/experiments/b-2-t0,replay_inputs=finalized,ed_transform=logit,spatial=distance,epochs=300,patience=30,fit_partition=pathogen,supplied_final=1,mask_rate=0.2,covariate_encoder=summary,input_mode=scheduled_final,input_normalization=b0,evaluation_seasons=recent_two",42,wk inc flu hosp,2025-2026,states_dc,51,0.0,5712.0,333258.5956521739,86872.76956521739,193469.69565217395,52916.1304347826,504166.0,2328.0,3843.0,4488.0,4852.0,369731.63260869565,98349.24130434784,189960.8260869565,81421.56521739133,551635.0,2996.0,4421.0,4894.0,5153.0,0.9085959940508164,0.2411561628062051,0.5382400619099407,0.1291997693346704,0.2820338995276027,0.5170549996731874,0.2009111007992099,0.4075630252100841,0.6727941176470589,0.7857142857142858,0.8494397759103643,0.5245098039215685,0.7739845938375353,0.8567927170868349,0.9021358543417368,C1,finalized
"replay_from=data/experiments/b-2-t0,replay_inputs=finalized,ed_transform=logit,spatial=distance,epochs=300,patience=30,fit_partition=pathogen,supplied_final=1,mask_rate=0.2,covariate_encoder=summary,input_mode=scheduled_final,input_normalization=b0,evaluation_seasons=recent_two",42,wk inc flu hosp,2025-2026,US,1,1.0,112.0,303766.76652173913,64279.76652173913,181452.34782608692,58034.65217391304,446143.0,51.0,83.0,92.0,99.0,312255.5904347826,84144.11217391305,154578.91304347827,73532.5652173913,469564.0,60.0,89.0,96.0,99.0,0.972814501411412,0.2058562552306474,0.5811019990816942,0.1858562470990702,0.2694719158006149,0.4950396975383006,0.2354883866610844,0.4553571428571428,0.7410714285714286,0.8214285714285714,0.8839285714285714,0.5357142857142857,0.7946428571428571,0.8571428571428571,0.8839285714285714,C1,finalized
"replay_from=data/experiments/b-2-t0,replay_inputs=finalized,ed_transform=logit,spatial=distance,epochs=300,patience=30,fit_partition=pathogen,supplied_final=1,mask_rate=0.2,covariate_encoder=summary,input_mode=scheduled_final,input_normalization=b0,evaluation_seasons=recent_two",42,wk inc flu prop ed visits,2025-2026,all,52,0.2,5768.0,34.4024898239724,9.291044191017088,15.789597368697931,9.32184826425736,52.63409569790328,2113.0,3687.0,4324.0,4731.0,37.45877191682501,10.32540181251476,18.66849846028443,8.464871644025802,55.69990942461097,3125.0,4505.0,4944.0,5205.0,0.9451437674576316,0.2516750695357344,0.4308755554694317,0.262593142452465,0.2959240659437712,0.4861518031545084,0.2179241309017199,0.3627801120448179,0.6253501400560225,0.7403711484593839,0.8080882352941179,0.563200280112045,0.7810574229691877,0.8550420168067228,0.8988795518207284,C1,finalized
"replay_from=data/experiments/b-2-t0,replay_inputs=finalized,ed_transform=logit,spatial=distance,epochs=300,patience=30,fit_partition=pathogen,supplied_final=1,mask_rate=0.2,covariate_encoder=summary,input_mode=scheduled_final,input_normalization=b0,evaluation_seasons=recent_two",42,wk inc flu prop ed visits,2025-2026,states_dc,51,0.0,5656.0,33.787088325024214,9.166851958521972,15.518236268038066,9.102000098464158,51.72873699019664,2074.0,3623.0,4245.0,4646.0,36.85597054744329,10.13762192450928,18.3753233456567,8.343025277277297,54.80314218169003,3050.0,4416.0,4848.0,5105.0,0.9262040536556494,0.2630875535885197,0.4260527703944269,0.2370637296727022,0.2920270708891611,0.4861011471818258,0.2218717819290127,0.3664215686274511,0.6388305322128853,0.7491246498599442,0.8203781512605045,0.5365896358543416,0.7776610644257703,0.8545168067226891,0.9003851540616249,C1,finalized
"replay_from=data/experiments/b-2-t0,replay_inputs=finalized,ed_transform=logit,spatial=distance,epochs=300,patience=30,fit_partition=pathogen,supplied_final=1,mask_rate=0.2,covariate_encoder=summary,input_mode=scheduled_final,input_normalization=b0,evaluation_seasons=recent_two",42,wk inc flu prop ed visits,2025-2026,US,1,1.0,112.0,0.6154014989481857,0.1241922324951154,0.2713611006598676,0.2198481657932024,0.90535870770663,39.0,64.0,79.0,85.0,0.6028013693817165,0.1877798880054818,0.29317511462773,0.1218463667485042,0.8967672429209468,75.0,89.0,96.0,100.0,1.0209026226655606,0.2060251333245932,0.450166695769451,0.3647107935715161,0.3115120461622118,0.4863544270452387,0.2021335267925486,0.3482142857142857,0.5714285714285714,0.7053571428571429,0.7589285714285714,0.6696428571428571,0.7946428571428571,0.8571428571428571,0.8928571428571429,C1,finalized
"replay_from=data/experiments/b-2-t0,replay_inputs=finalized,ed_transform=logit,spatial=distance,epochs=300,patience=30,fit_partition=pathogen,supplied_final=1,mask_rate=0.2,covariate_encoder=summary,input_mode=scheduled_final,input_normalization=b0,evaluation_seasons=recent_two",42,wk inc rsv hosp,2025-2026,all,52,0.2,6032.0,107834.46086956524,48997.50434782609,32557.82608695652,26279.13043478261,160902.0,3149.0,4614.0,5080.0,5342.0,174064.93092191094,53052.087440608055,105063.50795633462,15949.335524968266,270304.41698893777,2589.0,4305.0,4948.0,5364.0,0.7772093192917862,0.3259260939323891,0.2530416143638957,0.1982416109955013,0.3067406302504329,0.5745971360277672,0.1186622337218002,0.5243407707910751,0.7574036511156188,0.8347194050033807,0.8876267748478703,0.4406693711967547,0.7187964841108859,0.8279918864097365,0.8953684922244761,C1,finalized
"replay_from=data/experiments/b-2-t0,replay_inputs=finalized,ed_transform=logit,spatial=distance,epochs=300,patience=30,fit_partition=pathogen,supplied_final=1,mask_rate=0.2,covariate_encoder=summary,input_mode=scheduled_final,input_normalization=b0,evaluation_seasons=recent_two",42,wk inc rsv hosp,2025-2026,states_dc,51,0.0,5916.0,68842.19304347827,32951.36695652174,18129.78260869565,17761.04347826087,102983.0,3087.0,4530.0,4987.0,5238.0,94740.19007535864,28170.04025877443,55907.86834298157,10662.281473602628,146919.94591427944,2532.0,4219.0,4848.0,5257.0,0.8486235456997006,0.3568365811282568,0.2708305694374051,0.2209563951340387,0.3050074818838542,0.5633274152930453,0.1316651028231006,0.5218052738336715,0.7657200811359027,0.8429682217714674,0.8853955375253552,0.4279918864097364,0.7131507775524004,0.8194726166328601,0.8886071670047331,C1,finalized
"replay_from=data/experiments/b-2-t0,replay_inputs=finalized,ed_transform=logit,spatial=distance,epochs=300,patience=30,fit_partition=pathogen,supplied_final=1,mask_rate=0.2,covariate_encoder=summary,input_mode=scheduled_final,input_normalization=b0,evaluation_seasons=recent_two",42,wk inc rsv hosp,2025-2026,US,1,1.0,116.0,38992.26782608696,16046.137391304348,14428.043478260868,8518.08695652174,57919.0,62.0,84.0,93.0,104.0,79324.7408465523,24882.04718183363,49155.63961335304,5287.05405136564,123384.47107465832,57.0,86.0,100.0,107.0,0.4915524136601283,0.2022841451489187,0.181885794069858,0.1073824744413515,0.3136732237167476,0.6196760189666538,0.0666507573165986,0.5344827586206896,0.7241379310344828,0.8017241379310345,0.896551724137931,0.4913793103448275,0.7413793103448276,0.8620689655172413,0.9224137931034484,C1,finalized
"replay_from=data/experiments/b-2-t0,replay_inputs=finalized,ed_transform=logit,spatial=distance,epochs=300,patience=30,fit_partition=pathogen,supplied_final=1,mask_rate=0.2,covariate_encoder=summary,input_mode=scheduled_final,input_normalization=b0,evaluation_seasons=recent_two",42,wk inc rsv prop ed visits,2025-2026,all,51,0.2,5586.0,3.1369071661776884,1.20994810047359,1.5063136235815644,0.4206454421225148,4.7711875438826725,2947.0,4387.0,4822.0,5068.0,4.530466181091006,1.2624880197885668,3.0078391482014357,0.2601390131009845,6.751646223879154,2706.0,4144.0,4680.0,5001.0,0.7326593267869035,0.2887354904032144,0.3378119605661929,0.1061118758174898,0.3535959682986677,0.5860545127207138,0.060349518980613,0.4909259760696459,0.762829702116205,0.8477274045681298,0.8906304741175877,0.5147666229916434,0.7725612543865138,0.86154240300846,0.908627902093687,C1,finalized
"replay_from=data/experiments/b-2-t0,replay_inputs=finalized,ed_transform=logit,spatial=distance,epochs=300,patience=30,fit_partition=pathogen,supplied_final=1,mask_rate=0.2,covariate_encoder=summary,input_mode=scheduled_final,input_normalization=b0,evaluation_seasons=recent_two",42,wk inc rsv prop ed visits,2025-2026,states_dc,50,0.0,5475.0,3.099521621817868,1.1985350039055709,1.487311796437629,0.4136748214746497,4.713440147001028,2909.0,4311.0,4733.0,4975.0,4.481922043258964,1.2402717937371133,2.9831665637207228,0.2584836858011096,6.672332609887618,2633.0,4042.0,4572.0,4893.0,0.7232903839155689,0.3021424587385241,0.3244064450644844,0.0967414801125552,0.3275824533044074,0.6055055048001255,0.0669120418954619,0.5280718845014718,0.782365956474085,0.859208805259712,0.9038286331875254,0.47904386432514,0.7359718382534125,0.8336847605173314,0.8925416343738655,C1,finalized
"replay_from=data/experiments/b-2-t0,replay_inputs=finalized,ed_transform=logit,spatial=distance,epochs=300,patience=30,fit_partition=pathogen,supplied_final=1,mask_rate=0.2,covariate_encoder=summary,input_mode=scheduled_final,input_normalization=b0,evaluation_seasons=recent_two",42,wk inc rsv prop ed visits,2025-2026,US,1,1.0,111.0,0.0373855443598202,0.0114130965680193,0.0190018271439353,0.0069706206478651,0.0577473968816453,38.0,76.0,89.0,93.0,0.0485441378320411,0.0222162260514535,0.0246725844807123,0.0016553272998748,0.0793136139915364,73.0,102.0,108.0,108.0,0.7701350982722414,0.235107617061976,0.3914340225730268,0.1435934586372282,0.4576500282757085,0.5082505444030668,0.0340994273212172,0.3423423423423423,0.6846846846846847,0.8018018018018018,0.8378378378378378,0.6576576576576577,0.918918918918919,0.972972972972973,0.972972972972973,C1,finalized
"replay_from=data/experiments/b-2-t0,replay_inputs=finalized,ed_transform=logit,spatial=distance,epochs=300,patience=30,fit_partition=pathogen,supplied_final=1,mask_rate=0.2,covariate_encoder=summary,input_mode=scheduled_final,input_normalization=b0,evaluation_seasons=recent_two",43,wk inc covid hosp,2024-2025,all,52,0.2,6968.0,235606.9626086956,86349.96260869566,135389.21739130435,13867.782608695654,372979.0,3224.0,5193.0,5916.0,6280.0,294095.7264372725,135467.5071866996,122015.56154699084,36612.65770358205,459783.4153206482,3786.0,5746.0,6312.0,6600.0,0.839529409929117,0.3029599836890836,0.4645035253591072,0.0720659008809258,0.4380785185746119,0.407628405592174,0.1542930758332142,0.4338015803336261,0.7041849575651157,0.8273339186420838,0.8850746268656717,0.5601112086625696,0.8459467369037169,0.9204565408252854,0.9555458004097164,C1,finalized
"replay_from=data/experiments/b-2-t0,replay_inputs=finalized,ed_transform=logit,spatial=distance,epochs=300,patience=30,fit_partition=pathogen,supplied_final=1,mask_rate=0.2,covariate_encoder=summary,input_mode=scheduled_final,input_normalization=b0,evaluation_seasons=recent_two",43,wk inc covid hosp,2024-2025,states_dc,51,0.0,6834.0,146693.06999999998,60311.37434782609,75482.04347826086,10899.652173913046,235417.0,3183.0,5123.0,5818.0,6171.0,177711.5257127561,72412.19438985428,79788.8120383263,25510.51928457551,270242.3766800353,3701.0,5620.0,6180.0,6467.0,0.8584195743498124,0.3227675847957914,0.4519453294355858,0.083706660118435,0.4121516864040481,0.4188300047704274,0.1690183088255245,0.4657594381035997,0.7496341820310215,0.8513315774070824,0.9029850746268658,0.5415569212759731,0.8223587942639744,0.9043020193151888,0.9462979221539364,C1,finalized
"replay_from=data/experiments/b-2-t0,replay_inputs=finalized,ed_transform=logit,spatial=distance,epochs=300,patience=30,fit_partition=pathogen,supplied_final=1,mask_rate=0.2,covariate_encoder=summary,input_mode=scheduled_final,input_normalization=b0,evaluation_seasons=recent_two",43,wk inc covid hosp,2024-2025,US,1,1.0,134.0,88913.89260869565,26038.588260869565,59907.17391304349,2968.1304347826085,137562.0,41.0,70.0,98.0,109.0,116384.20072451644,63055.31279684533,42226.74950866455,11102.138419006547,189541.03864061285,85.0,126.0,132.0,133.0,0.7639687522463335,0.2237295792622521,0.5147363090531926,0.0255028639308889,0.5417858472568663,0.3628220088791609,0.0953921438639727,0.3059701492537313,0.5223880597014925,0.7313432835820896,0.8134328358208955,0.6343283582089553,0.9402985074626866,0.9850746268656716,0.9925373134328358,C1,finalized
"replay_from=data/experiments/b-2-t0,replay_inputs=finalized,ed_transform=logit,spatial=distance,epochs=300,patience=30,fit_partition=pathogen,supplied_final=1,mask_rate=0.2,covariate_encoder=summary,input_mode=scheduled_final,input_normalization=b0,evaluation_seasons=recent_two",43,wk inc covid hosp,2025-2026,all,52,0.2,9048.0,237208.6143478261,61070.83173913043,34941.913043478264,141195.8695652174,330445.0,4120.0,6345.0,7108.0,7539.0,251503.70978939495,102039.96804152089,70756.4623304223,78707.27941745178,396424.6389596296,4576.0,7150.0,7993.0,8484.0,0.9854058758821008,0.2987192878170879,0.17729322358986,0.509393364475153,0.4039583179592176,0.3059835764748293,0.2900581055659533,0.4254451205769665,0.6694613477574939,0.7541356772594097,0.8025242280820376,0.5195176921343251,0.7918187964841109,0.8741717376605818,0.9417399143565476,C1,finalized
"replay_from=data/experiments/b-2-t0,replay_inputs=finalized,ed_transform=logit,spatial=distance,epochs=300,patience=30,fit_partition=pathogen,supplied_final=1,mask_rate=0.2,covariate_encoder=summary,input_mode=scheduled_final,input_normalization=b0,evaluation_seasons=recent_two",43,wk inc covid hosp,2025-2026,states_dc,51,0.0,8874.0,132929.6352173913,47603.72217391304,20687.26086956522,64638.65217391304,197880.0,4069.0,6253.0,7001.0,7423.0,137533.1523161514,55676.68777243521,42712.03193647525,39144.43260724092,215812.05818140364,4475.0,7011.0,7848.0,8317.0,1.0030162966329663,0.3438583453323093,0.1903482517629234,0.4688096995377336,0.4032477713441501,0.3209626389317038,0.2757895897241462,0.4585305386522426,0.7046427766508904,0.7889339643903539,0.8364886184358802,0.5042821726391706,0.7900608519269777,0.8843813387423937,0.937232364210052,C1,finalized
"replay_from=data/experiments/b-2-t0,replay_inputs=finalized,ed_transform=logit,spatial=distance,epochs=300,patience=30,fit_partition=pathogen,supplied_final=1,mask_rate=0.2,covariate_encoder=summary,input_mode=scheduled_final,input_normalization=b0,evaluation_seasons=recent_two",43,wk inc covid hosp,2025-2026,US,1,1.0,174.0,104278.9791304348,13467.10956521739,14254.652173913044,76557.21739130435,132565.0,51.0,92.0,107.0,116.0,113970.5574732436,46363.28026908566,28044.430393947056,39562.84681021086,180612.58077822597,101.0,139.0,145.0,167.0,0.9149641928786384,0.1181630577562017,0.1250731108976066,0.67172802422483,0.4068005044194873,0.2460673266473311,0.3471321689331814,0.293103448275862,0.5287356321839081,0.6149425287356322,0.6666666666666666,0.5804597701149425,0.7988505747126436,0.8333333333333334,0.9597701149425288,C1,finalized
"replay_from=data/experiments/b-2-t0,replay_inputs=finalized,ed_transform=logit,spatial=distance,epochs=300,patience=30,fit_partition=pathogen,supplied_final=1,mask_rate=0.2,covariate_encoder=summary,input_mode=scheduled_final,input_normalization=b0,evaluation_seasons=recent_two",43,wk inc covid prop ed visits,2025-2026,all,52,0.2,5586.0,2.9120314651292234,0.8886953035423348,0.3162504275529807,1.7070857340338883,4.363118759150437,1604.0,2820.0,3423.0,3810.0,2.497840451560441,1.156219767170679,0.6581087464717353,0.683511937918007,3.786811202370366,2935.0,4515.0,4987.0,5231.0,1.3252939649782254,0.345151077318574,0.1040772510328871,0.8760656366267539,0.5391906708735537,0.2297971920394451,0.2310121370869917,0.2652473990190254,0.469480036815677,0.5655449535726353,0.6369815805109923,0.5674912912283155,0.8383349061549755,0.9090629478172731,0.9467491524238932,C1,finalized
"replay_from=data/experiments/b-2-t0,replay_inputs=finalized,ed_transform=logit,spatial=distance,epochs=300,patience=30,fit_partition=pathogen,supplied_final=1,mask_rate=0.2,covariate_encoder=summary,input_mode=scheduled_final,input_normalization=b0,evaluation_seasons=recent_two",43,wk inc covid prop ed visits,2025-2026,states_dc,51,0.0,5476.0,2.865705337861332,0.8826117339099804,0.3141633121012954,1.6689302918500373,4.301742558816548,1585.0,2786.0,3384.0,3762.0,2.4713671885012656,1.136099226909532,0.6552800338668678,0.6799879277248464,3.754044683896241,2849.0,4405.0,4877.0,5121.0,1.2191371278218293,0.3739887165041173,0.1103869094974544,0.7347615018202485,0.4839802140157255,0.2605335703145489,0.2554862156697166,0.2883774305919635,0.5095773187468691,0.6182948283294305,0.6871360665478313,0.5139095685808489,0.7979186326937193,0.8863286847715913,0.9334364405298664,C1,finalized
"replay_from=data/experiments/b-2-t0,replay_inputs=finalized,ed_transform=logit,spatial=distance,epochs=300,patience=30,fit_partition=pathogen,supplied_final=1,mask_rate=0.2,covariate_encoder=summary,input_mode=scheduled_final,input_normalization=b0,evaluation_seasons=recent_two",43,wk inc covid prop ed visits,2025-2026,US,1,1.0,110.0,0.0463261272678914,0.0060835696323545,0.0020871154516852,0.0381554421838511,0.0613762003338893,19.0,34.0,39.0,48.0,0.0264732630591753,0.020120540261147,0.0028287126048675,0.0035240101931606,0.0327665184741256,86.0,110.0,110.0,110.0,1.7499213136038088,0.2298005205764005,0.078838617174618,1.4412821758527743,0.7600324983048661,0.1068516789390302,0.1331158227560923,0.1727272727272727,0.3090909090909091,0.3545454545454545,0.4363636363636363,0.7818181818181819,1.0,1.0,1.0,C1,finalized
"replay_from=data/experiments/b-2-t0,replay_inputs=finalized,ed_transform=logit,spatial=distance,epochs=300,patience=30,fit_partition=pathogen,supplied_final=1,mask_rate=0.2,covariate_encoder=summary,input_mode=scheduled_final,input_normalization=b0,evaluation_seasons=recent_two",43,wk inc flu hosp,2024-2025,all,52,0.2,5616.0,668447.7195652173,245786.89347826087,338020.5652173913,84640.26086956522,997977.0,3109.0,4533.0,4917.0,5148.0,997209.4752173912,214134.4317391304,732659.1304347826,50415.91304347826,1363610.0,2943.0,4023.0,4381.0,4604.0,0.7343053059607894,0.257312986441131,0.3517487076309901,0.1252436118886683,0.221083968559547,0.7136002994462362,0.0653157319942169,0.572730573710966,0.8222222222222223,0.8865286855482937,0.921786492374728,0.5315541031227307,0.7208424110384896,0.7796659404502543,0.8137618010167033,C1,finalized
"replay_from=data/experiments/b-2-t0,replay_inputs=finalized,ed_transform=logit,spatial=distance,epochs=300,patience=30,fit_partition=pathogen,supplied_final=1,mask_rate=0.2,covariate_encoder=summary,input_mode=scheduled_final,input_normalization=b0,evaluation_seasons=recent_two",43,wk inc flu hosp,2024-2025,states_dc,51,0.0,5508.0,393740.04782608687,141397.04782608696,189428.17391304352,62914.82608695652,595045.0,3038.0,4437.0,4816.0,5046.0,545536.7908695652,116470.22565217387,390693.86956521735,38372.69565217391,755891.0,2882.0,3943.0,4297.0,4519.0,0.7658314414283753,0.2638616454929458,0.3574402692659755,0.144529526669454,0.2222980022694732,0.7027232314120876,0.0749787663184392,0.5515613652868557,0.8055555555555558,0.8743645606390706,0.9161220043572988,0.5232389251997096,0.7158678286129269,0.7801379811183734,0.8204429920116196,C1,finalized
"replay_from=data/experiments/b-2-t0,replay_inputs=finalized,ed_transform=logit,spatial=distance,epochs=300,patience=30,fit_partition=pathogen,supplied_final=1,mask_rate=0.2,covariate_encoder=summary,input_mode=scheduled_final,input_normalization=b0,evaluation_seasons=recent_two",43,wk inc flu hosp,2024-2025,US,1,1.0,108.0,274707.6717391304,104389.84565217391,148592.39130434784,21725.434782608696,402932.0,71.0,96.0,101.0,102.0,451672.6843478261,97664.20608695652,341965.26086956525,12043.217391304348,607719.0,61.0,80.0,84.0,85.0,0.6082007640904454,0.2311183502338718,0.3289824610910478,0.0480999527655258,0.2162278337198422,0.7571085715828304,0.0266635946973274,0.6574074074074074,0.8888888888888888,0.9351851851851852,0.9444444444444444,0.5648148148148148,0.7407407407407407,0.7777777777777778,0.7870370370370371,C1,finalized
"replay_from=data/experiments/b-2-t0,replay_inputs=finalized,ed_transform=logit,spatial=distance,epochs=300,patience=30,fit_partition=pathogen,supplied_final=1,mask_rate=0.2,covariate_encoder=summary,input_mode=scheduled_final,input_normalization=b0,evaluation_seasons=recent_two",43,wk inc flu hosp,2025-2026,all,52,0.2,5824.0,592963.5708695652,166464.87521739132,192474.08695652173,234024.60869565216,911436.0,2461.0,4007.0,4631.0,4980.0,681987.2230434783,182493.3534782609,344539.7391304348,154954.13043478262,1021199.0,3056.0,4510.0,4990.0,5252.0,0.8578870262391216,0.2533954595852982,0.3243807410549611,0.2801108255988622,0.2795215027822053,0.5126519392462101,0.2078265579715848,0.4401260504201681,0.6912114845938376,0.7983543417366947,0.8538165266106443,0.5267507002801122,0.7781162464985995,0.8568627450980393,0.8984943977591039,C1,finalized
"replay_from=data/experiments/b-2-t0,replay_inputs=finalized,ed_transform=logit,spatial=distance,epochs=300,patience=30,fit_partition=pathogen,supplied_final=1,mask_rate=0.2,covariate_encoder=summary,input_mode=scheduled_final,input_normalization=b0,evaluation_seasons=recent_two",43,wk inc flu hosp,2025-2026,states_dc,51,0.0,5712.0,301197.84695652174,97394.02086956524,102088.1304347826,101715.6956521739,477788.0,2403.0,3928.0,4540.0,4885.0,369731.63260869565,98349.24130434784,189960.8260869565,81421.56521739133,551635.0,2996.0,4421.0,4894.0,5153.0,0.8387635063245954,0.2614443903382081,0.3331105633832562,0.244208552603131,0.2820338995276027,0.5170549996731874,0.2009111007992099,0.4206932773109244,0.6876750700280112,0.7948179271708686,0.8552170868347343,0.5245098039215685,0.7739845938375353,0.8567927170868349,0.9021358543417368,C1,finalized
"replay_from=data/experiments/b-2-t0,replay_inputs=finalized,ed_transform=logit,spatial=distance,epochs=300,patience=30,fit_partition=pathogen,supplied_final=1,mask_rate=0.2,covariate_encoder=summary,input_mode=scheduled_final,input_normalization=b0,evaluation_seasons=recent_two",43,wk inc flu hosp,2025-2026,US,1,1.0,112.0,291765.7239130435,69070.8543478261,90385.95652173914,132308.91304347824,433648.0,58.0,79.0,91.0,95.0,312255.5904347826,84144.11217391305,154578.91304347827,73532.5652173913,469564.0,60.0,89.0,96.0,99.0,0.9343811058972262,0.2211997365736584,0.2894614517417809,0.4237199175817867,0.2694719158006149,0.4950396975383006,0.2354883866610844,0.5178571428571429,0.7053571428571429,0.8125,0.8482142857142857,0.5357142857142857,0.7946428571428571,0.8571428571428571,0.8839285714285714,C1,finalized
"replay_from=data/experiments/b-2-t0,replay_inputs=finalized,ed_transform=logit,spatial=distance,epochs=300,patience=30,fit_partition=pathogen,supplied_final=1,mask_rate=0.2,covariate_encoder=summary,input_mode=scheduled_final,input_normalization=b0,evaluation_seasons=recent_two",43,wk inc flu prop ed visits,2025-2026,all,52,0.2,5768.0,32.549043298704625,9.823905639160872,12.635216469893091,10.089921189650632,51.22288861978044,2246.0,3852.0,4495.0,4908.0,37.45877191682501,10.32540181251476,18.66849846028443,8.464871644025802,55.69990942461097,3125.0,4505.0,4944.0,5205.0,0.907916943330868,0.2649827314338651,0.346544238562412,0.2963899733345902,0.2959240659437712,0.4861518031545084,0.2179241309017199,0.3733193277310925,0.6494397759103642,0.75609243697479,0.8325980392156865,0.563200280112045,0.7810574229691877,0.8550420168067228,0.8988795518207284,C1,finalized
"replay_from=data/experiments/b-2-t0,replay_inputs=finalized,ed_transform=logit,spatial=distance,epochs=300,patience=30,fit_partition=pathogen,supplied_final=1,mask_rate=0.2,covariate_encoder=summary,input_mode=scheduled_final,input_normalization=b0,evaluation_seasons=recent_two",43,wk inc flu prop ed visits,2025-2026,states_dc,51,0.0,5656.0,31.950706378276443,9.690974219577962,12.439967945465712,9.819764213232745,50.325637724869416,2212.0,3788.0,4421.0,4823.0,36.85597054744329,10.13762192450928,18.3753233456567,8.343025277277297,54.80314218169003,3050.0,4416.0,4848.0,5105.0,0.8867477214710087,0.2760977251736015,0.3522048167489646,0.2584451795484419,0.2920270708891611,0.4861011471818258,0.2218717819290127,0.3907563025210084,0.6689425770308124,0.7799369747899162,0.8510154061624652,0.5365896358543416,0.7776610644257703,0.8545168067226891,0.9003851540616249,C1,finalized
"replay_from=data/experiments/b-2-t0,replay_inputs=finalized,ed_transform=logit,spatial=distance,epochs=300,patience=30,fit_partition=pathogen,supplied_final=1,mask_rate=0.2,covariate_encoder=summary,input_mode=scheduled_final,input_normalization=b0,evaluation_seasons=recent_two",43,wk inc flu prop ed visits,2025-2026,US,1,1.0,112.0,0.598336920428183,0.132931419582912,0.1952485244273814,0.2701569764178892,0.8972508949110283,34.0,64.0,74.0,85.0,0.6028013693817165,0.1877798880054818,0.29317511462773,0.1218463667485042,0.8967672429209468,75.0,89.0,96.0,100.0,0.992593830770304,0.220522756474919,0.3239019258162015,0.4481691484791828,0.3115120461622118,0.4863544270452387,0.2021335267925486,0.3035714285714285,0.5714285714285714,0.6607142857142857,0.7589285714285714,0.6696428571428571,0.7946428571428571,0.8571428571428571,0.8928571428571429,C1,finalized
"replay_from=data/experiments/b-2-t0,replay_inputs=finalized,ed_transform=logit,spatial=distance,epochs=300,patience=30,fit_partition=pathogen,supplied_final=1,mask_rate=0.2,covariate_encoder=summary,input_mode=scheduled_final,input_normalization=b0,evaluation_seasons=recent_two",43,wk inc rsv hosp,2025-2026,all,52,0.2,6032.0,101440.3647826087,43015.66913043478,36455.08695652174,21969.60869565217,150910.0,3134.0,4567.0,5024.0,5296.0,174064.93092191094,53052.087440608055,105063.50795633462,15949.335524968266,270304.41698893777,2589.0,4305.0,4948.0,5364.0,0.7356142903397557,0.2937910792984295,0.2711098718243973,0.170713339216929,0.3067406302504329,0.5745971360277672,0.1186622337218002,0.5096010818120352,0.7431034482758622,0.8207910750507101,0.8702839756592294,0.4406693711967547,0.7187964841108859,0.8279918864097365,0.8953684922244761,C1,finalized
"replay_from=data/experiments/b-2-t0,replay_inputs=finalized,ed_transform=logit,spatial=distance,epochs=300,patience=30,fit_partition=pathogen,supplied_final=1,mask_rate=0.2,covariate_encoder=summary,input_mode=scheduled_final,input_normalization=b0,evaluation_seasons=recent_two",43,wk inc rsv hosp,2025-2026,states_dc,51,0.0,5916.0,65141.587826086965,30376.761739130437,20818.0,13946.82608695652,97029.0,3080.0,4488.0,4935.0,5199.0,94740.19007535864,28170.04025877443,55907.86834298157,10662.281473602628,146919.94591427944,2532.0,4219.0,4848.0,5257.0,0.8051185703170486,0.3274060452070639,0.2896054676002567,0.1881070575097279,0.3050074818838542,0.5633274152930453,0.1316651028231006,0.5206220419202163,0.7586206896551727,0.8341784989858014,0.8788032454361057,0.4279918864097364,0.7131507775524004,0.8194726166328601,0.8886071670047331,C1,finalized
"replay_from=data/experiments/b-2-t0,replay_inputs=finalized,ed_transform=logit,spatial=distance,epochs=300,patience=30,fit_partition=pathogen,supplied_final=1,mask_rate=0.2,covariate_encoder=summary,input_mode=scheduled_final,input_normalization=b0,evaluation_seasons=recent_two",43,wk inc rsv hosp,2025-2026,US,1,1.0,116.0,36298.77695652174,12638.907391304348,15637.08695652174,8022.782608695652,53881.0,54.0,79.0,89.0,97.0,79324.7408465523,24882.04718183363,49155.63961335304,5287.05405136564,123384.47107465832,57.0,86.0,100.0,107.0,0.4575971704305844,0.1593312156638917,0.197127488720959,0.1011384660457336,0.3136732237167476,0.6196760189666538,0.0666507573165986,0.4655172413793103,0.6810344827586207,0.7672413793103449,0.8362068965517241,0.4913793103448275,0.7413793103448276,0.8620689655172413,0.9224137931034484,C1,finalized
"replay_from=data/experiments/b-2-t0,replay_inputs=finalized,ed_transform=logit,spatial=distance,epochs=300,patience=30,fit_partition=pathogen,supplied_final=1,mask_rate=0.2,covariate_encoder=summary,input_mode=scheduled_final,input_normalization=b0,evaluation_seasons=recent_two",43,wk inc rsv prop ed visits,2025-2026,all,51,0.2,5586.0,2.9184432814539103,1.1040433519467652,1.1898945882301222,0.6245053412770025,4.4132330267062105,2774.0,4278.0,4727.0,4970.0,4.530466181091006,1.2624880197885668,3.0078391482014357,0.2601390131009845,6.751646223879154,2706.0,4144.0,4680.0,5001.0,0.6628370166013672,0.2585868590013924,0.2528794648412367,0.1513706927587314,0.3535959682986677,0.5860545127207138,0.060349518980613,0.4726053278840371,0.7465581186386444,0.8336081030073171,0.8838343726561166,0.5147666229916434,0.7725612543865138,0.86154240300846,0.908627902093687,C1,finalized
"replay_from=data/experiments/b-2-t0,replay_inputs=finalized,ed_transform=logit,spatial=distance,epochs=300,patience=30,fit_partition=pathogen,supplied_final=1,mask_rate=0.2,covariate_encoder=summary,input_mode=scheduled_final,input_normalization=b0,evaluation_seasons=recent_two",43,wk inc rsv prop ed visits,2025-2026,states_dc,50,0.0,5475.0,2.8892002428464765,1.0953038241071236,1.17685944446306,0.6170369742762727,4.36756725803436,2732.0,4203.0,4639.0,4873.0,4.481922043258964,1.2402717937371133,2.9831665637207228,0.2584836858011096,6.672332609887618,2633.0,4042.0,4572.0,4893.0,0.6779460133704129,0.278225421223213,0.2489689608914929,0.1507516312557014,0.3275824533044074,0.6055055048001255,0.0669120418954619,0.4961620652604518,0.7642787293793868,0.8438119305609483,0.8863244973516775,0.47904386432514,0.7359718382534125,0.8336847605173314,0.8925416343738655,C1,finalized
"replay_from=data/experiments/b-2-t0,replay_inputs=finalized,ed_transform=logit,spatial=distance,epochs=300,patience=30,fit_partition=pathogen,supplied_final=1,mask_rate=0.2,covariate_encoder=summary,input_mode=scheduled_final,input_normalization=b0,evaluation_seasons=recent_two",43,wk inc rsv prop ed visits,2025-2026,US,1,1.0,111.0,0.0292430386074339,0.0087395278396415,0.0130351437670622,0.0074683670007298,0.0456657686718505,42.0,75.0,88.0,97.0,0.0485441378320411,0.0222162260514535,0.0246725844807123,0.0016553272998748,0.0793136139915364,73.0,102.0,108.0,108.0,0.6024010295251842,0.1800326101141106,0.2685214806402118,0.1538469387708514,0.4576500282757085,0.5082505444030668,0.0340994273212172,0.3783783783783784,0.6756756756756757,0.7927927927927928,0.8738738738738738,0.6576576576576577,0.918918918918919,0.972972972972973,0.972972972972973,C1,finalized
"replay_from=data/experiments/b-2-t0,replay_inputs=finalized,ed_transform=logit,spatial=distance,epochs=300,patience=30,fit_partition=pathogen,supplied_final=1,mask_rate=0.2,covariate_encoder=summary,input_mode=scheduled_final,input_normalization=b0,evaluation_seasons=recent_two",44,wk inc covid hosp,2024-2025,all,52,0.2,6968.0,161497.27695652173,80593.6247826087,46908.739130434784,33994.91304347826,248952.0,4092.0,5880.0,6373.0,6614.0,294095.7264372725,135467.5071866996,122015.56154699084,36612.65770358205,459783.4153206482,3786.0,5746.0,6312.0,6600.0,0.6640001109456923,0.306722278462129,0.1752774158276997,0.1820004166558634,0.4380785185746119,0.407628405592174,0.1542930758332142,0.5918056774948787,0.8547556335967224,0.9234708808896694,0.9544337137840212,0.5601112086625696,0.8459467369037169,0.9204565408252854,0.9555458004097164,C1,finalized
"replay_from=data/experiments/b-2-t0,replay_inputs=finalized,ed_transform=logit,spatial=distance,epochs=300,patience=30,fit_partition=pathogen,supplied_final=1,mask_rate=0.2,covariate_encoder=summary,input_mode=scheduled_final,input_normalization=b0,evaluation_seasons=recent_two",44,wk inc covid hosp,2024-2025,states_dc,51,0.0,6834.0,114881.16869565216,56607.560000000005,31202.17391304348,27071.43478260869,177413.0,4010.0,5759.0,6244.0,6483.0,177711.5257127561,72412.19438985428,79788.8120383263,25510.51928457551,270242.3766800353,3701.0,5620.0,6180.0,6467.0,0.7298660397866586,0.3318793925027414,0.1853581585306603,0.212628488753257,0.4121516864040481,0.4188300047704274,0.1690183088255245,0.5867720222417327,0.8426982733391867,0.913666959321042,0.9486391571553996,0.5415569212759731,0.8223587942639744,0.9043020193151888,0.9462979221539364,C1,finalized
"replay_from=data/experiments/b-2-t0,replay_inputs=finalized,ed_transform=logit,spatial=distance,epochs=300,patience=30,fit_partition=pathogen,supplied_final=1,mask_rate=0.2,covariate_encoder=summary,input_mode=scheduled_final,input_normalization=b0,evaluation_seasons=recent_two",44,wk inc covid hosp,2024-2025,US,1,1.0,134.0,46616.10826086956,23986.064782608693,15706.565217391306,6923.478260869565,71539.0,82.0,121.0,129.0,131.0,116384.20072451644,63055.31279684533,42226.74950866455,11102.138419006547,189541.03864061285,85.0,126.0,132.0,133.0,0.400536395581826,0.2060938222996792,0.1349544450158577,0.059488128266289,0.5417858472568663,0.3628220088791609,0.0953921438639727,0.6119402985074627,0.9029850746268656,0.9626865671641792,0.9776119402985076,0.6343283582089553,0.9402985074626866,0.9850746268656716,0.9925373134328358,C1,finalized
"replay_from=data/experiments/b-2-t0,replay_inputs=finalized,ed_transform=logit,spatial=distance,epochs=300,patience=30,fit_partition=pathogen,supplied_final=1,mask_rate=0.2,covariate_encoder=summary,input_mode=scheduled_final,input_normalization=b0,evaluation_seasons=recent_two",44,wk inc covid hosp,2025-2026,all,52,0.2,9048.0,205751.5026086956,57711.80695652174,48671.391304347824,99368.3043478261,303825.0,4060.0,6378.0,7190.0,7689.0,251503.70978939495,102039.96804152089,70756.4623304223,78707.27941745178,396424.6389596296,4576.0,7150.0,7993.0,8484.0,0.8943021017055812,0.2765149808093509,0.2301987778927901,0.3875883430034401,0.4039583179592176,0.3059835764748293,0.2900581055659533,0.4105025918413343,0.665021410863196,0.7731800766283526,0.83193599278792,0.5195176921343251,0.7918187964841109,0.8741717376605818,0.9417399143565476,C1,finalized
"replay_from=data/experiments/b-2-t0,replay_inputs=finalized,ed_transform=logit,spatial=distance,epochs=300,patience=30,fit_partition=pathogen,supplied_final=1,mask_rate=0.2,covariate_encoder=summary,input_mode=scheduled_final,input_normalization=b0,evaluation_seasons=recent_two",44,wk inc covid hosp,2025-2026,states_dc,51,0.0,8874.0,120087.55434782604,43421.510869565216,29399.82608695652,47266.21739130435,184073.0,4018.0,6293.0,7072.0,7558.0,137533.1523161514,55676.68777243521,42712.03193647525,39144.43260724092,215812.05818140364,4475.0,7011.0,7848.0,8317.0,0.9299695608733276,0.3142972616182171,0.2454753501565178,0.3701969490985927,0.4032477713441501,0.3209626389317038,0.2757895897241462,0.4527834122154609,0.7091503267973857,0.7969348659003833,0.851701600180302,0.5042821726391706,0.7900608519269777,0.8843813387423937,0.937232364210052,C1,finalized
"replay_from=data/experiments/b-2-t0,replay_inputs=finalized,ed_transform=logit,spatial=distance,epochs=300,patience=30,fit_partition=pathogen,supplied_final=1,mask_rate=0.2,covariate_encoder=summary,input_mode=scheduled_final,input_normalization=b0,evaluation_seasons=recent_two",44,wk inc covid hosp,2025-2026,US,1,1.0,174.0,85663.94826086955,14290.29608695652,19271.565217391304,52102.08695652174,119752.0,42.0,85.0,118.0,131.0,113970.5574732436,46363.28026908566,28044.430393947056,39562.84681021086,180612.58077822597,101.0,139.0,145.0,167.0,0.7516322650345949,0.1253858575738861,0.1690924888378791,0.4571539186228298,0.4068005044194873,0.2460673266473311,0.3471321689331814,0.2413793103448276,0.4885057471264368,0.6781609195402298,0.7528735632183908,0.5804597701149425,0.7988505747126436,0.8333333333333334,0.9597701149425288,C1,finalized
"replay_from=data/experiments/b-2-t0,replay_inputs=finalized,ed_transform=logit,spatial=distance,epochs=300,patience=30,fit_partition=pathogen,supplied_final=1,mask_rate=0.2,covariate_encoder=summary,input_mode=scheduled_final,input_normalization=b0,evaluation_seasons=recent_two",44,wk inc covid prop ed visits,2025-2026,all,52,0.2,5586.0,2.602920444114746,0.6896029161989292,0.5094975107659077,1.403820017149889,3.8498173643011726,1607.0,2823.0,3392.0,3816.0,2.497840451560441,1.156219767170679,0.6581087464717353,0.683511937918007,3.786811202370366,2935.0,4515.0,4987.0,5231.0,1.144623239415836,0.2757647703561522,0.1762896920144453,0.6925687770452286,0.5391906708735537,0.2297971920394451,0.2310121370869917,0.2651467384339357,0.4648347372222806,0.5659284890426761,0.6392485407710322,0.5674912912283155,0.8383349061549755,0.9090629478172731,0.9467491524238932,C1,finalized
"replay_from=data/experiments/b-2-t0,replay_inputs=finalized,ed_transform=logit,spatial=distance,epochs=300,patience=30,fit_partition=pathogen,supplied_final=1,mask_rate=0.2,covariate_encoder=summary,input_mode=scheduled_final,input_normalization=b0,evaluation_seasons=recent_two",44,wk inc covid prop ed visits,2025-2026,states_dc,51,0.0,5476.0,2.562642298942579,0.6840966999141187,0.506219735648813,1.3723258633796271,3.7953296415554014,1588.0,2791.0,3349.0,3767.0,2.4713671885012656,1.136099226909532,0.6552800338668678,0.6799879277248464,3.754044683896241,2849.0,4405.0,4877.0,5121.0,1.0504127804598835,0.2927080634748595,0.1894084778543273,0.5682962391306876,0.4839802140157255,0.2605335703145489,0.2554862156697166,0.2882516048606014,0.508316148800578,0.6096833385760722,0.6876970396001537,0.5139095685808489,0.7979186326937193,0.8863286847715913,0.9334364405298664,C1,finalized
"replay_from=data/experiments/b-2-t0,replay_inputs=finalized,ed_transform=logit,spatial=distance,epochs=300,patience=30,fit_partition=pathogen,supplied_final=1,mask_rate=0.2,covariate_encoder=summary,input_mode=scheduled_final,input_normalization=b0,evaluation_seasons=recent_two",44,wk inc covid prop ed visits,2025-2026,US,1,1.0,110.0,0.0402781451721672,0.0055062162848105,0.0032777751170947,0.0314941537702617,0.0544877227457704,19.0,32.0,43.0,49.0,0.0264732630591753,0.020120540261147,0.0028287126048675,0.0035240101931606,0.0327665184741256,86.0,110.0,110.0,110.0,1.5214650752396446,0.2079915978813233,0.1238145486549174,1.1896589287033923,0.7600324983048661,0.1068516789390302,0.1331158227560923,0.1727272727272727,0.2909090909090909,0.3909090909090909,0.4454545454545454,0.7818181818181819,1.0,1.0,1.0,C1,finalized
"replay_from=data/experiments/b-2-t0,replay_inputs=finalized,ed_transform=logit,spatial=distance,epochs=300,patience=30,fit_partition=pathogen,supplied_final=1,mask_rate=0.2,covariate_encoder=summary,input_mode=scheduled_final,input_normalization=b0,evaluation_seasons=recent_two",44,wk inc flu hosp,2024-2025,all,52,0.2,5616.0,711768.4847826087,176363.05000000002,485795.8695652174,49609.5652173913,989867.0,2561.0,3994.0,4554.0,4829.0,997209.4752173912,214134.4317391304,732659.1304347826,50415.91304347826,1363610.0,2943.0,4023.0,4381.0,4604.0,0.7522974545177495,0.1880874522779755,0.4874846757738936,0.0767253264658801,0.221083968559547,0.7136002994462362,0.0653157319942169,0.4726579520697168,0.7251633986928105,0.821859114015977,0.8635076252723315,0.5315541031227307,0.7208424110384896,0.7796659404502543,0.8137618010167033,C1,finalized
"replay_from=data/experiments/b-2-t0,replay_inputs=finalized,ed_transform=logit,spatial=distance,epochs=300,patience=30,fit_partition=pathogen,supplied_final=1,mask_rate=0.2,covariate_encoder=summary,input_mode=scheduled_final,input_normalization=b0,evaluation_seasons=recent_two",44,wk inc flu hosp,2024-2025,states_dc,51,0.0,5508.0,411693.03521739127,104501.73086956525,266572.17391304346,40619.13043478261,590044.0,2502.0,3909.0,4460.0,4734.0,545536.7908695652,116470.22565217387,390693.86956521735,38372.69565217391,755891.0,2882.0,3943.0,4297.0,4519.0,0.7742806087581913,0.1953342073872681,0.4880159324041435,0.0909304689667797,0.2222980022694732,0.7027232314120876,0.0749787663184392,0.4542483660130719,0.7096949891067539,0.8097312999273786,0.8594771241830067,0.5232389251997096,0.7158678286129269,0.7801379811183734,0.8204429920116196,C1,finalized
"replay_from=data/experiments/b-2-t0,replay_inputs=finalized,ed_transform=logit,spatial=distance,epochs=300,patience=30,fit_partition=pathogen,supplied_final=1,mask_rate=0.2,covariate_encoder=summary,input_mode=scheduled_final,input_normalization=b0,evaluation_seasons=recent_two",44,wk inc flu hosp,2024-2025,US,1,1.0,108.0,300075.4495652174,71861.31913043479,219223.69565217392,8990.434782608696,399823.0,59.0,85.0,94.0,95.0,451672.6843478261,97664.20608695652,341965.26086956525,12043.217391304348,607719.0,61.0,80.0,84.0,85.0,0.6643648375559811,0.1591004318408051,0.4853596492528938,0.0199047564622821,0.2162278337198422,0.7571085715828304,0.0266635946973274,0.5462962962962963,0.7870370370370371,0.8703703703703703,0.8796296296296297,0.5648148148148148,0.7407407407407407,0.7777777777777778,0.7870370370370371,C1,finalized
"replay_from=data/experiments/b-2-t0,replay_inputs=finalized,ed_transform=logit,spatial=distance,epochs=300,patience=30,fit_partition=pathogen,supplied_final=1,mask_rate=0.2,covariate_encoder=summary,input_mode=scheduled_final,input_normalization=b0,evaluation_seasons=recent_two",44,wk inc flu hosp,2025-2026,all,52,0.2,5824.0,600442.6595652173,164798.13782608695,222473.1739130435,213171.34782608697,906008.0,2675.0,4063.0,4648.0,4979.0,681987.2230434783,182493.3534782609,344539.7391304348,154954.13043478262,1021199.0,3056.0,4510.0,4990.0,5252.0,0.8638346497644583,0.2634083087592107,0.3654080654498015,0.2350182755554463,0.2795215027822053,0.5126519392462101,0.2078265579715848,0.4503501400560225,0.6825980392156863,0.7908613445378151,0.8470938375350141,0.5267507002801122,0.7781162464985995,0.8568627450980393,0.8984943977591039,C1,finalized
"replay_from=data/experiments/b-2-t0,replay_inputs=finalized,ed_transform=logit,spatial=distance,epochs=300,patience=30,fit_partition=pathogen,supplied_final=1,mask_rate=0.2,covariate_encoder=summary,input_mode=scheduled_final,input_normalization=b0,evaluation_seasons=recent_two",44,wk inc flu hosp,2025-2026,states_dc,51,0.0,5712.0,312133.3260869565,101379.23913043478,126407.95652173914,84346.13043478261,476248.0,2629.0,3994.0,4563.0,4888.0,369731.63260869565,98349.24130434784,189960.8260869565,81421.56521739133,551635.0,2996.0,4421.0,4894.0,5153.0,0.848965312395529,0.2784855554589105,0.3798477539516491,0.1906320029849691,0.2820338995276027,0.5170549996731874,0.2009111007992099,0.4602591036414567,0.6992296918767508,0.7988445378151264,0.8557422969187678,0.5245098039215685,0.7739845938375353,0.8567927170868349,0.9021358543417368,C1,finalized
"replay_from=data/experiments/b-2-t0,replay_inputs=finalized,ed_transform=logit,spatial=distance,epochs=300,patience=30,fit_partition=pathogen,supplied_final=1,mask_rate=0.2,covariate_encoder=summary,input_mode=scheduled_final,input_normalization=b0,evaluation_seasons=recent_two",44,wk inc flu hosp,2025-2026,US,1,1.0,112.0,288309.3334782609,63418.89869565218,96065.21739130437,128825.21739130437,429760.0,46.0,69.0,85.0,91.0,312255.5904347826,84144.11217391305,154578.91304347827,73532.5652173913,469564.0,60.0,89.0,96.0,99.0,0.9233119992401766,0.203099321960411,0.3076493114424109,0.4125633658373545,0.2694719158006149,0.4950396975383006,0.2354883866610844,0.4107142857142857,0.6160714285714286,0.7589285714285714,0.8125,0.5357142857142857,0.7946428571428571,0.8571428571428571,0.8839285714285714,C1,finalized
"replay_from=data/experiments/b-2-t0,replay_inputs=finalized,ed_transform=logit,spatial=distance,epochs=300,patience=30,fit_partition=pathogen,supplied_final=1,mask_rate=0.2,covariate_encoder=summary,input_mode=scheduled_final,input_normalization=b0,evaluation_seasons=recent_two",44,wk inc flu prop ed visits,2025-2026,all,52,0.2,5768.0,31.63721652664185,8.24836823117958,19.484030803019728,3.90481749244252,46.81467206874217,2330.0,3793.0,4405.0,4752.0,37.45877191682501,10.32540181251476,18.66849846028443,8.464871644025802,55.69990942461097,3125.0,4505.0,4944.0,5205.0,0.8559118286202558,0.2224566072603995,0.5096467658129875,0.1238084555468683,0.2959240659437712,0.4861518031545084,0.2179241309017199,0.3867296918767506,0.6502100840336135,0.7577380952380953,0.8214285714285715,0.563200280112045,0.7810574229691877,0.8550420168067228,0.8988795518207284,C1,finalized
"replay_from=data/experiments/b-2-t0,replay_inputs=finalized,ed_transform=logit,spatial=distance,epochs=300,patience=30,fit_partition=pathogen,supplied_final=1,mask_rate=0.2,covariate_encoder=summary,input_mode=scheduled_final,input_normalization=b0,evaluation_seasons=recent_two",44,wk inc flu prop ed visits,2025-2026,states_dc,51,0.0,5656.0,31.159650054952586,8.140063034159178,19.248365942243478,3.771221078549909,46.11095313987329,2295.0,3723.0,4322.0,4660.0,36.85597054744329,10.13762192450928,18.3753233456567,8.343025277277297,54.80314218169003,3050.0,4416.0,4848.0,5105.0,0.8718284939690745,0.2331533109235947,0.5393210960281657,0.0993540870173135,0.2920270708891611,0.4861011471818258,0.2218717819290127,0.4052871148459384,0.6565126050420167,0.7619047619047621,0.8214285714285717,0.5365896358543416,0.7776610644257703,0.8545168067226891,0.9003851540616249,C1,finalized
"replay_from=data/experiments/b-2-t0,replay_inputs=finalized,ed_transform=logit,spatial=distance,epochs=300,patience=30,fit_partition=pathogen,supplied_final=1,mask_rate=0.2,covariate_encoder=summary,input_mode=scheduled_final,input_normalization=b0,evaluation_seasons=recent_two",44,wk inc flu prop ed visits,2025-2026,US,1,1.0,112.0,0.4775664716892654,0.1083051970204016,0.2356648607762529,0.1335964138926107,0.7037189288688821,35.0,70.0,83.0,92.0,0.6028013693817165,0.1877798880054818,0.29317511462773,0.1218463667485042,0.8967672429209468,75.0,89.0,96.0,100.0,0.792245167224981,0.1796697926076187,0.3909494449522742,0.2216259296650874,0.3115120461622118,0.4863544270452387,0.2021335267925486,0.3125,0.625,0.7410714285714286,0.8214285714285714,0.6696428571428571,0.7946428571428571,0.8571428571428571,0.8928571428571429,C1,finalized
"replay_from=data/experiments/b-2-t0,replay_inputs=finalized,ed_transform=logit,spatial=distance,epochs=300,patience=30,fit_partition=pathogen,supplied_final=1,mask_rate=0.2,covariate_encoder=summary,input_mode=scheduled_final,input_normalization=b0,evaluation_seasons=recent_two",44,wk inc rsv hosp,2025-2026,all,52,0.2,6032.0,106116.9247826087,62098.22913043479,17335.478260869568,26683.217391304344,146514.0,3665.0,4884.0,5294.0,5482.0,174064.93092191094,53052.087440608055,105063.50795633462,15949.335524968266,270304.41698893777,2589.0,4305.0,4948.0,5364.0,0.7606524532844343,0.3876075834444704,0.1704780628428618,0.202566806997102,0.3067406302504329,0.5745971360277672,0.1186622337218002,0.6274847870182557,0.8272819472616635,0.8890804597701151,0.9176808654496283,0.4406693711967547,0.7187964841108859,0.8279918864097365,0.8953684922244761,C1,finalized
"replay_from=data/experiments/b-2-t0,replay_inputs=finalized,ed_transform=logit,spatial=distance,epochs=300,patience=30,fit_partition=pathogen,supplied_final=1,mask_rate=0.2,covariate_encoder=summary,input_mode=scheduled_final,input_normalization=b0,evaluation_seasons=recent_two",44,wk inc rsv hosp,2025-2026,states_dc,51,0.0,5916.0,68236.75086956522,39478.316086956525,13205.739130434784,15552.69565217391,95256.0,3582.0,4779.0,5185.0,5371.0,94740.19007535864,28170.04025877443,55907.86834298157,10662.281473602628,146919.94591427944,2532.0,4219.0,4848.0,5257.0,0.8314323404241935,0.4132205195117112,0.2000822850702255,0.2181295358422567,0.3050074818838542,0.5633274152930453,0.1316651028231006,0.6054766734279919,0.8078093306288034,0.8764367816091954,0.9078769438810008,0.4279918864097364,0.7131507775524004,0.8194726166328601,0.8886071670047331,C1,finalized
"replay_from=data/experiments/b-2-t0,replay_inputs=finalized,ed_transform=logit,spatial=distance,epochs=300,patience=30,fit_partition=pathogen,supplied_final=1,mask_rate=0.2,covariate_encoder=summary,input_mode=scheduled_final,input_normalization=b0,evaluation_seasons=recent_two",44,wk inc rsv hosp,2025-2026,US,1,1.0,116.0,37880.17391304348,22619.91304347826,4129.739130434783,11130.521739130436,51258.0,83.0,105.0,109.0,111.0,79324.7408465523,24882.04718183363,49155.63961335304,5287.05405136564,123384.47107465832,57.0,86.0,100.0,107.0,0.4775329047253971,0.2851558391755072,0.0520611739334068,0.140315891616483,0.3136732237167476,0.6196760189666538,0.0666507573165986,0.7155172413793104,0.9051724137931034,0.9396551724137931,0.956896551724138,0.4913793103448275,0.7413793103448276,0.8620689655172413,0.9224137931034484,C1,finalized
"replay_from=data/experiments/b-2-t0,replay_inputs=finalized,ed_transform=logit,spatial=distance,epochs=300,patience=30,fit_partition=pathogen,supplied_final=1,mask_rate=0.2,covariate_encoder=summary,input_mode=scheduled_final,input_normalization=b0,evaluation_seasons=recent_two",44,wk inc rsv prop ed visits,2025-2026,all,51,0.2,5586.0,3.0174399380799883,1.1883169489951746,1.3983159238576024,0.430807065227192,4.587044593240073,2869.0,4401.0,4875.0,5112.0,4.530466181091006,1.2624880197885668,3.0078391482014357,0.2601390131009845,6.751646223879154,2706.0,4144.0,4680.0,5001.0,0.6770351207235179,0.2860753192472066,0.2947158433655119,0.096243958110794,0.3535959682986677,0.5860545127207138,0.060349518980613,0.5128393659176123,0.7907338433644849,0.8796864232952777,0.9211635179603912,0.5147666229916434,0.7725612543865138,0.86154240300846,0.908627902093687,C1,finalized
"replay_from=data/experiments/b-2-t0,replay_inputs=finalized,ed_transform=logit,spatial=distance,epochs=300,patience=30,fit_partition=pathogen,supplied_final=1,mask_rate=0.2,covariate_encoder=summary,input_mode=scheduled_final,input_normalization=b0,evaluation_seasons=recent_two",44,wk inc rsv prop ed visits,2025-2026,states_dc,50,0.0,5475.0,2.987332038576841,1.1758564233724207,1.385016577072495,0.4264590381319065,4.538089844251991,2811.0,4310.0,4772.0,5005.0,4.481922043258964,1.2402717937371133,2.9831665637207228,0.2584836858011096,6.672332609887618,2633.0,4042.0,4572.0,4893.0,0.6912396510621303,0.2934230350005702,0.2999038010752544,0.0979128149863002,0.3275824533044074,0.6055055048001255,0.0669120418954619,0.5104185767663846,0.7834623492506514,0.8676260471371153,0.910463406459498,0.47904386432514,0.7359718382534125,0.8336847605173314,0.8925416343738655,C1,finalized
"replay_from=data/experiments/b-2-t0,replay_inputs=finalized,ed_transform=logit,spatial=distance,epochs=300,patience=30,fit_partition=pathogen,supplied_final=1,mask_rate=0.2,covariate_encoder=summary,input_mode=scheduled_final,input_normalization=b0,evaluation_seasons=recent_two",44,wk inc rsv prop ed visits,2025-2026,US,1,1.0,111.0,0.0301078995031469,0.0124605256227538,0.0132993467851075,0.0043480270952855,0.0489547489880815,58.0,91.0,103.0,107.0,0.0485441378320411,0.0222162260514535,0.0246725844807123,0.0016553272998748,0.0793136139915364,73.0,102.0,108.0,108.0,0.6202169993690683,0.2566844562337524,0.2739640125265422,0.0895685306087695,0.4576500282757085,0.5082505444030668,0.0340994273212172,0.5225225225225225,0.8198198198198198,0.927927927927928,0.963963963963964,0.6576576576576577,0.918918918918919,0.972972972972973,0.972972972972973,C1,finalized
"replay_from=data/experiments/b-2-t0,replay_inputs=finalized,ed_transform=logit,spatial=neighbors,epochs=300,patience=30,fit_partition=target,supplied_final=1,mask_rate=0.2,covariate_encoder=summary,covariate_set=kinsa,input_mode=scheduled_final,input_normalization=b0,evaluation_seasons=recent_two",42,wk inc covid hosp,2024-2025,all,52,0.2,6968.0,200473.47608695657,55387.258695652185,91084.34782608696,54001.86956521739,307681.0,3177.0,5073.0,5765.0,6183.0,294095.7264372725,135467.5071866996,122015.56154699084,36612.65770358205,459783.4153206482,3786.0,5746.0,6312.0,6600.0,0.7408413371692671,0.2243250862298224,0.3049418356167397,0.2115744153227049,0.4380785185746119,0.407628405592174,0.1542930758332142,0.4310506292069067,0.7025168276265731,0.8082821188176765,0.8792215393620137,0.5601112086625696,0.8459467369037169,0.9204565408252854,0.9555458004097164,C3,finalized
"replay_from=data/experiments/b-2-t0,replay_inputs=finalized,ed_transform=logit,spatial=neighbors,epochs=300,patience=30,fit_partition=target,supplied_final=1,mask_rate=0.2,covariate_encoder=summary,covariate_set=kinsa,input_mode=scheduled_final,input_normalization=b0,evaluation_seasons=recent_two",42,wk inc covid hosp,2024-2025,states_dc,51,0.0,6834.0,130224.73956521742,37503.95695652175,59342.69565217391,33378.086956521736,197060.0,3134.0,4994.0,5668.0,6070.0,177711.5257127561,72412.19438985428,79788.8120383263,25510.51928457551,270242.3766800353,3701.0,5620.0,6180.0,6467.0,0.775153319098407,0.2419919904852665,0.31299438830102,0.2201669403121205,0.4121516864040481,0.4188300047704274,0.1690183088255245,0.4585894059116184,0.7307579748317238,0.8293824992683642,0.8882060286801289,0.5415569212759731,0.8223587942639744,0.9043020193151888,0.9462979221539364,C3,finalized
"replay_from=data/experiments/b-2-t0,replay_inputs=finalized,ed_transform=logit,spatial=neighbors,epochs=300,patience=30,fit_partition=target,supplied_final=1,mask_rate=0.2,covariate_encoder=summary,covariate_set=kinsa,input_mode=scheduled_final,input_normalization=b0,evaluation_seasons=recent_two",42,wk inc covid hosp,2024-2025,US,1,1.0,134.0,70248.73652173913,17883.301739130435,31741.652173913044,20623.78260869565,110621.0,43.0,79.0,97.0,113.0,116384.20072451644,63055.31279684533,42226.74950866455,11102.138419006547,189541.03864061285,85.0,126.0,132.0,133.0,0.6035934094527073,0.153657469208046,0.2727316248796185,0.1772043153650427,0.5417858472568663,0.3628220088791609,0.0953921438639727,0.3208955223880597,0.5895522388059702,0.7238805970149254,0.8432835820895522,0.6343283582089553,0.9402985074626866,0.9850746268656716,0.9925373134328358,C3,finalized
"replay_from=data/experiments/b-2-t0,replay_inputs=finalized,ed_transform=logit,spatial=neighbors,epochs=300,patience=30,fit_partition=target,supplied_final=1,mask_rate=0.2,covariate_encoder=summary,covariate_set=kinsa,input_mode=scheduled_final,input_normalization=b0,evaluation_seasons=recent_two",42,wk inc covid hosp,2025-2026,all,52,0.2,9048.0,213846.3808695652,71442.33739130435,25660.0,116744.04347826086,307945.0,4536.0,6776.0,7511.0,7938.0,251503.70978939495,102039.96804152089,70756.4623304223,78707.27941745178,396424.6389596296,4576.0,7150.0,7993.0,8484.0,0.9012737898751848,0.3198615429068332,0.1704785836233749,0.4109336633449769,0.4039583179592176,0.3059835764748293,0.2900581055659533,0.4979039891818798,0.7453910299752087,0.8264818571106605,0.8723912553527159,0.5195176921343251,0.7918187964841109,0.8741717376605818,0.9417399143565476,C3,finalized
"replay_from=data/experiments/b-2-t0,replay_inputs=finalized,ed_transform=logit,spatial=neighbors,epochs=300,patience=30,fit_partition=target,supplied_final=1,mask_rate=0.2,covariate_encoder=summary,covariate_set=kinsa,input_mode=scheduled_final,input_normalization=b0,evaluation_seasons=recent_two",42,wk inc covid hosp,2025-2026,states_dc,51,0.0,8874.0,119335.4952173913,49686.364782608696,21885.217391304348,47763.91304347826,179528.0,4452.0,6649.0,7370.0,7790.0,137533.1523161514,55676.68777243521,42712.03193647525,39144.43260724092,215812.05818140364,4475.0,7011.0,7848.0,8317.0,0.9192779806019232,0.3521041371270525,0.2048180589913543,0.3623557844835162,0.4032477713441501,0.3209626389317038,0.2757895897241462,0.5016903313049358,0.7492675231011947,0.8305161144917738,0.8778453910299754,0.5042821726391706,0.7900608519269777,0.8843813387423937,0.937232364210052,C3,finalized
"replay_from=data/experiments/b-2-t0,replay_inputs=finalized,ed_transform=logit,spatial=neighbors,epochs=300,patience=30,fit_partition=target,supplied_final=1,mask_rate=0.2,covariate_encoder=summary,covariate_set=kinsa,input_mode=scheduled_final,input_normalization=b0,evaluation_seasons=recent_two",42,wk inc covid hosp,2025-2026,US,1,1.0,174.0,94510.8856521739,21755.97260869565,3774.782608695653,68980.13043478261,128417.0,84.0,127.0,141.0,148.0,113970.5574732436,46363.28026908566,28044.430393947056,39562.84681021086,180612.58077822597,101.0,139.0,145.0,167.0,0.8292570269682312,0.1908911660259555,0.0331206821514569,0.6052451787908188,0.4068005044194873,0.2460673266473311,0.3471321689331814,0.4827586206896552,0.7298850574712644,0.8103448275862069,0.8505747126436781,0.5804597701149425,0.7988505747126436,0.8333333333333334,0.9597701149425288,C3,finalized
"replay_from=data/experiments/b-2-t0,replay_inputs=finalized,ed_transform=logit,spatial=neighbors,epochs=300,patience=30,fit_partition=target,supplied_final=1,mask_rate=0.2,covariate_encoder=summary,covariate_set=kinsa,input_mode=scheduled_final,input_normalization=b0,evaluation_seasons=recent_two",42,wk inc covid prop ed visits,2025-2026,all,52,0.2,5586.0,2.7291618565508653,0.6833131919868876,0.3830898832587433,1.6627587813052138,3.996950814737661,1495.0,2639.0,3183.0,3564.0,2.497840451560441,1.156219767170679,0.6581087464717353,0.683511937918007,3.786811202370366,2935.0,4515.0,4987.0,5231.0,1.1631173987226506,0.2806238200111993,0.1263743487977448,0.7561192299136968,0.5391906708735537,0.2297971920394451,0.2310121370869917,0.2506968182400709,0.4562741602880011,0.5523034264210737,0.6278694674542428,0.5674912912283155,0.8383349061549755,0.9090629478172731,0.9467491524238932,C3,finalized
"replay_from=data/experiments/b-2-t0,replay_inputs=finalized,ed_transform=logit,spatial=neighbors,epochs=300,patience=30,fit_partition=target,supplied_final=1,mask_rate=0.2,covariate_encoder=summary,covariate_set=kinsa,input_mode=scheduled_final,input_normalization=b0,evaluation_seasons=recent_two",42,wk inc covid prop ed visits,2025-2026,states_dc,51,0.0,5476.0,2.693233946294513,0.6764205405106333,0.3815995859527142,1.6352138198311454,3.94462257234296,1476.0,2596.0,3130.0,3500.0,2.4713671885012656,1.136099226909532,0.6552800338668678,0.6799879277248464,3.754044683896241,2849.0,4405.0,4877.0,5121.0,1.1146118803456542,0.2856890884140206,0.143894328007321,0.6850284639243034,0.4839802140157255,0.2605335703145489,0.2554862156697166,0.2701892046182704,0.4726154276327287,0.5699247375717965,0.6393822888632579,0.5139095685808489,0.7979186326937193,0.8863286847715913,0.9334364405298664,C3,finalized
"replay_from=data/experiments/b-2-t0,replay_inputs=finalized,ed_transform=logit,spatial=neighbors,epochs=300,patience=30,fit_partition=target,supplied_final=1,mask_rate=0.2,covariate_encoder=summary,covariate_set=kinsa,input_mode=scheduled_final,input_normalization=b0,evaluation_seasons=recent_two",42,wk inc covid prop ed visits,2025-2026,US,1,1.0,110.0,0.0359279102563521,0.0068926514762542,0.001490297306029,0.0275449614740684,0.0523282423947005,19.0,43.0,53.0,64.0,0.0264732630591753,0.020120540261147,0.0028287126048675,0.0035240101931606,0.0327665184741256,86.0,110.0,110.0,110.0,1.3571394722306362,0.2603627463999141,0.0562944319594397,1.040482293871271,0.7600324983048661,0.1068516789390302,0.1331158227560923,0.1727272727272727,0.3909090909090909,0.4818181818181818,0.5818181818181818,0.7818181818181819,1.0,1.0,1.0,C3,finalized
"replay_from=data/experiments/b-2-t0,replay_inputs=finalized,ed_transform=logit,spatial=neighbors,epochs=300,patience=30,fit_partition=target,supplied_final=1,mask_rate=0.2,covariate_encoder=summary,covariate_set=kinsa,input_mode=scheduled_final,input_normalization=b0,evaluation_seasons=recent_two",42,wk inc flu hosp,2024-2025,all,52,0.2,5616.0,638232.3326086956,221267.94130434783,300344.17391304346,116620.21739130437,976293.0,2447.0,3976.0,4556.0,4839.0,997209.4752173912,214134.4317391304,732659.1304347826,50415.91304347826,1363610.0,2943.0,4023.0,4381.0,4604.0,0.7036434420388535,0.2258474084168837,0.3142244819090449,0.163571551712925,0.221083968559547,0.7136002994462362,0.0653157319942169,0.4441539578794481,0.7293754538852582,0.828976034858388,0.8786129266521424,0.5315541031227307,0.7208424110384896,0.7796659404502543,0.8137618010167033,C3,finalized
"replay_from=data/experiments/b-2-t0,replay_inputs=finalized,ed_transform=logit,spatial=neighbors,epochs=300,patience=30,fit_partition=target,supplied_final=1,mask_rate=0.2,covariate_encoder=summary,covariate_set=kinsa,input_mode=scheduled_final,input_normalization=b0,evaluation_seasons=recent_two",42,wk inc flu hosp,2024-2025,states_dc,51,0.0,5508.0,369852.7769565217,121297.29869565218,169836.34782608697,78719.13043478262,565134.0,2395.0,3887.0,4458.0,4736.0,545536.7908695652,116470.22565217387,390693.86956521735,38372.69565217391,755891.0,2882.0,3943.0,4297.0,4519.0,0.7310067121404326,0.2269756937187175,0.3205447606974303,0.1834862577242846,0.2222980022694732,0.7027232314120876,0.0749787663184392,0.4348220769789399,0.7057007988380539,0.809368191721133,0.8598402323892521,0.5232389251997096,0.7158678286129269,0.7801379811183734,0.8204429920116196,C3,finalized
"replay_from=data/experiments/b-2-t0,replay_inputs=finalized,ed_transform=logit,spatial=neighbors,epochs=300,patience=30,fit_partition=target,supplied_final=1,mask_rate=0.2,covariate_encoder=summary,covariate_set=kinsa,input_mode=scheduled_final,input_normalization=b0,evaluation_seasons=recent_two",42,wk inc flu hosp,2024-2025,US,1,1.0,108.0,268379.5556521739,99970.64260869566,130507.82608695651,37901.08695652174,411159.0,52.0,89.0,98.0,103.0,451672.6843478261,97664.20608695652,341965.26086956525,12043.217391304348,607719.0,61.0,80.0,84.0,85.0,0.5941903616325378,0.2213342672095481,0.2889433667555031,0.0839127276674865,0.2162278337198422,0.7571085715828304,0.0266635946973274,0.4814814814814814,0.8240740740740741,0.9074074074074074,0.9537037037037036,0.5648148148148148,0.7407407407407407,0.7777777777777778,0.7870370370370371,C3,finalized
"replay_from=data/experiments/b-2-t0,replay_inputs=finalized,ed_transform=logit,spatial=neighbors,epochs=300,patience=30,fit_partition=target,supplied_final=1,mask_rate=0.2,covariate_encoder=summary,covariate_set=kinsa,input_mode=scheduled_final,input_normalization=b0,evaluation_seasons=recent_two",42,wk inc flu hosp,2025-2026,all,52,0.2,5824.0,714603.6830434783,144473.37869565218,142904.69565217392,427225.6086956521,1029623.0,2380.0,3843.0,4426.0,4829.0,681987.2230434783,182493.3534782609,344539.7391304348,154954.13043478262,1021199.0,3056.0,4510.0,4990.0,5252.0,0.9605916258464,0.2414203776294913,0.2455281876636015,0.473643060553307,0.2795215027822053,0.5126519392462101,0.2078265579715848,0.382703081232493,0.6287464985994398,0.7235644257703082,0.7981092436974792,0.5267507002801122,0.7781162464985995,0.8568627450980393,0.8984943977591039,C3,finalized
"replay_from=data/experiments/b-2-t0,replay_inputs=finalized,ed_transform=logit,spatial=neighbors,epochs=300,patience=30,fit_partition=target,supplied_final=1,mask_rate=0.2,covariate_encoder=summary,covariate_set=kinsa,input_mode=scheduled_final,input_normalization=b0,evaluation_seasons=recent_two",42,wk inc flu hosp,2025-2026,states_dc,51,0.0,5712.0,319702.57478260866,94137.14,80859.95652173914,144705.47826086954,489541.0,2350.0,3788.0,4363.0,4755.0,369731.63260869565,98349.24130434784,189960.8260869565,81421.56521739133,551635.0,2996.0,4421.0,4894.0,5153.0,0.8845713672232596,0.2614749616236123,0.257235592210374,0.3658608133892732,0.2820338995276027,0.5170549996731874,0.2009111007992099,0.4114145658263306,0.6631652661064426,0.7638305322128851,0.8324579831932775,0.5245098039215685,0.7739845938375353,0.8567927170868349,0.9021358543417368,C3,finalized
"replay_from=data/experiments/b-2-t0,replay_inputs=finalized,ed_transform=logit,spatial=neighbors,epochs=300,patience=30,fit_partition=target,supplied_final=1,mask_rate=0.2,covariate_encoder=summary,covariate_set=kinsa,input_mode=scheduled_final,input_normalization=b0,evaluation_seasons=recent_two",42,wk inc flu hosp,2025-2026,US,1,1.0,112.0,394901.1082608696,50336.23869565217,62044.739130434784,282520.1304347826,540082.0,30.0,55.0,63.0,74.0,312255.5904347826,84144.11217391305,154578.91304347827,73532.5652173913,469564.0,60.0,89.0,96.0,99.0,1.264672660338961,0.1612020416530071,0.1986985694765115,0.9047720492094424,0.2694719158006149,0.4950396975383006,0.2354883866610844,0.2678571428571428,0.4910714285714285,0.5625,0.6607142857142857,0.5357142857142857,0.7946428571428571,0.8571428571428571,0.8839285714285714,C3,finalized
"replay_from=data/experiments/b-2-t0,replay_inputs=finalized,ed_transform=logit,spatial=neighbors,epochs=300,patience=30,fit_partition=target,supplied_final=1,mask_rate=0.2,covariate_encoder=summary,covariate_set=kinsa,input_mode=scheduled_final,input_normalization=b0,evaluation_seasons=recent_two",42,wk inc flu prop ed visits,2025-2026,all,52,0.2,5768.0,33.31201934226746,8.16457483347236,16.237134827832637,8.910309680962447,49.80403436762258,1846.0,3374.0,4041.0,4493.0,37.45877191682501,10.32540181251476,18.66849846028443,8.464871644025802,55.69990942461097,3125.0,4505.0,4944.0,5205.0,0.9097946247718643,0.2271824999990409,0.4424726272648666,0.2401394975079562,0.2959240659437712,0.4861518031545084,0.2179241309017199,0.3167366946778712,0.5883753501400562,0.7003151260504202,0.7807773109243696,0.563200280112045,0.7810574229691877,0.8550420168067228,0.8988795518207284,C3,finalized
"replay_from=data/experiments/b-2-t0,replay_inputs=finalized,ed_transform=logit,spatial=neighbors,epochs=300,patience=30,fit_partition=target,supplied_final=1,mask_rate=0.2,covariate_encoder=summary,covariate_set=kinsa,input_mode=scheduled_final,input_normalization=b0,evaluation_seasons=recent_two",42,wk inc flu prop ed visits,2025-2026,states_dc,51,0.0,5656.0,32.7436819764338,8.036496798283327,15.973741312884783,8.733443865265667,48.95541812622533,1812.0,3306.0,3962.0,4404.0,36.85597054744329,10.13762192450928,18.3753233456567,8.343025277277297,54.80314218169003,3050.0,4416.0,4848.0,5105.0,0.9015365479092142,0.2308602815040196,0.4438535094469817,0.2268227569582123,0.2920270708891611,0.4861011471818258,0.2218717819290127,0.3200280112044819,0.5836834733893557,0.6990546218487397,0.777310924369748,0.5365896358543416,0.7776610644257703,0.8545168067226891,0.9003851540616249,C3,finalized
"replay_from=data/experiments/b-2-t0,replay_inputs=finalized,ed_transform=logit,spatial=neighbors,epochs=300,patience=30,fit_partition=target,supplied_final=1,mask_rate=0.2,covariate_encoder=summary,covariate_set=kinsa,input_mode=scheduled_final,input_normalization=b0,evaluation_seasons=recent_two",42,wk inc flu prop ed visits,2025-2026,US,1,1.0,112.0,0.5683373658336648,0.1280780351890322,0.263393514947852,0.1768658156967801,0.8486162413972428,34.0,68.0,79.0,89.0,0.6028013693817165,0.1877798880054818,0.29317511462773,0.1218463667485042,0.8967672429209468,75.0,89.0,96.0,100.0,0.9428269322224652,0.2124713739791264,0.4369490985364059,0.2934064597069321,0.3115120461622118,0.4863544270452387,0.2021335267925486,0.3035714285714285,0.6071428571428571,0.7053571428571429,0.7946428571428571,0.6696428571428571,0.7946428571428571,0.8571428571428571,0.8928571428571429,C3,finalized
"replay_from=data/experiments/b-2-t0,replay_inputs=finalized,ed_transform=logit,spatial=neighbors,epochs=300,patience=30,fit_partition=target,supplied_final=1,mask_rate=0.2,covariate_encoder=summary,covariate_set=kinsa,input_mode=scheduled_final,input_normalization=b0,evaluation_seasons=recent_two",42,wk inc rsv hosp,2025-2026,all,52,0.2,6032.0,116721.51,51781.03173913044,41271.47826086957,23669.0,181527.0,3026.0,4462.0,4957.0,5234.0,174064.93092191094,53052.087440608055,105063.50795633462,15949.335524968266,270304.41698893777,2589.0,4305.0,4948.0,5364.0,0.7930338389080909,0.3000117932556094,0.3134761266381916,0.1795459190142896,0.3067406302504329,0.5745971360277672,0.1186622337218002,0.525185936443543,0.7606828938471941,0.8435091277890467,0.8889114266396215,0.4406693711967547,0.7187964841108859,0.8279918864097365,0.8953684922244761,C3,finalized
"replay_from=data/experiments/b-2-t0,replay_inputs=finalized,ed_transform=logit,spatial=neighbors,epochs=300,patience=30,fit_partition=target,supplied_final=1,mask_rate=0.2,covariate_encoder=summary,covariate_set=kinsa,input_mode=scheduled_final,input_normalization=b0,evaluation_seasons=recent_two",42,wk inc rsv hosp,2025-2026,states_dc,51,0.0,5916.0,67979.08782608695,30007.82695652174,24462.60869565217,13508.652173913042,104145.0,2953.0,4363.0,4848.0,5120.0,94740.19007535864,28170.04025877443,55907.86834298157,10662.281473602628,146919.94591427944,2532.0,4219.0,4848.0,5257.0,0.8376755907400271,0.3063942690969723,0.3388702938801776,0.192411027762877,0.3050074818838542,0.5633274152930453,0.1316651028231006,0.4991548343475322,0.7374915483434754,0.8194726166328601,0.865449628127113,0.4279918864097364,0.7131507775524004,0.8194726166328601,0.8886071670047331,C3,finalized
"replay_from=data/experiments/b-2-t0,replay_inputs=finalized,ed_transform=logit,spatial=neighbors,epochs=300,patience=30,fit_partition=target,supplied_final=1,mask_rate=0.2,covariate_encoder=summary,covariate_set=kinsa,input_mode=scheduled_final,input_normalization=b0,evaluation_seasons=recent_two",42,wk inc rsv hosp,2025-2026,US,1,1.0,116.0,48742.42217391304,21773.204782608696,16808.869565217392,10160.347826086956,77382.0,73.0,99.0,109.0,114.0,79324.7408465523,24882.04718183363,49155.63961335304,5287.05405136564,123384.47107465832,57.0,86.0,100.0,107.0,0.614466831580346,0.2744818898901581,0.2118994576702478,0.12808548401994,0.3136732237167476,0.6196760189666538,0.0666507573165986,0.6293103448275862,0.853448275862069,0.9396551724137931,0.9827586206896552,0.4913793103448275,0.7413793103448276,0.8620689655172413,0.9224137931034484,C3,finalized
"replay_from=data/experiments/b-2-t0,replay_inputs=finalized,ed_transform=logit,spatial=neighbors,epochs=300,patience=30,fit_partition=target,supplied_final=1,mask_rate=0.2,covariate_encoder=summary,covariate_set=kinsa,input_mode=scheduled_final,input_normalization=b0,evaluation_seasons=recent_two",42,wk inc rsv prop ed visits,2025-2026,all,51,0.2,5586.0,3.0679289692679776,1.0448573654918782,1.6291652489652324,0.3939063548108465,4.683999227595439,2473.0,4013.0,4592.0,4927.0,4.530466181091006,1.2624880197885668,3.0078391482014357,0.2601390131009845,6.751646223879154,2706.0,4144.0,4680.0,5001.0,0.7024742339782436,0.2469137193821902,0.3484408081715889,0.1071197064244576,0.3535959682986677,0.5860545127207138,0.060349518980613,0.413333832811308,0.6859742552026137,0.7853899553626188,0.85070223358975,0.5147666229916434,0.7725612543865138,0.86154240300846,0.908627902093687,C3,finalized
"replay_from=data/experiments/b-2-t0,replay_inputs=finalized,ed_transform=logit,spatial=neighbors,epochs=300,patience=30,fit_partition=target,supplied_final=1,mask_rate=0.2,covariate_encoder=summary,covariate_set=kinsa,input_mode=scheduled_final,input_normalization=b0,evaluation_seasons=recent_two",42,wk inc rsv prop ed visits,2025-2026,states_dc,50,0.0,5475.0,3.034357244906942,1.0341582124109423,1.6152890742785595,0.3849099582174201,4.6308058751416095,2440.0,3951.0,4521.0,4846.0,4.481922043258964,1.2402717937371133,2.9831665637207228,0.2584836858011096,6.672332609887618,2633.0,4042.0,4572.0,4893.0,0.7052000094286847,0.2535420199497484,0.3640893708365079,0.0875686186424227,0.3275824533044074,0.6055055048001255,0.0669120418954619,0.4423429666898106,0.7178281793636275,0.8218275342933635,0.8809453595547552,0.47904386432514,0.7359718382534125,0.8336847605173314,0.8925416343738655,C3,finalized
"replay_from=data/experiments/b-2-t0,replay_inputs=finalized,ed_transform=logit,spatial=neighbors,epochs=300,patience=30,fit_partition=target,supplied_final=1,mask_rate=0.2,covariate_encoder=summary,covariate_set=kinsa,input_mode=scheduled_final,input_normalization=b0,evaluation_seasons=recent_two",42,wk inc rsv prop ed visits,2025-2026,US,1,1.0,111.0,0.0335717243610357,0.010699153080936,0.0138761746866728,0.0089963965934264,0.0531933524538295,33.0,62.0,71.0,81.0,0.0485441378320411,0.0222162260514535,0.0246725844807123,0.0016553272998748,0.0793136139915364,73.0,102.0,108.0,108.0,0.6915711321764788,0.2204005171119575,0.2858465575119137,0.1853240575525973,0.4576500282757085,0.5082505444030668,0.0340994273212172,0.2972972972972973,0.5585585585585585,0.6396396396396397,0.7297297297297297,0.6576576576576577,0.918918918918919,0.972972972972973,0.972972972972973,C3,finalized
"replay_from=data/experiments/b-2-t0,replay_inputs=finalized,ed_transform=logit,spatial=neighbors,epochs=300,patience=30,fit_partition=target,supplied_final=1,mask_rate=0.2,covariate_encoder=summary,covariate_set=kinsa,input_mode=scheduled_final,input_normalization=b0,evaluation_seasons=recent_two",43,wk inc covid hosp,2024-2025,all,52,0.2,6968.0,184796.19304347824,69311.97565217392,80107.86956521739,35376.34782608695,280899.0,3565.0,5336.0,5891.0,6224.0,294095.7264372725,135467.5071866996,122015.56154699084,36612.65770358205,459783.4153206482,3786.0,5746.0,6312.0,6600.0,0.7076670951801625,0.2542969413041543,0.2904792771312063,0.1628908767448016,0.4380785185746119,0.407628405592174,0.1542930758332142,0.514983904009365,0.7621890547263684,0.8450395083406499,0.8950248756218909,0.5601112086625696,0.8459467369037169,0.9204565408252854,0.9555458004097164,C3,finalized
"replay_from=data/experiments/b-2-t0,replay_inputs=finalized,ed_transform=logit,spatial=neighbors,epochs=300,patience=30,fit_partition=target,supplied_final=1,mask_rate=0.2,covariate_encoder=summary,covariate_set=kinsa,input_mode=scheduled_final,input_normalization=b0,evaluation_seasons=recent_two",43,wk inc covid hosp,2024-2025,states_dc,51,0.0,6834.0,120792.1704347826,44996.17043478261,52384.260869565216,23411.73913043478,183702.0,3494.0,5236.0,5778.0,6103.0,177711.5257127561,72412.19438985428,79788.8120383263,25510.51928457551,270242.3766800353,3701.0,5620.0,6180.0,6467.0,0.7470995235695186,0.2656394195144928,0.3035471801679307,0.177912923887095,0.4121516864040481,0.4188300047704274,0.1690183088255245,0.511267193444542,0.7661691542288558,0.8454784899034242,0.893034825870647,0.5415569212759731,0.8223587942639744,0.9043020193151888,0.9462979221539364,C3,finalized
"replay_from=data/experiments/b-2-t0,replay_inputs=finalized,ed_transform=logit,spatial=neighbors,epochs=300,patience=30,fit_partition=target,supplied_final=1,mask_rate=0.2,covariate_encoder=summary,covariate_set=kinsa,input_mode=scheduled_final,input_normalization=b0,evaluation_seasons=recent_two",43,wk inc covid hosp,2024-2025,US,1,1.0,134.0,64004.02260869565,24315.805217391306,27723.608695652176,11964.608695652174,97197.0,71.0,100.0,113.0,121.0,116384.20072451644,63055.31279684533,42226.74950866455,11102.138419006547,189541.03864061285,85.0,126.0,132.0,133.0,0.5499373816227373,0.2089270284628002,0.2382076649843089,0.1028026881756281,0.5417858472568663,0.3628220088791609,0.0953921438639727,0.5298507462686567,0.746268656716418,0.8432835820895522,0.9029850746268656,0.6343283582089553,0.9402985074626866,0.9850746268656716,0.9925373134328358,C3,finalized
"replay_from=data/experiments/b-2-t0,replay_inputs=finalized,ed_transform=logit,spatial=neighbors,epochs=300,patience=30,fit_partition=target,supplied_final=1,mask_rate=0.2,covariate_encoder=summary,covariate_set=kinsa,input_mode=scheduled_final,input_normalization=b0,evaluation_seasons=recent_two",43,wk inc covid hosp,2025-2026,all,52,0.2,9048.0,236716.8869565217,89201.62608695653,22422.78260869565,125092.47826086955,353071.0,4204.0,6532.0,7363.0,7832.0,251503.70978939495,102039.96804152089,70756.4623304223,78707.27941745178,396424.6389596296,4576.0,7150.0,7993.0,8484.0,0.9883007516616148,0.3741479605423717,0.1533497497123519,0.4608030414068909,0.4039583179592176,0.3059835764748293,0.2900581055659533,0.4404327248140636,0.70009015100293,0.7983096686950645,0.8564796033355874,0.5195176921343251,0.7918187964841109,0.8741717376605818,0.9417399143565476,C3,finalized
"replay_from=data/experiments/b-2-t0,replay_inputs=finalized,ed_transform=logit,spatial=neighbors,epochs=300,patience=30,fit_partition=target,supplied_final=1,mask_rate=0.2,covariate_encoder=summary,covariate_set=kinsa,input_mode=scheduled_final,input_normalization=b0,evaluation_seasons=recent_two",43,wk inc covid hosp,2025-2026,states_dc,51,0.0,8874.0,125657.81391304349,59084.72695652174,18711.565217391304,47861.52173913043,190219.0,4146.0,6427.0,7236.0,7690.0,137533.1523161514,55676.68777243521,42712.03193647525,39144.43260724092,215812.05818140364,4475.0,7011.0,7848.0,8317.0,0.9917624232757768,0.4016220573348631,0.1835464500202946,0.406593915920619,0.4032477713441501,0.3209626389317038,0.2757895897241462,0.4672075726842461,0.7242506197881453,0.8154158215010144,0.866576515663737,0.5042821726391706,0.7900608519269777,0.8843813387423937,0.937232364210052,C3,finalized
"replay_from=data/experiments/b-2-t0,replay_inputs=finalized,ed_transform=logit,spatial=neighbors,epochs=300,patience=30,fit_partition=target,supplied_final=1,mask_rate=0.2,covariate_encoder=summary,covariate_set=kinsa,input_mode=scheduled_final,input_normalization=b0,evaluation_seasons=recent_two",43,wk inc covid hosp,2025-2026,US,1,1.0,174.0,111059.07304347826,30116.89913043478,3711.217391304348,77230.95652173914,162852.0,58.0,105.0,127.0,142.0,113970.5574732436,46363.28026908566,28044.430393947056,39562.84681021086,180612.58077822597,101.0,139.0,145.0,167.0,0.9744540652049644,0.2642515733724054,0.0325629484805811,0.6776395433519778,0.4068005044194873,0.2460673266473311,0.3471321689331814,0.3333333333333333,0.603448275862069,0.7298850574712644,0.8160919540229885,0.5804597701149425,0.7988505747126436,0.8333333333333334,0.9597701149425288,C3,finalized
"replay_from=data/experiments/b-2-t0,replay_inputs=finalized,ed_transform=logit,spatial=neighbors,epochs=300,patience=30,fit_partition=target,supplied_final=1,mask_rate=0.2,covariate_encoder=summary,covariate_set=kinsa,input_mode=scheduled_final,input_normalization=b0,evaluation_seasons=recent_two",43,wk inc covid prop ed visits,2025-2026,all,52,0.2,5586.0,2.52162652372888,0.7320094100541711,0.475355973135794,1.314261140538895,3.787355802994061,1685.0,2928.0,3503.0,3915.0,2.497840451560441,1.156219767170679,0.6581087464717353,0.683511937918007,3.786811202370366,2935.0,4515.0,4987.0,5231.0,1.1276105982803686,0.3070047735531512,0.1477130560803257,0.6728927686468836,0.5391906708735537,0.2297971920394451,0.2310121370869917,0.2844693765801033,0.5067691913366655,0.6026106509151492,0.6854839047918634,0.5674912912283155,0.8383349061549755,0.9090629478172731,0.9467491524238932,C3,finalized
"replay_from=data/experiments/b-2-t0,replay_inputs=finalized,ed_transform=logit,spatial=neighbors,epochs=300,patience=30,fit_partition=target,supplied_final=1,mask_rate=0.2,covariate_encoder=summary,covariate_set=kinsa,input_mode=scheduled_final,input_normalization=b0,evaluation_seasons=recent_two",43,wk inc covid prop ed visits,2025-2026,states_dc,51,0.0,5476.0,2.481911888822324,0.7237248519793219,0.4748066443123578,1.2833803925306246,3.727178752158887,1662.0,2880.0,3447.0,3846.0,2.4713671885012656,1.136099226909532,0.6552800338668678,0.6799879277248464,3.754044683896241,2849.0,4405.0,4877.0,5121.0,1.0344684827058863,0.305520824032055,0.1794537387451329,0.5494939199286892,0.4839802140157255,0.2605335703145489,0.2554862156697166,0.3033139934524018,0.5243705800799228,0.6259905863712093,0.7000366991716473,0.5139095685808489,0.7979186326937193,0.8863286847715913,0.9334364405298664,C3,finalized
"replay_from=data/experiments/b-2-t0,replay_inputs=finalized,ed_transform=logit,spatial=neighbors,epochs=300,patience=30,fit_partition=target,supplied_final=1,mask_rate=0.2,covariate_encoder=summary,covariate_set=kinsa,input_mode=scheduled_final,input_normalization=b0,evaluation_seasons=recent_two",43,wk inc covid prop ed visits,2025-2026,US,1,1.0,110.0,0.0397146349065559,0.0082845580748492,0.0005493288234361,0.0308807480082703,0.0601770508351735,23.0,48.0,56.0,69.0,0.0264732630591753,0.020120540261147,0.0028287126048675,0.0035240101931606,0.0327665184741256,86.0,110.0,110.0,110.0,1.5001790605782976,0.3129405716375355,0.0207503254210967,1.1664881635196611,0.7600324983048661,0.1068516789390302,0.1331158227560923,0.209090909090909,0.4363636363636363,0.509090909090909,0.6272727272727273,0.7818181818181819,1.0,1.0,1.0,C3,finalized
"replay_from=data/experiments/b-2-t0,replay_inputs=finalized,ed_transform=logit,spatial=neighbors,epochs=300,patience=30,fit_partition=target,supplied_final=1,mask_rate=0.2,covariate_encoder=summary,covariate_set=kinsa,input_mode=scheduled_final,input_normalization=b0,evaluation_seasons=recent_two",43,wk inc flu hosp,2024-2025,all,52,0.2,5616.0,651771.7630434784,188040.93695652176,418490.30434782605,45240.52173913044,942281.0,2729.0,4132.0,4650.0,4938.0,997209.4752173912,214134.4317391304,732659.1304347826,50415.91304347826,1363610.0,2943.0,4023.0,4381.0,4604.0,0.7133855991383686,0.2016488729752197,0.4364510695978107,0.0752856565653381,0.221083968559547,0.7136002994462362,0.0653157319942169,0.4936456063907045,0.7452069716775601,0.834095860566449,0.8844589687726946,0.5315541031227307,0.7208424110384896,0.7796659404502543,0.8137618010167033,C3,finalized
"replay_from=data/experiments/b-2-t0,replay_inputs=finalized,ed_transform=logit,spatial=neighbors,epochs=300,patience=30,fit_partition=target,supplied_final=1,mask_rate=0.2,covariate_encoder=summary,covariate_set=kinsa,input_mode=scheduled_final,input_normalization=b0,evaluation_seasons=recent_two",43,wk inc flu hosp,2024-2025,states_dc,51,0.0,5508.0,382311.7847826088,113302.00217391305,231160.7391304348,37849.04347826087,570219.0,2672.0,4047.0,4557.0,4840.0,545536.7908695652,116470.22565217387,390693.86956521735,38372.69565217391,755891.0,2882.0,3943.0,4297.0,4519.0,0.7425863965881941,0.2106932282883026,0.4418772672150558,0.0900159010848357,0.2222980022694732,0.7027232314120876,0.0749787663184392,0.4851125635439362,0.7347494553376908,0.8273420479302834,0.878721859114016,0.5232389251997096,0.7158678286129269,0.7801379811183734,0.8204429920116196,C3,finalized
"replay_from=data/experiments/b-2-t0,replay_inputs=finalized,ed_transform=logit,spatial=neighbors,epochs=300,patience=30,fit_partition=target,supplied_final=1,mask_rate=0.2,covariate_encoder=summary,covariate_set=kinsa,input_mode=scheduled_final,input_normalization=b0,evaluation_seasons=recent_two",43,wk inc flu hosp,2024-2025,US,1,1.0,108.0,269459.9782608696,74738.9347826087,187329.5652173913,7391.478260869565,372062.0,57.0,85.0,93.0,98.0,451672.6843478261,97664.20608695652,341965.26086956525,12043.217391304348,607719.0,61.0,80.0,84.0,85.0,0.596582409339066,0.1654714517228883,0.4147462791288297,0.0163646784873479,0.2162278337198422,0.7571085715828304,0.0266635946973274,0.5277777777777778,0.7870370370370371,0.8611111111111112,0.9074074074074074,0.5648148148148148,0.7407407407407407,0.7777777777777778,0.7870370370370371,C3,finalized
"replay_from=data/experiments/b-2-t0,replay_inputs=finalized,ed_transform=logit,spatial=neighbors,epochs=300,patience=30,fit_partition=target,supplied_final=1,mask_rate=0.2,covariate_encoder=summary,covariate_set=kinsa,input_mode=scheduled_final,input_normalization=b0,evaluation_seasons=recent_two",43,wk inc flu hosp,2025-2026,all,52,0.2,5824.0,696590.3334782609,223702.20304347825,109295.47826086955,363592.652173913,1087401.0,2491.0,3910.0,4563.0,4946.0,681987.2230434783,182493.3534782609,344539.7391304348,154954.13043478262,1021199.0,3056.0,4510.0,4990.0,5252.0,0.9912177920412352,0.3288414297869941,0.2079822884330842,0.4543940738211567,0.2795215027822053,0.5126519392462101,0.2078265579715848,0.439390756302521,0.6842086834733894,0.7855392156862745,0.8507002801120449,0.5267507002801122,0.7781162464985995,0.8568627450980393,0.8984943977591039,C3,finalized
"replay_from=data/experiments/b-2-t0,replay_inputs=finalized,ed_transform=logit,spatial=neighbors,epochs=300,patience=30,fit_partition=target,supplied_final=1,mask_rate=0.2,covariate_encoder=summary,covariate_set=kinsa,input_mode=scheduled_final,input_normalization=b0,evaluation_seasons=recent_two",43,wk inc flu hosp,2025-2026,states_dc,51,0.0,5712.0,351687.08173913043,122933.73391304348,66791.3043478261,161962.04347826086,548127.0,2436.0,3827.0,4474.0,4850.0,369731.63260869565,98349.24130434784,189960.8260869565,81421.56521739133,551635.0,2996.0,4421.0,4894.0,5153.0,0.9628836677533752,0.3303739129079976,0.2259479062226344,0.406561848622743,0.2820338995276027,0.5170549996731874,0.2009111007992099,0.4264705882352942,0.6699929971988795,0.7832633053221287,0.849089635854342,0.5245098039215685,0.7739845938375353,0.8567927170868349,0.9021358543417368,C3,finalized
"replay_from=data/experiments/b-2-t0,replay_inputs=finalized,ed_transform=logit,spatial=neighbors,epochs=300,patience=30,fit_partition=target,supplied_final=1,mask_rate=0.2,covariate_encoder=summary,covariate_set=kinsa,input_mode=scheduled_final,input_normalization=b0,evaluation_seasons=recent_two",43,wk inc flu hosp,2025-2026,US,1,1.0,112.0,344903.2517391305,100768.46913043478,42504.17391304348,201630.60869565216,539274.0,55.0,83.0,89.0,96.0,312255.5904347826,84144.11217391305,154578.91304347827,73532.5652173913,469564.0,60.0,89.0,96.0,99.0,1.1045542891926754,0.32271149730298,0.1361198172748835,0.6457229746148117,0.2694719158006149,0.4950396975383006,0.2354883866610844,0.4910714285714285,0.7410714285714286,0.7946428571428571,0.8571428571428571,0.5357142857142857,0.7946428571428571,0.8571428571428571,0.8839285714285714,C3,finalized
"replay_from=data/experiments/b-2-t0,replay_inputs=finalized,ed_transform=logit,spatial=neighbors,epochs=300,patience=30,fit_partition=target,supplied_final=1,mask_rate=0.2,covariate_encoder=summary,covariate_set=kinsa,input_mode=scheduled_final,input_normalization=b0,evaluation_seasons=recent_two",43,wk inc flu prop ed visits,2025-2026,all,52,0.2,5768.0,34.22943791749988,8.190871772916758,15.534839857286796,10.5037262872963,51.64156049506415,1961.0,3396.0,4059.0,4548.0,37.45877191682501,10.32540181251476,18.66849846028443,8.464871644025802,55.69990942461097,3125.0,4505.0,4944.0,5205.0,0.9408547243374774,0.2304493616772379,0.408813272644708,0.3015920900155308,0.2959240659437712,0.4861518031545084,0.2179241309017199,0.3602591036414566,0.5980392156862747,0.7113445378151261,0.7967086834733894,0.563200280112045,0.7810574229691877,0.8550420168067228,0.8988795518207284,C3,finalized
"replay_from=data/experiments/b-2-t0,replay_inputs=finalized,ed_transform=logit,spatial=neighbors,epochs=300,patience=30,fit_partition=target,supplied_final=1,mask_rate=0.2,covariate_encoder=summary,covariate_set=kinsa,input_mode=scheduled_final,input_normalization=b0,evaluation_seasons=recent_two",43,wk inc flu prop ed visits,2025-2026,states_dc,51,0.0,5656.0,33.62866684146403,8.05447887916335,15.32551380721106,10.248674155089594,50.74405747963285,1910.0,3324.0,3975.0,4454.0,36.85597054744329,10.13762192450928,18.3753233456567,8.343025277277297,54.80314218169003,3050.0,4416.0,4848.0,5105.0,0.9269104296146368,0.2314954347150946,0.4242027327474515,0.2712122621520899,0.2920270708891611,0.4861011471818258,0.2218717819290127,0.336484593837535,0.5868347338935573,0.7016806722689076,0.7860644257703083,0.5365896358543416,0.7776610644257703,0.8545168067226891,0.9003851540616249,C3,finalized
"replay_from=data/experiments/b-2-t0,replay_inputs=finalized,ed_transform=logit,spatial=neighbors,epochs=300,patience=30,fit_partition=target,supplied_final=1,mask_rate=0.2,covariate_encoder=summary,covariate_set=kinsa,input_mode=scheduled_final,input_normalization=b0,evaluation_seasons=recent_two",43,wk inc flu prop ed visits,2025-2026,US,1,1.0,112.0,0.6007710760358504,0.1363928937534078,0.2093260500757346,0.2550521322067076,0.8975030154312957,51.0,72.0,84.0,94.0,0.6028013693817165,0.1877798880054818,0.29317511462773,0.1218463667485042,0.8967672429209468,75.0,89.0,96.0,100.0,0.996631903228839,0.2262650695258104,0.3472554322337338,0.423111401469294,0.3115120461622118,0.4863544270452387,0.2021335267925486,0.4553571428571428,0.6428571428571429,0.75,0.8392857142857143,0.6696428571428571,0.7946428571428571,0.8571428571428571,0.8928571428571429,C3,finalized
"replay_from=data/experiments/b-2-t0,replay_inputs=finalized,ed_transform=logit,spatial=neighbors,epochs=300,patience=30,fit_partition=target,supplied_final=1,mask_rate=0.2,covariate_encoder=summary,covariate_set=kinsa,input_mode=scheduled_final,input_normalization=b0,evaluation_seasons=recent_two",43,wk inc rsv hosp,2025-2026,all,52,0.2,6032.0,113341.1195652174,46290.72826086957,44730.391304347824,22320.0,173661.0,2975.0,4471.0,4909.0,5227.0,174064.93092191094,53052.087440608055,105063.50795633462,15949.335524968266,270304.41698893777,2589.0,4305.0,4948.0,5364.0,0.7874839857940374,0.3013521087677179,0.3179334242491818,0.1681984527771376,0.3067406302504329,0.5745971360277672,0.1186622337218002,0.4960446247464504,0.7396551724137933,0.8195402298850578,0.8704868154158216,0.4406693711967547,0.7187964841108859,0.8279918864097365,0.8953684922244761,C3,finalized
"replay_from=data/experiments/b-2-t0,replay_inputs=finalized,ed_transform=logit,spatial=neighbors,epochs=300,patience=30,fit_partition=target,supplied_final=1,mask_rate=0.2,covariate_encoder=summary,covariate_set=kinsa,input_mode=scheduled_final,input_normalization=b0,evaluation_seasons=recent_two",43,wk inc rsv hosp,2025-2026,states_dc,51,0.0,5916.0,70011.97913043479,31197.022608695654,25725.95652173913,13089.0,107548.0,2916.0,4386.0,4811.0,5124.0,94740.19007535864,28170.04025877443,55907.86834298157,10662.281473602628,146919.94591427944,2532.0,4219.0,4848.0,5257.0,0.8477987830908862,0.3291207853034267,0.3375223684930658,0.1811556292943937,0.3050074818838542,0.5633274152930453,0.1316651028231006,0.4929006085192698,0.7413793103448277,0.8132183908045978,0.8661257606490875,0.4279918864097364,0.7131507775524004,0.8194726166328601,0.8886071670047331,C3,finalized
"replay_from=data/experiments/b-2-t0,replay_inputs=finalized,ed_transform=logit,spatial=neighbors,epochs=300,patience=30,fit_partition=target,supplied_final=1,mask_rate=0.2,covariate_encoder=summary,covariate_set=kinsa,input_mode=scheduled_final,input_normalization=b0,evaluation_seasons=recent_two",43,wk inc rsv hosp,2025-2026,US,1,1.0,116.0,43329.14043478261,15093.705652173914,19004.434782608696,9231.0,66113.0,59.0,85.0,98.0,103.0,79324.7408465523,24882.04718183363,49155.63961335304,5287.05405136564,123384.47107465832,57.0,86.0,100.0,107.0,0.5462247966066419,0.1902774026248827,0.2395776472736461,0.116369746708113,0.3136732237167476,0.6196760189666538,0.0666507573165986,0.5086206896551724,0.7327586206896551,0.8448275862068966,0.8879310344827587,0.4913793103448275,0.7413793103448276,0.8620689655172413,0.9224137931034484,C3,finalized
"replay_from=data/experiments/b-2-t0,replay_inputs=finalized,ed_transform=logit,spatial=neighbors,epochs=300,patience=30,fit_partition=target,supplied_final=1,mask_rate=0.2,covariate_encoder=summary,covariate_set=kinsa,input_mode=scheduled_final,input_normalization=b0,evaluation_seasons=recent_two",43,wk inc rsv prop ed visits,2025-2026,all,51,0.2,5586.0,3.0879996464046613,1.1645257377341505,1.500731667394582,0.422742241275908,4.68688445497239,2712.0,4297.0,4819.0,5066.0,4.530466181091006,1.2624880197885668,3.0078391482014357,0.2601390131009845,6.751646223879154,2706.0,4144.0,4680.0,5001.0,0.7111342746618208,0.2674207474585329,0.3458528769109878,0.0978606502922945,0.3535959682986677,0.5860545127207138,0.060349518980613,0.4744274058493207,0.7463082030014652,0.8327228087687897,0.8820162764508308,0.5147666229916434,0.7725612543865138,0.86154240300846,0.908627902093687,C3,finalized
"replay_from=data/experiments/b-2-t0,replay_inputs=finalized,ed_transform=logit,spatial=neighbors,epochs=300,patience=30,fit_partition=target,supplied_final=1,mask_rate=0.2,covariate_encoder=summary,covariate_set=kinsa,input_mode=scheduled_final,input_normalization=b0,evaluation_seasons=recent_two",43,wk inc rsv prop ed visits,2025-2026,states_dc,50,0.0,5475.0,3.053312757776442,1.1551026807597022,1.479635135917132,0.4185749410995872,4.635404987403587,2663.0,4223.0,4739.0,4978.0,4.481922043258964,1.2402717937371133,2.9831665637207228,0.2584836858011096,6.672332609887618,2633.0,4042.0,4572.0,4893.0,0.710282017369088,0.2857476392741772,0.323669962848438,0.100864415246467,0.3275824533044074,0.6055055048001255,0.0669120418954619,0.4826738969512905,0.7662185870851649,0.8607233307808071,0.9043221473653404,0.47904386432514,0.7359718382534125,0.8336847605173314,0.8925416343738655,C3,finalized
"replay_from=data/experiments/b-2-t0,replay_inputs=finalized,ed_transform=logit,spatial=neighbors,epochs=300,patience=30,fit_partition=target,supplied_final=1,mask_rate=0.2,covariate_encoder=summary,covariate_set=kinsa,input_mode=scheduled_final,input_normalization=b0,evaluation_seasons=recent_two",43,wk inc rsv prop ed visits,2025-2026,US,1,1.0,111.0,0.0346868886282191,0.0094230569744482,0.0210965314774499,0.0041673001763207,0.0514794675688024,49.0,74.0,80.0,88.0,0.0485441378320411,0.0222162260514535,0.0246725844807123,0.0016553272998748,0.0793136139915364,73.0,102.0,108.0,108.0,0.7145433038327513,0.1941131801959556,0.4345845331611871,0.0858455904756045,0.4576500282757085,0.5082505444030668,0.0340994273212172,0.4414414414414414,0.6666666666666666,0.7207207207207207,0.7927927927927928,0.6576576576576577,0.918918918918919,0.972972972972973,0.972972972972973,C3,finalized
"replay_from=data/experiments/b-2-t0,replay_inputs=finalized,ed_transform=logit,spatial=neighbors,epochs=300,patience=30,fit_partition=target,supplied_final=1,mask_rate=0.2,covariate_encoder=summary,covariate_set=kinsa,input_mode=scheduled_final,input_normalization=b0,evaluation_seasons=recent_two",44,wk inc covid hosp,2024-2025,all,52,0.2,6968.0,191563.2669565217,59435.78869565218,107338.95652173914,24788.52173913044,285878.0,3636.0,5477.0,6048.0,6321.0,294095.7264372725,135467.5071866996,122015.56154699084,36612.65770358205,459783.4153206482,3786.0,5746.0,6312.0,6600.0,0.7140944701877927,0.2479552958876785,0.336293002162302,0.1298461721378122,0.4380785185746119,0.407628405592174,0.1542930758332142,0.4889083991805679,0.7525607257828506,0.840035118525022,0.8829967808018732,0.5601112086625696,0.8459467369037169,0.9204565408252854,0.9555458004097164,C3,finalized
"replay_from=data/experiments/b-2-t0,replay_inputs=finalized,ed_transform=logit,spatial=neighbors,epochs=300,patience=30,fit_partition=target,supplied_final=1,mask_rate=0.2,covariate_encoder=summary,covariate_set=kinsa,input_mode=scheduled_final,input_normalization=b0,evaluation_seasons=recent_two",44,wk inc covid hosp,2024-2025,states_dc,51,0.0,6834.0,121232.12,43275.03304347827,59156.21739130435,18800.869565217392,183629.0,3590.0,5396.0,5952.0,6217.0,177711.5257127561,72412.19438985428,79788.8120383263,25510.51928457551,270242.3766800353,3701.0,5620.0,6180.0,6467.0,0.7415427129873625,0.2752298812611248,0.3168669400159171,0.1494458917103206,0.4121516864040481,0.4188300047704274,0.1690183088255245,0.5253146034533218,0.7895815042434885,0.8709394205443373,0.9097161252560728,0.5415569212759731,0.8223587942639744,0.9043020193151888,0.9462979221539364,C3,finalized
"replay_from=data/experiments/b-2-t0,replay_inputs=finalized,ed_transform=logit,spatial=neighbors,epochs=300,patience=30,fit_partition=target,supplied_final=1,mask_rate=0.2,covariate_encoder=summary,covariate_set=kinsa,input_mode=scheduled_final,input_normalization=b0,evaluation_seasons=recent_two",44,wk inc covid hosp,2024-2025,US,1,1.0,134.0,70331.14695652174,16160.755652173912,48182.739130434784,5987.652173913044,102249.0,46.0,81.0,96.0,104.0,116384.20072451644,63055.31279684533,42226.74950866455,11102.138419006547,189541.03864061285,85.0,126.0,132.0,133.0,0.6043014989895138,0.1388569543938934,0.4139972507478417,0.0514472938477785,0.5417858472568663,0.3628220088791609,0.0953921438639727,0.3432835820895522,0.6044776119402985,0.7164179104477612,0.7761194029850746,0.6343283582089553,0.9402985074626866,0.9850746268656716,0.9925373134328358,C3,finalized
"replay_from=data/experiments/b-2-t0,replay_inputs=finalized,ed_transform=logit,spatial=neighbors,epochs=300,patience=30,fit_partition=target,supplied_final=1,mask_rate=0.2,covariate_encoder=summary,covariate_set=kinsa,input_mode=scheduled_final,input_normalization=b0,evaluation_seasons=recent_two",44,wk inc covid hosp,2025-2026,all,52,0.2,9048.0,217989.05,63068.18043478261,30181.39130434782,124739.47826086955,309036.0,4308.0,6483.0,7293.0,7731.0,251503.70978939495,102039.96804152089,70756.4623304223,78707.27941745178,396424.6389596296,4576.0,7150.0,7993.0,8484.0,0.9084182136533128,0.2929560527533725,0.1839078729456698,0.4315542879542706,0.4039583179592176,0.3059835764748293,0.2900581055659533,0.449808429118774,0.6893171061528061,0.7761099842235747,0.8219517692134326,0.5195176921343251,0.7918187964841109,0.8741717376605818,0.9417399143565476,C3,finalized
"replay_from=data/experiments/b-2-t0,replay_inputs=finalized,ed_transform=logit,spatial=neighbors,epochs=300,patience=30,fit_partition=target,supplied_final=1,mask_rate=0.2,covariate_encoder=summary,covariate_set=kinsa,input_mode=scheduled_final,input_normalization=b0,evaluation_seasons=recent_two",44,wk inc covid hosp,2025-2026,states_dc,51,0.0,8874.0,116712.12826086956,45569.25869565217,24251.130434782604,46891.739130434784,175998.0,4250.0,6384.0,7181.0,7613.0,137533.1523161514,55676.68777243521,42712.03193647525,39144.43260724092,215812.05818140364,4475.0,7011.0,7848.0,8317.0,0.913366878773064,0.3278103240244039,0.2168765235054858,0.3686800312431742,0.4032477713441501,0.3209626389317038,0.2757895897241462,0.4789272030651342,0.7194050033806627,0.8092179400495831,0.8578994816317332,0.5042821726391706,0.7900608519269777,0.8843813387423937,0.937232364210052,C3,finalized
"replay_from=data/experiments/b-2-t0,replay_inputs=finalized,ed_transform=logit,spatial=neighbors,epochs=300,patience=30,fit_partition=target,supplied_final=1,mask_rate=0.2,covariate_encoder=summary,covariate_set=kinsa,input_mode=scheduled_final,input_normalization=b0,evaluation_seasons=recent_two",44,wk inc covid hosp,2025-2026,US,1,1.0,174.0,101276.92173913044,17498.921739130434,5930.260869565217,77847.73913043478,133038.0,58.0,99.0,112.0,118.0,113970.5574732436,46363.28026908566,28044.430393947056,39562.84681021086,180612.58077822597,101.0,139.0,145.0,167.0,0.8886235531743083,0.1535389676692472,0.0520332707064053,0.6830513147986557,0.4068005044194873,0.2460673266473311,0.3471321689331814,0.3333333333333333,0.5689655172413793,0.6436781609195402,0.6781609195402298,0.5804597701149425,0.7988505747126436,0.8333333333333334,0.9597701149425288,C3,finalized
"replay_from=data/experiments/b-2-t0,replay_inputs=finalized,ed_transform=logit,spatial=neighbors,epochs=300,patience=30,fit_partition=target,supplied_final=1,mask_rate=0.2,covariate_encoder=summary,covariate_set=kinsa,input_mode=scheduled_final,input_normalization=b0,evaluation_seasons=recent_two",44,wk inc covid prop ed visits,2025-2026,all,52,0.2,5586.0,2.7955504681326366,0.7262487843115789,0.4600141338668598,1.6092875499541777,4.068641012665404,1357.0,2409.0,2878.0,3233.0,2.497840451560441,1.156219767170679,0.6581087464717353,0.683511937918007,3.786811202370366,2935.0,4515.0,4987.0,5231.0,1.3095685508029564,0.3157732490445694,0.1331661464741217,0.8606291552842562,0.5391906708735537,0.2297971920394451,0.2310121370869917,0.2195945615322778,0.3998413197721157,0.493929840504235,0.5667766476763018,0.5674912912283155,0.8383349061549755,0.9090629478172731,0.9467491524238932,C3,finalized
"replay_from=data/experiments/b-2-t0,replay_inputs=finalized,ed_transform=logit,spatial=neighbors,epochs=300,patience=30,fit_partition=target,supplied_final=1,mask_rate=0.2,covariate_encoder=summary,covariate_set=kinsa,input_mode=scheduled_final,input_normalization=b0,evaluation_seasons=recent_two",44,wk inc covid prop ed visits,2025-2026,states_dc,51,0.0,5476.0,2.7474529547566666,0.7161780828702197,0.4600112702960388,1.5712636015903882,3.996609906421191,1344.0,2380.0,2834.0,3176.0,2.4713671885012656,1.136099226909532,0.6552800338668678,0.6799879277248464,3.754044683896241,2849.0,4405.0,4877.0,5121.0,1.182752292768175,0.2996139910365285,0.166430640989695,0.7167076607419425,0.4839802140157255,0.2605335703145489,0.2554862156697166,0.2449477473698927,0.4338925588060536,0.5174123006302939,0.5789253550499226,0.5139095685808489,0.7979186326937193,0.8863286847715913,0.9334364405298664,C3,finalized
"replay_from=data/experiments/b-2-t0,replay_inputs=finalized,ed_transform=logit,spatial=neighbors,epochs=300,patience=30,fit_partition=target,supplied_final=1,mask_rate=0.2,covariate_encoder=summary,covariate_set=kinsa,input_mode=scheduled_final,input_normalization=b0,evaluation_seasons=recent_two",44,wk inc covid prop ed visits,2025-2026,US,1,1.0,110.0,0.0480975133759699,0.0100707014413591,2.86357082102608e-06,0.0380239483637894,0.0720311062442136,13.0,29.0,44.0,57.0,0.0264732630591753,0.020120540261147,0.0028287126048675,0.0035240101931606,0.0327665184741256,86.0,110.0,110.0,110.0,1.816833582942082,0.3804102810767327,0.0001081684118283,1.4363151334535107,0.7600324983048661,0.1068516789390302,0.1331158227560923,0.1181818181818181,0.2636363636363636,0.4,0.5181818181818182,0.7818181818181819,1.0,1.0,1.0,C3,finalized
"replay_from=data/experiments/b-2-t0,replay_inputs=finalized,ed_transform=logit,spatial=neighbors,epochs=300,patience=30,fit_partition=target,supplied_final=1,mask_rate=0.2,covariate_encoder=summary,covariate_set=kinsa,input_mode=scheduled_final,input_normalization=b0,evaluation_seasons=recent_two",44,wk inc flu hosp,2024-2025,all,52,0.2,5616.0,820893.9713043479,182147.44956521745,619206.2173913043,19540.304347826088,1140094.0,2532.0,3928.0,4424.0,4719.0,997209.4752173912,214134.4317391304,732659.1304347826,50415.91304347826,1363610.0,2943.0,4023.0,4381.0,4604.0,0.8411427471538917,0.1911703216903448,0.6167620768024353,0.0332103486611113,0.221083968559547,0.7136002994462362,0.0653157319942169,0.4394335511982571,0.6985112563543939,0.7859114015976761,0.837291212781409,0.5315541031227307,0.7208424110384896,0.7796659404502543,0.8137618010167033,C3,finalized
"replay_from=data/experiments/b-2-t0,replay_inputs=finalized,ed_transform=logit,spatial=neighbors,epochs=300,patience=30,fit_partition=target,supplied_final=1,mask_rate=0.2,covariate_encoder=summary,covariate_set=kinsa,input_mode=scheduled_final,input_normalization=b0,evaluation_seasons=recent_two",44,wk inc flu hosp,2024-2025,states_dc,51,0.0,5508.0,454667.7447826087,108545.65782608696,330262.9130434782,15859.173913043478,642632.0,2490.0,3853.0,4340.0,4630.0,545536.7908695652,116470.22565217387,390693.86956521735,38372.69565217391,755891.0,2882.0,3943.0,4297.0,4519.0,0.8487228911827129,0.1982244457651642,0.6110230085159052,0.0394754369016435,0.2222980022694732,0.7027232314120876,0.0749787663184392,0.4520697167755991,0.6995279593318809,0.7879448075526507,0.8405954974582428,0.5232389251997096,0.7158678286129269,0.7801379811183734,0.8204429920116196,C3,finalized
"replay_from=data/experiments/b-2-t0,replay_inputs=finalized,ed_transform=logit,spatial=neighbors,epochs=300,patience=30,fit_partition=target,supplied_final=1,mask_rate=0.2,covariate_encoder=summary,covariate_set=kinsa,input_mode=scheduled_final,input_normalization=b0,evaluation_seasons=recent_two",44,wk inc flu hosp,2024-2025,US,1,1.0,108.0,366226.2265217392,73601.79173913044,288943.3043478261,3681.130434782609,497462.0,42.0,75.0,84.0,89.0,451672.6843478261,97664.20608695652,341965.26086956525,12043.217391304348,607719.0,61.0,80.0,84.0,85.0,0.8108221710386055,0.1629538253910675,0.6397183499485556,0.0081499956989823,0.2162278337198422,0.7571085715828304,0.0266635946973274,0.3888888888888889,0.6944444444444444,0.7777777777777778,0.8240740740740741,0.5648148148148148,0.7407407407407407,0.7777777777777778,0.7870370370370371,C3,finalized
"replay_from=data/experiments/b-2-t0,replay_inputs=finalized,ed_transform=logit,spatial=neighbors,epochs=300,patience=30,fit_partition=target,supplied_final=1,mask_rate=0.2,covariate_encoder=summary,covariate_set=kinsa,input_mode=scheduled_final,input_normalization=b0,evaluation_seasons=recent_two",44,wk inc flu hosp,2025-2026,all,52,0.2,5824.0,574455.5086956522,153621.07391304348,301823.86956521735,119010.5652173913,873136.0,2561.0,4160.0,4714.0,5040.0,681987.2230434783,182493.3534782609,344539.7391304348,154954.13043478262,1021199.0,3056.0,4510.0,4990.0,5252.0,0.8778332843484353,0.2341211858267534,0.5271320569561014,0.1165800415655803,0.2795215027822053,0.5126519392462101,0.2078265579715848,0.4442577030812326,0.7274509803921568,0.8165616246498599,0.8688025210084034,0.5267507002801122,0.7781162464985995,0.8568627450980393,0.8984943977591039,C3,finalized
"replay_from=data/experiments/b-2-t0,replay_inputs=finalized,ed_transform=logit,spatial=neighbors,epochs=300,patience=30,fit_partition=target,supplied_final=1,mask_rate=0.2,covariate_encoder=summary,covariate_set=kinsa,input_mode=scheduled_final,input_normalization=b0,evaluation_seasons=recent_two",44,wk inc flu hosp,2025-2026,states_dc,51,0.0,5712.0,310582.5408695653,90887.36695652171,183485.43478260867,36209.73913043478,471295.0,2509.0,4072.0,4619.0,4941.0,369731.63260869565,98349.24130434784,189960.8260869565,81421.56521739133,551635.0,2996.0,4421.0,4894.0,5153.0,0.8860279996673718,0.2424252342367921,0.5641702224176915,0.0794325430128879,0.2820338995276027,0.5170549996731874,0.2009111007992099,0.4392507002801121,0.7128851540616246,0.8086484593837537,0.8650210084033617,0.5245098039215685,0.7739845938375353,0.8567927170868349,0.9021358543417368,C3,finalized
"replay_from=data/experiments/b-2-t0,replay_inputs=finalized,ed_transform=logit,spatial=neighbors,epochs=300,patience=30,fit_partition=target,supplied_final=1,mask_rate=0.2,covariate_encoder=summary,covariate_set=kinsa,input_mode=scheduled_final,input_normalization=b0,evaluation_seasons=recent_two",44,wk inc flu hosp,2025-2026,US,1,1.0,112.0,263872.96782608697,62733.70695652174,118338.43478260867,82800.82608695653,401841.0,52.0,88.0,95.0,99.0,312255.5904347826,84144.11217391305,154578.91304347827,73532.5652173913,469564.0,60.0,89.0,96.0,99.0,0.8450544230726886,0.2009049921865986,0.3789793951097401,0.2651700357763498,0.2694719158006149,0.4950396975383006,0.2354883866610844,0.4642857142857143,0.7857142857142857,0.8482142857142857,0.8839285714285714,0.5357142857142857,0.7946428571428571,0.8571428571428571,0.8839285714285714,C3,finalized
"replay_from=data/experiments/b-2-t0,replay_inputs=finalized,ed_transform=logit,spatial=neighbors,epochs=300,patience=30,fit_partition=target,supplied_final=1,mask_rate=0.2,covariate_encoder=summary,covariate_set=kinsa,input_mode=scheduled_final,input_normalization=b0,evaluation_seasons=recent_two",44,wk inc flu prop ed visits,2025-2026,all,52,0.2,5768.0,33.67579230944603,8.91666599480895,13.569397876770788,11.189728437866272,51.35558309363312,2000.0,3464.0,4178.0,4644.0,37.45877191682501,10.32540181251476,18.66849846028443,8.464871644025802,55.69990942461097,3125.0,4505.0,4944.0,5205.0,0.942195978168056,0.2421992307499771,0.3589213544195753,0.3410753929985032,0.2959240659437712,0.4861518031545084,0.2179241309017199,0.3306372549019609,0.5800070028011206,0.705672268907563,0.7878151260504203,0.563200280112045,0.7810574229691877,0.8550420168067228,0.8988795518207284,C3,finalized
"replay_from=data/experiments/b-2-t0,replay_inputs=finalized,ed_transform=logit,spatial=neighbors,epochs=300,patience=30,fit_partition=target,supplied_final=1,mask_rate=0.2,covariate_encoder=summary,covariate_set=kinsa,input_mode=scheduled_final,input_normalization=b0,evaluation_seasons=recent_two",44,wk inc flu prop ed visits,2025-2026,states_dc,51,0.0,5656.0,33.02639151358759,8.793119836258109,13.386307952214464,10.846963725114994,50.42868999356216,1971.0,3409.0,4108.0,4564.0,36.85597054744329,10.13762192450928,18.3753233456567,8.343025277277297,54.80314218169003,3050.0,4416.0,4848.0,5105.0,0.9084187780281786,0.2515107015548096,0.3727187514884715,0.284189324984897,0.2920270708891611,0.4861011471818258,0.2218717819290127,0.3485644257703082,0.6022408963585434,0.7258403361344539,0.8061974789915969,0.5365896358543416,0.7776610644257703,0.8545168067226891,0.9003851540616249,C3,finalized
"replay_from=data/experiments/b-2-t0,replay_inputs=finalized,ed_transform=logit,spatial=neighbors,epochs=300,patience=30,fit_partition=target,supplied_final=1,mask_rate=0.2,covariate_encoder=summary,covariate_set=kinsa,input_mode=scheduled_final,input_normalization=b0,evaluation_seasons=recent_two",44,wk inc flu prop ed visits,2025-2026,US,1,1.0,112.0,0.6494007958584439,0.1235461585508408,0.1830899245563245,0.342764712751278,0.9268931000709532,29.0,55.0,70.0,80.0,0.6028013693817165,0.1877798880054818,0.29317511462773,0.1218463667485042,0.8967672429209468,75.0,89.0,96.0,100.0,1.077304778727566,0.2049533475306469,0.3037317661439901,0.5686196650529282,0.3115120461622118,0.4863544270452387,0.2021335267925486,0.2589285714285714,0.4910714285714285,0.625,0.7142857142857143,0.6696428571428571,0.7946428571428571,0.8571428571428571,0.8928571428571429,C3,finalized
"replay_from=data/experiments/b-2-t0,replay_inputs=finalized,ed_transform=logit,spatial=neighbors,epochs=300,patience=30,fit_partition=target,supplied_final=1,mask_rate=0.2,covariate_encoder=summary,covariate_set=kinsa,input_mode=scheduled_final,input_normalization=b0,evaluation_seasons=recent_two",44,wk inc rsv hosp,2025-2026,all,52,0.2,6032.0,129077.61173913044,38943.13347826087,75385.82608695651,14748.652173913044,188289.0,2827.0,4291.0,4877.0,5233.0,174064.93092191094,53052.087440608055,105063.50795633462,15949.335524968266,270304.41698893777,2589.0,4305.0,4948.0,5364.0,0.8447755955726146,0.2765209503367157,0.4553986294442337,0.1128560157916651,0.3067406302504329,0.5745971360277672,0.1186622337218002,0.4490196078431374,0.6946585530764032,0.786612576064909,0.8458755916159567,0.4406693711967547,0.7187964841108859,0.8279918864097365,0.8953684922244761,C3,finalized
"replay_from=data/experiments/b-2-t0,replay_inputs=finalized,ed_transform=logit,spatial=neighbors,epochs=300,patience=30,fit_partition=target,supplied_final=1,mask_rate=0.2,covariate_encoder=summary,covariate_set=kinsa,input_mode=scheduled_final,input_normalization=b0,evaluation_seasons=recent_two",44,wk inc rsv hosp,2025-2026,states_dc,51,0.0,5916.0,74255.06304347827,28270.10652173913,37962.78260869564,8022.173913043478,113814.0,2785.0,4219.0,4797.0,5146.0,94740.19007535864,28170.04025877443,55907.86834298157,10662.281473602628,146919.94591427944,2532.0,4219.0,4848.0,5257.0,0.8831906485767465,0.3120140564199928,0.451305753747879,0.1198708384088745,0.3050074818838542,0.5633274152930453,0.1316651028231006,0.4707572684246113,0.7131507775524004,0.8108519269776879,0.869844489519946,0.4279918864097364,0.7131507775524004,0.8194726166328601,0.8886071670047331,C3,finalized
"replay_from=data/experiments/b-2-t0,replay_inputs=finalized,ed_transform=logit,spatial=neighbors,epochs=300,patience=30,fit_partition=target,supplied_final=1,mask_rate=0.2,covariate_encoder=summary,covariate_set=kinsa,input_mode=scheduled_final,input_normalization=b0,evaluation_seasons=recent_two",44,wk inc rsv hosp,2025-2026,US,1,1.0,116.0,54822.54869565218,10673.02695652174,37423.04347826087,6726.478260869566,74475.0,42.0,72.0,80.0,87.0,79324.7408465523,24882.04718183363,49155.63961335304,5287.05405136564,123384.47107465832,57.0,86.0,100.0,107.0,0.6911153835560868,0.1345485260036071,0.4717701322296522,0.0847967253228274,0.3136732237167476,0.6196760189666538,0.0666507573165986,0.3620689655172414,0.6206896551724138,0.6896551724137931,0.75,0.4913793103448275,0.7413793103448276,0.8620689655172413,0.9224137931034484,C3,finalized
"replay_from=data/experiments/b-2-t0,replay_inputs=finalized,ed_transform=logit,spatial=neighbors,epochs=300,patience=30,fit_partition=target,supplied_final=1,mask_rate=0.2,covariate_encoder=summary,covariate_set=kinsa,input_mode=scheduled_final,input_normalization=b0,evaluation_seasons=recent_two",44,wk inc rsv prop ed visits,2025-2026,all,51,0.2,5586.0,3.561943554840364,0.9933267960896328,2.342586035698498,0.226030723052214,5.460802576017967,2166.0,3753.0,4411.0,4813.0,4.530466181091006,1.2624880197885668,3.0078391482014357,0.2601390131009845,6.751646223879154,2706.0,4144.0,4680.0,5001.0,0.8271632802286251,0.2361639487038147,0.545361168066579,0.0456381634582258,0.3535959682986677,0.5860545127207138,0.060349518980613,0.385299506805454,0.6577024404181668,0.7735595712853117,0.84538558247983,0.5147666229916434,0.7725612543865138,0.86154240300846,0.908627902093687,C3,finalized
"replay_from=data/experiments/b-2-t0,replay_inputs=finalized,ed_transform=logit,spatial=neighbors,epochs=300,patience=30,fit_partition=target,supplied_final=1,mask_rate=0.2,covariate_encoder=summary,covariate_set=kinsa,input_mode=scheduled_final,input_normalization=b0,evaluation_seasons=recent_two",44,wk inc rsv prop ed visits,2025-2026,states_dc,50,0.0,5475.0,3.522283184844026,0.9839755049626396,2.3142666743153817,0.2240410055659858,5.401736693400593,2123.0,3685.0,4331.0,4725.0,4.481922043258964,1.2402717937371133,2.9831665637207228,0.2584836858011096,6.672332609887618,2633.0,4042.0,4572.0,4893.0,0.8297050819307753,0.2470462315304001,0.5358580964566042,0.0468007539437659,0.3275824533044074,0.6055055048001255,0.0669120418954619,0.3847775366599706,0.6689748973695554,0.7867692839264594,0.8585337799015892,0.47904386432514,0.7359718382534125,0.8336847605173314,0.8925416343738655,C3,finalized
"replay_from=data/experiments/b-2-t0,replay_inputs=finalized,ed_transform=logit,spatial=neighbors,epochs=300,patience=30,fit_partition=target,supplied_final=1,mask_rate=0.2,covariate_encoder=summary,covariate_set=kinsa,input_mode=scheduled_final,input_normalization=b0,evaluation_seasons=recent_two",44,wk inc rsv prop ed visits,2025-2026,US,1,1.0,111.0,0.039660369996338,0.009351291126993,0.0283193613831164,0.0019897174862282,0.0590658826173745,43.0,68.0,80.0,88.0,0.0485441378320411,0.0222162260514535,0.0246725844807123,0.0016553272998748,0.0793136139915364,73.0,102.0,108.0,108.0,0.8169960734200237,0.192634817397473,0.5833734545064775,0.0409878015160657,0.4576500282757085,0.5082505444030668,0.0340994273212172,0.3873873873873873,0.6126126126126126,0.7207207207207207,0.7927927927927928,0.6576576576576577,0.918918918918919,0.972972972972973,0.972972972972973,C3,finalized
"replay_from=data/experiments/b-2-t0,replay_inputs=nowcast,ed_transform=logit,epochs=300,patience=30,fit_partition=target,supplied_final=1,mask_rate=0.2,covariate_encoder=summary,covariate_set=inpatient+ww_wval_like+kinsa+ilinet+clinical_lab+flusurv,input_mode=scheduled_final,input_normalization=b0,evaluation_seasons=recent_two",42,wk inc covid hosp,2024-2025,all,52,0.2,6968.0,504331.7747826087,71437.34,354267.9130434783,78626.52173913043,699430.0,1765.0,3149.0,3803.0,4410.0,294095.7264372725,135467.5071866996,122015.56154699084,36612.65770358205,459783.4153206482,3786.0,5746.0,6312.0,6600.0,1.5547029318513372,0.2408408259820387,1.1227975604158846,0.1910645454534139,0.4380785185746119,0.407628405592174,0.1542930758332142,0.2258706467661692,0.4085162423178227,0.5070822358794266,0.6056482294410304,0.5601112086625696,0.8459467369037169,0.9204565408252854,0.9555458004097164,C2,nowcast
"replay_from=data/experiments/b-2-t0,replay_inputs=nowcast,ed_transform=logit,epochs=300,patience=30,fit_partition=target,supplied_final=1,mask_rate=0.2,covariate_encoder=summary,covariate_set=inpatient+ww_wval_like+kinsa+ilinet+clinical_lab+flusurv,input_mode=scheduled_final,input_normalization=b0,evaluation_seasons=recent_two",42,wk inc covid hosp,2024-2025,states_dc,51,0.0,6834.0,280528.4830434783,43639.04826086956,202233.78260869565,34655.65217391305,391053.0,1751.0,3120.0,3758.0,4345.0,177711.5257127561,72412.19438985428,79788.8120383263,25510.51928457551,270242.3766800353,3701.0,5620.0,6180.0,6467.0,1.462636239412125,0.2413386927310876,1.0769188379230905,0.1443787087579472,0.4121516864040481,0.4188300047704274,0.1690183088255245,0.2562189054726368,0.4565408252853381,0.5498975709686861,0.6357916300848698,0.5415569212759731,0.8223587942639744,0.9043020193151888,0.9462979221539364,C2,nowcast
"replay_from=data/experiments/b-2-t0,replay_inputs=nowcast,ed_transform=logit,epochs=300,patience=30,fit_partition=target,supplied_final=1,mask_rate=0.2,covariate_encoder=summary,covariate_set=inpatient+ww_wval_like+kinsa+ilinet+clinical_lab+flusurv,input_mode=scheduled_final,input_normalization=b0,evaluation_seasons=recent_two",42,wk inc covid hosp,2024-2025,US,1,1.0,134.0,223803.2917391304,27798.29173913044,152034.1304347826,43970.86956521739,308377.0,14.0,29.0,45.0,65.0,116384.20072451644,63055.31279684533,42226.74950866455,11102.138419006547,189541.03864061285,85.0,126.0,132.0,133.0,1.9229697016081844,0.238849358985843,1.306312450387061,0.3778078922352808,0.5417858472568663,0.3628220088791609,0.0953921438639727,0.1044776119402985,0.2164179104477611,0.3358208955223881,0.4850746268656716,0.6343283582089553,0.9402985074626866,0.9850746268656716,0.9925373134328358,C2,nowcast
"replay_from=data/experiments/b-2-t0,replay_inputs=nowcast,ed_transform=logit,epochs=300,patience=30,fit_partition=target,supplied_final=1,mask_rate=0.2,covariate_encoder=summary,covariate_set=inpatient+ww_wval_like+kinsa+ilinet+clinical_lab+flusurv,input_mode=scheduled_final,input_normalization=b0,evaluation_seasons=recent_two",42,wk inc covid hosp,2025-2026,all,52,0.2,9048.0,332956.772173913,45122.29391304348,264662.04347826086,23172.434782608696,457803.0,2441.0,4134.0,5003.0,5726.0,251503.70978939495,102039.96804152089,70756.4623304223,78707.27941745178,396424.6389596296,4576.0,7150.0,7993.0,8484.0,1.35285381467754,0.1820472531804198,1.0732163099722354,0.0975902515248844,0.4039583179592176,0.3059835764748293,0.2900581055659533,0.2687852152355195,0.4531890917286456,0.5548343475321165,0.6422582826233943,0.5195176921343251,0.7918187964841109,0.8741717376605818,0.9417399143565476,C2,nowcast
"replay_from=data/experiments/b-2-t0,replay_inputs=nowcast,ed_transform=logit,epochs=300,patience=30,fit_partition=target,supplied_final=1,mask_rate=0.2,covariate_encoder=summary,covariate_set=inpatient+ww_wval_like+kinsa+ilinet+clinical_lab+flusurv,input_mode=scheduled_final,input_normalization=b0,evaluation_seasons=recent_two",42,wk inc covid hosp,2025-2026,states_dc,51,0.0,8874.0,191829.49,26812.31608695652,153920.0869565217,11097.086956521738,262201.0,2395.0,4058.0,4905.0,5607.0,137533.1523161514,55676.68777243521,42712.03193647525,39144.43260724092,215812.05818140364,4475.0,7011.0,7848.0,8317.0,1.3814976626023776,0.1873952333066261,1.0986024817865894,0.0954999475091619,0.4032477713441501,0.3209626389317038,0.2757895897241462,0.2698895650214109,0.4572909623619563,0.552738336713996,0.6318458417849901,0.5042821726391706,0.7900608519269777,0.8843813387423937,0.937232364210052,C2,nowcast
"replay_from=data/experiments/b-2-t0,replay_inputs=nowcast,ed_transform=logit,epochs=300,patience=30,fit_partition=target,supplied_final=1,mask_rate=0.2,covariate_encoder=summary,covariate_set=inpatient+ww_wval_like+kinsa+ilinet+clinical_lab+flusurv,input_mode=scheduled_final,input_normalization=b0,evaluation_seasons=recent_two",42,wk inc covid hosp,2025-2026,US,1,1.0,174.0,141127.28217391303,18309.97782608696,110741.95652173914,12075.347826086958,195602.0,46.0,76.0,98.0,119.0,113970.5574732436,46363.28026908566,28044.430393947056,39562.84681021086,180612.58077822597,101.0,139.0,145.0,167.0,1.2382784229781882,0.1606553326755949,0.9716716227148188,0.1059514675877744,0.4068005044194873,0.2460673266473311,0.3471321689331814,0.264367816091954,0.4367816091954023,0.5632183908045977,0.6839080459770115,0.5804597701149425,0.7988505747126436,0.8333333333333334,0.9597701149425288,C2,nowcast
"replay_from=data/experiments/b-2-t0,replay_inputs=nowcast,ed_transform=logit,epochs=300,patience=30,fit_partition=target,supplied_final=1,mask_rate=0.2,covariate_encoder=summary,covariate_set=inpatient+ww_wval_like+kinsa+ilinet+clinical_lab+flusurv,input_mode=scheduled_final,input_normalization=b0,evaluation_seasons=recent_two",42,wk inc covid prop ed visits,2025-2026,all,52,0.2,5586.0,2.5699821596659884,0.6682825561496489,0.9715849004912726,0.9301147030250466,3.734027644136497,1845.0,3122.0,3598.0,3957.0,2.497840451560441,1.156219767170679,0.6581087464717353,0.683511937918007,3.786811202370366,2935.0,4515.0,4987.0,5231.0,1.034296377965546,0.3031028887795151,0.3093891484034139,0.4218043407826073,0.5391906708735537,0.2297971920394451,0.2310121370869917,0.3378665548215721,0.5569254249531068,0.656133887898594,0.7143828131371387,0.5674912912283155,0.8383349061549755,0.9090629478172731,0.9467491524238932,C2,nowcast
"replay_from=data/experiments/b-2-t0,replay_inputs=nowcast,ed_transform=logit,epochs=300,patience=30,fit_partition=target,supplied_final=1,mask_rate=0.2,covariate_encoder=summary,covariate_set=inpatient+ww_wval_like+kinsa+ilinet+clinical_lab+flusurv,input_mode=scheduled_final,input_normalization=b0,evaluation_seasons=recent_two",42,wk inc covid prop ed visits,2025-2026,states_dc,51,0.0,5476.0,2.5435511368162325,0.658182086038636,0.9710055835676834,0.9143634672098928,3.694224829545007,1802.0,3059.0,3517.0,3872.0,2.4713671885012656,1.136099226909532,0.6552800338668678,0.6799879277248464,3.754044683896241,2849.0,4405.0,4877.0,5121.0,1.0432693674602134,0.2834949205653628,0.3812656618193784,0.3785087850754629,0.4839802140157255,0.2605335703145489,0.2554862156697166,0.3246059207996924,0.5529749630095654,0.6360764507823333,0.6997966982396049,0.5139095685808489,0.7979186326937193,0.8863286847715913,0.9334364405298664,C2,nowcast
"replay_from=data/experiments/b-2-t0,replay_inputs=nowcast,ed_transform=logit,epochs=300,patience=30,fit_partition=target,supplied_final=1,mask_rate=0.2,covariate_encoder=summary,covariate_set=inpatient+ww_wval_like+kinsa+ilinet+clinical_lab+flusurv,input_mode=scheduled_final,input_normalization=b0,evaluation_seasons=recent_two",42,wk inc covid prop ed visits,2025-2026,US,1,1.0,110.0,0.026431022849756,0.0101004701110129,0.0005793169235891,0.0157512358151537,0.0398028145914895,43.0,63.0,81.0,85.0,0.0264732630591753,0.020120540261147,0.0028287126048675,0.0035240101931606,0.0327665184741256,86.0,110.0,110.0,110.0,0.998404419986876,0.3815347616361243,0.0218830947395563,0.5949865636111852,0.7600324983048661,0.1068516789390302,0.1331158227560923,0.3909090909090909,0.5727272727272728,0.7363636363636363,0.7727272727272727,0.7818181818181819,1.0,1.0,1.0,C2,nowcast
"replay_from=data/experiments/b-2-t0,replay_inputs=nowcast,ed_transform=logit,epochs=300,patience=30,fit_partition=target,supplied_final=1,mask_rate=0.2,covariate_encoder=summary,covariate_set=inpatient+ww_wval_like+kinsa+ilinet+clinical_lab+flusurv,input_mode=scheduled_final,input_normalization=b0,evaluation_seasons=recent_two",42,wk inc flu hosp,2024-2025,all,52,0.2,5616.0,748000.9973913045,226213.1713043478,486104.91304347833,35682.913043478264,1151810.0,2223.0,3682.0,4307.0,4641.0,997209.4752173912,214134.4317391304,732659.1304347826,50415.91304347826,1363610.0,2943.0,4023.0,4381.0,4604.0,0.8088333651088161,0.2216842918407456,0.5285628158781065,0.058586257389964,0.221083968559547,0.7136002994462362,0.0653157319942169,0.4201525054466232,0.6917937545388527,0.7996368917937549,0.8498547567175021,0.5315541031227307,0.7208424110384896,0.7796659404502543,0.8137618010167033,C2,nowcast
"replay_from=data/experiments/b-2-t0,replay_inputs=nowcast,ed_transform=logit,epochs=300,patience=30,fit_partition=target,supplied_final=1,mask_rate=0.2,covariate_encoder=summary,covariate_set=inpatient+ww_wval_like+kinsa+ilinet+clinical_lab+flusurv,input_mode=scheduled_final,input_normalization=b0,evaluation_seasons=recent_two",42,wk inc flu hosp,2024-2025,states_dc,51,0.0,5508.0,443963.41,114569.93173913044,298649.13043478265,30744.34782608696,682572.0,2166.0,3590.0,4205.0,4538.0,545536.7908695652,116470.22565217387,390693.86956521735,38372.69565217391,755891.0,2882.0,3943.0,4297.0,4519.0,0.8427574609980647,0.2153110370531626,0.5569470889714974,0.0704993349734047,0.2222980022694732,0.7027232314120876,0.0749787663184392,0.3932461873638345,0.6517792302106028,0.7634350036310821,0.8238925199709515,0.5232389251997096,0.7158678286129269,0.7801379811183734,0.8204429920116196,C2,nowcast
"replay_from=data/experiments/b-2-t0,replay_inputs=nowcast,ed_transform=logit,epochs=300,patience=30,fit_partition=target,supplied_final=1,mask_rate=0.2,covariate_encoder=summary,covariate_set=inpatient+ww_wval_like+kinsa+ilinet+clinical_lab+flusurv,input_mode=scheduled_final,input_normalization=b0,evaluation_seasons=recent_two",42,wk inc flu hosp,2024-2025,US,1,1.0,108.0,304037.5873913044,111643.2395652174,187455.78260869568,4938.565217391304,469238.0,57.0,92.0,102.0,103.0,451672.6843478261,97664.20608695652,341965.26086956525,12043.217391304348,607719.0,61.0,80.0,84.0,85.0,0.6731369815518217,0.2471773109910774,0.4150257235045431,0.0109339470562009,0.2162278337198422,0.7571085715828304,0.0266635946973274,0.5277777777777778,0.8518518518518519,0.9444444444444444,0.9537037037037036,0.5648148148148148,0.7407407407407407,0.7777777777777778,0.7870370370370371,C2,nowcast
"replay_from=data/experiments/b-2-t0,replay_inputs=nowcast,ed_transform=logit,epochs=300,patience=30,fit_partition=target,supplied_final=1,mask_rate=0.2,covariate_encoder=summary,covariate_set=inpatient+ww_wval_like+kinsa+ilinet+clinical_lab+flusurv,input_mode=scheduled_final,input_normalization=b0,evaluation_seasons=recent_two",42,wk inc flu hosp,2025-2026,all,52,0.2,5824.0,585706.4839130435,146598.09260869565,386221.3043478261,52887.086956521736,879683.0,1936.0,3257.0,3856.0,4251.0,681987.2230434783,182493.3534782609,344539.7391304348,154954.13043478262,1021199.0,3056.0,4510.0,4990.0,5252.0,0.9053254907746986,0.2237046250651755,0.5894695540913869,0.0921513116181361,0.2795215027822053,0.5126519392462101,0.2078265579715848,0.308998599439776,0.5565476190476192,0.6766456582633054,0.7517156862745098,0.5267507002801122,0.7781162464985995,0.8568627450980393,0.8984943977591039,C2,nowcast
"replay_from=data/experiments/b-2-t0,replay_inputs=nowcast,ed_transform=logit,epochs=300,patience=30,fit_partition=target,supplied_final=1,mask_rate=0.2,covariate_encoder=summary,covariate_set=inpatient+ww_wval_like+kinsa+ilinet+clinical_lab+flusurv,input_mode=scheduled_final,input_normalization=b0,evaluation_seasons=recent_two",42,wk inc flu hosp,2025-2026,states_dc,51,0.0,5712.0,330724.38478260866,81949.16739130435,210444.69565217395,38330.52173913043,490322.0,1913.0,3196.0,3773.0,4156.0,369731.63260869565,98349.24130434784,189960.8260869565,81421.56521739133,551635.0,2996.0,4421.0,4894.0,5153.0,0.9275115199251244,0.2278711594081481,0.5961055881724266,0.1035347723445495,0.2820338995276027,0.5170549996731874,0.2009111007992099,0.3349089635854342,0.5595238095238095,0.6605392156862744,0.7275910364145658,0.5245098039215685,0.7739845938375353,0.8567927170868349,0.9021358543417368,C2,nowcast
"replay_from=data/experiments/b-2-t0,replay_inputs=nowcast,ed_transform=logit,epochs=300,patience=30,fit_partition=target,supplied_final=1,mask_rate=0.2,covariate_encoder=summary,covariate_set=inpatient+ww_wval_like+kinsa+ilinet+clinical_lab+flusurv,input_mode=scheduled_final,input_normalization=b0,evaluation_seasons=recent_two",42,wk inc flu hosp,2025-2026,US,1,1.0,112.0,254982.0991304348,64648.9252173913,175776.60869565216,14556.565217391304,389361.0,23.0,61.0,83.0,95.0,312255.5904347826,84144.11217391305,154578.91304347827,73532.5652173913,469564.0,60.0,89.0,96.0,99.0,0.8165813741729954,0.2070384876932853,0.562925417767227,0.0466174687124827,0.2694719158006149,0.4950396975383006,0.2354883866610844,0.2053571428571428,0.5446428571428571,0.7410714285714286,0.8482142857142857,0.5357142857142857,0.7946428571428571,0.8571428571428571,0.8839285714285714,C2,nowcast
"replay_from=data/experiments/b-2-t0,replay_inputs=nowcast,ed_transform=logit,epochs=300,patience=30,fit_partition=target,supplied_final=1,mask_rate=0.2,covariate_encoder=summary,covariate_set=inpatient+ww_wval_like+kinsa+ilinet+clinical_lab+flusurv,input_mode=scheduled_final,input_normalization=b0,evaluation_seasons=recent_two",42,wk inc flu prop ed visits,2025-2026,all,52,0.2,5768.0,33.090736303107064,12.681858105083512,11.28805947387127,9.120818724152258,50.647119196620096,2864.0,4391.0,4990.0,5273.0,37.45877191682501,10.32540181251476,18.66849846028443,8.464871644025802,55.69990942461097,3125.0,4505.0,4944.0,5205.0,0.8889928266650279,0.3622185187865256,0.2876163908401919,0.2391579170383095,0.2959240659437712,0.4861518031545084,0.2179241309017199,0.5230392156862746,0.7849089635854342,0.8777310924369749,0.9194327731092438,0.563200280112045,0.7810574229691877,0.8550420168067228,0.8988795518207284,C2,nowcast
"replay_from=data/experiments/b-2-t0,replay_inputs=nowcast,ed_transform=logit,epochs=300,patience=30,fit_partition=target,supplied_final=1,mask_rate=0.2,covariate_encoder=summary,covariate_set=inpatient+ww_wval_like+kinsa+ilinet+clinical_lab+flusurv,input_mode=scheduled_final,input_normalization=b0,evaluation_seasons=recent_two",42,wk inc flu prop ed visits,2025-2026,states_dc,51,0.0,5656.0,32.63834137362665,12.460492134400145,11.18436112148787,8.993488117738613,49.942678930232375,2790.0,4288.0,4882.0,5164.0,36.85597054744329,10.13762192450928,18.3753233456567,8.343025277277297,54.80314218169003,3050.0,4416.0,4848.0,5105.0,0.9236191430789332,0.3609659703946185,0.3165136385119916,0.2461395341723224,0.2920270708891611,0.4861011471818258,0.2218717819290127,0.4886204481792718,0.7512254901960786,0.8560924369747901,0.9059873949579834,0.5365896358543416,0.7776610644257703,0.8545168067226891,0.9003851540616249,C2,nowcast
"replay_from=data/experiments/b-2-t0,replay_inputs=nowcast,ed_transform=logit,epochs=300,patience=30,fit_partition=target,supplied_final=1,mask_rate=0.2,covariate_encoder=summary,covariate_set=inpatient+ww_wval_like+kinsa+ilinet+clinical_lab+flusurv,input_mode=scheduled_final,input_normalization=b0,evaluation_seasons=recent_two",42,wk inc flu prop ed visits,2025-2026,US,1,1.0,112.0,0.4523949294804146,0.2213659706833687,0.1036983523834009,0.1273306064136445,0.7044402663877232,74.0,103.0,108.0,109.0,0.6028013693817165,0.1877798880054818,0.29317511462773,0.1218463667485042,0.8967672429209468,75.0,89.0,96.0,100.0,0.7504875610094063,0.3672287123541543,0.1720274001529933,0.2112314485022577,0.3115120461622118,0.4863544270452387,0.2021335267925486,0.6607142857142857,0.9196428571428572,0.9642857142857144,0.9732142857142856,0.6696428571428571,0.7946428571428571,0.8571428571428571,0.8928571428571429,C2,nowcast
"replay_from=data/experiments/b-2-t0,replay_inputs=nowcast,ed_transform=logit,epochs=300,patience=30,fit_partition=target,supplied_final=1,mask_rate=0.2,covariate_encoder=summary,covariate_set=inpatient+ww_wval_like+kinsa+ilinet+clinical_lab+flusurv,input_mode=scheduled_final,input_normalization=b0,evaluation_seasons=recent_two",42,wk inc rsv hosp,2025-2026,all,52,0.2,6032.0,202728.0382608696,50176.690434782606,146720.91304347827,5830.434782608696,322493.0,2049.0,3336.0,3990.0,4445.0,174064.93092191094,53052.087440608055,105063.50795633462,15949.335524968266,270304.41698893777,2589.0,4305.0,4948.0,5364.0,1.2316997896586492,0.2737395084824094,0.9078019470314748,0.050158334144765,0.3067406302504329,0.5745971360277672,0.1186622337218002,0.3469912102772144,0.5686950642325898,0.6936781609195404,0.7726842461122382,0.4406693711967547,0.7187964841108859,0.8279918864097365,0.8953684922244761,C2,nowcast
"replay_from=data/experiments/b-2-t0,replay_inputs=nowcast,ed_transform=logit,epochs=300,patience=30,fit_partition=target,supplied_final=1,mask_rate=0.2,covariate_encoder=summary,covariate_set=inpatient+ww_wval_like+kinsa+ilinet+clinical_lab+flusurv,input_mode=scheduled_final,input_normalization=b0,evaluation_seasons=recent_two",42,wk inc rsv hosp,2025-2026,states_dc,51,0.0,5916.0,116320.58782608696,26829.41391304348,85797.04347826086,3694.130434782609,178977.0,2005.0,3262.0,3893.0,4337.0,94740.19007535864,28170.04025877443,55907.86834298157,10662.281473602628,146919.94591427944,2532.0,4219.0,4848.0,5257.0,1.2673028564322792,0.2685930657254509,0.942744653760569,0.0559651369462589,0.3050074818838542,0.5633274152930453,0.1316651028231006,0.3389114266396214,0.5513860716700475,0.6580459770114945,0.7330966869506425,0.4279918864097364,0.7131507775524004,0.8194726166328601,0.8886071670047331,C2,nowcast
"replay_from=data/experiments/b-2-t0,replay_inputs=nowcast,ed_transform=logit,epochs=300,patience=30,fit_partition=target,supplied_final=1,mask_rate=0.2,covariate_encoder=summary,covariate_set=inpatient+ww_wval_like+kinsa+ilinet+clinical_lab+flusurv,input_mode=scheduled_final,input_normalization=b0,evaluation_seasons=recent_two",42,wk inc rsv hosp,2025-2026,US,1,1.0,116.0,86407.4504347826,23347.276521739128,60923.86956521739,2136.304347826087,143516.0,44.0,74.0,97.0,108.0,79324.7408465523,24882.04718183363,49155.63961335304,5287.05405136564,123384.47107465832,57.0,86.0,100.0,107.0,1.08928752256413,0.2943252795102434,0.7680311201150974,0.0269311229387891,0.3136732237167476,0.6196760189666538,0.0666507573165986,0.3793103448275862,0.6379310344827587,0.8362068965517241,0.9310344827586208,0.4913793103448275,0.7413793103448276,0.8620689655172413,0.9224137931034484,C2,nowcast
"replay_from=data/experiments/b-2-t0,replay_inputs=nowcast,ed_transform=logit,epochs=300,patience=30,fit_partition=target,supplied_final=1,mask_rate=0.2,covariate_encoder=summary,covariate_set=inpatient+ww_wval_like+kinsa+ilinet+clinical_lab+flusurv,input_mode=scheduled_final,input_normalization=b0,evaluation_seasons=recent_two",42,wk inc rsv prop ed visits,2025-2026,all,51,0.2,5586.0,4.642339209990597,1.278932313888569,3.067633172622001,0.2957737234800073,6.914349048789996,2205.0,3745.0,4379.0,4767.0,4.530466181091006,1.2624880197885668,3.0078391482014357,0.2601390131009845,6.751646223879154,2706.0,4144.0,4680.0,5001.0,1.1491742547738009,0.3294956670438362,0.7427863478829692,0.0768922398469892,0.3535959682986677,0.5860545127207138,0.060349518980613,0.401054205159992,0.6643647872609251,0.7845150508626103,0.8559567992038611,0.5147666229916434,0.7725612543865138,0.86154240300846,0.908627902093687,C2,nowcast
"replay_from=data/experiments/b-2-t0,replay_inputs=nowcast,ed_transform=logit,epochs=300,patience=30,fit_partition=target,supplied_final=1,mask_rate=0.2,covariate_encoder=summary,covariate_set=inpatient+ww_wval_like+kinsa+ilinet+clinical_lab+flusurv,input_mode=scheduled_final,input_normalization=b0,evaluation_seasons=recent_two",42,wk inc rsv prop ed visits,2025-2026,states_dc,50,0.0,5475.0,4.578875612770975,1.2599012481889318,3.029356525214395,0.2896178393676293,6.814169651033645,2156.0,3672.0,4289.0,4668.0,4.481922043258964,1.2402717937371133,2.9831665637207228,0.2584836858011096,6.672332609887618,2633.0,4042.0,4572.0,4893.0,1.1096333125213391,0.3138605009909074,0.7313600219901646,0.0644127895402625,0.3275824533044074,0.6055055048001255,0.0669120418954619,0.3909573960896298,0.6660415696617419,0.7779411108755602,0.8469730260318535,0.47904386432514,0.7359718382534125,0.8336847605173314,0.8925416343738655,C2,nowcast
"replay_from=data/experiments/b-2-t0,replay_inputs=nowcast,ed_transform=logit,epochs=300,patience=30,fit_partition=target,supplied_final=1,mask_rate=0.2,covariate_encoder=summary,covariate_set=inpatient+ww_wval_like+kinsa+ilinet+clinical_lab+flusurv,input_mode=scheduled_final,input_normalization=b0,evaluation_seasons=recent_two",42,wk inc rsv prop ed visits,2025-2026,US,1,1.0,111.0,0.0634635972196215,0.0190310656996372,0.0382766474076058,0.006155884112378,0.1001793977563501,49.0,73.0,90.0,99.0,0.0485441378320411,0.0222162260514535,0.0246725844807123,0.0016553272998748,0.0793136139915364,73.0,102.0,108.0,108.0,1.3073380237836454,0.3920363312555512,0.7884916514541878,0.1268100410738959,0.4576500282757085,0.5082505444030668,0.0340994273212172,0.4414414414414414,0.6576576576576577,0.8108108108108109,0.8918918918918919,0.6576576576576577,0.918918918918919,0.972972972972973,0.972972972972973,C2,nowcast
"replay_from=data/experiments/b-2-t0,replay_inputs=nowcast,ed_transform=logit,epochs=300,patience=30,fit_partition=target,supplied_final=1,mask_rate=0.2,covariate_encoder=summary,covariate_set=inpatient+ww_wval_like+kinsa+ilinet+clinical_lab+flusurv,input_mode=scheduled_final,input_normalization=b0,evaluation_seasons=recent_two",43,wk inc covid hosp,2024-2025,all,52,0.2,6968.0,794271.0008695652,68720.34869565218,691662.5217391304,33888.13043478261,1037611.0,572.0,1616.0,2581.0,3429.0,294095.7264372725,135467.5071866996,122015.56154699084,36612.65770358205,459783.4153206482,3786.0,5746.0,6312.0,6600.0,2.468138654172732,0.223377530819049,2.1766386505139934,0.0681224728396896,0.4380785185746119,0.407628405592174,0.1542930758332142,0.0683347966052092,0.2029265437518291,0.32414398595259,0.4385425812115892,0.5601112086625696,0.8459467369037169,0.9204565408252854,0.9555458004097164,C2,nowcast
"replay_from=data/experiments/b-2-t0,replay_inputs=nowcast,ed_transform=logit,epochs=300,patience=30,fit_partition=target,supplied_final=1,mask_rate=0.2,covariate_encoder=summary,covariate_set=inpatient+ww_wval_like+kinsa+ilinet+clinical_lab+flusurv,input_mode=scheduled_final,input_normalization=b0,evaluation_seasons=recent_two",43,wk inc covid hosp,2024-2025,states_dc,51,0.0,6834.0,447587.35695652175,41326.96565217392,392714.5652173913,13545.82608695652,597083.0,571.0,1606.0,2565.0,3402.0,177711.5257127561,72412.19438985428,79788.8120383263,25510.51928457551,270242.3766800353,3701.0,5620.0,6180.0,6467.0,2.340476782973949,0.2203793410935573,2.078640798074457,0.0414566438059335,0.4121516864040481,0.4188300047704274,0.1690183088255245,0.0835528241147205,0.2350014632718759,0.3753292361720808,0.4978050921861283,0.5415569212759731,0.8223587942639744,0.9043020193151888,0.9462979221539364,C2,nowcast
"replay_from=data/experiments/b-2-t0,replay_inputs=nowcast,ed_transform=logit,epochs=300,patience=30,fit_partition=target,supplied_final=1,mask_rate=0.2,covariate_encoder=summary,covariate_set=inpatient+ww_wval_like+kinsa+ilinet+clinical_lab+flusurv,input_mode=scheduled_final,input_normalization=b0,evaluation_seasons=recent_two",43,wk inc covid hosp,2024-2025,US,1,1.0,134.0,346683.64391304343,27393.38304347826,298947.95652173914,20342.304347826088,440528.0,1.0,10.0,16.0,27.0,116384.20072451644,63055.31279684533,42226.74950866455,11102.138419006547,189541.03864061285,85.0,126.0,132.0,133.0,2.978786138967866,0.2353702897210155,2.568630060272137,0.174785788974714,0.5417858472568663,0.3628220088791609,0.0953921438639727,0.0074626865671641,0.0746268656716417,0.1194029850746268,0.2014925373134328,0.6343283582089553,0.9402985074626866,0.9850746268656716,0.9925373134328358,C2,nowcast
"replay_from=data/experiments/b-2-t0,replay_inputs=nowcast,ed_transform=logit,epochs=300,patience=30,fit_partition=target,supplied_final=1,mask_rate=0.2,covariate_encoder=summary,covariate_set=inpatient+ww_wval_like+kinsa+ilinet+clinical_lab+flusurv,input_mode=scheduled_final,input_normalization=b0,evaluation_seasons=recent_two",43,wk inc covid hosp,2025-2026,all,52,0.2,9048.0,275099.1873913043,48961.18739130435,204770.00000000003,21368.0,392772.0,2690.0,4382.0,5249.0,5921.0,251503.70978939495,102039.96804152089,70756.4623304223,78707.27941745178,396424.6389596296,4576.0,7150.0,7993.0,8484.0,1.1554134029623229,0.202130606341942,0.852831284875809,0.100451511744572,0.4039583179592176,0.3059835764748293,0.2900581055659533,0.2891142663962137,0.4734279918864099,0.5748929456840208,0.6587784539102999,0.5195176921343251,0.7918187964841109,0.8741717376605818,0.9417399143565476,C2,nowcast
"replay_from=data/experiments/b-2-t0,replay_inputs=nowcast,ed_transform=logit,epochs=300,patience=30,fit_partition=target,supplied_final=1,mask_rate=0.2,covariate_encoder=summary,covariate_set=inpatient+ww_wval_like+kinsa+ilinet+clinical_lab+flusurv,input_mode=scheduled_final,input_normalization=b0,evaluation_seasons=recent_two",43,wk inc covid hosp,2025-2026,states_dc,51,0.0,8874.0,166381.36695652173,30124.36695652174,125377.1739130435,10879.826086956522,235321.0,2646.0,4308.0,5153.0,5803.0,137533.1523161514,55676.68777243521,42712.03193647525,39144.43260724092,215812.05818140364,4475.0,7011.0,7848.0,8317.0,1.2057888896714282,0.2113437696920451,0.8918870534789017,0.102558066500481,0.4032477713441501,0.3209626389317038,0.2757895897241462,0.2981744421906694,0.4854631507775524,0.5806851476222673,0.6539328375028172,0.5042821726391706,0.7900608519269777,0.8843813387423937,0.937232364210052,C2,nowcast
"replay_from=data/experiments/b-2-t0,replay_inputs=nowcast,ed_transform=logit,epochs=300,patience=30,fit_partition=target,supplied_final=1,mask_rate=0.2,covariate_encoder=summary,covariate_set=inpatient+ww_wval_like+kinsa+ilinet+clinical_lab+flusurv,input_mode=scheduled_final,input_normalization=b0,evaluation_seasons=recent_two",43,wk inc covid hosp,2025-2026,US,1,1.0,174.0,108717.8204347826,18836.82043478261,79392.82608695653,10488.173913043478,157451.0,44.0,74.0,96.0,118.0,113970.5574732436,46363.28026908566,28044.430393947056,39562.84681021086,180612.58077822597,101.0,139.0,145.0,167.0,0.953911456125902,0.1652779529415292,0.6966082104634371,0.0920252927209357,0.4068005044194873,0.2460673266473311,0.3471321689331814,0.2528735632183908,0.425287356321839,0.5517241379310345,0.6781609195402298,0.5804597701149425,0.7988505747126436,0.8333333333333334,0.9597701149425288,C2,nowcast
"replay_from=data/experiments/b-2-t0,replay_inputs=nowcast,ed_transform=logit,epochs=300,patience=30,fit_partition=target,supplied_final=1,mask_rate=0.2,covariate_encoder=summary,covariate_set=inpatient+ww_wval_like+kinsa+ilinet+clinical_lab+flusurv,input_mode=scheduled_final,input_normalization=b0,evaluation_seasons=recent_two",43,wk inc covid prop ed visits,2025-2026,all,52,0.2,5586.0,2.434025483301837,0.6376489639024828,1.1504518536578618,0.6459246657414716,3.555308518749423,1985.0,3255.0,3820.0,4146.0,2.497840451560441,1.156219767170679,0.6581087464717353,0.683511937918007,3.786811202370366,2935.0,4515.0,4987.0,5231.0,0.9408249524039916,0.2945309508754299,0.3914576910770272,0.2548363104515248,0.5391906708735537,0.2297971920394451,0.2310121370869917,0.3841755501963115,0.6295981731967892,0.7240136078198364,0.7773804946815329,0.5674912912283155,0.8383349061549755,0.9090629478172731,0.9467491524238932,C2,nowcast
"replay_from=data/experiments/b-2-t0,replay_inputs=nowcast,ed_transform=logit,epochs=300,patience=30,fit_partition=target,supplied_final=1,mask_rate=0.2,covariate_encoder=summary,covariate_set=inpatient+ww_wval_like+kinsa+ilinet+clinical_lab+flusurv,input_mode=scheduled_final,input_normalization=b0,evaluation_seasons=recent_two",43,wk inc covid prop ed visits,2025-2026,states_dc,51,0.0,5476.0,2.4139563145096035,0.6271257021523806,1.1471502011594583,0.6396804111977442,3.524700260019623,1926.0,3160.0,3717.0,4039.0,2.4713671885012656,1.136099226909532,0.6552800338668678,0.6799879277248464,3.754044683896241,2849.0,4405.0,4877.0,5121.0,0.9865081918915128,0.2687873694890483,0.4581429908664001,0.2595778315360553,0.4839802140157255,0.2605335703145489,0.2554862156697166,0.3461285286544802,0.5710886255868955,0.6709261006838865,0.7285438001700979,0.5139095685808489,0.7979186326937193,0.8863286847715913,0.9334364405298664,C2,nowcast
"replay_from=data/experiments/b-2-t0,replay_inputs=nowcast,ed_transform=logit,epochs=300,patience=30,fit_partition=target,supplied_final=1,mask_rate=0.2,covariate_encoder=summary,covariate_set=inpatient+ww_wval_like+kinsa+ilinet+clinical_lab+flusurv,input_mode=scheduled_final,input_normalization=b0,evaluation_seasons=recent_two",43,wk inc covid prop ed visits,2025-2026,US,1,1.0,110.0,0.0200691687922332,0.0105232617501022,0.0033016524984033,0.0062442545437273,0.0306082587298003,59.0,95.0,103.0,107.0,0.0264732630591753,0.020120540261147,0.0028287126048675,0.0035240101931606,0.0327665184741256,86.0,110.0,110.0,110.0,0.7580919944539064,0.397505276420956,0.124716491919536,0.235870226113403,0.7600324983048661,0.1068516789390302,0.1331158227560923,0.5363636363636364,0.8636363636363636,0.9363636363636364,0.9727272727272728,0.7818181818181819,1.0,1.0,1.0,C2,nowcast
"replay_from=data/experiments/b-2-t0,replay_inputs=nowcast,ed_transform=logit,epochs=300,patience=30,fit_partition=target,supplied_final=1,mask_rate=0.2,covariate_encoder=summary,covariate_set=inpatient+ww_wval_like+kinsa+ilinet+clinical_lab+flusurv,input_mode=scheduled_final,input_normalization=b0,evaluation_seasons=recent_two",43,wk inc flu hosp,2024-2025,all,52,0.2,5616.0,906400.6073913045,263843.2160869565,617317.5217391304,25239.869565217392,1409368.0,2457.0,3816.0,4332.0,4639.0,997209.4752173912,214134.4317391304,732659.1304347826,50415.91304347826,1363610.0,2943.0,4023.0,4381.0,4604.0,0.9494700571497396,0.2505595577743756,0.6592433088576333,0.0396671905177307,0.221083968559547,0.7136002994462362,0.0653157319942169,0.4626724763979667,0.712962962962963,0.7964415395787947,0.8478576615831521,0.5315541031227307,0.7208424110384896,0.7796659404502543,0.8137618010167033,C2,nowcast
"replay_from=data/experiments/b-2-t0,replay_inputs=nowcast,ed_transform=logit,epochs=300,patience=30,fit_partition=target,supplied_final=1,mask_rate=0.2,covariate_encoder=summary,covariate_set=inpatient+ww_wval_like+kinsa+ilinet+clinical_lab+flusurv,input_mode=scheduled_final,input_normalization=b0,evaluation_seasons=recent_two",43,wk inc flu hosp,2024-2025,states_dc,51,0.0,5508.0,513116.6421739131,131000.12043478258,361626.1304347826,20490.391304347828,781416.0,2395.0,3723.0,4234.0,4537.0,545536.7908695652,116470.22565217387,390693.86956521735,38372.69565217391,755891.0,2882.0,3943.0,4297.0,4519.0,0.9691556200782732,0.2396710381201362,0.6825294212923869,0.0469551606657498,0.2222980022694732,0.7027232314120876,0.0749787663184392,0.4348220769789398,0.675925925925926,0.7687000726216413,0.8237109658678287,0.5232389251997096,0.7158678286129269,0.7801379811183734,0.8204429920116196,C2,nowcast
"replay_from=data/experiments/b-2-t0,replay_inputs=nowcast,ed_transform=logit,epochs=300,patience=30,fit_partition=target,supplied_final=1,mask_rate=0.2,covariate_encoder=summary,covariate_set=inpatient+ww_wval_like+kinsa+ilinet+clinical_lab+flusurv,input_mode=scheduled_final,input_normalization=b0,evaluation_seasons=recent_two",43,wk inc flu hosp,2024-2025,US,1,1.0,108.0,393283.9652173913,132843.0956521739,255691.39130434784,4749.478260869565,627952.0,62.0,93.0,98.0,102.0,451672.6843478261,97664.20608695652,341965.26086956525,12043.217391304348,607719.0,61.0,80.0,84.0,85.0,0.8707278054356049,0.2941136363913331,0.5660988591186176,0.0105153099256541,0.2162278337198422,0.7571085715828304,0.0266635946973274,0.5740740740740741,0.8611111111111112,0.9074074074074074,0.9444444444444444,0.5648148148148148,0.7407407407407407,0.7777777777777778,0.7870370370370371,C2,nowcast
"replay_from=data/experiments/b-2-t0,replay_inputs=nowcast,ed_transform=logit,epochs=300,patience=30,fit_partition=target,supplied_final=1,mask_rate=0.2,covariate_encoder=summary,covariate_set=inpatient+ww_wval_like+kinsa+ilinet+clinical_lab+flusurv,input_mode=scheduled_final,input_normalization=b0,evaluation_seasons=recent_two",43,wk inc flu hosp,2025-2026,all,52,0.2,5824.0,599643.457826087,184299.32739130437,264903.60869565216,150440.52173913043,913207.0,2287.0,3680.0,4278.0,4688.0,681987.2230434783,182493.3534782609,344539.7391304348,154954.13043478262,1021199.0,3056.0,4510.0,4990.0,5252.0,0.9372825541244432,0.267123334131304,0.4456541581441216,0.2245050618490175,0.2795215027822053,0.5126519392462101,0.2078265579715848,0.4322128851540616,0.6635154061624652,0.7653711484593838,0.8326680672268908,0.5267507002801122,0.7781162464985995,0.8568627450980393,0.8984943977591039,C2,nowcast
"replay_from=data/experiments/b-2-t0,replay_inputs=nowcast,ed_transform=logit,epochs=300,patience=30,fit_partition=target,supplied_final=1,mask_rate=0.2,covariate_encoder=summary,covariate_set=inpatient+ww_wval_like+kinsa+ilinet+clinical_lab+flusurv,input_mode=scheduled_final,input_normalization=b0,evaluation_seasons=recent_two",43,wk inc flu hosp,2025-2026,states_dc,51,0.0,5712.0,343365.5673913044,96003.6108695652,159162.30434782608,88199.65217391304,520113.0,2219.0,3590.0,4177.0,4581.0,369731.63260869565,98349.24130434784,189960.8260869565,81421.56521739133,551635.0,2996.0,4421.0,4894.0,5153.0,0.9664204046725248,0.2632123055914633,0.4724084412993514,0.2307996577817099,0.2820338995276027,0.5170549996731874,0.2009111007992099,0.3884803921568628,0.6285014005602241,0.7312675070028011,0.801995798319328,0.5245098039215685,0.7739845938375353,0.8567927170868349,0.9021358543417368,C2,nowcast
"replay_from=data/experiments/b-2-t0,replay_inputs=nowcast,ed_transform=logit,epochs=300,patience=30,fit_partition=target,supplied_final=1,mask_rate=0.2,covariate_encoder=summary,covariate_set=inpatient+ww_wval_like+kinsa+ilinet+clinical_lab+flusurv,input_mode=scheduled_final,input_normalization=b0,evaluation_seasons=recent_two",43,wk inc flu hosp,2025-2026,US,1,1.0,112.0,256277.8904347826,88295.71652173913,105741.3043478261,62240.86956521739,393094.0,68.0,90.0,101.0,107.0,312255.5904347826,84144.11217391305,154578.91304347827,73532.5652173913,469564.0,60.0,89.0,96.0,99.0,0.8207311519321174,0.2827674482906671,0.3386370255232023,0.199326678118248,0.2694719158006149,0.4950396975383006,0.2354883866610844,0.6071428571428571,0.8035714285714286,0.9017857142857144,0.9553571428571428,0.5357142857142857,0.7946428571428571,0.8571428571428571,0.8839285714285714,C2,nowcast
"replay_from=data/experiments/b-2-t0,replay_inputs=nowcast,ed_transform=logit,epochs=300,patience=30,fit_partition=target,supplied_final=1,mask_rate=0.2,covariate_encoder=summary,covariate_set=inpatient+ww_wval_like+kinsa+ilinet+clinical_lab+flusurv,input_mode=scheduled_final,input_normalization=b0,evaluation_seasons=recent_two",43,wk inc flu prop ed visits,2025-2026,all,52,0.2,5768.0,35.91749481426659,8.98853665395777,15.08194412306542,11.84701403724338,53.46146379553113,1854.0,3343.0,4020.0,4411.0,37.45877191682501,10.32540181251476,18.66849846028443,8.464871644025802,55.69990942461097,3125.0,4505.0,4944.0,5205.0,0.9545503446527024,0.2540021950335882,0.3788054305958018,0.3217427190233117,0.2959240659437712,0.4861518031545084,0.2179241309017199,0.3470238095238096,0.6032913165266108,0.7162114845938377,0.7793417366946779,0.563200280112045,0.7810574229691877,0.8550420168067228,0.8988795518207284,C2,nowcast
"replay_from=data/experiments/b-2-t0,replay_inputs=nowcast,ed_transform=logit,epochs=300,patience=30,fit_partition=target,supplied_final=1,mask_rate=0.2,covariate_encoder=summary,covariate_set=inpatient+ww_wval_like+kinsa+ilinet+clinical_lab+flusurv,input_mode=scheduled_final,input_normalization=b0,evaluation_seasons=recent_two",43,wk inc flu prop ed visits,2025-2026,states_dc,51,0.0,5656.0,35.42854359965387,8.843297081643748,14.918778792027908,11.666467725982194,52.72535707337163,1801.0,3261.0,3927.0,4313.0,36.85597054744329,10.13762192450928,18.3753233456567,8.343025277277297,54.80314218169003,3050.0,4416.0,4848.0,5105.0,0.9904050410249052,0.2572674906508915,0.4058371795953606,0.3273003707786523,0.2920270708891611,0.4861011471818258,0.2218717819290127,0.3154761904761904,0.571078431372549,0.6876750700280112,0.7554271708683474,0.5365896358543416,0.7776610644257703,0.8545168067226891,0.9003851540616249,C2,nowcast
"replay_from=data/experiments/b-2-t0,replay_inputs=nowcast,ed_transform=logit,epochs=300,patience=30,fit_partition=target,supplied_final=1,mask_rate=0.2,covariate_encoder=summary,covariate_set=inpatient+ww_wval_like+kinsa+ilinet+clinical_lab+flusurv,input_mode=scheduled_final,input_normalization=b0,evaluation_seasons=recent_two",43,wk inc flu prop ed visits,2025-2026,US,1,1.0,112.0,0.4889512146127204,0.1452395723140227,0.1631653310375124,0.1805463112611848,0.7361067221594974,53.0,82.0,93.0,98.0,0.6028013693817165,0.1877798880054818,0.29317511462773,0.1218463667485042,0.8967672429209468,75.0,89.0,96.0,100.0,0.8111315591638912,0.2409410125643751,0.2706784345975664,0.2995121120019489,0.3115120461622118,0.4863544270452387,0.2021335267925486,0.4732142857142857,0.7321428571428571,0.8303571428571429,0.875,0.6696428571428571,0.7946428571428571,0.8571428571428571,0.8928571428571429,C2,nowcast
"replay_from=data/experiments/b-2-t0,replay_inputs=nowcast,ed_transform=logit,epochs=300,patience=30,fit_partition=target,supplied_final=1,mask_rate=0.2,covariate_encoder=summary,covariate_set=inpatient+ww_wval_like+kinsa+ilinet+clinical_lab+flusurv,input_mode=scheduled_final,input_normalization=b0,evaluation_seasons=recent_two",43,wk inc rsv hosp,2025-2026,all,52,0.2,6032.0,220063.5882608696,48521.80565217392,167149.6086956522,4392.173913043478,343047.0,1752.0,2995.0,3735.0,4222.0,174064.93092191094,53052.087440608055,105063.50795633462,15949.335524968266,270304.41698893777,2589.0,4305.0,4948.0,5364.0,1.32932969238598,0.2554882588756389,1.0289686291604871,0.0448728043498538,0.3067406302504329,0.5745971360277672,0.1186622337218002,0.3036511156186613,0.5305273833671401,0.6560175794455716,0.7393509127789047,0.4406693711967547,0.7187964841108859,0.8279918864097365,0.8953684922244761,C2,nowcast
"replay_from=data/experiments/b-2-t0,replay_inputs=nowcast,ed_transform=logit,epochs=300,patience=30,fit_partition=target,supplied_final=1,mask_rate=0.2,covariate_encoder=summary,covariate_set=inpatient+ww_wval_like+kinsa+ilinet+clinical_lab+flusurv,input_mode=scheduled_final,input_normalization=b0,evaluation_seasons=recent_two",43,wk inc rsv hosp,2025-2026,states_dc,51,0.0,5916.0,125981.64869565218,24476.60521739131,98144.69565217392,3360.347826086956,189238.0,1710.0,2916.0,3640.0,4116.0,94740.19007535864,28170.04025877443,55907.86834298157,10662.281473602628,146919.94591427944,2532.0,4219.0,4848.0,5257.0,1.3651533007004268,0.2435794254215049,1.068734774846099,0.0528391004328228,0.3050074818838542,0.5633274152930453,0.1316651028231006,0.2890466531440162,0.4929006085192698,0.6152805949966196,0.695740365111562,0.4279918864097364,0.7131507775524004,0.8194726166328601,0.8886071670047331,C2,nowcast
"replay_from=data/experiments/b-2-t0,replay_inputs=nowcast,ed_transform=logit,epochs=300,patience=30,fit_partition=target,supplied_final=1,mask_rate=0.2,covariate_encoder=summary,covariate_set=inpatient+ww_wval_like+kinsa+ilinet+clinical_lab+flusurv,input_mode=scheduled_final,input_normalization=b0,evaluation_seasons=recent_two",43,wk inc rsv hosp,2025-2026,US,1,1.0,116.0,94081.9395652174,24045.20043478261,69004.91304347826,1031.8260869565215,153809.0,42.0,79.0,95.0,106.0,79324.7408465523,24882.04718183363,49155.63961335304,5287.05405136564,123384.47107465832,57.0,86.0,100.0,107.0,1.1860352591281929,0.3031235926921744,0.8699040464180403,0.0130076200179778,0.3136732237167476,0.6196760189666538,0.0666507573165986,0.3620689655172414,0.6810344827586207,0.8189655172413793,0.913793103448276,0.4913793103448275,0.7413793103448276,0.8620689655172413,0.9224137931034484,C2,nowcast
"replay_from=data/experiments/b-2-t0,replay_inputs=nowcast,ed_transform=logit,epochs=300,patience=30,fit_partition=target,supplied_final=1,mask_rate=0.2,covariate_encoder=summary,covariate_set=inpatient+ww_wval_like+kinsa+ilinet+clinical_lab+flusurv,input_mode=scheduled_final,input_normalization=b0,evaluation_seasons=recent_two",43,wk inc rsv prop ed visits,2025-2026,all,51,0.2,5586.0,4.359037093881256,1.2635688571894583,2.761706856994328,0.3337613796974505,6.561194296575872,2159.0,3741.0,4374.0,4738.0,4.530466181091006,1.2624880197885668,3.0078391482014357,0.2601390131009845,6.751646223879154,2706.0,4144.0,4680.0,5001.0,1.0549423559332456,0.3125186566506914,0.6704634647518097,0.0719602345307397,0.3535959682986677,0.5860545127207138,0.060349518980613,0.3927281527995604,0.6654378349291883,0.7857101339558269,0.8634715757424708,0.5147666229916434,0.7725612543865138,0.86154240300846,0.908627902093687,C2,nowcast
"replay_from=data/experiments/b-2-t0,replay_inputs=nowcast,ed_transform=logit,epochs=300,patience=30,fit_partition=target,supplied_final=1,mask_rate=0.2,covariate_encoder=summary,covariate_set=inpatient+ww_wval_like+kinsa+ilinet+clinical_lab+flusurv,input_mode=scheduled_final,input_normalization=b0,evaluation_seasons=recent_two",43,wk inc rsv prop ed visits,2025-2026,states_dc,50,0.0,5475.0,4.304160682520479,1.2469621367131074,2.72720410379415,0.3299944420132011,6.471409975973516,2111.0,3667.0,4283.0,4632.0,4.481922043258964,1.2402717937371133,2.9831665637207228,0.2584836858011096,6.672332609887618,2633.0,4042.0,4572.0,4893.0,1.0360670375468248,0.3051245005438137,0.6603917936744277,0.0705507433285779,0.3275824533044074,0.6055055048001255,0.0669120418954619,0.3828020828913425,0.6651306269948187,0.7771827124898286,0.8406007309393496,0.47904386432514,0.7359718382534125,0.8336847605173314,0.8925416343738655,C2,nowcast
"replay_from=data/experiments/b-2-t0,replay_inputs=nowcast,ed_transform=logit,epochs=300,patience=30,fit_partition=target,supplied_final=1,mask_rate=0.2,covariate_encoder=summary,covariate_set=inpatient+ww_wval_like+kinsa+ilinet+clinical_lab+flusurv,input_mode=scheduled_final,input_normalization=b0,evaluation_seasons=recent_two",43,wk inc rsv prop ed visits,2025-2026,US,1,1.0,111.0,0.0548764113607779,0.0166067204763511,0.0345027532001774,0.0037669376842494,0.0897843206023563,48.0,74.0,91.0,106.0,0.0485441378320411,0.0222162260514535,0.0246725844807123,0.0016553272998748,0.0793136139915364,73.0,102.0,108.0,108.0,1.1304436294789284,0.3420952810782024,0.710750149061339,0.0775981993393869,0.4576500282757085,0.5082505444030668,0.0340994273212172,0.4324324324324324,0.6666666666666666,0.8198198198198198,0.954954954954955,0.6576576576576577,0.918918918918919,0.972972972972973,0.972972972972973,C2,nowcast
"replay_from=data/experiments/b-2-t0,replay_inputs=nowcast,ed_transform=logit,epochs=300,patience=30,fit_partition=target,supplied_final=1,mask_rate=0.2,covariate_encoder=summary,covariate_set=inpatient+ww_wval_like+kinsa+ilinet+clinical_lab+flusurv,input_mode=scheduled_final,input_normalization=b0,evaluation_seasons=recent_two",44,wk inc covid hosp,2024-2025,all,52,0.2,6968.0,659443.4869565218,42558.00869565217,530005.6086956522,86879.86956521739,796794.0,981.0,1760.0,2245.0,2615.0,294095.7264372725,135467.5071866996,122015.56154699084,36612.65770358205,459783.4153206482,3786.0,5746.0,6312.0,6600.0,1.984327002486752,0.1518529702408452,1.6316238144554849,0.2008502177904212,0.4380785185746119,0.407628405592174,0.1542930758332142,0.1162130523851331,0.2129060579455663,0.2738074334211297,0.3239976587649986,0.5601112086625696,0.8459467369037169,0.9204565408252854,0.9555458004097164,C2,nowcast
"replay_from=data/experiments/b-2-t0,replay_inputs=nowcast,ed_transform=logit,epochs=300,patience=30,fit_partition=target,supplied_final=1,mask_rate=0.2,covariate_encoder=summary,covariate_set=inpatient+ww_wval_like+kinsa+ilinet+clinical_lab+flusurv,input_mode=scheduled_final,input_normalization=b0,evaluation_seasons=recent_two",44,wk inc covid hosp,2024-2025,states_dc,51,0.0,6834.0,361470.7291304348,26938.46826086956,296914.347826087,37617.91304347826,444520.0,980.0,1755.0,2237.0,2602.0,177711.5257127561,72412.19438985428,79788.8120383263,25510.51928457551,270242.3766800353,3701.0,5620.0,6180.0,6467.0,1.840346021287575,0.1562645358175235,1.5388362473454895,0.1452452381245623,0.4121516864040481,0.4188300047704274,0.1690183088255245,0.1434006438396254,0.2568042142230027,0.3273339186420837,0.3807433421129647,0.5415569212759731,0.8223587942639744,0.9043020193151888,0.9462979221539364,C2,nowcast
"replay_from=data/experiments/b-2-t0,replay_inputs=nowcast,ed_transform=logit,epochs=300,patience=30,fit_partition=target,supplied_final=1,mask_rate=0.2,covariate_encoder=summary,covariate_set=inpatient+ww_wval_like+kinsa+ilinet+clinical_lab+flusurv,input_mode=scheduled_final,input_normalization=b0,evaluation_seasons=recent_two",44,wk inc covid hosp,2024-2025,US,1,1.0,134.0,297972.75782608695,15619.540434782608,233091.2608695652,49261.95652173913,352274.0,1.0,5.0,8.0,13.0,116384.20072451644,63055.31279684533,42226.74950866455,11102.138419006547,189541.03864061285,85.0,126.0,132.0,133.0,2.560250927283455,0.1342067079341323,2.0027740828954657,0.4232701364538567,0.5417858472568663,0.3628220088791609,0.0953921438639727,0.0074626865671641,0.0373134328358208,0.0597014925373134,0.0970149253731343,0.6343283582089553,0.9402985074626866,0.9850746268656716,0.9925373134328358,C2,nowcast
"replay_from=data/experiments/b-2-t0,replay_inputs=nowcast,ed_transform=logit,epochs=300,patience=30,fit_partition=target,supplied_final=1,mask_rate=0.2,covariate_encoder=summary,covariate_set=inpatient+ww_wval_like+kinsa+ilinet+clinical_lab+flusurv,input_mode=scheduled_final,input_normalization=b0,evaluation_seasons=recent_two",44,wk inc covid hosp,2025-2026,all,52,0.2,9048.0,234621.81,51904.46217391304,132500.65217391303,50216.69565217391,340647.0,3045.0,5091.0,6004.0,6610.0,251503.70978939495,102039.96804152089,70756.4623304223,78707.27941745178,396424.6389596296,4576.0,7150.0,7993.0,8484.0,1.024005770535365,0.2087487237101541,0.6195726634212942,0.1956843834039165,0.4039583179592176,0.3059835764748293,0.2900581055659533,0.3528961009691234,0.585012395762903,0.6821501014198784,0.7494929006085195,0.5195176921343251,0.7918187964841109,0.8741717376605818,0.9417399143565476,C2,nowcast
"replay_from=data/experiments/b-2-t0,replay_inputs=nowcast,ed_transform=logit,epochs=300,patience=30,fit_partition=target,supplied_final=1,mask_rate=0.2,covariate_encoder=summary,covariate_set=inpatient+ww_wval_like+kinsa+ilinet+clinical_lab+flusurv,input_mode=scheduled_final,input_normalization=b0,evaluation_seasons=recent_two",44,wk inc covid hosp,2025-2026,states_dc,51,0.0,8874.0,141647.81913043477,30991.166956521734,88380.5652173913,22276.086956521736,206187.0,2971.0,4972.0,5871.0,6465.0,137533.1523161514,55676.68777243521,42712.03193647525,39144.43260724092,215812.05818140364,4475.0,7011.0,7848.0,8317.0,1.076064210408619,0.2150615672626626,0.6776862575725843,0.1833163855733725,0.4032477713441501,0.3209626389317038,0.2757895897241462,0.3347982871309444,0.5602884832093757,0.6615956727518595,0.728532792427316,0.5042821726391706,0.7900608519269777,0.8843813387423937,0.937232364210052,C2,nowcast
"replay_from=data/experiments/b-2-t0,replay_inputs=nowcast,ed_transform=logit,epochs=300,patience=30,fit_partition=target,supplied_final=1,mask_rate=0.2,covariate_encoder=summary,covariate_set=inpatient+ww_wval_like+kinsa+ilinet+clinical_lab+flusurv,input_mode=scheduled_final,input_normalization=b0,evaluation_seasons=recent_two",44,wk inc covid hosp,2025-2026,US,1,1.0,174.0,92973.99086956524,20913.295217391304,44120.08695652174,27940.60869565217,134460.0,74.0,119.0,133.0,145.0,113970.5574732436,46363.28026908566,28044.430393947056,39562.84681021086,180612.58077822597,101.0,139.0,145.0,167.0,0.8157720110423462,0.1834973495001201,0.3871182868161335,0.2451563747260925,0.4068005044194873,0.2460673266473311,0.3471321689331814,0.425287356321839,0.6839080459770115,0.764367816091954,0.8333333333333334,0.5804597701149425,0.7988505747126436,0.8333333333333334,0.9597701149425288,C2,nowcast
"replay_from=data/experiments/b-2-t0,replay_inputs=nowcast,ed_transform=logit,epochs=300,patience=30,fit_partition=target,supplied_final=1,mask_rate=0.2,covariate_encoder=summary,covariate_set=inpatient+ww_wval_like+kinsa+ilinet+clinical_lab+flusurv,input_mode=scheduled_final,input_normalization=b0,evaluation_seasons=recent_two",44,wk inc covid prop ed visits,2025-2026,all,52,0.2,5586.0,2.524015447588831,0.6974659341779293,1.0990247900191563,0.7275247233917244,3.722230616423483,2039.0,3363.0,3913.0,4242.0,2.497840451560441,1.156219767170679,0.6581087464717353,0.683511937918007,3.786811202370366,2935.0,4515.0,4987.0,5231.0,1.001275075345708,0.3254805707194615,0.3544064180373108,0.3213880865889252,0.5391906708735537,0.2297971920394451,0.2310121370869917,0.3797530087495486,0.6141099577085738,0.7193552596320764,0.7781766919483184,0.5674912912283155,0.8383349061549755,0.9090629478172731,0.9467491524238932,C2,nowcast
"replay_from=data/experiments/b-2-t0,replay_inputs=nowcast,ed_transform=logit,epochs=300,patience=30,fit_partition=target,supplied_final=1,mask_rate=0.2,covariate_encoder=summary,covariate_set=inpatient+ww_wval_like+kinsa+ilinet+clinical_lab+flusurv,input_mode=scheduled_final,input_normalization=b0,evaluation_seasons=recent_two",44,wk inc covid prop ed visits,2025-2026,states_dc,51,0.0,5476.0,2.499879954299805,0.6859957080388558,1.0976658590061583,0.7162183872547706,3.687660340968236,1988.0,3286.0,3822.0,4144.0,2.4713671885012656,1.136099226909532,0.6552800338668678,0.6799879277248464,3.754044683896241,2849.0,4405.0,4877.0,5121.0,1.0236705500733203,0.2985317453764359,0.4301749708563303,0.2949638338405449,0.4839802140157255,0.2605335703145489,0.2554862156697166,0.3587821700278448,0.5926374471357171,0.6923758927219137,0.7499935922081252,0.5139095685808489,0.7979186326937193,0.8863286847715913,0.9334364405298664,C2,nowcast
"replay_from=data/experiments/b-2-t0,replay_inputs=nowcast,ed_transform=logit,epochs=300,patience=30,fit_partition=target,supplied_final=1,mask_rate=0.2,covariate_encoder=summary,covariate_set=inpatient+ww_wval_like+kinsa+ilinet+clinical_lab+flusurv,input_mode=scheduled_final,input_normalization=b0,evaluation_seasons=recent_two",44,wk inc covid prop ed visits,2025-2026,US,1,1.0,110.0,0.0241354932890258,0.0114702261390736,0.0013589310129981,0.0113063361369537,0.0345702754552474,51.0,77.0,91.0,98.0,0.0264732630591753,0.020120540261147,0.0028287126048675,0.0035240101931606,0.0327665184741256,86.0,110.0,110.0,110.0,0.9116931764352584,0.4332758720915637,0.0513322067612328,0.4270850975824465,0.7600324983048661,0.1068516789390302,0.1331158227560923,0.4636363636363636,0.7,0.8272727272727273,0.8909090909090909,0.7818181818181819,1.0,1.0,1.0,C2,nowcast
"replay_from=data/experiments/b-2-t0,replay_inputs=nowcast,ed_transform=logit,epochs=300,patience=30,fit_partition=target,supplied_final=1,mask_rate=0.2,covariate_encoder=summary,covariate_set=inpatient+ww_wval_like+kinsa+ilinet+clinical_lab+flusurv,input_mode=scheduled_final,input_normalization=b0,evaluation_seasons=recent_two",44,wk inc flu hosp,2024-2025,all,52,0.2,5616.0,769229.6152173914,239124.3543478261,502161.2608695653,27944.0,1178667.0,2463.0,3897.0,4427.0,4719.0,997209.4752173912,214134.4317391304,732659.1304347826,50415.91304347826,1363610.0,2943.0,4023.0,4381.0,4604.0,0.8261139860229322,0.2337923399354523,0.5445142743364985,0.0478073717509813,0.221083968559547,0.7136002994462362,0.0653157319942169,0.4618373275236022,0.7281408859840234,0.8119462599854759,0.8594771241830068,0.5315541031227307,0.7208424110384896,0.7796659404502543,0.8137618010167033,C2,nowcast
"replay_from=data/experiments/b-2-t0,replay_inputs=nowcast,ed_transform=logit,epochs=300,patience=30,fit_partition=target,supplied_final=1,mask_rate=0.2,covariate_encoder=summary,covariate_set=inpatient+ww_wval_like+kinsa+ilinet+clinical_lab+flusurv,input_mode=scheduled_final,input_normalization=b0,evaluation_seasons=recent_two",44,wk inc flu hosp,2024-2025,states_dc,51,0.0,5508.0,450285.7395652175,122113.78304347828,304525.8260869566,23646.130434782608,683119.0,2402.0,3802.0,4328.0,4617.0,545536.7908695652,116470.22565217387,390693.86956521735,38372.69565217391,755891.0,2882.0,3943.0,4297.0,4519.0,0.856107634006278,0.2274752889263671,0.571251993290223,0.0573803517896877,0.2222980022694732,0.7027232314120876,0.0749787663184392,0.4360929557007988,0.6902687000726219,0.785766158315178,0.8382352941176471,0.5232389251997096,0.7158678286129269,0.7801379811183734,0.8204429920116196,C2,nowcast
"replay_from=data/experiments/b-2-t0,replay_inputs=nowcast,ed_transform=logit,epochs=300,patience=30,fit_partition=target,supplied_final=1,mask_rate=0.2,covariate_encoder=summary,covariate_set=inpatient+ww_wval_like+kinsa+ilinet+clinical_lab+flusurv,input_mode=scheduled_final,input_normalization=b0,evaluation_seasons=recent_two",44,wk inc flu hosp,2024-2025,US,1,1.0,108.0,318943.8756521739,117010.57130434782,197635.43478260867,4297.869565217391,495548.0,61.0,95.0,99.0,102.0,451672.6843478261,97664.20608695652,341965.26086956525,12043.217391304348,607719.0,61.0,80.0,84.0,85.0,0.7061393940895486,0.259060543971793,0.4375633985216,0.0095154515961555,0.2162278337198422,0.7571085715828304,0.0266635946973274,0.5648148148148148,0.8796296296296297,0.9166666666666666,0.9444444444444444,0.5648148148148148,0.7407407407407407,0.7777777777777778,0.7870370370370371,C2,nowcast
"replay_from=data/experiments/b-2-t0,replay_inputs=nowcast,ed_transform=logit,epochs=300,patience=30,fit_partition=target,supplied_final=1,mask_rate=0.2,covariate_encoder=summary,covariate_set=inpatient+ww_wval_like+kinsa+ilinet+clinical_lab+flusurv,input_mode=scheduled_final,input_normalization=b0,evaluation_seasons=recent_two",44,wk inc flu hosp,2025-2026,all,52,0.2,5824.0,612667.9073913044,115902.2552173913,415173.2173913043,81592.4347826087,850570.0,1875.0,3127.0,3723.0,4121.0,681987.2230434783,182493.3534782609,344539.7391304348,154954.13043478262,1021199.0,3056.0,4510.0,4990.0,5252.0,0.955617082811338,0.1848302051200431,0.6532095275523581,0.1175773501389368,0.2795215027822053,0.5126519392462101,0.2078265579715848,0.3366596638655463,0.5613795518207284,0.6646008403361345,0.7269257703081233,0.5267507002801122,0.7781162464985995,0.8568627450980393,0.8984943977591039,C2,nowcast
"replay_from=data/experiments/b-2-t0,replay_inputs=nowcast,ed_transform=logit,epochs=300,patience=30,fit_partition=target,supplied_final=1,mask_rate=0.2,covariate_encoder=summary,covariate_set=inpatient+ww_wval_like+kinsa+ilinet+clinical_lab+flusurv,input_mode=scheduled_final,input_normalization=b0,evaluation_seasons=recent_two",44,wk inc flu hosp,2025-2026,states_dc,51,0.0,5712.0,352278.73391304346,67179.60347826086,231158.82608695648,53940.30434782609,491962.0,1830.0,3052.0,3636.0,4030.0,369731.63260869565,98349.24130434784,189960.8260869565,81421.56521739133,551635.0,2996.0,4421.0,4894.0,5153.0,0.9860469647004312,0.1920291259450399,0.6691851705915711,0.1248326681638201,0.2820338995276027,0.5170549996731874,0.2009111007992099,0.3203781512605042,0.5343137254901961,0.6365546218487395,0.7055322128851541,0.5245098039215685,0.7739845938375353,0.8567927170868349,0.9021358543417368,C2,nowcast
"replay_from=data/experiments/b-2-t0,replay_inputs=nowcast,ed_transform=logit,epochs=300,patience=30,fit_partition=target,supplied_final=1,mask_rate=0.2,covariate_encoder=summary,covariate_set=inpatient+ww_wval_like+kinsa+ilinet+clinical_lab+flusurv,input_mode=scheduled_final,input_normalization=b0,evaluation_seasons=recent_two",44,wk inc flu hosp,2025-2026,US,1,1.0,112.0,260389.17347826087,48722.65173913044,184014.39130434784,27652.130434782608,358608.0,45.0,75.0,87.0,91.0,312255.5904347826,84144.11217391305,154578.91304347827,73532.5652173913,469564.0,60.0,89.0,96.0,99.0,0.833897555254965,0.1560345218200556,0.589306955395506,0.0885560780394034,0.2694719158006149,0.4950396975383006,0.2354883866610844,0.4017857142857143,0.6696428571428571,0.7767857142857143,0.8125,0.5357142857142857,0.7946428571428571,0.8571428571428571,0.8839285714285714,C2,nowcast
"replay_from=data/experiments/b-2-t0,replay_inputs=nowcast,ed_transform=logit,epochs=300,patience=30,fit_partition=target,supplied_final=1,mask_rate=0.2,covariate_encoder=summary,covariate_set=inpatient+ww_wval_like+kinsa+ilinet+clinical_lab+flusurv,input_mode=scheduled_final,input_normalization=b0,evaluation_seasons=recent_two",44,wk inc flu prop ed visits,2025-2026,all,52,0.2,5768.0,39.162957419777406,11.88920074382172,10.372490427104417,16.901266248851247,58.949867431208354,2365.0,3861.0,4470.0,4846.0,37.45877191682501,10.32540181251476,18.66849846028443,8.464871644025802,55.69990942461097,3125.0,4505.0,4944.0,5205.0,1.0394611096472657,0.3415009830428861,0.2536704392955808,0.444289687308798,0.2959240659437712,0.4861518031545084,0.2179241309017199,0.454796918767507,0.6994397759103642,0.7931022408963586,0.8542717086834736,0.563200280112045,0.7810574229691877,0.8550420168067228,0.8988795518207284,C2,nowcast
"replay_from=data/experiments/b-2-t0,replay_inputs=nowcast,ed_transform=logit,epochs=300,patience=30,fit_partition=target,supplied_final=1,mask_rate=0.2,covariate_encoder=summary,covariate_set=inpatient+ww_wval_like+kinsa+ilinet+clinical_lab+flusurv,input_mode=scheduled_final,input_normalization=b0,evaluation_seasons=recent_two",44,wk inc flu prop ed visits,2025-2026,states_dc,51,0.0,5656.0,38.64317010743198,11.67684798526702,10.298388943321424,16.667933178843512,58.18386102898209,2290.0,3765.0,4369.0,4740.0,36.85597054744329,10.13762192450928,18.3753233456567,8.343025277277297,54.80314218169003,3050.0,4416.0,4848.0,5105.0,1.0837548328344426,0.3388071029933476,0.2863559176302108,0.4585918122108836,0.2920270708891611,0.4861011471818258,0.2218717819290127,0.4010854341736695,0.6600140056022409,0.7659313725490198,0.831232492997199,0.5365896358543416,0.7776610644257703,0.8545168067226891,0.9003851540616249,C2,nowcast
"replay_from=data/experiments/b-2-t0,replay_inputs=nowcast,ed_transform=logit,epochs=300,patience=30,fit_partition=target,supplied_final=1,mask_rate=0.2,covariate_encoder=summary,covariate_set=inpatient+ww_wval_like+kinsa+ilinet+clinical_lab+flusurv,input_mode=scheduled_final,input_normalization=b0,evaluation_seasons=recent_two",44,wk inc flu prop ed visits,2025-2026,US,1,1.0,112.0,0.51978731234543,0.2123527585547017,0.074101483782992,0.2333330700077357,0.7660064022262578,75.0,96.0,101.0,106.0,0.6028013693817165,0.1877798880054818,0.29317511462773,0.1218463667485042,0.8967672429209468,75.0,89.0,96.0,100.0,0.862286216898557,0.3522765032410402,0.1229285259570606,0.3870811877004554,0.3115120461622118,0.4863544270452387,0.2021335267925486,0.6696428571428571,0.8571428571428571,0.9017857142857144,0.9464285714285714,0.6696428571428571,0.7946428571428571,0.8571428571428571,0.8928571428571429,C2,nowcast
"replay_from=data/experiments/b-2-t0,replay_inputs=nowcast,ed_transform=logit,epochs=300,patience=30,fit_partition=target,supplied_final=1,mask_rate=0.2,covariate_encoder=summary,covariate_set=inpatient+ww_wval_like+kinsa+ilinet+clinical_lab+flusurv,input_mode=scheduled_final,input_normalization=b0,evaluation_seasons=recent_two",44,wk inc rsv hosp,2025-2026,all,52,0.2,6032.0,191198.5508695652,52661.11608695652,134365.26086956522,4172.173913043479,313495.0,2219.0,3805.0,4478.0,4863.0,174064.93092191094,53052.087440608055,105063.50795633462,15949.335524968266,270304.41698893777,2589.0,4305.0,4948.0,5364.0,1.1673062574513509,0.3047727302973792,0.8242937695490412,0.0382397576049304,0.3067406302504329,0.5745971360277672,0.1186622337218002,0.3668018931710616,0.6448275862068967,0.7612576064908725,0.8244421906693714,0.4406693711967547,0.7187964841108859,0.8279918864097365,0.8953684922244761,C2,nowcast
"replay_from=data/experiments/b-2-t0,replay_inputs=nowcast,ed_transform=logit,epochs=300,patience=30,fit_partition=target,supplied_final=1,mask_rate=0.2,covariate_encoder=summary,covariate_set=inpatient+ww_wval_like+kinsa+ilinet+clinical_lab+flusurv,input_mode=scheduled_final,input_normalization=b0,evaluation_seasons=recent_two",44,wk inc rsv hosp,2025-2026,states_dc,51,0.0,5916.0,110600.67695652174,30723.76391304348,77134.82608695653,2742.0869565217395,179089.0,2177.0,3723.0,4380.0,4758.0,94740.19007535864,28170.04025877443,55907.86834298157,10662.281473602628,146919.94591427944,2532.0,4219.0,4848.0,5257.0,1.2051204132865831,0.3118281131770827,0.8499996678011223,0.0432926323083781,0.3050074818838542,0.5633274152930453,0.1316651028231006,0.3679851250845166,0.6293103448275863,0.7403651115618662,0.8042596348884383,0.4279918864097364,0.7131507775524004,0.8194726166328601,0.8886071670047331,C2,nowcast
"replay_from=data/experiments/b-2-t0,replay_inputs=nowcast,ed_transform=logit,epochs=300,patience=30,fit_partition=target,supplied_final=1,mask_rate=0.2,covariate_encoder=summary,covariate_set=inpatient+ww_wval_like+kinsa+ilinet+clinical_lab+flusurv,input_mode=scheduled_final,input_normalization=b0,evaluation_seasons=recent_two",44,wk inc rsv hosp,2025-2026,US,1,1.0,116.0,80597.87391304347,21937.352173913045,57230.434782608696,1430.0869565217392,134406.0,42.0,82.0,98.0,105.0,79324.7408465523,24882.04718183363,49155.63961335304,5287.05405136564,123384.47107465832,57.0,86.0,100.0,107.0,1.0160496341104217,0.276551198778565,0.7214701765407168,0.0180282587911397,0.3136732237167476,0.6196760189666538,0.0666507573165986,0.3620689655172414,0.7068965517241379,0.8448275862068966,0.9051724137931034,0.4913793103448275,0.7413793103448276,0.8620689655172413,0.9224137931034484,C2,nowcast
"replay_from=data/experiments/b-2-t0,replay_inputs=nowcast,ed_transform=logit,epochs=300,patience=30,fit_partition=target,supplied_final=1,mask_rate=0.2,covariate_encoder=summary,covariate_set=inpatient+ww_wval_like+kinsa+ilinet+clinical_lab+flusurv,input_mode=scheduled_final,input_normalization=b0,evaluation_seasons=recent_two",44,wk inc rsv prop ed visits,2025-2026,all,51,0.2,5586.0,5.37698170826179,1.2243941048463072,3.9364337126208366,0.2161538907946285,7.8823491228914255,1823.0,3175.0,3890.0,4367.0,4.530466181091006,1.2624880197885668,3.0078391482014357,0.2601390131009845,6.751646223879154,2706.0,4144.0,4680.0,5001.0,1.3733725750934256,0.3097637416047898,1.0025169590423146,0.0610918744463144,0.3535959682986677,0.5860545127207138,0.060349518980613,0.3141341536790274,0.5567953301366424,0.6886935701293633,0.7764666234471187,0.5147666229916434,0.7725612543865138,0.86154240300846,0.908627902093687,C2,nowcast
"replay_from=data/experiments/b-2-t0,replay_inputs=nowcast,ed_transform=logit,epochs=300,patience=30,fit_partition=target,supplied_final=1,mask_rate=0.2,covariate_encoder=summary,covariate_set=inpatient+ww_wval_like+kinsa+ilinet+clinical_lab+flusurv,input_mode=scheduled_final,input_normalization=b0,evaluation_seasons=recent_two",44,wk inc rsv prop ed visits,2025-2026,states_dc,50,0.0,5475.0,5.295718809468132,1.2069083771747913,3.878714030151592,0.210096402141731,7.759164860661504,1793.0,3117.0,3815.0,4281.0,4.481922043258964,1.2402717937371133,2.9831665637207228,0.2584836858011096,6.672332609887618,2633.0,4042.0,4572.0,4893.0,1.2982156567438217,0.2971540115064004,0.955892580513541,0.0451690647238749,0.3275824533044074,0.6055055048001255,0.0669120418954619,0.3251001245312166,0.5653635320401723,0.6919480437427851,0.7768895856152048,0.47904386432514,0.7359718382534125,0.8336847605173314,0.8925416343738655,C2,nowcast
"replay_from=data/experiments/b-2-t0,replay_inputs=nowcast,ed_transform=logit,epochs=300,patience=30,fit_partition=target,supplied_final=1,mask_rate=0.2,covariate_encoder=summary,covariate_set=inpatient+ww_wval_like+kinsa+ilinet+clinical_lab+flusurv,input_mode=scheduled_final,input_normalization=b0,evaluation_seasons=recent_two",44,wk inc rsv prop ed visits,2025-2026,US,1,1.0,111.0,0.081262898793659,0.0174857276715158,0.057719682469245,0.0060574886528975,0.1231842622299211,30.0,58.0,75.0,86.0,0.0485441378320411,0.0222162260514535,0.0246725844807123,0.0016553272998748,0.0793136139915364,73.0,102.0,108.0,108.0,1.6740002484918417,0.3602026619983476,1.189014473157409,0.1247831133360723,0.4576500282757085,0.5082505444030668,0.0340994273212172,0.2702702702702703,0.5225225225225225,0.6756756756756757,0.7747747747747747,0.6576576576576577,0.918918918918919,0.972972972972973,0.972972972972973,C2,nowcast
"replay_from=data/experiments/b-2-t0,replay_inputs=nowcast,ed_transform=logit,spatial=distance,epochs=300,patience=30,fit_partition=pathogen,supplied_final=1,mask_rate=0.2,covariate_encoder=summary,input_mode=scheduled_final,input_normalization=b0,evaluation_seasons=recent_two",42,wk inc covid hosp,2024-2025,all,52,0.2,6968.0,749155.8265217391,55065.56565217392,627991.2608695651,66099.0,925518.0,1152.0,2377.0,3237.0,3990.0,294095.7264372725,135467.5071866996,122015.56154699084,36612.65770358205,459783.4153206482,3786.0,5746.0,6312.0,6600.0,2.090549288913771,0.20519567896231,1.7381135326396104,0.1472400773118504,0.4380785185746119,0.407628405592174,0.1542930758332142,0.1348551360842844,0.27825577992391,0.3803043605501903,0.4684518583552825,0.5601112086625696,0.8459467369037169,0.9204565408252854,0.9555458004097164,C1,nowcast
"replay_from=data/experiments/b-2-t0,replay_inputs=nowcast,ed_transform=logit,spatial=distance,epochs=300,patience=30,fit_partition=pathogen,supplied_final=1,mask_rate=0.2,covariate_encoder=summary,input_mode=scheduled_final,input_normalization=b0,evaluation_seasons=recent_two",42,wk inc covid hosp,2024-2025,states_dc,51,0.0,6834.0,342108.33478260867,41075.3347826087,278605.956521739,22427.04347826087,471187.0,1152.0,2377.0,3236.0,3989.0,177711.5257127561,72412.19438985428,79788.8120383263,25510.51928457551,270242.3766800353,3701.0,5620.0,6180.0,6467.0,1.7388250371373806,0.2264427729772455,1.4221420580593125,0.0902402061008225,0.4121516864040481,0.4188300047704274,0.1690183088255245,0.1685689201053556,0.3478197249048874,0.4735147790459468,0.5836991513023121,0.5415569212759731,0.8223587942639744,0.9043020193151888,0.9462979221539364,C1,nowcast
"replay_from=data/experiments/b-2-t0,replay_inputs=nowcast,ed_transform=logit,spatial=distance,epochs=300,patience=30,fit_partition=pathogen,supplied_final=1,mask_rate=0.2,covariate_encoder=summary,input_mode=scheduled_final,input_normalization=b0,evaluation_seasons=recent_two",42,wk inc covid hosp,2024-2025,US,1,1.0,134.0,407047.4917391304,13990.230869565215,349385.30434782605,43671.956521739135,454331.0,0.0,0.0,1.0,1.0,116384.20072451644,63055.31279684533,42226.74950866455,11102.138419006547,189541.03864061285,85.0,126.0,132.0,133.0,3.4974462960193318,0.1202073029025679,3.0019994309608014,0.3752395621559619,0.5417858472568663,0.3628220088791609,0.0953921438639727,0.0,0.0,0.0074626865671641,0.0074626865671641,0.6343283582089553,0.9402985074626866,0.9850746268656716,0.9925373134328358,C1,nowcast
"replay_from=data/experiments/b-2-t0,replay_inputs=nowcast,ed_transform=logit,spatial=distance,epochs=300,patience=30,fit_partition=pathogen,supplied_final=1,mask_rate=0.2,covariate_encoder=summary,input_mode=scheduled_final,input_normalization=b0,evaluation_seasons=recent_two",42,wk inc covid hosp,2025-2026,all,52,0.2,9048.0,240581.70391304343,45851.83434782609,134462.2608695652,60267.608695652176,335091.0,3387.0,5564.0,6486.0,7063.0,251503.70978939495,102039.96804152089,70756.4623304223,78707.27941745178,396424.6389596296,4576.0,7150.0,7993.0,8484.0,1.0207301100924522,0.2183978669267771,0.5286271795859447,0.2737050635797304,0.4039583179592176,0.3059835764748293,0.2900581055659533,0.3339418526031103,0.5640973630831644,0.6694613477574939,0.7373675907144467,0.5195176921343251,0.7918187964841109,0.8741717376605818,0.9417399143565476,C1,nowcast
"replay_from=data/experiments/b-2-t0,replay_inputs=nowcast,ed_transform=logit,spatial=distance,epochs=300,patience=30,fit_partition=pathogen,supplied_final=1,mask_rate=0.2,covariate_encoder=summary,input_mode=scheduled_final,input_normalization=b0,evaluation_seasons=recent_two",42,wk inc covid hosp,2025-2026,states_dc,51,0.0,8874.0,134057.2604347826,34719.17347826087,65301.69565217391,34036.39130434783,196850.0,3360.0,5505.0,6406.0,6968.0,137533.1523161514,55676.68777243521,42712.03193647525,39144.43260724092,215812.05818140364,4475.0,7011.0,7848.0,8317.0,1.0422460533679865,0.2485772967726757,0.5090768872515294,0.2845918693437811,0.4032477713441501,0.3209626389317038,0.2757895897241462,0.3786342123056119,0.6203515889114267,0.7218841559612352,0.7852152355194952,0.5042821726391706,0.7900608519269777,0.8843813387423937,0.937232364210052,C1,nowcast
"replay_from=data/experiments/b-2-t0,replay_inputs=nowcast,ed_transform=logit,spatial=distance,epochs=300,patience=30,fit_partition=pathogen,supplied_final=1,mask_rate=0.2,covariate_encoder=summary,input_mode=scheduled_final,input_normalization=b0,evaluation_seasons=recent_two",42,wk inc covid hosp,2025-2026,US,1,1.0,174.0,106524.44347826086,11132.660869565218,69160.5652173913,26231.217391304348,138241.0,27.0,59.0,80.0,95.0,113970.5574732436,46363.28026908566,28044.430393947056,39562.84681021086,180612.58077822597,101.0,139.0,145.0,167.0,0.934666336990316,0.0976801475431827,0.6068283489236055,0.2301578405235277,0.4068005044194873,0.2460673266473311,0.3471321689331814,0.1551724137931034,0.3390804597701149,0.4597701149425287,0.5459770114942529,0.5804597701149425,0.7988505747126436,0.8333333333333334,0.9597701149425288,C1,nowcast
"replay_from=data/experiments/b-2-t0,replay_inputs=nowcast,ed_transform=logit,spatial=distance,epochs=300,patience=30,fit_partition=pathogen,supplied_final=1,mask_rate=0.2,covariate_encoder=summary,input_mode=scheduled_final,input_normalization=b0,evaluation_seasons=recent_two",42,wk inc covid prop ed visits,2025-2026,all,52,0.2,5586.0,3.094199271570386,0.7335346679919061,0.8461034683559165,1.5145611352225417,4.496881201590628,1376.0,2477.0,3036.0,3484.0,2.497840451560441,1.156219767170679,0.6581087464717353,0.683511937918007,3.786811202370366,2935.0,4515.0,4987.0,5231.0,1.3177325556452288,0.2929385095828825,0.2589100197131628,0.7658840263491729,0.5391906708735537,0.2297971920394451,0.2310121370869917,0.2306886628685936,0.4140896857851876,0.5006829541085598,0.5767383174303591,0.5674912912283155,0.8383349061549755,0.9090629478172731,0.9467491524238932,C1,nowcast
"replay_from=data/experiments/b-2-t0,replay_inputs=nowcast,ed_transform=logit,spatial=distance,epochs=300,patience=30,fit_partition=pathogen,supplied_final=1,mask_rate=0.2,covariate_encoder=summary,input_mode=scheduled_final,input_normalization=b0,evaluation_seasons=recent_two",42,wk inc covid prop ed visits,2025-2026,states_dc,51,0.0,5476.0,3.057081999028441,0.7281203916575631,0.8448841202411755,1.4840774871296811,4.447419103426144,1359.0,2447.0,3002.0,3443.0,2.4713671885012656,1.136099226909532,0.6552800338668678,0.6799879277248464,3.754044683896241,2849.0,4405.0,4877.0,5121.0,1.296649095422375,0.315043471528593,0.3121226226815459,0.6694830012122266,0.4839802140157255,0.2605335703145489,0.2554862156697166,0.2497244649493784,0.4494302890496663,0.5485809653629724,0.6277410786061306,0.5139095685808489,0.7979186326937193,0.8863286847715913,0.9334364405298664,C1,nowcast
"replay_from=data/experiments/b-2-t0,replay_inputs=nowcast,ed_transform=logit,spatial=distance,epochs=300,patience=30,fit_partition=pathogen,supplied_final=1,mask_rate=0.2,covariate_encoder=summary,input_mode=scheduled_final,input_normalization=b0,evaluation_seasons=recent_two",42,wk inc covid prop ed visits,2025-2026,US,1,1.0,110.0,0.0371172725419447,0.005414276334343,0.001219348114741,0.0304836480928602,0.0494620981644837,17.0,30.0,34.0,41.0,0.0264732630591753,0.020120540261147,0.0028287126048675,0.0035240101931606,0.0327665184741256,86.0,110.0,110.0,110.0,1.402066396536644,0.2045186618000405,0.0460596078396306,1.1514881268969577,0.7600324983048661,0.1068516789390302,0.1331158227560923,0.1545454545454545,0.2727272727272727,0.3090909090909091,0.3727272727272727,0.7818181818181819,1.0,1.0,1.0,C1,nowcast
"replay_from=data/experiments/b-2-t0,replay_inputs=nowcast,ed_transform=logit,spatial=distance,epochs=300,patience=30,fit_partition=pathogen,supplied_final=1,mask_rate=0.2,covariate_encoder=summary,input_mode=scheduled_final,input_normalization=b0,evaluation_seasons=recent_two",42,wk inc flu hosp,2024-2025,all,52,0.2,5616.0,849904.0121739132,149821.27304347826,635688.9130434783,64393.82608695652,1164555.0,2092.0,3345.0,3948.0,4304.0,997209.4752173912,214134.4317391304,732659.1304347826,50415.91304347826,1363610.0,2943.0,4023.0,4381.0,4604.0,0.9133590780769046,0.1598091855314907,0.6595450431212614,0.0940048494241522,0.221083968559547,0.7136002994462362,0.0653157319942169,0.365286855482934,0.5967683369644156,0.6980029048656501,0.7582425562817723,0.5315541031227307,0.7208424110384896,0.7796659404502543,0.8137618010167033,C1,nowcast
"replay_from=data/experiments/b-2-t0,replay_inputs=nowcast,ed_transform=logit,spatial=distance,epochs=300,patience=30,fit_partition=pathogen,supplied_final=1,mask_rate=0.2,covariate_encoder=summary,input_mode=scheduled_final,input_normalization=b0,evaluation_seasons=recent_two",42,wk inc flu hosp,2024-2025,states_dc,51,0.0,5508.0,496433.5795652175,90179.1447826087,363146.7391304348,43107.69565217391,687480.0,2056.0,3280.0,3875.0,4226.0,545536.7908695652,116470.22565217387,390693.86956521735,38372.69565217391,755891.0,2882.0,3943.0,4297.0,4519.0,0.9460536133049122,0.1667496736250336,0.6735797119425847,0.1057242277372938,0.2222980022694732,0.7027232314120876,0.0749787663184392,0.3732752360203341,0.5954974582425564,0.7035221496005812,0.7672476397966596,0.5232389251997096,0.7158678286129269,0.7801379811183734,0.8204429920116196,C1,nowcast
"replay_from=data/experiments/b-2-t0,replay_inputs=nowcast,ed_transform=logit,spatial=distance,epochs=300,patience=30,fit_partition=pathogen,supplied_final=1,mask_rate=0.2,covariate_encoder=summary,input_mode=scheduled_final,input_normalization=b0,evaluation_seasons=recent_two",42,wk inc flu hosp,2024-2025,US,1,1.0,108.0,353470.4326086957,59642.12826086956,272542.17391304346,21286.130434782608,477075.0,36.0,65.0,73.0,78.0,451672.6843478261,97664.20608695652,341965.26086956525,12043.217391304348,607719.0,61.0,80.0,84.0,85.0,0.7825809371648732,0.132047233157319,0.603406367835968,0.0471273361715859,0.2162278337198422,0.7571085715828304,0.0266635946973274,0.3333333333333333,0.6018518518518519,0.6759259259259259,0.7222222222222222,0.5648148148148148,0.7407407407407407,0.7777777777777778,0.7870370370370371,C1,nowcast
"replay_from=data/experiments/b-2-t0,replay_inputs=nowcast,ed_transform=logit,spatial=distance,epochs=300,patience=30,fit_partition=pathogen,supplied_final=1,mask_rate=0.2,covariate_encoder=summary,input_mode=scheduled_final,input_normalization=b0,evaluation_seasons=recent_two",42,wk inc flu hosp,2025-2026,all,52,0.2,5824.0,667911.0939130435,146136.87652173912,430651.8260869565,91122.39130434782,977619.0,2174.0,3621.0,4303.0,4728.0,681987.2230434783,182493.3534782609,344539.7391304348,154954.13043478262,1021199.0,3056.0,4510.0,4990.0,5252.0,1.0072676487437828,0.2179972669327208,0.6905894830337771,0.0986808987772849,0.2795215027822053,0.5126519392462101,0.2078265579715848,0.3982843137254903,0.6420868347338937,0.75406162464986,0.8234593837535014,0.5267507002801122,0.7781162464985995,0.8568627450980393,0.8984943977591039,C1,nowcast
"replay_from=data/experiments/b-2-t0,replay_inputs=nowcast,ed_transform=logit,spatial=distance,epochs=300,patience=30,fit_partition=pathogen,supplied_final=1,mask_rate=0.2,covariate_encoder=summary,input_mode=scheduled_final,input_normalization=b0,evaluation_seasons=recent_two",42,wk inc flu hosp,2025-2026,states_dc,51,0.0,5712.0,353575.9543478261,82777.04130434782,239881.52173913043,30917.391304347828,523025.0,2117.0,3539.0,4211.0,4630.0,369731.63260869565,98349.24130434784,189960.8260869565,81421.56521739133,551635.0,2996.0,4421.0,4894.0,5153.0,1.007419619456992,0.221769040942671,0.7105011541029068,0.075149424411414,0.2820338995276027,0.5170549996731874,0.2009111007992099,0.3706232492997199,0.6195728291316527,0.7372198879551821,0.810574229691877,0.5245098039215685,0.7739845938375353,0.8567927170868349,0.9021358543417368,C1,nowcast
"replay_from=data/experiments/b-2-t0,replay_inputs=nowcast,ed_transform=logit,spatial=distance,epochs=300,patience=30,fit_partition=pathogen,supplied_final=1,mask_rate=0.2,covariate_encoder=summary,input_mode=scheduled_final,input_normalization=b0,evaluation_seasons=recent_two",42,wk inc flu hosp,2025-2026,US,1,1.0,112.0,314335.1395652174,63359.8352173913,190770.30434782608,60205.0,454594.0,57.0,82.0,92.0,98.0,312255.5904347826,84144.11217391305,154578.91304347827,73532.5652173913,469564.0,60.0,89.0,96.0,99.0,1.0066597658909462,0.2029101708929197,0.6109427987572578,0.1928067962407685,0.2694719158006149,0.4950396975383006,0.2354883866610844,0.5089285714285714,0.7321428571428571,0.8214285714285714,0.875,0.5357142857142857,0.7946428571428571,0.8571428571428571,0.8839285714285714,C1,nowcast
"replay_from=data/experiments/b-2-t0,replay_inputs=nowcast,ed_transform=logit,spatial=distance,epochs=300,patience=30,fit_partition=pathogen,supplied_final=1,mask_rate=0.2,covariate_encoder=summary,input_mode=scheduled_final,input_normalization=b0,evaluation_seasons=recent_two",42,wk inc flu prop ed visits,2025-2026,all,52,0.2,5768.0,35.43163626960805,8.465713066297315,20.54044523778944,6.425477965521267,52.360367596346336,2190.0,3710.0,4349.0,4746.0,37.45877191682501,10.32540181251476,18.66849846028443,8.464871644025802,55.69990942461097,3125.0,4505.0,4944.0,5205.0,0.9823752677850238,0.2285273857702454,0.5525543892858571,0.2012934927289207,0.2959240659437712,0.4861518031545084,0.2179241309017199,0.3677521008403362,0.6289215686274511,0.7367997198879552,0.8022759103641457,0.563200280112045,0.7810574229691877,0.8550420168067228,0.8988795518207284,C1,nowcast
"replay_from=data/experiments/b-2-t0,replay_inputs=nowcast,ed_transform=logit,spatial=distance,epochs=300,patience=30,fit_partition=pathogen,supplied_final=1,mask_rate=0.2,covariate_encoder=summary,input_mode=scheduled_final,input_normalization=b0,evaluation_seasons=recent_two",42,wk inc flu prop ed visits,2025-2026,states_dc,51,0.0,5656.0,34.80013087706871,8.359408906826186,20.2301898756405,6.210532094601997,51.474259428891365,2153.0,3644.0,4272.0,4663.0,36.85597054744329,10.13762192450928,18.3753233456567,8.343025277277297,54.80314218169003,3050.0,4416.0,4848.0,5105.0,0.9660646562513542,0.2415716749880428,0.5620206834624385,0.1624722978008724,0.2920270708891611,0.4861011471818258,0.2218717819290127,0.3771008403361345,0.6388305322128852,0.7491246498599441,0.8175770308123251,0.5365896358543416,0.7776610644257703,0.8545168067226891,0.9003851540616249,C1,nowcast
"replay_from=data/experiments/b-2-t0,replay_inputs=nowcast,ed_transform=logit,spatial=distance,epochs=300,patience=30,fit_partition=pathogen,supplied_final=1,mask_rate=0.2,covariate_encoder=summary,input_mode=scheduled_final,input_normalization=b0,evaluation_seasons=recent_two",42,wk inc flu prop ed visits,2025-2026,US,1,1.0,112.0,0.6315053925393395,0.1063041594711298,0.310255362148939,0.2149458709192703,0.8861081674549727,37.0,66.0,77.0,83.0,0.6028013693817165,0.1877798880054818,0.29317511462773,0.1218463667485042,0.8967672429209468,75.0,89.0,96.0,100.0,1.0476177139197016,0.1763502288990555,0.5146892125795316,0.356578272441114,0.3115120461622118,0.4863544270452387,0.2021335267925486,0.3303571428571428,0.5892857142857143,0.6875,0.7410714285714286,0.6696428571428571,0.7946428571428571,0.8571428571428571,0.8928571428571429,C1,nowcast
"replay_from=data/experiments/b-2-t0,replay_inputs=nowcast,ed_transform=logit,spatial=distance,epochs=300,patience=30,fit_partition=pathogen,supplied_final=1,mask_rate=0.2,covariate_encoder=summary,input_mode=scheduled_final,input_normalization=b0,evaluation_seasons=recent_two",42,wk inc rsv hosp,2025-2026,all,52,0.2,6032.0,193068.0482608696,34285.09173913043,148182.04347826086,10600.91304347826,276028.0,1906.0,3184.0,3849.0,4276.0,174064.93092191094,53052.087440608055,105063.50795633462,15949.335524968266,270304.41698893777,2589.0,4305.0,4948.0,5364.0,1.2159749104239743,0.2212010233185596,0.9194511323861282,0.0753227547192861,0.3067406302504329,0.5745971360277672,0.1186622337218002,0.3101757944557134,0.505240027045301,0.618999323867478,0.6878634212305613,0.4406693711967547,0.7187964841108859,0.8279918864097365,0.8953684922244761,C1,nowcast
"replay_from=data/experiments/b-2-t0,replay_inputs=nowcast,ed_transform=logit,spatial=distance,epochs=300,patience=30,fit_partition=pathogen,supplied_final=1,mask_rate=0.2,covariate_encoder=summary,input_mode=scheduled_final,input_normalization=b0,evaluation_seasons=recent_two",42,wk inc rsv hosp,2025-2026,states_dc,51,0.0,5916.0,111086.54826086956,22925.76565217391,80521.21739130434,7639.565217391303,164224.0,1873.0,3137.0,3787.0,4207.0,94740.19007535864,28170.04025877443,55907.86834298157,10662.281473602628,146919.94591427944,2532.0,4219.0,4848.0,5257.0,1.2615955909670498,0.2407012060381899,0.936073930816838,0.0848204541120218,0.3050074818838542,0.5633274152930453,0.1316651028231006,0.3165990534144692,0.5302569303583503,0.6401284651791752,0.7111223799864774,0.4279918864097364,0.7131507775524004,0.8194726166328601,0.8886071670047331,C1,nowcast
"replay_from=data/experiments/b-2-t0,replay_inputs=nowcast,ed_transform=logit,spatial=distance,epochs=300,patience=30,fit_partition=pathogen,supplied_final=1,mask_rate=0.2,covariate_encoder=summary,input_mode=scheduled_final,input_normalization=b0,evaluation_seasons=recent_two",42,wk inc rsv hosp,2025-2026,US,1,1.0,116.0,81981.5,11359.326086956522,67660.82608695651,2961.347826086956,111804.0,33.0,47.0,62.0,69.0,79324.7408465523,24882.04718183363,49155.63961335304,5287.05405136564,123384.47107465832,57.0,86.0,100.0,107.0,1.0334921882516703,0.143200292440038,0.8529599386632886,0.0373319571483436,0.3136732237167476,0.6196760189666538,0.0666507573165986,0.2844827586206896,0.4051724137931034,0.5344827586206896,0.5948275862068966,0.4913793103448275,0.7413793103448276,0.8620689655172413,0.9224137931034484,C1,nowcast
"replay_from=data/experiments/b-2-t0,replay_inputs=nowcast,ed_transform=logit,spatial=distance,epochs=300,patience=30,fit_partition=pathogen,supplied_final=1,mask_rate=0.2,covariate_encoder=summary,input_mode=scheduled_final,input_normalization=b0,evaluation_seasons=recent_two",42,wk inc rsv prop ed visits,2025-2026,all,51,0.2,5586.0,4.878585950937588,0.9037340884087112,3.762901897328343,0.2119499652005181,6.812365469646026,1902.0,3152.0,3682.0,4006.0,4.530466181091006,1.2624880197885668,3.0078391482014357,0.2601390131009845,6.751646223879154,2706.0,4144.0,4680.0,5001.0,1.1193450117844592,0.2178551841073222,0.8564331326245207,0.0450566950526104,0.3535959682986677,0.5860545127207138,0.060349518980613,0.3337498189086028,0.5578762594991578,0.6549898175160737,0.7070080325871024,0.5147666229916434,0.7725612543865138,0.86154240300846,0.908627902093687,C1,nowcast
"replay_from=data/experiments/b-2-t0,replay_inputs=nowcast,ed_transform=logit,spatial=distance,epochs=300,patience=30,fit_partition=pathogen,supplied_final=1,mask_rate=0.2,covariate_encoder=summary,input_mode=scheduled_final,input_normalization=b0,evaluation_seasons=recent_two",42,wk inc rsv prop ed visits,2025-2026,states_dc,50,0.0,5475.0,4.827724112127654,0.8952236742416555,3.722961429830219,0.2095390080557627,6.743623736445388,1867.0,3091.0,3609.0,3930.0,4.481922043258964,1.2402717937371133,2.9831665637207228,0.2584836858011096,6.672332609887618,2633.0,4042.0,4572.0,4893.0,1.137245214975645,0.2284907521177187,0.8648499086190954,0.0439045542388257,0.3275824533044074,0.6055055048001255,0.0669120418954619,0.3383584448069247,0.5599579369865599,0.6543228574806776,0.7125888695627067,0.47904386432514,0.7359718382534125,0.8336847605173314,0.8925416343738655,C1,nowcast
"replay_from=data/experiments/b-2-t0,replay_inputs=nowcast,ed_transform=logit,spatial=distance,epochs=300,patience=30,fit_partition=pathogen,supplied_final=1,mask_rate=0.2,covariate_encoder=summary,input_mode=scheduled_final,input_normalization=b0,evaluation_seasons=recent_two",42,wk inc rsv prop ed visits,2025-2026,US,1,1.0,111.0,0.0508618388099347,0.0085104141670556,0.0399404674981233,0.0024109571447553,0.0687417332006384,35.0,61.0,73.0,76.0,0.0485441378320411,0.0222162260514535,0.0246725844807123,0.0016553272998748,0.0793136139915364,73.0,102.0,108.0,108.0,1.0477441990197185,0.1753129120657362,0.8227660286462225,0.0496652583077491,0.4576500282757085,0.5082505444030668,0.0340994273212172,0.3153153153153153,0.5495495495495496,0.6576576576576577,0.6846846846846847,0.6576576576576577,0.918918918918919,0.972972972972973,0.972972972972973,C1,nowcast
"replay_from=data/experiments/b-2-t0,replay_inputs=nowcast,ed_transform=logit,spatial=distance,epochs=300,patience=30,fit_partition=pathogen,supplied_final=1,mask_rate=0.2,covariate_encoder=summary,input_mode=scheduled_final,input_normalization=b0,evaluation_seasons=recent_two",43,wk inc covid hosp,2024-2025,all,52,0.2,6968.0,590821.5795652175,67544.05782608695,430590.8260869565,92686.69565217392,785733.0,1496.0,2974.0,3761.0,4393.0,294095.7264372725,135467.5071866996,122015.56154699084,36612.65770358205,459783.4153206482,3786.0,5746.0,6312.0,6600.0,1.7431376731550876,0.2352144867630775,1.2912472331777916,0.2166759532142188,0.4380785185746119,0.407628405592174,0.1542930758332142,0.1820017559262511,0.363271875914545,0.4622768510389231,0.5417617793386011,0.5601112086625696,0.8459467369037169,0.9204565408252854,0.9555458004097164,C1,nowcast
"replay_from=data/experiments/b-2-t0,replay_inputs=nowcast,ed_transform=logit,spatial=distance,epochs=300,patience=30,fit_partition=pathogen,supplied_final=1,mask_rate=0.2,covariate_encoder=summary,input_mode=scheduled_final,input_normalization=b0,evaluation_seasons=recent_two",43,wk inc covid hosp,2024-2025,states_dc,51,0.0,6834.0,298632.6973913044,47163.43652173912,211880.08695652176,39589.17391304348,429615.0,1491.0,2963.0,3745.0,4373.0,177711.5257127561,72412.19438985428,79788.8120383263,25510.51928457551,270242.3766800353,3701.0,5620.0,6180.0,6467.0,1.5512834593207383,0.2502393541696009,1.1442557138536409,0.1567883912974964,0.4121516864040481,0.4188300047704274,0.1690183088255245,0.2181738366988586,0.4335674568334797,0.5479953175299972,0.6398887913374305,0.5415569212759731,0.8223587942639744,0.9043020193151888,0.9462979221539364,C1,nowcast
"replay_from=data/experiments/b-2-t0,replay_inputs=nowcast,ed_transform=logit,spatial=distance,epochs=300,patience=30,fit_partition=pathogen,supplied_final=1,mask_rate=0.2,covariate_encoder=summary,input_mode=scheduled_final,input_normalization=b0,evaluation_seasons=recent_two",43,wk inc covid hosp,2024-2025,US,1,1.0,134.0,292188.882173913,20380.621304347827,218710.7391304348,53097.52173913043,356118.0,5.0,11.0,16.0,20.0,116384.20072451644,63055.31279684533,42226.74950866455,11102.138419006547,189541.03864061285,85.0,126.0,132.0,133.0,2.510554528492484,0.1751150171369835,1.8792133104743929,0.456226200881108,0.5417858472568663,0.3628220088791609,0.0953921438639727,0.0373134328358208,0.0820895522388059,0.1194029850746268,0.1492537313432835,0.6343283582089553,0.9402985074626866,0.9850746268656716,0.9925373134328358,C1,nowcast
"replay_from=data/experiments/b-2-t0,replay_inputs=nowcast,ed_transform=logit,spatial=distance,epochs=300,patience=30,fit_partition=pathogen,supplied_final=1,mask_rate=0.2,covariate_encoder=summary,input_mode=scheduled_final,input_normalization=b0,evaluation_seasons=recent_two",43,wk inc covid hosp,2025-2026,all,52,0.2,9048.0,274878.9060869565,38209.86260869565,174060.04347826086,62609.0,365372.0,3051.0,4942.0,5907.0,6525.0,251503.70978939495,102039.96804152089,70756.4623304223,78707.27941745178,396424.6389596296,4576.0,7150.0,7993.0,8484.0,1.123208972096449,0.1907929280324921,0.6641305417599119,0.2682855023040456,0.4039583179592176,0.3059835764748293,0.2900581055659533,0.2888212756366915,0.4889565021410864,0.5886635113815643,0.6602659454586434,0.5195176921343251,0.7918187964841109,0.8741717376605818,0.9417399143565476,C1,nowcast
"replay_from=data/experiments/b-2-t0,replay_inputs=nowcast,ed_transform=logit,spatial=distance,epochs=300,patience=30,fit_partition=pathogen,supplied_final=1,mask_rate=0.2,covariate_encoder=summary,input_mode=scheduled_final,input_normalization=b0,evaluation_seasons=recent_two",43,wk inc covid hosp,2025-2026,states_dc,51,0.0,8874.0,152038.94434782607,30273.24869565217,88160.34782608696,33605.34782608696,216437.0,3038.0,4901.0,5854.0,6457.0,137533.1523161514,55676.68777243521,42712.03193647525,39144.43260724092,215812.05818140364,4475.0,7011.0,7848.0,8317.0,1.1345557424473471,0.2210818086936528,0.641737987491705,0.2717359462619894,0.4032477713441501,0.3209626389317038,0.2757895897241462,0.3423484336263241,0.5522875816993464,0.659679963939599,0.7276312823980169,0.5042821726391706,0.7900608519269777,0.8843813387423937,0.937232364210052,C1,nowcast
"replay_from=data/experiments/b-2-t0,replay_inputs=nowcast,ed_transform=logit,spatial=distance,epochs=300,patience=30,fit_partition=pathogen,supplied_final=1,mask_rate=0.2,covariate_encoder=summary,input_mode=scheduled_final,input_normalization=b0,evaluation_seasons=recent_two",43,wk inc covid hosp,2025-2026,US,1,1.0,174.0,122839.96173913043,7936.613913043478,85899.69565217392,29003.652173913044,148935.0,13.0,41.0,53.0,68.0,113970.5574732436,46363.28026908566,28044.430393947056,39562.84681021086,180612.58077822597,101.0,139.0,145.0,167.0,1.0778218906928578,0.0696374053878496,0.7537007588327383,0.2544837264722699,0.4068005044194873,0.2460673266473311,0.3471321689331814,0.0747126436781609,0.2356321839080459,0.3045977011494253,0.3908045977011494,0.5804597701149425,0.7988505747126436,0.8333333333333334,0.9597701149425288,C1,nowcast
"replay_from=data/experiments/b-2-t0,replay_inputs=nowcast,ed_transform=logit,spatial=distance,epochs=300,patience=30,fit_partition=pathogen,supplied_final=1,mask_rate=0.2,covariate_encoder=summary,input_mode=scheduled_final,input_normalization=b0,evaluation_seasons=recent_two",43,wk inc covid prop ed visits,2025-2026,all,52,0.2,5586.0,3.272293604313005,0.7801836756903553,0.6585721014474842,1.8335378271751468,4.762534386352329,1371.0,2517.0,3119.0,3535.0,2.497840451560441,1.156219767170679,0.6581087464717353,0.683511937918007,3.786811202370366,2935.0,4515.0,4987.0,5231.0,1.40935134232128,0.2991440345348039,0.2201433728045414,0.890063934981925,0.5391906708735537,0.2297971920394451,0.2310121370869917,0.2318690946372607,0.4191947153192829,0.5180277981662066,0.5932475854275163,0.5674912912283155,0.8383349061549755,0.9090629478172731,0.9467491524238932,C1,nowcast
"replay_from=data/experiments/b-2-t0,replay_inputs=nowcast,ed_transform=logit,spatial=distance,epochs=300,patience=30,fit_partition=pathogen,supplied_final=1,mask_rate=0.2,covariate_encoder=summary,input_mode=scheduled_final,input_normalization=b0,evaluation_seasons=recent_two",43,wk inc covid prop ed visits,2025-2026,states_dc,51,0.0,5476.0,3.2331687659971298,0.7760015938176575,0.6554923506547071,1.8016748215247471,4.711946181670131,1352.0,2486.0,3081.0,3488.0,2.4713671885012656,1.136099226909532,0.6552800338668678,0.6799879277248464,3.754044683896241,2849.0,4405.0,4877.0,5121.0,1.3922141510752923,0.3344365940293721,0.2460956196060474,0.8116819374398647,0.4839802140157255,0.2605335703145489,0.2554862156697166,0.2466545501147577,0.4535388486945581,0.5611711113441219,0.6347412999662135,0.5139095685808489,0.7979186326937193,0.8863286847715913,0.9334364405298664,C1,nowcast
"replay_from=data/experiments/b-2-t0,replay_inputs=nowcast,ed_transform=logit,spatial=distance,epochs=300,patience=30,fit_partition=pathogen,supplied_final=1,mask_rate=0.2,covariate_encoder=summary,input_mode=scheduled_final,input_normalization=b0,evaluation_seasons=recent_two",43,wk inc covid prop ed visits,2025-2026,US,1,1.0,110.0,0.0391248383158749,0.0041820818726977,0.0030797507927771,0.0318630056503997,0.050588204682199,19.0,31.0,38.0,47.0,0.0264732630591753,0.020120540261147,0.0028287126048675,0.0035240101931606,0.0327665184741256,86.0,110.0,110.0,110.0,1.4779001073052298,0.1579737965565309,0.1163343855985175,1.2035919251501663,0.7600324983048661,0.1068516789390302,0.1331158227560923,0.1727272727272727,0.2818181818181818,0.3454545454545454,0.4272727272727272,0.7818181818181819,1.0,1.0,1.0,C1,nowcast
"replay_from=data/experiments/b-2-t0,replay_inputs=nowcast,ed_transform=logit,spatial=distance,epochs=300,patience=30,fit_partition=pathogen,supplied_final=1,mask_rate=0.2,covariate_encoder=summary,input_mode=scheduled_final,input_normalization=b0,evaluation_seasons=recent_two",43,wk inc flu hosp,2024-2025,all,52,0.2,5616.0,1121274.8230434782,171583.9534782609,936237.9565217393,13452.91304347826,1534590.0,2210.0,3505.0,3973.0,4286.0,997209.4752173912,214134.4317391304,732659.1304347826,50415.91304347826,1363610.0,2943.0,4023.0,4381.0,4604.0,1.1048947010968162,0.1771857252068654,0.9051046900924,0.0226042857975507,0.221083968559547,0.7136002994462362,0.0653157319942169,0.3755991285403051,0.6183006535947714,0.6982207697893975,0.7573347857661585,0.5315541031227307,0.7208424110384896,0.7796659404502543,0.8137618010167033,C1,nowcast
"replay_from=data/experiments/b-2-t0,replay_inputs=nowcast,ed_transform=logit,spatial=distance,epochs=300,patience=30,fit_partition=pathogen,supplied_final=1,mask_rate=0.2,covariate_encoder=summary,input_mode=scheduled_final,input_normalization=b0,evaluation_seasons=recent_two",43,wk inc flu hosp,2024-2025,states_dc,51,0.0,5508.0,588730.027826087,99188.89739130436,476236.2608695652,13304.86956521739,816200.0,2178.0,3441.0,3902.0,4207.0,545536.7908695652,116470.22565217387,390693.86956521735,38372.69565217391,755891.0,2882.0,3943.0,4297.0,4519.0,1.0863558117572572,0.1814116261246775,0.876770770178554,0.0281734154540255,0.2222980022694732,0.7027232314120876,0.0749787663184392,0.3954248366013073,0.624727668845316,0.7084241103848947,0.7637981118373277,0.5232389251997096,0.7158678286129269,0.7801379811183734,0.8204429920116196,C1,nowcast
"replay_from=data/experiments/b-2-t0,replay_inputs=nowcast,ed_transform=logit,spatial=distance,epochs=300,patience=30,fit_partition=pathogen,supplied_final=1,mask_rate=0.2,covariate_encoder=summary,input_mode=scheduled_final,input_normalization=b0,evaluation_seasons=recent_two",43,wk inc flu hosp,2024-2025,US,1,1.0,108.0,532544.7952173913,72395.05608695652,460001.695652174,148.04347826086956,718390.0,32.0,64.0,71.0,79.0,451672.6843478261,97664.20608695652,341965.26086956525,12043.217391304348,607719.0,61.0,80.0,84.0,85.0,1.1790502584550515,0.1602821215356167,1.0184403697477835,0.0003277671716513,0.2162278337198422,0.7571085715828304,0.0266635946973274,0.2962962962962963,0.5925925925925926,0.6574074074074074,0.7314814814814815,0.5648148148148148,0.7407407407407407,0.7777777777777778,0.7870370370370371,C1,nowcast
"replay_from=data/experiments/b-2-t0,replay_inputs=nowcast,ed_transform=logit,spatial=distance,epochs=300,patience=30,fit_partition=pathogen,supplied_final=1,mask_rate=0.2,covariate_encoder=summary,input_mode=scheduled_final,input_normalization=b0,evaluation_seasons=recent_two",43,wk inc flu hosp,2025-2026,all,52,0.2,5824.0,590820.9099999999,129128.82304347827,407071.17391304346,54620.91304347826,876460.0,1922.0,3175.0,3770.0,4232.0,681987.2230434783,182493.3534782609,344539.7391304348,154954.13043478262,1021199.0,3056.0,4510.0,4990.0,5252.0,0.9628601973785116,0.1904538363451606,0.7038111872049487,0.0685951738284024,0.2795215027822053,0.5126519392462101,0.2078265579715848,0.3580532212885154,0.5796218487394958,0.6876400560224092,0.7655112044817928,0.5267507002801122,0.7781162464985995,0.8568627450980393,0.8984943977591039,C1,nowcast
"replay_from=data/experiments/b-2-t0,replay_inputs=nowcast,ed_transform=logit,spatial=distance,epochs=300,patience=30,fit_partition=pathogen,supplied_final=1,mask_rate=0.2,covariate_encoder=summary,input_mode=scheduled_final,input_normalization=b0,evaluation_seasons=recent_two",43,wk inc flu hosp,2025-2026,states_dc,51,0.0,5712.0,329383.00782608695,73903.5295652174,232921.2173913044,22558.260869565216,485476.0,1868.0,3093.0,3673.0,4127.0,369731.63260869565,98349.24130434784,189960.8260869565,81421.56521739133,551635.0,2996.0,4421.0,4894.0,5153.0,0.9942612182618008,0.1938524797724537,0.7403349698776848,0.0600737686116624,0.2820338995276027,0.5170549996731874,0.2009111007992099,0.3270308123249299,0.5414915966386555,0.643032212885154,0.722514005602241,0.5245098039215685,0.7739845938375353,0.8567927170868349,0.9021358543417368,C1,nowcast
"replay_from=data/experiments/b-2-t0,replay_inputs=nowcast,ed_transform=logit,spatial=distance,epochs=300,patience=30,fit_partition=pathogen,supplied_final=1,mask_rate=0.2,covariate_encoder=summary,input_mode=scheduled_final,input_normalization=b0,evaluation_seasons=recent_two",43,wk inc flu hosp,2025-2026,US,1,1.0,112.0,261437.90217391303,55225.29347826087,174149.9565217391,32062.65217391304,390984.0,54.0,82.0,97.0,105.0,312255.5904347826,84144.11217391305,154578.91304347827,73532.5652173913,469564.0,60.0,89.0,96.0,99.0,0.8372561138453554,0.1768592626359884,0.5577160565140047,0.1026807946953622,0.2694719158006149,0.4950396975383006,0.2354883866610844,0.4821428571428571,0.7321428571428571,0.8660714285714286,0.9375,0.5357142857142857,0.7946428571428571,0.8571428571428571,0.8839285714285714,C1,nowcast
"replay_from=data/experiments/b-2-t0,replay_inputs=nowcast,ed_transform=logit,spatial=distance,epochs=300,patience=30,fit_partition=pathogen,supplied_final=1,mask_rate=0.2,covariate_encoder=summary,input_mode=scheduled_final,input_normalization=b0,evaluation_seasons=recent_two",43,wk inc flu prop ed visits,2025-2026,all,52,0.2,5768.0,33.04291993582694,8.638815106940513,19.778224698322045,4.625880130564358,49.70763965303206,2262.0,3766.0,4384.0,4782.0,37.45877191682501,10.32540181251476,18.66849846028443,8.464871644025802,55.69990942461097,3125.0,4505.0,4944.0,5205.0,0.9053119290320292,0.2383890796539866,0.5245560662790234,0.1423667830990185,0.2959240659437712,0.4861518031545084,0.2179241309017199,0.3794817927170869,0.641421568627451,0.7515756302521008,0.8306372549019608,0.563200280112045,0.7810574229691877,0.8550420168067228,0.8988795518207284,C1,nowcast
"replay_from=data/experiments/b-2-t0,replay_inputs=nowcast,ed_transform=logit,spatial=distance,epochs=300,patience=30,fit_partition=pathogen,supplied_final=1,mask_rate=0.2,covariate_encoder=summary,input_mode=scheduled_final,input_normalization=b0,evaluation_seasons=recent_two",43,wk inc flu prop ed visits,2025-2026,states_dc,51,0.0,5656.0,32.53636577079277,8.50958837773967,19.544458054797552,4.482319338255529,48.919471054953775,2224.0,3697.0,4301.0,4685.0,36.85597054744329,10.13762192450928,18.3753233456567,8.343025277277297,54.80314218169003,3050.0,4416.0,4848.0,5105.0,0.92155654437859,0.2443921078467866,0.5587449698437839,0.118419466688019,0.2920270708891611,0.4861011471818258,0.2218717819290127,0.38953081232493,0.6477591036414565,0.754201680672269,0.8217787114845939,0.5365896358543416,0.7776610644257703,0.8545168067226891,0.9003851540616249,C1,nowcast
"replay_from=data/experiments/b-2-t0,replay_inputs=nowcast,ed_transform=logit,spatial=distance,epochs=300,patience=30,fit_partition=pathogen,supplied_final=1,mask_rate=0.2,covariate_encoder=summary,input_mode=scheduled_final,input_normalization=b0,evaluation_seasons=recent_two",43,wk inc flu prop ed visits,2025-2026,US,1,1.0,112.0,0.5065541650341657,0.1292267292008427,0.2337666435244938,0.143560792308829,0.7881685980782843,38.0,69.0,83.0,97.0,0.6028013693817165,0.1877798880054818,0.29317511462773,0.1218463667485042,0.8967672429209468,75.0,89.0,96.0,100.0,0.8403334676457853,0.2143769668827867,0.387800452019982,0.2381560487430162,0.3115120461622118,0.4863544270452387,0.2021335267925486,0.3392857142857143,0.6160714285714286,0.7410714285714286,0.8660714285714286,0.6696428571428571,0.7946428571428571,0.8571428571428571,0.8928571428571429,C1,nowcast
"replay_from=data/experiments/b-2-t0,replay_inputs=nowcast,ed_transform=logit,spatial=distance,epochs=300,patience=30,fit_partition=pathogen,supplied_final=1,mask_rate=0.2,covariate_encoder=summary,input_mode=scheduled_final,input_normalization=b0,evaluation_seasons=recent_two",43,wk inc rsv hosp,2025-2026,all,52,0.2,6032.0,218978.4843478261,28490.440869565216,185368.08695652173,5119.95652173913,294427.0,1528.0,2729.0,3324.0,3700.0,174064.93092191094,53052.087440608055,105063.50795633462,15949.335524968266,270304.41698893777,2589.0,4305.0,4948.0,5364.0,1.360081698157863,0.1844208912012442,1.134756972023044,0.0409038349335748,0.3067406302504329,0.5745971360277672,0.1186622337218002,0.228870858688303,0.4341784989858013,0.5305273833671401,0.594083840432725,0.4406693711967547,0.7187964841108859,0.8279918864097365,0.8953684922244761,C1,nowcast
"replay_from=data/experiments/b-2-t0,replay_inputs=nowcast,ed_transform=logit,spatial=distance,epochs=300,patience=30,fit_partition=pathogen,supplied_final=1,mask_rate=0.2,covariate_encoder=summary,input_mode=scheduled_final,input_normalization=b0,evaluation_seasons=recent_two",43,wk inc rsv hosp,2025-2026,states_dc,51,0.0,5916.0,130164.87608695652,18959.00652173913,108129.43478260867,3076.4347826086955,179837.0,1514.0,2688.0,3273.0,3641.0,94740.19007535864,28170.04025877443,55907.86834298157,10662.281473602628,146919.94591427944,2532.0,4219.0,4848.0,5257.0,1.4201969906002925,0.2004868278781252,1.1750207359486855,0.044689426773481,0.3050074818838542,0.5633274152930453,0.1316651028231006,0.2559161595672752,0.4543610547667344,0.5532454361054767,0.615449628127113,0.4279918864097364,0.7131507775524004,0.8194726166328601,0.8886071670047331,C1,nowcast
"replay_from=data/experiments/b-2-t0,replay_inputs=nowcast,ed_transform=logit,spatial=distance,epochs=300,patience=30,fit_partition=pathogen,supplied_final=1,mask_rate=0.2,covariate_encoder=summary,input_mode=scheduled_final,input_normalization=b0,evaluation_seasons=recent_two",43,wk inc rsv hosp,2025-2026,US,1,1.0,116.0,88813.60826086957,9531.434347826087,77238.65217391305,2043.5217391304348,114590.0,14.0,41.0,51.0,59.0,79324.7408465523,24882.04718183363,49155.63961335304,5287.05405136564,123384.47107465832,57.0,86.0,100.0,107.0,1.119620528388145,0.1201571444937201,0.9737019163204752,0.0257614675739498,0.3136732237167476,0.6196760189666538,0.0666507573165986,0.1206896551724138,0.3534482758620689,0.4396551724137931,0.5086206896551724,0.4913793103448275,0.7413793103448276,0.8620689655172413,0.9224137931034484,C1,nowcast
"replay_from=data/experiments/b-2-t0,replay_inputs=nowcast,ed_transform=logit,spatial=distance,epochs=300,patience=30,fit_partition=pathogen,supplied_final=1,mask_rate=0.2,covariate_encoder=summary,input_mode=scheduled_final,input_normalization=b0,evaluation_seasons=recent_two",43,wk inc rsv prop ed visits,2025-2026,all,51,0.2,5586.0,4.703822334512356,0.8795790877809893,3.4634599298671565,0.3607833168641918,6.638596961345207,1702.0,2950.0,3535.0,3896.0,4.530466181091006,1.2624880197885668,3.0078391482014357,0.2601390131009845,6.751646223879154,2706.0,4144.0,4680.0,5001.0,1.0865433689680684,0.2057056199967319,0.8061824979731887,0.0746552509981413,0.3535959682986677,0.5860545127207138,0.060349518980613,0.3079961487563246,0.5306401676980252,0.6289110739290531,0.6928661123878183,0.5147666229916434,0.7725612543865138,0.86154240300846,0.908627902093687,C1,nowcast
"replay_from=data/experiments/b-2-t0,replay_inputs=nowcast,ed_transform=logit,spatial=distance,epochs=300,patience=30,fit_partition=pathogen,supplied_final=1,mask_rate=0.2,covariate_encoder=summary,input_mode=scheduled_final,input_normalization=b0,evaluation_seasons=recent_two",43,wk inc rsv prop ed visits,2025-2026,states_dc,50,0.0,5475.0,4.6550229176767965,0.8721045530562356,3.425428487774961,0.3574898768455816,6.573091900151209,1665.0,2888.0,3465.0,3819.0,4.481922043258964,1.2402717937371133,2.9831665637207228,0.2584836858011096,6.672332609887618,2633.0,4042.0,4572.0,4893.0,1.1068645364886935,0.2186385268179527,0.8118680053099061,0.0763580043608293,0.3275824533044074,0.6055055048001255,0.0669120418954619,0.3016618526120724,0.523660569982892,0.6284811847536586,0.6926592170613494,0.47904386432514,0.7359718382534125,0.8336847605173314,0.8925416343738655,C1,nowcast
"replay_from=data/experiments/b-2-t0,replay_inputs=nowcast,ed_transform=logit,spatial=distance,epochs=300,patience=30,fit_partition=pathogen,supplied_final=1,mask_rate=0.2,covariate_encoder=summary,input_mode=scheduled_final,input_normalization=b0,evaluation_seasons=recent_two",43,wk inc rsv prop ed visits,2025-2026,US,1,1.0,111.0,0.0487994168355593,0.0074745347247536,0.0380314420921949,0.0032934400186102,0.0655050611939977,37.0,62.0,70.0,77.0,0.0485441378320411,0.0222162260514535,0.0246725844807123,0.0016553272998748,0.0793136139915364,73.0,102.0,108.0,108.0,1.0052586988855678,0.1539739927118492,0.7834404686263191,0.0678442375473892,0.4576500282757085,0.5082505444030668,0.0340994273212172,0.3333333333333333,0.5585585585585585,0.6306306306306306,0.6936936936936937,0.6576576576576577,0.918918918918919,0.972972972972973,0.972972972972973,C1,nowcast
"replay_from=data/experiments/b-2-t0,replay_inputs=nowcast,ed_transform=logit,spatial=distance,epochs=300,patience=30,fit_partition=pathogen,supplied_final=1,mask_rate=0.2,covariate_encoder=summary,input_mode=scheduled_final,input_normalization=b0,evaluation_seasons=recent_two",44,wk inc covid hosp,2024-2025,all,52,0.2,6968.0,506533.907826087,67522.29913043478,350793.26086956525,88218.34782608695,670137.0,2476.0,4013.0,4639.0,5106.0,294095.7264372725,135467.5071866996,122015.56154699084,36612.65770358205,459783.4153206482,3786.0,5746.0,6312.0,6600.0,1.4630321797562056,0.2378621875455307,0.9805381034719576,0.2446318887387172,0.4380785185746119,0.407628405592174,0.1542930758332142,0.2980977465613111,0.5027802165642378,0.5953175299970735,0.6678665496049168,0.5601112086625696,0.8459467369037169,0.9204565408252854,0.9555458004097164,C1,nowcast
"replay_from=data/experiments/b-2-t0,replay_inputs=nowcast,ed_transform=logit,spatial=distance,epochs=300,patience=30,fit_partition=pathogen,supplied_final=1,mask_rate=0.2,covariate_encoder=summary,input_mode=scheduled_final,input_normalization=b0,evaluation_seasons=recent_two",44,wk inc covid hosp,2024-2025,states_dc,51,0.0,6834.0,242702.25304347827,44519.25304347825,159150.7391304348,39032.260869565216,337529.0,2470.0,3989.0,4601.0,5055.0,177711.5257127561,72412.19438985428,79788.8120383263,25510.51928457551,270242.3766800353,3701.0,5620.0,6180.0,6467.0,1.2620645584531884,0.247915859916821,0.8140133995086747,0.2001352990276927,0.4121516864040481,0.4188300047704274,0.1690183088255245,0.3614281533508927,0.583699151302312,0.6732513901082823,0.7396839332748025,0.5415569212759731,0.8223587942639744,0.9043020193151888,0.9462979221539364,C1,nowcast
"replay_from=data/experiments/b-2-t0,replay_inputs=nowcast,ed_transform=logit,spatial=distance,epochs=300,patience=30,fit_partition=pathogen,supplied_final=1,mask_rate=0.2,covariate_encoder=summary,input_mode=scheduled_final,input_normalization=b0,evaluation_seasons=recent_two",44,wk inc covid hosp,2024-2025,US,1,1.0,134.0,263831.6547826087,23003.04608695652,191642.52173913043,49186.086956521736,332608.0,6.0,24.0,38.0,51.0,116384.20072451644,63055.31279684533,42226.74950866455,11102.138419006547,189541.03864061285,85.0,126.0,132.0,133.0,2.2669026649682724,0.1976474980603695,1.646636919325088,0.4226182475828151,0.5417858472568663,0.3628220088791609,0.0953921438639727,0.044776119402985,0.1791044776119403,0.2835820895522388,0.3805970149253731,0.6343283582089553,0.9402985074626866,0.9850746268656716,0.9925373134328358,C1,nowcast
"replay_from=data/experiments/b-2-t0,replay_inputs=nowcast,ed_transform=logit,spatial=distance,epochs=300,patience=30,fit_partition=pathogen,supplied_final=1,mask_rate=0.2,covariate_encoder=summary,input_mode=scheduled_final,input_normalization=b0,evaluation_seasons=recent_two",44,wk inc covid hosp,2025-2026,all,52,0.2,9048.0,224292.55434782608,52221.94565217392,126087.47826086955,45983.13043478261,324196.0,3761.0,6023.0,6854.0,7405.0,251503.70978939495,102039.96804152089,70756.4623304223,78707.27941745178,396424.6389596296,4576.0,7150.0,7993.0,8484.0,0.9870103705373404,0.2515886296671136,0.5307004609718676,0.204721279898359,0.4039583179592176,0.3059835764748293,0.2900581055659533,0.3793103448275862,0.6192472391255355,0.7238224025242284,0.7893847194050034,0.5195176921343251,0.7918187964841109,0.8741717376605818,0.9417399143565476,C1,nowcast
"replay_from=data/experiments/b-2-t0,replay_inputs=nowcast,ed_transform=logit,spatial=distance,epochs=300,patience=30,fit_partition=pathogen,supplied_final=1,mask_rate=0.2,covariate_encoder=summary,input_mode=scheduled_final,input_normalization=b0,evaluation_seasons=recent_two",44,wk inc covid hosp,2025-2026,states_dc,51,0.0,8874.0,137575.73739130434,40100.9547826087,74149.43478260869,23325.34782608696,205282.0,3723.0,5951.0,6754.0,7290.0,137533.1523161514,55676.68777243521,42712.03193647525,39144.43260724092,215812.05818140364,4475.0,7011.0,7848.0,8317.0,1.0435453778604866,0.2878977999355207,0.5494469339634044,0.2062006439615615,0.4032477713441501,0.3209626389317038,0.2757895897241462,0.4195402298850574,0.6706107730448503,0.761099842235745,0.8215010141987831,0.5042821726391706,0.7900608519269777,0.8843813387423937,0.937232364210052,C1,nowcast
"replay_from=data/experiments/b-2-t0,replay_inputs=nowcast,ed_transform=logit,spatial=distance,epochs=300,patience=30,fit_partition=pathogen,supplied_final=1,mask_rate=0.2,covariate_encoder=summary,input_mode=scheduled_final,input_normalization=b0,evaluation_seasons=recent_two",44,wk inc covid hosp,2025-2026,US,1,1.0,174.0,86716.81695652174,12120.990869565218,51938.04347826087,22657.78260869565,118914.0,38.0,72.0,100.0,115.0,113970.5574732436,46363.28026908566,28044.430393947056,39562.84681021086,180612.58077822597,101.0,139.0,145.0,167.0,0.7608703412447544,0.1063519485934848,0.4557145690057201,0.1988038236455492,0.4068005044194873,0.2460673266473311,0.3471321689331814,0.2183908045977011,0.4137931034482758,0.5747126436781609,0.6609195402298851,0.5804597701149425,0.7988505747126436,0.8333333333333334,0.9597701149425288,C1,nowcast
"replay_from=data/experiments/b-2-t0,replay_inputs=nowcast,ed_transform=logit,spatial=distance,epochs=300,patience=30,fit_partition=pathogen,supplied_final=1,mask_rate=0.2,covariate_encoder=summary,input_mode=scheduled_final,input_normalization=b0,evaluation_seasons=recent_two",44,wk inc covid prop ed visits,2025-2026,all,52,0.2,5586.0,2.83043222596238,0.6537681271844923,0.980260948102204,1.1964031506756632,4.080668977987155,1636.0,2874.0,3462.0,3854.0,2.497840451560441,1.156219767170679,0.6581087464717353,0.683511937918007,3.786811202370366,2935.0,4515.0,4987.0,5231.0,1.1591475659165618,0.2669995175752918,0.3267602250398631,0.5653878233013961,0.5391906708735537,0.2297971920394451,0.2310121370869917,0.2679831766336957,0.4839266948609509,0.5933974112520827,0.6701797676884185,0.5674912912283155,0.8383349061549755,0.9090629478172731,0.9467491524238932,C1,nowcast
"replay_from=data/experiments/b-2-t0,replay_inputs=nowcast,ed_transform=logit,spatial=distance,epochs=300,patience=30,fit_partition=pathogen,supplied_final=1,mask_rate=0.2,covariate_encoder=summary,input_mode=scheduled_final,input_normalization=b0,evaluation_seasons=recent_two",44,wk inc covid prop ed visits,2025-2026,states_dc,51,0.0,5476.0,2.797485101355225,0.6482152636093097,0.9764535370356784,1.1728163007102168,4.034365466178017,1618.0,2834.0,3408.0,3789.0,2.4713671885012656,1.136099226909532,0.6552800338668678,0.6799879277248464,3.754044683896241,2849.0,4405.0,4877.0,5121.0,1.1377986093751096,0.2813109842697588,0.3724950322433105,0.4839925928620318,0.4839802140157255,0.2605335703145489,0.2554862156697166,0.2940698798830288,0.5139992776670977,0.6190194913378305,0.6899974368832501,0.5139095685808489,0.7979186326937193,0.8863286847715913,0.9334364405298664,C1,nowcast
"replay_from=data/experiments/b-2-t0,replay_inputs=nowcast,ed_transform=logit,spatial=distance,epochs=300,patience=30,fit_partition=pathogen,supplied_final=1,mask_rate=0.2,covariate_encoder=summary,input_mode=scheduled_final,input_normalization=b0,evaluation_seasons=recent_two",44,wk inc covid prop ed visits,2025-2026,US,1,1.0,110.0,0.032947124607155,0.0055528635751825,0.0038074110665254,0.0235868499654464,0.0463035118091384,18.0,40.0,54.0,65.0,0.0264732630591753,0.020120540261147,0.0028287126048675,0.0035240101931606,0.0327665184741256,86.0,110.0,110.0,110.0,1.2445433920823683,0.2097536507974232,0.1438209962260729,0.8909687450588532,0.7600324983048661,0.1068516789390302,0.1331158227560923,0.1636363636363636,0.3636363636363636,0.4909090909090909,0.5909090909090909,0.7818181818181819,1.0,1.0,1.0,C1,nowcast
"replay_from=data/experiments/b-2-t0,replay_inputs=nowcast,ed_transform=logit,spatial=distance,epochs=300,patience=30,fit_partition=pathogen,supplied_final=1,mask_rate=0.2,covariate_encoder=summary,input_mode=scheduled_final,input_normalization=b0,evaluation_seasons=recent_two",44,wk inc flu hosp,2024-2025,all,52,0.2,5616.0,1102482.7882608697,142515.17956521738,941366.9130434784,18600.695652173912,1436229.0,1906.0,3087.0,3632.0,4011.0,997209.4752173912,214134.4317391304,732659.1304347826,50415.91304347826,1363610.0,2943.0,4023.0,4381.0,4604.0,1.099139895135907,0.1505850648716323,0.9204191158996684,0.0281357143646063,0.221083968559547,0.7136002994462362,0.0653157319942169,0.3433914306463327,0.5524691358024693,0.6503994190268702,0.7122730573710968,0.5315541031227307,0.7208424110384896,0.7796659404502543,0.8137618010167033,C1,nowcast
"replay_from=data/experiments/b-2-t0,replay_inputs=nowcast,ed_transform=logit,spatial=distance,epochs=300,patience=30,fit_partition=pathogen,supplied_final=1,mask_rate=0.2,covariate_encoder=summary,input_mode=scheduled_final,input_normalization=b0,evaluation_seasons=recent_two",44,wk inc flu hosp,2024-2025,states_dc,51,0.0,5508.0,595057.653478261,85135.08826086955,492708.7391304348,17213.82608695652,795071.0,1867.0,3026.0,3560.0,3935.0,545536.7908695652,116470.22565217387,390693.86956521735,38372.69565217391,755891.0,2882.0,3943.0,4297.0,4519.0,1.0930659901527937,0.1564715560949559,0.902192420855482,0.0344020132023559,0.2222980022694732,0.7027232314120876,0.0749787663184392,0.338961510530138,0.5493827160493829,0.646332607116921,0.714415395787945,0.5232389251997096,0.7158678286129269,0.7801379811183734,0.8204429920116196,C1,nowcast
"replay_from=data/experiments/b-2-t0,replay_inputs=nowcast,ed_transform=logit,spatial=distance,epochs=300,patience=30,fit_partition=pathogen,supplied_final=1,mask_rate=0.2,covariate_encoder=summary,input_mode=scheduled_final,input_normalization=b0,evaluation_seasons=recent_two",44,wk inc flu hosp,2024-2025,US,1,1.0,108.0,507425.1347826087,57380.09130434783,448658.1739130435,1386.8695652173913,641158.0,39.0,61.0,72.0,76.0,451672.6843478261,97664.20608695652,341965.26086956525,12043.217391304348,607719.0,61.0,80.0,84.0,85.0,1.1234355150683597,0.1270390999783381,0.9933258960764136,0.003070519013608,0.2162278337198422,0.7571085715828304,0.0266635946973274,0.3611111111111111,0.5648148148148148,0.6666666666666666,0.7037037037037037,0.5648148148148148,0.7407407407407407,0.7777777777777778,0.7870370370370371,C1,nowcast
"replay_from=data/experiments/b-2-t0,replay_inputs=nowcast,ed_transform=logit,spatial=distance,epochs=300,patience=30,fit_partition=pathogen,supplied_final=1,mask_rate=0.2,covariate_encoder=summary,input_mode=scheduled_final,input_normalization=b0,evaluation_seasons=recent_two",44,wk inc flu hosp,2025-2026,all,52,0.2,5824.0,608011.8665217392,128744.04043478264,386646.8695652174,92620.95652173914,857638.0,2321.0,3594.0,4091.0,4437.0,681987.2230434783,182493.3534782609,344539.7391304348,154954.13043478262,1021199.0,3056.0,4510.0,4990.0,5252.0,0.9534669678333328,0.2119749033943012,0.6326425748375644,0.1088494896014671,0.2795215027822053,0.5126519392462101,0.2078265579715848,0.3958333333333333,0.6234943977591039,0.7095588235294118,0.7728291316526612,0.5267507002801122,0.7781162464985995,0.8568627450980393,0.8984943977591039,C1,nowcast
"replay_from=data/experiments/b-2-t0,replay_inputs=nowcast,ed_transform=logit,spatial=distance,epochs=300,patience=30,fit_partition=pathogen,supplied_final=1,mask_rate=0.2,covariate_encoder=summary,input_mode=scheduled_final,input_normalization=b0,evaluation_seasons=recent_two",44,wk inc flu hosp,2025-2026,states_dc,51,0.0,5712.0,345095.95521739137,85920.43347826088,216123.13043478265,43052.391304347824,493401.0,2278.0,3521.0,4008.0,4345.0,369731.63260869565,98349.24130434784,189960.8260869565,81421.56521739133,551635.0,2996.0,4421.0,4894.0,5153.0,0.9813363485288412,0.230682928467356,0.6542774489898765,0.0963759710716088,0.2820338995276027,0.5170549996731874,0.2009111007992099,0.3988095238095238,0.616421568627451,0.7016806722689075,0.7606792717086834,0.5245098039215685,0.7739845938375353,0.8567927170868349,0.9021358543417368,C1,nowcast
"replay_from=data/experiments/b-2-t0,replay_inputs=nowcast,ed_transform=logit,spatial=distance,epochs=300,patience=30,fit_partition=pathogen,supplied_final=1,mask_rate=0.2,covariate_encoder=summary,input_mode=scheduled_final,input_normalization=b0,evaluation_seasons=recent_two",44,wk inc flu hosp,2025-2026,US,1,1.0,112.0,262915.9113043478,42823.60695652174,170523.73913043478,49568.5652173913,364237.0,43.0,73.0,83.0,92.0,312255.5904347826,84144.11217391305,154578.91304347827,73532.5652173913,469564.0,60.0,89.0,96.0,99.0,0.8419894450512974,0.1371428031020819,0.546103078228315,0.1587435637209004,0.2694719158006149,0.4950396975383006,0.2354883866610844,0.3839285714285714,0.6517857142857143,0.7410714285714286,0.8214285714285714,0.5357142857142857,0.7946428571428571,0.8571428571428571,0.8839285714285714,C1,nowcast
"replay_from=data/experiments/b-2-t0,replay_inputs=nowcast,ed_transform=logit,spatial=distance,epochs=300,patience=30,fit_partition=pathogen,supplied_final=1,mask_rate=0.2,covariate_encoder=summary,input_mode=scheduled_final,input_normalization=b0,evaluation_seasons=recent_two",44,wk inc flu prop ed visits,2025-2026,all,52,0.2,5768.0,38.42443430504531,7.054511634671007,28.45135543841131,2.9185672319629714,53.37411093997138,2077.0,3420.0,3990.0,4360.0,37.45877191682501,10.32540181251476,18.66849846028443,8.464871644025802,55.69990942461097,3125.0,4505.0,4944.0,5205.0,1.037325216691004,0.1868616412202067,0.7609440640309226,0.089519511439874,0.2959240659437712,0.4861518031545084,0.2179241309017199,0.340406162464986,0.5767857142857145,0.675,0.7383403361344538,0.563200280112045,0.7810574229691877,0.8550420168067228,0.8988795518207284,C1,nowcast
"replay_from=data/experiments/b-2-t0,replay_inputs=nowcast,ed_transform=logit,spatial=distance,epochs=300,patience=30,fit_partition=pathogen,supplied_final=1,mask_rate=0.2,covariate_encoder=summary,input_mode=scheduled_final,input_normalization=b0,evaluation_seasons=recent_two",44,wk inc flu prop ed visits,2025-2026,states_dc,51,0.0,5656.0,37.87042125795537,6.975815325344607,28.06766389825361,2.826942034357128,52.62686582638848,2047.0,3361.0,3920.0,4283.0,36.85597054744329,10.13762192450928,18.3753233456567,8.343025277277297,54.80314218169003,3050.0,4416.0,4848.0,5105.0,1.066890516989965,0.2009393066047726,0.7920515678758306,0.0738996425093609,0.2920270708891611,0.4861011471818258,0.2218717819290127,0.3585434173669468,0.5892857142857143,0.6875,0.7510504201680673,0.5365896358543416,0.7776610644257703,0.8545168067226891,0.9003851540616249,C1,nowcast
"replay_from=data/experiments/b-2-t0,replay_inputs=nowcast,ed_transform=logit,spatial=distance,epochs=300,patience=30,fit_partition=pathogen,supplied_final=1,mask_rate=0.2,covariate_encoder=summary,input_mode=scheduled_final,input_normalization=b0,evaluation_seasons=recent_two",44,wk inc flu prop ed visits,2025-2026,US,1,1.0,112.0,0.5540130470899411,0.0786963093263999,0.3836915401576977,0.0916251976058432,0.747245113582909,30.0,59.0,70.0,77.0,0.6028013693817165,0.1877798880054818,0.29317511462773,0.1218463667485042,0.8967672429209468,75.0,89.0,96.0,100.0,0.9190640154951594,0.130550979681943,0.6365140486512892,0.1519989871619264,0.3115120461622118,0.4863544270452387,0.2021335267925486,0.2678571428571428,0.5267857142857143,0.625,0.6875,0.6696428571428571,0.7946428571428571,0.8571428571428571,0.8928571428571429,C1,nowcast
"replay_from=data/experiments/b-2-t0,replay_inputs=nowcast,ed_transform=logit,spatial=distance,epochs=300,patience=30,fit_partition=pathogen,supplied_final=1,mask_rate=0.2,covariate_encoder=summary,input_mode=scheduled_final,input_normalization=b0,evaluation_seasons=recent_two",44,wk inc rsv hosp,2025-2026,all,52,0.2,6032.0,218654.74739130435,48882.05173913043,163731.95652173914,6040.739130434782,329014.0,2363.0,3871.0,4522.0,4921.0,174064.93092191094,53052.087440608055,105063.50795633462,15949.335524968266,270304.41698893777,2589.0,4305.0,4948.0,5364.0,1.2272822807155763,0.3091239671988347,0.8671772425958655,0.050981070920876,0.3067406302504329,0.5745971360277672,0.1186622337218002,0.3417849898580122,0.5727180527383369,0.697295469912103,0.7719066937119677,0.4406693711967547,0.7187964841108859,0.8279918864097365,0.8953684922244761,C1,nowcast
"replay_from=data/experiments/b-2-t0,replay_inputs=nowcast,ed_transform=logit,spatial=distance,epochs=300,patience=30,fit_partition=pathogen,supplied_final=1,mask_rate=0.2,covariate_encoder=summary,input_mode=scheduled_final,input_normalization=b0,evaluation_seasons=recent_two",44,wk inc rsv hosp,2025-2026,states_dc,51,0.0,5916.0,108725.38260869564,31921.77391304348,72898.04347826086,3905.565217391305,171737.0,2349.0,3840.0,4468.0,4854.0,94740.19007535864,28170.04025877443,55907.86834298157,10662.281473602628,146919.94591427944,2532.0,4219.0,4848.0,5257.0,1.187649261480107,0.3329529160259249,0.7976992248574325,0.0569971205967499,0.3050074818838542,0.5633274152930453,0.1316651028231006,0.3970588235294118,0.6490872210953347,0.7552400270453011,0.8204868154158215,0.4279918864097364,0.7131507775524004,0.8194726166328601,0.8886071670047331,C1,nowcast
"replay_from=data/experiments/b-2-t0,replay_inputs=nowcast,ed_transform=logit,spatial=distance,epochs=300,patience=30,fit_partition=pathogen,supplied_final=1,mask_rate=0.2,covariate_encoder=summary,input_mode=scheduled_final,input_normalization=b0,evaluation_seasons=recent_two",44,wk inc rsv hosp,2025-2026,US,1,1.0,116.0,109929.3647826087,16960.277826086956,90833.91304347826,2135.173913043478,157277.0,14.0,31.0,54.0,67.0,79324.7408465523,24882.04718183363,49155.63961335304,5287.05405136564,123384.47107465832,57.0,86.0,100.0,107.0,1.3858143576574515,0.2138081718904739,1.145089313549597,0.0269168722173805,0.3136732237167476,0.6196760189666538,0.0666507573165986,0.1206896551724138,0.2672413793103448,0.4655172413793103,0.5775862068965517,0.4913793103448275,0.7413793103448276,0.8620689655172413,0.9224137931034484,C1,nowcast
"replay_from=data/experiments/b-2-t0,replay_inputs=nowcast,ed_transform=logit,spatial=distance,epochs=300,patience=30,fit_partition=pathogen,supplied_final=1,mask_rate=0.2,covariate_encoder=summary,input_mode=scheduled_final,input_normalization=b0,evaluation_seasons=recent_two",44,wk inc rsv prop ed visits,2025-2026,all,51,0.2,5586.0,5.108876321467925,1.1188030998810188,3.814932732701453,0.1751404888854338,7.545890338363932,1999.0,3302.0,3910.0,4314.0,4.530466181091006,1.2624880197885668,3.0078391482014357,0.2601390131009845,6.751646223879154,2706.0,4144.0,4680.0,5001.0,1.3084462849998284,0.2659623189516594,1.0093236846355456,0.0331602814126172,0.3535959682986677,0.5860545127207138,0.060349518980613,0.3450775223005116,0.563661488924345,0.6686837688330058,0.7357151294281092,0.5147666229916434,0.7725612543865138,0.86154240300846,0.908627902093687,C1,nowcast
"replay_from=data/experiments/b-2-t0,replay_inputs=nowcast,ed_transform=logit,spatial=distance,epochs=300,patience=30,fit_partition=pathogen,supplied_final=1,mask_rate=0.2,covariate_encoder=summary,input_mode=scheduled_final,input_normalization=b0,evaluation_seasons=recent_two",44,wk inc rsv prop ed visits,2025-2026,states_dc,50,0.0,5475.0,5.029030285401163,1.1075273826777607,3.7475018785428302,0.1740010241805533,7.438459588277052,1966.0,3251.0,3849.0,4248.0,4.481922043258964,1.2402717937371133,2.9831665637207228,0.2584836858011096,6.672332609887618,2633.0,4042.0,4572.0,4893.0,1.2243545697529554,0.2743834916157939,0.914388915383326,0.0355821627538306,0.3275824533044074,0.6055055048001255,0.0669120418954619,0.3570225785513151,0.5897119962905664,0.6984673236538699,0.7709952631364878,0.47904386432514,0.7359718382534125,0.8336847605173314,0.8925416343738655,C1,nowcast
"replay_from=data/experiments/b-2-t0,replay_inputs=nowcast,ed_transform=logit,spatial=distance,epochs=300,patience=30,fit_partition=pathogen,supplied_final=1,mask_rate=0.2,covariate_encoder=summary,input_mode=scheduled_final,input_normalization=b0,evaluation_seasons=recent_two",44,wk inc rsv prop ed visits,2025-2026,US,1,1.0,111.0,0.0798460360667616,0.011275717203258,0.0674308541586226,0.0011394647048805,0.1074307500868801,33.0,51.0,61.0,66.0,0.0485441378320411,0.0222162260514535,0.0246725844807123,0.0016553272998748,0.0793136139915364,73.0,102.0,108.0,108.0,1.64481314598732,0.2322776282951217,1.3890627616444249,0.0234727560477639,0.4576500282757085,0.5082505444030668,0.0340994273212172,0.2972972972972973,0.4594594594594595,0.5495495495495496,0.5945945945945946,0.6576576576576577,0.918918918918919,0.972972972972973,0.972972972972973,C1,nowcast
"replay_from=data/experiments/b-2-t0,replay_inputs=nowcast,ed_transform=logit,spatial=neighbors,epochs=300,patience=30,fit_partition=target,supplied_final=1,mask_rate=0.2,covariate_encoder=summary,covariate_set=kinsa,input_mode=scheduled_final,input_normalization=b0,evaluation_seasons=recent_two",42,wk inc covid hosp,2024-2025,all,52,0.2,6968.0,714672.4321739131,40322.43217391304,615346.9565217391,59003.04347826087,850538.0,1075.0,2149.0,2726.0,3231.0,294095.7264372725,135467.5071866996,122015.56154699084,36612.65770358205,459783.4153206482,3786.0,5746.0,6312.0,6600.0,2.02191396817904,0.1456300546442695,1.716174788127742,0.1601091254070286,0.4380785185746119,0.407628405592174,0.1542930758332142,0.1258413813286508,0.2515657009072286,0.319110330699444,0.3823529411764707,0.5601112086625696,0.8459467369037169,0.9204565408252854,0.9555458004097164,C3,nowcast
"replay_from=data/experiments/b-2-t0,replay_inputs=nowcast,ed_transform=logit,spatial=neighbors,epochs=300,patience=30,fit_partition=target,supplied_final=1,mask_rate=0.2,covariate_encoder=summary,covariate_set=kinsa,input_mode=scheduled_final,input_normalization=b0,evaluation_seasons=recent_two",42,wk inc covid hosp,2024-2025,states_dc,51,0.0,6834.0,338223.3491304348,25099.65347826087,282886.52173913043,30237.17391304348,420171.0,1075.0,2149.0,2726.0,3228.0,177711.5257127561,72412.19438985428,79788.8120383263,25510.51928457551,270242.3766800353,3701.0,5620.0,6180.0,6467.0,1.718758039271466,0.1493381585038193,1.431074226933536,0.138345653834111,0.4121516864040481,0.4188300047704274,0.1690183088255245,0.1573017266608136,0.3144571261340357,0.398887913374305,0.4723441615452151,0.5415569212759731,0.8223587942639744,0.9043020193151888,0.9462979221539364,C3,nowcast
"replay_from=data/experiments/b-2-t0,replay_inputs=nowcast,ed_transform=logit,spatial=neighbors,epochs=300,patience=30,fit_partition=target,supplied_final=1,mask_rate=0.2,covariate_encoder=summary,covariate_set=kinsa,input_mode=scheduled_final,input_normalization=b0,evaluation_seasons=recent_two",42,wk inc covid hosp,2024-2025,US,1,1.0,134.0,376449.0830434783,15222.778695652174,332460.4347826087,28765.869565217392,430367.0,0.0,0.0,0.0,3.0,116384.20072451644,63055.31279684533,42226.74950866455,11102.138419006547,189541.03864061285,85.0,126.0,132.0,133.0,3.234537683809336,0.1307976392060703,2.8565770329045668,0.247163011698699,0.5417858472568663,0.3628220088791609,0.0953921438639727,0.0,0.0,0.0,0.0223880597014925,0.6343283582089553,0.9402985074626866,0.9850746268656716,0.9925373134328358,C3,nowcast
"replay_from=data/experiments/b-2-t0,replay_inputs=nowcast,ed_transform=logit,spatial=neighbors,epochs=300,patience=30,fit_partition=target,supplied_final=1,mask_rate=0.2,covariate_encoder=summary,covariate_set=kinsa,input_mode=scheduled_final,input_normalization=b0,evaluation_seasons=recent_two",42,wk inc covid hosp,2025-2026,all,52,0.2,9048.0,272894.0886956522,45688.17565217392,201705.95652173916,25499.95652173913,375552.0,3294.0,5390.0,6284.0,6846.0,251503.70978939495,102039.96804152089,70756.4623304223,78707.27941745178,396424.6389596296,4576.0,7150.0,7993.0,8484.0,1.1123919884830586,0.2045330157884587,0.7809754129057184,0.1268835597888815,0.4039583179592176,0.3059835764748293,0.2900581055659533,0.3435654721658779,0.5780707685373001,0.6734956051386074,0.730516114491774,0.5195176921343251,0.7918187964841109,0.8741717376605818,0.9417399143565476,C3,nowcast
"replay_from=data/experiments/b-2-t0,replay_inputs=nowcast,ed_transform=logit,spatial=neighbors,epochs=300,patience=30,fit_partition=target,supplied_final=1,mask_rate=0.2,covariate_encoder=summary,covariate_set=kinsa,input_mode=scheduled_final,input_normalization=b0,evaluation_seasons=recent_two",42,wk inc covid hosp,2025-2026,states_dc,51,0.0,8874.0,151647.23608695652,31983.01869565217,104707.34782608696,14956.869565217392,219403.0,3250.0,5303.0,6183.0,6739.0,137533.1523161514,55676.68777243521,42712.03193647525,39144.43260724092,215812.05818140364,4475.0,7011.0,7848.0,8317.0,1.124529075837368,0.2256033366843351,0.7634480670476297,0.1354776721054035,0.4032477713441501,0.3209626389317038,0.2757895897241462,0.3662384494027497,0.5975884606716251,0.6967545638945234,0.7594095109308092,0.5042821726391706,0.7900608519269777,0.8843813387423937,0.937232364210052,C3,nowcast
"replay_from=data/experiments/b-2-t0,replay_inputs=nowcast,ed_transform=logit,spatial=neighbors,epochs=300,patience=30,fit_partition=target,supplied_final=1,mask_rate=0.2,covariate_encoder=summary,covariate_set=kinsa,input_mode=scheduled_final,input_normalization=b0,evaluation_seasons=recent_two",42,wk inc covid hosp,2025-2026,US,1,1.0,174.0,121246.85260869566,13705.15695652174,96998.60869565218,10543.08695652174,156149.0,44.0,87.0,101.0,107.0,113970.5574732436,46363.28026908566,28044.430393947056,39562.84681021086,180612.58077822597,101.0,139.0,145.0,167.0,1.06384363906582,0.1202517322049534,0.8510847963380731,0.0925071105227935,0.4068005044194873,0.2460673266473311,0.3471321689331814,0.2528735632183908,0.5,0.5804597701149425,0.6149425287356322,0.5804597701149425,0.7988505747126436,0.8333333333333334,0.9597701149425288,C3,nowcast
"replay_from=data/experiments/b-2-t0,replay_inputs=nowcast,ed_transform=logit,spatial=neighbors,epochs=300,patience=30,fit_partition=target,supplied_final=1,mask_rate=0.2,covariate_encoder=summary,covariate_set=kinsa,input_mode=scheduled_final,input_normalization=b0,evaluation_seasons=recent_two",42,wk inc covid prop ed visits,2025-2026,all,52,0.2,5586.0,2.6334692072172774,0.652441518158477,0.7953283742427502,1.1856993148160304,3.7831242876627327,1644.0,2821.0,3364.0,3754.0,2.497840451560441,1.156219767170679,0.6581087464717353,0.683511937918007,3.786811202370366,2935.0,4515.0,4987.0,5231.0,1.0821405314669463,0.2723949253096176,0.273451012857514,0.5362945932998046,0.5391906708735537,0.2297971920394451,0.2310121370869917,0.2805888178206518,0.4966055013805879,0.6004296715715403,0.6764621998532033,0.5674912912283155,0.8383349061549755,0.9090629478172731,0.9467491524238932,C3,nowcast
"replay_from=data/experiments/b-2-t0,replay_inputs=nowcast,ed_transform=logit,spatial=neighbors,epochs=300,patience=30,fit_partition=target,supplied_final=1,mask_rate=0.2,covariate_encoder=summary,covariate_set=kinsa,input_mode=scheduled_final,input_normalization=b0,evaluation_seasons=recent_two",42,wk inc covid prop ed visits,2025-2026,states_dc,51,0.0,5476.0,2.605368589568531,0.6453702970209799,0.7921374820437103,1.1678608105038208,3.740223185479486,1619.0,2768.0,3296.0,3675.0,2.4713671885012656,1.136099226909532,0.6552800338668678,0.6799879277248464,3.754044683896241,2849.0,4405.0,4877.0,5121.0,1.087307757231205,0.2737166491928435,0.3116806068925034,0.5019105011458498,0.4839802140157255,0.2605335703145489,0.2554862156697166,0.2939178404576329,0.5003023312711894,0.5959916349189708,0.6660322952710496,0.5139095685808489,0.7979186326937193,0.8863286847715913,0.9334364405298664,C3,nowcast
"replay_from=data/experiments/b-2-t0,replay_inputs=nowcast,ed_transform=logit,spatial=neighbors,epochs=300,patience=30,fit_partition=target,supplied_final=1,mask_rate=0.2,covariate_encoder=summary,covariate_set=kinsa,input_mode=scheduled_final,input_normalization=b0,evaluation_seasons=recent_two",42,wk inc covid prop ed visits,2025-2026,US,1,1.0,110.0,0.0281006176487468,0.007071221137497,0.0031908921990399,0.0178385043122095,0.0429011021832469,25.0,53.0,68.0,79.0,0.0264732630591753,0.020120540261147,0.0028287126048675,0.0035240101931606,0.0327665184741256,86.0,110.0,110.0,110.0,1.061471628409909,0.2671080297767138,0.1205326367175566,0.6738309619156235,0.7600324983048661,0.1068516789390302,0.1331158227560923,0.2272727272727272,0.4818181818181818,0.6181818181818182,0.7181818181818181,0.7818181818181819,1.0,1.0,1.0,C3,nowcast
"replay_from=data/experiments/b-2-t0,replay_inputs=nowcast,ed_transform=logit,spatial=neighbors,epochs=300,patience=30,fit_partition=target,supplied_final=1,mask_rate=0.2,covariate_encoder=summary,covariate_set=kinsa,input_mode=scheduled_final,input_normalization=b0,evaluation_seasons=recent_two",42,wk inc flu hosp,2024-2025,all,52,0.2,5616.0,745185.4469565217,191509.2295652174,481532.4347826087,72143.78260869566,1112963.0,2088.0,3490.0,4047.0,4393.0,997209.4752173912,214134.4317391304,732659.1304347826,50415.91304347826,1363610.0,2943.0,4023.0,4381.0,4604.0,0.8143046539320987,0.1926299058791957,0.5138199051073341,0.1078548429455687,0.221083968559547,0.7136002994462362,0.0653157319942169,0.3817719680464779,0.6502541757443719,0.7448075526506901,0.8018881626724766,0.5315541031227307,0.7208424110384896,0.7796659404502543,0.8137618010167033,C3,nowcast
"replay_from=data/experiments/b-2-t0,replay_inputs=nowcast,ed_transform=logit,spatial=neighbors,epochs=300,patience=30,fit_partition=target,supplied_final=1,mask_rate=0.2,covariate_encoder=summary,covariate_set=kinsa,input_mode=scheduled_final,input_normalization=b0,evaluation_seasons=recent_two",42,wk inc flu hosp,2024-2025,states_dc,51,0.0,5508.0,436395.9669565217,102791.57565217392,283645.2608695652,49959.130434782615,641811.0,2042.0,3406.0,3955.0,4297.0,545536.7908695652,116470.22565217387,390693.86956521735,38372.69565217391,755891.0,2882.0,3943.0,4297.0,4519.0,0.8469664082086734,0.1916823240914073,0.5327446946081097,0.1225393895091564,0.2222980022694732,0.7027232314120876,0.0749787663184392,0.3707334785766158,0.6183732752360206,0.7180464778503997,0.7801379811183734,0.5232389251997096,0.7158678286129269,0.7801379811183734,0.8204429920116196,C3,nowcast
"replay_from=data/experiments/b-2-t0,replay_inputs=nowcast,ed_transform=logit,spatial=neighbors,epochs=300,patience=30,fit_partition=target,supplied_final=1,mask_rate=0.2,covariate_encoder=summary,covariate_set=kinsa,input_mode=scheduled_final,input_normalization=b0,evaluation_seasons=recent_two",42,wk inc flu hosp,2024-2025,US,1,1.0,108.0,308789.48,88717.65391304348,197887.1739130435,22184.652173913044,471152.0,46.0,84.0,92.0,96.0,451672.6843478261,97664.20608695652,341965.26086956525,12043.217391304348,607719.0,61.0,80.0,84.0,85.0,0.6836576368257993,0.1964202330303494,0.4381207471042319,0.0491166566912179,0.2162278337198422,0.7571085715828304,0.0266635946973274,0.4259259259259259,0.7777777777777778,0.8518518518518519,0.8888888888888888,0.5648148148148148,0.7407407407407407,0.7777777777777778,0.7870370370370371,C3,nowcast
"replay_from=data/experiments/b-2-t0,replay_inputs=nowcast,ed_transform=logit,spatial=neighbors,epochs=300,patience=30,fit_partition=target,supplied_final=1,mask_rate=0.2,covariate_encoder=summary,covariate_set=kinsa,input_mode=scheduled_final,input_normalization=b0,evaluation_seasons=recent_two",42,wk inc flu hosp,2025-2026,all,52,0.2,5824.0,750767.082173913,101608.2995652174,446767.6521739131,202391.13043478265,992746.0,1921.0,3117.0,3605.0,4016.0,681987.2230434783,182493.3534782609,344539.7391304348,154954.13043478262,1021199.0,3056.0,4510.0,4990.0,5252.0,1.0984885450447412,0.1665123759022982,0.7261005704633183,0.2058755986791246,0.2795215027822053,0.5126519392462101,0.2078265579715848,0.315126050420168,0.5287114845938377,0.6184523809523811,0.6891806722689077,0.5267507002801122,0.7781162464985995,0.8568627450980393,0.8984943977591039,C3,nowcast
"replay_from=data/experiments/b-2-t0,replay_inputs=nowcast,ed_transform=logit,spatial=neighbors,epochs=300,patience=30,fit_partition=target,supplied_final=1,mask_rate=0.2,covariate_encoder=summary,covariate_set=kinsa,input_mode=scheduled_final,input_normalization=b0,evaluation_seasons=recent_two",42,wk inc flu hosp,2025-2026,states_dc,51,0.0,5712.0,401336.0360869565,66346.47086956522,272116.9130434783,62872.65217391305,545872.0,1893.0,3061.0,3536.0,3939.0,369731.63260869565,98349.24130434784,189960.8260869565,81421.56521739133,551635.0,2996.0,4421.0,4894.0,5153.0,1.093347038323257,0.1799089267319567,0.7677957592845237,0.1456423523067765,0.2820338995276027,0.5170549996731874,0.2009111007992099,0.3314075630252101,0.5358893557422969,0.6190476190476191,0.6896008403361344,0.5245098039215685,0.7739845938375353,0.8567927170868349,0.9021358543417368,C3,nowcast
"replay_from=data/experiments/b-2-t0,replay_inputs=nowcast,ed_transform=logit,spatial=neighbors,epochs=300,patience=30,fit_partition=target,supplied_final=1,mask_rate=0.2,covariate_encoder=summary,covariate_set=kinsa,input_mode=scheduled_final,input_normalization=b0,evaluation_seasons=recent_two",42,wk inc flu hosp,2025-2026,US,1,1.0,112.0,349431.0460869565,35261.82869565218,174650.73913043478,139518.47826086957,446874.0,28.0,56.0,69.0,77.0,312255.5904347826,84144.11217391305,154578.91304347827,73532.5652173913,469564.0,60.0,89.0,96.0,99.0,1.1190545719306773,0.112926172583664,0.559319815178496,0.4468085841685171,0.2694719158006149,0.4950396975383006,0.2354883866610844,0.25,0.5,0.6160714285714286,0.6875,0.5357142857142857,0.7946428571428571,0.8571428571428571,0.8839285714285714,C3,nowcast
"replay_from=data/experiments/b-2-t0,replay_inputs=nowcast,ed_transform=logit,spatial=neighbors,epochs=300,patience=30,fit_partition=target,supplied_final=1,mask_rate=0.2,covariate_encoder=summary,covariate_set=kinsa,input_mode=scheduled_final,input_normalization=b0,evaluation_seasons=recent_two",42,wk inc flu prop ed visits,2025-2026,all,52,0.2,5768.0,34.2192691733351,9.523464890647086,15.50274988585724,9.193054396830748,51.04782252921035,2146.0,3765.0,4369.0,4798.0,37.45877191682501,10.32540181251476,18.66849846028443,8.464871644025802,55.69990942461097,3125.0,4505.0,4944.0,5205.0,0.9184488139526766,0.2712779162956718,0.3913618041599506,0.2558090934970535,0.2959240659437712,0.4861518031545084,0.2179241309017199,0.3862745098039216,0.6575980392156864,0.757703081232493,0.8363095238095238,0.563200280112045,0.7810574229691877,0.8550420168067228,0.8988795518207284,C3,nowcast
"replay_from=data/experiments/b-2-t0,replay_inputs=nowcast,ed_transform=logit,spatial=neighbors,epochs=300,patience=30,fit_partition=target,supplied_final=1,mask_rate=0.2,covariate_encoder=summary,covariate_set=kinsa,input_mode=scheduled_final,input_normalization=b0,evaluation_seasons=recent_two",42,wk inc flu prop ed visits,2025-2026,states_dc,51,0.0,5656.0,33.71273662689536,9.358315780846963,15.359646107396756,8.99477473865161,50.27320543888483,2094.0,3686.0,4281.0,4699.0,36.85597054744329,10.13762192450928,18.3753233456567,8.343025277277297,54.80314218169003,3050.0,4416.0,4848.0,5105.0,0.9379866164158092,0.2706050535350345,0.4298527805100984,0.2375287823706757,0.2920270708891611,0.4861011471818258,0.2218717819290127,0.3667717086834734,0.645658263305322,0.750700280112045,0.8244047619047621,0.5365896358543416,0.7776610644257703,0.8545168067226891,0.9003851540616249,C3,nowcast
"replay_from=data/experiments/b-2-t0,replay_inputs=nowcast,ed_transform=logit,spatial=neighbors,epochs=300,patience=30,fit_partition=target,supplied_final=1,mask_rate=0.2,covariate_encoder=summary,covariate_set=kinsa,input_mode=scheduled_final,input_normalization=b0,evaluation_seasons=recent_two",42,wk inc flu prop ed visits,2025-2026,US,1,1.0,112.0,0.5065325464397432,0.1651491098001219,0.143103778460484,0.1982796581791367,0.774617090325523,52.0,79.0,88.0,99.0,0.6028013693817165,0.1877798880054818,0.29317511462773,0.1218463667485042,0.8967672429209468,75.0,89.0,96.0,100.0,0.8402976041001456,0.2739693673382207,0.2373978987593595,0.3289303380025644,0.3115120461622118,0.4863544270452387,0.2021335267925486,0.4642857142857143,0.7053571428571429,0.7857142857142857,0.8839285714285714,0.6696428571428571,0.7946428571428571,0.8571428571428571,0.8928571428571429,C3,nowcast
"replay_from=data/experiments/b-2-t0,replay_inputs=nowcast,ed_transform=logit,spatial=neighbors,epochs=300,patience=30,fit_partition=target,supplied_final=1,mask_rate=0.2,covariate_encoder=summary,covariate_set=kinsa,input_mode=scheduled_final,input_normalization=b0,evaluation_seasons=recent_two",42,wk inc rsv hosp,2025-2026,all,52,0.2,6032.0,148148.18347826088,42961.92260869565,84075.17391304349,21111.086956521736,227626.0,2352.0,3662.0,4256.0,4663.0,174064.93092191094,53052.087440608055,105063.50795633462,15949.335524968266,270304.41698893777,2589.0,4305.0,4948.0,5364.0,0.9834538824900378,0.2457991115250967,0.595362023737944,0.1422927472269971,0.3067406302504329,0.5745971360277672,0.1186622337218002,0.4102096010818121,0.6223123732251523,0.7232927653820151,0.7973968897903992,0.4406693711967547,0.7187964841108859,0.8279918864097365,0.8953684922244761,C3,nowcast
"replay_from=data/experiments/b-2-t0,replay_inputs=nowcast,ed_transform=logit,spatial=neighbors,epochs=300,patience=30,fit_partition=target,supplied_final=1,mask_rate=0.2,covariate_encoder=summary,covariate_set=kinsa,input_mode=scheduled_final,input_normalization=b0,evaluation_seasons=recent_two",42,wk inc rsv hosp,2025-2026,states_dc,51,0.0,5916.0,86450.09782608696,24794.27173913044,51388.130434782615,10267.695652173912,130410.0,2294.0,3582.0,4163.0,4558.0,94740.19007535864,28170.04025877443,55907.86834298157,10662.281473602628,146919.94591427944,2532.0,4219.0,4848.0,5257.0,1.0348695522318478,0.2499916873163282,0.6411859829764518,0.1436918819390678,0.3050074818838542,0.5633274152930453,0.1316651028231006,0.3877620013522651,0.605476673427992,0.70368492224476,0.7704530087897228,0.4279918864097364,0.7131507775524004,0.8194726166328601,0.8886071670047331,C3,nowcast
"replay_from=data/experiments/b-2-t0,replay_inputs=nowcast,ed_transform=logit,spatial=neighbors,epochs=300,patience=30,fit_partition=target,supplied_final=1,mask_rate=0.2,covariate_encoder=summary,covariate_set=kinsa,input_mode=scheduled_final,input_normalization=b0,evaluation_seasons=recent_two",42,wk inc rsv hosp,2025-2026,US,1,1.0,116.0,61698.08565217392,18167.650869565216,32687.043478260868,10843.391304347826,97216.0,58.0,80.0,93.0,105.0,79324.7408465523,24882.04718183363,49155.63961335304,5287.05405136564,123384.47107465832,57.0,86.0,100.0,107.0,0.7777912035227973,0.2290288083601704,0.4120661867839124,0.1366962083787143,0.3136732237167476,0.6196760189666538,0.0666507573165986,0.5,0.6896551724137931,0.8017241379310345,0.9051724137931034,0.4913793103448275,0.7413793103448276,0.8620689655172413,0.9224137931034484,C3,nowcast
"replay_from=data/experiments/b-2-t0,replay_inputs=nowcast,ed_transform=logit,spatial=neighbors,epochs=300,patience=30,fit_partition=target,supplied_final=1,mask_rate=0.2,covariate_encoder=summary,covariate_set=kinsa,input_mode=scheduled_final,input_normalization=b0,evaluation_seasons=recent_two",42,wk inc rsv prop ed visits,2025-2026,all,51,0.2,5586.0,4.586070465856039,0.7660119932515032,3.5328296069210854,0.2872288656834307,6.408420160839738,1575.0,2785.0,3365.0,3875.0,4.530466181091006,1.2624880197885668,3.0078391482014357,0.2601390131009845,6.751646223879154,2706.0,4144.0,4680.0,5001.0,1.0521084978071116,0.1771842538806723,0.7757675474206339,0.0991566965057989,0.3535959682986677,0.5860545127207138,0.060349518980613,0.2628530828634546,0.4647451695709344,0.5608494528582635,0.6498222637779091,0.5147666229916434,0.7725612543865138,0.86154240300846,0.908627902093687,C3,nowcast
"replay_from=data/experiments/b-2-t0,replay_inputs=nowcast,ed_transform=logit,spatial=neighbors,epochs=300,patience=30,fit_partition=target,supplied_final=1,mask_rate=0.2,covariate_encoder=summary,covariate_set=kinsa,input_mode=scheduled_final,input_normalization=b0,evaluation_seasons=recent_two",42,wk inc rsv prop ed visits,2025-2026,states_dc,50,0.0,5475.0,4.539576376218,0.7589609114647196,3.5060287767533915,0.2745866879998695,6.343940866055768,1554.0,2748.0,3321.0,3822.0,4.481922043258964,1.2402717937371133,2.9831665637207228,0.2584836858011096,6.672332609887618,2633.0,4042.0,4572.0,4893.0,1.0756932729122757,0.185167581654618,0.8316864341536021,0.0588392571040502,0.3275824533044074,0.6055055048001255,0.0669120418954619,0.2812690562820209,0.4975981286303348,0.6019627169737303,0.6929084603530168,0.47904386432514,0.7359718382534125,0.8336847605173314,0.8925416343738655,C3,nowcast
"replay_from=data/experiments/b-2-t0,replay_inputs=nowcast,ed_transform=logit,spatial=neighbors,epochs=300,patience=30,fit_partition=target,supplied_final=1,mask_rate=0.2,covariate_encoder=summary,covariate_set=kinsa,input_mode=scheduled_final,input_normalization=b0,evaluation_seasons=recent_two",42,wk inc rsv prop ed visits,2025-2026,US,1,1.0,111.0,0.046494089638039,0.0070510817867836,0.0268008301676937,0.0126421776835612,0.0644792947839711,21.0,37.0,44.0,53.0,0.0485441378320411,0.0222162260514535,0.0246725844807123,0.0016553272998748,0.0793136139915364,73.0,102.0,108.0,108.0,0.9577693973864548,0.1452509427848896,0.5520920004887607,0.260426454112794,0.4576500282757085,0.5082505444030668,0.0340994273212172,0.1891891891891892,0.3333333333333333,0.3963963963963964,0.4774774774774775,0.6576576576576577,0.918918918918919,0.972972972972973,0.972972972972973,C3,nowcast
"replay_from=data/experiments/b-2-t0,replay_inputs=nowcast,ed_transform=logit,spatial=neighbors,epochs=300,patience=30,fit_partition=target,supplied_final=1,mask_rate=0.2,covariate_encoder=summary,covariate_set=kinsa,input_mode=scheduled_final,input_normalization=b0,evaluation_seasons=recent_two",43,wk inc covid hosp,2024-2025,all,52,0.2,6968.0,795303.3339130434,50516.37739130434,694491.8695652173,50295.086956521736,955630.0,726.0,1382.0,1860.0,2278.0,294095.7264372725,135467.5071866996,122015.56154699084,36612.65770358205,459783.4153206482,3786.0,5746.0,6312.0,6600.0,2.323497341475926,0.1584936132436146,2.044407965247496,0.1205957629848151,0.4380785185746119,0.407628405592174,0.1542930758332142,0.0849868305531167,0.1617793386011121,0.2218612818261633,0.2735440444834651,0.5601112086625696,0.8459467369037169,0.9204565408252854,0.9555458004097164,C3,nowcast
"replay_from=data/experiments/b-2-t0,replay_inputs=nowcast,ed_transform=logit,spatial=neighbors,epochs=300,patience=30,fit_partition=target,supplied_final=1,mask_rate=0.2,covariate_encoder=summary,covariate_set=kinsa,input_mode=scheduled_final,input_normalization=b0,evaluation_seasons=recent_two",43,wk inc covid hosp,2024-2025,states_dc,51,0.0,6834.0,391090.56434782606,27600.26,342899.99999999994,20590.304347826088,482453.0,726.0,1382.0,1857.0,2273.0,177711.5257127561,72412.19438985428,79788.8120383263,25510.51928457551,270242.3766800353,3701.0,5620.0,6180.0,6467.0,2.036099250156175,0.1488918699095126,1.800270269006241,0.0869371112404208,0.4121516864040481,0.4188300047704274,0.1690183088255245,0.1062335381913959,0.2022241732513901,0.2717295873573311,0.3326016973953761,0.5415569212759731,0.8223587942639744,0.9043020193151888,0.9462979221539364,C3,nowcast
"replay_from=data/experiments/b-2-t0,replay_inputs=nowcast,ed_transform=logit,spatial=neighbors,epochs=300,patience=30,fit_partition=target,supplied_final=1,mask_rate=0.2,covariate_encoder=summary,covariate_set=kinsa,input_mode=scheduled_final,input_normalization=b0,evaluation_seasons=recent_two",43,wk inc covid hosp,2024-2025,US,1,1.0,134.0,404212.7695652174,22916.117391304346,351591.8695652174,29704.78260869565,473177.0,0.0,0.0,3.0,5.0,116384.20072451644,63055.31279684533,42226.74950866455,11102.138419006547,189541.03864061285,85.0,126.0,132.0,133.0,3.473089706754927,0.1969005865800223,3.020958750212513,0.2552303699623922,0.5417858472568663,0.3628220088791609,0.0953921438639727,0.0,0.0,0.0223880597014925,0.0373134328358208,0.6343283582089553,0.9402985074626866,0.9850746268656716,0.9925373134328358,C3,nowcast
"replay_from=data/experiments/b-2-t0,replay_inputs=nowcast,ed_transform=logit,spatial=neighbors,epochs=300,patience=30,fit_partition=target,supplied_final=1,mask_rate=0.2,covariate_encoder=summary,covariate_set=kinsa,input_mode=scheduled_final,input_normalization=b0,evaluation_seasons=recent_two",43,wk inc covid hosp,2025-2026,all,52,0.2,9048.0,224156.0552173913,57661.88130434783,123425.26086956525,43068.91304347826,338290.0,3647.0,5761.0,6618.0,7085.0,251503.70978939495,102039.96804152089,70756.4623304223,78707.27941745178,396424.6389596296,4576.0,7150.0,7993.0,8484.0,0.9843743228118164,0.2508505164820366,0.5547565417625809,0.1787672645671989,0.4039583179592176,0.3059835764748293,0.2900581055659533,0.3870407933288259,0.627405904890692,0.7247915258057248,0.7859589812936669,0.5195176921343251,0.7918187964841109,0.8741717376605818,0.9417399143565476,C3,nowcast
"replay_from=data/experiments/b-2-t0,replay_inputs=nowcast,ed_transform=logit,spatial=neighbors,epochs=300,patience=30,fit_partition=target,supplied_final=1,mask_rate=0.2,covariate_encoder=summary,covariate_set=kinsa,input_mode=scheduled_final,input_normalization=b0,evaluation_seasons=recent_two",43,wk inc covid hosp,2025-2026,states_dc,51,0.0,8874.0,134887.2465217391,40592.02913043479,76689.7391304348,17605.478260869564,204122.0,3592.0,5659.0,6497.0,6946.0,137533.1523161514,55676.68777243521,42712.03193647525,39144.43260724092,215812.05818140364,4475.0,7011.0,7848.0,8317.0,1.0346523993293817,0.2761195887920061,0.5909290212017356,0.1676037893356396,0.4032477713441501,0.3209626389317038,0.2757895897241462,0.4047780031552852,0.6377056569754339,0.7321388325445121,0.7827360829389228,0.5042821726391706,0.7900608519269777,0.8843813387423937,0.937232364210052,C3,nowcast
"replay_from=data/experiments/b-2-t0,replay_inputs=nowcast,ed_transform=logit,spatial=neighbors,epochs=300,patience=30,fit_partition=target,supplied_final=1,mask_rate=0.2,covariate_encoder=summary,covariate_set=kinsa,input_mode=scheduled_final,input_normalization=b0,evaluation_seasons=recent_two",43,wk inc covid hosp,2025-2026,US,1,1.0,174.0,89268.80869565217,17069.852173913045,46735.52173913043,25463.434782608696,134168.0,55.0,102.0,121.0,139.0,113970.5574732436,46363.28026908566,28044.430393947056,39562.84681021086,180612.58077822597,101.0,139.0,145.0,167.0,0.7832620167415558,0.1497742272421582,0.4100666240059617,0.2234211654934358,0.4068005044194873,0.2460673266473311,0.3471321689331814,0.3160919540229885,0.5862068965517241,0.6954022988505747,0.7988505747126436,0.5804597701149425,0.7988505747126436,0.8333333333333334,0.9597701149425288,C3,nowcast
"replay_from=data/experiments/b-2-t0,replay_inputs=nowcast,ed_transform=logit,spatial=neighbors,epochs=300,patience=30,fit_partition=target,supplied_final=1,mask_rate=0.2,covariate_encoder=summary,covariate_set=kinsa,input_mode=scheduled_final,input_normalization=b0,evaluation_seasons=recent_two",43,wk inc covid prop ed visits,2025-2026,all,52,0.2,5586.0,2.6043418559359344,0.7507143879485998,0.8637451047334677,0.9898823632538478,3.837015412040068,1842.0,3139.0,3724.0,4108.0,2.497840451560441,1.156219767170679,0.6581087464717353,0.683511937918007,3.786811202370366,2935.0,4515.0,4987.0,5231.0,1.1082695076615912,0.3294687934640177,0.2663995890798872,0.5124011251176773,0.5391906708735537,0.2297971920394451,0.2310121370869917,0.3147975720294059,0.5519184928873512,0.6549879417007445,0.7320582992555312,0.5674912912283155,0.8383349061549755,0.9090629478172731,0.9467491524238932,C3,nowcast
"replay_from=data/experiments/b-2-t0,replay_inputs=nowcast,ed_transform=logit,spatial=neighbors,epochs=300,patience=30,fit_partition=target,supplied_final=1,mask_rate=0.2,covariate_encoder=summary,covariate_set=kinsa,input_mode=scheduled_final,input_normalization=b0,evaluation_seasons=recent_two",43,wk inc covid prop ed visits,2025-2026,states_dc,51,0.0,5476.0,2.572223710587908,0.7405876728052286,0.8636154631008899,0.9680205746817706,3.786654615581235,1813.0,3080.0,3655.0,4026.0,2.4713671885012656,1.136099226909532,0.6552800338668678,0.6799879277248464,3.754044683896241,2849.0,4405.0,4877.0,5121.0,1.0820294940577984,0.3162044567153768,0.3317752168643784,0.4340498204780338,0.4839802140157255,0.2605335703145489,0.2554862156697166,0.3275878741276666,0.5558072070182798,0.6619167453077488,0.7287092377057774,0.5139095685808489,0.7979186326937193,0.8863286847715913,0.9334364405298664,C3,nowcast
"replay_from=data/experiments/b-2-t0,replay_inputs=nowcast,ed_transform=logit,spatial=neighbors,epochs=300,patience=30,fit_partition=target,supplied_final=1,mask_rate=0.2,covariate_encoder=summary,covariate_set=kinsa,input_mode=scheduled_final,input_normalization=b0,evaluation_seasons=recent_two",43,wk inc covid prop ed visits,2025-2026,US,1,1.0,110.0,0.0321181453480263,0.0101267151433711,0.0001296416325778,0.0218617885720772,0.0503607964588328,29.0,59.0,69.0,82.0,0.0264732630591753,0.020120540261147,0.0028287126048675,0.0035240101931606,0.0327665184741256,86.0,110.0,110.0,110.0,1.2132295620767626,0.3825261404585813,0.0048970779419228,0.8258063436762512,0.7600324983048661,0.1068516789390302,0.1331158227560923,0.2636363636363636,0.5363636363636364,0.6272727272727273,0.7454545454545455,0.7818181818181819,1.0,1.0,1.0,C3,nowcast
"replay_from=data/experiments/b-2-t0,replay_inputs=nowcast,ed_transform=logit,spatial=neighbors,epochs=300,patience=30,fit_partition=target,supplied_final=1,mask_rate=0.2,covariate_encoder=summary,covariate_set=kinsa,input_mode=scheduled_final,input_normalization=b0,evaluation_seasons=recent_two",43,wk inc flu hosp,2024-2025,all,52,0.2,5616.0,1249879.4069565216,144070.2765217391,1099691.652173913,6117.478260869565,1704596.0,1431.0,2731.0,3441.0,3902.0,997209.4752173912,214134.4317391304,732659.1304347826,50415.91304347826,1363610.0,2943.0,4023.0,4381.0,4604.0,1.2482648013712112,0.1524617890414994,1.0849135150463316,0.0108894972833802,0.221083968559547,0.7136002994462362,0.0653157319942169,0.228322440087146,0.4444444444444445,0.5799927378358752,0.6759622367465505,0.5315541031227307,0.7208424110384896,0.7796659404502543,0.8137618010167033,C3,nowcast
"replay_from=data/experiments/b-2-t0,replay_inputs=nowcast,ed_transform=logit,spatial=neighbors,epochs=300,patience=30,fit_partition=target,supplied_final=1,mask_rate=0.2,covariate_encoder=summary,covariate_set=kinsa,input_mode=scheduled_final,input_normalization=b0,evaluation_seasons=recent_two",43,wk inc flu hosp,2024-2025,states_dc,51,0.0,5508.0,682002.2421739129,85201.2856521739,590738.0434782609,6062.913043478261,939386.0,1419.0,2703.0,3394.0,3838.0,545536.7908695652,116470.22565217387,390693.86956521735,38372.69565217391,755891.0,2882.0,3943.0,4297.0,4519.0,1.2460120355346824,0.1579933581365571,1.0744370075413614,0.013581669856764,0.2222980022694732,0.7027232314120876,0.0749787663184392,0.2576252723311547,0.4907407407407407,0.6161946259985477,0.69680464778504,0.5232389251997096,0.7158678286129269,0.7801379811183734,0.8204429920116196,C3,nowcast
"replay_from=data/experiments/b-2-t0,replay_inputs=nowcast,ed_transform=logit,spatial=neighbors,epochs=300,patience=30,fit_partition=target,supplied_final=1,mask_rate=0.2,covariate_encoder=summary,covariate_set=kinsa,input_mode=scheduled_final,input_normalization=b0,evaluation_seasons=recent_two",43,wk inc flu hosp,2024-2025,US,1,1.0,108.0,567877.1647826086,58868.99086956522,508953.6086956522,54.56521739130434,765210.0,12.0,28.0,47.0,64.0,451672.6843478261,97664.20608695652,341965.26086956525,12043.217391304348,607719.0,61.0,80.0,84.0,85.0,1.2572758647173254,0.1303355126612685,1.126819545066212,0.000120806989845,0.2162278337198422,0.7571085715828304,0.0266635946973274,0.1111111111111111,0.2592592592592592,0.4351851851851852,0.5925925925925926,0.5648148148148148,0.7407407407407407,0.7777777777777778,0.7870370370370371,C3,nowcast
"replay_from=data/experiments/b-2-t0,replay_inputs=nowcast,ed_transform=logit,spatial=neighbors,epochs=300,patience=30,fit_partition=target,supplied_final=1,mask_rate=0.2,covariate_encoder=summary,covariate_set=kinsa,input_mode=scheduled_final,input_normalization=b0,evaluation_seasons=recent_two",43,wk inc flu hosp,2025-2026,all,52,0.2,5824.0,641420.9560869567,185345.91260869568,208442.0434782609,247633.0,975948.0,2301.0,3700.0,4278.0,4686.0,681987.2230434783,182493.3534782609,344539.7391304348,154954.13043478262,1021199.0,3056.0,4510.0,4990.0,5252.0,0.9512868653359996,0.262849669573543,0.3990297276723674,0.2894074680900887,0.2795215027822053,0.5126519392462101,0.2078265579715848,0.4391106442577031,0.6531512605042018,0.7472689075630252,0.8175770308123249,0.5267507002801122,0.7781162464985995,0.8568627450980393,0.8984943977591039,C3,nowcast
"replay_from=data/experiments/b-2-t0,replay_inputs=nowcast,ed_transform=logit,spatial=neighbors,epochs=300,patience=30,fit_partition=target,supplied_final=1,mask_rate=0.2,covariate_encoder=summary,covariate_set=kinsa,input_mode=scheduled_final,input_normalization=b0,evaluation_seasons=recent_two",43,wk inc flu hosp,2025-2026,states_dc,51,0.0,5712.0,331344.0317391305,97846.42304347828,134451.4347826087,99046.17391304349,505633.0,2230.0,3618.0,4188.0,4588.0,369731.63260869565,98349.24130434784,189960.8260869565,81421.56521739133,551635.0,2996.0,4421.0,4894.0,5153.0,0.9408528787728332,0.2585077050394638,0.439548341325726,0.2427968324076432,0.2820338995276027,0.5170549996731874,0.2009111007992099,0.3904061624649861,0.6334033613445378,0.7331932773109245,0.8032212885154064,0.5245098039215685,0.7739845938375353,0.8567927170868349,0.9021358543417368,C3,nowcast
"replay_from=data/experiments/b-2-t0,replay_inputs=nowcast,ed_transform=logit,spatial=neighbors,epochs=300,patience=30,fit_partition=target,supplied_final=1,mask_rate=0.2,covariate_encoder=summary,covariate_set=kinsa,input_mode=scheduled_final,input_normalization=b0,evaluation_seasons=recent_two",43,wk inc flu hosp,2025-2026,US,1,1.0,112.0,310076.9243478261,87499.4895652174,73990.60869565216,148586.8260869565,470315.0,71.0,82.0,90.0,98.0,312255.5904347826,84144.11217391305,154578.91304347827,73532.5652173913,469564.0,60.0,89.0,96.0,99.0,0.9930228115886638,0.28021752770986,0.2369552730589326,0.475850010819871,0.2694719158006149,0.4950396975383006,0.2354883866610844,0.6339285714285714,0.7321428571428571,0.8035714285714286,0.875,0.5357142857142857,0.7946428571428571,0.8571428571428571,0.8839285714285714,C3,nowcast
"replay_from=data/experiments/b-2-t0,replay_inputs=nowcast,ed_transform=logit,spatial=neighbors,epochs=300,patience=30,fit_partition=target,supplied_final=1,mask_rate=0.2,covariate_encoder=summary,covariate_set=kinsa,input_mode=scheduled_final,input_normalization=b0,evaluation_seasons=recent_two",43,wk inc flu prop ed visits,2025-2026,all,52,0.2,5768.0,39.75985992302724,10.339356075727782,11.208351563626024,18.21215228367341,59.39123275977137,2056.0,3557.0,4156.0,4581.0,37.45877191682501,10.32540181251476,18.66849846028443,8.464871644025802,55.69990942461097,3125.0,4505.0,4944.0,5205.0,1.1170616457486318,0.2932899919474603,0.2814343850809661,0.5423372687202047,0.2959240659437712,0.4861518031545084,0.2179241309017199,0.3275910364145658,0.6025560224089638,0.6997549019607843,0.776015406162465,0.563200280112045,0.7810574229691877,0.8550420168067228,0.8988795518207284,C3,nowcast
"replay_from=data/experiments/b-2-t0,replay_inputs=nowcast,ed_transform=logit,spatial=neighbors,epochs=300,patience=30,fit_partition=target,supplied_final=1,mask_rate=0.2,covariate_encoder=summary,covariate_set=kinsa,input_mode=scheduled_final,input_normalization=b0,evaluation_seasons=recent_two",43,wk inc flu prop ed visits,2025-2026,states_dc,51,0.0,5656.0,39.00937166660383,10.164824867784471,11.105223972622545,17.739322826196783,58.27457532913496,2032.0,3494.0,4085.0,4500.0,36.85597054744329,10.13762192450928,18.3753233456567,8.343025277277297,54.80314218169003,3050.0,4416.0,4848.0,5105.0,1.085076828444115,0.2942291076095962,0.3090228433581347,0.4818248774763835,0.2920270708891611,0.4861011471818258,0.2218717819290127,0.3559173669467788,0.6125700280112044,0.7162114845938375,0.7892156862745099,0.5365896358543416,0.7776610644257703,0.8545168067226891,0.9003851540616249,C3,nowcast
"replay_from=data/experiments/b-2-t0,replay_inputs=nowcast,ed_transform=logit,spatial=neighbors,epochs=300,patience=30,fit_partition=target,supplied_final=1,mask_rate=0.2,covariate_encoder=summary,covariate_set=kinsa,input_mode=scheduled_final,input_normalization=b0,evaluation_seasons=recent_two",43,wk inc flu prop ed visits,2025-2026,US,1,1.0,112.0,0.7504882564234158,0.1745312079433084,0.1031275910034774,0.4728294574766297,1.116657430636417,24.0,63.0,71.0,81.0,0.6028013693817165,0.1877798880054818,0.29317511462773,0.1218463667485042,0.8967672429209468,75.0,89.0,96.0,100.0,1.2450009149666983,0.2895335292989168,0.1710805519722918,0.7843868336954894,0.3115120461622118,0.4863544270452387,0.2021335267925486,0.2142857142857142,0.5625,0.6339285714285714,0.7232142857142857,0.6696428571428571,0.7946428571428571,0.8571428571428571,0.8928571428571429,C3,nowcast
"replay_from=data/experiments/b-2-t0,replay_inputs=nowcast,ed_transform=logit,spatial=neighbors,epochs=300,patience=30,fit_partition=target,supplied_final=1,mask_rate=0.2,covariate_encoder=summary,covariate_set=kinsa,input_mode=scheduled_final,input_normalization=b0,evaluation_seasons=recent_two",43,wk inc rsv hosp,2025-2026,all,52,0.2,6032.0,141110.4434782609,37919.00869565217,87704.04347826086,15487.391304347826,211167.0,2429.0,3846.0,4384.0,4803.0,174064.93092191094,53052.087440608055,105063.50795633462,15949.335524968266,270304.41698893777,2589.0,4305.0,4948.0,5364.0,0.940896047750897,0.243286035849215,0.5897946788389204,0.1078153330627614,0.3067406302504329,0.5745971360277672,0.1186622337218002,0.3904327248140637,0.6281271129141314,0.7231237322515215,0.794083840432725,0.4406693711967547,0.7187964841108859,0.8279918864097365,0.8953684922244761,C3,nowcast
"replay_from=data/experiments/b-2-t0,replay_inputs=nowcast,ed_transform=logit,spatial=neighbors,epochs=300,patience=30,fit_partition=target,supplied_final=1,mask_rate=0.2,covariate_encoder=summary,covariate_set=kinsa,input_mode=scheduled_final,input_normalization=b0,evaluation_seasons=recent_two",43,wk inc rsv hosp,2025-2026,states_dc,51,0.0,5916.0,82121.74782608697,25794.4,48198.52173913044,8128.826086956522,125243.0,2390.0,3778.0,4302.0,4712.0,94740.19007535864,28170.04025877443,55907.86834298157,10662.281473602628,146919.94591427944,2532.0,4219.0,4848.0,5257.0,0.9902111773441988,0.2658956056161978,0.6127376731517687,0.1115778985762321,0.3050074818838542,0.5633274152930453,0.1316651028231006,0.4039891818796485,0.638607167004733,0.7271805273833674,0.7964841108857337,0.4279918864097364,0.7131507775524004,0.8194726166328601,0.8886071670047331,C3,nowcast
"replay_from=data/experiments/b-2-t0,replay_inputs=nowcast,ed_transform=logit,spatial=neighbors,epochs=300,patience=30,fit_partition=target,supplied_final=1,mask_rate=0.2,covariate_encoder=summary,covariate_set=kinsa,input_mode=scheduled_final,input_normalization=b0,evaluation_seasons=recent_two",43,wk inc rsv hosp,2025-2026,US,1,1.0,116.0,58988.69565217391,12124.608695652174,39505.52173913043,7358.565217391304,85924.0,39.0,68.0,82.0,91.0,79324.7408465523,24882.04718183363,49155.63961335304,5287.05405136564,123384.47107465832,57.0,86.0,100.0,107.0,0.743635529377689,0.1528477567812835,0.498022701587527,0.0927650710088784,0.3136732237167476,0.6196760189666538,0.0666507573165986,0.3362068965517241,0.5862068965517241,0.7068965517241379,0.7844827586206896,0.4913793103448275,0.7413793103448276,0.8620689655172413,0.9224137931034484,C3,nowcast
"replay_from=data/experiments/b-2-t0,replay_inputs=nowcast,ed_transform=logit,spatial=neighbors,epochs=300,patience=30,fit_partition=target,supplied_final=1,mask_rate=0.2,covariate_encoder=summary,covariate_set=kinsa,input_mode=scheduled_final,input_normalization=b0,evaluation_seasons=recent_two",43,wk inc rsv prop ed visits,2025-2026,all,51,0.2,5586.0,4.738906522634782,1.1343470328984335,3.258128673985318,0.3464308157510103,6.927367799504425,1995.0,3472.0,4085.0,4463.0,4.530466181091006,1.2624880197885668,3.0078391482014357,0.2601390131009845,6.751646223879154,2706.0,4144.0,4680.0,5001.0,1.055048321082351,0.2600438423215241,0.7109447730489642,0.0840597057118558,0.3535959682986677,0.5860545127207138,0.060349518980613,0.3407585407284307,0.5965593834749875,0.7105079459269279,0.7738859522272438,0.5147666229916434,0.7725612543865138,0.86154240300846,0.908627902093687,C3,nowcast
"replay_from=data/experiments/b-2-t0,replay_inputs=nowcast,ed_transform=logit,spatial=neighbors,epochs=300,patience=30,fit_partition=target,supplied_final=1,mask_rate=0.2,covariate_encoder=summary,covariate_set=kinsa,input_mode=scheduled_final,input_normalization=b0,evaluation_seasons=recent_two",43,wk inc rsv prop ed visits,2025-2026,states_dc,50,0.0,5475.0,4.696870758053079,1.1255626696752117,3.229791560823039,0.341516527554808,6.867656734986298,1964.0,3416.0,4014.0,4387.0,4.481922043258964,1.2402717937371133,2.9831665637207228,0.2584836858011096,6.672332609887618,2633.0,4042.0,4572.0,4893.0,1.1023282139097093,0.2798157502813029,0.742746181866568,0.079766281761833,0.3275824533044074,0.6055055048001255,0.0669120418954619,0.3561283560907187,0.6195731032176083,0.7282250224987499,0.7961862691128835,0.47904386432514,0.7359718382534125,0.8336847605173314,0.8925416343738655,C3,nowcast
"replay_from=data/experiments/b-2-t0,replay_inputs=nowcast,ed_transform=logit,spatial=neighbors,epochs=300,patience=30,fit_partition=target,supplied_final=1,mask_rate=0.2,covariate_encoder=summary,covariate_set=kinsa,input_mode=scheduled_final,input_normalization=b0,evaluation_seasons=recent_two",43,wk inc rsv prop ed visits,2025-2026,US,1,1.0,111.0,0.0420357645817035,0.0087843632232219,0.0283371131622787,0.0049142881962023,0.0597110645181265,31.0,56.0,71.0,76.0,0.0485441378320411,0.0222162260514535,0.0246725844807123,0.0016553272998748,0.0793136139915364,73.0,102.0,108.0,108.0,0.8659287497729169,0.1809562104824089,0.5837391377785488,0.1012334015119467,0.4576500282757085,0.5082505444030668,0.0340994273212172,0.2792792792792792,0.5045045045045045,0.6396396396396397,0.6846846846846847,0.6576576576576577,0.918918918918919,0.972972972972973,0.972972972972973,C3,nowcast
"replay_from=data/experiments/b-2-t0,replay_inputs=nowcast,ed_transform=logit,spatial=neighbors,epochs=300,patience=30,fit_partition=target,supplied_final=1,mask_rate=0.2,covariate_encoder=summary,covariate_set=kinsa,input_mode=scheduled_final,input_normalization=b0,evaluation_seasons=recent_two",44,wk inc covid hosp,2024-2025,all,52,0.2,6968.0,791833.6595652173,37587.355217391305,707656.3043478262,46590.0,914511.0,689.0,1280.0,1695.0,2042.0,294095.7264372725,135467.5071866996,122015.56154699084,36612.65770358205,459783.4153206482,3786.0,5746.0,6312.0,6600.0,2.3181030731224896,0.1239201665179842,2.07082831994583,0.1233545866586756,0.4380785185746119,0.407628405592174,0.1542930758332142,0.0806555458004097,0.1525899912203687,0.2025460930640913,0.2431665203394791,0.5601112086625696,0.8459467369037169,0.9204565408252854,0.9555458004097164,C3,nowcast
"replay_from=data/experiments/b-2-t0,replay_inputs=nowcast,ed_transform=logit,spatial=neighbors,epochs=300,patience=30,fit_partition=target,supplied_final=1,mask_rate=0.2,covariate_encoder=summary,covariate_set=kinsa,input_mode=scheduled_final,input_normalization=b0,evaluation_seasons=recent_two",44,wk inc covid hosp,2024-2025,states_dc,51,0.0,6834.0,382237.1952173913,21680.80391304348,334375.347826087,26181.043478260868,452835.0,689.0,1278.0,1692.0,2039.0,177711.5257127561,72412.19438985428,79788.8120383263,25510.51928457551,270242.3766800353,3701.0,5620.0,6180.0,6467.0,2.0177919266887416,0.1207320152026343,1.7867062981341355,0.1103536133519716,0.4121516864040481,0.4188300047704274,0.1690183088255245,0.1008194322505121,0.1870061457418788,0.247585601404741,0.2983611354989757,0.5415569212759731,0.8223587942639744,0.9043020193151888,0.9462979221539364,C3,nowcast
"replay_from=data/experiments/b-2-t0,replay_inputs=nowcast,ed_transform=logit,spatial=neighbors,epochs=300,patience=30,fit_partition=target,supplied_final=1,mask_rate=0.2,covariate_encoder=summary,covariate_set=kinsa,input_mode=scheduled_final,input_normalization=b0,evaluation_seasons=recent_two",44,wk inc covid hosp,2024-2025,US,1,1.0,134.0,409596.4643478261,15906.551304347828,373280.9565217392,20408.95652173913,461676.0,0.0,2.0,3.0,3.0,116384.20072451644,63055.31279684533,42226.74950866455,11102.138419006547,189541.03864061285,85.0,126.0,132.0,133.0,3.519347658857481,0.1366727717793837,3.207316407192606,0.1753584798854915,0.5417858472568663,0.3628220088791609,0.0953921438639727,0.0,0.0149253731343283,0.0223880597014925,0.0223880597014925,0.6343283582089553,0.9402985074626866,0.9850746268656716,0.9925373134328358,C3,nowcast
"replay_from=data/experiments/b-2-t0,replay_inputs=nowcast,ed_transform=logit,spatial=neighbors,epochs=300,patience=30,fit_partition=target,supplied_final=1,mask_rate=0.2,covariate_encoder=summary,covariate_set=kinsa,input_mode=scheduled_final,input_normalization=b0,evaluation_seasons=recent_two",44,wk inc covid hosp,2025-2026,all,52,0.2,9048.0,329441.57956521737,36234.10130434782,264773.0,28434.478260869568,429878.0,2547.0,4243.0,5223.0,5928.0,251503.70978939495,102039.96804152089,70756.4623304223,78707.27941745178,396424.6389596296,4576.0,7150.0,7993.0,8484.0,1.274482286645156,0.1632598162009798,0.9818024120239734,0.1294200584202027,0.4039583179592176,0.3059835764748293,0.2900581055659533,0.2465629930132973,0.4142889339643905,0.5111111111111113,0.5842010367365339,0.5195176921343251,0.7918187964841109,0.8741717376605818,0.9417399143565476,C3,nowcast
"replay_from=data/experiments/b-2-t0,replay_inputs=nowcast,ed_transform=logit,spatial=neighbors,epochs=300,patience=30,fit_partition=target,supplied_final=1,mask_rate=0.2,covariate_encoder=summary,covariate_set=kinsa,input_mode=scheduled_final,input_normalization=b0,evaluation_seasons=recent_two",44,wk inc covid hosp,2025-2026,states_dc,51,0.0,8874.0,172246.35217391304,25779.178260869565,132017.82608695654,14449.347826086958,237749.0,2531.0,4213.0,5185.0,5881.0,137533.1523161514,55676.68777243521,42712.03193647525,39144.43260724092,215812.05818140364,4475.0,7011.0,7848.0,8317.0,1.248287427733052,0.1811413844819819,0.9360480388144868,0.1310980044365834,0.4032477713441501,0.3209626389317038,0.2757895897241462,0.2852152355194952,0.4747577191796259,0.5842911877394636,0.6627225602884833,0.5042821726391706,0.7900608519269777,0.8843813387423937,0.937232364210052,C3,nowcast
"replay_from=data/experiments/b-2-t0,replay_inputs=nowcast,ed_transform=logit,spatial=neighbors,epochs=300,patience=30,fit_partition=target,supplied_final=1,mask_rate=0.2,covariate_encoder=summary,covariate_set=kinsa,input_mode=scheduled_final,input_normalization=b0,evaluation_seasons=recent_two",44,wk inc covid hosp,2025-2026,US,1,1.0,174.0,157195.22739130433,10454.92304347826,132755.1739130435,13985.130434782608,192129.0,16.0,30.0,38.0,47.0,113970.5574732436,46363.28026908566,28044.430393947056,39562.84681021086,180612.58077822597,101.0,139.0,145.0,167.0,1.3792617222935706,0.0917335430769716,1.1648199048619192,0.12270827435468,0.4068005044194873,0.2460673266473311,0.3471321689331814,0.0919540229885057,0.1724137931034483,0.2183908045977011,0.2701149425287356,0.5804597701149425,0.7988505747126436,0.8333333333333334,0.9597701149425288,C3,nowcast
"replay_from=data/experiments/b-2-t0,replay_inputs=nowcast,ed_transform=logit,spatial=neighbors,epochs=300,patience=30,fit_partition=target,supplied_final=1,mask_rate=0.2,covariate_encoder=summary,covariate_set=kinsa,input_mode=scheduled_final,input_normalization=b0,evaluation_seasons=recent_two",44,wk inc covid prop ed visits,2025-2026,all,52,0.2,5586.0,2.9102172432146416,0.7150234889529122,0.8331591693436414,1.3620345849180666,4.1863461732642495,1445.0,2587.0,3080.0,3448.0,2.497840451560441,1.156219767170679,0.6581087464717353,0.683511937918007,3.786811202370366,2935.0,4515.0,4987.0,5231.0,1.2690171821227867,0.3213960817211181,0.2572559742722324,0.6903651261294255,0.5391906708735537,0.2297971920394451,0.2310121370869917,0.2608947607563525,0.472167115212098,0.5644752018454442,0.6383171973483394,0.5674912912283155,0.8383349061549755,0.9090629478172731,0.9467491524238932,C3,nowcast
"replay_from=data/experiments/b-2-t0,replay_inputs=nowcast,ed_transform=logit,spatial=neighbors,epochs=300,patience=30,fit_partition=target,supplied_final=1,mask_rate=0.2,covariate_encoder=summary,covariate_set=kinsa,input_mode=scheduled_final,input_normalization=b0,evaluation_seasons=recent_two",44,wk inc covid prop ed visits,2025-2026,states_dc,51,0.0,5476.0,2.8747082019132515,0.7042547763932254,0.8329456217069919,1.337507803813013,4.131138052932989,1414.0,2529.0,3010.0,3366.0,2.4713671885012656,1.136099226909532,0.6552800338668678,0.6799879277248464,3.754044683896241,2849.0,4405.0,4877.0,5121.0,1.2509421944629564,0.3000508707336874,0.3195533328284662,0.6313379909007929,0.4839802140157255,0.2605335703145489,0.2554862156697166,0.2556639054908951,0.4583907121969406,0.546503093215896,0.6115328603217877,0.5139095685808489,0.7979186326937193,0.8863286847715913,0.9334364405298664,C3,nowcast
"replay_from=data/experiments/b-2-t0,replay_inputs=nowcast,ed_transform=logit,spatial=neighbors,epochs=300,patience=30,fit_partition=target,supplied_final=1,mask_rate=0.2,covariate_encoder=summary,covariate_set=kinsa,input_mode=scheduled_final,input_normalization=b0,evaluation_seasons=recent_two",44,wk inc covid prop ed visits,2025-2026,US,1,1.0,110.0,0.0355090413013901,0.0107687125596868,0.0002135476366494,0.0245267811050534,0.055208120331261,31.0,58.0,70.0,82.0,0.0264732630591753,0.020120540261147,0.0028287126048675,0.0035240101931606,0.0327665184741256,86.0,110.0,110.0,110.0,1.3413171327621087,0.4067769256708405,0.0080665400472977,0.926473667043955,0.7600324983048661,0.1068516789390302,0.1331158227560923,0.2818181818181818,0.5272727272727272,0.6363636363636364,0.7454545454545455,0.7818181818181819,1.0,1.0,1.0,C3,nowcast
"replay_from=data/experiments/b-2-t0,replay_inputs=nowcast,ed_transform=logit,spatial=neighbors,epochs=300,patience=30,fit_partition=target,supplied_final=1,mask_rate=0.2,covariate_encoder=summary,covariate_set=kinsa,input_mode=scheduled_final,input_normalization=b0,evaluation_seasons=recent_two",44,wk inc flu hosp,2024-2025,all,52,0.2,5616.0,1042179.0552173912,157614.49,864923.6086956522,19640.95652173913,1458241.0,1600.0,2943.0,3547.0,3947.0,997209.4752173912,214134.4317391304,732659.1304347826,50415.91304347826,1363610.0,2943.0,4023.0,4381.0,4604.0,1.0654824413467805,0.1626414910906227,0.8720716477184554,0.0307693025377022,0.221083968559547,0.7136002994462362,0.0653157319942169,0.2631082062454612,0.5008351488743646,0.6141612200435732,0.685911401597676,0.5315541031227307,0.7208424110384896,0.7796659404502543,0.8137618010167033,C3,nowcast
"replay_from=data/experiments/b-2-t0,replay_inputs=nowcast,ed_transform=logit,spatial=neighbors,epochs=300,patience=30,fit_partition=target,supplied_final=1,mask_rate=0.2,covariate_encoder=summary,covariate_set=kinsa,input_mode=scheduled_final,input_normalization=b0,evaluation_seasons=recent_two",44,wk inc flu hosp,2024-2025,states_dc,51,0.0,5508.0,583330.8826086958,90951.4043478261,477821.2173913044,14558.260869565216,816594.0,1582.0,2900.0,3489.0,3881.0,545536.7908695652,116470.22565217387,390693.86956521735,38372.69565217391,755891.0,2882.0,3943.0,4297.0,4519.0,1.077881432129356,0.1664039685718964,0.875829098079927,0.0356483654775325,0.2222980022694732,0.7027232314120876,0.0749787663184392,0.2872185911401598,0.5265068990559187,0.633442265795207,0.7046114742193176,0.5232389251997096,0.7158678286129269,0.7801379811183734,0.8204429920116196,C3,nowcast
"replay_from=data/experiments/b-2-t0,replay_inputs=nowcast,ed_transform=logit,spatial=neighbors,epochs=300,patience=30,fit_partition=target,supplied_final=1,mask_rate=0.2,covariate_encoder=summary,covariate_set=kinsa,input_mode=scheduled_final,input_normalization=b0,evaluation_seasons=recent_two",44,wk inc flu hosp,2024-2025,US,1,1.0,108.0,458848.1726086956,66663.0856521739,387102.39130434784,5082.695652173913,641647.0,18.0,43.0,58.0,66.0,451672.6843478261,97664.20608695652,341965.26086956525,12043.217391304348,607719.0,61.0,80.0,84.0,85.0,1.0158864782164772,0.1475915811655276,0.8570418462725683,0.0112530507783813,0.2162278337198422,0.7571085715828304,0.0266635946973274,0.1666666666666666,0.3981481481481481,0.5370370370370371,0.6111111111111112,0.5648148148148148,0.7407407407407407,0.7777777777777778,0.7870370370370371,C3,nowcast
"replay_from=data/experiments/b-2-t0,replay_inputs=nowcast,ed_transform=logit,spatial=neighbors,epochs=300,patience=30,fit_partition=target,supplied_final=1,mask_rate=0.2,covariate_encoder=summary,covariate_set=kinsa,input_mode=scheduled_final,input_normalization=b0,evaluation_seasons=recent_two",44,wk inc flu hosp,2025-2026,all,52,0.2,5824.0,648529.5830434782,131866.9308695652,433572.8260869565,83089.82608695653,940435.0,2114.0,3472.0,4046.0,4467.0,681987.2230434783,182493.3534782609,344539.7391304348,154954.13043478262,1021199.0,3056.0,4510.0,4990.0,5252.0,1.0325858480056826,0.1957455846570759,0.7546046778734348,0.082235585475172,0.2795215027822053,0.5126519392462101,0.2078265579715848,0.3668417366946779,0.5965336134453783,0.6933823529411766,0.7836134453781514,0.5267507002801122,0.7781162464985995,0.8568627450980393,0.8984943977591039,C3,nowcast
"replay_from=data/experiments/b-2-t0,replay_inputs=nowcast,ed_transform=logit,spatial=neighbors,epochs=300,patience=30,fit_partition=target,supplied_final=1,mask_rate=0.2,covariate_encoder=summary,covariate_set=kinsa,input_mode=scheduled_final,input_normalization=b0,evaluation_seasons=recent_two",44,wk inc flu hosp,2025-2026,states_dc,51,0.0,5712.0,371078.4717391304,76406.6456521739,269861.52173913043,24810.30434782609,528370.0,2071.0,3405.0,3969.0,4371.0,369731.63260869565,98349.24130434784,189960.8260869565,81421.56521739133,551635.0,2996.0,4421.0,4894.0,5153.0,1.0685976871185052,0.2002790246243328,0.8121842914091393,0.0561343710850332,0.2820338995276027,0.5170549996731874,0.2009111007992099,0.3625700280112044,0.5961134453781514,0.6948529411764706,0.7652310924369747,0.5245098039215685,0.7739845938375353,0.8567927170868349,0.9021358543417368,C3,nowcast
"replay_from=data/experiments/b-2-t0,replay_inputs=nowcast,ed_transform=logit,spatial=neighbors,epochs=300,patience=30,fit_partition=target,supplied_final=1,mask_rate=0.2,covariate_encoder=summary,covariate_set=kinsa,input_mode=scheduled_final,input_normalization=b0,evaluation_seasons=recent_two",44,wk inc flu hosp,2025-2026,US,1,1.0,112.0,277451.1113043478,55460.285217391305,163711.3043478261,58279.52173913043,412065.0,43.0,67.0,77.0,96.0,312255.5904347826,84144.11217391305,154578.91304347827,73532.5652173913,469564.0,60.0,89.0,96.0,99.0,0.8885384915543921,0.1776118247880487,0.5242862237306163,0.1866404430357272,0.2694719158006149,0.4950396975383006,0.2354883866610844,0.3839285714285714,0.5982142857142857,0.6875,0.8571428571428571,0.5357142857142857,0.7946428571428571,0.8571428571428571,0.8839285714285714,C3,nowcast
"replay_from=data/experiments/b-2-t0,replay_inputs=nowcast,ed_transform=logit,spatial=neighbors,epochs=300,patience=30,fit_partition=target,supplied_final=1,mask_rate=0.2,covariate_encoder=summary,covariate_set=kinsa,input_mode=scheduled_final,input_normalization=b0,evaluation_seasons=recent_two",44,wk inc flu prop ed visits,2025-2026,all,52,0.2,5768.0,34.24848294603965,8.360739243185243,18.99735073050048,6.89039297235391,50.889970016725016,2140.0,3556.0,4168.0,4576.0,37.45877191682501,10.32540181251476,18.66849846028443,8.464871644025802,55.69990942461097,3125.0,4505.0,4944.0,5205.0,0.945870124425664,0.2269228899855556,0.4845989408152936,0.2343482936248143,0.2959240659437712,0.4861518031545084,0.2179241309017199,0.3623949579831933,0.6035014005602242,0.70609243697479,0.7750350140056023,0.563200280112045,0.7810574229691877,0.8550420168067228,0.8988795518207284,C3,nowcast
"replay_from=data/experiments/b-2-t0,replay_inputs=nowcast,ed_transform=logit,spatial=neighbors,epochs=300,patience=30,fit_partition=target,supplied_final=1,mask_rate=0.2,covariate_encoder=summary,covariate_set=kinsa,input_mode=scheduled_final,input_normalization=b0,evaluation_seasons=recent_two",44,wk inc flu prop ed visits,2025-2026,states_dc,51,0.0,5656.0,33.671701527841435,8.251195295273336,18.822105642446957,6.598400590121128,50.074525773593344,2102.0,3492.0,4094.0,4495.0,36.85597054744329,10.13762192450928,18.3753233456567,8.343025277277297,54.80314218169003,3050.0,4416.0,4848.0,5105.0,0.943128918004737,0.2382224167863108,0.5330692259735434,0.171837275244882,0.2920270708891611,0.4861011471818258,0.2218717819290127,0.368172268907563,0.6115196078431373,0.7174369747899161,0.7879901960784316,0.5365896358543416,0.7776610644257703,0.8545168067226891,0.9003851540616249,C3,nowcast
"replay_from=data/experiments/b-2-t0,replay_inputs=nowcast,ed_transform=logit,spatial=neighbors,epochs=300,patience=30,fit_partition=target,supplied_final=1,mask_rate=0.2,covariate_encoder=summary,covariate_set=kinsa,input_mode=scheduled_final,input_normalization=b0,evaluation_seasons=recent_two",44,wk inc flu prop ed visits,2025-2026,US,1,1.0,112.0,0.5767814181982163,0.1095439479119071,0.175245088053527,0.2919923822327819,0.8154442431316709,38.0,64.0,74.0,81.0,0.6028013693817165,0.1877798880054818,0.29317511462773,0.1218463667485042,0.8967672429209468,75.0,89.0,96.0,100.0,0.9568349501093728,0.181724782782535,0.2907178001822939,0.4843923671445433,0.3115120461622118,0.4863544270452387,0.2021335267925486,0.3392857142857143,0.5714285714285714,0.6607142857142857,0.7232142857142857,0.6696428571428571,0.7946428571428571,0.8571428571428571,0.8928571428571429,C3,nowcast
"replay_from=data/experiments/b-2-t0,replay_inputs=nowcast,ed_transform=logit,spatial=neighbors,epochs=300,patience=30,fit_partition=target,supplied_final=1,mask_rate=0.2,covariate_encoder=summary,covariate_set=kinsa,input_mode=scheduled_final,input_normalization=b0,evaluation_seasons=recent_two",44,wk inc rsv hosp,2025-2026,all,52,0.2,6032.0,205199.10652173916,23743.49782608696,168323.0,13132.608695652176,271485.0,1580.0,2645.0,3231.0,3649.0,174064.93092191094,53052.087440608055,105063.50795633462,15949.335524968266,270304.41698893777,2589.0,4305.0,4948.0,5364.0,1.253952322175588,0.1547196839463873,1.0237858775805682,0.0754467606486324,0.3067406302504329,0.5745971360277672,0.1186622337218002,0.2311359026369168,0.4037525354969574,0.5036511156186614,0.5760649087221097,0.4406693711967547,0.7187964841108859,0.8279918864097365,0.8953684922244761,C3,nowcast
"replay_from=data/experiments/b-2-t0,replay_inputs=nowcast,ed_transform=logit,spatial=neighbors,epochs=300,patience=30,fit_partition=target,supplied_final=1,mask_rate=0.2,covariate_encoder=summary,covariate_set=kinsa,input_mode=scheduled_final,input_normalization=b0,evaluation_seasons=recent_two",44,wk inc rsv hosp,2025-2026,states_dc,51,0.0,5916.0,112335.95391304349,16076.82347826087,90828.7391304348,5430.391304347827,153942.0,1569.0,2616.0,3189.0,3597.0,94740.19007535864,28170.04025877443,55907.86834298157,10662.281473602628,146919.94591427944,2532.0,4219.0,4848.0,5257.0,1.2747727191643243,0.1692372998752951,1.0355012910575068,0.0700341282315221,0.3050074818838542,0.5633274152930453,0.1316651028231006,0.2652129817444219,0.4421906693711969,0.5390466531440163,0.6080121703853956,0.4279918864097364,0.7131507775524004,0.8194726166328601,0.8886071670047331,C3,nowcast
"replay_from=data/experiments/b-2-t0,replay_inputs=nowcast,ed_transform=logit,spatial=neighbors,epochs=300,patience=30,fit_partition=target,supplied_final=1,mask_rate=0.2,covariate_encoder=summary,covariate_set=kinsa,input_mode=scheduled_final,input_normalization=b0,evaluation_seasons=recent_two",44,wk inc rsv hosp,2025-2026,US,1,1.0,116.0,92863.15260869566,7666.674347826087,77494.26086956522,7702.217391304348,117543.0,11.0,29.0,42.0,52.0,79324.7408465523,24882.04718183363,49155.63961335304,5287.05405136564,123384.47107465832,57.0,86.0,100.0,107.0,1.1706707342206435,0.096649220230756,0.9769242236728134,0.097097290317074,0.3136732237167476,0.6196760189666538,0.0666507573165986,0.0948275862068965,0.25,0.3620689655172414,0.4482758620689655,0.4913793103448275,0.7413793103448276,0.8620689655172413,0.9224137931034484,C3,nowcast
"replay_from=data/experiments/b-2-t0,replay_inputs=nowcast,ed_transform=logit,spatial=neighbors,epochs=300,patience=30,fit_partition=target,supplied_final=1,mask_rate=0.2,covariate_encoder=summary,covariate_set=kinsa,input_mode=scheduled_final,input_normalization=b0,evaluation_seasons=recent_two",44,wk inc rsv prop ed visits,2025-2026,all,51,0.2,5586.0,5.861772468327174,0.8178345581192127,4.901538583490092,0.1423993267178514,8.10046359477069,1419.0,2509.0,3142.0,3614.0,4.530466181091006,1.2624880197885668,3.0078391482014357,0.2601390131009845,6.751646223879154,2706.0,4144.0,4680.0,5001.0,1.3511848516416023,0.196775631316048,1.11562364545252,0.0387855748730291,0.3535959682986677,0.5860545127207138,0.060349518980613,0.2636203920513216,0.4536305887854995,0.5553350233865273,0.6405284781687611,0.5147666229916434,0.7725612543865138,0.86154240300846,0.908627902093687,C3,nowcast
"replay_from=data/experiments/b-2-t0,replay_inputs=nowcast,ed_transform=logit,spatial=neighbors,epochs=300,patience=30,fit_partition=target,supplied_final=1,mask_rate=0.2,covariate_encoder=summary,covariate_set=kinsa,input_mode=scheduled_final,input_normalization=b0,evaluation_seasons=recent_two",44,wk inc rsv prop ed visits,2025-2026,states_dc,50,0.0,5475.0,5.807738722817368,0.8095599562468334,4.85975097124132,0.1384277953291976,8.026025005190496,1384.0,2455.0,3082.0,3544.0,4.481922043258964,1.2402717937371133,2.9831665637207228,0.2584836858011096,6.672332609887618,2633.0,4042.0,4572.0,4893.0,1.4107098462189185,0.2033557332257502,1.1793253420793957,0.0280287709137677,0.3275824533044074,0.6055055048001255,0.0669120418954619,0.2506966612353231,0.4454166143602528,0.5590336440980239,0.6430029400532937,0.47904386432514,0.7359718382534125,0.8336847605173314,0.8925416343738655,C3,nowcast
"replay_from=data/experiments/b-2-t0,replay_inputs=nowcast,ed_transform=logit,spatial=neighbors,epochs=300,patience=30,fit_partition=target,supplied_final=1,mask_rate=0.2,covariate_encoder=summary,covariate_set=kinsa,input_mode=scheduled_final,input_normalization=b0,evaluation_seasons=recent_two",44,wk inc rsv prop ed visits,2025-2026,US,1,1.0,111.0,0.0540337455098051,0.0082746018723793,0.0417876122487716,0.0039715313886538,0.0744385895801938,35.0,54.0,60.0,70.0,0.0485441378320411,0.0222162260514535,0.0246725844807123,0.0016553272998748,0.0793136139915364,73.0,102.0,108.0,108.0,1.1130848733323395,0.1704552236772393,0.8608168589450174,0.0818127907100747,0.4576500282757085,0.5082505444030668,0.0340994273212172,0.3153153153153153,0.4864864864864865,0.5405405405405406,0.6306306306306306,0.6576576576576577,0.918918918918919,0.972972972972973,0.972972972972973,C3,nowcast
"replay_from=data/experiments/b-2-t0,replay_inputs=vintage,ed_transform=logit,epochs=300,patience=30,fit_partition=target,supplied_final=1,mask_rate=0.2,covariate_encoder=summary,covariate_set=inpatient+ww_wval_like+kinsa+ilinet+clinical_lab+flusurv,input_mode=scheduled_final,input_normalization=b0,evaluation_seasons=recent_two",42,wk inc covid hosp,2024-2025,all,52,0.2,6968.0,551379.4886956522,63943.61913043477,433550.3478260869,53885.52173913043,738321.0,1634.0,2994.0,3677.0,4243.0,294095.7264372725,135467.5071866996,122015.56154699084,36612.65770358205,459783.4153206482,3786.0,5746.0,6312.0,6600.0,1.6498018699963857,0.2170501674214747,1.3147510562038842,0.118000646371027,0.4380785185746119,0.407628405592174,0.1542930758332142,0.2022827041264267,0.3766169154228856,0.4730757974831724,0.5530875036581798,0.5601112086625696,0.8459467369037169,0.9204565408252854,0.9555458004097164,C2,vintage
"replay_from=data/experiments/b-2-t0,replay_inputs=vintage,ed_transform=logit,epochs=300,patience=30,fit_partition=target,supplied_final=1,mask_rate=0.2,covariate_encoder=summary,covariate_set=inpatient+ww_wval_like+kinsa+ilinet+clinical_lab+flusurv,input_mode=scheduled_final,input_normalization=b0,evaluation_seasons=recent_two",42,wk inc covid hosp,2024-2025,states_dc,51,0.0,6834.0,292646.9739130435,39623.71304347825,228829.7391304348,24193.52173913044,398429.0,1626.0,2975.0,3646.0,4202.0,177711.5257127561,72412.19438985428,79788.8120383263,25510.51928457551,270242.3766800353,3701.0,5620.0,6180.0,6467.0,1.5064799191346914,0.2190721432559403,1.2036871026221725,0.0837206732565791,0.4121516864040481,0.4188300047704274,0.1690183088255245,0.237928007023705,0.4353233830845771,0.5335089259584431,0.614866842259292,0.5415569212759731,0.8223587942639744,0.9043020193151888,0.9462979221539364,C2,vintage
"replay_from=data/experiments/b-2-t0,replay_inputs=vintage,ed_transform=logit,epochs=300,patience=30,fit_partition=target,supplied_final=1,mask_rate=0.2,covariate_encoder=summary,covariate_set=inpatient+ww_wval_like+kinsa+ilinet+clinical_lab+flusurv,input_mode=scheduled_final,input_normalization=b0,evaluation_seasons=recent_two",42,wk inc covid hosp,2024-2025,US,1,1.0,134.0,258732.5147826087,24319.90608695652,204720.60869565216,29692.0,339892.0,8.0,19.0,31.0,41.0,116384.20072451644,63055.31279684533,42226.74950866455,11102.138419006547,189541.03864061285,85.0,126.0,132.0,133.0,2.223089673443162,0.2089622640836121,1.7590068705307316,0.2551205388288184,0.5417858472568663,0.3628220088791609,0.0953921438639727,0.0597014925373134,0.1417910447761194,0.2313432835820895,0.3059701492537313,0.6343283582089553,0.9402985074626866,0.9850746268656716,0.9925373134328358,C2,vintage
"replay_from=data/experiments/b-2-t0,replay_inputs=vintage,ed_transform=logit,epochs=300,patience=30,fit_partition=target,supplied_final=1,mask_rate=0.2,covariate_encoder=summary,covariate_set=inpatient+ww_wval_like+kinsa+ilinet+clinical_lab+flusurv,input_mode=scheduled_final,input_normalization=b0,evaluation_seasons=recent_two",42,wk inc covid hosp,2025-2026,all,52,0.2,9048.0,379234.6843478261,42470.46695652174,322710.7391304348,14053.478260869564,506095.0,2232.0,3783.0,4645.0,5360.0,251503.70978939495,102039.96804152089,70756.4623304223,78707.27941745178,396424.6389596296,4576.0,7150.0,7993.0,8484.0,1.478608414445733,0.1731161783204844,1.2334322933339252,0.0720599427913232,0.4039583179592176,0.3059835764748293,0.2900581055659533,0.2287581699346405,0.3929456840207348,0.4918413342348434,0.5764255127338294,0.5195176921343251,0.7918187964841109,0.8741717376605818,0.9417399143565476,C2,vintage
"replay_from=data/experiments/b-2-t0,replay_inputs=vintage,ed_transform=logit,epochs=300,patience=30,fit_partition=target,supplied_final=1,mask_rate=0.2,covariate_encoder=summary,covariate_set=inpatient+ww_wval_like+kinsa+ilinet+clinical_lab+flusurv,input_mode=scheduled_final,input_normalization=b0,evaluation_seasons=recent_two",42,wk inc covid hosp,2025-2026,states_dc,51,0.0,8874.0,207535.52,25669.172173913044,173365.13043478262,8501.217391304348,279076.0,2206.0,3734.0,4576.0,5272.0,137533.1523161514,55676.68777243521,42712.03193647525,39144.43260724092,215812.05818140364,4475.0,7011.0,7848.0,8317.0,1.4716299913789594,0.1795407598816081,1.2141934591706751,0.077895772326676,0.4032477713441501,0.3209626389317038,0.2757895897241462,0.2485913905792202,0.4207798061753437,0.5156637367590715,0.5940951093080911,0.5042821726391706,0.7900608519269777,0.8843813387423937,0.937232364210052,C2,vintage
"replay_from=data/experiments/b-2-t0,replay_inputs=vintage,ed_transform=logit,epochs=300,patience=30,fit_partition=target,supplied_final=1,mask_rate=0.2,covariate_encoder=summary,covariate_set=inpatient+ww_wval_like+kinsa+ilinet+clinical_lab+flusurv,input_mode=scheduled_final,input_normalization=b0,evaluation_seasons=recent_two",42,wk inc covid hosp,2025-2026,US,1,1.0,174.0,171699.1643478261,16801.294782608697,149345.60869565216,5552.260869565217,227019.0,26.0,49.0,69.0,88.0,113970.5574732436,46363.28026908566,28044.430393947056,39562.84681021086,180612.58077822597,101.0,139.0,145.0,167.0,1.5065221067128256,0.1474178520759896,1.310387629986924,0.0487166246499118,0.4068005044194873,0.2460673266473311,0.3471321689331814,0.1494252873563218,0.2816091954022988,0.396551724137931,0.5057471264367817,0.5804597701149425,0.7988505747126436,0.8333333333333334,0.9597701149425288,C2,vintage
"replay_from=data/experiments/b-2-t0,replay_inputs=vintage,ed_transform=logit,epochs=300,patience=30,fit_partition=target,supplied_final=1,mask_rate=0.2,covariate_encoder=summary,covariate_set=inpatient+ww_wval_like+kinsa+ilinet+clinical_lab+flusurv,input_mode=scheduled_final,input_normalization=b0,evaluation_seasons=recent_two",42,wk inc covid prop ed visits,2025-2026,all,52,0.2,5586.0,2.6063314150825665,0.6437047063454729,1.187261506723338,0.7753652020137349,3.798805857344841,1832.0,3113.0,3625.0,3997.0,2.497840451560441,1.156219767170679,0.6581087464717353,0.683511937918007,3.786811202370366,2935.0,4515.0,4987.0,5231.0,1.0148117955644145,0.2917982929965406,0.3838847851875839,0.3391287173802811,0.5391906708735537,0.2297971920394451,0.2310121370869917,0.3393638810247807,0.5689585590623655,0.668185895867557,0.7299642328708076,0.5674912912283155,0.8383349061549755,0.9090629478172731,0.9467491524238932,C2,vintage
"replay_from=data/experiments/b-2-t0,replay_inputs=vintage,ed_transform=logit,epochs=300,patience=30,fit_partition=target,supplied_final=1,mask_rate=0.2,covariate_encoder=summary,covariate_set=inpatient+ww_wval_like+kinsa+ilinet+clinical_lab+flusurv,input_mode=scheduled_final,input_normalization=b0,evaluation_seasons=recent_two",42,wk inc covid prop ed visits,2025-2026,states_dc,51,0.0,5476.0,2.5832791186513964,0.6340366607348079,1.1853694630539096,0.7638729948626586,3.7639838615933754,1787.0,3042.0,3539.0,3906.0,2.4713671885012656,1.136099226909532,0.6552800338668678,0.6799879277248464,3.754044683896241,2849.0,4405.0,4877.0,5121.0,1.0508206092478416,0.273447772363651,0.4619884856529378,0.3153843512312439,0.4839802140157255,0.2605335703145489,0.2554862156697166,0.3219321240082486,0.5498345624643204,0.6397778243799006,0.7056371092703274,0.5139095685808489,0.7979186326937193,0.8863286847715913,0.9334364405298664,C2,vintage
"replay_from=data/experiments/b-2-t0,replay_inputs=vintage,ed_transform=logit,epochs=300,patience=30,fit_partition=target,supplied_final=1,mask_rate=0.2,covariate_encoder=summary,covariate_set=inpatient+ww_wval_like+kinsa+ilinet+clinical_lab+flusurv,input_mode=scheduled_final,input_normalization=b0,evaluation_seasons=recent_two",42,wk inc covid prop ed visits,2025-2026,US,1,1.0,110.0,0.0230522964311701,0.009668045610665,0.0018920436694285,0.0114922071510763,0.0348219957514665,45.0,71.0,86.0,91.0,0.0264732630591753,0.020120540261147,0.0028287126048675,0.0035240101931606,0.0327665184741256,86.0,110.0,110.0,110.0,0.8707765408307072,0.3652003755280987,0.0714699833261688,0.4341061819764301,0.7600324983048661,0.1068516789390302,0.1331158227560923,0.4090909090909091,0.6454545454545455,0.7818181818181819,0.8272727272727273,0.7818181818181819,1.0,1.0,1.0,C2,vintage
"replay_from=data/experiments/b-2-t0,replay_inputs=vintage,ed_transform=logit,epochs=300,patience=30,fit_partition=target,supplied_final=1,mask_rate=0.2,covariate_encoder=summary,covariate_set=inpatient+ww_wval_like+kinsa+ilinet+clinical_lab+flusurv,input_mode=scheduled_final,input_normalization=b0,evaluation_seasons=recent_two",42,wk inc flu hosp,2024-2025,all,52,0.2,5616.0,845383.9208695653,215483.87739130436,599286.6086956522,30613.434782608703,1316783.0,2067.0,3496.0,4133.0,4508.0,997209.4752173912,214134.4317391304,732659.1304347826,50415.91304347826,1363610.0,2943.0,4023.0,4381.0,4604.0,0.8832509362009705,0.2108992632067458,0.6247684313276771,0.0475832416665474,0.221083968559547,0.7136002994462362,0.0653157319942169,0.373602033405955,0.6494190268700074,0.7692447349310098,0.8254175744371826,0.5315541031227307,0.7208424110384896,0.7796659404502543,0.8137618010167033,C2,vintage
"replay_from=data/experiments/b-2-t0,replay_inputs=vintage,ed_transform=logit,epochs=300,patience=30,fit_partition=target,supplied_final=1,mask_rate=0.2,covariate_encoder=summary,covariate_set=inpatient+ww_wval_like+kinsa+ilinet+clinical_lab+flusurv,input_mode=scheduled_final,input_normalization=b0,evaluation_seasons=recent_two",42,wk inc flu hosp,2024-2025,states_dc,51,0.0,5508.0,486208.2130434783,109799.5608695652,350510.39130434784,25898.260869565223,739761.0,2024.0,3413.0,4034.0,4408.0,545536.7908695652,116470.22565217387,390693.86956521735,38372.69565217391,755891.0,2882.0,3943.0,4297.0,4519.0,0.9052605766211966,0.2051280042046517,0.64326336042135,0.0568692119951946,0.2222980022694732,0.7027232314120876,0.0749787663184392,0.3674655047204067,0.6196441539578796,0.7323892519970951,0.8002904865649966,0.5232389251997096,0.7158678286129269,0.7801379811183734,0.8204429920116196,C2,vintage
"replay_from=data/experiments/b-2-t0,replay_inputs=vintage,ed_transform=logit,epochs=300,patience=30,fit_partition=target,supplied_final=1,mask_rate=0.2,covariate_encoder=summary,covariate_set=inpatient+ww_wval_like+kinsa+ilinet+clinical_lab+flusurv,input_mode=scheduled_final,input_normalization=b0,evaluation_seasons=recent_two",42,wk inc flu hosp,2024-2025,US,1,1.0,108.0,359175.70782608696,105684.31652173912,248776.21739130435,4715.173913043478,577022.0,43.0,83.0,99.0,100.0,451672.6843478261,97664.20608695652,341965.26086956525,12043.217391304348,607719.0,61.0,80.0,84.0,85.0,0.7952123745200658,0.233984299215122,0.550788714952985,0.0104393603519587,0.2162278337198422,0.7571085715828304,0.0266635946973274,0.3981481481481481,0.7685185185185185,0.9166666666666666,0.925925925925926,0.5648148148148148,0.7407407407407407,0.7777777777777778,0.7870370370370371,C2,vintage
"replay_from=data/experiments/b-2-t0,replay_inputs=vintage,ed_transform=logit,epochs=300,patience=30,fit_partition=target,supplied_final=1,mask_rate=0.2,covariate_encoder=summary,covariate_set=inpatient+ww_wval_like+kinsa+ilinet+clinical_lab+flusurv,input_mode=scheduled_final,input_normalization=b0,evaluation_seasons=recent_two",42,wk inc flu hosp,2025-2026,all,52,0.2,5824.0,610969.6708695653,142058.10565217392,426069.86956521735,42841.69565217392,902792.0,1900.0,3192.0,3734.0,4151.0,681987.2230434783,182493.3534782609,344539.7391304348,154954.13043478262,1021199.0,3056.0,4510.0,4990.0,5252.0,0.9263041815874448,0.2188201186029405,0.6258389689789354,0.0816450940055686,0.2795215027822053,0.5126519392462101,0.2078265579715848,0.3088935574229692,0.5227591036414567,0.6282913165266107,0.7130252100840336,0.5267507002801122,0.7781162464985995,0.8568627450980393,0.8984943977591039,C2,vintage
"replay_from=data/experiments/b-2-t0,replay_inputs=vintage,ed_transform=logit,epochs=300,patience=30,fit_partition=target,supplied_final=1,mask_rate=0.2,covariate_encoder=summary,covariate_set=inpatient+ww_wval_like+kinsa+ilinet+clinical_lab+flusurv,input_mode=scheduled_final,input_normalization=b0,evaluation_seasons=recent_two",42,wk inc flu hosp,2025-2026,states_dc,51,0.0,5712.0,337110.3047826088,80383.34826086956,222033.86956521735,34693.08695652174,498150.0,1874.0,3146.0,3670.0,4071.0,369731.63260869565,98349.24130434784,189960.8260869565,81421.56521739133,551635.0,2996.0,4421.0,4894.0,5153.0,0.9386212493422748,0.2241467229503617,0.6189421483228243,0.0955323780690886,0.2820338995276027,0.5170549996731874,0.2009111007992099,0.3280812324929972,0.5507703081232493,0.6425070028011204,0.7127100840336134,0.5245098039215685,0.7739845938375353,0.8567927170868349,0.9021358543417368,C2,vintage
"replay_from=data/experiments/b-2-t0,replay_inputs=vintage,ed_transform=logit,epochs=300,patience=30,fit_partition=target,supplied_final=1,mask_rate=0.2,covariate_encoder=summary,covariate_set=inpatient+ww_wval_like+kinsa+ilinet+clinical_lab+flusurv,input_mode=scheduled_final,input_normalization=b0,evaluation_seasons=recent_two",42,wk inc flu hosp,2025-2026,US,1,1.0,112.0,273859.3660869565,61674.757391304345,204036.0,8148.608695652173,404642.0,26.0,46.0,64.0,80.0,312255.5904347826,84144.11217391305,154578.91304347827,73532.5652173913,469564.0,60.0,89.0,96.0,99.0,0.8770359105681232,0.1975137012132555,0.6534262516033791,0.0260959577514884,0.2694719158006149,0.4950396975383006,0.2354883866610844,0.2321428571428571,0.4107142857142857,0.5714285714285714,0.7142857142857143,0.5357142857142857,0.7946428571428571,0.8571428571428571,0.8839285714285714,C2,vintage
"replay_from=data/experiments/b-2-t0,replay_inputs=vintage,ed_transform=logit,epochs=300,patience=30,fit_partition=target,supplied_final=1,mask_rate=0.2,covariate_encoder=summary,covariate_set=inpatient+ww_wval_like+kinsa+ilinet+clinical_lab+flusurv,input_mode=scheduled_final,input_normalization=b0,evaluation_seasons=recent_two",42,wk inc flu prop ed visits,2025-2026,all,52,0.2,5768.0,32.95688471353973,12.527871552696377,12.263717875365383,8.165295285477955,50.51354123369983,2852.0,4392.0,5001.0,5283.0,37.45877191682501,10.32540181251476,18.66849846028443,8.464871644025802,55.69990942461097,3125.0,4505.0,4944.0,5205.0,0.8842539758431127,0.3578009312069832,0.3145258131378985,0.2119272314982306,0.2959240659437712,0.4861518031545084,0.2179241309017199,0.5213585434173671,0.7866946778711486,0.8792717086834735,0.924124649859944,0.563200280112045,0.7810574229691877,0.8550420168067228,0.8988795518207284,C2,vintage
"replay_from=data/experiments/b-2-t0,replay_inputs=vintage,ed_transform=logit,epochs=300,patience=30,fit_partition=target,supplied_final=1,mask_rate=0.2,covariate_encoder=summary,covariate_set=inpatient+ww_wval_like+kinsa+ilinet+clinical_lab+flusurv,input_mode=scheduled_final,input_normalization=b0,evaluation_seasons=recent_two",42,wk inc flu prop ed visits,2025-2026,states_dc,51,0.0,5656.0,32.51001782562986,12.307792112259795,12.145823801350552,8.056401912019496,49.81210947337772,2778.0,4288.0,4893.0,5172.0,36.85597054744329,10.13762192450928,18.3753233456567,8.343025277277297,54.80314218169003,3050.0,4416.0,4848.0,5105.0,0.9199882259568604,0.3559775490108436,0.3442630203228015,0.2197476566232144,0.2920270708891611,0.4861011471818258,0.2218717819290127,0.4865196078431374,0.7512254901960786,0.8580182072829133,0.907387955182073,0.5365896358543416,0.7776610644257703,0.8545168067226891,0.9003851540616249,C2,vintage
"replay_from=data/experiments/b-2-t0,replay_inputs=vintage,ed_transform=logit,epochs=300,patience=30,fit_partition=target,supplied_final=1,mask_rate=0.2,covariate_encoder=summary,covariate_set=inpatient+ww_wval_like+kinsa+ilinet+clinical_lab+flusurv,input_mode=scheduled_final,input_normalization=b0,evaluation_seasons=recent_two",42,wk inc flu prop ed visits,2025-2026,US,1,1.0,112.0,0.4468668879098729,0.2200794404365795,0.1178940740148333,0.1088933734584597,0.7014317603221161,74.0,104.0,108.0,111.0,0.6028013693817165,0.1877798880054818,0.29317511462773,0.1218463667485042,0.8967672429209468,75.0,89.0,96.0,100.0,0.7413169753881232,0.3650944599915415,0.1955769843982858,0.1806455309982952,0.3115120461622118,0.4863544270452387,0.2021335267925486,0.6607142857142857,0.9285714285714286,0.9642857142857144,0.9910714285714286,0.6696428571428571,0.7946428571428571,0.8571428571428571,0.8928571428571429,C2,vintage
"replay_from=data/experiments/b-2-t0,replay_inputs=vintage,ed_transform=logit,epochs=300,patience=30,fit_partition=target,supplied_final=1,mask_rate=0.2,covariate_encoder=summary,covariate_set=inpatient+ww_wval_like+kinsa+ilinet+clinical_lab+flusurv,input_mode=scheduled_final,input_normalization=b0,evaluation_seasons=recent_two",42,wk inc rsv hosp,2025-2026,all,52,0.2,6032.0,228419.8743478261,47632.87434782609,176754.91304347827,4032.086956521739,352245.0,1961.0,3177.0,3849.0,4306.0,174064.93092191094,53052.087440608055,105063.50795633462,15949.335524968266,270304.41698893777,2589.0,4305.0,4948.0,5364.0,1.3172900384364898,0.2642660280816387,1.0112088413003038,0.0418151690545473,0.3067406302504329,0.5745971360277672,0.1186622337218002,0.3239688979039893,0.5185936443542937,0.6396551724137933,0.734820824881677,0.4406693711967547,0.7187964841108859,0.8279918864097365,0.8953684922244761,C2,vintage
"replay_from=data/experiments/b-2-t0,replay_inputs=vintage,ed_transform=logit,epochs=300,patience=30,fit_partition=target,supplied_final=1,mask_rate=0.2,covariate_encoder=summary,covariate_set=inpatient+ww_wval_like+kinsa+ilinet+clinical_lab+flusurv,input_mode=scheduled_final,input_normalization=b0,evaluation_seasons=recent_two",42,wk inc rsv hosp,2025-2026,states_dc,51,0.0,5916.0,123659.98521739132,25964.89826086956,94559.4347826087,3135.6521739130435,188197.0,1924.0,3121.0,3774.0,4210.0,94740.19007535864,28170.04025877443,55907.86834298157,10662.281473602628,146919.94591427944,2532.0,4219.0,4848.0,5257.0,1.3164510876599902,0.2620437015813955,1.004963630279653,0.0494437557989414,0.3050074818838542,0.5633274152930453,0.1316651028231006,0.3252197430696417,0.5275524002704531,0.6379310344827587,0.7116294793779583,0.4279918864097364,0.7131507775524004,0.8194726166328601,0.8886071670047331,C2,vintage
"replay_from=data/experiments/b-2-t0,replay_inputs=vintage,ed_transform=logit,epochs=300,patience=30,fit_partition=target,supplied_final=1,mask_rate=0.2,covariate_encoder=summary,covariate_set=inpatient+ww_wval_like+kinsa+ilinet+clinical_lab+flusurv,input_mode=scheduled_final,input_normalization=b0,evaluation_seasons=recent_two",42,wk inc rsv hosp,2025-2026,US,1,1.0,116.0,104759.88913043478,21667.97608695652,82195.47826086957,896.4347826086956,164048.0,37.0,56.0,75.0,96.0,79324.7408465523,24882.04718183363,49155.63961335304,5287.05405136564,123384.47107465832,57.0,86.0,100.0,107.0,1.320645841542487,0.2731553340826108,1.0361896853829058,0.0113008220769706,0.3136732237167476,0.6196760189666538,0.0666507573165986,0.3189655172413793,0.4827586206896552,0.646551724137931,0.8275862068965517,0.4913793103448275,0.7413793103448276,0.8620689655172413,0.9224137931034484,C2,vintage
"replay_from=data/experiments/b-2-t0,replay_inputs=vintage,ed_transform=logit,epochs=300,patience=30,fit_partition=target,supplied_final=1,mask_rate=0.2,covariate_encoder=summary,covariate_set=inpatient+ww_wval_like+kinsa+ilinet+clinical_lab+flusurv,input_mode=scheduled_final,input_normalization=b0,evaluation_seasons=recent_two",42,wk inc rsv prop ed visits,2025-2026,all,51,0.2,5586.0,5.096831720418379,1.1999764188440225,3.69678308827322,0.2000722133011165,7.500548473720857,2014.0,3440.0,4124.0,4534.0,4.530466181091006,1.2624880197885668,3.0078391482014357,0.2601390131009845,6.751646223879154,2706.0,4144.0,4680.0,5001.0,1.274721583616793,0.3107645882422356,0.913110666874556,0.0508463284999963,0.3535959682986677,0.5860545127207138,0.060349518980613,0.350157838502672,0.6152495579958202,0.7343399981626498,0.8039985575016427,0.5147666229916434,0.7725612543865138,0.86154240300846,0.908627902093687,C2,vintage
"replay_from=data/experiments/b-2-t0,replay_inputs=vintage,ed_transform=logit,epochs=300,patience=30,fit_partition=target,supplied_final=1,mask_rate=0.2,covariate_encoder=summary,covariate_set=inpatient+ww_wval_like+kinsa+ilinet+clinical_lab+flusurv,input_mode=scheduled_final,input_normalization=b0,evaluation_seasons=recent_two",42,wk inc rsv prop ed visits,2025-2026,states_dc,50,0.0,5475.0,5.022988619464908,1.1821867851261805,3.6444535917763536,0.1963482425623537,7.386896467744513,1979.0,3370.0,4042.0,4446.0,4.481922043258964,1.2402717937371133,2.9831665637207228,0.2584836858011096,6.672332609887618,2633.0,4042.0,4572.0,4893.0,1.2131135232249788,0.2968399681251337,0.8718939165848945,0.0443796385149451,0.3275824533044074,0.6055055048001255,0.0669120418954619,0.3588684692995111,0.6114042898371175,0.7332403130186277,0.8067999986788552,0.47904386432514,0.7359718382534125,0.8336847605173314,0.8925416343738655,C2,vintage
"replay_from=data/experiments/b-2-t0,replay_inputs=vintage,ed_transform=logit,epochs=300,patience=30,fit_partition=target,supplied_final=1,mask_rate=0.2,covariate_encoder=summary,covariate_set=inpatient+ww_wval_like+kinsa+ilinet+clinical_lab+flusurv,input_mode=scheduled_final,input_normalization=b0,evaluation_seasons=recent_two",42,wk inc rsv prop ed visits,2025-2026,US,1,1.0,111.0,0.0738431009534712,0.0177896337178422,0.052329496496866,0.0037239707387627,0.1136520059763452,35.0,70.0,82.0,88.0,0.0485441378320411,0.0222162260514535,0.0246725844807123,0.0016553272998748,0.0793136139915364,73.0,102.0,108.0,108.0,1.5211538251840526,0.366463068710643,1.077977668033202,0.0767130884402015,0.4576500282757085,0.5082505444030668,0.0340994273212172,0.3153153153153153,0.6306306306306306,0.7387387387387387,0.7927927927927928,0.6576576576576577,0.918918918918919,0.972972972972973,0.972972972972973,C2,vintage
"replay_from=data/experiments/b-2-t0,replay_inputs=vintage,ed_transform=logit,epochs=300,patience=30,fit_partition=target,supplied_final=1,mask_rate=0.2,covariate_encoder=summary,covariate_set=inpatient+ww_wval_like+kinsa+ilinet+clinical_lab+flusurv,input_mode=scheduled_final,input_normalization=b0,evaluation_seasons=recent_two",43,wk inc covid hosp,2024-2025,all,52,0.2,6968.0,835486.4582608696,58543.15391304348,741043.9130434783,35899.391304347824,1049224.0,552.0,1420.0,2269.0,3046.0,294095.7264372725,135467.5071866996,122015.56154699084,36612.65770358205,459783.4153206482,3786.0,5746.0,6312.0,6600.0,2.5243694054359587,0.1966188116927656,2.2609127394791138,0.066837854264079,0.4380785185746119,0.407628405592174,0.1542930758332142,0.0646180860403863,0.1676031606672519,0.271115013169447,0.3675738952297337,0.5601112086625696,0.8459467369037169,0.9204565408252854,0.9555458004097164,C2,vintage
"replay_from=data/experiments/b-2-t0,replay_inputs=vintage,ed_transform=logit,epochs=300,patience=30,fit_partition=target,supplied_final=1,mask_rate=0.2,covariate_encoder=summary,covariate_set=inpatient+ww_wval_like+kinsa+ilinet+clinical_lab+flusurv,input_mode=scheduled_final,input_normalization=b0,evaluation_seasons=recent_two",43,wk inc covid hosp,2024-2025,states_dc,51,0.0,6834.0,446407.53521739127,37301.4047826087,395605.652173913,13500.478260869568,583261.0,552.0,1419.0,2265.0,3038.0,177711.5257127561,72412.19438985428,79788.8120383263,25510.51928457551,270242.3766800353,3701.0,5620.0,6180.0,6467.0,2.3196977084503727,0.2001450079153045,2.084119544472718,0.0354331560623496,0.4121516864040481,0.4188300047704274,0.1690183088255245,0.0807726075504828,0.2076382791922739,0.3314310798946445,0.4445419959028387,0.5415569212759731,0.8223587942639744,0.9043020193151888,0.9462979221539364,C2,vintage
"replay_from=data/experiments/b-2-t0,replay_inputs=vintage,ed_transform=logit,epochs=300,patience=30,fit_partition=target,supplied_final=1,mask_rate=0.2,covariate_encoder=summary,covariate_set=inpatient+ww_wval_like+kinsa+ilinet+clinical_lab+flusurv,input_mode=scheduled_final,input_normalization=b0,evaluation_seasons=recent_two",43,wk inc covid hosp,2024-2025,US,1,1.0,134.0,389078.9230434783,21241.749130434782,345438.2608695652,22398.91304347826,465963.0,0.0,1.0,4.0,8.0,116384.20072451644,63055.31279684533,42226.74950866455,11102.138419006547,189541.03864061285,85.0,126.0,132.0,133.0,3.343056193378303,0.1825140268026104,2.968085519504696,0.1924566470709963,0.5417858472568663,0.3628220088791609,0.0953921438639727,0.0,0.0074626865671641,0.0298507462686567,0.0597014925373134,0.6343283582089553,0.9402985074626866,0.9850746268656716,0.9925373134328358,C2,vintage
"replay_from=data/experiments/b-2-t0,replay_inputs=vintage,ed_transform=logit,epochs=300,patience=30,fit_partition=target,supplied_final=1,mask_rate=0.2,covariate_encoder=summary,covariate_set=inpatient+ww_wval_like+kinsa+ilinet+clinical_lab+flusurv,input_mode=scheduled_final,input_normalization=b0,evaluation_seasons=recent_two",43,wk inc covid hosp,2025-2026,all,52,0.2,9048.0,319346.797826087,45886.10217391304,259644.0,13816.695652173912,444292.0,2480.0,4047.0,4876.0,5579.0,251503.70978939495,102039.96804152089,70756.4623304223,78707.27941745178,396424.6389596296,4576.0,7150.0,7993.0,8484.0,1.270589949965762,0.1913814345958243,0.99991562089568,0.079292894474258,0.4039583179592176,0.3059835764748293,0.2900581055659533,0.2405228758169935,0.4135677259409511,0.5063105702050936,0.5898129366689205,0.5195176921343251,0.7918187964841109,0.8741717376605818,0.9417399143565476,C2,vintage
"replay_from=data/experiments/b-2-t0,replay_inputs=vintage,ed_transform=logit,epochs=300,patience=30,fit_partition=target,supplied_final=1,mask_rate=0.2,covariate_encoder=summary,covariate_set=inpatient+ww_wval_like+kinsa+ilinet+clinical_lab+flusurv,input_mode=scheduled_final,input_normalization=b0,evaluation_seasons=recent_two",43,wk inc covid hosp,2025-2026,states_dc,51,0.0,8874.0,180291.3839130435,28684.86217391304,142750.1739130435,8856.347826086956,251138.0,2464.0,4001.0,4813.0,5497.0,137533.1523161514,55676.68777243521,42712.03193647525,39144.43260724092,215812.05818140364,4475.0,7011.0,7848.0,8317.0,1.2832125762212447,0.2014950308024534,0.9934821932361724,0.0882353521826191,0.4032477713441501,0.3209626389317038,0.2757895897241462,0.2776650890241154,0.4508677034032004,0.5423709713770566,0.6194500788821278,0.5042821726391706,0.7900608519269777,0.8843813387423937,0.937232364210052,C2,vintage
"replay_from=data/experiments/b-2-t0,replay_inputs=vintage,ed_transform=logit,epochs=300,patience=30,fit_partition=target,supplied_final=1,mask_rate=0.2,covariate_encoder=summary,covariate_set=inpatient+ww_wval_like+kinsa+ilinet+clinical_lab+flusurv,input_mode=scheduled_final,input_normalization=b0,evaluation_seasons=recent_two",43,wk inc covid hosp,2025-2026,US,1,1.0,174.0,139055.41391304348,17201.239999999998,116893.82608695651,4960.347826086956,193154.0,16.0,46.0,63.0,82.0,113970.5574732436,46363.28026908566,28044.430393947056,39562.84681021086,180612.58077822597,101.0,139.0,145.0,167.0,1.220099444943831,0.1509270497693078,1.0256493315337096,0.0435230636408133,0.4068005044194873,0.2460673266473311,0.3471321689331814,0.0919540229885057,0.264367816091954,0.3620689655172414,0.4712643678160919,0.5804597701149425,0.7988505747126436,0.8333333333333334,0.9597701149425288,C2,vintage
"replay_from=data/experiments/b-2-t0,replay_inputs=vintage,ed_transform=logit,epochs=300,patience=30,fit_partition=target,supplied_final=1,mask_rate=0.2,covariate_encoder=summary,covariate_set=inpatient+ww_wval_like+kinsa+ilinet+clinical_lab+flusurv,input_mode=scheduled_final,input_normalization=b0,evaluation_seasons=recent_two",43,wk inc covid prop ed visits,2025-2026,all,52,0.2,5586.0,2.509681704326279,0.6143526837295127,1.3667410491884295,0.5285879714083164,3.674485511385622,1898.0,3214.0,3799.0,4153.0,2.497840451560441,1.156219767170679,0.6581087464717353,0.683511937918007,3.786811202370366,2935.0,4515.0,4987.0,5231.0,0.9488529228269614,0.2837308376404032,0.4680900058473242,0.1970320793392232,0.5391906708735537,0.2297971920394451,0.2310121370869917,0.3733566343946968,0.6286020528235062,0.7241939580347887,0.7800542914729769,0.5674912912283155,0.8383349061549755,0.9090629478172731,0.9467491524238932,C2,vintage
"replay_from=data/experiments/b-2-t0,replay_inputs=vintage,ed_transform=logit,epochs=300,patience=30,fit_partition=target,supplied_final=1,mask_rate=0.2,covariate_encoder=summary,covariate_set=inpatient+ww_wval_like+kinsa+ilinet+clinical_lab+flusurv,input_mode=scheduled_final,input_normalization=b0,evaluation_seasons=recent_two",43,wk inc covid prop ed visits,2025-2026,states_dc,51,0.0,5476.0,2.4912536795583424,0.6042573101375068,1.3620123141289848,0.5249840552918305,3.646656429099637,1838.0,3116.0,3694.0,4045.0,2.4713671885012656,1.136099226909532,0.6552800338668678,0.6799879277248464,3.754044683896241,2849.0,4405.0,4877.0,5121.0,1.0120412824142544,0.2593279855687203,0.5404567441635741,0.2122565526819502,0.4839802140157255,0.2605335703145489,0.2554862156697166,0.3303321566297345,0.56302529330211,0.6666060839071221,0.7296133188866755,0.5139095685808489,0.7979186326937193,0.8863286847715913,0.9334364405298664,C2,vintage
"replay_from=data/experiments/b-2-t0,replay_inputs=vintage,ed_transform=logit,epochs=300,patience=30,fit_partition=target,supplied_final=1,mask_rate=0.2,covariate_encoder=summary,covariate_set=inpatient+ww_wval_like+kinsa+ilinet+clinical_lab+flusurv,input_mode=scheduled_final,input_normalization=b0,evaluation_seasons=recent_two",43,wk inc covid prop ed visits,2025-2026,US,1,1.0,110.0,0.0184280247679369,0.0100953735920058,0.0047287350594448,0.0036039161164858,0.027829082285985,60.0,98.0,105.0,108.0,0.0264732630591753,0.020120540261147,0.0028287126048675,0.0035240101931606,0.0327665184741256,86.0,110.0,110.0,110.0,0.6960994844777894,0.3813422459271349,0.1786230525823246,0.1361341859683147,0.7600324983048661,0.1068516789390302,0.1331158227560923,0.5454545454545454,0.8909090909090909,0.9545454545454546,0.9818181818181818,0.7818181818181819,1.0,1.0,1.0,C2,vintage
"replay_from=data/experiments/b-2-t0,replay_inputs=vintage,ed_transform=logit,epochs=300,patience=30,fit_partition=target,supplied_final=1,mask_rate=0.2,covariate_encoder=summary,covariate_set=inpatient+ww_wval_like+kinsa+ilinet+clinical_lab+flusurv,input_mode=scheduled_final,input_normalization=b0,evaluation_seasons=recent_two",43,wk inc flu hosp,2024-2025,all,52,0.2,5616.0,1095086.7717391304,239575.6847826087,837904.3043478262,17606.782608695652,1641769.0,2270.0,3588.0,4113.0,4435.0,997209.4752173912,214134.4317391304,732659.1304347826,50415.91304347826,1363610.0,2943.0,4023.0,4381.0,4604.0,1.0987314956692686,0.2279900071834774,0.842582672831587,0.0281588156542039,0.221083968559547,0.7136002994462362,0.0653157319942169,0.4116194625998549,0.6661946259985477,0.7543936092955702,0.809694989106754,0.5315541031227307,0.7208424110384896,0.7796659404502543,0.8137618010167033,C2,vintage
"replay_from=data/experiments/b-2-t0,replay_inputs=vintage,ed_transform=logit,epochs=300,patience=30,fit_partition=target,supplied_final=1,mask_rate=0.2,covariate_encoder=summary,covariate_set=inpatient+ww_wval_like+kinsa+ilinet+clinical_lab+flusurv,input_mode=scheduled_final,input_normalization=b0,evaluation_seasons=recent_two",43,wk inc flu hosp,2024-2025,states_dc,51,0.0,5508.0,598675.6069565217,119705.04173913044,463146.2608695653,15824.304347826088,878061.0,2222.0,3503.0,4021.0,4338.0,545536.7908695652,116470.22565217387,390693.86956521735,38372.69565217391,755891.0,2882.0,3943.0,4297.0,4519.0,1.098651702955892,0.2186393285394777,0.8458004532874398,0.0342119211289743,0.2222980022694732,0.7027232314120876,0.0749787663184392,0.4034132171387073,0.6359840232389253,0.7300290486564998,0.7875816993464053,0.5232389251997096,0.7158678286129269,0.7801379811183734,0.8204429920116196,C2,vintage
"replay_from=data/experiments/b-2-t0,replay_inputs=vintage,ed_transform=logit,epochs=300,patience=30,fit_partition=target,supplied_final=1,mask_rate=0.2,covariate_encoder=summary,covariate_set=inpatient+ww_wval_like+kinsa+ilinet+clinical_lab+flusurv,input_mode=scheduled_final,input_normalization=b0,evaluation_seasons=recent_two",43,wk inc flu hosp,2024-2025,US,1,1.0,108.0,496411.1647826087,119870.64304347828,374758.04347826086,1782.4782608695652,763708.0,48.0,85.0,92.0,97.0,451672.6843478261,97664.20608695652,341965.26086956525,12043.217391304348,607719.0,61.0,80.0,84.0,85.0,1.0990506665227735,0.265392721759476,0.8297115510081755,0.0039463937551222,0.2162278337198422,0.7571085715828304,0.0266635946973274,0.4444444444444444,0.7870370370370371,0.8518518518518519,0.8981481481481481,0.5648148148148148,0.7407407407407407,0.7777777777777778,0.7870370370370371,C2,vintage
"replay_from=data/experiments/b-2-t0,replay_inputs=vintage,ed_transform=logit,epochs=300,patience=30,fit_partition=target,supplied_final=1,mask_rate=0.2,covariate_encoder=summary,covariate_set=inpatient+ww_wval_like+kinsa+ilinet+clinical_lab+flusurv,input_mode=scheduled_final,input_normalization=b0,evaluation_seasons=recent_two",43,wk inc flu hosp,2025-2026,all,52,0.2,5824.0,602366.9130434783,176716.0,299741.7391304348,125909.17391304349,928607.0,2238.0,3618.0,4225.0,4654.0,681987.2230434783,182493.3534782609,344539.7391304348,154954.13043478262,1021199.0,3056.0,4510.0,4990.0,5252.0,0.9376814663872686,0.25881897756684,0.4813897990149505,0.1974726898054781,0.2795215027822053,0.5126519392462101,0.2078265579715848,0.4056022408963586,0.6482492997198882,0.7513655462184874,0.8246148459383754,0.5267507002801122,0.7781162464985995,0.8568627450980393,0.8984943977591039,C2,vintage
"replay_from=data/experiments/b-2-t0,replay_inputs=vintage,ed_transform=logit,epochs=300,patience=30,fit_partition=target,supplied_final=1,mask_rate=0.2,covariate_encoder=summary,covariate_set=inpatient+ww_wval_like+kinsa+ilinet+clinical_lab+flusurv,input_mode=scheduled_final,input_normalization=b0,evaluation_seasons=recent_two",43,wk inc flu hosp,2025-2026,states_dc,51,0.0,5712.0,345014.89,93407.89,171989.4782608696,79617.52173913043,522111.0,2182.0,3532.0,4128.0,4549.0,369731.63260869565,98349.24130434784,189960.8260869565,81421.56521739133,551635.0,2996.0,4421.0,4894.0,5153.0,0.9660590663156466,0.2568250682338862,0.4994554443887537,0.2097785536930066,0.2820338995276027,0.5170549996731874,0.2009111007992099,0.3820028011204482,0.6183473389355743,0.7226890756302521,0.7963935574229695,0.5245098039215685,0.7739845938375353,0.8567927170868349,0.9021358543417368,C2,vintage
"replay_from=data/experiments/b-2-t0,replay_inputs=vintage,ed_transform=logit,epochs=300,patience=30,fit_partition=target,supplied_final=1,mask_rate=0.2,covariate_encoder=summary,covariate_set=inpatient+ww_wval_like+kinsa+ilinet+clinical_lab+flusurv,input_mode=scheduled_final,input_normalization=b0,evaluation_seasons=recent_two",43,wk inc flu hosp,2025-2026,US,1,1.0,112.0,257352.02304347823,83308.11,127752.26086956522,46291.65217391304,406496.0,56.0,86.0,97.0,105.0,312255.5904347826,84144.11217391305,154578.91304347827,73532.5652173913,469564.0,60.0,89.0,96.0,99.0,0.824171066673756,0.2667946148986551,0.409127217519737,0.1482492342553638,0.2694719158006149,0.4950396975383006,0.2354883866610844,0.5,0.7678571428571429,0.8660714285714286,0.9375,0.5357142857142857,0.7946428571428571,0.8571428571428571,0.8839285714285714,C2,vintage
"replay_from=data/experiments/b-2-t0,replay_inputs=vintage,ed_transform=logit,epochs=300,patience=30,fit_partition=target,supplied_final=1,mask_rate=0.2,covariate_encoder=summary,covariate_set=inpatient+ww_wval_like+kinsa+ilinet+clinical_lab+flusurv,input_mode=scheduled_final,input_normalization=b0,evaluation_seasons=recent_two",43,wk inc flu prop ed visits,2025-2026,all,52,0.2,5768.0,36.269297813036346,8.947293736067838,16.07505468816711,11.246949388801372,53.864497052912014,1872.0,3366.0,4023.0,4437.0,37.45877191682501,10.32540181251476,18.66849846028443,8.464871644025802,55.69990942461097,3125.0,4505.0,4944.0,5205.0,0.962799387280643,0.252585910748781,0.4071847476866002,0.3030287288452611,0.2959240659437712,0.4861518031545084,0.2179241309017199,0.3495448179271709,0.6114495798319329,0.7199229691876752,0.7862745098039216,0.563200280112045,0.7810574229691877,0.8550420168067228,0.8988795518207284,C2,vintage
"replay_from=data/experiments/b-2-t0,replay_inputs=vintage,ed_transform=logit,epochs=300,patience=30,fit_partition=target,supplied_final=1,mask_rate=0.2,covariate_encoder=summary,covariate_set=inpatient+ww_wval_like+kinsa+ilinet+clinical_lab+flusurv,input_mode=scheduled_final,input_normalization=b0,evaluation_seasons=recent_two",43,wk inc flu prop ed visits,2025-2026,states_dc,51,0.0,5656.0,35.7732647179751,8.802381557264194,15.892882233273214,11.078000927437673,53.11580334460584,1819.0,3281.0,3928.0,4337.0,36.85597054744329,10.13762192450928,18.3753233456567,8.343025277277297,54.80314218169003,3050.0,4416.0,4848.0,5105.0,0.9977792738218428,0.2556329153075899,0.4334284955516054,0.3087178629626466,0.2920270708891611,0.4861011471818258,0.2218717819290127,0.3186274509803921,0.5745798319327731,0.6878501400560224,0.7596288515406164,0.5365896358543416,0.7776610644257703,0.8545168067226891,0.9003851540616249,C2,vintage
"replay_from=data/experiments/b-2-t0,replay_inputs=vintage,ed_transform=logit,epochs=300,patience=30,fit_partition=target,supplied_final=1,mask_rate=0.2,covariate_encoder=summary,covariate_set=inpatient+ww_wval_like+kinsa+ilinet+clinical_lab+flusurv,input_mode=scheduled_final,input_normalization=b0,evaluation_seasons=recent_two",43,wk inc flu prop ed visits,2025-2026,US,1,1.0,112.0,0.49603309506124,0.1449121788036438,0.1821724548938967,0.1689484613636993,0.7486937083061784,53.0,85.0,95.0,100.0,0.6028013693817165,0.1877798880054818,0.29317511462773,0.1218463667485042,0.8967672429209468,75.0,89.0,96.0,100.0,0.8228798411158439,0.2403978925135453,0.3022097562265792,0.280272192375719,0.3115120461622118,0.4863544270452387,0.2021335267925486,0.4732142857142857,0.7589285714285714,0.8482142857142857,0.8928571428571429,0.6696428571428571,0.7946428571428571,0.8571428571428571,0.8928571428571429,C2,vintage
"replay_from=data/experiments/b-2-t0,replay_inputs=vintage,ed_transform=logit,epochs=300,patience=30,fit_partition=target,supplied_final=1,mask_rate=0.2,covariate_encoder=summary,covariate_set=inpatient+ww_wval_like+kinsa+ilinet+clinical_lab+flusurv,input_mode=scheduled_final,input_normalization=b0,evaluation_seasons=recent_two",43,wk inc rsv hosp,2025-2026,all,52,0.2,6032.0,248676.43869565215,45931.87347826087,199446.60869565216,3297.9565217391305,377741.0,1609.0,2835.0,3564.0,4084.0,174064.93092191094,53052.087440608055,105063.50795633462,15949.335524968266,270304.41698893777,2589.0,4305.0,4948.0,5364.0,1.4266876831878843,0.2458771546218867,1.1418855457823822,0.0389249827836158,0.3067406302504329,0.5745971360277672,0.1186622337218002,0.2652467883705207,0.4739350912778906,0.6042934415145371,0.6984448951994593,0.4406693711967547,0.7187964841108859,0.8279918864097365,0.8953684922244761,C2,vintage
"replay_from=data/experiments/b-2-t0,replay_inputs=vintage,ed_transform=logit,epochs=300,patience=30,fit_partition=target,supplied_final=1,mask_rate=0.2,covariate_encoder=summary,covariate_set=inpatient+ww_wval_like+kinsa+ilinet+clinical_lab+flusurv,input_mode=scheduled_final,input_normalization=b0,evaluation_seasons=recent_two",43,wk inc rsv hosp,2025-2026,states_dc,51,0.0,5916.0,134630.00695652174,23667.876521739134,107993.43478260867,2968.695652173913,199653.0,1579.0,2778.0,3487.0,3992.0,94740.19007535864,28170.04025877443,55907.86834298157,10662.281473602628,146919.94591427944,2532.0,4219.0,4848.0,5257.0,1.423930658733889,0.2371791892815661,1.1391329401384456,0.0476185293138769,0.3050074818838542,0.5633274152930453,0.1316651028231006,0.2669033130493577,0.4695740365111563,0.5894185260311021,0.6747802569303585,0.4279918864097364,0.7131507775524004,0.8194726166328601,0.8886071670047331,C2,vintage
"replay_from=data/experiments/b-2-t0,replay_inputs=vintage,ed_transform=logit,epochs=300,patience=30,fit_partition=target,supplied_final=1,mask_rate=0.2,covariate_encoder=summary,covariate_set=inpatient+ww_wval_like+kinsa+ilinet+clinical_lab+flusurv,input_mode=scheduled_final,input_normalization=b0,evaluation_seasons=recent_two",43,wk inc rsv hosp,2025-2026,US,1,1.0,116.0,114046.43173913044,22263.99695652174,91453.17391304349,329.2608695652174,178088.0,30.0,57.0,77.0,92.0,79324.7408465523,24882.04718183363,49155.63961335304,5287.05405136564,123384.47107465832,57.0,86.0,100.0,107.0,1.4377157810038688,0.2806690159831692,1.152895968358128,0.0041507966625714,0.3136732237167476,0.6196760189666538,0.0666507573165986,0.2586206896551724,0.4913793103448275,0.6637931034482759,0.7931034482758621,0.4913793103448275,0.7413793103448276,0.8620689655172413,0.9224137931034484,C2,vintage
"replay_from=data/experiments/b-2-t0,replay_inputs=vintage,ed_transform=logit,epochs=300,patience=30,fit_partition=target,supplied_final=1,mask_rate=0.2,covariate_encoder=summary,covariate_set=inpatient+ww_wval_like+kinsa+ilinet+clinical_lab+flusurv,input_mode=scheduled_final,input_normalization=b0,evaluation_seasons=recent_two",43,wk inc rsv prop ed visits,2025-2026,all,51,0.2,5586.0,4.778660466788093,1.194532268716168,3.352140352093401,0.2319878459785037,7.108630139519056,1980.0,3451.0,4115.0,4494.0,4.530466181091006,1.2624880197885668,3.0078391482014357,0.2601390131009845,6.751646223879154,2706.0,4144.0,4680.0,5001.0,1.184598069333664,0.2969461236163074,0.8388686157983982,0.0487833299189517,0.3535959682986677,0.5860545127207138,0.060349518980613,0.3485075460142618,0.6135303087800433,0.7283573628532487,0.7999737690959031,0.5147666229916434,0.7725612543865138,0.86154240300846,0.908627902093687,C2,vintage
"replay_from=data/experiments/b-2-t0,replay_inputs=vintage,ed_transform=logit,epochs=300,patience=30,fit_partition=target,supplied_final=1,mask_rate=0.2,covariate_encoder=summary,covariate_set=inpatient+ww_wval_like+kinsa+ilinet+clinical_lab+flusurv,input_mode=scheduled_final,input_normalization=b0,evaluation_seasons=recent_two",43,wk inc rsv prop ed visits,2025-2026,states_dc,50,0.0,5475.0,4.711543121606457,1.1789006239487108,3.3027960286602456,0.2298464689974821,7.002632587892647,1943.0,3383.0,4036.0,4405.0,4.481922043258964,1.2402717937371133,2.9831665637207228,0.2584836858011096,6.672332609887618,2633.0,4042.0,4572.0,4893.0,1.135096452570023,0.2906804277554267,0.7944648519768172,0.049951172837774,0.3275824533044074,0.6055055048001255,0.0669120418954619,0.3523010991844941,0.6137597328219011,0.732518775638633,0.7995167609194284,0.47904386432514,0.7359718382534125,0.8336847605173314,0.8925416343738655,C2,vintage
"replay_from=data/experiments/b-2-t0,replay_inputs=vintage,ed_transform=logit,epochs=300,patience=30,fit_partition=target,supplied_final=1,mask_rate=0.2,covariate_encoder=summary,covariate_set=inpatient+ww_wval_like+kinsa+ilinet+clinical_lab+flusurv,input_mode=scheduled_final,input_normalization=b0,evaluation_seasons=recent_two",43,wk inc rsv prop ed visits,2025-2026,US,1,1.0,111.0,0.0671173451816354,0.0156316447674573,0.0493443234331559,0.0021413769810216,0.1059975516264092,37.0,68.0,79.0,89.0,0.0485441378320411,0.0222162260514535,0.0246725844807123,0.0016553272998748,0.0793136139915364,73.0,102.0,108.0,108.0,1.3826045363882276,0.32200890705983,1.0164836710847227,0.0441119582436626,0.4576500282757085,0.5082505444030668,0.0340994273212172,0.3333333333333333,0.6126126126126126,0.7117117117117117,0.8018018018018018,0.6576576576576577,0.918918918918919,0.972972972972973,0.972972972972973,C2,vintage
"replay_from=data/experiments/b-2-t0,replay_inputs=vintage,ed_transform=logit,epochs=300,patience=30,fit_partition=target,supplied_final=1,mask_rate=0.2,covariate_encoder=summary,covariate_set=inpatient+ww_wval_like+kinsa+ilinet+clinical_lab+flusurv,input_mode=scheduled_final,input_normalization=b0,evaluation_seasons=recent_two",44,wk inc covid hosp,2024-2025,all,52,0.2,6968.0,672375.8500000001,37485.37173913044,570006.5652173914,64883.91304347826,797547.0,929.0,1658.0,2172.0,2546.0,294095.7264372725,135467.5071866996,122015.56154699084,36612.65770358205,459783.4153206482,3786.0,5746.0,6312.0,6600.0,1.984408441263188,0.1336253597610563,1.7107127021221058,0.1400703793800256,0.4380785185746119,0.407628405592174,0.1542930758332142,0.1115013169446883,0.1982148083113843,0.2638864501024291,0.3131694468832309,0.5601112086625696,0.8459467369037169,0.9204565408252854,0.9555458004097164,C2,vintage
"replay_from=data/experiments/b-2-t0,replay_inputs=vintage,ed_transform=logit,epochs=300,patience=30,fit_partition=target,supplied_final=1,mask_rate=0.2,covariate_encoder=summary,covariate_set=inpatient+ww_wval_like+kinsa+ilinet+clinical_lab+flusurv,input_mode=scheduled_final,input_normalization=b0,evaluation_seasons=recent_two",44,wk inc covid hosp,2024-2025,states_dc,51,0.0,6834.0,356288.2047826087,23536.55260869565,303141.2173913044,29610.434782608696,431462.0,927.0,1655.0,2165.0,2535.0,177711.5257127561,72412.19438985428,79788.8120383263,25510.51928457551,270242.3766800353,3701.0,5620.0,6180.0,6467.0,1.8015359930700148,0.1370688287884292,1.5651486631493028,0.0993185011322826,0.4121516864040481,0.4188300047704274,0.1690183088255245,0.1356453028972783,0.2421714954638572,0.3167983611354991,0.3709394205443371,0.5415569212759731,0.8223587942639744,0.9043020193151888,0.9462979221539364,C2,vintage
"replay_from=data/experiments/b-2-t0,replay_inputs=vintage,ed_transform=logit,epochs=300,patience=30,fit_partition=target,supplied_final=1,mask_rate=0.2,covariate_encoder=summary,covariate_set=inpatient+ww_wval_like+kinsa+ilinet+clinical_lab+flusurv,input_mode=scheduled_final,input_normalization=b0,evaluation_seasons=recent_two",44,wk inc covid hosp,2024-2025,US,1,1.0,134.0,316087.6452173913,13948.819130434782,266865.347826087,35273.47826086957,366085.0,2.0,3.0,7.0,11.0,116384.20072451644,63055.31279684533,42226.74950866455,11102.138419006547,189541.03864061285,85.0,126.0,132.0,133.0,2.715898234035877,0.1198514836515644,2.292968858013316,0.3030778923709975,0.5417858472568663,0.3628220088791609,0.0953921438639727,0.0149253731343283,0.0223880597014925,0.0522388059701492,0.0820895522388059,0.6343283582089553,0.9402985074626866,0.9850746268656716,0.9925373134328358,C2,vintage
"replay_from=data/experiments/b-2-t0,replay_inputs=vintage,ed_transform=logit,epochs=300,patience=30,fit_partition=target,supplied_final=1,mask_rate=0.2,covariate_encoder=summary,covariate_set=inpatient+ww_wval_like+kinsa+ilinet+clinical_lab+flusurv,input_mode=scheduled_final,input_normalization=b0,evaluation_seasons=recent_two",44,wk inc covid hosp,2025-2026,all,52,0.2,9048.0,253055.1308695652,48804.0004347826,171459.1304347826,32792.0,368288.0,2834.0,4856.0,5816.0,6470.0,251503.70978939495,102039.96804152089,70756.4623304223,78707.27941745178,396424.6389596296,4576.0,7150.0,7993.0,8484.0,1.077053837831229,0.1985087954920004,0.7302125344345425,0.1483325079046863,0.4039583179592176,0.3059835764748293,0.2900581055659533,0.3020960108181204,0.54158215010142,0.6514311471715124,0.7273382916384946,0.5195176921343251,0.7918187964841109,0.8741717376605818,0.9417399143565476,C2,vintage
"replay_from=data/experiments/b-2-t0,replay_inputs=vintage,ed_transform=logit,epochs=300,patience=30,fit_partition=target,supplied_final=1,mask_rate=0.2,covariate_encoder=summary,covariate_set=inpatient+ww_wval_like+kinsa+ilinet+clinical_lab+flusurv,input_mode=scheduled_final,input_normalization=b0,evaluation_seasons=recent_two",44,wk inc covid hosp,2025-2026,states_dc,51,0.0,8874.0,148801.50869565216,29605.63913043478,101730.47826086955,17465.391304347824,214789.0,2790.0,4758.0,5696.0,6334.0,137533.1523161514,55676.68777243521,42712.03193647525,39144.43260724092,215812.05818140364,4475.0,7011.0,7848.0,8317.0,1.11763187079547,0.206023448524258,0.7598124542487229,0.151795968022489,0.4032477713441501,0.3209626389317038,0.2757895897241462,0.3144016227180528,0.5361730899256255,0.6418751408609422,0.7137705656975435,0.5042821726391706,0.7900608519269777,0.8843813387423937,0.937232364210052,C2,vintage
"replay_from=data/experiments/b-2-t0,replay_inputs=vintage,ed_transform=logit,epochs=300,patience=30,fit_partition=target,supplied_final=1,mask_rate=0.2,covariate_encoder=summary,covariate_set=inpatient+ww_wval_like+kinsa+ilinet+clinical_lab+flusurv,input_mode=scheduled_final,input_normalization=b0,evaluation_seasons=recent_two",44,wk inc covid hosp,2025-2026,US,1,1.0,174.0,104253.62217391304,19198.361304347825,69728.65217391305,15326.608695652174,153499.0,44.0,98.0,120.0,136.0,113970.5574732436,46363.28026908566,28044.430393947056,39562.84681021086,180612.58077822597,101.0,139.0,145.0,167.0,0.9147417059742666,0.1684501833629702,0.6118128551778206,0.1344786674334759,0.4068005044194873,0.2460673266473311,0.3471321689331814,0.2528735632183908,0.5632183908045977,0.6896551724137931,0.7816091954022989,0.5804597701149425,0.7988505747126436,0.8333333333333334,0.9597701149425288,C2,vintage
"replay_from=data/experiments/b-2-t0,replay_inputs=vintage,ed_transform=logit,epochs=300,patience=30,fit_partition=target,supplied_final=1,mask_rate=0.2,covariate_encoder=summary,covariate_set=inpatient+ww_wval_like+kinsa+ilinet+clinical_lab+flusurv,input_mode=scheduled_final,input_normalization=b0,evaluation_seasons=recent_two",44,wk inc covid prop ed visits,2025-2026,all,52,0.2,5586.0,2.5991962146687517,0.67257514864243,1.3139387296945717,0.6126823363317295,3.8545412998405473,1990.0,3341.0,3908.0,4264.0,2.497840451560441,1.156219767170679,0.6581087464717353,0.683511937918007,3.786811202370366,2935.0,4515.0,4987.0,5231.0,1.0122412351801775,0.3139402062940012,0.4333637995271986,0.2649372293589649,0.5391906708735537,0.2297971920394451,0.2310121370869917,0.3844064637144222,0.6191744433958968,0.7246157072454652,0.782901448160964,0.5674912912283155,0.8383349061549755,0.9090629478172731,0.9467491524238932,C2,vintage
"replay_from=data/experiments/b-2-t0,replay_inputs=vintage,ed_transform=logit,epochs=300,patience=30,fit_partition=target,supplied_final=1,mask_rate=0.2,covariate_encoder=summary,covariate_set=inpatient+ww_wval_like+kinsa+ilinet+clinical_lab+flusurv,input_mode=scheduled_final,input_normalization=b0,evaluation_seasons=recent_two",44,wk inc covid prop ed visits,2025-2026,states_dc,51,0.0,5476.0,2.576202836835808,0.6615447122496649,1.3107062882836675,0.6039518363024553,3.818901106339805,1932.0,3259.0,3813.0,4165.0,2.4713671885012656,1.136099226909532,0.6552800338668678,0.6799879277248464,3.754044683896241,2849.0,4405.0,4877.0,5121.0,1.0481638059719112,0.2882594399995947,0.5111792206549639,0.2487251453173432,0.4839802140157255,0.2605335703145489,0.2554862156697166,0.348689897824846,0.5876044178812345,0.6898605431477405,0.7536268102012049,0.5139095685808489,0.7979186326937193,0.8863286847715913,0.9334364405298664,C2,vintage
"replay_from=data/experiments/b-2-t0,replay_inputs=vintage,ed_transform=logit,epochs=300,patience=30,fit_partition=target,supplied_final=1,mask_rate=0.2,covariate_encoder=summary,covariate_set=inpatient+ww_wval_like+kinsa+ilinet+clinical_lab+flusurv,input_mode=scheduled_final,input_normalization=b0,evaluation_seasons=recent_two",44,wk inc covid prop ed visits,2025-2026,US,1,1.0,110.0,0.0229933778329438,0.011030436392765,0.0032324414109039,0.0087305000292742,0.0356401935007421,58.0,82.0,95.0,99.0,0.0264732630591753,0.020120540261147,0.0028287126048675,0.0035240101931606,0.0327665184741256,86.0,110.0,110.0,110.0,0.8685509520132426,0.4166632714716273,0.1221021150161375,0.3297855655254514,0.7600324983048661,0.1068516789390302,0.1331158227560923,0.5272727272727272,0.7454545454545455,0.8636363636363636,0.9,0.7818181818181819,1.0,1.0,1.0,C2,vintage
"replay_from=data/experiments/b-2-t0,replay_inputs=vintage,ed_transform=logit,epochs=300,patience=30,fit_partition=target,supplied_final=1,mask_rate=0.2,covariate_encoder=summary,covariate_set=inpatient+ww_wval_like+kinsa+ilinet+clinical_lab+flusurv,input_mode=scheduled_final,input_normalization=b0,evaluation_seasons=recent_two",44,wk inc flu hosp,2024-2025,all,52,0.2,5616.0,863147.2056521738,230539.42304347828,607277.8260869565,25329.956521739132,1326559.0,2335.0,3783.0,4332.0,4605.0,997209.4752173912,214134.4317391304,732659.1304347826,50415.91304347826,1363610.0,2943.0,4023.0,4381.0,4604.0,0.8952602053047715,0.225196210247432,0.6308586803415076,0.0392053147158319,0.221083968559547,0.7136002994462362,0.0653157319942169,0.4295933188090052,0.7064633260711694,0.7964415395787948,0.8395061728395062,0.5315541031227307,0.7208424110384896,0.7796659404502543,0.8137618010167033,C2,vintage
"replay_from=data/experiments/b-2-t0,replay_inputs=vintage,ed_transform=logit,epochs=300,patience=30,fit_partition=target,supplied_final=1,mask_rate=0.2,covariate_encoder=summary,covariate_set=inpatient+ww_wval_like+kinsa+ilinet+clinical_lab+flusurv,input_mode=scheduled_final,input_normalization=b0,evaluation_seasons=recent_two",44,wk inc flu hosp,2024-2025,states_dc,51,0.0,5508.0,490757.1152173913,118424.72391304348,351274.7391304348,21057.652173913048,739023.0,2282.0,3691.0,4234.0,4505.0,545536.7908695652,116470.22565217387,390693.86956521735,38372.69565217391,755891.0,2882.0,3943.0,4297.0,4519.0,0.9129580265329786,0.2194399830593544,0.6468761126770707,0.0466419307965535,0.2222980022694732,0.7027232314120876,0.0749787663184392,0.4143064633260712,0.6701161946259987,0.7687000726216413,0.8179012345679015,0.5232389251997096,0.7158678286129269,0.7801379811183734,0.8204429920116196,C2,vintage
"replay_from=data/experiments/b-2-t0,replay_inputs=vintage,ed_transform=logit,epochs=300,patience=30,fit_partition=target,supplied_final=1,mask_rate=0.2,covariate_encoder=summary,covariate_set=inpatient+ww_wval_like+kinsa+ilinet+clinical_lab+flusurv,input_mode=scheduled_final,input_normalization=b0,evaluation_seasons=recent_two",44,wk inc flu hosp,2024-2025,US,1,1.0,108.0,372390.09043478256,112114.6991304348,256003.08695652173,4272.304347826087,587536.0,53.0,92.0,98.0,100.0,451672.6843478261,97664.20608695652,341965.26086956525,12043.217391304348,607719.0,61.0,80.0,84.0,85.0,0.8244689203919419,0.2482211189997423,0.5667889509992544,0.0094588503929452,0.2162278337198422,0.7571085715828304,0.0266635946973274,0.4907407407407407,0.8518518518518519,0.9074074074074074,0.925925925925926,0.5648148148148148,0.7407407407407407,0.7777777777777778,0.7870370370370371,C2,vintage
"replay_from=data/experiments/b-2-t0,replay_inputs=vintage,ed_transform=logit,epochs=300,patience=30,fit_partition=target,supplied_final=1,mask_rate=0.2,covariate_encoder=summary,covariate_set=inpatient+ww_wval_like+kinsa+ilinet+clinical_lab+flusurv,input_mode=scheduled_final,input_normalization=b0,evaluation_seasons=recent_two",44,wk inc flu hosp,2025-2026,all,52,0.2,5824.0,641732.3426086956,111052.47304347824,462586.7826086956,68093.08695652174,880973.0,1792.0,3018.0,3617.0,4011.0,681987.2230434783,182493.3534782609,344539.7391304348,154954.13043478262,1021199.0,3056.0,4510.0,4990.0,5252.0,0.9828668414074406,0.179684408952672,0.699084006816448,0.1040984256383203,0.2795215027822053,0.5126519392462101,0.2078265579715848,0.3003501400560225,0.5263655462184875,0.62671568627451,0.7032913165266107,0.5267507002801122,0.7781162464985995,0.8568627450980393,0.8984943977591039,C2,vintage
"replay_from=data/experiments/b-2-t0,replay_inputs=vintage,ed_transform=logit,epochs=300,patience=30,fit_partition=target,supplied_final=1,mask_rate=0.2,covariate_encoder=summary,covariate_set=inpatient+ww_wval_like+kinsa+ilinet+clinical_lab+flusurv,input_mode=scheduled_final,input_normalization=b0,evaluation_seasons=recent_two",44,wk inc flu hosp,2025-2026,states_dc,51,0.0,5712.0,360063.66739130433,65352.53695652173,246103.86956521732,48607.26086956522,499730.0,1762.0,2955.0,3544.0,3925.0,369731.63260869565,98349.24130434784,189960.8260869565,81421.56521739133,551635.0,2996.0,4421.0,4894.0,5153.0,1.0030722367935718,0.1880169460162949,0.700533121198984,0.1145221695782929,0.2820338995276027,0.5170549996731874,0.2009111007992099,0.3084733893557423,0.5173319327731093,0.6204481792717087,0.6871498599439776,0.5245098039215685,0.7739845938375353,0.8567927170868349,0.9021358543417368,C2,vintage
"replay_from=data/experiments/b-2-t0,replay_inputs=vintage,ed_transform=logit,epochs=300,patience=30,fit_partition=target,supplied_final=1,mask_rate=0.2,covariate_encoder=summary,covariate_set=inpatient+ww_wval_like+kinsa+ilinet+clinical_lab+flusurv,input_mode=scheduled_final,input_normalization=b0,evaluation_seasons=recent_two",44,wk inc flu hosp,2025-2026,US,1,1.0,112.0,281668.67521739134,45699.93608695652,216482.91304347827,19485.82608695652,381243.0,30.0,63.0,73.0,86.0,312255.5904347826,84144.11217391305,154578.91304347827,73532.5652173913,469564.0,60.0,89.0,96.0,99.0,0.9020452598629148,0.1463542606981807,0.6932875492863039,0.0624034498784299,0.2694719158006149,0.4950396975383006,0.2354883866610844,0.2678571428571428,0.5625,0.6517857142857143,0.7678571428571429,0.5357142857142857,0.7946428571428571,0.8571428571428571,0.8839285714285714,C2,vintage
"replay_from=data/experiments/b-2-t0,replay_inputs=vintage,ed_transform=logit,epochs=300,patience=30,fit_partition=target,supplied_final=1,mask_rate=0.2,covariate_encoder=summary,covariate_set=inpatient+ww_wval_like+kinsa+ilinet+clinical_lab+flusurv,input_mode=scheduled_final,input_normalization=b0,evaluation_seasons=recent_two",44,wk inc flu prop ed visits,2025-2026,all,52,0.2,5768.0,38.6955768072111,11.65517143679982,11.586807029247046,15.453598341164213,58.29392430715425,2366.0,3890.0,4475.0,4869.0,37.45877191682501,10.32540181251476,18.66849846028443,8.464871644025802,55.69990942461097,3125.0,4505.0,4944.0,5205.0,1.0243614312760696,0.3349444341455025,0.2864791917489517,0.4029378053816145,0.2959240659437712,0.4861518031545084,0.2179241309017199,0.454936974789916,0.7051470588235296,0.7954481792717087,0.8558473389355744,0.563200280112045,0.7810574229691877,0.8550420168067228,0.8988795518207284,C2,vintage
"replay_from=data/experiments/b-2-t0,replay_inputs=vintage,ed_transform=logit,epochs=300,patience=30,fit_partition=target,supplied_final=1,mask_rate=0.2,covariate_encoder=summary,covariate_set=inpatient+ww_wval_like+kinsa+ilinet+clinical_lab+flusurv,input_mode=scheduled_final,input_normalization=b0,evaluation_seasons=recent_two",44,wk inc flu prop ed visits,2025-2026,states_dc,51,0.0,5656.0,38.186295585320885,11.445649698225113,11.49402236025704,15.246623526838713,57.54009633710407,2291.0,3793.0,4373.0,4764.0,36.85597054744329,10.13762192450928,18.3753233456567,8.343025277277297,54.80314218169003,3050.0,4416.0,4848.0,5105.0,1.06923742904288,0.33178552667121,0.3196183749667948,0.4178335274048747,0.2920270708891611,0.4861011471818258,0.2218717819290127,0.4012605042016808,0.6649159663865546,0.7666316526610646,0.8354341736694679,0.5365896358543416,0.7776610644257703,0.8545168067226891,0.9003851540616249,C2,vintage
"replay_from=data/experiments/b-2-t0,replay_inputs=vintage,ed_transform=logit,epochs=300,patience=30,fit_partition=target,supplied_final=1,mask_rate=0.2,covariate_encoder=summary,covariate_set=inpatient+ww_wval_like+kinsa+ilinet+clinical_lab+flusurv,input_mode=scheduled_final,input_normalization=b0,evaluation_seasons=recent_two",44,wk inc flu prop ed visits,2025-2026,US,1,1.0,112.0,0.5092812218902119,0.2095217385747077,0.0927846689900057,0.206974814325498,0.753827970050182,75.0,97.0,102.0,105.0,0.6028013693817165,0.1877798880054818,0.29317511462773,0.1218463667485042,0.8967672429209468,75.0,89.0,96.0,100.0,0.8448574402088258,0.3475800640426725,0.1539224588775792,0.3433549172885733,0.3115120461622118,0.4863544270452387,0.2021335267925486,0.6696428571428571,0.8660714285714286,0.9107142857142856,0.9375,0.6696428571428571,0.7946428571428571,0.8571428571428571,0.8928571428571429,C2,vintage
"replay_from=data/experiments/b-2-t0,replay_inputs=vintage,ed_transform=logit,epochs=300,patience=30,fit_partition=target,supplied_final=1,mask_rate=0.2,covariate_encoder=summary,covariate_set=inpatient+ww_wval_like+kinsa+ilinet+clinical_lab+flusurv,input_mode=scheduled_final,input_normalization=b0,evaluation_seasons=recent_two",44,wk inc rsv hosp,2025-2026,all,52,0.2,6032.0,215161.67391304343,50656.54347826087,161630.26086956525,2874.869565217391,347522.0,2085.0,3688.0,4377.0,4771.0,174064.93092191094,53052.087440608055,105063.50795633462,15949.335524968266,270304.41698893777,2589.0,4305.0,4948.0,5364.0,1.2446161160646765,0.2973896703814486,0.915840921810976,0.031385523872252,0.3067406302504329,0.5745971360277672,0.1186622337218002,0.3359702501690332,0.603583502366464,0.7269438810006763,0.7992900608519271,0.4406693711967547,0.7187964841108859,0.8279918864097365,0.8953684922244761,C2,vintage
"replay_from=data/experiments/b-2-t0,replay_inputs=vintage,ed_transform=logit,epochs=300,patience=30,fit_partition=target,supplied_final=1,mask_rate=0.2,covariate_encoder=summary,covariate_set=inpatient+ww_wval_like+kinsa+ilinet+clinical_lab+flusurv,input_mode=scheduled_final,input_normalization=b0,evaluation_seasons=recent_two",44,wk inc rsv hosp,2025-2026,states_dc,51,0.0,5916.0,116818.46913043478,29984.51260869565,84529.91304347827,2304.043478260869,188327.0,2051.0,3622.0,4292.0,4674.0,94740.19007535864,28170.04025877443,55907.86834298157,10662.281473602628,146919.94591427944,2532.0,4219.0,4848.0,5257.0,1.2458315189564746,0.3065870772457523,0.901811553422068,0.0374328882886544,0.3050074818838542,0.5633274152930453,0.1316651028231006,0.3466869506423259,0.6122379986477351,0.7254901960784315,0.7900608519269778,0.4279918864097364,0.7131507775524004,0.8194726166328601,0.8886071670047331,C2,vintage
"replay_from=data/experiments/b-2-t0,replay_inputs=vintage,ed_transform=logit,epochs=300,patience=30,fit_partition=target,supplied_final=1,mask_rate=0.2,covariate_encoder=summary,covariate_set=inpatient+ww_wval_like+kinsa+ilinet+clinical_lab+flusurv,input_mode=scheduled_final,input_normalization=b0,evaluation_seasons=recent_two",44,wk inc rsv hosp,2025-2026,US,1,1.0,116.0,98343.2047826087,20672.03086956522,77100.34782608696,570.8260869565217,159195.0,34.0,66.0,85.0,97.0,79324.7408465523,24882.04718183363,49155.63961335304,5287.05405136564,123384.47107465832,57.0,86.0,100.0,107.0,1.239754504497483,0.2606000429242334,0.9719583953666074,0.0071960662066421,0.3136732237167476,0.6196760189666538,0.0666507573165986,0.293103448275862,0.5689655172413793,0.7327586206896551,0.8362068965517241,0.4913793103448275,0.7413793103448276,0.8620689655172413,0.9224137931034484,C2,vintage
"replay_from=data/experiments/b-2-t0,replay_inputs=vintage,ed_transform=logit,epochs=300,patience=30,fit_partition=target,supplied_final=1,mask_rate=0.2,covariate_encoder=summary,covariate_set=inpatient+ww_wval_like+kinsa+ilinet+clinical_lab+flusurv,input_mode=scheduled_final,input_normalization=b0,evaluation_seasons=recent_two",44,wk inc rsv prop ed visits,2025-2026,all,51,0.2,5586.0,5.940856809650802,1.1512728527708818,4.63495860841372,0.1546253484661837,8.57561018320756,1606.0,2869.0,3572.0,4067.0,4.530466181091006,1.2624880197885668,3.0078391482014357,0.2601390131009845,6.751646223879154,2706.0,4144.0,4680.0,5001.0,1.538153743503418,0.2930069865979285,1.2006057669365469,0.0445409899689371,0.3535959682986677,0.5860545127207138,0.060349518980613,0.2677331674231153,0.4975846222153111,0.6227801595053293,0.709853947494136,0.5147666229916434,0.7725612543865138,0.86154240300846,0.908627902093687,C2,vintage
"replay_from=data/experiments/b-2-t0,replay_inputs=vintage,ed_transform=logit,epochs=300,patience=30,fit_partition=target,supplied_final=1,mask_rate=0.2,covariate_encoder=summary,covariate_set=inpatient+ww_wval_like+kinsa+ilinet+clinical_lab+flusurv,input_mode=scheduled_final,input_normalization=b0,evaluation_seasons=recent_two",44,wk inc rsv prop ed visits,2025-2026,states_dc,50,0.0,5475.0,5.845097817252271,1.1348353425551634,4.560073399045661,0.1501890756514314,8.435523906892245,1585.0,2820.0,3509.0,3995.0,4.481922043258964,1.2402717937371133,2.9831665637207228,0.2584836858011096,6.672332609887618,2633.0,4042.0,4572.0,4893.0,1.429537924946691,0.281606337768729,1.1151019436253102,0.0328296435526471,0.3275824533044074,0.6055055048001255,0.0669120418954619,0.2873691619815968,0.5116204174087785,0.6365833074897698,0.7251552722055078,0.47904386432514,0.7359718382534125,0.8336847605173314,0.8925416343738655,C2,vintage
"replay_from=data/experiments/b-2-t0,replay_inputs=vintage,ed_transform=logit,epochs=300,patience=30,fit_partition=target,supplied_final=1,mask_rate=0.2,covariate_encoder=summary,covariate_set=inpatient+ww_wval_like+kinsa+ilinet+clinical_lab+flusurv,input_mode=scheduled_final,input_normalization=b0,evaluation_seasons=recent_two",44,wk inc rsv prop ed visits,2025-2026,US,1,1.0,111.0,0.0957589923985308,0.0164375102157183,0.0748852093680598,0.0044362728147523,0.1400862763153155,21.0,49.0,63.0,72.0,0.0485441378320411,0.0222162260514535,0.0246725844807123,0.0016553272998748,0.0793136139915364,73.0,102.0,108.0,108.0,1.9726170177303264,0.3386095819147266,1.5426210601814938,0.0913863756340972,0.4576500282757085,0.5082505444030668,0.0340994273212172,0.1891891891891892,0.4414414414414414,0.5675675675675675,0.6486486486486487,0.6576576576576577,0.918918918918919,0.972972972972973,0.972972972972973,C2,vintage
"replay_from=data/experiments/b-2-t0,replay_inputs=vintage,ed_transform=logit,spatial=distance,epochs=300,patience=30,fit_partition=pathogen,supplied_final=1,mask_rate=0.2,covariate_encoder=summary,input_mode=scheduled_final,input_normalization=b0,evaluation_seasons=recent_two",42,wk inc covid hosp,2024-2025,all,52,0.2,6968.0,778271.0669565217,51625.45826086957,676762.8260869565,49882.782608695656,948265.0,1001.0,2079.0,2893.0,3713.0,294095.7264372725,135467.5071866996,122015.56154699084,36612.65770358205,459783.4153206482,3786.0,5746.0,6312.0,6600.0,2.1447297541125696,0.1936703500493744,1.846325553754774,0.1047338503084208,0.4380785185746119,0.407628405592174,0.1542930758332142,0.1171788118232367,0.2447468539654668,0.340035118525022,0.4360257535850161,0.5601112086625696,0.8459467369037169,0.9204565408252854,0.9555458004097164,C1,vintage
"replay_from=data/experiments/b-2-t0,replay_inputs=vintage,ed_transform=logit,spatial=distance,epochs=300,patience=30,fit_partition=pathogen,supplied_final=1,mask_rate=0.2,covariate_encoder=summary,input_mode=scheduled_final,input_normalization=b0,evaluation_seasons=recent_two",42,wk inc covid hosp,2024-2025,states_dc,51,0.0,6834.0,346490.4569565217,38799.587391304354,290991.08695652167,16699.782608695656,473500.0,1001.0,2078.0,2892.0,3712.0,177711.5257127561,72412.19438985428,79788.8120383263,25510.51928457551,270242.3766800353,3701.0,5620.0,6180.0,6467.0,1.7534224489468215,0.2145372245144972,1.4792469163288664,0.0596383081034577,0.4121516864040481,0.4188300047704274,0.1690183088255245,0.1464735147790459,0.3040678958150425,0.4231782265144865,0.5431665203394792,0.5415569212759731,0.8223587942639744,0.9043020193151888,0.9462979221539364,C1,vintage
"replay_from=data/experiments/b-2-t0,replay_inputs=vintage,ed_transform=logit,spatial=distance,epochs=300,patience=30,fit_partition=pathogen,supplied_final=1,mask_rate=0.2,covariate_encoder=summary,input_mode=scheduled_final,input_normalization=b0,evaluation_seasons=recent_two",42,wk inc covid hosp,2024-2025,US,1,1.0,134.0,431780.61,12825.87086956522,385771.7391304348,33183.0,474765.0,0.0,1.0,1.0,1.0,116384.20072451644,63055.31279684533,42226.74950866455,11102.138419006547,189541.03864061285,85.0,126.0,132.0,133.0,3.70995897477556,0.1102028521888833,3.314640103458404,0.285116019128273,0.5417858472568663,0.3628220088791609,0.0953921438639727,0.0,0.0074626865671641,0.0074626865671641,0.0074626865671641,0.6343283582089553,0.9402985074626866,0.9850746268656716,0.9925373134328358,C1,vintage
"replay_from=data/experiments/b-2-t0,replay_inputs=vintage,ed_transform=logit,spatial=distance,epochs=300,patience=30,fit_partition=pathogen,supplied_final=1,mask_rate=0.2,covariate_encoder=summary,input_mode=scheduled_final,input_normalization=b0,evaluation_seasons=recent_two",42,wk inc covid hosp,2025-2026,all,52,0.2,9048.0,266569.4586956522,43492.41521739131,186910.21739130432,36166.82608695653,364742.0,3291.0,5423.0,6348.0,6970.0,251503.70978939495,102039.96804152089,70756.4623304223,78707.27941745178,396424.6389596296,4576.0,7150.0,7993.0,8484.0,1.0657368726886611,0.2085386135869163,0.6583434390971589,0.1988548200045858,0.4039583179592176,0.3059835764748293,0.2900581055659533,0.3083389677710165,0.5164300202839758,0.6114717151228308,0.6834347532116295,0.5195176921343251,0.7918187964841109,0.8741717376605818,0.9417399143565476,C1,vintage
"replay_from=data/experiments/b-2-t0,replay_inputs=vintage,ed_transform=logit,spatial=distance,epochs=300,patience=30,fit_partition=pathogen,supplied_final=1,mask_rate=0.2,covariate_encoder=summary,input_mode=scheduled_final,input_normalization=b0,evaluation_seasons=recent_two",42,wk inc covid hosp,2025-2026,states_dc,51,0.0,8874.0,137012.81217391306,33258.07304347827,78461.34782608696,25293.391304347828,200675.0,3280.0,5397.0,6311.0,6918.0,137533.1523161514,55676.68777243521,42712.03193647525,39144.43260724092,215812.05818140364,4475.0,7011.0,7848.0,8317.0,1.0479822411393651,0.23822373615566,0.5850413917453526,0.2247171132383522,0.4032477713441501,0.3209626389317038,0.2757895897241462,0.3696191120126211,0.6081812035158892,0.7111787243633086,0.779580797836376,0.5042821726391706,0.7900608519269777,0.8843813387423937,0.937232364210052,C1,vintage
"replay_from=data/experiments/b-2-t0,replay_inputs=vintage,ed_transform=logit,spatial=distance,epochs=300,patience=30,fit_partition=pathogen,supplied_final=1,mask_rate=0.2,covariate_encoder=summary,input_mode=scheduled_final,input_normalization=b0,evaluation_seasons=recent_two",42,wk inc covid hosp,2025-2026,US,1,1.0,174.0,129556.64652173914,10234.342173913044,108448.86956521738,10873.434782608696,164067.0,11.0,26.0,37.0,52.0,113970.5574732436,46363.28026908566,28044.430393947056,39562.84681021086,180612.58077822597,101.0,139.0,145.0,167.0,1.136755398885845,0.0897981233119415,0.9515516285043836,0.0954056470695197,0.4068005044194873,0.2460673266473311,0.3471321689331814,0.0632183908045977,0.1494252873563218,0.2126436781609195,0.2988505747126437,0.5804597701149425,0.7988505747126436,0.8333333333333334,0.9597701149425288,C1,vintage
"replay_from=data/experiments/b-2-t0,replay_inputs=vintage,ed_transform=logit,spatial=distance,epochs=300,patience=30,fit_partition=pathogen,supplied_final=1,mask_rate=0.2,covariate_encoder=summary,input_mode=scheduled_final,input_normalization=b0,evaluation_seasons=recent_two",42,wk inc covid prop ed visits,2025-2026,all,52,0.2,5586.0,3.0519879595618478,0.7041052724846595,1.0347377611001618,1.3131449259770065,4.439186234879799,1410.0,2532.0,3125.0,3553.0,2.497840451560441,1.156219767170679,0.6581087464717353,0.683511937918007,3.786811202370366,2935.0,4515.0,4987.0,5231.0,1.2575461721237724,0.2807912803385954,0.3263558683086061,0.650399023476562,0.5391906708735537,0.2297971920394451,0.2310121370869917,0.2415106078081857,0.423256090314914,0.5215763168012304,0.6016581035266158,0.5674912912283155,0.8383349061549755,0.9090629478172731,0.9467491524238932,C1,vintage
"replay_from=data/experiments/b-2-t0,replay_inputs=vintage,ed_transform=logit,spatial=distance,epochs=300,patience=30,fit_partition=pathogen,supplied_final=1,mask_rate=0.2,covariate_encoder=summary,input_mode=scheduled_final,input_normalization=b0,evaluation_seasons=recent_two",42,wk inc covid prop ed visits,2025-2026,states_dc,51,0.0,5476.0,3.019387584161367,0.6990036646304131,1.0318158486486848,1.2885680708822496,4.396525546274639,1389.0,2501.0,3086.0,3503.0,2.4713671885012656,1.136099226909532,0.6552800338668678,0.6799879277248464,3.754044683896241,2849.0,4405.0,4877.0,5121.0,1.2640713898657874,0.3028121166977886,0.3803517838138218,0.5809074893541681,0.4839802140157255,0.2605335703145489,0.2554862156697166,0.2541609870329594,0.4586155674390969,0.5633340323651742,0.638436265771906,0.5139095685808489,0.7979186326937193,0.8863286847715913,0.9334364405298664,C1,vintage
"replay_from=data/experiments/b-2-t0,replay_inputs=vintage,ed_transform=logit,spatial=distance,epochs=300,patience=30,fit_partition=pathogen,supplied_final=1,mask_rate=0.2,covariate_encoder=summary,input_mode=scheduled_final,input_normalization=b0,evaluation_seasons=recent_two",42,wk inc covid prop ed visits,2025-2026,US,1,1.0,110.0,0.0326003754004806,0.0051016078542464,0.002921912451477,0.024576855094757,0.0426606886051594,21.0,31.0,39.0,50.0,0.0264732630591753,0.020120540261147,0.0028287126048675,0.0035240101931606,0.0327665184741256,86.0,110.0,110.0,110.0,1.2314453011557107,0.1927079349018227,0.1103722062877432,0.9283651599661372,0.7600324983048661,0.1068516789390302,0.1331158227560923,0.1909090909090909,0.2818181818181818,0.3545454545454545,0.4545454545454545,0.7818181818181819,1.0,1.0,1.0,C1,vintage
"replay_from=data/experiments/b-2-t0,replay_inputs=vintage,ed_transform=logit,spatial=distance,epochs=300,patience=30,fit_partition=pathogen,supplied_final=1,mask_rate=0.2,covariate_encoder=summary,input_mode=scheduled_final,input_normalization=b0,evaluation_seasons=recent_two",42,wk inc flu hosp,2024-2025,all,52,0.2,5616.0,791840.7965217392,158118.01391304348,555367.4347826086,78355.34782608696,1078906.0,2089.0,3351.0,3959.0,4312.0,997209.4752173912,214134.4317391304,732659.1304347826,50415.91304347826,1363610.0,2943.0,4023.0,4381.0,4604.0,0.8422305548169563,0.1730158370210183,0.5505084096245685,0.1187063081713695,0.221083968559547,0.7136002994462362,0.0653157319942169,0.3785039941902687,0.5839869281045753,0.6825344952795935,0.7440450254175746,0.5315541031227307,0.7208424110384896,0.7796659404502543,0.8137618010167033,C1,vintage
"replay_from=data/experiments/b-2-t0,replay_inputs=vintage,ed_transform=logit,spatial=distance,epochs=300,patience=30,fit_partition=pathogen,supplied_final=1,mask_rate=0.2,covariate_encoder=summary,input_mode=scheduled_final,input_normalization=b0,evaluation_seasons=recent_two",42,wk inc flu hosp,2024-2025,states_dc,51,0.0,5508.0,447966.9030434783,98659.99,283835.2173913043,65471.69565217391,634885.0,2045.0,3294.0,3896.0,4243.0,545536.7908695652,116470.22565217387,390693.86956521735,38372.69565217391,755891.0,2882.0,3943.0,4297.0,4519.0,0.862454625987228,0.1833598894048315,0.5378429291488324,0.1412518074335643,0.2222980022694732,0.7027232314120876,0.0749787663184392,0.3712781408859841,0.5980392156862744,0.7073347857661584,0.770334059549746,0.5232389251997096,0.7158678286129269,0.7801379811183734,0.8204429920116196,C1,vintage
"replay_from=data/experiments/b-2-t0,replay_inputs=vintage,ed_transform=logit,spatial=distance,epochs=300,patience=30,fit_partition=pathogen,supplied_final=1,mask_rate=0.2,covariate_encoder=summary,input_mode=scheduled_final,input_normalization=b0,evaluation_seasons=recent_two",42,wk inc flu hosp,2024-2025,US,1,1.0,108.0,343873.8934782609,59458.02391304348,271532.2173913043,12883.652173913044,444021.0,44.0,57.0,63.0,69.0,451672.6843478261,97664.20608695652,341965.26086956525,12043.217391304348,607719.0,61.0,80.0,84.0,85.0,0.761334270135869,0.1316396274857653,0.6011703315275129,0.0285243111225905,0.2162278337198422,0.7571085715828304,0.0266635946973274,0.4074074074074074,0.5277777777777778,0.5833333333333334,0.6388888888888888,0.5648148148148148,0.7407407407407407,0.7777777777777778,0.7870370370370371,C1,vintage
"replay_from=data/experiments/b-2-t0,replay_inputs=vintage,ed_transform=logit,spatial=distance,epochs=300,patience=30,fit_partition=pathogen,supplied_final=1,mask_rate=0.2,covariate_encoder=summary,input_mode=scheduled_final,input_normalization=b0,evaluation_seasons=recent_two",42,wk inc flu hosp,2025-2026,all,52,0.2,5824.0,680071.1169565218,140852.8995652174,467978.695652174,71239.52173913043,991913.0,2081.0,3504.0,4224.0,4661.0,681987.2230434783,182493.3534782609,344539.7391304348,154954.13043478262,1021199.0,3056.0,4510.0,4990.0,5252.0,1.020613163466142,0.2128680897512778,0.7251649341775833,0.0825801395372806,0.2795215027822053,0.5126519392462101,0.2078265579715848,0.362219887955182,0.6174719887955183,0.7429971988795518,0.8124299719887955,0.5267507002801122,0.7781162464985995,0.8568627450980393,0.8984943977591039,C1,vintage
"replay_from=data/experiments/b-2-t0,replay_inputs=vintage,ed_transform=logit,spatial=distance,epochs=300,patience=30,fit_partition=pathogen,supplied_final=1,mask_rate=0.2,covariate_encoder=summary,input_mode=scheduled_final,input_normalization=b0,evaluation_seasons=recent_two",42,wk inc flu hosp,2025-2026,states_dc,51,0.0,5712.0,357941.7847826087,81077.56739130436,250156.1739130435,26708.04347826087,527733.0,2038.0,3427.0,4132.0,4564.0,369731.63260869565,98349.24130434784,189960.8260869565,81421.56521739133,551635.0,2996.0,4421.0,4894.0,5153.0,1.0178612782192709,0.2182274164384124,0.7320617546100826,0.0675721071707757,0.2820338995276027,0.5170549996731874,0.2009111007992099,0.3567927170868347,0.5999649859943977,0.7233893557422969,0.7990196078431374,0.5245098039215685,0.7739845938375353,0.8567927170868349,0.9021358543417368,C1,vintage
"replay_from=data/experiments/b-2-t0,replay_inputs=vintage,ed_transform=logit,spatial=distance,epochs=300,patience=30,fit_partition=pathogen,supplied_final=1,mask_rate=0.2,covariate_encoder=summary,input_mode=scheduled_final,input_normalization=b0,evaluation_seasons=recent_two",42,wk inc flu hosp,2025-2026,US,1,1.0,112.0,322129.332173913,59775.33217391305,217822.52173913043,44531.47826086957,464180.0,43.0,77.0,92.0,97.0,312255.5904347826,84144.11217391305,154578.91304347827,73532.5652173913,469564.0,60.0,89.0,96.0,99.0,1.031620704453625,0.1914307830027391,0.6975776524475856,0.1426122690033002,0.2694719158006149,0.4950396975383006,0.2354883866610844,0.3839285714285714,0.6875,0.8214285714285714,0.8660714285714286,0.5357142857142857,0.7946428571428571,0.8571428571428571,0.8839285714285714,C1,vintage
"replay_from=data/experiments/b-2-t0,replay_inputs=vintage,ed_transform=logit,spatial=distance,epochs=300,patience=30,fit_partition=pathogen,supplied_final=1,mask_rate=0.2,covariate_encoder=summary,input_mode=scheduled_final,input_normalization=b0,evaluation_seasons=recent_two",42,wk inc flu prop ed visits,2025-2026,all,52,0.2,5768.0,36.36589347746384,8.355968031676971,22.33415958813758,5.675765857649262,53.49169846128649,2177.0,3630.0,4274.0,4695.0,37.45877191682501,10.32540181251476,18.66849846028443,8.464871644025802,55.69990942461097,3125.0,4505.0,4944.0,5205.0,1.0075711269023109,0.2245720618201084,0.6087793071343579,0.174219757947844,0.2959240659437712,0.4861518031545084,0.2179241309017199,0.367577030812325,0.6193627450980393,0.7246498599439777,0.7984243697478992,0.563200280112045,0.7810574229691877,0.8550420168067228,0.8988795518207284,C1,vintage
"replay_from=data/experiments/b-2-t0,replay_inputs=vintage,ed_transform=logit,spatial=distance,epochs=300,patience=30,fit_partition=pathogen,supplied_final=1,mask_rate=0.2,covariate_encoder=summary,input_mode=scheduled_final,input_normalization=b0,evaluation_seasons=recent_two",42,wk inc flu prop ed visits,2025-2026,states_dc,51,0.0,5656.0,35.72291533792326,8.252470579864461,21.97515281838865,5.495291939670127,52.598985405174126,2139.0,3563.0,4198.0,4610.0,36.85597054744329,10.13762192450928,18.3753233456567,8.343025277277297,54.80314218169003,3050.0,4416.0,4848.0,5105.0,0.9928013842045996,0.2377915467933346,0.6120831442884951,0.1429266931227691,0.2920270708891611,0.4861011471818258,0.2218717819290127,0.3746498599439776,0.6246498599439776,0.7361694677871149,0.8082983193277313,0.5365896358543416,0.7776610644257703,0.8545168067226891,0.9003851540616249,C1,vintage
"replay_from=data/experiments/b-2-t0,replay_inputs=vintage,ed_transform=logit,spatial=distance,epochs=300,patience=30,fit_partition=pathogen,supplied_final=1,mask_rate=0.2,covariate_encoder=summary,input_mode=scheduled_final,input_normalization=b0,evaluation_seasons=recent_two",42,wk inc flu prop ed visits,2025-2026,US,1,1.0,112.0,0.6429781395405763,0.1034974518125095,0.3590067697489308,0.1804739179791354,0.8927130561123601,38.0,67.0,76.0,85.0,0.6028013693817165,0.1877798880054818,0.29317511462773,0.1218463667485042,0.8967672429209468,75.0,89.0,96.0,100.0,1.0666500976931563,0.1716941219272032,0.5955639585178086,0.2993920172481435,0.3115120461622118,0.4863544270452387,0.2021335267925486,0.3392857142857143,0.5982142857142857,0.6785714285714286,0.7589285714285714,0.6696428571428571,0.7946428571428571,0.8571428571428571,0.8928571428571429,C1,vintage
"replay_from=data/experiments/b-2-t0,replay_inputs=vintage,ed_transform=logit,spatial=distance,epochs=300,patience=30,fit_partition=pathogen,supplied_final=1,mask_rate=0.2,covariate_encoder=summary,input_mode=scheduled_final,input_normalization=b0,evaluation_seasons=recent_two",42,wk inc rsv hosp,2025-2026,all,52,0.2,6032.0,220963.27956521735,32955.19260869565,179599.73913043478,8408.347826086956,307218.0,1808.0,3070.0,3721.0,4199.0,174064.93092191094,53052.087440608055,105063.50795633462,15949.335524968266,270304.41698893777,2589.0,4305.0,4948.0,5364.0,1.3002027684862685,0.2159246431557131,1.0188010049560283,0.0654771203745268,0.3067406302504329,0.5745971360277672,0.1186622337218002,0.2810344827586207,0.4755240027045302,0.5778566599053415,0.6679175118323194,0.4406693711967547,0.7187964841108859,0.8279918864097365,0.8953684922244761,C1,vintage
"replay_from=data/experiments/b-2-t0,replay_inputs=vintage,ed_transform=logit,spatial=distance,epochs=300,patience=30,fit_partition=pathogen,supplied_final=1,mask_rate=0.2,covariate_encoder=summary,input_mode=scheduled_final,input_normalization=b0,evaluation_seasons=recent_two",42,wk inc rsv hosp,2025-2026,states_dc,51,0.0,5916.0,116362.90130434782,22389.640434782606,87198.47826086957,6774.782608695652,170837.0,1785.0,3032.0,3674.0,4136.0,94740.19007535864,28170.04025877443,55907.86834298157,10662.281473602628,146919.94591427944,2532.0,4219.0,4848.0,5257.0,1.295594714973825,0.2366073901674338,0.9822892714994016,0.0766980533069893,0.3050074818838542,0.5633274152930453,0.1316651028231006,0.3017241379310345,0.5125084516565248,0.6210277214334009,0.6991210277214336,0.4279918864097364,0.7131507775524004,0.8194726166328601,0.8886071670047331,C1,vintage
"replay_from=data/experiments/b-2-t0,replay_inputs=vintage,ed_transform=logit,spatial=distance,epochs=300,patience=30,fit_partition=pathogen,supplied_final=1,mask_rate=0.2,covariate_encoder=summary,input_mode=scheduled_final,input_normalization=b0,evaluation_seasons=recent_two",42,wk inc rsv hosp,2025-2026,US,1,1.0,116.0,104600.37826086956,10565.552173913044,92401.26086956522,1633.5652173913045,136381.0,23.0,38.0,47.0,63.0,79324.7408465523,24882.04718183363,49155.63961335304,5287.05405136564,123384.47107465832,57.0,86.0,100.0,107.0,1.3186349825360422,0.1331936551088304,1.164847938782535,0.0205933886446766,0.3136732237167476,0.6196760189666538,0.0666507573165986,0.1982758620689655,0.3275862068965517,0.4051724137931034,0.5431034482758621,0.4913793103448275,0.7413793103448276,0.8620689655172413,0.9224137931034484,C1,vintage
"replay_from=data/experiments/b-2-t0,replay_inputs=vintage,ed_transform=logit,spatial=distance,epochs=300,patience=30,fit_partition=pathogen,supplied_final=1,mask_rate=0.2,covariate_encoder=summary,input_mode=scheduled_final,input_normalization=b0,evaluation_seasons=recent_two",42,wk inc rsv prop ed visits,2025-2026,all,51,0.2,5586.0,5.506153793730895,0.8539144155463959,4.512241203441855,0.1399981747426253,7.550598732594845,1636.0,2804.0,3367.0,3735.0,4.530466181091006,1.2624880197885668,3.0078391482014357,0.2601390131009845,6.751646223879154,2706.0,4144.0,4680.0,5001.0,1.303281002725629,0.2065375041692146,1.0707560585710574,0.0259874399853517,0.3535959682986677,0.5860545127207138,0.060349518980613,0.2984983506865438,0.4975512492449697,0.5878908543670376,0.6495587925556794,0.5147666229916434,0.7725612543865138,0.86154240300846,0.908627902093687,C1,vintage
"replay_from=data/experiments/b-2-t0,replay_inputs=vintage,ed_transform=logit,spatial=distance,epochs=300,patience=30,fit_partition=pathogen,supplied_final=1,mask_rate=0.2,covariate_encoder=summary,input_mode=scheduled_final,input_normalization=b0,evaluation_seasons=recent_two",42,wk inc rsv prop ed visits,2025-2026,states_dc,50,0.0,5475.0,5.437359102885803,0.8459859660047213,4.452048384001551,0.1393247528795122,7.463766264442799,1599.0,2749.0,3307.0,3670.0,4.481922043258964,1.2402717937371133,2.9831665637207228,0.2584836858011096,6.672332609887618,2633.0,4042.0,4572.0,4893.0,1.2748118689549106,0.2173407423246615,1.028454917200719,0.0290162094295252,0.3275824533044074,0.6055055048001255,0.0669120418954619,0.2897896050248464,0.4980651876823383,0.5997284328236618,0.6655520942982027,0.47904386432514,0.7359718382534125,0.8336847605173314,0.8925416343738655,C1,vintage
"replay_from=data/experiments/b-2-t0,replay_inputs=vintage,ed_transform=logit,spatial=distance,epochs=300,patience=30,fit_partition=pathogen,supplied_final=1,mask_rate=0.2,covariate_encoder=summary,input_mode=scheduled_final,input_normalization=b0,evaluation_seasons=recent_two",42,wk inc rsv prop ed visits,2025-2026,US,1,1.0,111.0,0.068794690845092,0.0079284495416746,0.0601928194403039,0.000673421863113,0.086832468152046,37.0,55.0,60.0,65.0,0.0485441378320411,0.0222162260514535,0.0246725844807123,0.0016553272998748,0.0793136139915364,73.0,102.0,108.0,108.0,1.4171575378085035,0.163324551547427,1.2399606240524104,0.0138723622086577,0.4576500282757085,0.5082505444030668,0.0340994273212172,0.3333333333333333,0.4954954954954955,0.5405405405405406,0.5855855855855856,0.6576576576576577,0.918918918918919,0.972972972972973,0.972972972972973,C1,vintage
"replay_from=data/experiments/b-2-t0,replay_inputs=vintage,ed_transform=logit,spatial=distance,epochs=300,patience=30,fit_partition=pathogen,supplied_final=1,mask_rate=0.2,covariate_encoder=summary,input_mode=scheduled_final,input_normalization=b0,evaluation_seasons=recent_two",43,wk inc covid hosp,2024-2025,all,52,0.2,6968.0,640867.3173913043,61210.79565217391,521329.9130434783,58326.608695652176,825726.0,1366.0,2752.0,3532.0,4112.0,294095.7264372725,135467.5071866996,122015.56154699084,36612.65770358205,459783.4153206482,3786.0,5746.0,6312.0,6600.0,1.845559195377113,0.2137849737921586,1.503917857862586,0.1278563637223688,0.4380785185746119,0.407628405592174,0.1542930758332142,0.1640327772900205,0.327655838454785,0.4217149546385719,0.4951126719344454,0.5601112086625696,0.8459467369037169,0.9204565408252854,0.9555458004097164,C1,vintage
"replay_from=data/experiments/b-2-t0,replay_inputs=vintage,ed_transform=logit,spatial=distance,epochs=300,patience=30,fit_partition=pathogen,supplied_final=1,mask_rate=0.2,covariate_encoder=summary,input_mode=scheduled_final,input_normalization=b0,evaluation_seasons=recent_two",43,wk inc covid hosp,2024-2025,states_dc,51,0.0,6834.0,309666.34695652174,43143.26,238909.95652173916,27613.130434782608,434797.0,1363.0,2748.0,3526.0,4102.0,177711.5257127561,72412.19438985428,79788.8120383263,25510.51928457551,270242.3766800353,3701.0,5620.0,6180.0,6467.0,1.5955101383178711,0.2284211048286775,1.2732429079755647,0.0938461255136285,0.4121516864040481,0.4188300047704274,0.1690183088255245,0.1994439566871525,0.402107111501317,0.5159496634474686,0.6002341235001465,0.5415569212759731,0.8223587942639744,0.9043020193151888,0.9462979221539364,C1,vintage
"replay_from=data/experiments/b-2-t0,replay_inputs=vintage,ed_transform=logit,spatial=distance,epochs=300,patience=30,fit_partition=pathogen,supplied_final=1,mask_rate=0.2,covariate_encoder=summary,input_mode=scheduled_final,input_normalization=b0,evaluation_seasons=recent_two",43,wk inc covid hosp,2024-2025,US,1,1.0,134.0,331200.9704347826,18067.535652173912,282419.95652173914,30713.478260869568,390929.0,3.0,4.0,6.0,10.0,116384.20072451644,63055.31279684533,42226.74950866455,11102.138419006547,189541.03864061285,85.0,126.0,132.0,133.0,2.8457554236140816,0.155240449646083,2.426617657410669,0.2638973165573301,0.5417858472568663,0.3628220088791609,0.0953921438639727,0.0223880597014925,0.0298507462686567,0.044776119402985,0.0746268656716417,0.6343283582089553,0.9402985074626866,0.9850746268656716,0.9925373134328358,C1,vintage
"replay_from=data/experiments/b-2-t0,replay_inputs=vintage,ed_transform=logit,spatial=distance,epochs=300,patience=30,fit_partition=pathogen,supplied_final=1,mask_rate=0.2,covariate_encoder=summary,input_mode=scheduled_final,input_normalization=b0,evaluation_seasons=recent_two",43,wk inc covid hosp,2025-2026,all,52,0.2,9048.0,303424.1826086956,36450.35652173913,229665.34782608697,37308.47826086956,393246.0,2883.0,4816.0,5729.0,6411.0,251503.70978939495,102039.96804152089,70756.4623304223,78707.27941745178,396424.6389596296,4576.0,7150.0,7993.0,8484.0,1.1787816067939068,0.1830199325710675,0.8037431458407902,0.1920185283820488,0.4039583179592176,0.3059835764748293,0.2900581055659533,0.2726166328600407,0.4659454586432275,0.5599053414469237,0.6266846968672528,0.5195176921343251,0.7918187964841109,0.8741717376605818,0.9417399143565476,C1,vintage
"replay_from=data/experiments/b-2-t0,replay_inputs=vintage,ed_transform=logit,spatial=distance,epochs=300,patience=30,fit_partition=pathogen,supplied_final=1,mask_rate=0.2,covariate_encoder=summary,input_mode=scheduled_final,input_normalization=b0,evaluation_seasons=recent_two",43,wk inc covid hosp,2025-2026,states_dc,51,0.0,8874.0,156692.57347826083,29003.96478260869,103341.6086956522,24347.0,221940.0,2871.0,4786.0,5688.0,6365.0,137533.1523161514,55676.68777243521,42712.03193647525,39144.43260724092,215812.05818140364,4475.0,7011.0,7848.0,8317.0,1.1516140370734658,0.2124408907160217,0.7275816232874485,0.2115915230699953,0.4032477713441501,0.3209626389317038,0.2757895897241462,0.3235294117647059,0.5393283750281722,0.6409736308316432,0.7172639170610774,0.5042821726391706,0.7900608519269777,0.8843813387423937,0.937232364210052,C1,vintage
"replay_from=data/experiments/b-2-t0,replay_inputs=vintage,ed_transform=logit,spatial=distance,epochs=300,patience=30,fit_partition=pathogen,supplied_final=1,mask_rate=0.2,covariate_encoder=summary,input_mode=scheduled_final,input_normalization=b0,evaluation_seasons=recent_two",43,wk inc covid hosp,2025-2026,US,1,1.0,174.0,146731.60913043478,7446.391739130435,126323.73913043478,12961.478260869564,171306.0,12.0,30.0,41.0,46.0,113970.5574732436,46363.28026908566,28044.430393947056,39562.84681021086,180612.58077822597,101.0,139.0,145.0,167.0,1.28745188567567,0.0653360999912507,1.1083892360541563,0.1137265496302628,0.4068005044194873,0.2460673266473311,0.3471321689331814,0.0689655172413793,0.1724137931034483,0.2356321839080459,0.264367816091954,0.5804597701149425,0.7988505747126436,0.8333333333333334,0.9597701149425288,C1,vintage
"replay_from=data/experiments/b-2-t0,replay_inputs=vintage,ed_transform=logit,spatial=distance,epochs=300,patience=30,fit_partition=pathogen,supplied_final=1,mask_rate=0.2,covariate_encoder=summary,input_mode=scheduled_final,input_normalization=b0,evaluation_seasons=recent_two",43,wk inc covid prop ed visits,2025-2026,all,52,0.2,5586.0,3.1367298167493542,0.751864947511898,0.8069790375099704,1.5778858317274662,4.583203396174906,1449.0,2647.0,3257.0,3641.0,2.497840451560441,1.156219767170679,0.6581087464717353,0.683511937918007,3.786811202370366,2935.0,4515.0,4987.0,5231.0,1.3005404810341608,0.2884791764955111,0.2756703830519996,0.7363909214866395,0.5391906708735537,0.2297971920394451,0.2310121370869917,0.24625516992299,0.4511376743210654,0.5578138944228911,0.621768084536251,0.5674912912283155,0.8383349061549755,0.9090629478172731,0.9467491524238932,C1,vintage
"replay_from=data/experiments/b-2-t0,replay_inputs=vintage,ed_transform=logit,spatial=distance,epochs=300,patience=30,fit_partition=pathogen,supplied_final=1,mask_rate=0.2,covariate_encoder=summary,input_mode=scheduled_final,input_normalization=b0,evaluation_seasons=recent_two",43,wk inc covid prop ed visits,2025-2026,states_dc,51,0.0,5476.0,3.1046832656382803,0.7478611411945226,0.8022052863905962,1.5546168380531424,4.540813919121249,1428.0,2608.0,3207.0,3586.0,2.4713671885012656,1.136099226909532,0.6552800338668678,0.6799879277248464,3.754044683896241,2849.0,4405.0,4877.0,5121.0,1.3230443102478395,0.3227890649380819,0.2995071069490768,0.7007481383606728,0.4839802140157255,0.2605335703145489,0.2554862156697166,0.2600916896764648,0.4752857292649681,0.58363100439225,0.6522101056703133,0.5139095685808489,0.7979186326937193,0.8863286847715913,0.9334364405298664,C1,vintage
"replay_from=data/experiments/b-2-t0,replay_inputs=vintage,ed_transform=logit,spatial=distance,epochs=300,patience=30,fit_partition=pathogen,supplied_final=1,mask_rate=0.2,covariate_encoder=summary,input_mode=scheduled_final,input_normalization=b0,evaluation_seasons=recent_two",43,wk inc covid prop ed visits,2025-2026,US,1,1.0,110.0,0.0320465511110739,0.0040038063173754,0.0047737511193741,0.0232689936743238,0.0423894770536569,21.0,39.0,50.0,55.0,0.0264732630591753,0.020120540261147,0.0028287126048675,0.0035240101931606,0.0327665184741256,86.0,110.0,110.0,110.0,1.2105251641794437,0.1512396227252279,0.1803234874636906,0.8789620539905062,0.7600324983048661,0.1068516789390302,0.1331158227560923,0.1909090909090909,0.3545454545454545,0.4545454545454545,0.5,0.7818181818181819,1.0,1.0,1.0,C1,vintage
"replay_from=data/experiments/b-2-t0,replay_inputs=vintage,ed_transform=logit,spatial=distance,epochs=300,patience=30,fit_partition=pathogen,supplied_final=1,mask_rate=0.2,covariate_encoder=summary,input_mode=scheduled_final,input_normalization=b0,evaluation_seasons=recent_two",43,wk inc flu hosp,2024-2025,all,52,0.2,5616.0,1049065.591739131,176114.54826086955,856766.1739130435,16184.86956521739,1490924.0,2213.0,3507.0,4041.0,4355.0,997209.4752173912,214134.4317391304,732659.1304347826,50415.91304347826,1363610.0,2943.0,4023.0,4381.0,4604.0,1.0441085924322844,0.1830247994390395,0.835089717519202,0.0259940754740427,0.221083968559547,0.7136002994462362,0.0653157319942169,0.364088598402324,0.6066448801742921,0.7115105301379813,0.7758896151053015,0.5315541031227307,0.7208424110384896,0.7796659404502543,0.8137618010167033,C1,vintage
"replay_from=data/experiments/b-2-t0,replay_inputs=vintage,ed_transform=logit,spatial=distance,epochs=300,patience=30,fit_partition=pathogen,supplied_final=1,mask_rate=0.2,covariate_encoder=summary,input_mode=scheduled_final,input_normalization=b0,evaluation_seasons=recent_two",43,wk inc flu hosp,2024-2025,states_dc,51,0.0,5508.0,552148.3039130436,102585.73869565217,434418.13043478254,15144.434782608694,787375.0,2188.0,3450.0,3968.0,4271.0,545536.7908695652,116470.22565217387,390693.86956521735,38372.69565217391,755891.0,2882.0,3943.0,4297.0,4519.0,1.0300929357360369,0.1880829384500531,0.8100932816818748,0.0319167156041086,0.2222980022694732,0.7027232314120876,0.0749787663184392,0.3972403776325345,0.6263616557734205,0.7204066811909952,0.7754175744371824,0.5232389251997096,0.7158678286129269,0.7801379811183734,0.8204429920116196,C1,vintage
"replay_from=data/experiments/b-2-t0,replay_inputs=vintage,ed_transform=logit,spatial=distance,epochs=300,patience=30,fit_partition=pathogen,supplied_final=1,mask_rate=0.2,covariate_encoder=summary,input_mode=scheduled_final,input_normalization=b0,evaluation_seasons=recent_two",43,wk inc flu hosp,2024-2025,US,1,1.0,108.0,496917.287826087,73528.8095652174,422348.04347826086,1040.4347826086955,703549.0,25.0,57.0,73.0,84.0,451672.6843478261,97664.20608695652,341965.26086956525,12043.217391304348,607719.0,61.0,80.0,84.0,85.0,1.1001712192172743,0.1627922433949847,0.9350754608685108,0.0023035149537789,0.2162278337198422,0.7571085715828304,0.0266635946973274,0.2314814814814814,0.5277777777777778,0.6759259259259259,0.7777777777777778,0.5648148148148148,0.7407407407407407,0.7777777777777778,0.7870370370370371,C1,vintage
"replay_from=data/experiments/b-2-t0,replay_inputs=vintage,ed_transform=logit,spatial=distance,epochs=300,patience=30,fit_partition=pathogen,supplied_final=1,mask_rate=0.2,covariate_encoder=summary,input_mode=scheduled_final,input_normalization=b0,evaluation_seasons=recent_two",43,wk inc flu hosp,2025-2026,all,52,0.2,5824.0,616266.53,124036.26913043478,450870.3913043478,41359.86956521739,903460.0,1832.0,3064.0,3656.0,4118.0,681987.2230434783,182493.3534782609,344539.7391304348,154954.13043478262,1021199.0,3056.0,4510.0,4990.0,5252.0,0.9865710887558232,0.1852156621963746,0.7451847486508604,0.0561706779085881,0.2795215027822053,0.5126519392462101,0.2078265579715848,0.3191176470588237,0.5443277310924369,0.6535714285714287,0.7380252100840337,0.5267507002801122,0.7781162464985995,0.8568627450980393,0.8984943977591039,C1,vintage
"replay_from=data/experiments/b-2-t0,replay_inputs=vintage,ed_transform=logit,spatial=distance,epochs=300,patience=30,fit_partition=pathogen,supplied_final=1,mask_rate=0.2,covariate_encoder=summary,input_mode=scheduled_final,input_normalization=b0,evaluation_seasons=recent_two",43,wk inc flu hosp,2025-2026,states_dc,51,0.0,5712.0,337550.6717391304,72064.10652173913,246037.1304347826,19449.4347826087,494733.0,1794.0,2994.0,3570.0,4020.0,369731.63260869565,98349.24130434784,189960.8260869565,81421.56521739133,551635.0,2996.0,4421.0,4894.0,5153.0,1.0100666485339558,0.1899093038218453,0.7674860649896802,0.0526712797224303,0.2820338995276027,0.5170549996731874,0.2009111007992099,0.3140756302521008,0.5241596638655461,0.625,0.703781512605042,0.5245098039215685,0.7739845938375353,0.8567927170868349,0.9021358543417368,C1,vintage
"replay_from=data/experiments/b-2-t0,replay_inputs=vintage,ed_transform=logit,spatial=distance,epochs=300,patience=30,fit_partition=pathogen,supplied_final=1,mask_rate=0.2,covariate_encoder=summary,input_mode=scheduled_final,input_normalization=b0,evaluation_seasons=recent_two",43,wk inc flu hosp,2025-2026,US,1,1.0,112.0,278715.8582608696,51972.16260869565,204833.2608695652,21910.434782608696,408727.0,38.0,70.0,86.0,98.0,312255.5904347826,84144.11217391305,154578.91304347827,73532.5652173913,469564.0,60.0,89.0,96.0,99.0,0.8925888496432921,0.1664410956944916,0.6559794832955809,0.0701682706532195,0.2694719158006149,0.4950396975383006,0.2354883866610844,0.3392857142857143,0.625,0.7678571428571429,0.875,0.5357142857142857,0.7946428571428571,0.8571428571428571,0.8839285714285714,C1,vintage
"replay_from=data/experiments/b-2-t0,replay_inputs=vintage,ed_transform=logit,spatial=distance,epochs=300,patience=30,fit_partition=pathogen,supplied_final=1,mask_rate=0.2,covariate_encoder=summary,input_mode=scheduled_final,input_normalization=b0,evaluation_seasons=recent_two",43,wk inc flu prop ed visits,2025-2026,all,52,0.2,5768.0,34.04239315322768,8.432193565868953,21.62681723207135,3.9833823552873646,50.690592461603416,2215.0,3694.0,4278.0,4700.0,37.45877191682501,10.32540181251476,18.66849846028443,8.464871644025802,55.69990942461097,3125.0,4505.0,4944.0,5205.0,0.9325868799542862,0.2326479064856073,0.5792550757137431,0.120683897754935,0.2959240659437712,0.4861518031545084,0.2179241309017199,0.3728991596638656,0.63312324929972,0.7416666666666667,0.8273809523809524,0.563200280112045,0.7810574229691877,0.8550420168067228,0.8988795518207284,C1,vintage
"replay_from=data/experiments/b-2-t0,replay_inputs=vintage,ed_transform=logit,spatial=distance,epochs=300,patience=30,fit_partition=pathogen,supplied_final=1,mask_rate=0.2,covariate_encoder=summary,input_mode=scheduled_final,input_normalization=b0,evaluation_seasons=recent_two",43,wk inc flu prop ed visits,2025-2026,states_dc,51,0.0,5656.0,33.52697577717302,8.305323495534935,21.356179042100315,3.865473239537759,49.89988334388416,2177.0,3624.0,4192.0,4598.0,36.85597054744329,10.13762192450928,18.3753233456567,8.343025277277297,54.80314218169003,3050.0,4416.0,4848.0,5105.0,0.9519743907595272,0.2381930192534374,0.611826983675347,0.1019543878307421,0.2920270708891611,0.4861011471818258,0.2218717819290127,0.3813025210084033,0.6351540616246498,0.7351190476190477,0.8065476190476191,0.5365896358543416,0.7776610644257703,0.8545168067226891,0.9003851540616249,C1,vintage
"replay_from=data/experiments/b-2-t0,replay_inputs=vintage,ed_transform=logit,spatial=distance,epochs=300,patience=30,fit_partition=pathogen,supplied_final=1,mask_rate=0.2,covariate_encoder=summary,input_mode=scheduled_final,input_normalization=b0,evaluation_seasons=recent_two",43,wk inc flu prop ed visits,2025-2026,US,1,1.0,112.0,0.5154173760546572,0.1268700703340176,0.2706381899710338,0.1179091157496055,0.7907091177192516,38.0,70.0,86.0,102.0,0.6028013693817165,0.1877798880054818,0.29317511462773,0.1218463667485042,0.8967672429209468,75.0,89.0,96.0,100.0,0.8550368367333213,0.210467455414287,0.4489674438673272,0.1956019374517064,0.3115120461622118,0.4863544270452387,0.2021335267925486,0.3392857142857143,0.625,0.7678571428571429,0.9107142857142856,0.6696428571428571,0.7946428571428571,0.8571428571428571,0.8928571428571429,C1,vintage
"replay_from=data/experiments/b-2-t0,replay_inputs=vintage,ed_transform=logit,spatial=distance,epochs=300,patience=30,fit_partition=pathogen,supplied_final=1,mask_rate=0.2,covariate_encoder=summary,input_mode=scheduled_final,input_normalization=b0,evaluation_seasons=recent_two",43,wk inc rsv hosp,2025-2026,all,52,0.2,6032.0,247828.93217391305,27372.80173913043,216760.1304347826,3696.0,324611.0,1461.0,2616.0,3199.0,3615.0,174064.93092191094,53052.087440608055,105063.50795633462,15949.335524968266,270304.41698893777,2589.0,4305.0,4948.0,5364.0,1.4501752917659008,0.180162420188069,1.2356262215319571,0.0343866500458747,0.3067406302504329,0.5745971360277672,0.1186622337218002,0.2086883029073699,0.3823529411764707,0.489790398918188,0.5587559161595675,0.4406693711967547,0.7187964841108859,0.8279918864097365,0.8953684922244761,C1,vintage
"replay_from=data/experiments/b-2-t0,replay_inputs=vintage,ed_transform=logit,spatial=distance,epochs=300,patience=30,fit_partition=pathogen,supplied_final=1,mask_rate=0.2,covariate_encoder=summary,input_mode=scheduled_final,input_normalization=b0,evaluation_seasons=recent_two",43,wk inc rsv hosp,2025-2026,states_dc,51,0.0,5916.0,136380.22695652174,18515.922608695648,115238.91304347826,2625.391304347826,186943.0,1454.0,2598.0,3163.0,3571.0,94740.19007535864,28170.04025877443,55907.86834298157,10662.281473602628,146919.94591427944,2532.0,4219.0,4848.0,5257.0,1.4614771691680255,0.1972896685826902,1.224578320373798,0.0396091802115372,0.3050074818838542,0.5633274152930453,0.1316651028231006,0.2457741717376606,0.4391480730223125,0.5346517917511833,0.6036173089925625,0.4279918864097364,0.7131507775524004,0.8194726166328601,0.8886071670047331,C1,vintage
"replay_from=data/experiments/b-2-t0,replay_inputs=vintage,ed_transform=logit,spatial=distance,epochs=300,patience=30,fit_partition=pathogen,supplied_final=1,mask_rate=0.2,covariate_encoder=summary,input_mode=scheduled_final,input_normalization=b0,evaluation_seasons=recent_two",43,wk inc rsv hosp,2025-2026,US,1,1.0,116.0,111448.70521739133,8856.879130434783,101521.21739130437,1070.608695652174,137668.0,7.0,18.0,36.0,44.0,79324.7408465523,24882.04718183363,49155.63961335304,5287.05405136564,123384.47107465832,57.0,86.0,100.0,107.0,1.4049677821574025,0.1116534266095838,1.279817826164594,0.0134965293832246,0.3136732237167476,0.6196760189666538,0.0666507573165986,0.0603448275862069,0.1551724137931034,0.3103448275862069,0.3793103448275862,0.4913793103448275,0.7413793103448276,0.8620689655172413,0.9224137931034484,C1,vintage
"replay_from=data/experiments/b-2-t0,replay_inputs=vintage,ed_transform=logit,spatial=distance,epochs=300,patience=30,fit_partition=pathogen,supplied_final=1,mask_rate=0.2,covariate_encoder=summary,input_mode=scheduled_final,input_normalization=b0,evaluation_seasons=recent_two",43,wk inc rsv prop ed visits,2025-2026,all,51,0.2,5586.0,5.29091604092566,0.8313689667007121,4.200935275824016,0.2586117984009153,7.2670104987285695,1485.0,2624.0,3174.0,3555.0,4.530466181091006,1.2624880197885668,3.0078391482014357,0.2601390131009845,6.751646223879154,2706.0,4144.0,4680.0,5001.0,1.2580513734839067,0.1948490010954573,1.0148489932965634,0.0483533790918809,0.3535959682986677,0.5860545127207138,0.060349518980613,0.27161086318781,0.4651823689921772,0.5534891428665492,0.6186907630695383,0.5147666229916434,0.7725612543865138,0.86154240300846,0.908627902093687,C1,vintage
"replay_from=data/experiments/b-2-t0,replay_inputs=vintage,ed_transform=logit,spatial=distance,epochs=300,patience=30,fit_partition=pathogen,supplied_final=1,mask_rate=0.2,covariate_encoder=summary,input_mode=scheduled_final,input_normalization=b0,evaluation_seasons=recent_two",43,wk inc rsv prop ed visits,2025-2026,states_dc,50,0.0,5475.0,5.225856884844218,0.8245088703987532,4.1437187206008135,0.2576292938446339,7.185491162858521,1451.0,2573.0,3118.0,3493.0,4.481922043258964,1.2402717937371133,2.9831665637207228,0.2584836858011096,6.672332609887618,2633.0,4042.0,4572.0,4893.0,1.2375126586907346,0.2082320818324442,0.9738987047085926,0.0553818721496925,0.3275824533044074,0.6055055048001255,0.0669120418954619,0.2629370024081859,0.4666130963753567,0.5657353024570604,0.6337238141972833,0.47904386432514,0.7359718382534125,0.8336847605173314,0.8925416343738655,C1,vintage
"replay_from=data/experiments/b-2-t0,replay_inputs=vintage,ed_transform=logit,spatial=distance,epochs=300,patience=30,fit_partition=pathogen,supplied_final=1,mask_rate=0.2,covariate_encoder=summary,input_mode=scheduled_final,input_normalization=b0,evaluation_seasons=recent_two",43,wk inc rsv prop ed visits,2025-2026,US,1,1.0,111.0,0.0650591560814423,0.0068600963019589,0.0572165552232018,0.0009825045562813,0.0815193358700487,34.0,51.0,56.0,62.0,0.0485441378320411,0.0222162260514535,0.0246725844807123,0.0016553272998748,0.0793136139915364,73.0,102.0,108.0,108.0,1.340206232656595,0.1413166781475096,1.178650147648447,0.0202394068606344,0.4576500282757085,0.5082505444030668,0.0340994273212172,0.3063063063063063,0.4594594594594595,0.5045045045045045,0.5585585585585585,0.6576576576576577,0.918918918918919,0.972972972972973,0.972972972972973,C1,vintage
"replay_from=data/experiments/b-2-t0,replay_inputs=vintage,ed_transform=logit,spatial=distance,epochs=300,patience=30,fit_partition=pathogen,supplied_final=1,mask_rate=0.2,covariate_encoder=summary,input_mode=scheduled_final,input_normalization=b0,evaluation_seasons=recent_two",44,wk inc covid hosp,2024-2025,all,52,0.2,6968.0,587898.7817391304,60130.17304347825,470429.3913043478,57339.21739130435,752806.0,2002.0,3465.0,4150.0,4668.0,294095.7264372725,135467.5071866996,122015.56154699084,36612.65770358205,459783.4153206482,3786.0,5746.0,6312.0,6600.0,1.633836042035454,0.209734433532368,1.2777665252823571,0.1463350832207283,0.4380785185746119,0.407628405592174,0.1542930758332142,0.2357330992098331,0.4097453906935909,0.5023119695639451,0.5684518583552826,0.5601112086625696,0.8459467369037169,0.9204565408252854,0.9555458004097164,C1,vintage
"replay_from=data/experiments/b-2-t0,replay_inputs=vintage,ed_transform=logit,spatial=distance,epochs=300,patience=30,fit_partition=pathogen,supplied_final=1,mask_rate=0.2,covariate_encoder=summary,input_mode=scheduled_final,input_normalization=b0,evaluation_seasons=recent_two",44,wk inc covid hosp,2024-2025,states_dc,51,0.0,6834.0,266534.8013043479,39298.67086956521,200622.0434782609,26614.08695652174,362375.0,2001.0,3462.0,4138.0,4652.0,177711.5257127561,72412.19438985428,79788.8120383263,25510.51928457551,270242.3766800353,3701.0,5620.0,6180.0,6467.0,1.3519866205702529,0.2174207694243647,1.017646355803356,0.1169194953425322,0.4121516864040481,0.4188300047704274,0.1690183088255245,0.2928007023705005,0.5065847234416155,0.6055019022534389,0.6807140766754464,0.5415569212759731,0.8223587942639744,0.9043020193151888,0.9462979221539364,C1,vintage
"replay_from=data/experiments/b-2-t0,replay_inputs=vintage,ed_transform=logit,spatial=distance,epochs=300,patience=30,fit_partition=pathogen,supplied_final=1,mask_rate=0.2,covariate_encoder=summary,input_mode=scheduled_final,input_normalization=b0,evaluation_seasons=recent_two",44,wk inc covid hosp,2024-2025,US,1,1.0,134.0,321363.98043478257,20831.50217391304,269807.3478260869,30725.130434782608,390431.0,1.0,3.0,12.0,16.0,116384.20072451644,63055.31279684533,42226.74950866455,11102.138419006547,189541.03864061285,85.0,126.0,132.0,133.0,2.761233727896255,0.1789890899643809,2.318247203198361,0.263997434733513,0.5417858472568663,0.3628220088791609,0.0953921438639727,0.0074626865671641,0.0223880597014925,0.0895522388059701,0.1194029850746268,0.6343283582089553,0.9402985074626866,0.9850746268656716,0.9925373134328358,C1,vintage
"replay_from=data/experiments/b-2-t0,replay_inputs=vintage,ed_transform=logit,spatial=distance,epochs=300,patience=30,fit_partition=pathogen,supplied_final=1,mask_rate=0.2,covariate_encoder=summary,input_mode=scheduled_final,input_normalization=b0,evaluation_seasons=recent_two",44,wk inc covid hosp,2025-2026,all,52,0.2,9048.0,255279.9678260869,49914.22869565218,177198.95652173914,28166.782608695656,360466.0,3613.0,5906.0,6763.0,7299.0,251503.70978939495,102039.96804152089,70756.4623304223,78707.27941745178,396424.6389596296,4576.0,7150.0,7993.0,8484.0,1.045864177567848,0.2420915257829625,0.6548072351439829,0.1489654166409026,0.4039583179592176,0.3059835764748293,0.2900581055659533,0.3574938021185487,0.5896326346630607,0.6838404327248142,0.753346855983773,0.5195176921343251,0.7918187964841109,0.8741717376605818,0.9417399143565476,C1,vintage
"replay_from=data/experiments/b-2-t0,replay_inputs=vintage,ed_transform=logit,spatial=distance,epochs=300,patience=30,fit_partition=pathogen,supplied_final=1,mask_rate=0.2,covariate_encoder=summary,input_mode=scheduled_final,input_normalization=b0,evaluation_seasons=recent_two",44,wk inc covid hosp,2025-2026,states_dc,51,0.0,8874.0,142975.0017391304,38620.26260869566,86777.6956521739,17577.04347826087,213787.0,3583.0,5852.0,6693.0,7209.0,137533.1523161514,55676.68777243521,42712.03193647525,39144.43260724092,215812.05818140364,4475.0,7011.0,7848.0,8317.0,1.0609837782449014,0.2778405394479652,0.620165579454969,0.1629776593419672,0.4032477713441501,0.3209626389317038,0.2757895897241462,0.4037638043723236,0.6594545864322743,0.7542258282623396,0.81237322515213,0.5042821726391706,0.7900608519269777,0.8843813387423937,0.937232364210052,C1,vintage
"replay_from=data/experiments/b-2-t0,replay_inputs=vintage,ed_transform=logit,spatial=distance,epochs=300,patience=30,fit_partition=pathogen,supplied_final=1,mask_rate=0.2,covariate_encoder=summary,input_mode=scheduled_final,input_normalization=b0,evaluation_seasons=recent_two",44,wk inc covid hosp,2025-2026,US,1,1.0,174.0,112304.96608695653,11293.96608695652,90421.26086956522,10589.739130434782,146679.0,30.0,54.0,70.0,90.0,113970.5574732436,46363.28026908566,28044.430393947056,39562.84681021086,180612.58077822597,101.0,139.0,145.0,167.0,0.9853857748596334,0.0990954711229517,0.7933738579000374,0.0929164458366441,0.4068005044194873,0.2460673266473311,0.3471321689331814,0.1724137931034483,0.3103448275862069,0.4022988505747126,0.5172413793103449,0.5804597701149425,0.7988505747126436,0.8333333333333334,0.9597701149425288,C1,vintage
"replay_from=data/experiments/b-2-t0,replay_inputs=vintage,ed_transform=logit,spatial=distance,epochs=300,patience=30,fit_partition=pathogen,supplied_final=1,mask_rate=0.2,covariate_encoder=summary,input_mode=scheduled_final,input_normalization=b0,evaluation_seasons=recent_two",44,wk inc covid prop ed visits,2025-2026,all,52,0.2,5586.0,2.803506434779865,0.6280099398352893,1.1816464924842789,0.9938500024602756,4.050731878646185,1670.0,2923.0,3488.0,3913.0,2.497840451560441,1.156219767170679,0.6581087464717353,0.683511937918007,3.786811202370366,2935.0,4515.0,4987.0,5231.0,1.1011557131868288,0.2560865140002823,0.4006097719323246,0.4444594272542116,0.5391906708735537,0.2297971920394451,0.2310121370869917,0.2776822434261881,0.502643272401058,0.6086579753707783,0.6900581361481017,0.5674912912283155,0.8383349061549755,0.9090629478172731,0.9467491524238932,C1,vintage
"replay_from=data/experiments/b-2-t0,replay_inputs=vintage,ed_transform=logit,spatial=distance,epochs=300,patience=30,fit_partition=pathogen,supplied_final=1,mask_rate=0.2,covariate_encoder=summary,input_mode=scheduled_final,input_normalization=b0,evaluation_seasons=recent_two",44,wk inc covid prop ed visits,2025-2026,states_dc,51,0.0,5476.0,2.7762798905565647,0.622757208936426,1.1760163426066508,0.977506339013466,4.011850528499812,1649.0,2876.0,3427.0,3841.0,2.4713671885012656,1.136099226909532,0.6552800338668678,0.6799879277248464,3.754044683896241,2849.0,4405.0,4877.0,5121.0,1.1193310381997077,0.2705040297855562,0.4475939497770755,0.401233058637066,0.4839802140157255,0.2605335703145489,0.2554862156697166,0.2993755315554623,0.5214859086831407,0.6221861055771092,0.6989363065487634,0.5139095685808489,0.7979186326937193,0.8863286847715913,0.9334364405298664,C1,vintage
"replay_from=data/experiments/b-2-t0,replay_inputs=vintage,ed_transform=logit,spatial=distance,epochs=300,patience=30,fit_partition=pathogen,supplied_final=1,mask_rate=0.2,covariate_encoder=summary,input_mode=scheduled_final,input_normalization=b0,evaluation_seasons=recent_two",44,wk inc covid prop ed visits,2025-2026,US,1,1.0,110.0,0.027226544223301,0.0052527308988632,0.005630149877628,0.0163436634468095,0.0388813501463736,21.0,47.0,61.0,72.0,0.0264732630591753,0.020120540261147,0.0028287126048675,0.0035240101931606,0.0327665184741256,86.0,110.0,110.0,110.0,1.0284544131353133,0.1984164508591867,0.2126730605533208,0.6173649017227943,0.7600324983048661,0.1068516789390302,0.1331158227560923,0.1909090909090909,0.4272727272727272,0.5545454545454546,0.6545454545454545,0.7818181818181819,1.0,1.0,1.0,C1,vintage
"replay_from=data/experiments/b-2-t0,replay_inputs=vintage,ed_transform=logit,spatial=distance,epochs=300,patience=30,fit_partition=pathogen,supplied_final=1,mask_rate=0.2,covariate_encoder=summary,input_mode=scheduled_final,input_normalization=b0,evaluation_seasons=recent_two",44,wk inc flu hosp,2024-2025,all,52,0.2,5616.0,1038945.3460869566,148929.86782608696,871823.2173913043,18192.260869565216,1407560.0,1876.0,3132.0,3724.0,4153.0,997209.4752173912,214134.4317391304,732659.1304347826,50415.91304347826,1363610.0,2943.0,4023.0,4381.0,4604.0,1.0321681090666115,0.1586815041954092,0.8453574213568715,0.0281291835143308,0.221083968559547,0.7136002994462362,0.0653157319942169,0.3202614379084968,0.5436456063907045,0.658641975308642,0.7328976034858391,0.5315541031227307,0.7208424110384896,0.7796659404502543,0.8137618010167033,C1,vintage
"replay_from=data/experiments/b-2-t0,replay_inputs=vintage,ed_transform=logit,spatial=distance,epochs=300,patience=30,fit_partition=pathogen,supplied_final=1,mask_rate=0.2,covariate_encoder=summary,input_mode=scheduled_final,input_normalization=b0,evaluation_seasons=recent_two",44,wk inc flu hosp,2024-2025,states_dc,51,0.0,5508.0,545766.5660869565,89475.26173913044,439247.60869565216,17043.695652173912,757336.0,1848.0,3080.0,3655.0,4077.0,545536.7908695652,116470.22565217387,390693.86956521735,38372.69565217391,755891.0,2882.0,3943.0,4297.0,4519.0,1.0172365887342407,0.1654438651332727,0.8172669729432611,0.0345257506577069,0.2222980022694732,0.7027232314120876,0.0749787663184392,0.3355119825708062,0.5591866376180104,0.6635802469135803,0.7401960784313727,0.5232389251997096,0.7158678286129269,0.7801379811183734,0.8204429920116196,C1,vintage
"replay_from=data/experiments/b-2-t0,replay_inputs=vintage,ed_transform=logit,spatial=distance,epochs=300,patience=30,fit_partition=pathogen,supplied_final=1,mask_rate=0.2,covariate_encoder=summary,input_mode=scheduled_final,input_normalization=b0,evaluation_seasons=recent_two",44,wk inc flu hosp,2024-2025,US,1,1.0,108.0,493178.78,59454.60608695652,432575.60869565216,1148.5652173913045,650224.0,28.0,52.0,69.0,76.0,451672.6843478261,97664.20608695652,341965.26086956525,12043.217391304348,607719.0,61.0,80.0,84.0,85.0,1.0918941903960937,0.1316320604439551,0.957719215011312,0.0025429149408265,0.2162278337198422,0.7571085715828304,0.0266635946973274,0.2592592592592592,0.4814814814814814,0.6388888888888888,0.7037037037037037,0.5648148148148148,0.7407407407407407,0.7777777777777778,0.7870370370370371,C1,vintage
"replay_from=data/experiments/b-2-t0,replay_inputs=vintage,ed_transform=logit,spatial=distance,epochs=300,patience=30,fit_partition=pathogen,supplied_final=1,mask_rate=0.2,covariate_encoder=summary,input_mode=scheduled_final,input_normalization=b0,evaluation_seasons=recent_two",44,wk inc flu hosp,2025-2026,all,52,0.2,5824.0,626063.2930434783,122986.90173913044,430367.3913043478,72709.0,873553.0,2240.0,3483.0,3987.0,4341.0,681987.2230434783,182493.3534782609,344539.7391304348,154954.13043478262,1021199.0,3056.0,4510.0,4990.0,5252.0,0.9707307670800428,0.2049024833024424,0.6738620728377219,0.0919662109398784,0.2795215027822053,0.5126519392462101,0.2078265579715848,0.3630952380952381,0.5766806722689077,0.6752450980392157,0.7396358543417368,0.5267507002801122,0.7781162464985995,0.8568627450980393,0.8984943977591039,C1,vintage
"replay_from=data/experiments/b-2-t0,replay_inputs=vintage,ed_transform=logit,spatial=distance,epochs=300,patience=30,fit_partition=pathogen,supplied_final=1,mask_rate=0.2,covariate_encoder=summary,input_mode=scheduled_final,input_normalization=b0,evaluation_seasons=recent_two",44,wk inc flu hosp,2025-2026,states_dc,51,0.0,5712.0,349181.1730434783,82942.78173913044,228544.3478260869,37694.04347826087,496275.0,2210.0,3429.0,3916.0,4261.0,369731.63260869565,98349.24130434784,189960.8260869565,81421.56521739133,551635.0,2996.0,4421.0,4894.0,5153.0,0.9917343852949,0.224067733371966,0.6807427790688912,0.0869238728540427,0.2820338995276027,0.5170549996731874,0.2009111007992099,0.3869047619047619,0.6003151260504201,0.6855742296918768,0.7459733893557423,0.5245098039215685,0.7739845938375353,0.8567927170868349,0.9021358543417368,C1,vintage
"replay_from=data/experiments/b-2-t0,replay_inputs=vintage,ed_transform=logit,spatial=distance,epochs=300,patience=30,fit_partition=pathogen,supplied_final=1,mask_rate=0.2,covariate_encoder=summary,input_mode=scheduled_final,input_normalization=b0,evaluation_seasons=recent_two",44,wk inc flu hosp,2025-2026,US,1,1.0,112.0,276882.12,40044.12,201823.0434782609,35014.95652173913,377278.0,30.0,54.0,71.0,80.0,312255.5904347826,84144.11217391305,154578.91304347827,73532.5652173913,469564.0,60.0,89.0,96.0,99.0,0.8867162942206132,0.1282414830243481,0.6463392479130439,0.112135563283221,0.2694719158006149,0.4950396975383006,0.2354883866610844,0.2678571428571428,0.4821428571428571,0.6339285714285714,0.7142857142857143,0.5357142857142857,0.7946428571428571,0.8571428571428571,0.8839285714285714,C1,vintage
"replay_from=data/experiments/b-2-t0,replay_inputs=vintage,ed_transform=logit,spatial=distance,epochs=300,patience=30,fit_partition=pathogen,supplied_final=1,mask_rate=0.2,covariate_encoder=summary,input_mode=scheduled_final,input_normalization=b0,evaluation_seasons=recent_two",44,wk inc flu prop ed visits,2025-2026,all,52,0.2,5768.0,39.38711823057066,6.987282815444078,29.87148860077648,2.5283468143500927,54.324745023594936,2029.0,3364.0,3913.0,4275.0,37.45877191682501,10.32540181251476,18.66849846028443,8.464871644025802,55.69990942461097,3125.0,4505.0,4944.0,5205.0,1.0674890154665868,0.1846847828200312,0.8063653497604468,0.076438882886108,0.2959240659437712,0.4861518031545084,0.2179241309017199,0.3353291316526611,0.5705882352941178,0.6658613445378151,0.7346638655462185,0.563200280112045,0.7810574229691877,0.8550420168067228,0.8988795518207284,C1,vintage
"replay_from=data/experiments/b-2-t0,replay_inputs=vintage,ed_transform=logit,spatial=distance,epochs=300,patience=30,fit_partition=pathogen,supplied_final=1,mask_rate=0.2,covariate_encoder=summary,input_mode=scheduled_final,input_normalization=b0,evaluation_seasons=recent_two",44,wk inc flu prop ed visits,2025-2026,states_dc,51,0.0,5656.0,38.813421020679314,6.908889841953036,29.45222522241049,2.452305956315775,53.56225678965137,1998.0,3304.0,3842.0,4193.0,36.85597054744329,10.13762192450928,18.3753233456567,8.343025277277297,54.80314218169003,3050.0,4416.0,4848.0,5105.0,1.0964316464792832,0.198344036170193,0.8340754554790641,0.0640121548300254,0.2920270708891611,0.4861011471818258,0.2218717819290127,0.3499649859943978,0.5793067226890757,0.6738445378151261,0.7352941176470588,0.5365896358543416,0.7776610644257703,0.8545168067226891,0.9003851540616249,C1,vintage
"replay_from=data/experiments/b-2-t0,replay_inputs=vintage,ed_transform=logit,spatial=distance,epochs=300,patience=30,fit_partition=pathogen,supplied_final=1,mask_rate=0.2,covariate_encoder=summary,input_mode=scheduled_final,input_normalization=b0,evaluation_seasons=recent_two",44,wk inc flu prop ed visits,2025-2026,US,1,1.0,112.0,0.5736972098913459,0.0783929734910424,0.4192633783659854,0.0760408580343176,0.7624882339435628,31.0,60.0,71.0,82.0,0.6028013693817165,0.1877798880054818,0.29317511462773,0.1218463667485042,0.8967672429209468,75.0,89.0,96.0,100.0,0.9517184914158004,0.130047769419384,0.6955249268859774,0.1261457951104382,0.3115120461622118,0.4863544270452387,0.2021335267925486,0.2767857142857143,0.5357142857142857,0.6339285714285714,0.7321428571428571,0.6696428571428571,0.7946428571428571,0.8571428571428571,0.8928571428571429,C1,vintage
"replay_from=data/experiments/b-2-t0,replay_inputs=vintage,ed_transform=logit,spatial=distance,epochs=300,patience=30,fit_partition=pathogen,supplied_final=1,mask_rate=0.2,covariate_encoder=summary,input_mode=scheduled_final,input_normalization=b0,evaluation_seasons=recent_two",44,wk inc rsv hosp,2025-2026,all,52,0.2,6032.0,241802.21956521735,47358.30652173913,189644.69565217392,4799.217391304348,354350.0,2289.0,3794.0,4410.0,4823.0,174064.93092191094,53052.087440608055,105063.50795633462,15949.335524968266,270304.41698893777,2589.0,4305.0,4948.0,5364.0,1.2972147581757263,0.3028188785090105,0.9499079787543904,0.0444879009123254,0.3067406302504329,0.5745971360277672,0.1186622337218002,0.3286004056795132,0.5527721433400947,0.6567275185936444,0.7395875591615959,0.4406693711967547,0.7187964841108859,0.8279918864097365,0.8953684922244761,C1,vintage
"replay_from=data/experiments/b-2-t0,replay_inputs=vintage,ed_transform=logit,spatial=distance,epochs=300,patience=30,fit_partition=pathogen,supplied_final=1,mask_rate=0.2,covariate_encoder=summary,input_mode=scheduled_final,input_normalization=b0,evaluation_seasons=recent_two",44,wk inc rsv hosp,2025-2026,states_dc,51,0.0,5916.0,113778.91347826087,31281.087391304347,79138.47826086957,3359.347826086957,178392.0,2277.0,3769.0,4372.0,4768.0,94740.19007535864,28170.04025877443,55907.86834298157,10662.281473602628,146919.94591427944,2532.0,4219.0,4848.0,5257.0,1.2180399594173514,0.3278546045824898,0.8391133742799025,0.0510719805549592,0.3050074818838542,0.5633274152930453,0.1316651028231006,0.3848884381338743,0.6370858688302908,0.7390128465179175,0.8059499661933741,0.4279918864097364,0.7131507775524004,0.8194726166328601,0.8886071670047331,C1,vintage
"replay_from=data/experiments/b-2-t0,replay_inputs=vintage,ed_transform=logit,spatial=distance,epochs=300,patience=30,fit_partition=pathogen,supplied_final=1,mask_rate=0.2,covariate_encoder=summary,input_mode=scheduled_final,input_normalization=b0,evaluation_seasons=recent_two",44,wk inc rsv hosp,2025-2026,US,1,1.0,116.0,128023.30608695652,16077.219130434783,110506.21739130437,1439.8695652173913,175958.0,12.0,25.0,38.0,55.0,79324.7408465523,24882.04718183363,49155.63961335304,5287.05405136564,123384.47107465832,57.0,86.0,100.0,107.0,1.613913953209225,0.2026759742150931,1.3930863966523417,0.0181515823417905,0.3136732237167476,0.6196760189666538,0.0666507573165986,0.1034482758620689,0.2155172413793103,0.3275862068965517,0.4741379310344827,0.4913793103448275,0.7413793103448276,0.8620689655172413,0.9224137931034484,C1,vintage
"replay_from=data/experiments/b-2-t0,replay_inputs=vintage,ed_transform=logit,spatial=distance,epochs=300,patience=30,fit_partition=pathogen,supplied_final=1,mask_rate=0.2,covariate_encoder=summary,input_mode=scheduled_final,input_normalization=b0,evaluation_seasons=recent_two",44,wk inc rsv prop ed visits,2025-2026,all,51,0.2,5586.0,5.710389049215481,1.0525036383395971,4.534388209830575,0.1234972010452891,8.276867584848981,1738.0,2959.0,3562.0,3988.0,4.530466181091006,1.2624880197885668,3.0078391482014357,0.2601390131009845,6.751646223879154,2706.0,4144.0,4680.0,5001.0,1.4916957869511318,0.2513314201600938,1.217999286903641,0.0223650798873912,0.3535959682986677,0.5860545127207138,0.060349518980613,0.274105249161386,0.4924490970760961,0.5951548188077856,0.6702899587373978,0.5147666229916434,0.7725612543865138,0.86154240300846,0.908627902093687,C1,vintage
"replay_from=data/experiments/b-2-t0,replay_inputs=vintage,ed_transform=logit,spatial=distance,epochs=300,patience=30,fit_partition=pathogen,supplied_final=1,mask_rate=0.2,covariate_encoder=summary,input_mode=scheduled_final,input_normalization=b0,evaluation_seasons=recent_two",44,wk inc rsv prop ed visits,2025-2026,states_dc,50,0.0,5475.0,5.612802176302008,1.0419863845298811,4.447853337469388,0.1229624543027198,8.150629399088976,1725.0,2921.0,3515.0,3933.0,4.481922043258964,1.2402717937371133,2.9831665637207228,0.2584836858011096,6.672332609887618,2633.0,4042.0,4572.0,4893.0,1.3620519815788878,0.2600009185137513,1.0768486334857184,0.0252024295794131,0.3275824533044074,0.6055055048001255,0.0669120418954619,0.3133522821724532,0.5299757857595346,0.6380876676538761,0.7139885745478736,0.47904386432514,0.7359718382534125,0.8336847605173314,0.8925416343738655,C1,vintage
"replay_from=data/experiments/b-2-t0,replay_inputs=vintage,ed_transform=logit,spatial=distance,epochs=300,patience=30,fit_partition=pathogen,supplied_final=1,mask_rate=0.2,covariate_encoder=summary,input_mode=scheduled_final,input_normalization=b0,evaluation_seasons=recent_two",44,wk inc rsv prop ed visits,2025-2026,US,1,1.0,111.0,0.0975868729134729,0.0105172538097158,0.0865348723611873,0.0005347467425693,0.1262381857600061,13.0,38.0,47.0,55.0,0.0485441378320411,0.0222162260514535,0.0246725844807123,0.0016553272998748,0.0793136139915364,73.0,102.0,108.0,108.0,2.010271008440109,0.2166534267454635,1.7826019005753313,0.0110156811193038,0.4576500282757085,0.5082505444030668,0.0340994273212172,0.1171171171171171,0.3423423423423423,0.4234234234234234,0.4954954954954955,0.6576576576576577,0.918918918918919,0.972972972972973,0.972972972972973,C1,vintage
"replay_from=data/experiments/b-2-t0,replay_inputs=vintage,ed_transform=logit,spatial=neighbors,epochs=300,patience=30,fit_partition=target,supplied_final=1,mask_rate=0.2,covariate_encoder=summary,covariate_set=kinsa,input_mode=scheduled_final,input_normalization=b0,evaluation_seasons=recent_two",42,wk inc covid hosp,2024-2025,all,52,0.2,6968.0,750353.4052173914,34650.40521739131,675387.7391304348,40315.260869565216,868697.0,945.0,1843.0,2404.0,2885.0,294095.7264372725,135467.5071866996,122015.56154699084,36612.65770358205,459783.4153206482,3786.0,5746.0,6312.0,6600.0,2.078973767529361,0.1257048398771727,1.8560709010582197,0.0971980265939687,0.4380785185746119,0.407628405592174,0.1542930758332142,0.1119988293824992,0.2171202809482002,0.282791922739245,0.3390986245244367,0.5601112086625696,0.8459467369037169,0.9204565408252854,0.9555458004097164,C3,vintage
"replay_from=data/experiments/b-2-t0,replay_inputs=vintage,ed_transform=logit,spatial=neighbors,epochs=300,patience=30,fit_partition=target,supplied_final=1,mask_rate=0.2,covariate_encoder=summary,covariate_set=kinsa,input_mode=scheduled_final,input_normalization=b0,evaluation_seasons=recent_two",42,wk inc covid hosp,2024-2025,states_dc,51,0.0,6834.0,341327.9195652174,22127.39782608696,300501.69565217395,18698.826086956524,415378.0,944.0,1842.0,2403.0,2884.0,177711.5257127561,72412.19438985428,79788.8120383263,25510.51928457551,270242.3766800353,3701.0,5620.0,6180.0,6467.0,1.7201067899864195,0.1302309050816568,1.5148117048323235,0.0750641800724391,0.4121516864040481,0.4188300047704274,0.1690183088255245,0.138132865086333,0.2695346795434592,0.3516242317822652,0.4220076090137548,0.5415569212759731,0.8223587942639744,0.9043020193151888,0.9462979221539364,C3,vintage
"replay_from=data/experiments/b-2-t0,replay_inputs=vintage,ed_transform=logit,spatial=neighbors,epochs=300,patience=30,fit_partition=target,supplied_final=1,mask_rate=0.2,covariate_encoder=summary,covariate_set=kinsa,input_mode=scheduled_final,input_normalization=b0,evaluation_seasons=recent_two",42,wk inc covid hosp,2024-2025,US,1,1.0,134.0,409025.485652174,12523.007391304349,374886.04347826086,21616.434782608696,453319.0,1.0,1.0,1.0,1.0,116384.20072451644,63055.31279684533,42226.74950866455,11102.138419006547,189541.03864061285,85.0,126.0,132.0,133.0,3.5144416777011243,0.1076005790592362,3.2211076859618006,0.185733412680087,0.5417858472568663,0.3628220088791609,0.0953921438639727,0.0074626865671641,0.0074626865671641,0.0074626865671641,0.0074626865671641,0.6343283582089553,0.9402985074626866,0.9850746268656716,0.9925373134328358,C3,vintage
"replay_from=data/experiments/b-2-t0,replay_inputs=vintage,ed_transform=logit,spatial=neighbors,epochs=300,patience=30,fit_partition=target,supplied_final=1,mask_rate=0.2,covariate_encoder=summary,covariate_set=kinsa,input_mode=scheduled_final,input_normalization=b0,evaluation_seasons=recent_two",42,wk inc covid hosp,2025-2026,all,52,0.2,9048.0,317418.2195652174,43094.69782608696,260080.78260869568,14242.739130434782,424379.0,3055.0,5165.0,6066.0,6671.0,251503.70978939495,102039.96804152089,70756.4623304223,78707.27941745178,396424.6389596296,4576.0,7150.0,7993.0,8484.0,1.2183143713206193,0.1941108867083461,0.9318931697226122,0.0923103148896612,0.4039583179592176,0.3059835764748293,0.2900581055659533,0.3124859139057923,0.5387198557583954,0.6358350236646384,0.6988505747126437,0.5195176921343251,0.7918187964841109,0.8741717376605818,0.9417399143565476,C3,vintage
"replay_from=data/experiments/b-2-t0,replay_inputs=vintage,ed_transform=logit,spatial=neighbors,epochs=300,patience=30,fit_partition=target,supplied_final=1,mask_rate=0.2,covariate_encoder=summary,covariate_set=kinsa,input_mode=scheduled_final,input_normalization=b0,evaluation_seasons=recent_two",42,wk inc covid hosp,2025-2026,states_dc,51,0.0,8874.0,162931.0943478261,30465.746521739133,121426.8695652174,11038.478260869564,234101.0,3020.0,5096.0,5982.0,6579.0,137533.1523161514,55676.68777243521,42712.03193647525,39144.43260724092,215812.05818140364,4475.0,7011.0,7848.0,8317.0,1.1840178883364356,0.2149363851438891,0.8607223127398749,0.1083591904526718,0.4032477713441501,0.3209626389317038,0.2757895897241462,0.3403200360604012,0.5742618886635115,0.6741041244083842,0.7413793103448277,0.5042821726391706,0.7900608519269777,0.8843813387423937,0.937232364210052,C3,vintage
"replay_from=data/experiments/b-2-t0,replay_inputs=vintage,ed_transform=logit,spatial=neighbors,epochs=300,patience=30,fit_partition=target,supplied_final=1,mask_rate=0.2,covariate_encoder=summary,covariate_set=kinsa,input_mode=scheduled_final,input_normalization=b0,evaluation_seasons=recent_two",42,wk inc covid hosp,2025-2026,US,1,1.0,174.0,154487.1252173913,12628.951304347824,138653.91304347827,3204.260869565217,190278.0,35.0,69.0,84.0,92.0,113970.5574732436,46363.28026908566,28044.430393947056,39562.84681021086,180612.58077822597,101.0,139.0,145.0,167.0,1.3555003032573532,0.1108088929661739,1.2165765976535603,0.0281148126376188,0.4068005044194873,0.2460673266473311,0.3471321689331814,0.2011494252873563,0.396551724137931,0.4827586206896552,0.5287356321839081,0.5804597701149425,0.7988505747126436,0.8333333333333334,0.9597701149425288,C3,vintage
"replay_from=data/experiments/b-2-t0,replay_inputs=vintage,ed_transform=logit,spatial=neighbors,epochs=300,patience=30,fit_partition=target,supplied_final=1,mask_rate=0.2,covariate_encoder=summary,covariate_set=kinsa,input_mode=scheduled_final,input_normalization=b0,evaluation_seasons=recent_two",42,wk inc covid prop ed visits,2025-2026,all,52,0.2,5586.0,2.552464972427761,0.6221421598530693,0.9682011801052358,0.9621216324694364,3.687462864935336,1703.0,2920.0,3443.0,3822.0,2.497840451560441,1.156219767170679,0.6581087464717353,0.683511937918007,3.786811202370366,2935.0,4515.0,4987.0,5231.0,0.9957965248071216,0.2601614725391698,0.3288879918911296,0.4067470603768134,0.5391906708735537,0.2297971920394451,0.2310121370869917,0.3072575815828411,0.5308301003110693,0.6333016438898793,0.7060018873859705,0.5674912912283155,0.8383349061549755,0.9090629478172731,0.9467491524238932,C3,vintage
"replay_from=data/experiments/b-2-t0,replay_inputs=vintage,ed_transform=logit,spatial=neighbors,epochs=300,patience=30,fit_partition=target,supplied_final=1,mask_rate=0.2,covariate_encoder=summary,covariate_set=kinsa,input_mode=scheduled_final,input_normalization=b0,evaluation_seasons=recent_two",42,wk inc covid prop ed visits,2025-2026,states_dc,51,0.0,5476.0,2.5314060437794343,0.6153893791857993,0.9644250693620716,0.9515915952315444,3.6547265717917896,1667.0,2855.0,3362.0,3731.0,2.4713671885012656,1.136099226909532,0.6552800338668678,0.6799879277248464,3.754044683896241,2849.0,4405.0,4877.0,5121.0,1.0458758699038258,0.2614320226865122,0.3754503251040031,0.4089935221133013,0.4839802140157255,0.2605335703145489,0.2554862156697166,0.3022537951603696,0.5158103526615638,0.6075361457714401,0.6756841774142813,0.5139095685808489,0.7979186326937193,0.8863286847715913,0.9334364405298664,C3,vintage
"replay_from=data/experiments/b-2-t0,replay_inputs=vintage,ed_transform=logit,spatial=neighbors,epochs=300,patience=30,fit_partition=target,supplied_final=1,mask_rate=0.2,covariate_encoder=summary,covariate_set=kinsa,input_mode=scheduled_final,input_normalization=b0,evaluation_seasons=recent_two",42,wk inc covid prop ed visits,2025-2026,US,1,1.0,110.0,0.0210589286483265,0.00675278066727,0.0037761107431643,0.010530037237892,0.0327362931435461,36.0,65.0,81.0,91.0,0.0264732630591753,0.020120540261147,0.0028287126048675,0.0035240101931606,0.0327665184741256,86.0,110.0,110.0,110.0,0.7954791444203047,0.2550792719498002,0.1426386590396356,0.3977612134308612,0.7600324983048661,0.1068516789390302,0.1331158227560923,0.3272727272727272,0.5909090909090909,0.7363636363636363,0.8272727272727273,0.7818181818181819,1.0,1.0,1.0,C3,vintage
"replay_from=data/experiments/b-2-t0,replay_inputs=vintage,ed_transform=logit,spatial=neighbors,epochs=300,patience=30,fit_partition=target,supplied_final=1,mask_rate=0.2,covariate_encoder=summary,covariate_set=kinsa,input_mode=scheduled_final,input_normalization=b0,evaluation_seasons=recent_two",42,wk inc flu hosp,2024-2025,all,52,0.2,5616.0,775826.1908695651,188007.0604347826,522311.5652173913,65507.56521739131,1145028.0,2075.0,3448.0,4018.0,4336.0,997209.4752173912,214134.4317391304,732659.1304347826,50415.91304347826,1363610.0,2943.0,4023.0,4381.0,4604.0,0.8336607805788897,0.1910870486837965,0.5359802188669905,0.1065935130281027,0.221083968559547,0.7136002994462362,0.0653157319942169,0.3747639796659405,0.6270878721859117,0.7320624546114745,0.7884894698620191,0.5315541031227307,0.7208424110384896,0.7796659404502543,0.8137618010167033,C3,vintage
"replay_from=data/experiments/b-2-t0,replay_inputs=vintage,ed_transform=logit,spatial=neighbors,epochs=300,patience=30,fit_partition=target,supplied_final=1,mask_rate=0.2,covariate_encoder=summary,covariate_set=kinsa,input_mode=scheduled_final,input_normalization=b0,evaluation_seasons=recent_two",42,wk inc flu hosp,2024-2025,states_dc,51,0.0,5508.0,442418.0426086956,102239.73826086956,289403.17391304346,50775.130434782615,649211.0,2032.0,3374.0,3931.0,4243.0,545536.7908695652,116470.22565217387,390693.86956521735,38372.69565217391,755891.0,2882.0,3943.0,4297.0,4519.0,0.8575351789172476,0.1913867557880587,0.5410609073980531,0.1250875157311356,0.2222980022694732,0.7027232314120876,0.0749787663184392,0.3689179375453886,0.612563543936093,0.7136891793754541,0.770334059549746,0.5232389251997096,0.7158678286129269,0.7801379811183734,0.8204429920116196,C3,vintage
"replay_from=data/experiments/b-2-t0,replay_inputs=vintage,ed_transform=logit,spatial=neighbors,epochs=300,patience=30,fit_partition=target,supplied_final=1,mask_rate=0.2,covariate_encoder=summary,covariate_set=kinsa,input_mode=scheduled_final,input_normalization=b0,evaluation_seasons=recent_two",42,wk inc flu hosp,2024-2025,US,1,1.0,108.0,333408.14826086955,85767.32217391304,232908.39130434784,14732.434782608696,495817.0,43.0,74.0,87.0,93.0,451672.6843478261,97664.20608695652,341965.26086956525,12043.217391304348,607719.0,61.0,80.0,84.0,85.0,0.7381631872254579,0.1898882202667473,0.5156574647427399,0.0326175022159707,0.2162278337198422,0.7571085715828304,0.0266635946973274,0.3981481481481481,0.6851851851851852,0.8055555555555556,0.8611111111111112,0.5648148148148148,0.7407407407407407,0.7777777777777778,0.7870370370370371,C3,vintage
"replay_from=data/experiments/b-2-t0,replay_inputs=vintage,ed_transform=logit,spatial=neighbors,epochs=300,patience=30,fit_partition=target,supplied_final=1,mask_rate=0.2,covariate_encoder=summary,covariate_set=kinsa,input_mode=scheduled_final,input_normalization=b0,evaluation_seasons=recent_two",42,wk inc flu hosp,2025-2026,all,52,0.2,5824.0,772317.5604347826,97007.77782608697,496825.8260869564,178483.95652173914,1011013.0,1834.0,2962.0,3480.0,3865.0,681987.2230434783,182493.3534782609,344539.7391304348,154954.13043478262,1021199.0,3056.0,4510.0,4990.0,5252.0,1.1220428501545665,0.1610756287971321,0.7743339190701792,0.1866333022872551,0.2795215027822053,0.5126519392462101,0.2078265579715848,0.296358543417367,0.4757352941176472,0.5630952380952382,0.6285364145658263,0.5267507002801122,0.7781162464985995,0.8568627450980393,0.8984943977591039,C3,vintage
"replay_from=data/experiments/b-2-t0,replay_inputs=vintage,ed_transform=logit,spatial=neighbors,epochs=300,patience=30,fit_partition=target,supplied_final=1,mask_rate=0.2,covariate_encoder=summary,covariate_set=kinsa,input_mode=scheduled_final,input_normalization=b0,evaluation_seasons=recent_two",42,wk inc flu hosp,2025-2026,states_dc,51,0.0,5712.0,409181.1,64279.01304347827,285869.9130434782,59032.17391304348,552410.0,1810.0,2925.0,3434.0,3812.0,369731.63260869565,98349.24130434784,189960.8260869565,81421.56521739133,551635.0,2996.0,4421.0,4894.0,5153.0,1.111817006200213,0.1751410301304053,0.799020572403212,0.1376554036665958,0.2820338995276027,0.5170549996731874,0.2009111007992099,0.3168767507002801,0.5120798319327732,0.6011904761904762,0.6673669467787114,0.5245098039215685,0.7739845938375353,0.8567927170868349,0.9021358543417368,C3,vintage
"replay_from=data/experiments/b-2-t0,replay_inputs=vintage,ed_transform=logit,spatial=neighbors,epochs=300,patience=30,fit_partition=target,supplied_final=1,mask_rate=0.2,covariate_encoder=summary,covariate_set=kinsa,input_mode=scheduled_final,input_normalization=b0,evaluation_seasons=recent_two",42,wk inc flu hosp,2025-2026,US,1,1.0,112.0,363136.4604347826,32728.76478260869,210955.91304347824,119451.78260869563,458603.0,24.0,37.0,46.0,53.0,312255.5904347826,84144.11217391305,154578.91304347827,73532.5652173913,469564.0,60.0,89.0,96.0,99.0,1.1629462259719796,0.1048140234640391,0.6755873057380481,0.3825448967698922,0.2694719158006149,0.4950396975383006,0.2354883866610844,0.2142857142857142,0.3303571428571428,0.4107142857142857,0.4732142857142857,0.5357142857142857,0.7946428571428571,0.8571428571428571,0.8839285714285714,C3,vintage
"replay_from=data/experiments/b-2-t0,replay_inputs=vintage,ed_transform=logit,spatial=neighbors,epochs=300,patience=30,fit_partition=target,supplied_final=1,mask_rate=0.2,covariate_encoder=summary,covariate_set=kinsa,input_mode=scheduled_final,input_normalization=b0,evaluation_seasons=recent_two",42,wk inc flu prop ed visits,2025-2026,all,52,0.2,5768.0,34.49664229955593,9.358707564182655,17.03503255719258,8.102902178180674,51.41209419997693,2125.0,3745.0,4316.0,4783.0,37.45877191682501,10.32540181251476,18.66849846028443,8.464871644025802,55.69990942461097,3125.0,4505.0,4944.0,5205.0,0.9247615049040372,0.2660884626167589,0.4356224310469609,0.2230506112403167,0.2959240659437712,0.4861518031545084,0.2179241309017199,0.3849789915966387,0.6597338935574231,0.7583683473389357,0.8355742296918768,0.563200280112045,0.7810574229691877,0.8550420168067228,0.8988795518207284,C3,vintage
"replay_from=data/experiments/b-2-t0,replay_inputs=vintage,ed_transform=logit,spatial=neighbors,epochs=300,patience=30,fit_partition=target,supplied_final=1,mask_rate=0.2,covariate_encoder=summary,covariate_set=kinsa,input_mode=scheduled_final,input_normalization=b0,evaluation_seasons=recent_two",42,wk inc flu prop ed visits,2025-2026,states_dc,51,0.0,5656.0,33.99171326719359,9.196757963497223,16.861756007589907,7.933199296106442,50.6349248178354,2072.0,3663.0,4223.0,4683.0,36.85597054744329,10.13762192450928,18.3753233456567,8.343025277277297,54.80314218169003,3050.0,4416.0,4848.0,5105.0,0.9465425059986348,0.2654451698497873,0.4726650013290422,0.2084323348198046,0.2920270708891611,0.4861011471818258,0.2218717819290127,0.3629201680672269,0.6416316526610645,0.7403711484593839,0.8212535014005604,0.5365896358543416,0.7776610644257703,0.8545168067226891,0.9003851540616249,C3,vintage
"replay_from=data/experiments/b-2-t0,replay_inputs=vintage,ed_transform=logit,spatial=neighbors,epochs=300,patience=30,fit_partition=target,supplied_final=1,mask_rate=0.2,covariate_encoder=summary,covariate_set=kinsa,input_mode=scheduled_final,input_normalization=b0,evaluation_seasons=recent_two",42,wk inc flu prop ed visits,2025-2026,US,1,1.0,112.0,0.5049290323623384,0.1619496006854332,0.1732765496026723,0.1697028820742324,0.7771693821415304,53.0,82.0,93.0,100.0,0.6028013693817165,0.1877798880054818,0.29317511462773,0.1218463667485042,0.8967672429209468,75.0,89.0,96.0,100.0,0.8376375005256473,0.2686616336846452,0.2874521499186361,0.2815237169223651,0.3115120461622118,0.4863544270452387,0.2021335267925486,0.4732142857142857,0.7321428571428571,0.8303571428571429,0.8928571428571429,0.6696428571428571,0.7946428571428571,0.8571428571428571,0.8928571428571429,C3,vintage
"replay_from=data/experiments/b-2-t0,replay_inputs=vintage,ed_transform=logit,spatial=neighbors,epochs=300,patience=30,fit_partition=target,supplied_final=1,mask_rate=0.2,covariate_encoder=summary,covariate_set=kinsa,input_mode=scheduled_final,input_normalization=b0,evaluation_seasons=recent_two",42,wk inc rsv hosp,2025-2026,all,52,0.2,6032.0,166271.88695652172,40922.10434782609,109958.1304347826,15391.652173913042,251609.0,2269.0,3544.0,4148.0,4576.0,174064.93092191094,53052.087440608055,105063.50795633462,15949.335524968266,270304.41698893777,2589.0,4305.0,4948.0,5364.0,1.0381892495595284,0.2376814046400199,0.6833364113591759,0.1171714335603324,0.3067406302504329,0.5745971360277672,0.1186622337218002,0.3735632183908046,0.5856997971602436,0.6864435429344152,0.7665652467883708,0.4406693711967547,0.7187964841108859,0.8279918864097365,0.8953684922244761,C3,vintage
"replay_from=data/experiments/b-2-t0,replay_inputs=vintage,ed_transform=logit,spatial=neighbors,epochs=300,patience=30,fit_partition=target,supplied_final=1,mask_rate=0.2,covariate_encoder=summary,covariate_set=kinsa,input_mode=scheduled_final,input_normalization=b0,evaluation_seasons=recent_two",42,wk inc rsv hosp,2025-2026,states_dc,51,0.0,5916.0,90882.5347826087,24012.88260869565,58492.47826086957,8377.173913043478,135654.0,2227.0,3477.0,4069.0,4483.0,94740.19007535864,28170.04025877443,55907.86834298157,10662.281473602628,146919.94591427944,2532.0,4219.0,4848.0,5257.0,1.0601393401704322,0.2438106212855105,0.6919712695980029,0.1243574492869187,0.3050074818838542,0.5633274152930453,0.1316651028231006,0.3764367816091955,0.5877281947261664,0.6877958079783638,0.7577755240027046,0.4279918864097364,0.7131507775524004,0.8194726166328601,0.8886071670047331,C3,vintage
"replay_from=data/experiments/b-2-t0,replay_inputs=vintage,ed_transform=logit,spatial=neighbors,epochs=300,patience=30,fit_partition=target,supplied_final=1,mask_rate=0.2,covariate_encoder=summary,covariate_set=kinsa,input_mode=scheduled_final,input_normalization=b0,evaluation_seasons=recent_two",42,wk inc rsv hosp,2025-2026,US,1,1.0,116.0,75389.35217391304,16909.221739130437,51465.65217391304,7014.478260869564,115955.0,42.0,67.0,79.0,93.0,79324.7408465523,24882.04718183363,49155.63961335304,5287.05405136564,123384.47107465832,57.0,86.0,100.0,107.0,0.9503888871159129,0.2131645380580573,0.6487969784038683,0.0884273706539872,0.3136732237167476,0.6196760189666538,0.0666507573165986,0.3620689655172414,0.5775862068965517,0.6810344827586207,0.8017241379310345,0.4913793103448275,0.7413793103448276,0.8620689655172413,0.9224137931034484,C3,vintage
"replay_from=data/experiments/b-2-t0,replay_inputs=vintage,ed_transform=logit,spatial=neighbors,epochs=300,patience=30,fit_partition=target,supplied_final=1,mask_rate=0.2,covariate_encoder=summary,covariate_set=kinsa,input_mode=scheduled_final,input_normalization=b0,evaluation_seasons=recent_two",42,wk inc rsv prop ed visits,2025-2026,all,51,0.2,5586.0,5.242639242926117,0.7199986024798197,4.329017138105369,0.1936235023409089,7.11255858880516,1388.0,2482.0,2990.0,3449.0,4.530466181091006,1.2624880197885668,3.0078391482014357,0.2601390131009845,6.751646223879154,2706.0,4144.0,4680.0,5001.0,1.2193544469680275,0.1673275259226394,0.9911541899139498,0.0608727311314326,0.3535959682986677,0.5860545127207138,0.060349518980613,0.2274465265171743,0.417500940689734,0.501524423292987,0.578183291529488,0.5147666229916434,0.7725612543865138,0.86154240300846,0.908627902093687,C3,vintage
"replay_from=data/experiments/b-2-t0,replay_inputs=vintage,ed_transform=logit,spatial=neighbors,epochs=300,patience=30,fit_partition=target,supplied_final=1,mask_rate=0.2,covariate_encoder=summary,covariate_set=kinsa,input_mode=scheduled_final,input_normalization=b0,evaluation_seasons=recent_two",42,wk inc rsv prop ed visits,2025-2026,states_dc,50,0.0,5475.0,5.185089051055676,0.7134388027530142,4.285036934043292,0.1866133142593497,7.036796706353867,1372.0,2447.0,2949.0,3402.0,4.481922043258964,1.2402717937371133,2.9831665637207228,0.2584836858011096,6.672332609887618,2633.0,4042.0,4572.0,4893.0,1.22781230893979,0.1753767509397016,1.01244677914592,0.0399887788541631,0.3275824533044074,0.6055055048001255,0.0669120418954619,0.2482721221104318,0.4430473470333386,0.5345631867738914,0.6168732585560041,0.47904386432514,0.7359718382534125,0.8336847605173314,0.8925416343738655,C3,vintage
"replay_from=data/experiments/b-2-t0,replay_inputs=vintage,ed_transform=logit,spatial=neighbors,epochs=300,patience=30,fit_partition=target,supplied_final=1,mask_rate=0.2,covariate_encoder=summary,covariate_set=kinsa,input_mode=scheduled_final,input_normalization=b0,evaluation_seasons=recent_two",42,wk inc rsv prop ed visits,2025-2026,US,1,1.0,111.0,0.0575501918704417,0.0065597997268055,0.0439802040620765,0.0070101880815592,0.0757618824512929,16.0,35.0,41.0,47.0,0.0485441378320411,0.0222162260514535,0.0246725844807123,0.0016553272998748,0.0793136139915364,73.0,102.0,108.0,108.0,1.1855229990809777,0.1351306258543903,0.9059838329860682,0.1444085402405106,0.4576500282757085,0.5082505444030668,0.0340994273212172,0.1441441441441441,0.3153153153153153,0.3693693693693693,0.4234234234234234,0.6576576576576577,0.918918918918919,0.972972972972973,0.972972972972973,C3,vintage
"replay_from=data/experiments/b-2-t0,replay_inputs=vintage,ed_transform=logit,spatial=neighbors,epochs=300,patience=30,fit_partition=target,supplied_final=1,mask_rate=0.2,covariate_encoder=summary,covariate_set=kinsa,input_mode=scheduled_final,input_normalization=b0,evaluation_seasons=recent_two",43,wk inc covid hosp,2024-2025,all,52,0.2,6968.0,863824.446521739,45272.01173913044,784008.1739130435,34544.260869565216,1010640.0,659.0,1167.0,1623.0,1980.0,294095.7264372725,135467.5071866996,122015.56154699084,36612.65770358205,459783.4153206482,3786.0,5746.0,6312.0,6600.0,2.473113900385621,0.1424031277961041,2.258583398516119,0.0721273740733985,0.4380785185746119,0.407628405592174,0.1542930758332142,0.0771436932982148,0.1366110623353819,0.1899912203687445,0.2331577407082236,0.5601112086625696,0.8459467369037169,0.9204565408252854,0.9555458004097164,C3,vintage
"replay_from=data/experiments/b-2-t0,replay_inputs=vintage,ed_transform=logit,spatial=neighbors,epochs=300,patience=30,fit_partition=target,supplied_final=1,mask_rate=0.2,covariate_encoder=summary,covariate_set=kinsa,input_mode=scheduled_final,input_normalization=b0,evaluation_seasons=recent_two",43,wk inc covid hosp,2024-2025,states_dc,51,0.0,6834.0,413186.8934782608,25146.50217391304,373777.5652173913,14262.826086956524,499061.0,659.0,1167.0,1623.0,1979.0,177711.5257127561,72412.19438985428,79788.8120383263,25510.51928457551,270242.3766800353,3701.0,5620.0,6180.0,6467.0,2.1233968266056245,0.1347731502435573,1.9420301546645051,0.0465935216975622,0.4121516864040481,0.4188300047704274,0.1690183088255245,0.0964296166227685,0.1707638279192274,0.2374890254609306,0.2895815042434884,0.5415569212759731,0.8223587942639744,0.9043020193151888,0.9462979221539364,C3,vintage
"replay_from=data/experiments/b-2-t0,replay_inputs=vintage,ed_transform=logit,spatial=neighbors,epochs=300,patience=30,fit_partition=target,supplied_final=1,mask_rate=0.2,covariate_encoder=summary,covariate_set=kinsa,input_mode=scheduled_final,input_normalization=b0,evaluation_seasons=recent_two",43,wk inc covid hosp,2024-2025,US,1,1.0,134.0,450637.5530434782,20125.50956521739,410230.60869565216,20281.434782608696,511579.0,0.0,0.0,0.0,1.0,116384.20072451644,63055.31279684533,42226.74950866455,11102.138419006547,189541.03864061285,85.0,126.0,132.0,133.0,3.871982195505605,0.1729230380062913,3.5247963739225705,0.1742627835767436,0.5417858472568663,0.3628220088791609,0.0953921438639727,0.0,0.0,0.0,0.0074626865671641,0.6343283582089553,0.9402985074626866,0.9850746268656716,0.9925373134328358,C3,vintage
"replay_from=data/experiments/b-2-t0,replay_inputs=vintage,ed_transform=logit,spatial=neighbors,epochs=300,patience=30,fit_partition=target,supplied_final=1,mask_rate=0.2,covariate_encoder=summary,covariate_set=kinsa,input_mode=scheduled_final,input_normalization=b0,evaluation_seasons=recent_two",43,wk inc covid hosp,2025-2026,all,52,0.2,9048.0,251505.08565217396,54216.694347826095,172220.13043478262,25068.26086956522,367411.0,3454.0,5525.0,6387.0,6903.0,251503.70978939495,102039.96804152089,70756.4623304223,78707.27941745178,396424.6389596296,4576.0,7150.0,7993.0,8484.0,1.0537516432846443,0.237500016950834,0.6872655104450548,0.1289861158887556,0.4039583179592176,0.3059835764748293,0.2900581055659533,0.3611674554879424,0.5828262339418527,0.6806626098715349,0.7377732702276313,0.5195176921343251,0.7918187964841109,0.8741717376605818,0.9417399143565476,C3,vintage
"replay_from=data/experiments/b-2-t0,replay_inputs=vintage,ed_transform=logit,spatial=neighbors,epochs=300,patience=30,fit_partition=target,supplied_final=1,mask_rate=0.2,covariate_encoder=summary,covariate_set=kinsa,input_mode=scheduled_final,input_normalization=b0,evaluation_seasons=recent_two",43,wk inc covid hosp,2025-2026,states_dc,51,0.0,8874.0,143611.50043478262,38520.67434782609,91663.69565217392,13427.13043478261,216081.0,3407.0,5445.0,6288.0,6794.0,137533.1523161514,55676.68777243521,42712.03193647525,39144.43260724092,215812.05818140364,4475.0,7011.0,7848.0,8317.0,1.0805196903940284,0.2624450325406303,0.6823774027739669,0.1356972550794311,0.4032477713441501,0.3209626389317038,0.2757895897241462,0.383930583727744,0.6135902636916837,0.7085868830290738,0.7656073923822403,0.5042821726391706,0.7900608519269777,0.8843813387423937,0.937232364210052,C3,vintage
"replay_from=data/experiments/b-2-t0,replay_inputs=vintage,ed_transform=logit,spatial=neighbors,epochs=300,patience=30,fit_partition=target,supplied_final=1,mask_rate=0.2,covariate_encoder=summary,covariate_set=kinsa,input_mode=scheduled_final,input_normalization=b0,evaluation_seasons=recent_two",43,wk inc covid hosp,2025-2026,US,1,1.0,174.0,107893.58521739132,15696.02,80556.4347826087,11641.13043478261,151330.0,47.0,80.0,99.0,109.0,113970.5574732436,46363.28026908566,28044.430393947056,39562.84681021086,180612.58077822597,101.0,139.0,145.0,167.0,0.9466794548471088,0.1377199545916487,0.7068179411294062,0.1021415591260536,0.4068005044194873,0.2460673266473311,0.3471321689331814,0.2701149425287356,0.4597701149425287,0.5689655172413793,0.6264367816091954,0.5804597701149425,0.7988505747126436,0.8333333333333334,0.9597701149425288,C3,vintage
"replay_from=data/experiments/b-2-t0,replay_inputs=vintage,ed_transform=logit,spatial=neighbors,epochs=300,patience=30,fit_partition=target,supplied_final=1,mask_rate=0.2,covariate_encoder=summary,covariate_set=kinsa,input_mode=scheduled_final,input_normalization=b0,evaluation_seasons=recent_two",43,wk inc covid prop ed visits,2025-2026,all,52,0.2,5586.0,2.598216289308138,0.7183949195174337,1.0607711822713703,0.8190501875193134,3.828600167708799,1870.0,3163.0,3775.0,4133.0,2.497840451560441,1.156219767170679,0.6581087464717353,0.683511937918007,3.786811202370366,2935.0,4515.0,4987.0,5231.0,1.0484561801532328,0.3157407616584151,0.3275120297662161,0.4052033887285913,0.5391906708735537,0.2297971920394451,0.2310121370869917,0.3387212377523797,0.5687455873615045,0.6840432001677678,0.747176260878683,0.5674912912283155,0.8383349061549755,0.9090629478172731,0.9467491524238932,C3,vintage
"replay_from=data/experiments/b-2-t0,replay_inputs=vintage,ed_transform=logit,spatial=neighbors,epochs=300,patience=30,fit_partition=target,supplied_final=1,mask_rate=0.2,covariate_encoder=summary,covariate_set=kinsa,input_mode=scheduled_final,input_normalization=b0,evaluation_seasons=recent_two",43,wk inc covid prop ed visits,2025-2026,states_dc,51,0.0,5476.0,2.5726431624053365,0.7087005799996358,1.0602548666383078,0.8036877157673721,3.7892480295941713,1829.0,3096.0,3693.0,4044.0,2.4713671885012656,1.136099226909532,0.6552800338668678,0.6799879277248464,3.754044683896241,2849.0,4405.0,4877.0,5121.0,1.0690706521540307,0.3031275519369235,0.4045142155919343,0.3614288846251634,0.4839802140157255,0.2605335703145489,0.2554862156697166,0.3302197290086563,0.5586592569291532,0.6686903638460733,0.7316975988256266,0.5139095685808489,0.7979186326937193,0.8863286847715913,0.9334364405298664,C3,vintage
"replay_from=data/experiments/b-2-t0,replay_inputs=vintage,ed_transform=logit,spatial=neighbors,epochs=300,patience=30,fit_partition=target,supplied_final=1,mask_rate=0.2,covariate_encoder=summary,covariate_set=kinsa,input_mode=scheduled_final,input_normalization=b0,evaluation_seasons=recent_two",43,wk inc covid prop ed visits,2025-2026,US,1,1.0,110.0,0.0255731269028022,0.0096943395177979,0.0005163156330625,0.0153624717519413,0.0393521381146274,41.0,67.0,82.0,89.0,0.0264732630591753,0.020120540261147,0.0028287126048675,0.0035240101931606,0.0327665184741256,86.0,110.0,110.0,110.0,0.965998292150041,0.3661936005443812,0.0195032864633429,0.5803014051423028,0.7600324983048661,0.1068516789390302,0.1331158227560923,0.3727272727272727,0.6090909090909091,0.7454545454545455,0.8090909090909091,0.7818181818181819,1.0,1.0,1.0,C3,vintage
"replay_from=data/experiments/b-2-t0,replay_inputs=vintage,ed_transform=logit,spatial=neighbors,epochs=300,patience=30,fit_partition=target,supplied_final=1,mask_rate=0.2,covariate_encoder=summary,covariate_set=kinsa,input_mode=scheduled_final,input_normalization=b0,evaluation_seasons=recent_two",43,wk inc flu hosp,2024-2025,all,52,0.2,5616.0,1212429.371304348,147669.6756521739,1054660.4782608696,10099.217391304348,1673579.0,1387.0,2689.0,3396.0,3907.0,997209.4752173912,214134.4317391304,732659.1304347826,50415.91304347826,1363610.0,2943.0,4023.0,4381.0,4604.0,1.2070111000306722,0.1580868157014974,1.0319263328369297,0.0169979514922454,0.221083968559547,0.7136002994462362,0.0653157319942169,0.2151053013798112,0.4366376180101671,0.5580973129992739,0.65279593318809,0.5315541031227307,0.7208424110384896,0.7796659404502543,0.8137618010167033,C3,vintage
"replay_from=data/experiments/b-2-t0,replay_inputs=vintage,ed_transform=logit,spatial=neighbors,epochs=300,patience=30,fit_partition=target,supplied_final=1,mask_rate=0.2,covariate_encoder=summary,covariate_set=kinsa,input_mode=scheduled_final,input_normalization=b0,evaluation_seasons=recent_two",43,wk inc flu hosp,2024-2025,states_dc,51,0.0,5508.0,648773.4560869565,89229.7604347826,550271.347826087,9272.347826086956,912333.0,1379.0,2662.0,3358.0,3857.0,545536.7908695652,116470.22565217387,390693.86956521735,38372.69565217391,755891.0,2882.0,3943.0,4297.0,4519.0,1.196781362728979,0.1652621340458103,1.0107294601013028,0.0207897685818658,0.2222980022694732,0.7027232314120876,0.0749787663184392,0.2503631082062455,0.4832970225127089,0.6096586782861293,0.7002541757443719,0.5232389251997096,0.7158678286129269,0.7801379811183734,0.8204429920116196,C3,vintage
"replay_from=data/experiments/b-2-t0,replay_inputs=vintage,ed_transform=logit,spatial=neighbors,epochs=300,patience=30,fit_partition=target,supplied_final=1,mask_rate=0.2,covariate_encoder=summary,covariate_set=kinsa,input_mode=scheduled_final,input_normalization=b0,evaluation_seasons=recent_two",43,wk inc flu hosp,2024-2025,US,1,1.0,108.0,563655.9152173913,58439.9152173913,504389.1304347826,826.8695652173913,761246.0,8.0,27.0,38.0,50.0,451672.6843478261,97664.20608695652,341965.26086956525,12043.217391304348,607719.0,61.0,80.0,84.0,85.0,1.2479300492374443,0.1293855423242456,1.116713823779435,0.0018306831337638,0.2162278337198422,0.7571085715828304,0.0266635946973274,0.074074074074074,0.25,0.3518518518518518,0.4629629629629629,0.5648148148148148,0.7407407407407407,0.7777777777777778,0.7870370370370371,C3,vintage
"replay_from=data/experiments/b-2-t0,replay_inputs=vintage,ed_transform=logit,spatial=neighbors,epochs=300,patience=30,fit_partition=target,supplied_final=1,mask_rate=0.2,covariate_encoder=summary,covariate_set=kinsa,input_mode=scheduled_final,input_normalization=b0,evaluation_seasons=recent_two",43,wk inc flu hosp,2025-2026,all,52,0.2,5824.0,623705.5173913044,178077.25652173912,235960.95652173916,209667.3043478261,946660.0,2255.0,3669.0,4275.0,4657.0,681987.2230434783,182493.3534782609,344539.7391304348,154954.13043478262,1021199.0,3056.0,4510.0,4990.0,5252.0,0.9383065813302124,0.2553416535935505,0.4272579309332665,0.2557069968033952,0.2795215027822053,0.5126519392462101,0.2078265579715848,0.4178571428571429,0.6504551820728293,0.7484943977591036,0.8200980392156862,0.5267507002801122,0.7781162464985995,0.8568627450980393,0.8984943977591039,C3,vintage
"replay_from=data/experiments/b-2-t0,replay_inputs=vintage,ed_transform=logit,spatial=neighbors,epochs=300,patience=30,fit_partition=target,supplied_final=1,mask_rate=0.2,covariate_encoder=summary,covariate_set=kinsa,input_mode=scheduled_final,input_normalization=b0,evaluation_seasons=recent_two",43,wk inc flu hosp,2025-2026,states_dc,51,0.0,5712.0,329632.4543478261,95467.84565217391,143859.78260869565,90304.82608695651,503108.0,2193.0,3586.0,4184.0,4555.0,369731.63260869565,98349.24130434784,189960.8260869565,81421.56521739133,551635.0,2996.0,4421.0,4894.0,5153.0,0.9374406340785838,0.2530378100818053,0.4603338027863084,0.2240690212104701,0.2820338995276027,0.5170549996731874,0.2009111007992099,0.3839285714285715,0.6278011204481793,0.7324929971988796,0.7974439775910367,0.5245098039215685,0.7739845938375353,0.8567927170868349,0.9021358543417368,C3,vintage
"replay_from=data/experiments/b-2-t0,replay_inputs=vintage,ed_transform=logit,spatial=neighbors,epochs=300,patience=30,fit_partition=target,supplied_final=1,mask_rate=0.2,covariate_encoder=summary,covariate_set=kinsa,input_mode=scheduled_final,input_normalization=b0,evaluation_seasons=recent_two",43,wk inc flu hosp,2025-2026,US,1,1.0,112.0,294073.0630434783,82609.41086956521,92101.17391304349,119362.47826086955,443552.0,62.0,83.0,91.0,102.0,312255.5904347826,84144.11217391305,154578.91304347827,73532.5652173913,469564.0,60.0,89.0,96.0,99.0,0.941770370336726,0.2645570276405313,0.2949544435210989,0.3822588991750957,0.2694719158006149,0.4950396975383006,0.2354883866610844,0.5535714285714286,0.7410714285714286,0.8125,0.9107142857142856,0.5357142857142857,0.7946428571428571,0.8571428571428571,0.8839285714285714,C3,vintage
"replay_from=data/experiments/b-2-t0,replay_inputs=vintage,ed_transform=logit,spatial=neighbors,epochs=300,patience=30,fit_partition=target,supplied_final=1,mask_rate=0.2,covariate_encoder=summary,covariate_set=kinsa,input_mode=scheduled_final,input_normalization=b0,evaluation_seasons=recent_two",43,wk inc flu prop ed visits,2025-2026,all,52,0.2,5768.0,39.12343229584291,10.122902345482066,12.52168297247139,16.478846977889436,58.51439374069943,2060.0,3621.0,4208.0,4620.0,37.45877191682501,10.32540181251476,18.66849846028443,8.464871644025802,55.69990942461097,3125.0,4505.0,4944.0,5205.0,1.091688433997604,0.2866535567871378,0.3191646707820447,0.4858702064284209,0.2959240659437712,0.4861518031545084,0.2179241309017199,0.3380252100840336,0.6213935574229694,0.7136204481792717,0.7929971988795518,0.563200280112045,0.7810574229691877,0.8550420168067228,0.8988795518207284,C3,vintage
"replay_from=data/experiments/b-2-t0,replay_inputs=vintage,ed_transform=logit,spatial=neighbors,epochs=300,patience=30,fit_partition=target,supplied_final=1,mask_rate=0.2,covariate_encoder=summary,covariate_set=kinsa,input_mode=scheduled_final,input_normalization=b0,evaluation_seasons=recent_two",43,wk inc flu prop ed visits,2025-2026,states_dc,51,0.0,5656.0,38.40628247547508,9.95269891514228,12.39157656551656,16.062006994816223,57.43948680479684,2030.0,3552.0,4133.0,4532.0,36.85597054744329,10.13762192450928,18.3753233456567,8.343025277277297,54.80314218169003,3050.0,4416.0,4848.0,5105.0,1.0671867737423826,0.2877284242149848,0.3449967677274854,0.4344615817999117,0.2920270708891611,0.4861011471818258,0.2218717819290127,0.3555672268907563,0.6227240896358542,0.7246148459383753,0.7948179271708684,0.5365896358543416,0.7776610644257703,0.8545168067226891,0.9003851540616249,C3,vintage
"replay_from=data/experiments/b-2-t0,replay_inputs=vintage,ed_transform=logit,spatial=neighbors,epochs=300,patience=30,fit_partition=target,supplied_final=1,mask_rate=0.2,covariate_encoder=summary,covariate_set=kinsa,input_mode=scheduled_final,input_normalization=b0,evaluation_seasons=recent_two",43,wk inc flu prop ed visits,2025-2026,US,1,1.0,112.0,0.717149820367829,0.1702034303397862,0.1301064069548296,0.4168399830732129,1.0749069359025918,30.0,69.0,75.0,88.0,0.6028013693817165,0.1877798880054818,0.29317511462773,0.1218463667485042,0.8967672429209468,75.0,89.0,96.0,100.0,1.189695075018489,0.2823540870757494,0.2158362830002818,0.6915047049424571,0.3115120461622118,0.4863544270452387,0.2021335267925486,0.2678571428571428,0.6160714285714286,0.6696428571428571,0.7857142857142857,0.6696428571428571,0.7946428571428571,0.8571428571428571,0.8928571428571429,C3,vintage
"replay_from=data/experiments/b-2-t0,replay_inputs=vintage,ed_transform=logit,spatial=neighbors,epochs=300,patience=30,fit_partition=target,supplied_final=1,mask_rate=0.2,covariate_encoder=summary,covariate_set=kinsa,input_mode=scheduled_final,input_normalization=b0,evaluation_seasons=recent_two",43,wk inc rsv hosp,2025-2026,all,52,0.2,6032.0,165402.33260869564,36330.4195652174,118163.86956521738,10908.04347826087,240740.0,2307.0,3714.0,4268.0,4688.0,174064.93092191094,53052.087440608055,105063.50795633462,15949.335524968266,270304.41698893777,2589.0,4305.0,4948.0,5364.0,1.014563630899055,0.2364130349753528,0.6898916654387747,0.0882589304849273,0.3067406302504329,0.5745971360277672,0.1186622337218002,0.3644016227180528,0.5864435429344154,0.6772481406355647,0.7546991210277217,0.4406693711967547,0.7187964841108859,0.8279918864097365,0.8953684922244761,C3,vintage
"replay_from=data/experiments/b-2-t0,replay_inputs=vintage,ed_transform=logit,spatial=neighbors,epochs=300,patience=30,fit_partition=target,supplied_final=1,mask_rate=0.2,covariate_encoder=summary,covariate_set=kinsa,input_mode=scheduled_final,input_normalization=b0,evaluation_seasons=recent_two",43,wk inc rsv hosp,2025-2026,states_dc,51,0.0,5916.0,87126.19478260868,25008.1947826087,55304.34782608695,6813.652173913044,132654.0,2274.0,3661.0,4205.0,4612.0,94740.19007535864,28170.04025877443,55907.86834298157,10662.281473602628,146919.94591427944,2532.0,4219.0,4848.0,5257.0,1.021509317842996,0.2598331491486003,0.6642563967975006,0.0974197718968953,0.3050074818838542,0.5633274152930453,0.1316651028231006,0.3843813387423936,0.6188302907369845,0.7107843137254903,0.7795807978363761,0.4279918864097364,0.7131507775524004,0.8194726166328601,0.8886071670047331,C3,vintage
"replay_from=data/experiments/b-2-t0,replay_inputs=vintage,ed_transform=logit,spatial=neighbors,epochs=300,patience=30,fit_partition=target,supplied_final=1,mask_rate=0.2,covariate_encoder=summary,covariate_set=kinsa,input_mode=scheduled_final,input_normalization=b0,evaluation_seasons=recent_two",43,wk inc rsv hosp,2025-2026,US,1,1.0,116.0,78276.13782608695,11322.224782608697,62859.52173913043,4094.3913043478265,108086.0,33.0,53.0,63.0,76.0,79324.7408465523,24882.04718183363,49155.63961335304,5287.05405136564,123384.47107465832,57.0,86.0,100.0,107.0,0.9867808831232896,0.1427325782823631,0.7924327400038711,0.0516155648370552,0.3136732237167476,0.6196760189666538,0.0666507573165986,0.2844827586206896,0.4568965517241379,0.5431034482758621,0.6551724137931034,0.4913793103448275,0.7413793103448276,0.8620689655172413,0.9224137931034484,C3,vintage
"replay_from=data/experiments/b-2-t0,replay_inputs=vintage,ed_transform=logit,spatial=neighbors,epochs=300,patience=30,fit_partition=target,supplied_final=1,mask_rate=0.2,covariate_encoder=summary,covariate_set=kinsa,input_mode=scheduled_final,input_normalization=b0,evaluation_seasons=recent_two",43,wk inc rsv prop ed visits,2025-2026,all,51,0.2,5586.0,5.242455156536561,1.0695796041185694,3.934381559213435,0.2384939932045365,7.487012976562641,1850.0,3202.0,3758.0,4152.0,4.530466181091006,1.2624880197885668,3.0078391482014357,0.2601390131009845,6.751646223879154,2706.0,4144.0,4680.0,5001.0,1.2023996091136109,0.246336267123351,0.9037259676065874,0.0523373743836655,0.3535959682986677,0.5860545127207138,0.060349518980613,0.3147509414288825,0.5491068729176154,0.6416176305923015,0.7188032188095224,0.5147666229916434,0.7725612543865138,0.86154240300846,0.908627902093687,C3,vintage
"replay_from=data/experiments/b-2-t0,replay_inputs=vintage,ed_transform=logit,spatial=neighbors,epochs=300,patience=30,fit_partition=target,supplied_final=1,mask_rate=0.2,covariate_encoder=summary,covariate_set=kinsa,input_mode=scheduled_final,input_normalization=b0,evaluation_seasons=recent_two",43,wk inc rsv prop ed visits,2025-2026,states_dc,50,0.0,5475.0,5.186229700878769,1.061473896063378,3.8880404059753255,0.2367153988400457,7.4118705156108735,1822.0,3151.0,3700.0,4082.0,4.481922043258964,1.2402717937371133,2.9831665637207228,0.2584836858011096,6.672332609887618,2633.0,4042.0,4572.0,4893.0,1.2134410900831023,0.2661763231070633,0.8910027253442148,0.0562620416318188,0.3275824533044074,0.6055055048001255,0.0669120418954619,0.3303756137230401,0.5715187262821544,0.6713914076097462,0.7408463658542452,0.47904386432514,0.7359718382534125,0.8336847605173314,0.8925416343738655,C3,vintage
"replay_from=data/experiments/b-2-t0,replay_inputs=vintage,ed_transform=logit,spatial=neighbors,epochs=300,patience=30,fit_partition=target,supplied_final=1,mask_rate=0.2,covariate_encoder=summary,covariate_set=kinsa,input_mode=scheduled_final,input_normalization=b0,evaluation_seasons=recent_two",43,wk inc rsv prop ed visits,2025-2026,US,1,1.0,111.0,0.0562254556577921,0.0081057080551915,0.0463411532381091,0.0017785943644908,0.0751424609517676,28.0,51.0,58.0,70.0,0.0485441378320411,0.0222162260514535,0.0246725844807123,0.0016553272998748,0.0793136139915364,73.0,102.0,108.0,108.0,1.1582336852356458,0.1669760431885022,0.9546189366560768,0.0366387053910525,0.4576500282757085,0.5082505444030668,0.0340994273212172,0.2522522522522522,0.4594594594594595,0.5225225225225225,0.6306306306306306,0.6576576576576577,0.918918918918919,0.972972972972973,0.972972972972973,C3,vintage
"replay_from=data/experiments/b-2-t0,replay_inputs=vintage,ed_transform=logit,spatial=neighbors,epochs=300,patience=30,fit_partition=target,supplied_final=1,mask_rate=0.2,covariate_encoder=summary,covariate_set=kinsa,input_mode=scheduled_final,input_normalization=b0,evaluation_seasons=recent_two",44,wk inc covid hosp,2024-2025,all,52,0.2,6968.0,848480.7717391304,33687.38043478261,785568.6521739131,29224.73913043478,962076.0,646.0,1167.0,1529.0,1844.0,294095.7264372725,135467.5071866996,122015.56154699084,36612.65770358205,459783.4153206482,3786.0,5746.0,6312.0,6600.0,2.4083874623738657,0.1138078036511823,2.227439033794202,0.0671406249284813,0.4380785185746119,0.407628405592174,0.1542930758332142,0.0756218905472637,0.1366110623353819,0.1789874158618671,0.2172373426982733,0.5601112086625696,0.8459467369037169,0.9204565408252854,0.9555458004097164,C3,vintage
"replay_from=data/experiments/b-2-t0,replay_inputs=vintage,ed_transform=logit,spatial=neighbors,epochs=300,patience=30,fit_partition=target,supplied_final=1,mask_rate=0.2,covariate_encoder=summary,covariate_set=kinsa,input_mode=scheduled_final,input_normalization=b0,evaluation_seasons=recent_two",44,wk inc covid hosp,2024-2025,states_dc,51,0.0,6834.0,388756.5469565217,20312.981739130435,351851.2608695652,16592.304347826084,457110.0,646.0,1167.0,1529.0,1843.0,177711.5257127561,72412.19438985428,79788.8120383263,25510.51928457551,270242.3766800353,3701.0,5620.0,6180.0,6467.0,2.0229700822176357,0.1135307719950517,1.8526487301974648,0.0567905800251187,0.4121516864040481,0.4188300047704274,0.1690183088255245,0.0945273631840796,0.1707638279192274,0.2237342698273339,0.2696810067310506,0.5415569212759731,0.8223587942639744,0.9043020193151888,0.9462979221539364,C3,vintage
"replay_from=data/experiments/b-2-t0,replay_inputs=vintage,ed_transform=logit,spatial=neighbors,epochs=300,patience=30,fit_partition=target,supplied_final=1,mask_rate=0.2,covariate_encoder=summary,covariate_set=kinsa,input_mode=scheduled_final,input_normalization=b0,evaluation_seasons=recent_two",44,wk inc covid hosp,2024-2025,US,1,1.0,134.0,459724.2247826087,13374.398695652171,433717.39130434784,12632.434782608696,504966.0,0.0,0.0,0.0,1.0,116384.20072451644,63055.31279684533,42226.74950866455,11102.138419006547,189541.03864061285,85.0,126.0,132.0,133.0,3.9500569829987873,0.1149159302757048,3.726600248181151,0.1085408045419318,0.5417858472568663,0.3628220088791609,0.0953921438639727,0.0,0.0,0.0,0.0074626865671641,0.6343283582089553,0.9402985074626866,0.9850746268656716,0.9925373134328358,C3,vintage
"replay_from=data/experiments/b-2-t0,replay_inputs=vintage,ed_transform=logit,spatial=neighbors,epochs=300,patience=30,fit_partition=target,supplied_final=1,mask_rate=0.2,covariate_encoder=summary,covariate_set=kinsa,input_mode=scheduled_final,input_normalization=b0,evaluation_seasons=recent_two",44,wk inc covid hosp,2025-2026,all,52,0.2,9048.0,381057.0847826087,34486.38913043478,329172.347826087,17398.347826086956,482130.0,2357.0,3959.0,4922.0,5659.0,251503.70978939495,102039.96804152089,70756.4623304223,78707.27941745178,396424.6389596296,4576.0,7150.0,7993.0,8484.0,1.400663455613465,0.1563356347417426,1.1481142538670543,0.096213567004668,0.4039583179592176,0.3059835764748293,0.2900581055659533,0.2188415596123507,0.3738562091503268,0.4670272706783863,0.5387649312598604,0.5195176921343251,0.7918187964841109,0.8741717376605818,0.9417399143565476,C3,vintage
"replay_from=data/experiments/b-2-t0,replay_inputs=vintage,ed_transform=logit,spatial=neighbors,epochs=300,patience=30,fit_partition=target,supplied_final=1,mask_rate=0.2,covariate_encoder=summary,covariate_set=kinsa,input_mode=scheduled_final,input_normalization=b0,evaluation_seasons=recent_two",44,wk inc covid hosp,2025-2026,states_dc,51,0.0,8874.0,186117.9160869565,24801.82913043478,150268.47826086957,11047.608695652174,253756.0,2351.0,3943.0,4900.0,5632.0,137533.1523161514,55676.68777243521,42712.03193647525,39144.43260724092,215812.05818140364,4475.0,7011.0,7848.0,8317.0,1.323220705025722,0.1741759867255414,1.0427084168808367,0.1063363014193433,0.4032477713441501,0.3209626389317038,0.2757895897241462,0.264931259860266,0.4443317556907821,0.552174892945684,0.6346630606265496,0.5042821726391706,0.7900608519269777,0.8843813387423937,0.937232364210052,C3,vintage
"replay_from=data/experiments/b-2-t0,replay_inputs=vintage,ed_transform=logit,spatial=neighbors,epochs=300,patience=30,fit_partition=target,supplied_final=1,mask_rate=0.2,covariate_encoder=summary,covariate_set=kinsa,input_mode=scheduled_final,input_normalization=b0,evaluation_seasons=recent_two",44,wk inc covid hosp,2025-2026,US,1,1.0,174.0,194939.1686956522,9684.56,178903.8695652174,6350.739130434782,228374.0,6.0,16.0,22.0,27.0,113970.5574732436,46363.28026908566,28044.430393947056,39562.84681021086,180612.58077822597,101.0,139.0,145.0,167.0,1.7104344579644375,0.0849742268065469,1.5697376018119236,0.055722629345967,0.4068005044194873,0.2460673266473311,0.3471321689331814,0.0344827586206896,0.0919540229885057,0.1264367816091954,0.1551724137931034,0.5804597701149425,0.7988505747126436,0.8333333333333334,0.9597701149425288,C3,vintage
"replay_from=data/experiments/b-2-t0,replay_inputs=vintage,ed_transform=logit,spatial=neighbors,epochs=300,patience=30,fit_partition=target,supplied_final=1,mask_rate=0.2,covariate_encoder=summary,covariate_set=kinsa,input_mode=scheduled_final,input_normalization=b0,evaluation_seasons=recent_two",44,wk inc covid prop ed visits,2025-2026,all,52,0.2,5586.0,2.863160642667765,0.6825517529371633,1.036120086360476,1.1444888033701055,4.131597127120884,1500.0,2653.0,3157.0,3534.0,2.497840451560441,1.156219767170679,0.6581087464717353,0.683511937918007,3.786811202370366,2935.0,4515.0,4987.0,5231.0,1.1881080257900605,0.3074067486982486,0.3219630623646709,0.5587382147271317,0.5391906708735537,0.2297971920394451,0.2310121370869917,0.2903442731816434,0.4949835144990856,0.5937108105274197,0.6622219892116087,0.5674912912283155,0.8383349061549755,0.9090629478172731,0.9467491524238932,C3,vintage
"replay_from=data/experiments/b-2-t0,replay_inputs=vintage,ed_transform=logit,spatial=neighbors,epochs=300,patience=30,fit_partition=target,supplied_final=1,mask_rate=0.2,covariate_encoder=summary,covariate_set=kinsa,input_mode=scheduled_final,input_normalization=b0,evaluation_seasons=recent_two",44,wk inc covid prop ed visits,2025-2026,states_dc,51,0.0,5476.0,2.834707445873037,0.6722557618330085,1.035223811961958,1.127227872078051,4.087606268159242,1456.0,2587.0,3076.0,3445.0,2.4713671885012656,1.136099226909532,0.6552800338668678,0.6799879277248464,3.754044683896241,2849.0,4405.0,4877.0,5121.0,1.2164375474287816,0.2870283448830801,0.3939898694657688,0.5354193330799241,0.4839802140157255,0.2605335703145489,0.2554862156697166,0.2629303414770543,0.4687293931238568,0.5580476040683654,0.6255047592417836,0.5139095685808489,0.7979186326937193,0.8863286847715913,0.9334364405298664,C3,vintage
"replay_from=data/experiments/b-2-t0,replay_inputs=vintage,ed_transform=logit,spatial=neighbors,epochs=300,patience=30,fit_partition=target,supplied_final=1,mask_rate=0.2,covariate_encoder=summary,covariate_set=kinsa,input_mode=scheduled_final,input_normalization=b0,evaluation_seasons=recent_two",44,wk inc covid prop ed visits,2025-2026,US,1,1.0,110.0,0.0284531967947279,0.0102959911041548,0.0008962743985182,0.0172609312920546,0.0439908589616417,44.0,66.0,81.0,89.0,0.0264732630591753,0.020120540261147,0.0028287126048675,0.0035240101931606,0.0327665184741256,86.0,110.0,110.0,110.0,1.074789939235174,0.3889203639589227,0.0338558339602792,0.652013741315962,0.7600324983048661,0.1068516789390302,0.1331158227560923,0.4,0.6,0.7363636363636363,0.8090909090909091,0.7818181818181819,1.0,1.0,1.0,C3,vintage
"replay_from=data/experiments/b-2-t0,replay_inputs=vintage,ed_transform=logit,spatial=neighbors,epochs=300,patience=30,fit_partition=target,supplied_final=1,mask_rate=0.2,covariate_encoder=summary,covariate_set=kinsa,input_mode=scheduled_final,input_normalization=b0,evaluation_seasons=recent_two",44,wk inc flu hosp,2024-2025,all,52,0.2,5616.0,1039281.0582608696,160293.4495652174,850288.043478261,28699.565217391304,1464623.0,1587.0,2862.0,3477.0,3921.0,997209.4752173912,214134.4317391304,732659.1304347826,50415.91304347826,1363610.0,2943.0,4023.0,4381.0,4604.0,1.0514320860674902,0.1680928976303801,0.8394629121389058,0.0438762762982043,0.221083968559547,0.7136002994462362,0.0653157319942169,0.2543936092955701,0.4737109658678287,0.5852214960058099,0.6684822076978942,0.5315541031227307,0.7208424110384896,0.7796659404502543,0.8137618010167033,C3,vintage
"replay_from=data/experiments/b-2-t0,replay_inputs=vintage,ed_transform=logit,spatial=neighbors,epochs=300,patience=30,fit_partition=target,supplied_final=1,mask_rate=0.2,covariate_encoder=summary,covariate_set=kinsa,input_mode=scheduled_final,input_normalization=b0,evaluation_seasons=recent_two",44,wk inc flu hosp,2024-2025,states_dc,51,0.0,5508.0,565728.5586956523,94420.42826086958,450945.30434782617,20362.82608695652,804821.0,1573.0,2828.0,3430.0,3863.0,545536.7908695652,116470.22565217387,390693.86956521735,38372.69565217391,755891.0,2882.0,3943.0,4297.0,4519.0,1.0521796701062895,0.173655525909906,0.8282931685980989,0.0502309755982846,0.2222980022694732,0.7027232314120876,0.0749787663184392,0.2855846042120552,0.5134350036310822,0.622730573710966,0.7013435003631083,0.5232389251997096,0.7158678286129269,0.7801379811183734,0.8204429920116196,C3,vintage
"replay_from=data/experiments/b-2-t0,replay_inputs=vintage,ed_transform=logit,spatial=neighbors,epochs=300,patience=30,fit_partition=target,supplied_final=1,mask_rate=0.2,covariate_encoder=summary,covariate_set=kinsa,input_mode=scheduled_final,input_normalization=b0,evaluation_seasons=recent_two",44,wk inc flu hosp,2024-2025,US,1,1.0,108.0,473552.4995652174,65873.02130434781,399342.7391304348,8336.739130434784,659802.0,14.0,34.0,47.0,58.0,451672.6843478261,97664.20608695652,341965.26086956525,12043.217391304348,607719.0,61.0,80.0,84.0,85.0,1.0484417499122929,0.1458423845122766,0.8841418863021328,0.0184574790978831,0.2162278337198422,0.7571085715828304,0.0266635946973274,0.1296296296296296,0.3148148148148148,0.4351851851851852,0.5370370370370371,0.5648148148148148,0.7407407407407407,0.7777777777777778,0.7870370370370371,C3,vintage
"replay_from=data/experiments/b-2-t0,replay_inputs=vintage,ed_transform=logit,spatial=neighbors,epochs=300,patience=30,fit_partition=target,supplied_final=1,mask_rate=0.2,covariate_encoder=summary,covariate_set=kinsa,input_mode=scheduled_final,input_normalization=b0,evaluation_seasons=recent_two",44,wk inc flu hosp,2025-2026,all,52,0.2,5824.0,666604.3495652174,127507.21913043478,469120.3043478261,69976.82608695651,960288.0,2030.0,3383.0,3975.0,4391.0,681987.2230434783,182493.3534782609,344539.7391304348,154954.13043478262,1021199.0,3056.0,4510.0,4990.0,5252.0,1.0434082570897278,0.1920640953307054,0.7797605832822498,0.0715835784767723,0.2795215027822053,0.5126519392462101,0.2078265579715848,0.3320378151260504,0.5643207282913166,0.6603991596638656,0.7417016806722689,0.5267507002801122,0.7781162464985995,0.8568627450980393,0.8984943977591039,C3,vintage
"replay_from=data/experiments/b-2-t0,replay_inputs=vintage,ed_transform=logit,spatial=neighbors,epochs=300,patience=30,fit_partition=target,supplied_final=1,mask_rate=0.2,covariate_encoder=summary,covariate_set=kinsa,input_mode=scheduled_final,input_normalization=b0,evaluation_seasons=recent_two",44,wk inc flu hosp,2025-2026,states_dc,51,0.0,5712.0,373004.5878260869,75107.06608695652,275962.82608695654,21934.695652173912,531427.0,2001.0,3328.0,3912.0,4314.0,369731.63260869565,98349.24130434784,189960.8260869565,81421.56521739133,551635.0,2996.0,4421.0,4894.0,5153.0,1.069196666192428,0.1981271848936409,0.8200537954867332,0.0510156858120539,0.2820338995276027,0.5170549996731874,0.2009111007992099,0.3503151260504201,0.5826330532212884,0.6848739495798319,0.7552521008403361,0.5245098039215685,0.7739845938375353,0.8567927170868349,0.9021358543417368,C3,vintage
"replay_from=data/experiments/b-2-t0,replay_inputs=vintage,ed_transform=logit,spatial=neighbors,epochs=300,patience=30,fit_partition=target,supplied_final=1,mask_rate=0.2,covariate_encoder=summary,covariate_set=kinsa,input_mode=scheduled_final,input_normalization=b0,evaluation_seasons=recent_two",44,wk inc flu hosp,2025-2026,US,1,1.0,112.0,293599.7617391305,52400.15304347826,193157.4782608696,48042.13043478261,428861.0,29.0,55.0,63.0,77.0,312255.5904347826,84144.11217391305,154578.91304347827,73532.5652173913,469564.0,60.0,89.0,96.0,99.0,0.9402546206789256,0.1678117370789635,0.6185877344643161,0.1538551491356458,0.2694719158006149,0.4950396975383006,0.2354883866610844,0.2589285714285714,0.4910714285714285,0.5625,0.6875,0.5357142857142857,0.7946428571428571,0.8571428571428571,0.8839285714285714,C3,vintage
"replay_from=data/experiments/b-2-t0,replay_inputs=vintage,ed_transform=logit,spatial=neighbors,epochs=300,patience=30,fit_partition=target,supplied_final=1,mask_rate=0.2,covariate_encoder=summary,covariate_set=kinsa,input_mode=scheduled_final,input_normalization=b0,evaluation_seasons=recent_two",44,wk inc flu prop ed visits,2025-2026,all,52,0.2,5768.0,34.94461900981732,8.396639324217098,20.152367455319823,6.395612230280369,51.86692009085001,2115.0,3508.0,4126.0,4556.0,37.45877191682501,10.32540181251476,18.66849846028443,8.464871644025802,55.69990942461097,3125.0,4505.0,4944.0,5205.0,0.9615126442454064,0.2269510285504201,0.5215400470674173,0.2130215686275683,0.2959240659437712,0.4861518031545084,0.2179241309017199,0.3621848739495799,0.5967787114845939,0.7035014005602241,0.7837535014005602,0.563200280112045,0.7810574229691877,0.8550420168067228,0.8988795518207284,C3,vintage
"replay_from=data/experiments/b-2-t0,replay_inputs=vintage,ed_transform=logit,spatial=neighbors,epochs=300,patience=30,fit_partition=target,supplied_final=1,mask_rate=0.2,covariate_encoder=summary,covariate_set=kinsa,input_mode=scheduled_final,input_normalization=b0,evaluation_seasons=recent_two",44,wk inc flu prop ed visits,2025-2026,states_dc,51,0.0,5656.0,34.36879280799091,8.287572725225687,19.9454545299124,6.135765552852802,51.04566669221533,2075.0,3444.0,4050.0,4468.0,36.85597054744329,10.13762192450928,18.3753233456567,8.343025277277297,54.80314218169003,3050.0,4416.0,4848.0,5105.0,0.9630782249633264,0.2384555610591232,0.5661119967224291,0.1585106671817737,0.2920270708891611,0.4861011471818258,0.2218717819290127,0.3634453781512605,0.6031162464985994,0.709733893557423,0.7832633053221291,0.5365896358543416,0.7776610644257703,0.8545168067226891,0.9003851540616249,C3,vintage
"replay_from=data/experiments/b-2-t0,replay_inputs=vintage,ed_transform=logit,spatial=neighbors,epochs=300,patience=30,fit_partition=target,supplied_final=1,mask_rate=0.2,covariate_encoder=summary,covariate_set=kinsa,input_mode=scheduled_final,input_normalization=b0,evaluation_seasons=recent_two",44,wk inc flu prop ed visits,2025-2026,US,1,1.0,112.0,0.5758262018264064,0.1090665989914115,0.2069129254074279,0.2598466774275666,0.8212533986346794,40.0,64.0,76.0,88.0,0.6028013693817165,0.1877798880054818,0.29317511462773,0.1218463667485042,0.8967672429209468,75.0,89.0,96.0,100.0,0.9552503213737256,0.1809328985156077,0.3432522484473702,0.4310651744107468,0.3115120461622118,0.4863544270452387,0.2021335267925486,0.3571428571428571,0.5714285714285714,0.6785714285714286,0.7857142857142857,0.6696428571428571,0.7946428571428571,0.8571428571428571,0.8928571428571429,C3,vintage
"replay_from=data/experiments/b-2-t0,replay_inputs=vintage,ed_transform=logit,spatial=neighbors,epochs=300,patience=30,fit_partition=target,supplied_final=1,mask_rate=0.2,covariate_encoder=summary,covariate_set=kinsa,input_mode=scheduled_final,input_normalization=b0,evaluation_seasons=recent_two",44,wk inc rsv hosp,2025-2026,all,52,0.2,6032.0,235445.8956521739,22692.24347826087,203985.95652173916,8767.695652173912,301852.0,1470.0,2554.0,3133.0,3557.0,174064.93092191094,53052.087440608055,105063.50795633462,15949.335524968266,270304.41698893777,2589.0,4305.0,4948.0,5364.0,1.3532527950517936,0.1505129681826538,1.142558770991526,0.0601810558776134,0.3067406302504329,0.5745971360277672,0.1186622337218002,0.2162609871534821,0.3850912778904666,0.4840432724814064,0.5540906017579446,0.4406693711967547,0.7187964841108859,0.8279918864097365,0.8953684922244761,C3,vintage
"replay_from=data/experiments/b-2-t0,replay_inputs=vintage,ed_transform=logit,spatial=neighbors,epochs=300,patience=30,fit_partition=target,supplied_final=1,mask_rate=0.2,covariate_encoder=summary,covariate_set=kinsa,input_mode=scheduled_final,input_normalization=b0,evaluation_seasons=recent_two",44,wk inc rsv hosp,2025-2026,states_dc,51,0.0,5916.0,119749.75391304347,15632.62347826087,99591.82608695651,4525.304347826086,162634.0,1459.0,2529.0,3095.0,3511.0,94740.19007535864,28170.04025877443,55907.86834298157,10662.281473602628,146919.94591427944,2532.0,4219.0,4848.0,5257.0,1.3269378194758683,0.1658920987762663,1.0991897291356445,0.0618559915639581,0.3050074818838542,0.5633274152930453,0.1316651028231006,0.2466193373901285,0.4274847870182556,0.5231575388776202,0.5934753211629481,0.4279918864097364,0.7131507775524004,0.8194726166328601,0.8886071670047331,C3,vintage
"replay_from=data/experiments/b-2-t0,replay_inputs=vintage,ed_transform=logit,spatial=neighbors,epochs=300,patience=30,fit_partition=target,supplied_final=1,mask_rate=0.2,covariate_encoder=summary,covariate_set=kinsa,input_mode=scheduled_final,input_normalization=b0,evaluation_seasons=recent_two",44,wk inc rsv hosp,2025-2026,US,1,1.0,116.0,115696.14173913044,7059.62,104394.1304347826,4242.391304347826,139218.0,11.0,25.0,38.0,46.0,79324.7408465523,24882.04718183363,49155.63961335304,5287.05405136564,123384.47107465832,57.0,86.0,100.0,107.0,1.4585126973554927,0.0889964458082037,1.3160349384150545,0.0534813131322346,0.3136732237167476,0.6196760189666538,0.0666507573165986,0.0948275862068965,0.2155172413793103,0.3275862068965517,0.396551724137931,0.4913793103448275,0.7413793103448276,0.8620689655172413,0.9224137931034484,C3,vintage
"replay_from=data/experiments/b-2-t0,replay_inputs=vintage,ed_transform=logit,spatial=neighbors,epochs=300,patience=30,fit_partition=target,supplied_final=1,mask_rate=0.2,covariate_encoder=summary,covariate_set=kinsa,input_mode=scheduled_final,input_normalization=b0,evaluation_seasons=recent_two",44,wk inc rsv prop ed visits,2025-2026,all,51,0.2,5586.0,6.581100029970174,0.7719655191120773,5.711759715136506,0.0973747957215729,8.862321887044507,1206.0,2196.0,2790.0,3263.0,4.530466181091006,1.2624880197885668,3.0078391482014357,0.2601390131009845,6.751646223879154,2706.0,4144.0,4680.0,5001.0,1.545533509305298,0.1866989912297636,1.335488748632034,0.0233457694434956,0.3535959682986677,0.5860545127207138,0.060349518980613,0.216178294032871,0.3883944937347771,0.4893999287274336,0.5730744814300178,0.5147666229916434,0.7725612543865138,0.86154240300846,0.908627902093687,C3,vintage
"replay_from=data/experiments/b-2-t0,replay_inputs=vintage,ed_transform=logit,spatial=neighbors,epochs=300,patience=30,fit_partition=target,supplied_final=1,mask_rate=0.2,covariate_encoder=summary,covariate_set=kinsa,input_mode=scheduled_final,input_normalization=b0,evaluation_seasons=recent_two",44,wk inc rsv prop ed visits,2025-2026,states_dc,50,0.0,5475.0,6.511736334914008,0.7642244852949932,5.652049098600786,0.0954627510182114,8.771370521502561,1181.0,2154.0,2739.0,3203.0,4.481922043258964,1.2402717937371133,2.9831665637207228,0.2584836858011096,6.672332609887618,2633.0,4042.0,4572.0,4893.0,1.5746971575669133,0.1935077832143436,1.3618541017912873,0.0193352725612783,0.3275824533044074,0.6055055048001255,0.0669120418954619,0.2139165612347824,0.3908985225738767,0.4968850460444272,0.581207966652387,0.47904386432514,0.7359718382534125,0.8336847605173314,0.8925416343738655,C3,vintage
"replay_from=data/experiments/b-2-t0,replay_inputs=vintage,ed_transform=logit,spatial=neighbors,epochs=300,patience=30,fit_partition=target,supplied_final=1,mask_rate=0.2,covariate_encoder=summary,covariate_set=kinsa,input_mode=scheduled_final,input_normalization=b0,evaluation_seasons=recent_two",44,wk inc rsv prop ed visits,2025-2026,US,1,1.0,111.0,0.0693636950561664,0.0077410338170841,0.0597106165357206,0.0019120447033614,0.0909513655419459,25.0,42.0,51.0,60.0,0.0485441378320411,0.0222162260514535,0.0246725844807123,0.0016553272998748,0.0793136139915364,73.0,102.0,108.0,108.0,1.4288789162588351,0.1594638232914439,1.2300273359950205,0.0393877569723652,0.4576500282757085,0.5082505444030668,0.0340994273212172,0.2252252252252252,0.3783783783783784,0.4594594594594595,0.5405405405405406,0.6576576576576577,0.918918918918919,0.972972972972973,0.972972972972973,C3,vintage
