issuance,cutoff_utc,hub,commit,path,blob,file_publication
2023-10-04,2023-10-05T03:00:00+00:00,flusight,e23ce14d0b32e88108d90d46dd2cf2814ef6acd9,target-data/target-hospital-admissions.csv,d181f3f6b936ba475d1fe809c404c7d4e439153f,2023-10-04T12:12:04-04:00
2023-10-11,2023-10-12T03:00:00+00:00,flusight,86ecf4019e27536b5e950a70a180035cf953ec2a,target-data/target-hospital-admissions.csv,b500f10739bd0d473a4536ad038d4995174a420b,2023-10-11T21:38:55+00:00
2023-10-18,2023-10-19T03:00:00+00:00,flusight,0f317bc6b4cff0091c89e4254bdd6624ae64b920,target-data/target-hospital-admissions.csv,c50bf7f1a7b783701ba83046a50748d9e21009aa,2023-10-18T13:55:24-04:00
2023-10-25,2023-10-26T03:00:00+00:00,flusight,1905487b9b7cc3772c91d26f73a2d16e8fd95245,target-data/target-hospital-admissions.csv,63e73a2480348a3349fdf629c656fc04130595bb,2023-10-25T16:28:44+00:00
2023-11-01,2023-11-02T03:00:00+00:00,flusight,48ed6f6bdaaca7db6dc825f4e68fd9f0445689cd,target-data/target-hospital-admissions.csv,016ba933307827c89681a71798cba2cd337b1699,2023-11-01T16:27:08+00:00
2023-11-08,2023-11-09T04:00:00+00:00,flusight,59fc5dfa07b1def1b58ec854d85fd607eb618622,target-data/target-hospital-admissions.csv,1ad6c25893d4ffb75f5788b720520d533e2f8beb,2023-11-08T17:49:29+00:00
2023-11-15,2023-11-16T04:00:00+00:00,flusight,a1ace56b00fc8fe1bdcdf90d44e2357cd94154d9,target-data/target-hospital-admissions.csv,8443f454a722c70fe063bcc0ef51a0706098b70e,2023-11-15T17:24:14+00:00
2023-11-22,2023-11-23T04:00:00+00:00,flusight,a1d7f5e71f6e38f2bf6dd35d61151d630b235e62,target-data/target-hospital-admissions.csv,9eefd6f18dcf32092b5e0715f72ba91b853dcfc5,2023-11-22T17:24:26+00:00
2023-11-29,2023-11-30T04:00:00+00:00,flusight,f1e5a509c293692b28b603a8d623af842f381d85,target-data/target-hospital-admissions.csv,3da0e61ef05e9e65ae66a668a956d8303c272e5b,2023-11-29T17:26:31+00:00
2023-12-06,2023-12-07T04:00:00+00:00,flusight,9e9d4c8e4885166a6a45cd90961e72545b09cb8e,target-data/target-hospital-admissions.csv,f3a824e8968e7a6ef2add2f906bef8e3923d5aa0,2023-12-06T17:24:17+00:00
2023-12-13,2023-12-14T04:00:00+00:00,flusight,bb18b10e458bfd70f024223ccb899dc9960b63f2,target-data/target-hospital-admissions.csv,59cccf678488a48bca7f47e4c600ff9999c5801c,2023-12-13T17:29:34+00:00
2023-12-20,2023-12-21T04:00:00+00:00,flusight,1db2c91c2c4479c1dde0d02072fb487725b3ab92,target-data/target-hospital-admissions.csv,c57dcfee2f6c730f2d71f4ff45530bf3a50fbc84,2023-12-20T17:23:19+00:00
2023-12-27,2023-12-28T04:00:00+00:00,flusight,333c66b32a17c39d1700e8a05f82f3a657bcfe79,target-data/target-hospital-admissions.csv,2b9df0debfac01ca9f295f4c851b0a2a2ef4dea7,2023-12-27T17:23:21+00:00
2024-01-03,2024-01-04T04:00:00+00:00,flusight,702c7ceac4635ccd045a375dbd1a6ef5e14425d0,target-data/target-hospital-admissions.csv,7f42b66f27e0578d4591798a6b4e2c0e52fffa8a,2024-01-03T17:23:58+00:00
2024-01-10,2024-01-11T04:00:00+00:00,flusight,f75e08eb526f911d1c77b1926b636aa39e655817,target-data/target-hospital-admissions.csv,de1ef1d9955dc28f77215dbf343bbd781187ac5c,2024-01-10T17:25:19+00:00
2024-01-17,2024-01-18T04:00:00+00:00,flusight,3e4861d48be593953d784b78b79170d9f4445163,target-data/target-hospital-admissions.csv,fb192e5572e60f503f59362d623e1a4a3a3023df,2024-01-17T17:24:46+00:00
2024-01-24,2024-01-25T04:00:00+00:00,flusight,2a8a234fb0c35aad31e46c514b6a2be3a93c1edd,target-data/target-hospital-admissions.csv,fb3cd6973818074f46a98d749ac737f0a40f39e3,2024-01-24T17:23:59+00:00
2024-01-31,2024-02-01T04:00:00+00:00,flusight,d195084c9fdd50b5ea0de22abb352e43f895daa0,target-data/target-hospital-admissions.csv,7891c9a3e2ad008b50cc3467217efd76c277abb8,2024-01-31T17:24:06+00:00
2024-02-07,2024-02-08T04:00:00+00:00,flusight,2f368ff500196c638c5760cf4db5c9c6dea38ed0,target-data/target-hospital-admissions.csv,8fe68191cd43ecd61fdfa0c3294572d507437dfd,2024-02-07T17:23:56+00:00
2024-02-14,2024-02-15T04:00:00+00:00,flusight,4bee2567c507869e8933cf778f5611d7c6e681fd,target-data/target-hospital-admissions.csv,4ba9fd8ceae55316dd07f4d8514958f8944c8c54,2024-02-14T17:23:43+00:00
2024-02-21,2024-02-22T04:00:00+00:00,flusight,74b34a633e7a4a52ad17c10ab4678f7ee5f26a5a,target-data/target-hospital-admissions.csv,1c21dc36960771b8d765afc3d89f51e7edb1a08c,2024-02-21T17:26:24+00:00
2024-02-28,2024-02-29T04:00:00+00:00,flusight,604b42450f9c3a69e30c690da8c2b8b88d1e4b4c,target-data/target-hospital-admissions.csv,0653534d5955d6ac69b0a1ce2e60ab523d099580,2024-02-28T17:23:57+00:00
2024-03-06,2024-03-07T04:00:00+00:00,flusight,6e0e8c86fbf4eef3d33030e23046de64f3355dc1,target-data/target-hospital-admissions.csv,1ef58cae2b5b932a339f3d5631e6f692f4d5db9d,2024-03-06T17:24:52+00:00
2024-03-13,2024-03-14T03:00:00+00:00,flusight,3e28c0bf7f9e02b727fee527413780ba1b75b3ff,target-data/target-hospital-admissions.csv,e1452257c5c347dcd49eff6779fcb3d917a1a60f,2024-03-13T16:24:40+00:00
2024-03-20,2024-03-21T03:00:00+00:00,flusight,ea3022f42a6961a2f1f73e790198e0d310387711,target-data/target-hospital-admissions.csv,6c5763c5474a8dd912ee6f90a5df75ab2640078c,2024-03-20T16:24:57+00:00
2024-03-27,2024-03-28T03:00:00+00:00,flusight,41be3b2c35fde84806d2c769e252da861f52c9b5,target-data/target-hospital-admissions.csv,047db680043455a947bd7830eb37a7601b53c88a,2024-03-27T16:25:25+00:00
2024-04-03,2024-04-04T03:00:00+00:00,flusight,1d68602d00577ec7678f59c968f68d4a35b12147,target-data/target-hospital-admissions.csv,9869598c0f7edc94c7666605d146130a0fd440c9,2024-04-03T16:25:18+00:00
2024-04-10,2024-04-11T03:00:00+00:00,flusight,0f7f34c4a42ab2b1c7967a95505fa42d5b1f8421,target-data/target-hospital-admissions.csv,a71201991f1206de68d800fa9adaaa3912489f03,2024-04-10T16:24:53+00:00
2024-04-17,2024-04-18T03:00:00+00:00,flusight,e9be8ee05b3fcd6538f795d48e379029bf89d67c,target-data/target-hospital-admissions.csv,003074f0b25facee4f720b054894cac91b7e57f3,2024-04-17T16:24:39+00:00
2024-04-24,2024-04-25T03:00:00+00:00,flusight,45be9f80800a2e9a8569ce9b8ca893eaccaea26b,target-data/target-hospital-admissions.csv,7586d2d0e46e7b57c01e43ab7f382ae6073eda95,2024-04-24T16:23:11+00:00
2024-05-01,2024-05-02T03:00:00+00:00,flusight,1380aa4aaf32362df7f19f4e2423a28f00b33e72,target-data/target-hospital-admissions.csv,94204f175a2fcc3ce28ebafc7554faa43d45894c,2024-05-01T16:24:40+00:00
2024-05-08,2024-05-09T03:00:00+00:00,flusight,7c0a9928af60903409631fd094ed5c0e21ff2f19,target-data/target-hospital-admissions.csv,43290650daef31c458c8bd478025c5b38b7d9eb0,2024-05-06T15:39:32+00:00
2024-05-15,2024-05-16T03:00:00+00:00,flusight,7c0a9928af60903409631fd094ed5c0e21ff2f19,target-data/target-hospital-admissions.csv,43290650daef31c458c8bd478025c5b38b7d9eb0,2024-05-06T15:39:32+00:00
2024-05-22,2024-05-23T03:00:00+00:00,flusight,eae860af31594c45a2edf5f1f68b7577977221f1,target-data/target-hospital-admissions.csv,43290650daef31c458c8bd478025c5b38b7d9eb0,2024-05-06T15:39:32+00:00
2024-05-29,2024-05-30T03:00:00+00:00,flusight,eae860af31594c45a2edf5f1f68b7577977221f1,target-data/target-hospital-admissions.csv,43290650daef31c458c8bd478025c5b38b7d9eb0,2024-05-06T15:39:32+00:00
2024-06-05,2024-06-06T03:00:00+00:00,flusight,eae860af31594c45a2edf5f1f68b7577977221f1,target-data/target-hospital-admissions.csv,43290650daef31c458c8bd478025c5b38b7d9eb0,2024-05-06T15:39:32+00:00
2024-06-12,2024-06-13T03:00:00+00:00,flusight,eae860af31594c45a2edf5f1f68b7577977221f1,target-data/target-hospital-admissions.csv,43290650daef31c458c8bd478025c5b38b7d9eb0,2024-05-06T15:39:32+00:00
2024-06-19,2024-06-20T03:00:00+00:00,flusight,eae860af31594c45a2edf5f1f68b7577977221f1,target-data/target-hospital-admissions.csv,43290650daef31c458c8bd478025c5b38b7d9eb0,2024-05-06T15:39:32+00:00
2024-06-26,2024-06-27T03:00:00+00:00,flusight,eae860af31594c45a2edf5f1f68b7577977221f1,target-data/target-hospital-admissions.csv,43290650daef31c458c8bd478025c5b38b7d9eb0,2024-05-06T15:39:32+00:00
2024-07-03,2024-07-04T03:00:00+00:00,flusight,eae860af31594c45a2edf5f1f68b7577977221f1,target-data/target-hospital-admissions.csv,43290650daef31c458c8bd478025c5b38b7d9eb0,2024-05-06T15:39:32+00:00
2024-07-10,2024-07-11T03:00:00+00:00,flusight,eae860af31594c45a2edf5f1f68b7577977221f1,target-data/target-hospital-admissions.csv,43290650daef31c458c8bd478025c5b38b7d9eb0,2024-05-06T15:39:32+00:00
2024-07-17,2024-07-18T03:00:00+00:00,flusight,eae860af31594c45a2edf5f1f68b7577977221f1,target-data/target-hospital-admissions.csv,43290650daef31c458c8bd478025c5b38b7d9eb0,2024-05-06T15:39:32+00:00
2024-07-24,2024-07-25T03:00:00+00:00,flusight,eae860af31594c45a2edf5f1f68b7577977221f1,target-data/target-hospital-admissions.csv,43290650daef31c458c8bd478025c5b38b7d9eb0,2024-05-06T15:39:32+00:00
2024-07-31,2024-08-01T03:00:00+00:00,flusight,eae860af31594c45a2edf5f1f68b7577977221f1,target-data/target-hospital-admissions.csv,43290650daef31c458c8bd478025c5b38b7d9eb0,2024-05-06T15:39:32+00:00
2024-08-07,2024-08-08T03:00:00+00:00,flusight,eae860af31594c45a2edf5f1f68b7577977221f1,target-data/target-hospital-admissions.csv,43290650daef31c458c8bd478025c5b38b7d9eb0,2024-05-06T15:39:32+00:00
2024-08-14,2024-08-15T03:00:00+00:00,flusight,eae860af31594c45a2edf5f1f68b7577977221f1,target-data/target-hospital-admissions.csv,43290650daef31c458c8bd478025c5b38b7d9eb0,2024-05-06T15:39:32+00:00
2024-08-21,2024-08-22T03:00:00+00:00,flusight,eae860af31594c45a2edf5f1f68b7577977221f1,target-data/target-hospital-admissions.csv,43290650daef31c458c8bd478025c5b38b7d9eb0,2024-05-06T15:39:32+00:00
2024-08-28,2024-08-29T03:00:00+00:00,flusight,dde0d620d349854266c5a0217df9956ae17670f9,target-data/target-hospital-admissions.csv,43290650daef31c458c8bd478025c5b38b7d9eb0,2024-05-06T15:39:32+00:00
2024-09-04,2024-09-05T03:00:00+00:00,flusight,dde0d620d349854266c5a0217df9956ae17670f9,target-data/target-hospital-admissions.csv,43290650daef31c458c8bd478025c5b38b7d9eb0,2024-05-06T15:39:32+00:00
2024-09-11,2024-09-12T03:00:00+00:00,flusight,dde0d620d349854266c5a0217df9956ae17670f9,target-data/target-hospital-admissions.csv,43290650daef31c458c8bd478025c5b38b7d9eb0,2024-05-06T15:39:32+00:00
2024-09-18,2024-09-19T03:00:00+00:00,flusight,dde0d620d349854266c5a0217df9956ae17670f9,target-data/target-hospital-admissions.csv,43290650daef31c458c8bd478025c5b38b7d9eb0,2024-05-06T15:39:32+00:00
2024-09-25,2024-09-26T03:00:00+00:00,flusight,3dabb917966fdf6c8962622dd26125fca8d8470b,target-data/target-hospital-admissions.csv,43290650daef31c458c8bd478025c5b38b7d9eb0,2024-05-06T15:39:32+00:00
2024-10-02,2024-10-03T03:00:00+00:00,flusight,afe84c2109f34959a5c27be61ed551101bd44304,target-data/target-hospital-admissions.csv,43290650daef31c458c8bd478025c5b38b7d9eb0,2024-05-06T15:39:32+00:00
2024-10-09,2024-10-10T03:00:00+00:00,flusight,afe84c2109f34959a5c27be61ed551101bd44304,target-data/target-hospital-admissions.csv,43290650daef31c458c8bd478025c5b38b7d9eb0,2024-05-06T15:39:32+00:00
2024-10-16,2024-10-17T03:00:00+00:00,flusight,6cc4dc7a492a0c043302eb786037acc05304bbbb,target-data/target-hospital-admissions.csv,43290650daef31c458c8bd478025c5b38b7d9eb0,2024-05-06T15:39:32+00:00
2024-10-23,2024-10-24T03:00:00+00:00,flusight,6cc4dc7a492a0c043302eb786037acc05304bbbb,target-data/target-hospital-admissions.csv,43290650daef31c458c8bd478025c5b38b7d9eb0,2024-05-06T15:39:32+00:00
2024-10-30,2024-10-31T03:00:00+00:00,flusight,6cc4dc7a492a0c043302eb786037acc05304bbbb,target-data/target-hospital-admissions.csv,43290650daef31c458c8bd478025c5b38b7d9eb0,2024-05-06T15:39:32+00:00
2024-11-06,2024-11-07T04:00:00+00:00,flusight,65eea6645993e1c255db1ae16df8170ee203dca8,target-data/target-hospital-admissions.csv,43290650daef31c458c8bd478025c5b38b7d9eb0,2024-05-06T15:39:32+00:00
2024-11-13,2024-11-14T04:00:00+00:00,flusight,85a7f5e3fd5f22153d5607b4c2b5ab8af167a186,target-data/target-hospital-admissions.csv,43290650daef31c458c8bd478025c5b38b7d9eb0,2024-05-06T15:39:32+00:00
2024-11-20,2024-11-21T04:00:00+00:00,flusight,c207db4dfb7da45a0b028a78fd84ffa2bd5197cf,target-data/target-hospital-admissions.csv,7664f52b76e7dbf202755341dc4ab5891d0478da,2024-11-20T12:51:56-05:00
2024-11-27,2024-11-28T04:00:00+00:00,flusight,f640fc205e3f3b0d63b4c022fa94ef2cd531c905,target-data/target-hospital-admissions.csv,36c361638dc9039c6db6c1a38ba6b478574d2433,2024-11-27T12:10:19-05:00
2024-12-04,2024-12-05T04:00:00+00:00,flusight,3254dbae4662177f29c5560d929cd4d602bbf905,target-data/target-hospital-admissions.csv,51392458ace353ca461cb97c5314bb6bc01cf0b7,2024-12-04T17:06:54+00:00
2024-12-11,2024-12-12T04:00:00+00:00,flusight,4dfcc4461fd2d3c1a9554c6525e9891485332cd9,target-data/target-hospital-admissions.csv,42d37c7ca9350312bda5d9cad34488e7b602c4ca,2024-12-11T18:40:47+00:00
2024-12-18,2024-12-19T04:00:00+00:00,flusight,aef6bef878b533f1ec1171fae7539741149c7140,target-data/target-hospital-admissions.csv,bc8ec9975192dc32469794dd542a751e19e8caf5,2024-12-18T16:24:50+00:00
2024-12-25,2024-12-27T04:00:00+00:00,flusight,61fd5010bd6d169fc395e4b4ccc0b8ffabc33d8e,target-data/target-hospital-admissions.csv,77cd7357cb7c0419354ce34f2cbd958c4678fdf1,2024-12-26T14:54:18+00:00
2025-01-01,2025-01-03T04:00:00+00:00,flusight,96ba455eeb60e66cff276101d2362c587fa0fab0,target-data/target-hospital-admissions.csv,82e29ec57cf547560c92976c900c63125f0b8f7f,2025-01-02T16:18:29+00:00
2025-01-08,2025-01-09T04:00:00+00:00,flusight,48862d1d6b3baba74cd3292160e1fafd993d9cf9,target-data/target-hospital-admissions.csv,6b708a0755a20055809af348af6a3c05ab29bd77,2025-01-08T18:26:56+00:00
2025-01-15,2025-01-16T04:00:00+00:00,flusight,8135507e0670cc1718a2c886517d2d2ec3831982,target-data/target-hospital-admissions.csv,ebaacea44ca44ef5ec7cc0a54869739b801fb9fe,2025-01-15T16:24:35+00:00
2025-01-22,2025-01-23T04:00:00+00:00,flusight,4b5137e50e1e0bd088b37ec0e3f15a9f13f016cc,target-data/target-hospital-admissions.csv,ebaacea44ca44ef5ec7cc0a54869739b801fb9fe,2025-01-15T16:24:35+00:00
2025-01-29,2025-01-30T04:00:00+00:00,flusight,5fe1d98ef5e3bc7ff93d07f88169ef44b90d38d8,target-data/target-hospital-admissions.csv,dccddadc5464b392ccca83b214f8e7d42e577317,2025-01-29T16:03:44+00:00
2025-02-05,2025-02-06T04:00:00+00:00,flusight,bc1b5425b67ce79f2faed1d7c8388d204de714ad,target-data/target-hospital-admissions.csv,9d7d20a48c3557a6cb1a92a42e62d65292dc8d76,2025-02-05T17:25:53+00:00
2025-02-12,2025-02-13T04:00:00+00:00,flusight,999ab30b58e413f3b1e910f7942cdd2d72be6c66,target-data/target-hospital-admissions.csv,a66b276503048eb32cd9c689c5728e0a197b863f,2025-02-12T16:53:52+00:00
2025-02-19,2025-02-20T04:00:00+00:00,flusight,4e8607089a9cfdf458e0a7036d726030e314eb73,target-data/target-hospital-admissions.csv,401d25366c6797a6c8e97b5eb19a949daf0cb5a3,2025-02-19T16:56:16+00:00
2025-02-26,2025-02-27T04:00:00+00:00,flusight,7708e9c230842919d99fcbd6b5a4f879e55506de,target-data/target-hospital-admissions.csv,58b04217157c40e76ed057cf2db867152efa4357,2025-02-26T17:26:29+00:00
2025-03-05,2025-03-06T04:00:00+00:00,flusight,1ccd4fb3c1dc1441346bd6e8b2d6b4bdfa9063cf,target-data/target-hospital-admissions.csv,71b1031813e22ea230e9672b7f7ae504ed59f160,2025-03-05T16:54:38+00:00
2025-03-12,2025-03-13T03:00:00+00:00,flusight,3d1f23115c1d542caf2470baf43abc40dc2c57be,target-data/target-hospital-admissions.csv,c986114096e40373ed823c1ea9d08b3014335c71,2025-03-12T16:06:06+00:00
2025-03-19,2025-03-20T03:00:00+00:00,flusight,904ceac77b14bf814cc2cbc8910789f2a97fb34f,target-data/target-hospital-admissions.csv,11ebabf7a24162f001be7444aacf8a94566ff7c4,2025-03-19T16:55:26+00:00
2025-03-26,2025-03-27T03:00:00+00:00,flusight,ee564d084781266d159c07075457d5c9b966572e,target-data/target-hospital-admissions.csv,8585943a8e1f62590827ac5223ce8a1b387e084c,2025-03-26T16:01:59+00:00
2025-04-02,2025-04-03T03:00:00+00:00,flusight,5f5a504205633515836d4329058a0ddd0b0668cd,target-data/target-hospital-admissions.csv,b74dd757e6a30297a79eb4fe16cc1cc18dd42a90,2025-04-02T15:37:55+00:00
2025-04-09,2025-04-10T03:00:00+00:00,flusight,151256001bb2af6889afdc4513c34d2afe0f6ffb,target-data/target-hospital-admissions.csv,18c1dee79831057f6cf174ffe8b6de45d73b9eb7,2025-04-09T15:36:10+00:00
2025-04-16,2025-04-17T03:00:00+00:00,flusight,07bf61015f4e6474bbe11e4c5b1b224cc27b9153,target-data/target-hospital-admissions.csv,a3b34d675836e73adcbe5c6648036e623463e416,2025-04-16T15:24:48+00:00
2025-04-23,2025-04-24T03:00:00+00:00,flusight,a3d2335b9f2622b0da54f75b86109c91bd4bef62,target-data/target-hospital-admissions.csv,fc0ff7aebe90a9f81e3799969dd54917a0ecc11f,2025-04-23T14:57:25+00:00
2025-04-30,2025-05-01T03:00:00+00:00,flusight,b51d4709b2b24ba8e57c69378408328a53b202b9,target-data/time-series.csv,ee9f5037953225753f48148d4b573af8c0f4e420,2025-04-30T15:52:22-04:00
2025-04-30,2025-05-01T03:00:00+00:00,flusight,b51d4709b2b24ba8e57c69378408328a53b202b9,target-data/target-hospital-admissions.csv,7b514d6415a0c922d255cd7de5d2636b51cb6f97,2025-04-30T15:19:38+00:00
2025-05-07,2025-05-08T03:00:00+00:00,flusight,3e58a4dd40496e56bbc5740ae69df4562f743cde,target-data/time-series.csv,5218d40bc4ef3529ae0af2d1f5ad0d1cbfb39a7d,2025-05-07T15:57:51+00:00
2025-05-07,2025-05-08T03:00:00+00:00,flusight,3e58a4dd40496e56bbc5740ae69df4562f743cde,target-data/target-hospital-admissions.csv,7bb9cd34d028dd6c2009020cf79cc9d916d309f9,2025-05-07T15:57:51+00:00
2025-05-14,2025-05-15T03:00:00+00:00,flusight,2008f1dc8522f71f0c51fe4c9838c376fd36cf1e,target-data/time-series.csv,31f3b61df5a6aadc2643dade97aec202c7aee438,2025-05-14T16:15:42+00:00
2025-05-14,2025-05-15T03:00:00+00:00,flusight,2008f1dc8522f71f0c51fe4c9838c376fd36cf1e,target-data/target-hospital-admissions.csv,063e848e81d522ec454ee0b6c36c3832054a4221,2025-05-14T16:15:42+00:00
2025-05-21,2025-05-22T03:00:00+00:00,flusight,6f2555a6b3fee67947a0e5b287be9d88316e6f77,target-data/time-series.csv,6eb08d57f64902de7e88ecae760b47005d674f31,2025-05-21T16:12:16+00:00
2025-05-21,2025-05-22T03:00:00+00:00,flusight,6f2555a6b3fee67947a0e5b287be9d88316e6f77,target-data/target-hospital-admissions.csv,0b706843e5fd32b55617d9f4d0ac0aadd5b38863,2025-05-21T16:12:16+00:00
2025-05-28,2025-05-29T03:00:00+00:00,flusight,4e0fa1197a58a480917188865c30707d290053c9,target-data/time-series.csv,4b72352731cc1b86f84fc7b1d0732b394658c4a3,2025-05-28T15:30:58+00:00
2025-05-28,2025-05-29T03:00:00+00:00,flusight,4e0fa1197a58a480917188865c30707d290053c9,target-data/target-hospital-admissions.csv,184f885861c7206c3ea09ca623cb231344ddeb70,2025-05-28T15:30:58+00:00
2025-06-04,2025-06-05T03:00:00+00:00,flusight,94e38a7c3fca49bf5cca4ac329530a579b8452ac,target-data/time-series.csv,3b13fceedd2ce11400d323b7bd681af27eed2402,2025-06-04T16:30:54+00:00
2025-06-04,2025-06-05T03:00:00+00:00,flusight,94e38a7c3fca49bf5cca4ac329530a579b8452ac,target-data/target-hospital-admissions.csv,5106af931bb0376623622d82f9317c9c292b1722,2025-06-04T16:30:54+00:00
2025-06-11,2025-06-12T03:00:00+00:00,flusight,6660910289e6242c8545d81a60ce6bb5b48202c8,target-data/time-series.csv,c4c1f1fa50821d391cf2d48b84979e6d8c060542,2025-06-11T16:31:32+00:00
2025-06-11,2025-06-12T03:00:00+00:00,flusight,6660910289e6242c8545d81a60ce6bb5b48202c8,target-data/target-hospital-admissions.csv,36172802cf7abd3e0c34f3bb788518202748d56c,2025-06-11T16:31:32+00:00
2025-06-18,2025-06-19T03:00:00+00:00,flusight,612d57be858e19593656cc7ae7ceeac9206a4c2c,target-data/time-series.csv,c4c1f1fa50821d391cf2d48b84979e6d8c060542,2025-06-11T16:31:32+00:00
2025-06-18,2025-06-19T03:00:00+00:00,flusight,612d57be858e19593656cc7ae7ceeac9206a4c2c,target-data/target-hospital-admissions.csv,e20c2aad50e9d9164140df475a254302d063535d,2025-06-18T13:20:15-04:00
2025-06-18,2025-06-19T03:00:00+00:00,covid,60f1278e994b34482ac32618ee2ef4e010f742fd,target-data/time-series.parquet,f1d5d12beb46a0d9f601db46c035c6e35e6eb5ed,2025-06-18T12:49:16-04:00
2025-06-18,2025-06-19T03:00:00+00:00,covid,60f1278e994b34482ac32618ee2ef4e010f742fd,auxiliary-data/nssp-raw-data/latest.csv,d9d314b906cf6f3213fef28796d5dc9f8bfdce2c,2025-06-18T10:27:50-04:00
2025-06-25,2025-06-26T03:00:00+00:00,flusight,612d57be858e19593656cc7ae7ceeac9206a4c2c,target-data/time-series.csv,c4c1f1fa50821d391cf2d48b84979e6d8c060542,2025-06-11T16:31:32+00:00
2025-06-25,2025-06-26T03:00:00+00:00,flusight,612d57be858e19593656cc7ae7ceeac9206a4c2c,target-data/target-hospital-admissions.csv,e20c2aad50e9d9164140df475a254302d063535d,2025-06-18T13:20:15-04:00
2025-06-25,2025-06-26T03:00:00+00:00,covid,9c366449f5378c8e086530dff5338aa701ff989d,target-data/time-series.parquet,2fe2030034618f5385d915e7bd82b1a835a6ab15,2025-06-25T15:02:33-04:00
2025-06-25,2025-06-26T03:00:00+00:00,covid,9c366449f5378c8e086530dff5338aa701ff989d,auxiliary-data/nssp-raw-data/latest.csv,76ef1014e7304a675b2e06e4902a977e6ad82212,2025-06-25T12:27:56-04:00
2025-07-02,2025-07-03T03:00:00+00:00,flusight,873cd0680243cffd99cfa7c1de82513374375a1d,target-data/time-series.csv,b8489f59230512d7c002dff8632ec9a811ad20ac,2025-07-02T13:27:03-04:00
2025-07-02,2025-07-03T03:00:00+00:00,flusight,873cd0680243cffd99cfa7c1de82513374375a1d,target-data/target-hospital-admissions.csv,60cb7c04455240ba1cb277532ed84e538ce76e1f,2025-07-02T13:27:03-04:00
2025-07-02,2025-07-03T03:00:00+00:00,covid,470e5b8de2c0a6a8a7d53319c931f000f2a02388,target-data/time-series.parquet,b38f9fc32208a3af4aa238c341b8b5e8d623e4ed,2025-07-02T13:35:44-04:00
2025-07-02,2025-07-03T03:00:00+00:00,covid,470e5b8de2c0a6a8a7d53319c931f000f2a02388,auxiliary-data/nssp-raw-data/latest.csv,58e90c68231df2b107b8eaf3ceedbdbcd1855355,2025-07-02T11:53:55-04:00
2025-07-09,2025-07-10T03:00:00+00:00,flusight,683cee50b236ed338467acfc4accbef5412a3e4e,target-data/time-series.csv,ace573b7ab198e98b43aff564283e16029cf0d0b,2025-07-09T16:50:38+00:00
2025-07-09,2025-07-10T03:00:00+00:00,flusight,683cee50b236ed338467acfc4accbef5412a3e4e,target-data/target-hospital-admissions.csv,8d07fc4a77bc758257f5aafa76db1133c07c54cd,2025-07-09T16:50:38+00:00
2025-07-09,2025-07-10T03:00:00+00:00,covid,de21f7d34237a522c2941cea56a7adf6fb0e89ca,target-data/time-series.parquet,72867f01de8f9711b9ba8574667cace05c12a03e,2025-07-09T13:03:53-04:00
2025-07-09,2025-07-10T03:00:00+00:00,covid,de21f7d34237a522c2941cea56a7adf6fb0e89ca,auxiliary-data/nssp-raw-data/latest.csv,1675eef214c85117c0be29b466ddfb0b837d9906,2025-07-09T12:12:01-04:00
2025-07-16,2025-07-17T03:00:00+00:00,flusight,683cee50b236ed338467acfc4accbef5412a3e4e,target-data/time-series.csv,ace573b7ab198e98b43aff564283e16029cf0d0b,2025-07-09T16:50:38+00:00
2025-07-16,2025-07-17T03:00:00+00:00,flusight,683cee50b236ed338467acfc4accbef5412a3e4e,target-data/target-hospital-admissions.csv,8d07fc4a77bc758257f5aafa76db1133c07c54cd,2025-07-09T16:50:38+00:00
2025-07-16,2025-07-17T03:00:00+00:00,covid,40d214feaa5bf5a2146c1d4bad05e077919fbad4,target-data/time-series.parquet,2e9c689b4838a7bb658a56decf3cb0e810cf0c87,2025-07-16T12:32:43-04:00
2025-07-16,2025-07-17T03:00:00+00:00,covid,40d214feaa5bf5a2146c1d4bad05e077919fbad4,auxiliary-data/nssp-raw-data/latest.csv,e5b642fa25d25c3d611e50e003308944d20059c1,2025-07-16T12:07:46-04:00
2025-07-23,2025-07-24T03:00:00+00:00,flusight,683cee50b236ed338467acfc4accbef5412a3e4e,target-data/time-series.csv,ace573b7ab198e98b43aff564283e16029cf0d0b,2025-07-09T16:50:38+00:00
2025-07-23,2025-07-24T03:00:00+00:00,flusight,683cee50b236ed338467acfc4accbef5412a3e4e,target-data/target-hospital-admissions.csv,8d07fc4a77bc758257f5aafa76db1133c07c54cd,2025-07-09T16:50:38+00:00
2025-07-23,2025-07-24T03:00:00+00:00,covid,f106012de1d6fc4bd4046ed9d137b9a28a354ac8,target-data/time-series.parquet,6b02bbd4a68d0aca4e2b8edb59acfd380d872355,2025-07-23T13:15:45-04:00
2025-07-23,2025-07-24T03:00:00+00:00,covid,f106012de1d6fc4bd4046ed9d137b9a28a354ac8,auxiliary-data/nssp-raw-data/latest.csv,b3b4440356672ec9f3677ebd49c8da9656d36591,2025-07-23T13:04:39-04:00
2025-07-30,2025-07-31T03:00:00+00:00,flusight,b311e926ca3995d0c16f5a3d626665959d52f387,target-data/time-series.csv,be0e999cc8af9d85ff1672631c386c44974d51a2,2025-07-29T20:03:37+00:00
2025-07-30,2025-07-31T03:00:00+00:00,flusight,b311e926ca3995d0c16f5a3d626665959d52f387,target-data/target-hospital-admissions.csv,18ba45550a09bdd59004c3dd830d216507a4bc48,2025-07-29T20:03:37+00:00
2025-07-30,2025-07-31T03:00:00+00:00,covid,bb37f3881c792d9b83f909236997f916bcd88def,target-data/time-series.parquet,0c9c2de15d93d72a93617d30c8c3ac259e72915f,2025-07-30T12:46:06-04:00
2025-07-30,2025-07-31T03:00:00+00:00,covid,bb37f3881c792d9b83f909236997f916bcd88def,auxiliary-data/nssp-raw-data/latest.csv,c0471cedfddaf55ae233305ac770110a010de527,2025-07-30T09:59:51-04:00
2025-08-06,2025-08-07T03:00:00+00:00,flusight,b311e926ca3995d0c16f5a3d626665959d52f387,target-data/time-series.csv,be0e999cc8af9d85ff1672631c386c44974d51a2,2025-07-29T20:03:37+00:00
2025-08-06,2025-08-07T03:00:00+00:00,flusight,b311e926ca3995d0c16f5a3d626665959d52f387,target-data/target-hospital-admissions.csv,18ba45550a09bdd59004c3dd830d216507a4bc48,2025-07-29T20:03:37+00:00
2025-08-06,2025-08-07T03:00:00+00:00,covid,c7e4ce55688edbe18a0acc8562addbc27f1d0a79,target-data/time-series.parquet,82166d20a7ecc91415869b5b95153c54c082b3a4,2025-08-06T12:37:58-04:00
2025-08-06,2025-08-07T03:00:00+00:00,covid,c7e4ce55688edbe18a0acc8562addbc27f1d0a79,auxiliary-data/nssp-raw-data/latest.csv,b9f11f5389d0b172328bbb84258163860bea26e3,2025-08-06T11:35:10-04:00
2025-08-13,2025-08-14T03:00:00+00:00,flusight,b311e926ca3995d0c16f5a3d626665959d52f387,target-data/time-series.csv,be0e999cc8af9d85ff1672631c386c44974d51a2,2025-07-29T20:03:37+00:00
2025-08-13,2025-08-14T03:00:00+00:00,flusight,b311e926ca3995d0c16f5a3d626665959d52f387,target-data/target-hospital-admissions.csv,18ba45550a09bdd59004c3dd830d216507a4bc48,2025-07-29T20:03:37+00:00
2025-08-13,2025-08-14T03:00:00+00:00,covid,19501df3aebf1b53c9de0a8f9e9f84b04c91fa33,target-data/time-series.parquet,f699f9d4c34ac1219138e78a57f7dac804ba9e9a,2025-08-13T12:38:32-04:00
2025-08-13,2025-08-14T03:00:00+00:00,covid,19501df3aebf1b53c9de0a8f9e9f84b04c91fa33,auxiliary-data/nssp-raw-data/latest.csv,fdfdc842c4c309a370328d10e53fd499f88a1f2c,2025-08-13T12:31:11-04:00
2025-08-20,2025-08-21T03:00:00+00:00,flusight,d1b159debcef3d8d89a6f44cf370e81f858f7916,target-data/time-series.csv,be0e999cc8af9d85ff1672631c386c44974d51a2,2025-07-29T20:03:37+00:00
2025-08-20,2025-08-21T03:00:00+00:00,flusight,d1b159debcef3d8d89a6f44cf370e81f858f7916,target-data/target-hospital-admissions.csv,18ba45550a09bdd59004c3dd830d216507a4bc48,2025-07-29T20:03:37+00:00
2025-08-20,2025-08-21T03:00:00+00:00,covid,1b84da39550ff9e882cd02d5f0c6465343805a68,target-data/time-series.parquet,04129edc9c0040ce09fe0669c691102172d4a2d0,2025-08-20T13:03:55-04:00
2025-08-20,2025-08-21T03:00:00+00:00,covid,1b84da39550ff9e882cd02d5f0c6465343805a68,auxiliary-data/nssp-raw-data/latest.csv,45170fdb14c430c540c991ea23cab7d2f5b07a44,2025-08-20T12:46:04-04:00
2025-08-20,2025-08-21T03:00:00+00:00,rsv,34250054e49fbf6be86e4faef68a548cce88c89d,target-data/time-series.parquet,11227ac6b6fb2fac10b091e31296e7354db6ae1f,2025-08-20T20:33:16-04:00
2025-08-27,2025-08-28T03:00:00+00:00,flusight,1b65d6b3f748f930960514cbc5f1ffb240c7822a,target-data/time-series.csv,be0e999cc8af9d85ff1672631c386c44974d51a2,2025-07-29T20:03:37+00:00
2025-08-27,2025-08-28T03:00:00+00:00,flusight,1b65d6b3f748f930960514cbc5f1ffb240c7822a,target-data/target-hospital-admissions.csv,18ba45550a09bdd59004c3dd830d216507a4bc48,2025-07-29T20:03:37+00:00
2025-08-27,2025-08-28T03:00:00+00:00,covid,cdf5aeed5db39c688eff38ed41612f1f5c2acc3d,target-data/time-series.parquet,fdcb3ca55272c6fe36ab8e7c25148c03cdfdeae3,2025-08-27T21:22:03+00:00
2025-08-27,2025-08-28T03:00:00+00:00,covid,cdf5aeed5db39c688eff38ed41612f1f5c2acc3d,auxiliary-data/nssp-raw-data/latest.csv,45170fdb14c430c540c991ea23cab7d2f5b07a44,2025-08-20T12:46:04-04:00
2025-08-27,2025-08-28T03:00:00+00:00,rsv,353f4cbe4d5a945f7a70f2f02c8d8de37ac5fbe9,target-data/time-series.parquet,11227ac6b6fb2fac10b091e31296e7354db6ae1f,2025-08-20T20:33:16-04:00
2025-09-03,2025-09-04T03:00:00+00:00,flusight,f29b16ac8d755a603e81eb1e59c7220f7eec40b5,target-data/time-series.csv,be0e999cc8af9d85ff1672631c386c44974d51a2,2025-07-29T20:03:37+00:00
2025-09-03,2025-09-04T03:00:00+00:00,flusight,f29b16ac8d755a603e81eb1e59c7220f7eec40b5,target-data/target-hospital-admissions.csv,18ba45550a09bdd59004c3dd830d216507a4bc48,2025-07-29T20:03:37+00:00
2025-09-03,2025-09-04T03:00:00+00:00,covid,8a4ad1bb56a19667e7548dc6d07cd4b0c778a8f3,target-data/time-series.parquet,1cd68b779313a51b70a31954c8a73f6ac2203ebc,2025-09-03T10:28:59-06:00
2025-09-03,2025-09-04T03:00:00+00:00,covid,8a4ad1bb56a19667e7548dc6d07cd4b0c778a8f3,auxiliary-data/nssp-raw-data/latest.csv,af36b79e0e883ffcd43b5a6e2c784546b8013233,2025-09-03T09:36:09-06:00
2025-09-03,2025-09-04T03:00:00+00:00,rsv,1eec9549c671d221c3f3bca39e347d66357af7ad,target-data/time-series.parquet,f72e2ec119f2d3ccd2911c1f5395e9de67893e50,2025-08-28T11:26:11-06:00
2025-09-10,2025-09-11T03:00:00+00:00,flusight,bf42205defd2579d058b4f90a157ab75c25b5f1e,target-data/time-series.csv,f2b32295e95be5851a7957ba7c0ea5bfd517ebce,2025-09-05T19:02:29+00:00
2025-09-10,2025-09-11T03:00:00+00:00,flusight,bf42205defd2579d058b4f90a157ab75c25b5f1e,target-data/target-hospital-admissions.csv,32830c419622603154387bae2e2b82e0d29d5919,2025-09-05T15:17:39+00:00
2025-09-10,2025-09-11T03:00:00+00:00,flusight,bf42205defd2579d058b4f90a157ab75c25b5f1e,target-data/target-ed-visits-prop.csv,02611c2f1d7d3616611f22c431b1ad4fa96ad990,2025-09-05T19:02:29+00:00
2025-09-10,2025-09-11T03:00:00+00:00,covid,73ba614c07a62bf6c7c1b212e92d50aeaaf7a4e2,target-data/time-series.parquet,46a4ee99657c5ab4db4223ad5ee6ec9d456f1382,2025-09-10T14:48:50-06:00
2025-09-10,2025-09-11T03:00:00+00:00,covid,73ba614c07a62bf6c7c1b212e92d50aeaaf7a4e2,auxiliary-data/nssp-raw-data/latest.csv,af36b79e0e883ffcd43b5a6e2c784546b8013233,2025-09-03T09:36:09-06:00
2025-09-10,2025-09-11T03:00:00+00:00,rsv,ffc48814f01a27f95e294ac89e03236eb91481b3,target-data/time-series.parquet,3c7873656c89bd910444dc1ae5afcb8d5840e770,2025-09-04T08:38:22-06:00
2025-09-17,2025-09-18T03:00:00+00:00,flusight,df74674d6e699c85a2847639d51484c7f21fb0ae,target-data/time-series.csv,f2b32295e95be5851a7957ba7c0ea5bfd517ebce,2025-09-05T19:02:29+00:00
2025-09-17,2025-09-18T03:00:00+00:00,flusight,df74674d6e699c85a2847639d51484c7f21fb0ae,target-data/target-hospital-admissions.csv,32830c419622603154387bae2e2b82e0d29d5919,2025-09-05T15:17:39+00:00
2025-09-17,2025-09-18T03:00:00+00:00,flusight,df74674d6e699c85a2847639d51484c7f21fb0ae,target-data/target-ed-visits-prop.csv,02611c2f1d7d3616611f22c431b1ad4fa96ad990,2025-09-05T19:02:29+00:00
2025-09-17,2025-09-18T03:00:00+00:00,covid,23864a7efeaf3c8bbd048d028c9cd69b729a15b0,target-data/time-series.parquet,61c6bbe07552df83394feb217e57531e2cafdb44,2025-09-17T10:22:31-06:00
2025-09-17,2025-09-18T03:00:00+00:00,covid,23864a7efeaf3c8bbd048d028c9cd69b729a15b0,auxiliary-data/nssp-raw-data/latest.csv,1ff6a408550dc1c92c71c87628660c2293ce6fc1,2025-09-17T09:11:58-06:00
2025-09-17,2025-09-18T03:00:00+00:00,rsv,d56e363552db696eb9cd6b5235a7e81d0b999755,target-data/time-series.parquet,5f9995c10dedbc7790897b20246f90d4352075b0,2025-09-17T17:53:53+00:00
2025-09-17,2025-09-18T03:00:00+00:00,rsv,d56e363552db696eb9cd6b5235a7e81d0b999755,auxiliary-data/nssp-raw-data/latest.csv,61f37c9d9ab985804a62c4bef457af2bd8dfe060,2025-09-17T10:13:03-06:00
2025-09-24,2025-09-25T03:00:00+00:00,flusight,5ed1c873abf99a334e5e052d1a6fa089d863082c,target-data/time-series.csv,d3ef6ce2d31c15d9534e4f803f8fbd113b5c9f3c,2025-09-24T20:38:50+00:00
2025-09-24,2025-09-25T03:00:00+00:00,flusight,5ed1c873abf99a334e5e052d1a6fa089d863082c,target-data/target-hospital-admissions.csv,af198cd5f5c36a5a38991d6b3bc38f9bd16302fc,2025-09-24T20:38:50+00:00
2025-09-24,2025-09-25T03:00:00+00:00,flusight,5ed1c873abf99a334e5e052d1a6fa089d863082c,target-data/target-ed-visits-prop.csv,37518e8d0049f5fd01ae9cbd9b55917609c56ff3,2025-09-24T20:38:50+00:00
2025-09-24,2025-09-25T03:00:00+00:00,covid,d8b775bf1077840ce1fb5258a84d6bab8f3286e3,target-data/time-series.parquet,6dde6f754fac84feb7338346fade18b61efee572,2025-09-24T12:20:37-06:00
2025-09-24,2025-09-25T03:00:00+00:00,covid,d8b775bf1077840ce1fb5258a84d6bab8f3286e3,auxiliary-data/nssp-raw-data/latest.csv,e993df1c4c190c52f263fccb390e233f303482be,2025-09-24T10:17:32-06:00
2025-09-24,2025-09-25T03:00:00+00:00,rsv,81e26b9dd7ecfc530296bfea1c9abbe19ea10967,target-data/time-series.parquet,e142dafb9cb7ab2cc2131efa703c01750504f152,2025-09-24T15:53:44-06:00
2025-09-24,2025-09-25T03:00:00+00:00,rsv,81e26b9dd7ecfc530296bfea1c9abbe19ea10967,auxiliary-data/nssp-raw-data/latest.csv,2a6a9679099313b8c09f0469a51c8813af28d888,2025-09-24T12:35:58-04:00
2025-10-01,2025-10-02T03:00:00+00:00,flusight,0b38fff8171e83434eacf247962a930d87103b82,target-data/time-series.csv,d3ef6ce2d31c15d9534e4f803f8fbd113b5c9f3c,2025-09-24T20:38:50+00:00
2025-10-01,2025-10-02T03:00:00+00:00,flusight,0b38fff8171e83434eacf247962a930d87103b82,target-data/target-hospital-admissions.csv,af198cd5f5c36a5a38991d6b3bc38f9bd16302fc,2025-09-24T20:38:50+00:00
2025-10-01,2025-10-02T03:00:00+00:00,flusight,0b38fff8171e83434eacf247962a930d87103b82,target-data/target-ed-visits-prop.csv,37518e8d0049f5fd01ae9cbd9b55917609c56ff3,2025-09-24T20:38:50+00:00
2025-10-01,2025-10-02T03:00:00+00:00,covid,752c21f2ecf0addf5bd3da01f4d9fa15f2a26e80,target-data/time-series.parquet,6dde6f754fac84feb7338346fade18b61efee572,2025-09-24T12:20:37-06:00
2025-10-01,2025-10-02T03:00:00+00:00,covid,752c21f2ecf0addf5bd3da01f4d9fa15f2a26e80,auxiliary-data/nssp-raw-data/latest.csv,e993df1c4c190c52f263fccb390e233f303482be,2025-09-24T10:17:32-06:00
2025-10-01,2025-10-02T03:00:00+00:00,rsv,0888404d73139c6a4c536828e45861ba2a9e4620,target-data/time-series.parquet,e142dafb9cb7ab2cc2131efa703c01750504f152,2025-09-24T15:53:44-06:00
2025-10-01,2025-10-02T03:00:00+00:00,rsv,0888404d73139c6a4c536828e45861ba2a9e4620,auxiliary-data/nssp-raw-data/latest.csv,2a6a9679099313b8c09f0469a51c8813af28d888,2025-09-24T12:35:58-04:00
2025-10-08,2025-10-09T03:00:00+00:00,flusight,0b38fff8171e83434eacf247962a930d87103b82,target-data/time-series.csv,d3ef6ce2d31c15d9534e4f803f8fbd113b5c9f3c,2025-09-24T20:38:50+00:00
2025-10-08,2025-10-09T03:00:00+00:00,flusight,0b38fff8171e83434eacf247962a930d87103b82,target-data/target-hospital-admissions.csv,af198cd5f5c36a5a38991d6b3bc38f9bd16302fc,2025-09-24T20:38:50+00:00
2025-10-08,2025-10-09T03:00:00+00:00,flusight,0b38fff8171e83434eacf247962a930d87103b82,target-data/target-ed-visits-prop.csv,37518e8d0049f5fd01ae9cbd9b55917609c56ff3,2025-09-24T20:38:50+00:00
2025-10-08,2025-10-09T03:00:00+00:00,covid,752c21f2ecf0addf5bd3da01f4d9fa15f2a26e80,target-data/time-series.parquet,6dde6f754fac84feb7338346fade18b61efee572,2025-09-24T12:20:37-06:00
2025-10-08,2025-10-09T03:00:00+00:00,covid,752c21f2ecf0addf5bd3da01f4d9fa15f2a26e80,auxiliary-data/nssp-raw-data/latest.csv,e993df1c4c190c52f263fccb390e233f303482be,2025-09-24T10:17:32-06:00
2025-10-08,2025-10-09T03:00:00+00:00,rsv,0888404d73139c6a4c536828e45861ba2a9e4620,target-data/time-series.parquet,e142dafb9cb7ab2cc2131efa703c01750504f152,2025-09-24T15:53:44-06:00
2025-10-08,2025-10-09T03:00:00+00:00,rsv,0888404d73139c6a4c536828e45861ba2a9e4620,auxiliary-data/nssp-raw-data/latest.csv,2a6a9679099313b8c09f0469a51c8813af28d888,2025-09-24T12:35:58-04:00
2025-10-15,2025-10-16T03:00:00+00:00,flusight,7fc08f3cf469f2ce316f2c8b4194e1977de54bbb,target-data/time-series.csv,d3ef6ce2d31c15d9534e4f803f8fbd113b5c9f3c,2025-09-24T20:38:50+00:00
2025-10-15,2025-10-16T03:00:00+00:00,flusight,7fc08f3cf469f2ce316f2c8b4194e1977de54bbb,target-data/target-hospital-admissions.csv,af198cd5f5c36a5a38991d6b3bc38f9bd16302fc,2025-09-24T20:38:50+00:00
2025-10-15,2025-10-16T03:00:00+00:00,flusight,7fc08f3cf469f2ce316f2c8b4194e1977de54bbb,target-data/target-ed-visits-prop.csv,37518e8d0049f5fd01ae9cbd9b55917609c56ff3,2025-09-24T20:38:50+00:00
2025-10-15,2025-10-16T03:00:00+00:00,covid,752c21f2ecf0addf5bd3da01f4d9fa15f2a26e80,target-data/time-series.parquet,6dde6f754fac84feb7338346fade18b61efee572,2025-09-24T12:20:37-06:00
2025-10-15,2025-10-16T03:00:00+00:00,covid,752c21f2ecf0addf5bd3da01f4d9fa15f2a26e80,auxiliary-data/nssp-raw-data/latest.csv,e993df1c4c190c52f263fccb390e233f303482be,2025-09-24T10:17:32-06:00
2025-10-15,2025-10-16T03:00:00+00:00,rsv,0888404d73139c6a4c536828e45861ba2a9e4620,target-data/time-series.parquet,e142dafb9cb7ab2cc2131efa703c01750504f152,2025-09-24T15:53:44-06:00
2025-10-15,2025-10-16T03:00:00+00:00,rsv,0888404d73139c6a4c536828e45861ba2a9e4620,auxiliary-data/nssp-raw-data/latest.csv,2a6a9679099313b8c09f0469a51c8813af28d888,2025-09-24T12:35:58-04:00
2025-10-22,2025-10-23T03:00:00+00:00,flusight,8f07b5e194a53b7b6fa12c7b14148025b4759f83,target-data/time-series.csv,d3ef6ce2d31c15d9534e4f803f8fbd113b5c9f3c,2025-09-24T20:38:50+00:00
2025-10-22,2025-10-23T03:00:00+00:00,flusight,8f07b5e194a53b7b6fa12c7b14148025b4759f83,target-data/target-hospital-admissions.csv,af198cd5f5c36a5a38991d6b3bc38f9bd16302fc,2025-09-24T20:38:50+00:00
2025-10-22,2025-10-23T03:00:00+00:00,flusight,8f07b5e194a53b7b6fa12c7b14148025b4759f83,target-data/target-ed-visits-prop.csv,37518e8d0049f5fd01ae9cbd9b55917609c56ff3,2025-09-24T20:38:50+00:00
2025-10-22,2025-10-23T03:00:00+00:00,covid,752c21f2ecf0addf5bd3da01f4d9fa15f2a26e80,target-data/time-series.parquet,6dde6f754fac84feb7338346fade18b61efee572,2025-09-24T12:20:37-06:00
2025-10-22,2025-10-23T03:00:00+00:00,covid,752c21f2ecf0addf5bd3da01f4d9fa15f2a26e80,auxiliary-data/nssp-raw-data/latest.csv,e993df1c4c190c52f263fccb390e233f303482be,2025-09-24T10:17:32-06:00
2025-10-22,2025-10-23T03:00:00+00:00,rsv,0888404d73139c6a4c536828e45861ba2a9e4620,target-data/time-series.parquet,e142dafb9cb7ab2cc2131efa703c01750504f152,2025-09-24T15:53:44-06:00
2025-10-22,2025-10-23T03:00:00+00:00,rsv,0888404d73139c6a4c536828e45861ba2a9e4620,auxiliary-data/nssp-raw-data/latest.csv,2a6a9679099313b8c09f0469a51c8813af28d888,2025-09-24T12:35:58-04:00
2025-10-29,2025-10-30T03:00:00+00:00,flusight,860aed59d33055cbfdaee74421c27150a260e5f9,target-data/time-series.csv,d3ef6ce2d31c15d9534e4f803f8fbd113b5c9f3c,2025-09-24T20:38:50+00:00
2025-10-29,2025-10-30T03:00:00+00:00,flusight,860aed59d33055cbfdaee74421c27150a260e5f9,target-data/target-hospital-admissions.csv,af198cd5f5c36a5a38991d6b3bc38f9bd16302fc,2025-09-24T20:38:50+00:00
2025-10-29,2025-10-30T03:00:00+00:00,flusight,860aed59d33055cbfdaee74421c27150a260e5f9,target-data/target-ed-visits-prop.csv,37518e8d0049f5fd01ae9cbd9b55917609c56ff3,2025-09-24T20:38:50+00:00
2025-10-29,2025-10-30T03:00:00+00:00,covid,752c21f2ecf0addf5bd3da01f4d9fa15f2a26e80,target-data/time-series.parquet,6dde6f754fac84feb7338346fade18b61efee572,2025-09-24T12:20:37-06:00
2025-10-29,2025-10-30T03:00:00+00:00,covid,752c21f2ecf0addf5bd3da01f4d9fa15f2a26e80,auxiliary-data/nssp-raw-data/latest.csv,e993df1c4c190c52f263fccb390e233f303482be,2025-09-24T10:17:32-06:00
2025-10-29,2025-10-30T03:00:00+00:00,rsv,0888404d73139c6a4c536828e45861ba2a9e4620,target-data/time-series.parquet,e142dafb9cb7ab2cc2131efa703c01750504f152,2025-09-24T15:53:44-06:00
2025-10-29,2025-10-30T03:00:00+00:00,rsv,0888404d73139c6a4c536828e45861ba2a9e4620,auxiliary-data/nssp-raw-data/latest.csv,2a6a9679099313b8c09f0469a51c8813af28d888,2025-09-24T12:35:58-04:00
2025-11-05,2025-11-06T04:00:00+00:00,flusight,68ee9f802e2d3e3530c877a831c3da4b52359ef1,target-data/time-series.csv,d3ef6ce2d31c15d9534e4f803f8fbd113b5c9f3c,2025-09-24T20:38:50+00:00
2025-11-05,2025-11-06T04:00:00+00:00,flusight,68ee9f802e2d3e3530c877a831c3da4b52359ef1,target-data/target-hospital-admissions.csv,af198cd5f5c36a5a38991d6b3bc38f9bd16302fc,2025-09-24T20:38:50+00:00
2025-11-05,2025-11-06T04:00:00+00:00,flusight,68ee9f802e2d3e3530c877a831c3da4b52359ef1,target-data/target-ed-visits-prop.csv,37518e8d0049f5fd01ae9cbd9b55917609c56ff3,2025-09-24T20:38:50+00:00
2025-11-05,2025-11-06T04:00:00+00:00,covid,752c21f2ecf0addf5bd3da01f4d9fa15f2a26e80,target-data/time-series.parquet,6dde6f754fac84feb7338346fade18b61efee572,2025-09-24T12:20:37-06:00
2025-11-05,2025-11-06T04:00:00+00:00,covid,752c21f2ecf0addf5bd3da01f4d9fa15f2a26e80,auxiliary-data/nssp-raw-data/latest.csv,e993df1c4c190c52f263fccb390e233f303482be,2025-09-24T10:17:32-06:00
2025-11-05,2025-11-06T04:00:00+00:00,rsv,0888404d73139c6a4c536828e45861ba2a9e4620,target-data/time-series.parquet,e142dafb9cb7ab2cc2131efa703c01750504f152,2025-09-24T15:53:44-06:00
2025-11-05,2025-11-06T04:00:00+00:00,rsv,0888404d73139c6a4c536828e45861ba2a9e4620,auxiliary-data/nssp-raw-data/latest.csv,2a6a9679099313b8c09f0469a51c8813af28d888,2025-09-24T12:35:58-04:00
2025-11-12,2025-11-13T04:00:00+00:00,flusight,ac8354019fc8674b4d2b1b1daf2341ed0b4bac3a,target-data/time-series.csv,d3ef6ce2d31c15d9534e4f803f8fbd113b5c9f3c,2025-09-24T20:38:50+00:00
2025-11-12,2025-11-13T04:00:00+00:00,flusight,ac8354019fc8674b4d2b1b1daf2341ed0b4bac3a,target-data/target-hospital-admissions.csv,af198cd5f5c36a5a38991d6b3bc38f9bd16302fc,2025-09-24T20:38:50+00:00
2025-11-12,2025-11-13T04:00:00+00:00,flusight,ac8354019fc8674b4d2b1b1daf2341ed0b4bac3a,target-data/target-ed-visits-prop.csv,37518e8d0049f5fd01ae9cbd9b55917609c56ff3,2025-09-24T20:38:50+00:00
2025-11-12,2025-11-13T04:00:00+00:00,covid,752c21f2ecf0addf5bd3da01f4d9fa15f2a26e80,target-data/time-series.parquet,6dde6f754fac84feb7338346fade18b61efee572,2025-09-24T12:20:37-06:00
2025-11-12,2025-11-13T04:00:00+00:00,covid,752c21f2ecf0addf5bd3da01f4d9fa15f2a26e80,auxiliary-data/nssp-raw-data/latest.csv,e993df1c4c190c52f263fccb390e233f303482be,2025-09-24T10:17:32-06:00
2025-11-12,2025-11-13T04:00:00+00:00,rsv,0888404d73139c6a4c536828e45861ba2a9e4620,target-data/time-series.parquet,e142dafb9cb7ab2cc2131efa703c01750504f152,2025-09-24T15:53:44-06:00
2025-11-12,2025-11-13T04:00:00+00:00,rsv,0888404d73139c6a4c536828e45861ba2a9e4620,auxiliary-data/nssp-raw-data/latest.csv,2a6a9679099313b8c09f0469a51c8813af28d888,2025-09-24T12:35:58-04:00
2025-11-19,2025-11-20T04:00:00+00:00,flusight,fad641d2a0987ff4f037bbbf324e9d66695b8220,target-data/time-series.csv,9916678b274a732eac82a6359797e97353d7742d,2025-11-19T16:39:13+00:00
2025-11-19,2025-11-20T04:00:00+00:00,flusight,fad641d2a0987ff4f037bbbf324e9d66695b8220,target-data/target-hospital-admissions.csv,25bd3902fb6f70d65fcc636ba02d08e0dd1327cc,2025-11-19T16:39:13+00:00
2025-11-19,2025-11-20T04:00:00+00:00,flusight,fad641d2a0987ff4f037bbbf324e9d66695b8220,target-data/target-ed-visits-prop.csv,1003a174a4693517ba6fed0a2d40177165482818,2025-11-19T16:39:13+00:00
2025-11-19,2025-11-20T04:00:00+00:00,covid,4f563ca4626c30420877851217f33dd4dc725967,target-data/time-series.parquet,09c159f446b0e1562b6c0bef26890de0c032c70d,2025-11-19T17:37:20-05:00
2025-11-19,2025-11-20T04:00:00+00:00,covid,4f563ca4626c30420877851217f33dd4dc725967,auxiliary-data/nssp-raw-data/latest.parquet,ade7053ad5dd58d240afb91f96dda7266be2e337,2025-11-19T17:17:08-05:00
2025-11-19,2025-11-20T04:00:00+00:00,covid,4f563ca4626c30420877851217f33dd4dc725967,auxiliary-data/nssp-raw-data/latest.csv,a8d58e8aae34bbe94fb03a261269bc3da14448d0,2025-11-19T12:00:09-05:00
2025-11-19,2025-11-20T04:00:00+00:00,rsv,debc71f0487e51b204382fea5b5580d8a0e916e7,target-data/time-series.parquet,16d44fb1f6bbd1ac9dc523fb3413d14546d5f6b7,2025-11-19T17:47:38-05:00
2025-11-19,2025-11-20T04:00:00+00:00,rsv,debc71f0487e51b204382fea5b5580d8a0e916e7,auxiliary-data/nssp-raw-data/latest.parquet,ade7053ad5dd58d240afb91f96dda7266be2e337,2025-11-19T17:38:09-05:00
2025-11-19,2025-11-20T04:00:00+00:00,rsv,debc71f0487e51b204382fea5b5580d8a0e916e7,auxiliary-data/nssp-raw-data/latest.csv,1b0c2ada75b9b838fccc9d19fb708b3234bbe085,2025-11-19T11:58:01-05:00
2025-11-26,2025-11-27T04:00:00+00:00,flusight,c77625aa8b102d8ed74311f65719070e86db32de,target-data/time-series.csv,0ba4fef19be1172631ba9c54aab6f44bf41d3067,2025-11-26T17:44:51+00:00
2025-11-26,2025-11-27T04:00:00+00:00,flusight,c77625aa8b102d8ed74311f65719070e86db32de,target-data/target-hospital-admissions.csv,f80e40042af85f2f6bd0dd007b1cdca7f9b4c644,2025-11-26T17:44:51+00:00
2025-11-26,2025-11-27T04:00:00+00:00,flusight,c77625aa8b102d8ed74311f65719070e86db32de,target-data/target-ed-visits-prop.csv,1442c4db4f91a43b97f25d5cf4ee03ab8e282c5e,2025-11-26T13:32:36-05:00
2025-11-26,2025-11-27T04:00:00+00:00,covid,0e3430f4d77465475cbc8b4ebf9fdf2808589dd5,target-data/time-series.parquet,7bf8bbb9947d09d20a6a27b87f217382bdc0a853,2025-11-26T16:50:12-05:00
2025-11-26,2025-11-27T04:00:00+00:00,covid,0e3430f4d77465475cbc8b4ebf9fdf2808589dd5,auxiliary-data/nssp-raw-data/latest.parquet,a6e93f1ceaedf1adcecd75eef343f37130eb3757,2025-11-26T13:15:50-05:00
2025-11-26,2025-11-27T04:00:00+00:00,covid,0e3430f4d77465475cbc8b4ebf9fdf2808589dd5,auxiliary-data/nssp-raw-data/latest.csv,a8d58e8aae34bbe94fb03a261269bc3da14448d0,2025-11-19T12:00:09-05:00
2025-11-26,2025-11-27T04:00:00+00:00,rsv,604442119bb802b14603c0f47027ffc4c30e70b5,target-data/time-series.parquet,c2cb97d1a0c5237af717c50fb268ce13a2598440,2025-11-26T16:50:56-05:00
2025-11-26,2025-11-27T04:00:00+00:00,rsv,604442119bb802b14603c0f47027ffc4c30e70b5,auxiliary-data/nssp-raw-data/latest.parquet,a6e93f1ceaedf1adcecd75eef343f37130eb3757,2025-11-26T13:15:25-05:00
2025-11-26,2025-11-27T04:00:00+00:00,rsv,604442119bb802b14603c0f47027ffc4c30e70b5,auxiliary-data/nssp-raw-data/latest.csv,1b0c2ada75b9b838fccc9d19fb708b3234bbe085,2025-11-19T11:58:01-05:00
2025-12-03,2025-12-04T04:00:00+00:00,flusight,230f9aedc32004c529da9bb51037f97f03e7f84a,target-data/time-series.csv,0ba4fef19be1172631ba9c54aab6f44bf41d3067,2025-11-26T17:44:51+00:00
2025-12-03,2025-12-04T04:00:00+00:00,flusight,230f9aedc32004c529da9bb51037f97f03e7f84a,target-data/target-hospital-admissions.csv,882335add5ab16ad3cbff659fd112146ca5bc7db,2025-12-03T12:16:47-05:00
2025-12-03,2025-12-04T04:00:00+00:00,flusight,230f9aedc32004c529da9bb51037f97f03e7f84a,target-data/target-ed-visits-prop.csv,b7ac321e6266ea8118860edf4658827ed66d92ec,2025-12-03T12:16:47-05:00
2025-12-03,2025-12-04T04:00:00+00:00,covid,1e1b144cf2a0366a47e28a9306a8bbf16349efde,target-data/time-series.parquet,17d7b39ee9a8392b3bb0287f0734f5b1b2059ceb,2025-12-03T12:15:44-05:00
2025-12-03,2025-12-04T04:00:00+00:00,covid,1e1b144cf2a0366a47e28a9306a8bbf16349efde,auxiliary-data/nssp-raw-data/latest.parquet,7ec21cd0697d97dc6b0bdc0bd1bd9c3a8ffa1bc5,2025-12-03T12:04:26-05:00
2025-12-03,2025-12-04T04:00:00+00:00,covid,1e1b144cf2a0366a47e28a9306a8bbf16349efde,auxiliary-data/nssp-raw-data/latest.csv,a8d58e8aae34bbe94fb03a261269bc3da14448d0,2025-11-19T12:00:09-05:00
2025-12-03,2025-12-04T04:00:00+00:00,rsv,826b0b0abb24408c6f7a747eb7e245ddb9e9e940,target-data/time-series.parquet,84ec3bd827580db04a136b9fd12d6d93b3ca12c6,2025-12-03T12:19:56-05:00
2025-12-03,2025-12-04T04:00:00+00:00,rsv,826b0b0abb24408c6f7a747eb7e245ddb9e9e940,auxiliary-data/nssp-raw-data/latest.parquet,7ec21cd0697d97dc6b0bdc0bd1bd9c3a8ffa1bc5,2025-12-03T12:06:00-05:00
2025-12-03,2025-12-04T04:00:00+00:00,rsv,826b0b0abb24408c6f7a747eb7e245ddb9e9e940,auxiliary-data/nssp-raw-data/latest.csv,1b0c2ada75b9b838fccc9d19fb708b3234bbe085,2025-11-19T11:58:01-05:00
2025-12-10,2025-12-11T04:00:00+00:00,flusight,470247157e3726792b7350dbd49dcabeb28f4334,target-data/time-series.csv,0ba4fef19be1172631ba9c54aab6f44bf41d3067,2025-11-26T17:44:51+00:00
2025-12-10,2025-12-11T04:00:00+00:00,flusight,470247157e3726792b7350dbd49dcabeb28f4334,target-data/target-hospital-admissions.csv,09fabf8fce7bec00c8a9584d944287263ed528af,2025-12-10T12:00:41-05:00
2025-12-10,2025-12-11T04:00:00+00:00,flusight,470247157e3726792b7350dbd49dcabeb28f4334,target-data/target-ed-visits-prop.csv,d2e027d13a982bb216e4038b7af0c1f6bf6e2800,2025-12-10T12:00:41-05:00
2025-12-10,2025-12-11T04:00:00+00:00,covid,7382c2a2eaf8980eaaf1da4da24f1dcac2091df2,target-data/time-series.parquet,8c04916efdf0f89e451efea976f34d88adc86ac9,2025-12-10T12:54:08-05:00
2025-12-10,2025-12-11T04:00:00+00:00,covid,7382c2a2eaf8980eaaf1da4da24f1dcac2091df2,auxiliary-data/nssp-raw-data/latest.parquet,b8bbf31f844d7b05088aae5f5df389de6da79685,2025-12-10T11:35:47-05:00
2025-12-10,2025-12-11T04:00:00+00:00,covid,7382c2a2eaf8980eaaf1da4da24f1dcac2091df2,auxiliary-data/nssp-raw-data/latest.csv,a8d58e8aae34bbe94fb03a261269bc3da14448d0,2025-11-19T12:00:09-05:00
2025-12-10,2025-12-11T04:00:00+00:00,rsv,435311ef483428a1681a7bf8ab25d7976f920c00,target-data/time-series.parquet,3d5f0bbce548ec4c548c618728ee4ac6134b92da,2025-12-10T12:11:12-05:00
2025-12-10,2025-12-11T04:00:00+00:00,rsv,435311ef483428a1681a7bf8ab25d7976f920c00,auxiliary-data/nssp-raw-data/latest.parquet,b8bbf31f844d7b05088aae5f5df389de6da79685,2025-12-10T11:35:22-05:00
2025-12-10,2025-12-11T04:00:00+00:00,rsv,435311ef483428a1681a7bf8ab25d7976f920c00,auxiliary-data/nssp-raw-data/latest.csv,1b0c2ada75b9b838fccc9d19fb708b3234bbe085,2025-11-19T11:58:01-05:00
2025-12-17,2025-12-18T04:00:00+00:00,flusight,1ec7ad62e0fc78fe212f51e15934dabdd641d30c,target-data/time-series.csv,9954421e5c2848aeab4da30c15534bc820d45c98,2025-12-17T16:44:13+00:00
2025-12-17,2025-12-18T04:00:00+00:00,flusight,1ec7ad62e0fc78fe212f51e15934dabdd641d30c,target-data/target-hospital-admissions.csv,622c6b2f72dabdd25a544b3b340fe030b2253db7,2025-12-17T11:41:51-05:00
2025-12-17,2025-12-18T04:00:00+00:00,flusight,1ec7ad62e0fc78fe212f51e15934dabdd641d30c,target-data/target-ed-visits-prop.csv,b8fcc1b779acb892ac7522622ad77731a61a2098,2025-12-17T11:41:51-05:00
2025-12-17,2025-12-18T04:00:00+00:00,covid,fa1dc1af63939d3bd368abaa4271cbcde616f15e,target-data/time-series.parquet,13a022a3a92f75bd829b3ea268a0ebe00147089e,2025-12-17T10:49:30-07:00
2025-12-17,2025-12-18T04:00:00+00:00,covid,fa1dc1af63939d3bd368abaa4271cbcde616f15e,auxiliary-data/nssp-raw-data/latest.parquet,1d06bb80db9886e083295feb6cd4d592e25b7d62,2025-12-17T09:56:31-05:00
2025-12-17,2025-12-18T04:00:00+00:00,rsv,f5c113aefb4118630173815e8a56cc1cc7c04c13,target-data/time-series.parquet,27da85ab2256fd79eb82265caa6086309d315245,2025-12-17T11:36:04-07:00
2025-12-17,2025-12-18T04:00:00+00:00,rsv,f5c113aefb4118630173815e8a56cc1cc7c04c13,auxiliary-data/nssp-raw-data/latest.parquet,1d06bb80db9886e083295feb6cd4d592e25b7d62,2025-12-17T09:56:36-05:00
2025-12-24,2025-12-30T04:00:00+00:00,flusight,8e28db6b98547d9eb540cbfaa8907bb88c11a5cf,target-data/time-series.csv,8ea1760fe0cc40953292d802156a137a3851cb9f,2025-12-29T10:49:23-05:00
2025-12-24,2025-12-30T04:00:00+00:00,flusight,8e28db6b98547d9eb540cbfaa8907bb88c11a5cf,target-data/target-hospital-admissions.csv,c98807f26ae6c71ec81bd2c54f1eff115d7d7e18,2025-12-24T18:05:12+00:00
2025-12-24,2025-12-30T04:00:00+00:00,flusight,8e28db6b98547d9eb540cbfaa8907bb88c11a5cf,target-data/target-ed-visits-prop.csv,2e88c02b10949d5bbc608e9f2238dde3e0061cdb,2025-12-29T10:34:10-05:00
2025-12-24,2025-12-30T04:00:00+00:00,covid,2cf38cd830b6a26f2287d308c4d783f91d50f937,target-data/time-series.parquet,fe92171288015e47d4685d9080922f358a05f2c8,2025-12-29T09:05:00-07:00
2025-12-24,2025-12-30T04:00:00+00:00,covid,2cf38cd830b6a26f2287d308c4d783f91d50f937,auxiliary-data/nssp-raw-data/latest.parquet,349af5e68a9456b0c042707e27b42af57eff15be,2025-12-29T10:16:20-05:00
2025-12-24,2025-12-30T04:00:00+00:00,rsv,339f538a179579e231b5533d5aa79fae1e11f9c0,target-data/time-series.parquet,27da85ab2256fd79eb82265caa6086309d315245,2025-12-17T11:36:04-07:00
2025-12-24,2025-12-30T04:00:00+00:00,rsv,339f538a179579e231b5533d5aa79fae1e11f9c0,auxiliary-data/nssp-raw-data/latest.parquet,349af5e68a9456b0c042707e27b42af57eff15be,2025-12-29T10:16:01-05:00
2025-12-31,2026-01-05T04:00:00+00:00,flusight,94679442df37b1dffc613fadccee9d7150ed8530,target-data/time-series.csv,92180638793fcac220931582eaca174e1e32d627,2025-12-31T12:28:15-05:00
2025-12-31,2026-01-05T04:00:00+00:00,flusight,94679442df37b1dffc613fadccee9d7150ed8530,target-data/target-hospital-admissions.csv,f0179b5ad2627dcbec5e2637953d4456ae2d15b1,2025-12-31T12:28:15-05:00
2025-12-31,2026-01-05T04:00:00+00:00,flusight,94679442df37b1dffc613fadccee9d7150ed8530,target-data/target-ed-visits-prop.csv,b7ab3db1bbfecf11dfa2506d228e05da03f12aca,2025-12-31T12:28:15-05:00
2025-12-31,2026-01-05T04:00:00+00:00,covid,ad728fa89afd55c01921eb8707ab01ebe1dcb8cf,target-data/time-series.parquet,42afdbfa7bd9d640b53776e73dc04fc5870a2f20,2025-12-31T12:01:04-08:00
2025-12-31,2026-01-05T04:00:00+00:00,covid,ad728fa89afd55c01921eb8707ab01ebe1dcb8cf,auxiliary-data/nssp-raw-data/latest.parquet,9e0046c8760e600e2fc236d333d314275bff46b2,2025-12-31T10:30:09-07:00
2025-12-31,2026-01-05T04:00:00+00:00,rsv,ea2234dfa89a8bae89653a160c16713f23a10a64,target-data/time-series.parquet,d457569cf2f68853cfa9cda4a30c0166d03a96ad,2025-12-31T12:03:42-08:00
2025-12-31,2026-01-05T04:00:00+00:00,rsv,ea2234dfa89a8bae89653a160c16713f23a10a64,auxiliary-data/nssp-raw-data/latest.parquet,239b1bd0f6808c99b324275d9044d94415d01a8c,2025-12-31T10:32:02-07:00
2026-01-07,2026-01-08T04:00:00+00:00,flusight,f62e7cd16df1511f9751ae9459bfdcc67c93a1b0,target-data/time-series.csv,fe70eb93702dc7b1a0c2fc598fb05cc37c022c0a,2026-01-07T12:46:13-05:00
2026-01-07,2026-01-08T04:00:00+00:00,flusight,f62e7cd16df1511f9751ae9459bfdcc67c93a1b0,target-data/target-hospital-admissions.csv,0d798411717309ee22c41f3abe112cf7531cbb01,2026-01-07T12:42:29-05:00
2026-01-07,2026-01-08T04:00:00+00:00,flusight,f62e7cd16df1511f9751ae9459bfdcc67c93a1b0,target-data/target-ed-visits-prop.csv,0eeedd94ece7464410add36106a327316506e3fd,2026-01-07T12:42:29-05:00
2026-01-07,2026-01-08T04:00:00+00:00,covid,7ae7dc081ce3ec8619685185fe0600deca2acdf8,target-data/time-series.parquet,8bc7314d8577618fa5cc18e125db731b1230d92a,2026-01-07T18:41:47+00:00
2026-01-07,2026-01-08T04:00:00+00:00,covid,7ae7dc081ce3ec8619685185fe0600deca2acdf8,auxiliary-data/nssp-raw-data/latest.parquet,a58f4ddf39405be5a4b1012a26262c4a82a81b1c,2026-01-07T09:39:39-05:00
2026-01-07,2026-01-08T04:00:00+00:00,rsv,c4c7ba91cb63745da8c590fd8dc4a05c71ac5331,target-data/time-series.parquet,0eb35fd6826f85744cd2bee35e89272067964bfb,2026-01-07T09:43:46-08:00
2026-01-07,2026-01-08T04:00:00+00:00,rsv,c4c7ba91cb63745da8c590fd8dc4a05c71ac5331,auxiliary-data/nssp-raw-data/latest.parquet,a58f4ddf39405be5a4b1012a26262c4a82a81b1c,2026-01-07T09:39:16-05:00
2026-01-14,2026-01-15T04:00:00+00:00,flusight,d3202eb240c0b45e431726a686273a06121fa5b1,target-data/time-series.csv,951cc4d4bfdda3af5b5e64dd8406c92dcd1626a4,2026-01-14T13:36:16-05:00
2026-01-14,2026-01-15T04:00:00+00:00,flusight,d3202eb240c0b45e431726a686273a06121fa5b1,target-data/target-hospital-admissions.csv,00fe4e480e859e2911bd031bc26e6c27c32013e9,2026-01-14T13:36:16-05:00
2026-01-14,2026-01-15T04:00:00+00:00,flusight,d3202eb240c0b45e431726a686273a06121fa5b1,target-data/target-ed-visits-prop.csv,5bd06d98bb395557a8a7b481c6e3e5c9ef7768ab,2026-01-14T13:36:16-05:00
2026-01-14,2026-01-15T04:00:00+00:00,covid,10402232c33531512631143a9000cada23711766,target-data/time-series.parquet,cf3a4a1cb01bb182172bde7d888e77ae8431d958,2026-01-14T10:48:03-08:00
2026-01-14,2026-01-15T04:00:00+00:00,covid,10402232c33531512631143a9000cada23711766,auxiliary-data/nssp-raw-data/latest.parquet,1c5912c2a8b9464fd79c807b580aa069ac894354,2026-01-14T10:16:48-05:00
2026-01-14,2026-01-15T04:00:00+00:00,rsv,a33043a0758f511c29af1036ca2300e48a25de68,target-data/time-series.parquet,4f4c5c4dadce10931d943871e23dbc13ba622303,2026-01-14T10:50:07-08:00
2026-01-14,2026-01-15T04:00:00+00:00,rsv,a33043a0758f511c29af1036ca2300e48a25de68,auxiliary-data/nssp-raw-data/latest.parquet,1c5912c2a8b9464fd79c807b580aa069ac894354,2026-01-14T10:16:18-05:00
2026-01-21,2026-01-22T04:00:00+00:00,flusight,8a301296197078ab3b01f089685077ffb22cb6a5,target-data/time-series.csv,d5df5046031a1eb14923cb1fe1b10f4b468507f5,2026-01-21T12:48:50-05:00
2026-01-21,2026-01-22T04:00:00+00:00,flusight,8a301296197078ab3b01f089685077ffb22cb6a5,target-data/target-hospital-admissions.csv,59e88cec66a4d4aab5a2f68e7faa56120b75e68a,2026-01-21T12:45:30-05:00
2026-01-21,2026-01-22T04:00:00+00:00,flusight,8a301296197078ab3b01f089685077ffb22cb6a5,target-data/target-ed-visits-prop.csv,068343978b6eea2fdae1fe2024312220fe7b7bc9,2026-01-21T12:45:30-05:00
2026-01-21,2026-01-22T04:00:00+00:00,covid,5150d78be225e01b27ce97341a432efefab0df9f,target-data/time-series.parquet,8a578ba59845854c7e880a6b022d56bae88d9a4d,2026-01-21T10:11:17-08:00
2026-01-21,2026-01-22T04:00:00+00:00,covid,5150d78be225e01b27ce97341a432efefab0df9f,auxiliary-data/nssp-raw-data/latest.parquet,283216461b7b3b15b7f46153de2335272702642d,2026-01-21T17:33:52+00:00
2026-01-21,2026-01-22T04:00:00+00:00,rsv,9c5efb8a3a63d114a56b7cea7b137e10e9600812,target-data/time-series.parquet,95abebccfb21000f6d4d2a878ce1bd6e949a8d78,2026-01-21T17:36:19+00:00
2026-01-21,2026-01-22T04:00:00+00:00,rsv,9c5efb8a3a63d114a56b7cea7b137e10e9600812,auxiliary-data/nssp-raw-data/latest.parquet,283216461b7b3b15b7f46153de2335272702642d,2026-01-21T09:31:28-08:00
2026-01-28,2026-01-29T04:00:00+00:00,flusight,3daa8fecbe9cd58a7cb00b0cc4ffa40e5c3750c4,target-data/time-series.csv,96a404f653a42c32365fb066f4bfcf5bc2c1b391,2026-01-28T13:05:23-05:00
2026-01-28,2026-01-29T04:00:00+00:00,flusight,3daa8fecbe9cd58a7cb00b0cc4ffa40e5c3750c4,target-data/target-hospital-admissions.csv,74c3aae2baa55288bc06ebd7aaa2e6a017bc8eb5,2026-01-28T12:59:36-05:00
2026-01-28,2026-01-29T04:00:00+00:00,flusight,3daa8fecbe9cd58a7cb00b0cc4ffa40e5c3750c4,target-data/target-ed-visits-prop.csv,8f1fcd2aaee6068b07fc3c948aeada38ed91afd9,2026-01-28T12:59:36-05:00
2026-01-28,2026-01-29T04:00:00+00:00,covid,dd5e50d7aa6066a8f2120728080e0a2378d98c13,target-data/time-series.parquet,4b976058fc9bf46da83a4afff6ef87e4ad6e21d5,2026-01-28T13:44:14-05:00
2026-01-28,2026-01-29T04:00:00+00:00,covid,dd5e50d7aa6066a8f2120728080e0a2378d98c13,auxiliary-data/nssp-raw-data/latest.parquet,93d8907095dddddf0be9e3b625f573a70840af95,2026-01-28T09:58:59-05:00
2026-01-28,2026-01-29T04:00:00+00:00,rsv,8fcaaf06f93a4be6b9d137883e73f31786bb1831,target-data/time-series.parquet,686a72f8e5756de4cd4465d01936bb6a23a06cb4,2026-01-28T13:00:27-08:00
2026-01-28,2026-01-29T04:00:00+00:00,rsv,8fcaaf06f93a4be6b9d137883e73f31786bb1831,auxiliary-data/nssp-raw-data/latest.parquet,93d8907095dddddf0be9e3b625f573a70840af95,2026-01-28T09:59:15-05:00
2026-02-04,2026-02-05T04:00:00+00:00,flusight,71cef3df8984a75d2447cf62479cd266cb1b804e,target-data/time-series.csv,394e5a12e4630ef80739ecc6c18c51fcc728160f,2026-02-04T15:57:11-05:00
2026-02-04,2026-02-05T04:00:00+00:00,flusight,71cef3df8984a75d2447cf62479cd266cb1b804e,target-data/target-hospital-admissions.csv,347f41b39b2bc78aa5333cd3dfcdc86070acd57d,2026-02-04T15:54:04-05:00
2026-02-04,2026-02-05T04:00:00+00:00,flusight,71cef3df8984a75d2447cf62479cd266cb1b804e,target-data/target-ed-visits-prop.csv,0c35c87aab680b967ab9cbfe672337e335485d42,2026-02-04T15:25:56-05:00
2026-02-04,2026-02-05T04:00:00+00:00,covid,079db72358c5375d4db0a3054c4270dc8c7a0bc3,target-data/time-series.parquet,479c6ca473f24a4275d572b64f806acdde4547a4,2026-02-04T12:39:11-08:00
2026-02-04,2026-02-05T04:00:00+00:00,covid,079db72358c5375d4db0a3054c4270dc8c7a0bc3,auxiliary-data/nssp-raw-data/latest.parquet,4a7d1adb9cd29eb5d7731fa4edd3f2ab45560840,2026-02-04T12:16:46-05:00
2026-02-04,2026-02-05T04:00:00+00:00,rsv,136fbe751bd538e84acce6df684758ae42367b47,target-data/time-series.parquet,79fc261c0b68fec5c12085580541c5c43b5da35b,2026-02-04T12:31:51-08:00
2026-02-04,2026-02-05T04:00:00+00:00,rsv,136fbe751bd538e84acce6df684758ae42367b47,auxiliary-data/nssp-raw-data/latest.parquet,4a7d1adb9cd29eb5d7731fa4edd3f2ab45560840,2026-02-04T12:16:31-05:00
2026-02-11,2026-02-12T04:00:00+00:00,flusight,cbef0e2b1aeb81ee64fc6812711fea1e30f00fbf,target-data/time-series.csv,b7ada7bdcc1af036594e4bcb8e96b29cbe70bc7e,2026-02-11T12:26:14-05:00
2026-02-11,2026-02-12T04:00:00+00:00,flusight,cbef0e2b1aeb81ee64fc6812711fea1e30f00fbf,target-data/target-hospital-admissions.csv,0915f0e1fdd40c818bb867c83cfcddf24a62631c,2026-02-11T12:22:48-05:00
2026-02-11,2026-02-12T04:00:00+00:00,flusight,cbef0e2b1aeb81ee64fc6812711fea1e30f00fbf,target-data/target-ed-visits-prop.csv,92f54bb9a64bfff467ce1ef52557304125b561b3,2026-02-11T12:22:48-05:00
2026-02-11,2026-02-12T04:00:00+00:00,covid,a91c5f8f675264c8223614bb36efa1fa0d5daa9e,target-data/time-series.parquet,5024b822ca99b4e50bb0fc32e6b663635ececd09,2026-02-11T10:11:15-08:00
2026-02-11,2026-02-12T04:00:00+00:00,covid,a91c5f8f675264c8223614bb36efa1fa0d5daa9e,auxiliary-data/nssp-raw-data/latest.parquet,efabee820eefe56e1a13935b31131d03cfda600c,2026-02-11T10:03:57-05:00
2026-02-11,2026-02-12T04:00:00+00:00,rsv,8e0ffd1b553de720fcd4af341554d7c48b6428e6,target-data/time-series.parquet,f9e85da19b5f09bc97d47c3f1e47a5c4df20bfe5,2026-02-11T10:11:23-08:00
2026-02-11,2026-02-12T04:00:00+00:00,rsv,8e0ffd1b553de720fcd4af341554d7c48b6428e6,auxiliary-data/nssp-raw-data/latest.parquet,efabee820eefe56e1a13935b31131d03cfda600c,2026-02-11T10:04:21-05:00
2026-02-18,2026-02-19T04:00:00+00:00,flusight,f42d1a099136c1b1828130bf93b1ad4b77d8d3c6,target-data/time-series.csv,f57b1709a4434d6e81fe19fab33d8a1ca63d49bc,2026-02-18T12:24:49-05:00
2026-02-18,2026-02-19T04:00:00+00:00,flusight,f42d1a099136c1b1828130bf93b1ad4b77d8d3c6,target-data/target-hospital-admissions.csv,920e75caab54dc75ff33a2e1ee830df9e6c3d3a6,2026-02-18T12:17:00-05:00
2026-02-18,2026-02-19T04:00:00+00:00,flusight,f42d1a099136c1b1828130bf93b1ad4b77d8d3c6,target-data/target-ed-visits-prop.csv,d676fb25df55789734af9658df3320c89f2865e8,2026-02-18T12:17:00-05:00
2026-02-18,2026-02-19T04:00:00+00:00,covid,c52433b46033102cc425e9818b8aafca8926984b,target-data/time-series.parquet,7b6a6be8181c666675a3c296f47a15241be1f365,2026-02-18T13:19:53-05:00
2026-02-18,2026-02-19T04:00:00+00:00,covid,c52433b46033102cc425e9818b8aafca8926984b,auxiliary-data/nssp-raw-data/latest.parquet,d5ce81dc111642e2172aa54492a885570a41f022,2026-02-18T11:16:31-05:00
2026-02-18,2026-02-19T04:00:00+00:00,rsv,ff30c6811e099ab43c9392cc94d5b65ddad0e304,target-data/time-series.parquet,c7bd0a2f998fed9d34b955257ed52801328bde6e,2026-02-18T13:20:15-05:00
2026-02-18,2026-02-19T04:00:00+00:00,rsv,ff30c6811e099ab43c9392cc94d5b65ddad0e304,auxiliary-data/nssp-raw-data/latest.parquet,d5ce81dc111642e2172aa54492a885570a41f022,2026-02-18T11:16:53-05:00
2026-02-25,2026-02-26T04:00:00+00:00,flusight,8ba40afe553cbfe920affc7cda6f1891c68b81e6,target-data/time-series.csv,f81d99fad4efc93ea69b2c4d255d2bcae8307eec,2026-02-25T14:38:44-05:00
2026-02-25,2026-02-26T04:00:00+00:00,flusight,8ba40afe553cbfe920affc7cda6f1891c68b81e6,target-data/target-hospital-admissions.csv,2bc8de10c972ded54da3a0bc8d6b241ccfb9dbcc,2026-02-25T14:32:12-05:00
2026-02-25,2026-02-26T04:00:00+00:00,flusight,8ba40afe553cbfe920affc7cda6f1891c68b81e6,target-data/target-ed-visits-prop.csv,c567d7983ef7a541171fac0c64071f70970ee5ef,2026-02-25T14:15:57-05:00
2026-02-25,2026-02-26T04:00:00+00:00,covid,f0dd98c09ccc66bacea1b7892e6300350c4e02bc,target-data/time-series.parquet,65a2245726e777664da590af8d658e9e85debc8d,2026-02-25T12:18:55-08:00
2026-02-25,2026-02-26T04:00:00+00:00,covid,f0dd98c09ccc66bacea1b7892e6300350c4e02bc,auxiliary-data/nssp-raw-data/latest.parquet,fa714158fcd64ade5d77302a30aca183e8def4ee,2026-02-25T11:44:16-05:00
2026-02-25,2026-02-26T04:00:00+00:00,rsv,5057dfcdebb375302b7c514a4ff81b031f7e228a,target-data/time-series.parquet,83208c67492051a4cce56643a0e0024645641c17,2026-02-25T12:12:54-08:00
2026-02-25,2026-02-26T04:00:00+00:00,rsv,5057dfcdebb375302b7c514a4ff81b031f7e228a,auxiliary-data/nssp-raw-data/latest.parquet,fa714158fcd64ade5d77302a30aca183e8def4ee,2026-02-25T11:43:57-05:00
2026-03-04,2026-03-05T04:00:00+00:00,flusight,c885b2ffca113c443c2c668757ed3512d704d69f,target-data/time-series.csv,de5cd67641fe63f20961a03077c0754c9768ac7e,2026-03-04T14:12:14-05:00
2026-03-04,2026-03-05T04:00:00+00:00,flusight,c885b2ffca113c443c2c668757ed3512d704d69f,target-data/target-hospital-admissions.csv,70c17274d3a1541b30baba4aae8bd0759b57d946,2026-03-04T15:09:39-05:00
2026-03-04,2026-03-05T04:00:00+00:00,flusight,c885b2ffca113c443c2c668757ed3512d704d69f,target-data/target-ed-visits-prop.csv,408fe2ec590936b3bd14df1877ae64e340e7b557,2026-03-04T13:58:28-05:00
2026-03-04,2026-03-05T04:00:00+00:00,covid,a80aa9ec3f0e064425af827e5e1036083126672e,target-data/time-series.parquet,f6d9d8077b527dcd6e439f30ed7937d5ba902959,2026-03-04T13:01:20-05:00
2026-03-04,2026-03-05T04:00:00+00:00,covid,a80aa9ec3f0e064425af827e5e1036083126672e,auxiliary-data/nssp-raw-data/latest.parquet,c66974fb7f0d1dd796a451320d2628b1a311a55d,2026-03-04T10:27:34-05:00
2026-03-04,2026-03-05T04:00:00+00:00,rsv,1bef5863b645b647b009a44d8d2e0ccc7d3ccb14,target-data/time-series.parquet,3e102317b475669fd3c2161ce14531f314f35b7c,2026-03-04T13:11:33-05:00
2026-03-04,2026-03-05T04:00:00+00:00,rsv,1bef5863b645b647b009a44d8d2e0ccc7d3ccb14,auxiliary-data/nssp-raw-data/latest.parquet,c66974fb7f0d1dd796a451320d2628b1a311a55d,2026-03-04T10:23:31-05:00
2026-03-11,2026-03-12T03:00:00+00:00,flusight,e2859e2353d06ebe25ad2a7f59a87baa842e2b25,target-data/time-series.csv,924e7e9a8e236476d47a52afc2a6148dd5fa841a,2026-03-11T14:16:32-04:00
2026-03-11,2026-03-12T03:00:00+00:00,flusight,e2859e2353d06ebe25ad2a7f59a87baa842e2b25,target-data/target-hospital-admissions.csv,b1ea4a76ce087a8b26429f509884e86e949a30f2,2026-03-11T14:13:30-04:00
2026-03-11,2026-03-12T03:00:00+00:00,flusight,e2859e2353d06ebe25ad2a7f59a87baa842e2b25,target-data/target-ed-visits-prop.csv,dafe725217649d408e1f10e8b50da8ff75a58f04,2026-03-11T14:13:30-04:00
2026-03-11,2026-03-12T03:00:00+00:00,covid,54d0f6008837891d08ca380ae81f65f64061b3ae,target-data/time-series.parquet,d38b200c7b6aed70cde7ae1b8968687beb3dd8e7,2026-03-11T13:58:30-04:00
2026-03-11,2026-03-12T03:00:00+00:00,covid,54d0f6008837891d08ca380ae81f65f64061b3ae,auxiliary-data/nssp-raw-data/latest.parquet,5b85698e94a3dfa8f9b6c015fd527139ddf0cc13,2026-03-11T12:02:45-04:00
2026-03-11,2026-03-12T03:00:00+00:00,rsv,540647f0c781b225275555217b4f06c99dd9b2ce,target-data/time-series.parquet,257f033f05c1743e6871960e69cc7d0f4e68a16a,2026-03-11T14:01:54-04:00
2026-03-11,2026-03-12T03:00:00+00:00,rsv,540647f0c781b225275555217b4f06c99dd9b2ce,auxiliary-data/nssp-raw-data/latest.parquet,5b85698e94a3dfa8f9b6c015fd527139ddf0cc13,2026-03-11T12:03:36-04:00
2026-03-18,2026-03-19T03:00:00+00:00,flusight,3f7dd9e1619dcf1f2409381a15eea9ebb8fcf395,target-data/time-series.csv,fdc3dd4f4d94b9cd3371795f143f4bc190bbc73f,2026-03-18T12:14:28-04:00
2026-03-18,2026-03-19T03:00:00+00:00,flusight,3f7dd9e1619dcf1f2409381a15eea9ebb8fcf395,target-data/target-hospital-admissions.csv,637a7266c3855e477a19bfe811dbb12a90497b3b,2026-03-18T12:08:56-04:00
2026-03-18,2026-03-19T03:00:00+00:00,flusight,3f7dd9e1619dcf1f2409381a15eea9ebb8fcf395,target-data/target-ed-visits-prop.csv,8ef91be7d37d975d975caf3fc1aaaa9c912ecb84,2026-03-18T12:08:56-04:00
2026-03-18,2026-03-19T03:00:00+00:00,covid,c018c81da68d7ceb6c6409089684a3262ba8ca62,target-data/time-series.parquet,c52afc9a553d72b13173ecd21b7cdffc4fa8d894,2026-03-18T11:08:18-07:00
2026-03-18,2026-03-19T03:00:00+00:00,covid,c018c81da68d7ceb6c6409089684a3262ba8ca62,auxiliary-data/nssp-raw-data/latest.parquet,4924f89509d3cd6d2bf98413cdc4b2214e907781,2026-03-18T10:31:37-04:00
2026-03-18,2026-03-19T03:00:00+00:00,rsv,eeb8c9ecaf6c9b8d5d1684673fa812f89c27b702,target-data/time-series.parquet,f0fd0d9be653703dd097e4fe6f80c8c1f39ab176,2026-03-18T11:06:36-07:00
2026-03-18,2026-03-19T03:00:00+00:00,rsv,eeb8c9ecaf6c9b8d5d1684673fa812f89c27b702,auxiliary-data/nssp-raw-data/latest.parquet,4924f89509d3cd6d2bf98413cdc4b2214e907781,2026-03-18T10:31:08-04:00
2026-03-25,2026-03-26T03:00:00+00:00,flusight,a9405adb05ae64339bea6c2dc5b39816beafdc1c,target-data/time-series.csv,df81ab0c04a41167bde30094104ac5f6dcdfbd23,2026-03-25T12:34:51-04:00
2026-03-25,2026-03-26T03:00:00+00:00,flusight,a9405adb05ae64339bea6c2dc5b39816beafdc1c,target-data/target-hospital-admissions.csv,cb8a4ac7ed03d381dede347e2c2225db1db1aca4,2026-03-25T11:38:23-04:00
2026-03-25,2026-03-26T03:00:00+00:00,flusight,a9405adb05ae64339bea6c2dc5b39816beafdc1c,target-data/target-ed-visits-prop.csv,badc421900ad52d05bca5de70671afbd5578ba38,2026-03-25T12:34:51-04:00
2026-03-25,2026-03-26T03:00:00+00:00,covid,ebd67961f9f8a12ad76c596e61f11c7b43b733e3,target-data/time-series.parquet,0a044d41d5919a99a3e838e960dfbd4d320ad8e7,2026-03-25T11:21:20-07:00
2026-03-25,2026-03-26T03:00:00+00:00,covid,ebd67961f9f8a12ad76c596e61f11c7b43b733e3,auxiliary-data/nssp-raw-data/latest.parquet,ee1a87623224f83ecd4dfa9d0140754468ca513b,2026-03-25T09:26:34-07:00
2026-03-25,2026-03-26T03:00:00+00:00,rsv,b681c4bee712acdec553a08c942fe47274bd9bb0,target-data/time-series.parquet,6775cb09b31e661765abef7c013be3fb40a278ad,2026-03-25T11:25:06-07:00
2026-03-25,2026-03-26T03:00:00+00:00,rsv,b681c4bee712acdec553a08c942fe47274bd9bb0,auxiliary-data/nssp-raw-data/latest.parquet,6359df06049e64e8622b1766db211ce79a14f4b7,2026-03-25T09:27:33-07:00
2026-04-01,2026-04-02T03:00:00+00:00,flusight,2461e1d6c92a40e8377bcfc26c44cd17627c516d,target-data/time-series.csv,db0f5026e22657f766963a918b748e780835fb5d,2026-04-01T12:12:49-04:00
2026-04-01,2026-04-02T03:00:00+00:00,flusight,2461e1d6c92a40e8377bcfc26c44cd17627c516d,target-data/target-hospital-admissions.csv,befac3b72b326f46eec3889e5840a70c73d652f1,2026-04-01T12:10:41-04:00
2026-04-01,2026-04-02T03:00:00+00:00,flusight,2461e1d6c92a40e8377bcfc26c44cd17627c516d,target-data/target-ed-visits-prop.csv,fb1fda2010386368374c796ed30c704d4cd269ad,2026-04-01T12:10:41-04:00
2026-04-01,2026-04-02T03:00:00+00:00,covid,ce005097a0662307ee402a5199f9512ea0d3e610,target-data/time-series.parquet,6f0ba6bd9892d80af3711d99e47019f3ab28216f,2026-04-01T19:49:37+01:00
2026-04-01,2026-04-02T03:00:00+00:00,covid,ce005097a0662307ee402a5199f9512ea0d3e610,auxiliary-data/nssp-raw-data/latest.parquet,958a304506b52960b975159d707b8a52092ce7d4,2026-04-01T11:28:26-04:00
2026-04-01,2026-04-02T03:00:00+00:00,rsv,b74bf47b813894af2edd62c9479117eb5c2ca164,target-data/time-series.parquet,44821b1d630d90c42cc6509e076fdd45b352bd7e,2026-04-01T14:36:03-04:00
2026-04-01,2026-04-02T03:00:00+00:00,rsv,b74bf47b813894af2edd62c9479117eb5c2ca164,auxiliary-data/nssp-raw-data/latest.parquet,958a304506b52960b975159d707b8a52092ce7d4,2026-04-01T11:35:48-04:00
2026-04-08,2026-04-09T03:00:00+00:00,flusight,c9d2131d328f7681ac09284b1789263434745c62,target-data/time-series.csv,5ac34f42dff23e38966c510f46d070f098cf0088,2026-04-08T13:49:17-04:00
2026-04-08,2026-04-09T03:00:00+00:00,flusight,c9d2131d328f7681ac09284b1789263434745c62,target-data/target-hospital-admissions.csv,ed012e0c08bc9cc8637cee2751feaf035e510cec,2026-04-08T13:43:32-04:00
2026-04-08,2026-04-09T03:00:00+00:00,flusight,c9d2131d328f7681ac09284b1789263434745c62,target-data/target-ed-visits-prop.csv,9dd19673ee99ba3ea3b8b7f5373b327bc82f3310,2026-04-08T13:43:32-04:00
2026-04-08,2026-04-09T03:00:00+00:00,covid,fa2c6aa94ad2ef7fb3ca4c552931b86858731214,target-data/time-series.parquet,63cc2de7ad2476c7dabd1b9f9598ed01f699cbd2,2026-04-08T18:24:39+00:00
2026-04-08,2026-04-09T03:00:00+00:00,covid,fa2c6aa94ad2ef7fb3ca4c552931b86858731214,auxiliary-data/nssp-raw-data/latest.parquet,fee3b9c2b102f233dd228e7544c7326d1185e3fd,2026-04-08T09:59:32-04:00
2026-04-08,2026-04-09T03:00:00+00:00,rsv,77c8127c1916f133ad0b69f1af2168f981eb3fca,target-data/time-series.parquet,670f73194fbf5c2e0b4bb41cc67256a1744c5e85,2026-04-08T11:06:13-07:00
2026-04-08,2026-04-09T03:00:00+00:00,rsv,77c8127c1916f133ad0b69f1af2168f981eb3fca,auxiliary-data/nssp-raw-data/latest.parquet,fee3b9c2b102f233dd228e7544c7326d1185e3fd,2026-04-08T09:59:15-04:00
2026-04-15,2026-04-16T03:00:00+00:00,flusight,6d84b70719ae6b78e44797c33faafc82dfb06a3d,target-data/time-series.csv,42acdf8e8e5964ed7178a58eb25b3e15de7c0cdb,2026-04-15T13:24:52-04:00
2026-04-15,2026-04-16T03:00:00+00:00,flusight,6d84b70719ae6b78e44797c33faafc82dfb06a3d,target-data/target-hospital-admissions.csv,51bd01b7628d7352d12e06cd99cb89d47c42ddec,2026-04-15T13:19:07-04:00
2026-04-15,2026-04-16T03:00:00+00:00,flusight,6d84b70719ae6b78e44797c33faafc82dfb06a3d,target-data/target-ed-visits-prop.csv,1d5e09621320fbbe9af435091be6ce75afd183c5,2026-04-15T13:19:07-04:00
2026-04-15,2026-04-16T03:00:00+00:00,covid,4a35e4c37df44931b88a6899ec38ae41625ee2fb,target-data/time-series.parquet,54000a8357e7a5c420191f694ee8846d1af378af,2026-04-15T11:06:49-07:00
2026-04-15,2026-04-16T03:00:00+00:00,covid,4a35e4c37df44931b88a6899ec38ae41625ee2fb,auxiliary-data/nssp-raw-data/latest.parquet,a6de3b2f4d900d3a249b6c3aa8231a2aed6bee7d,2026-04-15T09:39:45-04:00
2026-04-15,2026-04-16T03:00:00+00:00,rsv,481eb3c93d61f4b4833e1e198b53d9749f0c7fc2,target-data/time-series.parquet,596b14ace6ee564ae20b3f887a9b8a0891443bba,2026-04-15T18:09:21+00:00
2026-04-15,2026-04-16T03:00:00+00:00,rsv,481eb3c93d61f4b4833e1e198b53d9749f0c7fc2,auxiliary-data/nssp-raw-data/latest.parquet,a6de3b2f4d900d3a249b6c3aa8231a2aed6bee7d,2026-04-15T09:39:21-04:00
2026-04-22,2026-04-23T03:00:00+00:00,flusight,64487315d7c1fa41b612475606358942d8ffb002,target-data/time-series.csv,8dd0356eef8d8d90526fb363bc18ce6e0b91d410,2026-04-22T12:37:37-04:00
2026-04-22,2026-04-23T03:00:00+00:00,flusight,64487315d7c1fa41b612475606358942d8ffb002,target-data/target-hospital-admissions.csv,efb4c28925817d7cdce6dcfef6e616d0ab499572,2026-04-22T12:33:19-04:00
2026-04-22,2026-04-23T03:00:00+00:00,flusight,64487315d7c1fa41b612475606358942d8ffb002,target-data/target-ed-visits-prop.csv,445742c903123bc858f9f524403b4526480336ac,2026-04-22T12:33:19-04:00
2026-04-22,2026-04-23T03:00:00+00:00,covid,e3b365adfe1d8cca931ce29f66daae5cc52c3a1b,target-data/time-series.parquet,fad3f8b0b7f2792f654e73bc942f359ac2d35c71,2026-04-22T11:13:38-07:00
2026-04-22,2026-04-23T03:00:00+00:00,covid,e3b365adfe1d8cca931ce29f66daae5cc52c3a1b,auxiliary-data/nssp-raw-data/latest.parquet,75e3da26a7a1ccb032342923430bee3c2d5b81ca,2026-04-22T12:05:30-04:00
2026-04-22,2026-04-23T03:00:00+00:00,rsv,3807e77d3aa03aa3b11832bc3923f9fc2728b8f6,target-data/time-series.parquet,cc1341d07ab13c4f31b19006499fcd78ffb39379,2026-04-22T11:14:11-07:00
2026-04-22,2026-04-23T03:00:00+00:00,rsv,3807e77d3aa03aa3b11832bc3923f9fc2728b8f6,auxiliary-data/nssp-raw-data/latest.parquet,75e3da26a7a1ccb032342923430bee3c2d5b81ca,2026-04-22T12:05:44-04:00
2026-04-29,2026-04-30T03:00:00+00:00,flusight,032fca5518bd1aa20941d91c3a97ff0c876eaf30,target-data/time-series.csv,0ce407ccfd210c1ebd4f58dfa8058446e255bbb3,2026-04-29T14:53:53-04:00
2026-04-29,2026-04-30T03:00:00+00:00,flusight,032fca5518bd1aa20941d91c3a97ff0c876eaf30,target-data/target-hospital-admissions.csv,e5b4572680e6f057181820db97623add4e52e21e,2026-04-29T14:37:04-04:00
2026-04-29,2026-04-30T03:00:00+00:00,flusight,032fca5518bd1aa20941d91c3a97ff0c876eaf30,target-data/target-ed-visits-prop.csv,0b7529387080623a2d1012cfd14bfd78407f0e4f,2026-04-29T14:37:04-04:00
2026-04-29,2026-04-30T03:00:00+00:00,covid,c27b066a4d893cfddf49a884026b2ee60d73d688,target-data/time-series.parquet,55883ac6275b628e919a62eb2fae9479b76a6ebc,2026-04-29T19:46:53+01:00
2026-04-29,2026-04-30T03:00:00+00:00,covid,c27b066a4d893cfddf49a884026b2ee60d73d688,auxiliary-data/nssp-raw-data/latest.parquet,473193f9bb6efc6f4ea4f82aab6a99ca643f2a7c,2026-04-29T09:25:59-04:00
2026-04-29,2026-04-30T03:00:00+00:00,rsv,5ff8872e28c5fc64f1d08edc9e58edcd606b9626,target-data/time-series.parquet,b2e7a3ce7eaeb4465cb22c1ff4879a311e16003f,2026-04-29T11:48:53-07:00
2026-04-29,2026-04-30T03:00:00+00:00,rsv,5ff8872e28c5fc64f1d08edc9e58edcd606b9626,auxiliary-data/nssp-raw-data/latest.parquet,473193f9bb6efc6f4ea4f82aab6a99ca643f2a7c,2026-04-29T09:25:38-04:00
2026-05-06,2026-05-07T03:00:00+00:00,flusight,1a9f24606150d20e30ff93fbc650f7e7fb111ab1,target-data/time-series.csv,167694e6b3d74912512f2cdfa11750847e50033e,2026-05-06T11:28:24-04:00
2026-05-06,2026-05-07T03:00:00+00:00,flusight,1a9f24606150d20e30ff93fbc650f7e7fb111ab1,target-data/target-hospital-admissions.csv,14d79061da758e95a8e5e700bd5ec505ae4b18cb,2026-05-06T10:40:45-04:00
2026-05-06,2026-05-07T03:00:00+00:00,flusight,1a9f24606150d20e30ff93fbc650f7e7fb111ab1,target-data/target-ed-visits-prop.csv,c9b9ebfae6cdef28ac0910ca3871f265ff2a7c89,2026-05-06T11:23:32-04:00
2026-05-06,2026-05-07T03:00:00+00:00,covid,716bbff723d3dd46cc0ce24d7c02b355de583d2a,target-data/time-series.parquet,d8adbb31cadad655938990eef73d591828778ed5,2026-05-06T19:50:30+01:00
2026-05-06,2026-05-07T03:00:00+00:00,covid,716bbff723d3dd46cc0ce24d7c02b355de583d2a,auxiliary-data/nssp-raw-data/latest.parquet,1886e50ea9da5e5b3c0f1a07479a942e4621ef56,2026-05-06T11:11:17-04:00
2026-05-06,2026-05-07T03:00:00+00:00,rsv,0a907f696bf42d99027d1d191f2f7c8a41f66201,target-data/time-series.parquet,eca8bbf0587f7b9cce3067ec2693da23e25ac83a,2026-05-06T13:14:58-07:00
2026-05-06,2026-05-07T03:00:00+00:00,rsv,0a907f696bf42d99027d1d191f2f7c8a41f66201,auxiliary-data/nssp-raw-data/latest.parquet,1886e50ea9da5e5b3c0f1a07479a942e4621ef56,2026-05-06T11:10:57-04:00
2026-05-13,2026-05-14T03:00:00+00:00,flusight,a4ef00ab437e30347981bc86eefc5c66049c6f19,target-data/time-series.csv,304c662a0c1bb8b395d2a607ebd91b3a40c34c42,2026-05-13T11:58:16-04:00
2026-05-13,2026-05-14T03:00:00+00:00,flusight,a4ef00ab437e30347981bc86eefc5c66049c6f19,target-data/target-hospital-admissions.csv,cfebd28c58b8d535bd7fc9a31ba22552bfd3002f,2026-05-13T10:45:41-04:00
2026-05-13,2026-05-14T03:00:00+00:00,flusight,a4ef00ab437e30347981bc86eefc5c66049c6f19,target-data/target-ed-visits-prop.csv,e45a0ff7feb6bcfcf288c324c5bfed894809f92f,2026-05-13T11:56:27-04:00
2026-05-13,2026-05-14T03:00:00+00:00,covid,08e60bae73570fbfaabd4e9f246ac57352c34b0b,target-data/time-series.parquet,12e65a534e92a3ce8e63b5d680b114d6036bc293,2026-05-13T20:13:36+01:00
2026-05-13,2026-05-14T03:00:00+00:00,covid,08e60bae73570fbfaabd4e9f246ac57352c34b0b,auxiliary-data/nssp-raw-data/latest.parquet,fa7d38ca474f450c7bdcc20d529a9e205ffe04df,2026-05-13T11:51:22-04:00
2026-05-13,2026-05-14T03:00:00+00:00,rsv,7518329a61028a4e5f2ea3eda1864b9f93489d4e,target-data/time-series.parquet,fe4fe5c3c0511a43c0b22d6c725c48e57504f811,2026-05-13T12:13:54-07:00
2026-05-13,2026-05-14T03:00:00+00:00,rsv,7518329a61028a4e5f2ea3eda1864b9f93489d4e,auxiliary-data/nssp-raw-data/latest.parquet,fa7d38ca474f450c7bdcc20d529a9e205ffe04df,2026-05-13T11:39:10-04:00
2026-05-20,2026-05-21T03:00:00+00:00,flusight,6ecd92f1d76862ffb534b77cd86f0879aea1f859,target-data/time-series.csv,6c9419a17c38c4c6359cd875af0d6c3faaf2dd11,2026-05-20T12:32:43-04:00
2026-05-20,2026-05-21T03:00:00+00:00,flusight,6ecd92f1d76862ffb534b77cd86f0879aea1f859,target-data/target-hospital-admissions.csv,46fdfcbc513fd25200228ccc62bac3dee8a7c5ff,2026-05-20T10:27:43-04:00
2026-05-20,2026-05-21T03:00:00+00:00,flusight,6ecd92f1d76862ffb534b77cd86f0879aea1f859,target-data/target-ed-visits-prop.csv,150d0de6f93c33ca876fd4861b16660722138e91,2026-05-20T12:29:05-04:00
2026-05-20,2026-05-21T03:00:00+00:00,covid,83b7a3dbecd6e2346f31dce0eb48db2d65f219bd,target-data/time-series.parquet,fc6150e8b68f2fff6a377dff50911ef4baba2d6a,2026-05-20T11:41:42-07:00
2026-05-20,2026-05-21T03:00:00+00:00,covid,83b7a3dbecd6e2346f31dce0eb48db2d65f219bd,auxiliary-data/nssp-raw-data/latest.parquet,2977f6e1fca9d661bf597381ab4643d6e6d33b7e,2026-05-20T12:04:00-04:00
2026-05-20,2026-05-21T03:00:00+00:00,rsv,5469bbed52a077e20bcb07b47fb33294e36d9fc2,target-data/time-series.parquet,c5b35535985290e1730da4feda0a61ca87e23f15,2026-05-20T11:42:13-07:00
2026-05-20,2026-05-21T03:00:00+00:00,rsv,5469bbed52a077e20bcb07b47fb33294e36d9fc2,auxiliary-data/nssp-raw-data/latest.parquet,2977f6e1fca9d661bf597381ab4643d6e6d33b7e,2026-05-20T12:03:37-04:00
2026-05-27,2026-05-28T03:00:00+00:00,flusight,9fecb2a80211b8fe694afed595dc653ea35af296,target-data/time-series.csv,32c726b513847f95fe8888ec143c8677856c4ada,2026-05-27T15:58:03-04:00
2026-05-27,2026-05-28T03:00:00+00:00,flusight,9fecb2a80211b8fe694afed595dc653ea35af296,target-data/target-hospital-admissions.csv,ff8ff62fec8e2e780d793afece43f13fea73f3ca,2026-05-27T15:26:27-04:00
2026-05-27,2026-05-28T03:00:00+00:00,flusight,9fecb2a80211b8fe694afed595dc653ea35af296,target-data/target-ed-visits-prop.csv,a7e1572f22835735dda4868eaedc9018fa39a28e,2026-05-27T12:48:28-04:00
2026-05-27,2026-05-28T03:00:00+00:00,covid,de785dc1f9723c8f47faf56246d77d816cf701cd,target-data/time-series.parquet,e7be604ff0e8c621450f6e56757a046a735a2927,2026-05-27T13:03:09-07:00
2026-05-27,2026-05-28T03:00:00+00:00,covid,de785dc1f9723c8f47faf56246d77d816cf701cd,auxiliary-data/nssp-raw-data/latest.parquet,5281e810b9c08385554dc37b2bb968c6dafd2294,2026-05-27T12:29:07-04:00
2026-05-27,2026-05-28T03:00:00+00:00,rsv,02b0b954f10a604eca5d7497eaab5d69f75db724,target-data/time-series.parquet,850fe26b957fed6c09e07a729a204f6cef3e102d,2026-05-27T13:07:09-07:00
2026-05-27,2026-05-28T03:00:00+00:00,rsv,02b0b954f10a604eca5d7497eaab5d69f75db724,auxiliary-data/nssp-raw-data/latest.parquet,5281e810b9c08385554dc37b2bb968c6dafd2294,2026-05-27T12:29:19-04:00
2026-06-03,2026-06-04T03:00:00+00:00,flusight,777087ef36b8d240be66b3bee9ef2088932464da,target-data/time-series.csv,36c25fc06681e0b0a99c8fcf8cd960eaf00ff826,2026-06-03T12:45:28-04:00
2026-06-03,2026-06-04T03:00:00+00:00,flusight,777087ef36b8d240be66b3bee9ef2088932464da,target-data/target-hospital-admissions.csv,a4670c667174229f11f2873a5ee3266742c833a3,2026-06-03T12:38:50-04:00
2026-06-03,2026-06-04T03:00:00+00:00,flusight,777087ef36b8d240be66b3bee9ef2088932464da,target-data/target-ed-visits-prop.csv,a16f31168a13572b368e347aca3834869a99320b,2026-06-03T12:38:50-04:00
2026-06-03,2026-06-04T03:00:00+00:00,covid,21f3f800d87116c0ed259e1cfe82ca8e99279edf,target-data/time-series.parquet,5706a55b9d7a5800401eec74429e96bc51458ca0,2026-06-03T12:07:46-04:00
2026-06-03,2026-06-04T03:00:00+00:00,covid,21f3f800d87116c0ed259e1cfe82ca8e99279edf,auxiliary-data/nssp-raw-data/latest.parquet,5b2919cca200b9219ee95ccd70b9225929bb9f19,2026-06-03T11:41:49-04:00
2026-06-03,2026-06-04T03:00:00+00:00,rsv,05eb906ffae3518fcd0cf00766787b2261747037,target-data/time-series.parquet,ebda349f1e15fa48a79c0c2956c1bf0c507d913d,2026-06-03T12:07:13-04:00
2026-06-03,2026-06-04T03:00:00+00:00,rsv,05eb906ffae3518fcd0cf00766787b2261747037,auxiliary-data/nssp-raw-data/latest.parquet,5b2919cca200b9219ee95ccd70b9225929bb9f19,2026-06-03T11:42:08-04:00
2026-06-10,2026-06-11T03:00:00+00:00,flusight,777087ef36b8d240be66b3bee9ef2088932464da,target-data/time-series.csv,36c25fc06681e0b0a99c8fcf8cd960eaf00ff826,2026-06-03T12:45:28-04:00
2026-06-10,2026-06-11T03:00:00+00:00,flusight,777087ef36b8d240be66b3bee9ef2088932464da,target-data/target-hospital-admissions.csv,a4670c667174229f11f2873a5ee3266742c833a3,2026-06-03T12:38:50-04:00
2026-06-10,2026-06-11T03:00:00+00:00,flusight,777087ef36b8d240be66b3bee9ef2088932464da,target-data/target-ed-visits-prop.csv,a16f31168a13572b368e347aca3834869a99320b,2026-06-03T12:38:50-04:00
2026-06-10,2026-06-11T03:00:00+00:00,covid,99ee3da9b6b598b1faa121d55821173af5207293,target-data/time-series.parquet,fe2274190d283637b750a52daf3fc8ba5b6c9a0b,2026-06-10T10:42:43-07:00
2026-06-10,2026-06-11T03:00:00+00:00,covid,99ee3da9b6b598b1faa121d55821173af5207293,auxiliary-data/nssp-raw-data/latest.parquet,cd265c3fb4494179644dbe82808070e18804bdb1,2026-06-10T07:53:37-07:00
2026-06-10,2026-06-11T03:00:00+00:00,rsv,518df9e78234b45f914d5510f99b45f23a0c5f93,target-data/time-series.parquet,47030fd39c8584f579ab96d2213659b6ee507ff1,2026-06-10T10:43:11-07:00
2026-06-10,2026-06-11T03:00:00+00:00,rsv,518df9e78234b45f914d5510f99b45f23a0c5f93,auxiliary-data/nssp-raw-data/latest.parquet,cd265c3fb4494179644dbe82808070e18804bdb1,2026-06-10T07:53:30-07:00
2026-06-17,2026-06-18T03:00:00+00:00,flusight,0d6fb61fb85ab367882cc6cb37f43c01a93294a3,target-data/time-series.csv,089be2e647e3a28ca8e52363813824fb0709637c,2026-06-17T13:13:15-04:00
2026-06-17,2026-06-18T03:00:00+00:00,flusight,0d6fb61fb85ab367882cc6cb37f43c01a93294a3,target-data/target-hospital-admissions.csv,752b6c9ffcc12702b9da9bd53e06457e66fe5070,2026-06-17T13:13:15-04:00
2026-06-17,2026-06-18T03:00:00+00:00,flusight,0d6fb61fb85ab367882cc6cb37f43c01a93294a3,target-data/target-ed-visits-prop.csv,753a1cd9a705e2ec79cef6e528f3bd3355b531fe,2026-06-17T13:13:15-04:00
2026-06-17,2026-06-18T03:00:00+00:00,covid,c14b21cc023d193d5be62d47a8826560a59377a4,target-data/time-series.parquet,176260d72dd3b6ccdedced453c7381e9e8bf1c09,2026-06-17T12:49:42-07:00
2026-06-17,2026-06-18T03:00:00+00:00,covid,c14b21cc023d193d5be62d47a8826560a59377a4,auxiliary-data/nssp-raw-data/latest.parquet,f7246a7ebe51f2f28d0043d788f7a6cb7059e7c6,2026-06-17T12:32:48-04:00
2026-06-17,2026-06-18T03:00:00+00:00,rsv,987fb51bfdaa8f917407d905fca3f9002105f79d,target-data/time-series.parquet,d35d78a57cc5852d3411f268e62b54a95e12c008,2026-06-17T13:59:59-07:00
2026-06-17,2026-06-18T03:00:00+00:00,rsv,987fb51bfdaa8f917407d905fca3f9002105f79d,auxiliary-data/nssp-raw-data/latest.parquet,f7246a7ebe51f2f28d0043d788f7a6cb7059e7c6,2026-06-17T12:32:27-04:00
2026-06-24,2026-06-25T03:00:00+00:00,flusight,154fd890d3507c60138ce47ee49966188170e266,target-data/time-series.csv,926deabc2744138c111a87458b54ad6537022921,2026-06-24T14:07:24-04:00
2026-06-24,2026-06-25T03:00:00+00:00,flusight,154fd890d3507c60138ce47ee49966188170e266,target-data/target-hospital-admissions.csv,967bc605ce5c1b8db76a42b9b269f4ec1323ee31,2026-06-24T14:07:24-04:00
2026-06-24,2026-06-25T03:00:00+00:00,flusight,154fd890d3507c60138ce47ee49966188170e266,target-data/target-ed-visits-prop.csv,f5011301b03b9243f60ec7b6636c5606b2a82bd0,2026-06-24T14:07:24-04:00
2026-06-24,2026-06-25T03:00:00+00:00,covid,66a8dcb0418afe35f2ef181c2eef675e9cac1419,target-data/time-series.parquet,17a25e92c832c3af92f9bb598a1af2b37c80e62e,2026-06-24T16:08:48-04:00
2026-06-24,2026-06-25T03:00:00+00:00,covid,66a8dcb0418afe35f2ef181c2eef675e9cac1419,auxiliary-data/nssp-raw-data/latest.parquet,a1a784a1b63666fd4d7d04a5446cacb2de5f2b50,2026-06-24T10:45:43-04:00
2026-06-24,2026-06-25T03:00:00+00:00,rsv,6d6b188d395740ec18ffee510986df15736a3666,target-data/time-series.parquet,4dbd66a8fb89aa3d8c89d4454ef03be3dc70c260,2026-06-24T13:29:56-07:00
2026-06-24,2026-06-25T03:00:00+00:00,rsv,6d6b188d395740ec18ffee510986df15736a3666,auxiliary-data/nssp-raw-data/latest.parquet,a1a784a1b63666fd4d7d04a5446cacb2de5f2b50,2026-06-24T10:45:18-04:00
2026-07-01,2026-07-02T03:00:00+00:00,flusight,92469693f9114523f877d69edd5b9d084e7218ad,target-data/time-series.csv,926deabc2744138c111a87458b54ad6537022921,2026-06-24T14:07:24-04:00
2026-07-01,2026-07-02T03:00:00+00:00,flusight,92469693f9114523f877d69edd5b9d084e7218ad,target-data/target-hospital-admissions.csv,70033185f620ce04f6f957f8347a9cf26f51df0a,2026-07-01T12:36:04-04:00
2026-07-01,2026-07-02T03:00:00+00:00,flusight,92469693f9114523f877d69edd5b9d084e7218ad,target-data/target-ed-visits-prop.csv,fbdc5a7d011c0d8b4809c7ffbad732a8979e7a4f,2026-07-01T12:36:04-04:00
2026-07-01,2026-07-02T03:00:00+00:00,covid,60421a044e10dfd82b46d40382c1f14bb3d06888,target-data/time-series.parquet,d73997c6c2d8438160de0deb37fe4ec22c888155,2026-07-01T13:31:44-04:00
2026-07-01,2026-07-02T03:00:00+00:00,covid,60421a044e10dfd82b46d40382c1f14bb3d06888,auxiliary-data/nssp-raw-data/latest.parquet,6807e43bc076f47d805345415e65119f303de4cc,2026-07-01T11:53:54-04:00
2026-07-01,2026-07-02T03:00:00+00:00,rsv,17ece05873487c982e9c1deaa939102434929834,target-data/time-series.parquet,4dbd66a8fb89aa3d8c89d4454ef03be3dc70c260,2026-06-24T13:29:56-07:00
2026-07-01,2026-07-02T03:00:00+00:00,rsv,17ece05873487c982e9c1deaa939102434929834,auxiliary-data/nssp-raw-data/latest.parquet,6807e43bc076f47d805345415e65119f303de4cc,2026-07-01T11:54:18-04:00
2026-07-08,2026-07-09T03:00:00+00:00,flusight,84c58c7c03c13f1421f98f0028c85b99c6adcad9,target-data/time-series.csv,926deabc2744138c111a87458b54ad6537022921,2026-06-24T14:07:24-04:00
2026-07-08,2026-07-09T03:00:00+00:00,flusight,84c58c7c03c13f1421f98f0028c85b99c6adcad9,target-data/target-hospital-admissions.csv,70033185f620ce04f6f957f8347a9cf26f51df0a,2026-07-01T12:36:04-04:00
2026-07-08,2026-07-09T03:00:00+00:00,flusight,84c58c7c03c13f1421f98f0028c85b99c6adcad9,target-data/target-ed-visits-prop.csv,fbdc5a7d011c0d8b4809c7ffbad732a8979e7a4f,2026-07-01T12:36:04-04:00
2026-07-08,2026-07-09T03:00:00+00:00,covid,bc20ca63a10e27383eae4a1da879bb8dc0ae92d4,target-data/time-series.parquet,7ba6e04be909767e4fbd6b0b5fb855430abf7a8a,2026-07-08T13:19:44-04:00
2026-07-08,2026-07-09T03:00:00+00:00,covid,bc20ca63a10e27383eae4a1da879bb8dc0ae92d4,auxiliary-data/nssp-raw-data/latest.parquet,eaa2ed607ebf0b80f10906ca18b538b693bdc283,2026-07-08T11:44:35-04:00
2026-07-08,2026-07-09T03:00:00+00:00,rsv,3ee6da9b3d4ac5a9dda283820e03622512131047,target-data/time-series.parquet,8561a7abfa79cc6e85f29f0431b830b83b1f36dd,2026-07-08T14:35:55-04:00
2026-07-08,2026-07-09T03:00:00+00:00,rsv,3ee6da9b3d4ac5a9dda283820e03622512131047,auxiliary-data/nssp-raw-data/latest.parquet,eaa2ed607ebf0b80f10906ca18b538b693bdc283,2026-07-08T11:44:53-04:00
2026-07-15,2026-07-16T03:00:00+00:00,flusight,18f68c23af1926e4808ee703221bea9fcb8befd6,target-data/time-series.csv,aeec989e34fa5db03113f1fb039b35ca743f0597,2026-07-09T09:22:35-04:00
2026-07-15,2026-07-16T03:00:00+00:00,flusight,18f68c23af1926e4808ee703221bea9fcb8befd6,target-data/target-hospital-admissions.csv,c4d6f80bce6d7ba24cd020e4ddc431d881d25117,2026-07-09T09:22:35-04:00
2026-07-15,2026-07-16T03:00:00+00:00,flusight,18f68c23af1926e4808ee703221bea9fcb8befd6,target-data/target-ed-visits-prop.csv,289bc71089a9a0fab82b1c3cedfff0cc750bc45c,2026-07-09T09:22:35-04:00
2026-07-15,2026-07-16T03:00:00+00:00,covid,568de9b3ca406875f00a042aef7f363cdf753078,target-data/time-series.parquet,c12409f1adc69230691fdcded6756f14c31bfe3f,2026-07-15T15:13:02-04:00
2026-07-15,2026-07-16T03:00:00+00:00,covid,568de9b3ca406875f00a042aef7f363cdf753078,auxiliary-data/nssp-raw-data/latest.parquet,a17b58aa641e700676d282833165b52851bf132f,2026-07-15T12:09:14-04:00
2026-07-15,2026-07-16T03:00:00+00:00,rsv,157a19cc636d7fa6b6a5ff4d4b8d725866f228aa,target-data/time-series.parquet,8561a7abfa79cc6e85f29f0431b830b83b1f36dd,2026-07-08T14:35:55-04:00
2026-07-15,2026-07-16T03:00:00+00:00,rsv,157a19cc636d7fa6b6a5ff4d4b8d725866f228aa,auxiliary-data/nssp-raw-data/latest.parquet,a17b58aa641e700676d282833165b52851bf132f,2026-07-15T12:10:08-04:00
2026-07-22,2026-07-23T03:00:00+00:00,flusight,18f68c23af1926e4808ee703221bea9fcb8befd6,target-data/time-series.csv,aeec989e34fa5db03113f1fb039b35ca743f0597,2026-07-09T09:22:35-04:00
2026-07-22,2026-07-23T03:00:00+00:00,flusight,18f68c23af1926e4808ee703221bea9fcb8befd6,target-data/target-hospital-admissions.csv,c4d6f80bce6d7ba24cd020e4ddc431d881d25117,2026-07-09T09:22:35-04:00
2026-07-22,2026-07-23T03:00:00+00:00,flusight,18f68c23af1926e4808ee703221bea9fcb8befd6,target-data/target-ed-visits-prop.csv,289bc71089a9a0fab82b1c3cedfff0cc750bc45c,2026-07-09T09:22:35-04:00
2026-07-22,2026-07-23T03:00:00+00:00,covid,8922332b97b9a8abd2f1f208cb8b2e1749246771,target-data/time-series.parquet,9e5514a8f566fbc093365b2a9d8d2a35f517f83c,2026-07-22T17:41:41+00:00
2026-07-22,2026-07-23T03:00:00+00:00,covid,8922332b97b9a8abd2f1f208cb8b2e1749246771,auxiliary-data/nssp-raw-data/latest.parquet,013edb01d84031d559724ee13c2421192529590f,2026-07-22T12:17:13-04:00
2026-07-22,2026-07-23T03:00:00+00:00,rsv,55090bb2852ec9fc9aefd34cf55e3a1eef86b755,target-data/time-series.parquet,d90832a89a35734fe020d5d402962ccc05976315,2026-07-22T17:40:14+00:00
2026-07-22,2026-07-23T03:00:00+00:00,rsv,55090bb2852ec9fc9aefd34cf55e3a1eef86b755,auxiliary-data/nssp-raw-data/latest.parquet,013edb01d84031d559724ee13c2421192529590f,2026-07-22T12:17:30-04:00
2026-07-29,2026-07-30T03:00:00+00:00,flusight,18f68c23af1926e4808ee703221bea9fcb8befd6,target-data/time-series.csv,aeec989e34fa5db03113f1fb039b35ca743f0597,2026-07-09T09:22:35-04:00
2026-07-29,2026-07-30T03:00:00+00:00,flusight,18f68c23af1926e4808ee703221bea9fcb8befd6,target-data/target-hospital-admissions.csv,c4d6f80bce6d7ba24cd020e4ddc431d881d25117,2026-07-09T09:22:35-04:00
2026-07-29,2026-07-30T03:00:00+00:00,flusight,18f68c23af1926e4808ee703221bea9fcb8befd6,target-data/target-ed-visits-prop.csv,289bc71089a9a0fab82b1c3cedfff0cc750bc45c,2026-07-09T09:22:35-04:00
2026-07-29,2026-07-30T03:00:00+00:00,covid,4a8317b7f86f3601c9e1609d4b0ff4ed891e94b8,target-data/time-series.parquet,5db81885361df798ae243842c365672f33fc11ec,2026-07-29T12:55:30-04:00
2026-07-29,2026-07-30T03:00:00+00:00,covid,4a8317b7f86f3601c9e1609d4b0ff4ed891e94b8,auxiliary-data/nssp-raw-data/latest.parquet,51a9098c1dc3339668174ecb1ab69fe8323fdce1,2026-07-29T12:21:06-04:00
2026-07-29,2026-07-30T03:00:00+00:00,rsv,4e476a8d640cee6a1b663b9b04458f4792d8aa8c,target-data/time-series.parquet,c45cc2b4b245964ed269f556c3663f06166a43f6,2026-07-29T17:00:39-04:00
2026-07-29,2026-07-30T03:00:00+00:00,rsv,4e476a8d640cee6a1b663b9b04458f4792d8aa8c,auxiliary-data/nssp-raw-data/latest.parquet,51a9098c1dc3339668174ecb1ab69fe8323fdce1,2026-07-29T12:20:44-04:00
2026-08-05,2026-08-06T03:00:00+00:00,flusight,18f68c23af1926e4808ee703221bea9fcb8befd6,target-data/time-series.csv,aeec989e34fa5db03113f1fb039b35ca743f0597,2026-07-09T09:22:35-04:00
2026-08-05,2026-08-06T03:00:00+00:00,flusight,18f68c23af1926e4808ee703221bea9fcb8befd6,target-data/target-hospital-admissions.csv,c4d6f80bce6d7ba24cd020e4ddc431d881d25117,2026-07-09T09:22:35-04:00
2026-08-05,2026-08-06T03:00:00+00:00,flusight,18f68c23af1926e4808ee703221bea9fcb8befd6,target-data/target-ed-visits-prop.csv,289bc71089a9a0fab82b1c3cedfff0cc750bc45c,2026-07-09T09:22:35-04:00
2026-08-05,2026-08-06T03:00:00+00:00,covid,9b276c4b3a303caf2da40aa0395c76c75589a4d7,target-data/time-series.parquet,d3278f589dcce714669c766e6aa3b4a8b6322a36,2026-08-05T13:39:37-04:00
2026-08-05,2026-08-06T03:00:00+00:00,covid,9b276c4b3a303caf2da40aa0395c76c75589a4d7,auxiliary-data/nssp-raw-data/latest.parquet,9dc4858209515b2df3271590000feee8eba1ba32,2026-08-05T12:16:40-04:00
2026-08-05,2026-08-06T03:00:00+00:00,rsv,f29dcb0349a3527c8d7ca1c7cc18b66bf8978e75,target-data/time-series.parquet,3d1440dde7e672a2284728cbd958ffd777ef1ee8,2026-08-05T18:03:36+00:00
2026-08-05,2026-08-06T03:00:00+00:00,rsv,f29dcb0349a3527c8d7ca1c7cc18b66bf8978e75,auxiliary-data/nssp-raw-data/latest.parquet,9dc4858209515b2df3271590000feee8eba1ba32,2026-08-05T12:17:06-04:00
2026-08-12,2026-08-13T03:00:00+00:00,flusight,cceead34838d0f78afcccc643c009821c6d3f873,target-data/time-series.csv,aeec989e34fa5db03113f1fb039b35ca743f0597,2026-07-09T09:22:35-04:00
2026-08-12,2026-08-13T03:00:00+00:00,flusight,cceead34838d0f78afcccc643c009821c6d3f873,target-data/target-hospital-admissions.csv,c4d6f80bce6d7ba24cd020e4ddc431d881d25117,2026-07-09T09:22:35-04:00
2026-08-12,2026-08-13T03:00:00+00:00,flusight,cceead34838d0f78afcccc643c009821c6d3f873,target-data/target-ed-visits-prop.csv,289bc71089a9a0fab82b1c3cedfff0cc750bc45c,2026-07-09T09:22:35-04:00
2026-08-12,2026-08-13T03:00:00+00:00,covid,b8ad2a4ef2666eaecd0f03308fb7c6cc80f1e2c2,target-data/time-series.parquet,3102e93c4ee05f28511e2c886e359814c3b84703,2026-08-12T11:37:52-04:00
2026-08-12,2026-08-13T03:00:00+00:00,covid,b8ad2a4ef2666eaecd0f03308fb7c6cc80f1e2c2,auxiliary-data/nssp-raw-data/latest.parquet,f15eedd519825694577901b12555e1663a5c38b1,2026-08-12T10:50:06-04:00
2026-08-12,2026-08-13T03:00:00+00:00,rsv,e04d9abfb8f10efa4b8fbfb6df1652f4b31b2dba,target-data/time-series.parquet,2c6a5a2744895c0e020c36229b39ead023248537,2026-08-12T12:39:20-04:00
2026-08-12,2026-08-13T03:00:00+00:00,rsv,e04d9abfb8f10efa4b8fbfb6df1652f4b31b2dba,auxiliary-data/nssp-raw-data/latest.parquet,f15eedd519825694577901b12555e1663a5c38b1,2026-08-12T10:50:27-04:00
2026-08-19,2026-08-20T03:00:00+00:00,flusight,cceead34838d0f78afcccc643c009821c6d3f873,target-data/time-series.csv,aeec989e34fa5db03113f1fb039b35ca743f0597,2026-07-09T09:22:35-04:00
2026-08-19,2026-08-20T03:00:00+00:00,flusight,cceead34838d0f78afcccc643c009821c6d3f873,target-data/target-hospital-admissions.csv,c4d6f80bce6d7ba24cd020e4ddc431d881d25117,2026-07-09T09:22:35-04:00
2026-08-19,2026-08-20T03:00:00+00:00,flusight,cceead34838d0f78afcccc643c009821c6d3f873,target-data/target-ed-visits-prop.csv,289bc71089a9a0fab82b1c3cedfff0cc750bc45c,2026-07-09T09:22:35-04:00
2026-08-19,2026-08-20T03:00:00+00:00,covid,d470190d15cd4caf957203baeffa6545075db5ca,target-data/time-series.parquet,587dd352605b01fadee3920570ef38fad9120db9,2026-08-19T22:15:21+00:00
2026-08-19,2026-08-20T03:00:00+00:00,covid,d470190d15cd4caf957203baeffa6545075db5ca,auxiliary-data/nssp-raw-data/latest.parquet,328482c6bb484cdfa6b3abe0127d51ed8e2edfad,2026-08-19T14:30:12-04:00
2026-08-19,2026-08-20T03:00:00+00:00,rsv,07be3ef15552a34500fdfa732865835ea3ec9fba,target-data/time-series.parquet,a6188d75be8ca39411a47f4c791177835fb7dce6,2026-08-19T20:41:32+00:00
2026-08-19,2026-08-20T03:00:00+00:00,rsv,07be3ef15552a34500fdfa732865835ea3ec9fba,auxiliary-data/nssp-raw-data/latest.parquet,328482c6bb484cdfa6b3abe0127d51ed8e2edfad,2026-08-19T14:30:27-04:00
2026-08-26,2026-08-27T03:00:00+00:00,flusight,e311e577920ff0558a08f7a67568ea3b565f3979,target-data/time-series.csv,aeec989e34fa5db03113f1fb039b35ca743f0597,2026-07-09T09:22:35-04:00
2026-08-26,2026-08-27T03:00:00+00:00,flusight,e311e577920ff0558a08f7a67568ea3b565f3979,target-data/target-hospital-admissions.csv,c4d6f80bce6d7ba24cd020e4ddc431d881d25117,2026-07-09T09:22:35-04:00
2026-08-26,2026-08-27T03:00:00+00:00,flusight,e311e577920ff0558a08f7a67568ea3b565f3979,target-data/target-ed-visits-prop.csv,289bc71089a9a0fab82b1c3cedfff0cc750bc45c,2026-07-09T09:22:35-04:00
2026-08-26,2026-08-27T03:00:00+00:00,covid,60ef5921c99b32092f1b1a65f1397cbaf2db09c7,target-data/time-series.parquet,1690f3d5ce9d72da7321ece921bf28f8dd42ed50,2026-08-26T14:29:47-04:00
2026-08-26,2026-08-27T03:00:00+00:00,covid,60ef5921c99b32092f1b1a65f1397cbaf2db09c7,auxiliary-data/nssp-raw-data/latest.parquet,7d3866118f269f2793b339edbd71a7779f6f0650,2026-08-26T11:38:39-04:00
2026-08-26,2026-08-27T03:00:00+00:00,rsv,bf00d06ffafef16580b0cd7f23bed3f0d60c1e6d,target-data/time-series.parquet,b02113caa95f57e82fe915d32cb2484cb33ad84a,2026-08-26T14:29:44-04:00
2026-08-26,2026-08-27T03:00:00+00:00,rsv,bf00d06ffafef16580b0cd7f23bed3f0d60c1e6d,auxiliary-data/nssp-raw-data/latest.parquet,7d3866118f269f2793b339edbd71a7779f6f0650,2026-08-26T11:44:57-04:00
2026-09-02,2026-09-03T03:00:00+00:00,flusight,7f45f63566d13c33d9daf893a1457e7682f03f74,target-data/time-series.csv,aeec989e34fa5db03113f1fb039b35ca743f0597,2026-07-09T09:22:35-04:00
2026-09-02,2026-09-03T03:00:00+00:00,flusight,7f45f63566d13c33d9daf893a1457e7682f03f74,target-data/target-hospital-admissions.csv,c4d6f80bce6d7ba24cd020e4ddc431d881d25117,2026-07-09T09:22:35-04:00
2026-09-02,2026-09-03T03:00:00+00:00,flusight,7f45f63566d13c33d9daf893a1457e7682f03f74,target-data/target-ed-visits-prop.csv,289bc71089a9a0fab82b1c3cedfff0cc750bc45c,2026-07-09T09:22:35-04:00
2026-09-02,2026-09-03T03:00:00+00:00,covid,0f4a67cbe3733e60e91c0035858ced253b83885a,target-data/time-series.parquet,10090b63d7df6058524c0f6e9f959d2b23947e1e,2026-09-02T16:05:29-04:00
2026-09-02,2026-09-03T03:00:00+00:00,covid,0f4a67cbe3733e60e91c0035858ced253b83885a,auxiliary-data/nssp-raw-data/latest.parquet,0606bb568875b4b2187e5f1f6d6c62fc04d79576,2026-09-02T11:20:35-04:00
2026-09-02,2026-09-03T03:00:00+00:00,rsv,53baf7db03a2429f5a3710d859319b9029df76cd,target-data/time-series.parquet,b9f0f570d8712a4a1116d9a0fc3967d9b3b5a0e0,2026-09-02T19:28:38-04:00
2026-09-02,2026-09-03T03:00:00+00:00,rsv,53baf7db03a2429f5a3710d859319b9029df76cd,auxiliary-data/nssp-raw-data/latest.parquet,0606bb568875b4b2187e5f1f6d6c62fc04d79576,2026-09-02T11:20:54-04:00
2026-09-09,2026-09-10T03:00:00+00:00,flusight,6fb16815eb2eb2c985502144d7a2b15408f9a272,target-data/time-series.csv,aeec989e34fa5db03113f1fb039b35ca743f0597,2026-07-09T09:22:35-04:00
2026-09-09,2026-09-10T03:00:00+00:00,flusight,6fb16815eb2eb2c985502144d7a2b15408f9a272,target-data/target-hospital-admissions.csv,c4d6f80bce6d7ba24cd020e4ddc431d881d25117,2026-07-09T09:22:35-04:00
2026-09-09,2026-09-10T03:00:00+00:00,flusight,6fb16815eb2eb2c985502144d7a2b15408f9a272,target-data/target-ed-visits-prop.csv,289bc71089a9a0fab82b1c3cedfff0cc750bc45c,2026-07-09T09:22:35-04:00
2026-09-09,2026-09-10T03:00:00+00:00,covid,c7b52127f3a67a2b2f1ebe4dfe311ae354b74e61,target-data/time-series.parquet,8848b320e66bc321a9fee8646aaf7a0764b9e381,2026-09-09T12:43:07-04:00
2026-09-09,2026-09-10T03:00:00+00:00,covid,c7b52127f3a67a2b2f1ebe4dfe311ae354b74e61,auxiliary-data/nssp-raw-data/latest.parquet,33fc8adb904f294ae113a0715827e93808b70737,2026-09-09T11:41:48-04:00
2026-09-09,2026-09-10T03:00:00+00:00,rsv,2ea2c4e25645cc92207ffbfb8475caae37e9549c,target-data/time-series.parquet,3692577e3388504fa30ef68ffc6dbd8b2d1110ca,2026-09-09T12:40:03-04:00
2026-09-09,2026-09-10T03:00:00+00:00,rsv,2ea2c4e25645cc92207ffbfb8475caae37e9549c,auxiliary-data/nssp-raw-data/latest.parquet,33fc8adb904f294ae113a0715827e93808b70737,2026-09-09T11:42:02-04:00
2026-09-16,2026-09-17T03:00:00+00:00,flusight,97e758419ae817f6a6b5e3d0a9a60dd1378c86bf,target-data/time-series.csv,aeec989e34fa5db03113f1fb039b35ca743f0597,2026-07-09T09:22:35-04:00
2026-09-16,2026-09-17T03:00:00+00:00,flusight,97e758419ae817f6a6b5e3d0a9a60dd1378c86bf,target-data/target-hospital-admissions.csv,c4d6f80bce6d7ba24cd020e4ddc431d881d25117,2026-07-09T09:22:35-04:00
2026-09-16,2026-09-17T03:00:00+00:00,flusight,97e758419ae817f6a6b5e3d0a9a60dd1378c86bf,target-data/target-ed-visits-prop.csv,289bc71089a9a0fab82b1c3cedfff0cc750bc45c,2026-07-09T09:22:35-04:00
2026-09-16,2026-09-17T03:00:00+00:00,covid,5fc516159829d75cc9892c82d9af334deef97f54,target-data/time-series.parquet,8848b320e66bc321a9fee8646aaf7a0764b9e381,2026-09-09T12:43:07-04:00
2026-09-16,2026-09-17T03:00:00+00:00,covid,5fc516159829d75cc9892c82d9af334deef97f54,auxiliary-data/nssp-raw-data/latest.parquet,33fc8adb904f294ae113a0715827e93808b70737,2026-09-09T11:41:48-04:00
2026-09-16,2026-09-17T03:00:00+00:00,rsv,3ccfce33545cce492a164a04cf916fe450493821,target-data/time-series.parquet,3692577e3388504fa30ef68ffc6dbd8b2d1110ca,2026-09-09T12:40:03-04:00
2026-09-16,2026-09-17T03:00:00+00:00,rsv,3ccfce33545cce492a164a04cf916fe450493821,auxiliary-data/nssp-raw-data/latest.parquet,33fc8adb904f294ae113a0715827e93808b70737,2026-09-09T11:42:02-04:00
