config_id,seed,geography,wk inc flu hosp,wk inc covid hosp,wk inc rsv hosp,wk inc flu prop ed visits,wk inc covid prop ed visits,wk inc rsv prop ed visits,combined
b1:v2:h12:tr_4rt:ed_logit:geo1:dyn1:lw_obj:enc_mlp:sp_joint:hd_sh:dec_leg:nz_glob:us_none:z16:w64:ep300:pat30:bs8:m128:lr0.001:hs_path:cal1:id0:fit_all:vm256:wd0.0:pipe_aux025:mask0.5:mr0.0:mg0.0:mo1.0,42,US,1.1049488916711476,0.9796963503206473,0.5510878717304456,0.833906762949063,1.5001353297971198,1.0714548548452068,1.128193853009557
b1:v2:h12:tr_4rt:ed_logit:geo1:dyn1:lw_obj:enc_mlp:sp_joint:hd_sh:dec_leg:nz_glob:us_none:z16:w64:ep300:pat30:bs8:m128:lr0.001:hs_path:cal1:id0:fit_all:vm256:wd0.0:pipe_aux025:mask0.5:mr0.0:mg0.0:mo1.0,42,all,1.1496945288700207,1.0086694405523597,0.8525636708338562,0.8909457217394556,1.2070964641088993,0.9477791969971201,1.1552316464777084
b1:v2:h12:tr_4rt:ed_logit:geo1:dyn1:lw_obj:enc_mlp:sp_joint:hd_sh:dec_leg:nz_glob:us_none:z16:w64:ep300:pat30:bs8:m128:lr0.001:hs_path:cal1:id0:fit_all:vm256:wd0.0:pipe_aux025:mask0.5:mr0.0:mg0.0:mo1.0,42,states_dc,1.1608809381697387,1.0159127131102876,0.9279326206097089,0.9052054614370538,1.1338367476868436,0.9168602825350983,1.161991094844746
b1:v2:h12:tr_4rt:ed_logit:geo1:dyn1:lw_obj:enc_mlp:sp_joint:hd_sh:dec_leg:nz_glob:us_none:z16:w64:ep300:pat30:bs8:m128:lr0.001:hs_path:cal1:id0:fit_all:vm256:wd0.0:pipe_aux025:mask0.5:mr0.0:mg0.0:mo1.0,43,US,0.8654828828769617,1.0814629715407353,0.5656030371989058,0.9937975386038815,1.632948229412579,1.0585428244870945,0.9568928468772816
b1:v2:h12:tr_4rt:ed_logit:geo1:dyn1:lw_obj:enc_mlp:sp_joint:hd_sh:dec_leg:nz_glob:us_none:z16:w64:ep300:pat30:bs8:m128:lr0.001:hs_path:cal1:id0:fit_all:vm256:wd0.0:pipe_aux025:mask0.5:mr0.0:mg0.0:mo1.0,43,all,0.9521153022965962,1.073764671256678,0.8303087752428484,1.0362507538848147,1.2538607111345126,0.9453828281195393,0.9879100977961307
b1:v2:h12:tr_4rt:ed_logit:geo1:dyn1:lw_obj:enc_mlp:sp_joint:hd_sh:dec_leg:nz_glob:us_none:z16:w64:ep300:pat30:bs8:m128:lr0.001:hs_path:cal1:id0:fit_all:vm256:wd0.0:pipe_aux025:mask0.5:mr0.0:mg0.0:mo1.0,43,states_dc,0.9737734071515048,1.0718400961856636,0.8964852097538341,1.0468640577050476,1.1590888315649959,0.9170928290276508,0.9956644105258429
b1:v2:h12:tr_4rt:ed_logit:geo1:dyn1:lw_obj:enc_mlp:sp_joint:hd_sh:dec_leg:nz_glob:us_none:z16:w64:ep300:pat30:bs8:m128:lr0.001:hs_path:cal1:id0:fit_all:vm256:wd0.0:pipe_aux025:mask0.5:mr0.0:mg0.0:mo1.0,44,US,1.2559528994728353,1.0694965194819441,0.8933708080203205,1.0406139452567806,1.4354907197139004,1.2530111655518898,1.3012851917625134
b1:v2:h12:tr_4rt:ed_logit:geo1:dyn1:lw_obj:enc_mlp:sp_joint:hd_sh:dec_leg:nz_glob:us_none:z16:w64:ep300:pat30:bs8:m128:lr0.001:hs_path:cal1:id0:fit_all:vm256:wd0.0:pipe_aux025:mask0.5:mr0.0:mg0.0:mo1.0,44,all,1.1461655110311832,1.0357346683171982,1.031479644394222,0.9596491355749222,1.1925600758877133,1.0296624805848047,1.1917303708639129
b1:v2:h12:tr_4rt:ed_logit:geo1:dyn1:lw_obj:enc_mlp:sp_joint:hd_sh:dec_leg:nz_glob:us_none:z16:w64:ep300:pat30:bs8:m128:lr0.001:hs_path:cal1:id0:fit_all:vm256:wd0.0:pipe_aux025:mask0.5:mr0.0:mg0.0:mo1.0,44,states_dc,1.1187186639207702,1.0272942055260117,1.0660068534876972,0.9394079331544575,1.1318274149311665,0.9738253093430336,1.1643416656392624
b1:v2:h12:tr_4rt:ed_logit:geo1:dyn1:lw_obj:enc_mlp:sp_joint:hd_sh:dec_leg:nz_glob:us_none:z16:w64:ep300:pat30:bs8:m128:lr0.001:hs_path:cal1:id0:fit_all:vm256:wd0.0:pipe_aux025:mask0.5:mr0.5:mg0.3:mo0.2,42,US,0.9584872848437583,1.0424952217052694,0.5656727999612473,0.8829898232529622,1.4217710461094248,0.8792894386322936,0.9621518583712939
b1:v2:h12:tr_4rt:ed_logit:geo1:dyn1:lw_obj:enc_mlp:sp_joint:hd_sh:dec_leg:nz_glob:us_none:z16:w64:ep300:pat30:bs8:m128:lr0.001:hs_path:cal1:id0:fit_all:vm256:wd0.0:pipe_aux025:mask0.5:mr0.5:mg0.3:mo0.2,42,all,0.9589843432122512,1.0365979789387265,0.8282204626407436,0.9200234749207259,1.1861079266333656,0.8044922391761224,0.9729484843472932
b1:v2:h12:tr_4rt:ed_logit:geo1:dyn1:lw_obj:enc_mlp:sp_joint:hd_sh:dec_leg:nz_glob:us_none:z16:w64:ep300:pat30:bs8:m128:lr0.001:hs_path:cal1:id0:fit_all:vm256:wd0.0:pipe_aux025:mask0.5:mr0.5:mg0.3:mo0.2,42,states_dc,0.9591086078043743,1.035123668247091,0.8938573783106173,0.9292818878376666,1.1271921467643502,0.7857929393120797,0.975647640841293
b1:v2:h12:tr_4rt:ed_logit:geo1:dyn1:lw_obj:enc_mlp:sp_joint:hd_sh:dec_leg:nz_glob:us_none:z16:w64:ep300:pat30:bs8:m128:lr0.001:hs_path:cal1:id0:fit_all:vm256:wd0.0:pipe_aux025:mask0.5:mr0.5:mg0.3:mo0.2,43,US,0.9099787397163873,1.0540527414061673,0.5647672104641083,1.0681839687499,1.2709870706350983,1.1784921262950563,1.0009879659425898
b1:v2:h12:tr_4rt:ed_logit:geo1:dyn1:lw_obj:enc_mlp:sp_joint:hd_sh:dec_leg:nz_glob:us_none:z16:w64:ep300:pat30:bs8:m128:lr0.001:hs_path:cal1:id0:fit_all:vm256:wd0.0:pipe_aux025:mask0.5:mr0.5:mg0.3:mo0.2,43,all,0.9765367757669904,1.052498090910145,0.8488083127044658,1.0297014668586144,1.1323234133423699,0.9575370174261643,1.0249335281731193
b1:v2:h12:tr_4rt:ed_logit:geo1:dyn1:lw_obj:enc_mlp:sp_joint:hd_sh:dec_leg:nz_glob:us_none:z16:w64:ep300:pat30:bs8:m128:lr0.001:hs_path:cal1:id0:fit_all:vm256:wd0.0:pipe_aux025:mask0.5:mr0.5:mg0.3:mo0.2,43,states_dc,0.9931762847796411,1.0521094282861392,0.9198185882645551,1.020080841385793,1.0976574990191874,0.9022982402089411,1.0309199187307514
b1:v2:h12:tr_4rt:ed_logit:geo1:dyn1:lw_obj:enc_mlp:sp_joint:hd_sh:dec_leg:nz_glob:us_none:z16:w64:ep300:pat30:bs8:m128:lr0.001:hs_path:cal1:id0:fit_all:vm256:wd0.0:pipe_aux025:mask0.5:mr0.5:mg0.3:mo0.2,44,US,0.8527226018746763,0.9439184933551593,0.5399727201102881,0.9422954363660735,0.9411483454984477,0.960262675176858,0.8583790342388132
b1:v2:h12:tr_4rt:ed_logit:geo1:dyn1:lw_obj:enc_mlp:sp_joint:hd_sh:dec_leg:nz_glob:us_none:z16:w64:ep300:pat30:bs8:m128:lr0.001:hs_path:cal1:id0:fit_all:vm256:wd0.0:pipe_aux025:mask0.5:mr0.5:mg0.3:mo0.2,44,all,0.8878731778332879,0.9996818726965063,0.8373785395192513,0.9476724921784347,1.005372409729591,0.8604773806638286,0.9179303264409692
b1:v2:h12:tr_4rt:ed_logit:geo1:dyn1:lw_obj:enc_mlp:sp_joint:hd_sh:dec_leg:nz_glob:us_none:z16:w64:ep300:pat30:bs8:m128:lr0.001:hs_path:cal1:id0:fit_all:vm256:wd0.0:pipe_aux025:mask0.5:mr0.5:mg0.3:mo0.2,44,states_dc,0.8966608218229406,1.0136227175318429,0.911729994371492,0.9490167561315248,1.0214284257873767,0.8355310570355714,0.9328181494915082
b1:v2:h12:tr_4rt:ed_logit:geo1:dyn1:lw_obj:enc_mlp:sp_joint:hd_sh:dec_leg:nz_glob:us_none:z16:w64:ep300:pat30:bs8:m128:lr0.001:hs_path:cal1:id0:fit_all:vm256:wd0.0:pipe_direct:mask0.5:mr0.5:mg0.3:mo0.2,42,US,0.9402636310073177,0.9313086743323951,0.537162987585867,0.9484155185268314,1.21102344360702,1.0383767297980369,0.9450097622518214
b1:v2:h12:tr_4rt:ed_logit:geo1:dyn1:lw_obj:enc_mlp:sp_joint:hd_sh:dec_leg:nz_glob:us_none:z16:w64:ep300:pat30:bs8:m128:lr0.001:hs_path:cal1:id0:fit_all:vm256:wd0.0:pipe_direct:mask0.5:mr0.5:mg0.3:mo0.2,42,all,0.973216134218407,0.9849203212339724,0.8170628654715617,0.9672484807991281,1.0933623184304961,0.8616167755905535,0.9721873696669636
b1:v2:h12:tr_4rt:ed_logit:geo1:dyn1:lw_obj:enc_mlp:sp_joint:hd_sh:dec_leg:nz_glob:us_none:z16:w64:ep300:pat30:bs8:m128:lr0.001:hs_path:cal1:id0:fit_all:vm256:wd0.0:pipe_direct:mask0.5:mr0.5:mg0.3:mo0.2,42,states_dc,0.9814542600211791,0.9983232329593665,0.8870378349429853,0.9719567213672023,1.063947037136365,0.8174267870386828,0.9789817715207491
b1:v2:h12:tr_4rt:ed_logit:geo1:dyn1:lw_obj:enc_mlp:sp_joint:hd_sh:dec_leg:nz_glob:us_none:z16:w64:ep300:pat30:bs8:m128:lr0.001:hs_path:cal1:id0:fit_all:vm256:wd0.0:pipe_direct:mask0.5:mr0.5:mg0.3:mo0.2,43,US,0.839740423229428,1.0543172804423762,0.6795984712131423,0.881357865726696,1.1321224634140303,0.7366937217595618,0.8821279945717172
b1:v2:h12:tr_4rt:ed_logit:geo1:dyn1:lw_obj:enc_mlp:sp_joint:hd_sh:dec_leg:nz_glob:us_none:z16:w64:ep300:pat30:bs8:m128:lr0.001:hs_path:cal1:id0:fit_all:vm256:wd0.0:pipe_direct:mask0.5:mr0.5:mg0.3:mo0.2,43,all,0.8875753693559439,1.044521801977954,0.900141567844066,0.9311447778436314,1.1518426853490162,0.704695709532286,0.9198922152666201
b1:v2:h12:tr_4rt:ed_logit:geo1:dyn1:lw_obj:enc_mlp:sp_joint:hd_sh:dec_leg:nz_glob:us_none:z16:w64:ep300:pat30:bs8:m128:lr0.001:hs_path:cal1:id0:fit_all:vm256:wd0.0:pipe_direct:mask0.5:mr0.5:mg0.3:mo0.2,43,states_dc,0.8995341058875727,1.0420729323618483,0.9552773420017966,0.9435915058728652,1.1567727408327624,0.696696206475467,0.9293332704403457
b1:v2:h12:tr_4rt:ed_logit:geo1:dyn1:lw_obj:enc_mlp:sp_joint:hd_sh:dec_leg:nz_glob:us_none:z16:w64:ep300:pat30:bs8:m128:lr0.001:hs_path:cal1:id0:fit_all:vm256:wd0.0:pipe_direct:mask0.5:mr0.5:mg0.3:mo0.2,44,US,1.1499883807619533,1.0491661089109499,0.900700184244693,0.936109529848875,1.161124660841657,1.0173260797443548,1.1832943550633492
b1:v2:h12:tr_4rt:ed_logit:geo1:dyn1:lw_obj:enc_mlp:sp_joint:hd_sh:dec_leg:nz_glob:us_none:z16:w64:ep300:pat30:bs8:m128:lr0.001:hs_path:cal1:id0:fit_all:vm256:wd0.0:pipe_direct:mask0.5:mr0.5:mg0.3:mo0.2,44,all,1.1131940561013465,1.036441767588038,1.061299611061804,0.964129104272093,1.0920135589439617,0.8749393324180204,1.143887148509488
b1:v2:h12:tr_4rt:ed_logit:geo1:dyn1:lw_obj:enc_mlp:sp_joint:hd_sh:dec_leg:nz_glob:us_none:z16:w64:ep300:pat30:bs8:m128:lr0.001:hs_path:cal1:id0:fit_all:vm256:wd0.0:pipe_direct:mask0.5:mr0.5:mg0.3:mo0.2,44,states_dc,1.1039954749361944,1.03326068225731,1.1014494677660818,0.9711339978778976,1.0747357834695375,0.8393426455864365,1.1340353468710223
b1:v2:h12:tr_4rt:ed_logit:geo1:dyn1:lw_obj:enc_mlp:sp_joint:hd_sh:dec_leg:nz_glob:us_none:z16:w64:ep300:pat30:bs8:m128:lr0.001:hs_path:cal1:id0:fit_all:vm256:wd0.0:pipe_flag:mask0.0:mr0.5:mg0.3:mo0.2,42,US,1.1194598421296285,1.2114019730505983,1.0891022686668657,1.0349599762221657,1.8055497919238923,1.1429700075152038,1.247549004557498
b1:v2:h12:tr_4rt:ed_logit:geo1:dyn1:lw_obj:enc_mlp:sp_joint:hd_sh:dec_leg:nz_glob:us_none:z16:w64:ep300:pat30:bs8:m128:lr0.001:hs_path:cal1:id0:fit_all:vm256:wd0.0:pipe_flag:mask0.0:mr0.5:mg0.3:mo0.2,42,all,1.1180094997664445,1.1149339001729328,0.96621040898624,1.042270001616906,1.3157143230118808,0.9530786333441733,1.1730055923208382
b1:v2:h12:tr_4rt:ed_logit:geo1:dyn1:lw_obj:enc_mlp:sp_joint:hd_sh:dec_leg:nz_glob:us_none:z16:w64:ep300:pat30:bs8:m128:lr0.001:hs_path:cal1:id0:fit_all:vm256:wd0.0:pipe_flag:mask0.0:mr0.5:mg0.3:mo0.2,42,states_dc,1.1176469141756484,1.0908168819535162,0.9354874440660834,1.044097507965591,1.1932554557838777,0.9056057898014156,1.1543697392616732
b1:v2:h12:tr_4rt:ed_logit:geo1:dyn1:lw_obj:enc_mlp:sp_joint:hd_sh:dec_leg:nz_glob:us_none:z16:w64:ep300:pat30:bs8:m128:lr0.001:hs_path:cal1:id0:fit_all:vm256:wd0.0:pipe_flag:mask0.0:mr0.5:mg0.3:mo0.2,43,US,0.8687311171916829,0.9472761979825424,1.0321389178225289,0.8860947057351043,1.5982368044071635,1.7811783457910728,1.0541690221877185
b1:v2:h12:tr_4rt:ed_logit:geo1:dyn1:lw_obj:enc_mlp:sp_joint:hd_sh:dec_leg:nz_glob:us_none:z16:w64:ep300:pat30:bs8:m128:lr0.001:hs_path:cal1:id0:fit_all:vm256:wd0.0:pipe_flag:mask0.0:mr0.5:mg0.3:mo0.2,43,all,0.9188251798610519,0.9733662168976915,1.10846216797556,0.9374765688466944,1.1565978427168313,1.2466080891337157,1.0372540155104888
b1:v2:h12:tr_4rt:ed_logit:geo1:dyn1:lw_obj:enc_mlp:sp_joint:hd_sh:dec_leg:nz_glob:us_none:z16:w64:ep300:pat30:bs8:m128:lr0.001:hs_path:cal1:id0:fit_all:vm256:wd0.0:pipe_flag:mask0.0:mr0.5:mg0.3:mo0.2,43,states_dc,0.9313486955283942,0.9798887216264786,1.1275429805138175,0.950322034624592,1.046188102294248,1.1129655249693764,1.0330252638411814
b1:v2:h12:tr_4rt:ed_logit:geo1:dyn1:lw_obj:enc_mlp:sp_joint:hd_sh:dec_leg:nz_glob:us_none:z16:w64:ep300:pat30:bs8:m128:lr0.001:hs_path:cal1:id0:fit_all:vm256:wd0.0:pipe_flag:mask0.0:mr0.5:mg0.3:mo0.2,44,US,1.0663188854138137,1.0279137497438715,0.4908905224611687,0.9417319744855487,2.0425002563867793,0.7233965827896315,0.9770071887331321
b1:v2:h12:tr_4rt:ed_logit:geo1:dyn1:lw_obj:enc_mlp:sp_joint:hd_sh:dec_leg:nz_glob:us_none:z16:w64:ep300:pat30:bs8:m128:lr0.001:hs_path:cal1:id0:fit_all:vm256:wd0.0:pipe_flag:mask0.0:mr0.5:mg0.3:mo0.2,44,all,1.0120653889265387,1.026537576861394,0.8075854846620005,0.9677310941798305,1.4143173134592033,0.7408719628080306,0.9798471805479263
b1:v2:h12:tr_4rt:ed_logit:geo1:dyn1:lw_obj:enc_mlp:sp_joint:hd_sh:dec_leg:nz_glob:us_none:z16:w64:ep300:pat30:bs8:m128:lr0.001:hs_path:cal1:id0:fit_all:vm256:wd0.0:pipe_flag:mask0.0:mr0.5:mg0.3:mo0.2,44,states_dc,0.9985020148047199,1.0261935336407746,0.8867592252122083,0.9742308741034008,1.2572715777273091,0.7452408078126302,0.9805571785016246
b1:v2:h12:tr_4rt:ed_logit:geo1:dyn1:lw_obj:enc_mlp:sp_joint:hd_sh:dec_leg:nz_glob:us_none:z16:w64:ep300:pat30:bs8:m128:lr0.001:hs_path:cal1:id0:fit_all:vm256:wd0.0:pipe_flag:mask0.25:mr0.5:mg0.3:mo0.2,42,US,1.0436977371556466,1.0726877587848511,0.5210310174820945,0.7800867543045544,1.2412325349694018,1.0988900810568738,1.0757645725271965
b1:v2:h12:tr_4rt:ed_logit:geo1:dyn1:lw_obj:enc_mlp:sp_joint:hd_sh:dec_leg:nz_glob:us_none:z16:w64:ep300:pat30:bs8:m128:lr0.001:hs_path:cal1:id0:fit_all:vm256:wd0.0:pipe_flag:mask0.25:mr0.5:mg0.3:mo0.2,42,all,1.0353144870981004,1.054683644657775,0.8222037719919174,0.8601331701383544,1.0570763440041753,0.9026391289082956,1.0485898678202363
b1:v2:h12:tr_4rt:ed_logit:geo1:dyn1:lw_obj:enc_mlp:sp_joint:hd_sh:dec_leg:nz_glob:us_none:z16:w64:ep300:pat30:bs8:m128:lr0.001:hs_path:cal1:id0:fit_all:vm256:wd0.0:pipe_flag:mask0.25:mr0.5:mg0.3:mo0.2,42,states_dc,1.0332186745837133,1.0501826161260057,0.8974969606193729,0.8801447740968044,1.0110372962628686,0.8535763908711509,1.041796191643496
b1:v2:h12:tr_4rt:ed_logit:geo1:dyn1:lw_obj:enc_mlp:sp_joint:hd_sh:dec_leg:nz_glob:us_none:z16:w64:ep300:pat30:bs8:m128:lr0.001:hs_path:cal1:id0:fit_all:vm256:wd0.0:pipe_flag:mask0.25:mr0.5:mg0.3:mo0.2,43,US,1.1645883117168843,0.9987767512912913,0.6542776962366581,0.8765323722234576,0.8988557680960845,1.4347096829892843,1.1506257500991213
b1:v2:h12:tr_4rt:ed_logit:geo1:dyn1:lw_obj:enc_mlp:sp_joint:hd_sh:dec_leg:nz_glob:us_none:z16:w64:ep300:pat30:bs8:m128:lr0.001:hs_path:cal1:id0:fit_all:vm256:wd0.0:pipe_flag:mask0.25:mr0.5:mg0.3:mo0.2,43,all,1.1159227990829108,1.0452460742018341,0.9343167524194089,0.9113085840306647,0.9495280499725435,1.112225854031857,1.1361321208462147
b1:v2:h12:tr_4rt:ed_logit:geo1:dyn1:lw_obj:enc_mlp:sp_joint:hd_sh:dec_leg:nz_glob:us_none:z16:w64:ep300:pat30:bs8:m128:lr0.001:hs_path:cal1:id0:fit_all:vm256:wd0.0:pipe_flag:mask0.25:mr0.5:mg0.3:mo0.2,43,states_dc,1.103756420924417,1.0568634049294696,1.0043265164650963,0.9200026369824662,0.9621961204416581,1.0316048967925002,1.132508713532988
b1:v2:h12:tr_4rt:ed_logit:geo1:dyn1:lw_obj:enc_mlp:sp_joint:hd_sh:dec_leg:nz_glob:us_none:z16:w64:ep300:pat30:bs8:m128:lr0.001:hs_path:cal1:id0:fit_all:vm256:wd0.0:pipe_flag:mask0.25:mr0.5:mg0.3:mo0.2,44,US,0.9380257938446838,1.14659475158814,0.9359385788730017,0.7573132352664768,1.3848285827385358,1.2135358023403555,1.0186039468184622
b1:v2:h12:tr_4rt:ed_logit:geo1:dyn1:lw_obj:enc_mlp:sp_joint:hd_sh:dec_leg:nz_glob:us_none:z16:w64:ep300:pat30:bs8:m128:lr0.001:hs_path:cal1:id0:fit_all:vm256:wd0.0:pipe_flag:mask0.25:mr0.5:mg0.3:mo0.2,44,all,0.930747160661149,1.0921951674641366,1.0430362727905327,0.8325117734235029,1.1529851096962047,0.9911019238643346,0.9895846023094785
b1:v2:h12:tr_4rt:ed_logit:geo1:dyn1:lw_obj:enc_mlp:sp_joint:hd_sh:dec_leg:nz_glob:us_none:z16:w64:ep300:pat30:bs8:m128:lr0.001:hs_path:cal1:id0:fit_all:vm256:wd0.0:pipe_flag:mask0.25:mr0.5:mg0.3:mo0.2,44,states_dc,0.9289275023652653,1.0785952714331355,1.0698106962699152,0.8513114079627593,1.0950242414356215,0.9354934542453293,0.9823297661822327
b1:v2:h12:tr_4rt:ed_logit:geo1:dyn1:lw_obj:enc_mlp:sp_joint:hd_sh:dec_leg:nz_glob:us_none:z16:w64:ep300:pat30:bs8:m128:lr0.001:hs_path:cal1:id0:fit_all:vm256:wd0.0:pipe_flag:mask0.5:mr0.0:mg0.0:mo1.0,42,US,0.8975440803384328,1.1970935893833312,0.7444217142725646,0.7260182092072269,1.3053872405609421,1.1775464619008995,0.9878126931239026
b1:v2:h12:tr_4rt:ed_logit:geo1:dyn1:lw_obj:enc_mlp:sp_joint:hd_sh:dec_leg:nz_glob:us_none:z16:w64:ep300:pat30:bs8:m128:lr0.001:hs_path:cal1:id0:fit_all:vm256:wd0.0:pipe_flag:mask0.5:mr0.0:mg0.0:mo1.0,42,all,0.973183496097617,1.1001923928823865,0.9279748083574906,0.8369776969887032,1.0957178281387747,0.9528174804824926,1.011349325404484
b1:v2:h12:tr_4rt:ed_logit:geo1:dyn1:lw_obj:enc_mlp:sp_joint:hd_sh:dec_leg:nz_glob:us_none:z16:w64:ep300:pat30:bs8:m128:lr0.001:hs_path:cal1:id0:fit_all:vm256:wd0.0:pipe_flag:mask0.5:mr0.0:mg0.0:mo1.0,42,states_dc,0.9920933500374131,1.07596709375715,0.9738630818787221,0.8647175689340719,1.0433004750332326,0.8966352351278908,1.017233483474629
b1:v2:h12:tr_4rt:ed_logit:geo1:dyn1:lw_obj:enc_mlp:sp_joint:hd_sh:dec_leg:nz_glob:us_none:z16:w64:ep300:pat30:bs8:m128:lr0.001:hs_path:cal1:id0:fit_all:vm256:wd0.0:pipe_flag:mask0.5:mr0.0:mg0.0:mo1.0,43,US,0.8310282633112287,0.9723085035733031,0.582924948021338,0.9777534084182999,1.5957858388199875,1.252323003701526,0.8838929970208328
b1:v2:h12:tr_4rt:ed_logit:geo1:dyn1:lw_obj:enc_mlp:sp_joint:hd_sh:dec_leg:nz_glob:us_none:z16:w64:ep300:pat30:bs8:m128:lr0.001:hs_path:cal1:id0:fit_all:vm256:wd0.0:pipe_flag:mask0.5:mr0.0:mg0.0:mo1.0,43,all,0.9027409738233144,0.9925719758273978,0.8214739727116687,1.022481184076774,1.2917863939485137,0.9970360891962635,0.9312057493515988
b1:v2:h12:tr_4rt:ed_logit:geo1:dyn1:lw_obj:enc_mlp:sp_joint:hd_sh:dec_leg:nz_glob:us_none:z16:w64:ep300:pat30:bs8:m128:lr0.001:hs_path:cal1:id0:fit_all:vm256:wd0.0:pipe_flag:mask0.5:mr0.0:mg0.0:mo1.0,43,states_dc,0.9206691514513358,0.9976378438909214,0.8811112288842511,1.0336631279913926,1.2157865327306452,0.9332143605699478,0.9430339374342903
b1:v2:h12:tr_4rt:ed_logit:geo1:dyn1:lw_obj:enc_mlp:sp_joint:hd_sh:dec_leg:nz_glob:us_none:z16:w64:ep300:pat30:bs8:m128:lr0.001:hs_path:cal1:id0:fit_all:vm256:wd0.0:pipe_flag:mask0.5:mr0.0:mg0.0:mo1.0,44,US,1.0163133285920287,1.0220663302616062,0.5997710217748924,0.8519605145497741,1.4273436664278132,1.0100970278612362,1.030378006393678
b1:v2:h12:tr_4rt:ed_logit:geo1:dyn1:lw_obj:enc_mlp:sp_joint:hd_sh:dec_leg:nz_glob:us_none:z16:w64:ep300:pat30:bs8:m128:lr0.001:hs_path:cal1:id0:fit_all:vm256:wd0.0:pipe_flag:mask0.5:mr0.0:mg0.0:mo1.0,44,all,0.9936106015509275,1.0053852181079024,0.8785824111164175,0.9148810167673477,1.1957414717652042,0.8453785280777034,1.0018209923281571
b1:v2:h12:tr_4rt:ed_logit:geo1:dyn1:lw_obj:enc_mlp:sp_joint:hd_sh:dec_leg:nz_glob:us_none:z16:w64:ep300:pat30:bs8:m128:lr0.001:hs_path:cal1:id0:fit_all:vm256:wd0.0:pipe_flag:mask0.5:mr0.0:mg0.0:mo1.0,44,states_dc,0.9879349197906521,1.001214940069476,0.9482852584517987,0.930611142321741,1.1378409230995516,0.8041989031318201,0.9946817388117767
b1:v2:h12:tr_4rt:ed_logit:geo1:dyn1:lw_obj:enc_mlp:sp_joint:hd_sh:dec_leg:nz_glob:us_none:z16:w64:ep300:pat30:bs8:m128:lr0.001:hs_path:cal1:id0:fit_all:vm256:wd0.0:pipe_flag:mask0.5:mr0.0:mg1.0:mo0.0,42,US,1.1229658858136684,1.1056753505362185,1.1454357266628519,1.1436277164684137,1.574332182135125,1.2009325481610307,1.1740492209621791
b1:v2:h12:tr_4rt:ed_logit:geo1:dyn1:lw_obj:enc_mlp:sp_joint:hd_sh:dec_leg:nz_glob:us_none:z16:w64:ep300:pat30:bs8:m128:lr0.001:hs_path:cal1:id0:fit_all:vm256:wd0.0:pipe_flag:mask0.5:mr0.0:mg1.0:mo0.0,42,all,1.103018522027904,1.0613308912047905,1.076387065376613,1.1169374449260077,1.2047560747807948,1.0216233975299933,1.1100776133311097
b1:v2:h12:tr_4rt:ed_logit:geo1:dyn1:lw_obj:enc_mlp:sp_joint:hd_sh:dec_leg:nz_glob:us_none:z16:w64:ep300:pat30:bs8:m128:lr0.001:hs_path:cal1:id0:fit_all:vm256:wd0.0:pipe_flag:mask0.5:mr0.0:mg1.0:mo0.0,42,states_dc,1.0980316810814628,1.0502447763719334,1.0591249000550529,1.110264877040406,1.112362047942212,0.976796109872234,1.094084711423342
b1:v2:h12:tr_4rt:ed_logit:geo1:dyn1:lw_obj:enc_mlp:sp_joint:hd_sh:dec_leg:nz_glob:us_none:z16:w64:ep300:pat30:bs8:m128:lr0.001:hs_path:cal1:id0:fit_all:vm256:wd0.0:pipe_flag:mask0.5:mr0.0:mg1.0:mo0.0,43,US,0.7826749518534046,0.9878540438280188,0.7559445516269869,0.8404803827024138,0.9143479758402656,1.2888638532917622,0.8714355115434972
b1:v2:h12:tr_4rt:ed_logit:geo1:dyn1:lw_obj:enc_mlp:sp_joint:hd_sh:dec_leg:nz_glob:us_none:z16:w64:ep300:pat30:bs8:m128:lr0.001:hs_path:cal1:id0:fit_all:vm256:wd0.0:pipe_flag:mask0.5:mr0.0:mg1.0:mo0.0,43,all,0.8456846492569211,0.9975324789305388,0.9515978635158875,0.8969965823062396,0.9673316590207734,0.9573770115391964,0.9161070737005251
b1:v2:h12:tr_4rt:ed_logit:geo1:dyn1:lw_obj:enc_mlp:sp_joint:hd_sh:dec_leg:nz_glob:us_none:z16:w64:ep300:pat30:bs8:m128:lr0.001:hs_path:cal1:id0:fit_all:vm256:wd0.0:pipe_flag:mask0.5:mr0.0:mg1.0:mo0.0,43,states_dc,0.8614370736078002,0.9999520877061684,1.0005111914881124,0.9111256322071961,0.9805775798159004,0.8745053011010553,0.927274964239782
b1:v2:h12:tr_4rt:ed_logit:geo1:dyn1:lw_obj:enc_mlp:sp_joint:hd_sh:dec_leg:nz_glob:us_none:z16:w64:ep300:pat30:bs8:m128:lr0.001:hs_path:cal1:id0:fit_all:vm256:wd0.0:pipe_flag:mask0.5:mr0.0:mg1.0:mo0.0,44,US,1.278929101456755,1.0388026712172012,0.5034355311759452,1.0723912565742477,1.503194251911545,1.0243631910684852,1.2264224351838082
b1:v2:h12:tr_4rt:ed_logit:geo1:dyn1:lw_obj:enc_mlp:sp_joint:hd_sh:dec_leg:nz_glob:us_none:z16:w64:ep300:pat30:bs8:m128:lr0.001:hs_path:cal1:id0:fit_all:vm256:wd0.0:pipe_flag:mask0.5:mr0.0:mg1.0:mo0.0,44,all,1.178042224150736,1.0337544448134486,0.8204870071479133,1.042036626219812,1.2148037874669106,0.882380117107049,1.1401774856525158
b1:v2:h12:tr_4rt:ed_logit:geo1:dyn1:lw_obj:enc_mlp:sp_joint:hd_sh:dec_leg:nz_glob:us_none:z16:w64:ep300:pat30:bs8:m128:lr0.001:hs_path:cal1:id0:fit_all:vm256:wd0.0:pipe_flag:mask0.5:mr0.0:mg1.0:mo0.0,44,states_dc,1.152820504824231,1.0324923882125105,0.8997498761409052,1.0344479686312027,1.142706171355752,0.8468843486166898,1.1186162482696926
b1:v2:h12:tr_4rt:ed_logit:geo1:dyn1:lw_obj:enc_mlp:sp_joint:hd_sh:dec_leg:nz_glob:us_none:z16:w64:ep300:pat30:bs8:m128:lr0.001:hs_path:cal1:id0:fit_all:vm256:wd0.0:pipe_flag:mask0.5:mr0.5:mg0.3:mo0.2,42,US,0.9036650851525713,1.0577538584190145,0.49698016813869866,0.8749386566375565,1.3488065152377076,0.9628603174381604,0.9712205341808625
b1:v2:h12:tr_4rt:ed_logit:geo1:dyn1:lw_obj:enc_mlp:sp_joint:hd_sh:dec_leg:nz_glob:us_none:z16:w64:ep300:pat30:bs8:m128:lr0.001:hs_path:cal1:id0:fit_all:vm256:wd0.0:pipe_flag:mask0.5:mr0.5:mg0.3:mo0.2,42,all,0.9428636333744884,1.0570618552846942,0.8161937739854673,0.916105145623251,1.147821002386998,0.8781237185209418,0.9906065104465851
b1:v2:h12:tr_4rt:ed_logit:geo1:dyn1:lw_obj:enc_mlp:sp_joint:hd_sh:dec_leg:nz_glob:us_none:z16:w64:ep300:pat30:bs8:m128:lr0.001:hs_path:cal1:id0:fit_all:vm256:wd0.0:pipe_flag:mask0.5:mr0.5:mg0.3:mo0.2,42,states_dc,0.9526632704299676,1.056888854501114,0.8959971754471594,0.9263967678696746,1.0975746241743203,0.8569395687916374,0.9954530045130158
b1:v2:h12:tr_4rt:ed_logit:geo1:dyn1:lw_obj:enc_mlp:sp_joint:hd_sh:dec_leg:nz_glob:us_none:z16:w64:ep300:pat30:bs8:m128:lr0.001:hs_path:cal1:id0:fit_all:vm256:wd0.0:pipe_flag:mask0.5:mr0.5:mg0.3:mo0.2,43,US,0.9957880039821414,1.031819654947015,0.6302754582964054,0.9769068751632107,1.2097762345902736,1.1747908906477338,1.0429402325991903
b1:v2:h12:tr_4rt:ed_logit:geo1:dyn1:lw_obj:enc_mlp:sp_joint:hd_sh:dec_leg:nz_glob:us_none:z16:w64:ep300:pat30:bs8:m128:lr0.001:hs_path:cal1:id0:fit_all:vm256:wd0.0:pipe_flag:mask0.5:mr0.5:mg0.3:mo0.2,43,all,1.003520715891104,1.033207382134878,0.8821534226148369,1.005306008997113,1.0561811080961991,1.0069916885666002,1.0445564178243856
b1:v2:h12:tr_4rt:ed_logit:geo1:dyn1:lw_obj:enc_mlp:sp_joint:hd_sh:dec_leg:nz_glob:us_none:z16:w64:ep300:pat30:bs8:m128:lr0.001:hs_path:cal1:id0:fit_all:vm256:wd0.0:pipe_flag:mask0.5:mr0.5:mg0.3:mo0.2,43,states_dc,1.0054538938683448,1.0335543139318435,0.9451229136944446,1.0124057924555885,1.0177823264726802,0.9650418880463169,1.0449604641306842
b1:v2:h12:tr_4rt:ed_logit:geo1:dyn1:lw_obj:enc_mlp:sp_joint:hd_sh:dec_leg:nz_glob:us_none:z16:w64:ep300:pat30:bs8:m128:lr0.001:hs_path:cal1:id0:fit_all:vm256:wd0.0:pipe_flag:mask0.5:mr0.5:mg0.3:mo0.2,44,US,0.8331660295833312,0.9338494334862513,0.5741498580342563,0.8528545168964973,1.093157261596105,0.9436661390735465,0.8797197352706227
b1:v2:h12:tr_4rt:ed_logit:geo1:dyn1:lw_obj:enc_mlp:sp_joint:hd_sh:dec_leg:nz_glob:us_none:z16:w64:ep300:pat30:bs8:m128:lr0.001:hs_path:cal1:id0:fit_all:vm256:wd0.0:pipe_flag:mask0.5:mr0.5:mg0.3:mo0.2,44,all,0.882420133580804,1.0002074935950427,0.8532797656996608,0.8962116527725971,1.0720721526074943,0.8356874881579757,0.9361329792645371
b1:v2:h12:tr_4rt:ed_logit:geo1:dyn1:lw_obj:enc_mlp:sp_joint:hd_sh:dec_leg:nz_glob:us_none:z16:w64:ep300:pat30:bs8:m128:lr0.001:hs_path:cal1:id0:fit_all:vm256:wd0.0:pipe_flag:mask0.5:mr0.5:mg0.3:mo0.2,44,states_dc,0.8947336595801719,1.0167970086222404,0.9230622426160119,0.9070509367416221,1.0668008753603417,0.808692825429083,0.9502362902630154
b1:v2:h12:tr_4rt:ed_logit:geo1:dyn1:lw_obj:enc_mlp:sp_joint:hd_sh:dec_leg:nz_glob:us_none:z16:w64:ep300:pat30:bs8:m128:lr0.001:hs_path:cal1:id0:fit_all:vm256:wd0.0:pipe_flag:mask0.5:mr1.0:mg0.0:mo0.0,42,US,0.8570087407030819,1.2328968624956447,1.281865671274141,1.1321153691210175,2.0966857840284856,1.515759069133044,1.1052696864971938
b1:v2:h12:tr_4rt:ed_logit:geo1:dyn1:lw_obj:enc_mlp:sp_joint:hd_sh:dec_leg:nz_glob:us_none:z16:w64:ep300:pat30:bs8:m128:lr0.001:hs_path:cal1:id0:fit_all:vm256:wd0.0:pipe_flag:mask0.5:mr1.0:mg0.0:mo0.0,42,all,0.9253094323244685,1.1621719279125475,1.2351646692954252,1.1377969752299415,1.459911481323152,1.2483811536347804,1.0679940043497578
b1:v2:h12:tr_4rt:ed_logit:geo1:dyn1:lw_obj:enc_mlp:sp_joint:hd_sh:dec_leg:nz_glob:us_none:z16:w64:ep300:pat30:bs8:m128:lr0.001:hs_path:cal1:id0:fit_all:vm256:wd0.0:pipe_flag:mask0.5:mr1.0:mg0.0:mo0.0,42,states_dc,0.9423846052298149,1.144490694266773,1.223489418800746,1.1392173767571723,1.3007179056468183,1.1815366747602143,1.0586750838128987
b1:v2:h12:tr_4rt:ed_logit:geo1:dyn1:lw_obj:enc_mlp:sp_joint:hd_sh:dec_leg:nz_glob:us_none:z16:w64:ep300:pat30:bs8:m128:lr0.001:hs_path:cal1:id0:fit_all:vm256:wd0.0:pipe_flag:mask0.5:mr1.0:mg0.0:mo0.0,43,US,0.8960635633283615,1.173266498318111,1.1662546768221922,0.8000663445011841,1.6667017112041709,1.5346281997003792,1.111817447909978
b1:v2:h12:tr_4rt:ed_logit:geo1:dyn1:lw_obj:enc_mlp:sp_joint:hd_sh:dec_leg:nz_glob:us_none:z16:w64:ep300:pat30:bs8:m128:lr0.001:hs_path:cal1:id0:fit_all:vm256:wd0.0:pipe_flag:mask0.5:mr1.0:mg0.0:mo0.0,43,all,0.9346612123242952,1.108338510240191,1.1436369407031595,0.8650829260001358,1.3860107195139046,1.1074582100363743,1.0628797265592334
b1:v2:h12:tr_4rt:ed_logit:geo1:dyn1:lw_obj:enc_mlp:sp_joint:hd_sh:dec_leg:nz_glob:us_none:z16:w64:ep300:pat30:bs8:m128:lr0.001:hs_path:cal1:id0:fit_all:vm256:wd0.0:pipe_flag:mask0.5:mr1.0:mg0.0:mo0.0,43,states_dc,0.9443106245732785,1.0921065132207108,1.137982506673401,0.8813370713748734,1.3158379715913375,1.0006657126203733,1.050645296221547
b1:v2:h12:tr_4rt:ed_logit:geo1:dyn1:lw_obj:enc_mlp:sp_joint:hd_sh:dec_leg:nz_glob:us_none:z16:w64:ep300:pat30:bs8:m128:lr0.001:hs_path:cal1:id0:fit_all:vm256:wd0.0:pipe_flag:mask0.5:mr1.0:mg0.0:mo0.0,44,US,0.965847603349269,1.017171194224862,0.8048146820984071,0.7809153409638435,1.9977389891434085,1.2352534862562834,1.0412282736689111
b1:v2:h12:tr_4rt:ed_logit:geo1:dyn1:lw_obj:enc_mlp:sp_joint:hd_sh:dec_leg:nz_glob:us_none:z16:w64:ep300:pat30:bs8:m128:lr0.001:hs_path:cal1:id0:fit_all:vm256:wd0.0:pipe_flag:mask0.5:mr1.0:mg0.0:mo0.0,44,all,0.974631670263359,1.0507083956720793,0.9854885731557853,0.8540156501646982,1.4662071386484057,1.0087019327751412,1.035050769977519
b1:v2:h12:tr_4rt:ed_logit:geo1:dyn1:lw_obj:enc_mlp:sp_joint:hd_sh:dec_leg:nz_glob:us_none:z16:w64:ep300:pat30:bs8:m128:lr0.001:hs_path:cal1:id0:fit_all:vm256:wd0.0:pipe_flag:mask0.5:mr1.0:mg0.0:mo0.0,44,states_dc,0.9768276869918814,1.0590926960338836,1.0306570459201296,0.8722907274649119,1.3333241760246548,0.9520640444048555,1.033506394054671
b1:v2:h12:tr_4rt:ed_logit:geo1:dyn1:lw_obj:enc_mlp:sp_joint:hd_sh:dec_leg:nz_glob:us_none:z16:w64:ep300:pat30:bs8:m128:lr0.001:hs_path:cal1:id0:fit_all:vm256:wd0.0:pipe_two:mask0.5:mr0.5:mg0.3:mo0.2,42,US,1.2879142391565237,0.9652802916383418,0.7434893553433642,1.0275329326472147,1.8977581066813753,0.7471809326278961,1.2685187168422176
b1:v2:h12:tr_4rt:ed_logit:geo1:dyn1:lw_obj:enc_mlp:sp_joint:hd_sh:dec_leg:nz_glob:us_none:z16:w64:ep300:pat30:bs8:m128:lr0.001:hs_path:cal1:id0:fit_all:vm256:wd0.0:pipe_two:mask0.5:mr0.5:mg0.3:mo0.2,42,all,1.2104080814292848,0.9659618233151324,0.9587970471291289,1.0298303564470213,1.2709035440748784,0.807384992491977,1.1912895689979146
b1:v2:h12:tr_4rt:ed_logit:geo1:dyn1:lw_obj:enc_mlp:sp_joint:hd_sh:dec_leg:nz_glob:us_none:z16:w64:ep300:pat30:bs8:m128:lr0.001:hs_path:cal1:id0:fit_all:vm256:wd0.0:pipe_two:mask0.5:mr0.5:mg0.3:mo0.2,42,states_dc,1.1910315419974749,0.9661322062343298,1.0126239700755701,1.0304047123969728,1.114189903423254,0.8224360074579972,1.1719822820368384
b1:v2:h12:tr_4rt:ed_logit:geo1:dyn1:lw_obj:enc_mlp:sp_joint:hd_sh:dec_leg:nz_glob:us_none:z16:w64:ep300:pat30:bs8:m128:lr0.001:hs_path:cal1:id0:fit_all:vm256:wd0.0:pipe_two:mask0.5:mr0.5:mg0.3:mo0.2,43,US,1.276625711987131,1.2218642517618452,0.8573924008345,0.8681578163593086,2.6283190445314646,0.8268372020718664,1.3804985357885755
b1:v2:h12:tr_4rt:ed_logit:geo1:dyn1:lw_obj:enc_mlp:sp_joint:hd_sh:dec_leg:nz_glob:us_none:z16:w64:ep300:pat30:bs8:m128:lr0.001:hs_path:cal1:id0:fit_all:vm256:wd0.0:pipe_two:mask0.5:mr0.5:mg0.3:mo0.2,43,all,1.2415259795923816,1.1279435161932234,0.9943223490716989,0.9186157995864945,1.7217239690131294,0.7481055583845568,1.3004470068960927
b1:v2:h12:tr_4rt:ed_logit:geo1:dyn1:lw_obj:enc_mlp:sp_joint:hd_sh:dec_leg:nz_glob:us_none:z16:w64:ep300:pat30:bs8:m128:lr0.001:hs_path:cal1:id0:fit_all:vm256:wd0.0:pipe_two:mask0.5:mr0.5:mg0.3:mo0.2,43,states_dc,1.2327510464936944,1.1044633323010677,1.0285548361309984,0.9312302953932908,1.4950752001335454,0.7284226474627294,1.2804341246729718
b1:v2:h12:tr_4rt:ed_logit:geo1:dyn1:lw_obj:enc_mlp:sp_joint:hd_sh:dec_leg:nz_glob:us_none:z16:w64:ep300:pat30:bs8:m128:lr0.001:hs_path:cal1:id0:fit_all:vm256:wd0.0:pipe_two:mask0.5:mr0.5:mg0.3:mo0.2,44,US,1.3037271409071833,1.0539191733516127,0.7658583729134513,0.9810805149859434,1.7053557220108226,0.9471404600969343,1.167692227634278
b1:v2:h12:tr_4rt:ed_logit:geo1:dyn1:lw_obj:enc_mlp:sp_joint:hd_sh:dec_leg:nz_glob:us_none:z16:w64:ep300:pat30:bs8:m128:lr0.001:hs_path:cal1:id0:fit_all:vm256:wd0.0:pipe_two:mask0.5:mr0.5:mg0.3:mo0.2,44,all,1.2387938044488627,1.0745427139944277,0.9800592578068956,1.018777644555794,1.3205513608287813,0.7906039609753437,1.1418463325521642
b1:v2:h12:tr_4rt:ed_logit:geo1:dyn1:lw_obj:enc_mlp:sp_joint:hd_sh:dec_leg:nz_glob:us_none:z16:w64:ep300:pat30:bs8:m128:lr0.001:hs_path:cal1:id0:fit_all:vm256:wd0.0:pipe_two:mask0.5:mr0.5:mg0.3:mo0.2,44,states_dc,1.2225604703342825,1.079698599155131,1.0336094790302566,1.0282019269482563,1.224350270533271,0.751469836194946,1.1353848587816353
b1:v2:h12:tr_4rt:ed_logit:geo1:dyn1:lw_obj:enc_mlp:sp_none:hd_sh:dec_leg:nz_glob:us_none:z16:w64:ep100:pat30:bs8:m128:lr0.001:hs_sh:cal1:id0:fit_path:vm256:wd0.0:pipe_aux025:mask0.5:mr0.0:mg0.0:mo1.0,42,US,0.8894758847948213,1.3102832931999735,0.5644539576833618,0.8970029314833524,0.89559484267006,1.0367094427283967,1.0242367121825358
b1:v2:h12:tr_4rt:ed_logit:geo1:dyn1:lw_obj:enc_mlp:sp_none:hd_sh:dec_leg:nz_glob:us_none:z16:w64:ep100:pat30:bs8:m128:lr0.001:hs_sh:cal1:id0:fit_path:vm256:wd0.0:pipe_aux025:mask0.5:mr0.0:mg0.0:mo1.0,42,all,0.9522877913648209,1.1707018283413224,0.871392306857529,0.9377154945985217,0.9862834123203053,0.9178039895166828,1.0182324675561987
b1:v2:h12:tr_4rt:ed_logit:geo1:dyn1:lw_obj:enc_mlp:sp_none:hd_sh:dec_leg:nz_glob:us_none:z16:w64:ep100:pat30:bs8:m128:lr0.001:hs_sh:cal1:id0:fit_path:vm256:wd0.0:pipe_aux025:mask0.5:mr0.0:mg0.0:mo1.0,42,states_dc,0.9679907680073209,1.1358064621266593,0.9481268941510705,0.9478936353773141,1.0089555547328668,0.8880776262137542,1.0167314063996147
b1:v2:h12:tr_4rt:ed_logit:geo1:dyn1:lw_obj:enc_mlp:sp_none:hd_sh:dec_leg:nz_glob:us_none:z16:w64:ep100:pat30:bs8:m128:lr0.001:hs_sh:cal1:id0:fit_path:vm256:wd0.0:pipe_aux025:mask0.5:mr0.0:mg0.0:mo1.0,43,US,0.9513142119885908,0.9917153587694467,0.5255466161695844,1.0212826996632676,1.4155852105051154,1.3672105792797822,1.0133009741203471
b1:v2:h12:tr_4rt:ed_logit:geo1:dyn1:lw_obj:enc_mlp:sp_none:hd_sh:dec_leg:nz_glob:us_none:z16:w64:ep100:pat30:bs8:m128:lr0.001:hs_sh:cal1:id0:fit_path:vm256:wd0.0:pipe_aux025:mask0.5:mr0.0:mg0.0:mo1.0,43,all,1.0003341218657724,1.0174580201746108,0.8499361111622119,1.0723053615352929,1.210609000872486,1.0403817993210558,1.0360186686242774
b1:v2:h12:tr_4rt:ed_logit:geo1:dyn1:lw_obj:enc_mlp:sp_none:hd_sh:dec_leg:nz_glob:us_none:z16:w64:ep100:pat30:bs8:m128:lr0.001:hs_sh:cal1:id0:fit_path:vm256:wd0.0:pipe_aux025:mask0.5:mr0.0:mg0.0:mo1.0,43,states_dc,1.0125890993350677,1.0238936855259015,0.9310334849103687,1.0850610270032992,1.1593649484643282,0.9586746043313743,1.04169809225026
b1:v2:h12:tr_4rt:ed_logit:geo1:dyn1:lw_obj:enc_mlp:sp_none:hd_sh:dec_leg:nz_glob:us_none:z16:w64:ep100:pat30:bs8:m128:lr0.001:hs_sh:cal1:id0:fit_path:vm256:wd0.0:pipe_aux025:mask0.5:mr0.0:mg0.0:mo1.0,44,US,1.2519909226284833,0.930026382875955,0.5941976304045735,0.9886497821244523,0.7608335784109564,1.3097659889537074,1.1764823706735161
b1:v2:h12:tr_4rt:ed_logit:geo1:dyn1:lw_obj:enc_mlp:sp_none:hd_sh:dec_leg:nz_glob:us_none:z16:w64:ep100:pat30:bs8:m128:lr0.001:hs_sh:cal1:id0:fit_path:vm256:wd0.0:pipe_aux025:mask0.5:mr0.0:mg0.0:mo1.0,44,all,1.1852523982035121,0.9939884959643601,0.9462233221709663,1.0028515438136243,0.9234157771581065,1.1220304511956984,1.1455150962886755
b1:v2:h12:tr_4rt:ed_logit:geo1:dyn1:lw_obj:enc_mlp:sp_none:hd_sh:dec_leg:nz_glob:us_none:z16:w64:ep100:pat30:bs8:m128:lr0.001:hs_sh:cal1:id0:fit_path:vm256:wd0.0:pipe_aux025:mask0.5:mr0.0:mg0.0:mo1.0,44,states_dc,1.1685677670972694,1.0099790242364612,1.0342297451125646,1.006401984235917,0.9640613268448939,1.075096566756196,1.1377732776924654
b1:v2:h12:tr_4rt:ed_logit:geo1:dyn1:lw_obj:enc_mlp:sp_none:hd_sh:dec_leg:nz_glob:us_none:z16:w64:ep100:pat30:bs8:m128:lr0.001:hs_sh:cal1:id0:fit_path:vm256:wd0.0:pipe_aux025:mask0.5:mr0.5:mg0.3:mo0.2,42,US,0.8372691429921723,0.873023049029032,0.5351870264037326,0.8916246241656755,0.9372920723505322,0.8739833567862217,0.8520885336063085
b1:v2:h12:tr_4rt:ed_logit:geo1:dyn1:lw_obj:enc_mlp:sp_none:hd_sh:dec_leg:nz_glob:us_none:z16:w64:ep100:pat30:bs8:m128:lr0.001:hs_sh:cal1:id0:fit_path:vm256:wd0.0:pipe_aux025:mask0.5:mr0.5:mg0.3:mo0.2,42,all,0.9222013869574633,0.9629039007026217,0.8437157208286792,0.9245516741497544,1.0042537140067793,0.8049070083205105,0.9364196521130621
b1:v2:h12:tr_4rt:ed_logit:geo1:dyn1:lw_obj:enc_mlp:sp_none:hd_sh:dec_leg:nz_glob:us_none:z16:w64:ep100:pat30:bs8:m128:lr0.001:hs_sh:cal1:id0:fit_path:vm256:wd0.0:pipe_aux025:mask0.5:mr0.5:mg0.3:mo0.2,42,states_dc,0.9434344479487861,0.985374113621019,0.9208478944349157,0.9327834366457741,1.0209941244208407,0.7876379212040826,0.9575024317397505
b1:v2:h12:tr_4rt:ed_logit:geo1:dyn1:lw_obj:enc_mlp:sp_none:hd_sh:dec_leg:nz_glob:us_none:z16:w64:ep100:pat30:bs8:m128:lr0.001:hs_sh:cal1:id0:fit_path:vm256:wd0.0:pipe_aux025:mask0.5:mr0.5:mg0.3:mo0.2,43,US,0.8076153422144771,0.8639210201590344,0.6375956756917496,0.822959868673042,1.0054284136748075,1.0990101892773139,0.8463837328727664
b1:v2:h12:tr_4rt:ed_logit:geo1:dyn1:lw_obj:enc_mlp:sp_none:hd_sh:dec_leg:nz_glob:us_none:z16:w64:ep100:pat30:bs8:m128:lr0.001:hs_sh:cal1:id0:fit_path:vm256:wd0.0:pipe_aux025:mask0.5:mr0.5:mg0.3:mo0.2,43,all,0.894299063965946,0.9907970115174567,0.892139362585276,0.8820319641338741,1.0348604009532316,0.9333114028837932,0.9322723720124156
b1:v2:h12:tr_4rt:ed_logit:geo1:dyn1:lw_obj:enc_mlp:sp_none:hd_sh:dec_leg:nz_glob:us_none:z16:w64:ep100:pat30:bs8:m128:lr0.001:hs_sh:cal1:id0:fit_path:vm256:wd0.0:pipe_aux025:mask0.5:mr0.5:mg0.3:mo0.2,43,states_dc,0.9159699944038131,1.0225160093570622,0.9557752843086578,0.8967999879990821,1.0422183977728374,0.891886706285413,0.9537445317973278
b1:v2:h12:tr_4rt:ed_logit:geo1:dyn1:lw_obj:enc_mlp:sp_none:hd_sh:dec_leg:nz_glob:us_none:z16:w64:ep100:pat30:bs8:m128:lr0.001:hs_sh:cal1:id0:fit_path:vm256:wd0.0:pipe_aux025:mask0.5:mr0.5:mg0.3:mo0.2,44,US,0.9532382576661483,0.8230224283499483,0.6961248574371296,1.024930413695797,0.8015939074874473,1.1747776825119558,0.9551853329261112
b1:v2:h12:tr_4rt:ed_logit:geo1:dyn1:lw_obj:enc_mlp:sp_none:hd_sh:dec_leg:nz_glob:us_none:z16:w64:ep100:pat30:bs8:m128:lr0.001:hs_sh:cal1:id0:fit_path:vm256:wd0.0:pipe_aux025:mask0.5:mr0.5:mg0.3:mo0.2,44,all,0.9926139383397076,0.9301896179762097,0.9838327327541672,1.0528320459704104,0.9380937712759745,0.9947956927541425,1.0013880511904365
b1:v2:h12:tr_4rt:ed_logit:geo1:dyn1:lw_obj:enc_mlp:sp_none:hd_sh:dec_leg:nz_glob:us_none:z16:w64:ep100:pat30:bs8:m128:lr0.001:hs_sh:cal1:id0:fit_path:vm256:wd0.0:pipe_aux025:mask0.5:mr0.5:mg0.3:mo0.2,44,states_dc,1.0024578585080972,0.9569814153827749,1.0557597015834266,1.0598074540390636,0.9722187372231063,0.9498001953146892,1.0129387307565179
b1:v2:h12:tr_4rt:ed_logit:geo1:dyn1:lw_obj:enc_mlp:sp_none:hd_sh:dec_leg:nz_glob:us_none:z16:w64:ep100:pat30:bs8:m128:lr0.001:hs_sh:cal1:id0:fit_path:vm256:wd0.0:pipe_direct:mask0.5:mr0.5:mg0.3:mo0.2,42,US,0.9653654744836367,0.7940205684125029,0.7007924236253016,1.0092662980062606,0.9279144358638409,0.953841874826747,0.886737810020427
b1:v2:h12:tr_4rt:ed_logit:geo1:dyn1:lw_obj:enc_mlp:sp_none:hd_sh:dec_leg:nz_glob:us_none:z16:w64:ep100:pat30:bs8:m128:lr0.001:hs_sh:cal1:id0:fit_path:vm256:wd0.0:pipe_direct:mask0.5:mr0.5:mg0.3:mo0.2,42,all,1.0027307448926053,0.9169792505336414,0.9105070266807322,1.0342020935811609,0.9615896916901732,0.8008313350628845,0.95106074802206
b1:v2:h12:tr_4rt:ed_logit:geo1:dyn1:lw_obj:enc_mlp:sp_none:hd_sh:dec_leg:nz_glob:us_none:z16:w64:ep100:pat30:bs8:m128:lr0.001:hs_sh:cal1:id0:fit_path:vm256:wd0.0:pipe_direct:mask0.5:mr0.5:mg0.3:mo0.2,42,states_dc,1.0120720624948472,0.9477189210639259,0.9629356774445901,1.040436042474886,0.9700085056467561,0.7625787001219188,0.967141482522468
b1:v2:h12:tr_4rt:ed_logit:geo1:dyn1:lw_obj:enc_mlp:sp_none:hd_sh:dec_leg:nz_glob:us_none:z16:w64:ep100:pat30:bs8:m128:lr0.001:hs_sh:cal1:id0:fit_path:vm256:wd0.0:pipe_direct:mask0.5:mr0.5:mg0.3:mo0.2,43,US,0.898980315200759,0.8301938621274785,0.5184539663519948,1.0205543389429759,1.2375388965409946,0.8621993837148836,0.891539256684219
b1:v2:h12:tr_4rt:ed_logit:geo1:dyn1:lw_obj:enc_mlp:sp_none:hd_sh:dec_leg:nz_glob:us_none:z16:w64:ep100:pat30:bs8:m128:lr0.001:hs_sh:cal1:id0:fit_path:vm256:wd0.0:pipe_direct:mask0.5:mr0.5:mg0.3:mo0.2,43,all,0.9657160279894693,0.942063524753427,0.8368219216483942,1.0844403150317998,1.0932754337325399,0.797701170985361,0.96318082308904
b1:v2:h12:tr_4rt:ed_logit:geo1:dyn1:lw_obj:enc_mlp:sp_none:hd_sh:dec_leg:nz_glob:us_none:z16:w64:ep100:pat30:bs8:m128:lr0.001:hs_sh:cal1:id0:fit_path:vm256:wd0.0:pipe_direct:mask0.5:mr0.5:mg0.3:mo0.2,43,states_dc,0.9823999561866467,0.9700309404099139,0.9164139104724941,1.1004118090540056,1.057209568030426,0.7815766178029805,0.981091214690245
b1:v2:h12:tr_4rt:ed_logit:geo1:dyn1:lw_obj:enc_mlp:sp_none:hd_sh:dec_leg:nz_glob:us_none:z16:w64:ep100:pat30:bs8:m128:lr0.001:hs_sh:cal1:id0:fit_path:vm256:wd0.0:pipe_direct:mask0.5:mr0.5:mg0.3:mo0.2,44,US,1.2171198829879348,0.9046717092081599,0.8990270892598169,0.7590386222833968,0.950968631879136,1.3439559099553475,1.3101020878423313
b1:v2:h12:tr_4rt:ed_logit:geo1:dyn1:lw_obj:enc_mlp:sp_none:hd_sh:dec_leg:nz_glob:us_none:z16:w64:ep100:pat30:bs8:m128:lr0.001:hs_sh:cal1:id0:fit_path:vm256:wd0.0:pipe_direct:mask0.5:mr0.5:mg0.3:mo0.2,44,all,1.1516512012968947,0.9822191347966753,1.0679733784578864,0.8475802693491983,1.0008330634294025,1.101431594967869,1.2202315276517461
b1:v2:h12:tr_4rt:ed_logit:geo1:dyn1:lw_obj:enc_mlp:sp_none:hd_sh:dec_leg:nz_glob:us_none:z16:w64:ep100:pat30:bs8:m128:lr0.001:hs_sh:cal1:id0:fit_path:vm256:wd0.0:pipe_direct:mask0.5:mr0.5:mg0.3:mo0.2,44,states_dc,1.1352840308741343,1.001605991193804,1.1102099507574037,0.8697156811156483,1.013299171316969,1.0408005162209994,1.1977638876040992
b1:v2:h12:tr_4rt:ed_logit:geo1:dyn1:lw_obj:enc_mlp:sp_none:hd_sh:dec_leg:nz_glob:us_none:z16:w64:ep100:pat30:bs8:m128:lr0.001:hs_sh:cal1:id0:fit_path:vm256:wd0.0:pipe_flag:mask0.0:mr0.5:mg0.3:mo0.2,42,US,0.9733250237417793,0.8555775517152095,0.5413347931004227,1.1104608900997937,0.9830731474133565,0.9409644894804365,0.8924420524557298
b1:v2:h12:tr_4rt:ed_logit:geo1:dyn1:lw_obj:enc_mlp:sp_none:hd_sh:dec_leg:nz_glob:us_none:z16:w64:ep100:pat30:bs8:m128:lr0.001:hs_sh:cal1:id0:fit_path:vm256:wd0.0:pipe_flag:mask0.0:mr0.5:mg0.3:mo0.2,42,all,1.023518701166313,0.968442688324886,0.8456174015341897,1.1274275864642833,1.0391979340825999,0.8271033981660411,0.9671467982474201
b1:v2:h12:tr_4rt:ed_logit:geo1:dyn1:lw_obj:enc_mlp:sp_none:hd_sh:dec_leg:nz_glob:us_none:z16:w64:ep100:pat30:bs8:m128:lr0.001:hs_sh:cal1:id0:fit_path:vm256:wd0.0:pipe_flag:mask0.0:mr0.5:mg0.3:mo0.2,42,states_dc,1.036067120522446,0.9966589724773051,0.9216880536426313,1.1316692605554055,1.0532291307499106,0.798638125337442,0.9858229846953422
b1:v2:h12:tr_4rt:ed_logit:geo1:dyn1:lw_obj:enc_mlp:sp_none:hd_sh:dec_leg:nz_glob:us_none:z16:w64:ep100:pat30:bs8:m128:lr0.001:hs_sh:cal1:id0:fit_path:vm256:wd0.0:pipe_flag:mask0.0:mr0.5:mg0.3:mo0.2,43,US,0.9888972592072398,0.8284089323971834,0.5429798032020307,0.9469718148015779,1.0367966228295753,1.0011021467372336,0.9475943190772572
b1:v2:h12:tr_4rt:ed_logit:geo1:dyn1:lw_obj:enc_mlp:sp_none:hd_sh:dec_leg:nz_glob:us_none:z16:w64:ep100:pat30:bs8:m128:lr0.001:hs_sh:cal1:id0:fit_path:vm256:wd0.0:pipe_flag:mask0.0:mr0.5:mg0.3:mo0.2,43,all,1.00582008079279,0.9643009092769257,0.8762124639915534,1.0006782413351765,1.0386277228352345,0.8855125706160565,0.9888097561094433
b1:v2:h12:tr_4rt:ed_logit:geo1:dyn1:lw_obj:enc_mlp:sp_none:hd_sh:dec_leg:nz_glob:us_none:z16:w64:ep100:pat30:bs8:m128:lr0.001:hs_sh:cal1:id0:fit_path:vm256:wd0.0:pipe_flag:mask0.0:mr0.5:mg0.3:mo0.2,43,states_dc,1.0100507861891772,0.998273903496861,0.9595206291889339,1.014104847968576,1.039085497836649,0.8566151765857623,0.9991136153674898
b1:v2:h12:tr_4rt:ed_logit:geo1:dyn1:lw_obj:enc_mlp:sp_none:hd_sh:dec_leg:nz_glob:us_none:z16:w64:ep100:pat30:bs8:m128:lr0.001:hs_sh:cal1:id0:fit_path:vm256:wd0.0:pipe_flag:mask0.0:mr0.5:mg0.3:mo0.2,44,US,0.7892875102176676,0.9431411386851576,0.7163472340309817,0.7892427645591394,1.165757310911392,0.9960490413230534,0.8420969535827396
b1:v2:h12:tr_4rt:ed_logit:geo1:dyn1:lw_obj:enc_mlp:sp_none:hd_sh:dec_leg:nz_glob:us_none:z16:w64:ep100:pat30:bs8:m128:lr0.001:hs_sh:cal1:id0:fit_path:vm256:wd0.0:pipe_flag:mask0.0:mr0.5:mg0.3:mo0.2,44,all,0.8733032216934052,0.9978666040748116,0.9653688382330516,0.8755342116423617,1.1170981992539373,0.9577774656573296,0.9132827557513106
b1:v2:h12:tr_4rt:ed_logit:geo1:dyn1:lw_obj:enc_mlp:sp_none:hd_sh:dec_leg:nz_glob:us_none:z16:w64:ep100:pat30:bs8:m128:lr0.001:hs_sh:cal1:id0:fit_path:vm256:wd0.0:pipe_flag:mask0.0:mr0.5:mg0.3:mo0.2,44,states_dc,0.8943071495623395,1.0115479704222252,1.027624239283569,0.8971070734131671,1.1049334213395736,0.9482095717408988,0.9310792062934533
b1:v2:h12:tr_4rt:ed_logit:geo1:dyn1:lw_obj:enc_mlp:sp_none:hd_sh:dec_leg:nz_glob:us_none:z16:w64:ep100:pat30:bs8:m128:lr0.001:hs_sh:cal1:id0:fit_path:vm256:wd0.0:pipe_flag:mask0.25:mr0.5:mg0.3:mo0.2,42,US,0.9583974980513732,1.0454663887961875,1.0317471380857746,1.1749994035769564,1.0783334686268893,1.5678060774942175,1.030493783173595
b1:v2:h12:tr_4rt:ed_logit:geo1:dyn1:lw_obj:enc_mlp:sp_none:hd_sh:dec_leg:nz_glob:us_none:z16:w64:ep100:pat30:bs8:m128:lr0.001:hs_sh:cal1:id0:fit_path:vm256:wd0.0:pipe_flag:mask0.25:mr0.5:mg0.3:mo0.2,42,all,1.0107111505837796,1.040160912157371,1.1715961627364624,1.1542439028624658,1.064958094834861,1.2892918615637048,1.0398276837590388
b1:v2:h12:tr_4rt:ed_logit:geo1:dyn1:lw_obj:enc_mlp:sp_none:hd_sh:dec_leg:nz_glob:us_none:z16:w64:ep100:pat30:bs8:m128:lr0.001:hs_sh:cal1:id0:fit_path:vm256:wd0.0:pipe_flag:mask0.25:mr0.5:mg0.3:mo0.2,42,states_dc,1.023789563716881,1.0388345429976669,1.2065584188991347,1.1490550276838434,1.0616142513868534,1.2196633075810766,1.0421611589053994
b1:v2:h12:tr_4rt:ed_logit:geo1:dyn1:lw_obj:enc_mlp:sp_none:hd_sh:dec_leg:nz_glob:us_none:z16:w64:ep100:pat30:bs8:m128:lr0.001:hs_sh:cal1:id0:fit_path:vm256:wd0.0:pipe_flag:mask0.25:mr0.5:mg0.3:mo0.2,43,US,0.9016031943420151,1.270848634850727,0.6410220588557047,0.884110294672908,0.874134890624957,0.9269662809055553,1.053257065574364
b1:v2:h12:tr_4rt:ed_logit:geo1:dyn1:lw_obj:enc_mlp:sp_none:hd_sh:dec_leg:nz_glob:us_none:z16:w64:ep100:pat30:bs8:m128:lr0.001:hs_sh:cal1:id0:fit_path:vm256:wd0.0:pipe_flag:mask0.25:mr0.5:mg0.3:mo0.2,43,all,0.9671864835637624,1.1901374309339707,0.9030550505581265,0.9562196357557706,0.958456785892547,0.8626780626204953,1.0517879972110924
b1:v2:h12:tr_4rt:ed_logit:geo1:dyn1:lw_obj:enc_mlp:sp_none:hd_sh:dec_leg:nz_glob:us_none:z16:w64:ep100:pat30:bs8:m128:lr0.001:hs_sh:cal1:id0:fit_path:vm256:wd0.0:pipe_flag:mask0.25:mr0.5:mg0.3:mo0.2,43,states_dc,0.9835823058691991,1.1699596299547812,0.9685632984837319,0.974246971026486,0.9795372597094444,0.8466060080492301,1.0514207301202745
b1:v2:h12:tr_4rt:ed_logit:geo1:dyn1:lw_obj:enc_mlp:sp_none:hd_sh:dec_leg:nz_glob:us_none:z16:w64:ep100:pat30:bs8:m128:lr0.001:hs_sh:cal1:id0:fit_path:vm256:wd0.0:pipe_flag:mask0.25:mr0.5:mg0.3:mo0.2,44,US,1.0367223539633896,1.0103383768701237,0.6752692774427227,1.066760015574745,0.9212186060217028,1.0746724520936926,1.0703913727441718
b1:v2:h12:tr_4rt:ed_logit:geo1:dyn1:lw_obj:enc_mlp:sp_none:hd_sh:dec_leg:nz_glob:us_none:z16:w64:ep100:pat30:bs8:m128:lr0.001:hs_sh:cal1:id0:fit_path:vm256:wd0.0:pipe_flag:mask0.25:mr0.5:mg0.3:mo0.2,44,all,1.0419348180847696,1.0539004632514821,0.9562272585475404,1.0772928536584176,0.9887973401827758,0.9816623537165459,1.067974475234324
b1:v2:h12:tr_4rt:ed_logit:geo1:dyn1:lw_obj:enc_mlp:sp_none:hd_sh:dec_leg:nz_glob:us_none:z16:w64:ep100:pat30:bs8:m128:lr0.001:hs_sh:cal1:id0:fit_path:vm256:wd0.0:pipe_flag:mask0.25:mr0.5:mg0.3:mo0.2,44,states_dc,1.0432379341151146,1.0647909848468218,1.0264667538237444,1.0799260631793355,1.0056920237230438,0.9584098291222595,1.067370250856862
b1:v2:h12:tr_4rt:ed_logit:geo1:dyn1:lw_obj:enc_mlp:sp_none:hd_sh:dec_leg:nz_glob:us_none:z16:w64:ep100:pat30:bs8:m128:lr0.001:hs_sh:cal1:id0:fit_path:vm256:wd0.0:pipe_flag:mask0.5:mr0.0:mg0.0:mo1.0,42,US,0.8702642266975076,0.846391867944291,0.6515558687391411,0.9229241647995946,1.1837700736716148,1.3527630481215775,0.8813975554671569
b1:v2:h12:tr_4rt:ed_logit:geo1:dyn1:lw_obj:enc_mlp:sp_none:hd_sh:dec_leg:nz_glob:us_none:z16:w64:ep100:pat30:bs8:m128:lr0.001:hs_sh:cal1:id0:fit_path:vm256:wd0.0:pipe_flag:mask0.5:mr0.0:mg0.0:mo1.0,42,all,0.9292465820851636,0.9438553963412818,0.9014254847127472,0.9323425500677185,1.105153332835008,1.0684397873093783,0.9358927232840241
b1:v2:h12:tr_4rt:ed_logit:geo1:dyn1:lw_obj:enc_mlp:sp_none:hd_sh:dec_leg:nz_glob:us_none:z16:w64:ep100:pat30:bs8:m128:lr0.001:hs_sh:cal1:id0:fit_path:vm256:wd0.0:pipe_flag:mask0.5:mr0.0:mg0.0:mo1.0,42,states_dc,0.9439921709320775,0.9682212784405294,0.9638928887061488,0.9346971463847493,1.0854991476258562,0.9973589721063284,0.9495165152382409
b1:v2:h12:tr_4rt:ed_logit:geo1:dyn1:lw_obj:enc_mlp:sp_none:hd_sh:dec_leg:nz_glob:us_none:z16:w64:ep100:pat30:bs8:m128:lr0.001:hs_sh:cal1:id0:fit_path:vm256:wd0.0:pipe_flag:mask0.5:mr0.0:mg0.0:mo1.0,43,US,0.8864407503635038,0.7795987854744642,0.6828972446479309,1.028748078502183,1.0177044892925529,0.9134148500422803,0.8811438399390017
b1:v2:h12:tr_4rt:ed_logit:geo1:dyn1:lw_obj:enc_mlp:sp_none:hd_sh:dec_leg:nz_glob:us_none:z16:w64:ep100:pat30:bs8:m128:lr0.001:hs_sh:cal1:id0:fit_path:vm256:wd0.0:pipe_flag:mask0.5:mr0.0:mg0.0:mo1.0,43,all,0.9392813477224619,0.9331004293807992,0.9381313689203838,1.0354268990966078,1.0467047192710237,0.8288221577399619,0.9544401227016609
b1:v2:h12:tr_4rt:ed_logit:geo1:dyn1:lw_obj:enc_mlp:sp_none:hd_sh:dec_leg:nz_glob:us_none:z16:w64:ep100:pat30:bs8:m128:lr0.001:hs_sh:cal1:id0:fit_path:vm256:wd0.0:pipe_flag:mask0.5:mr0.0:mg0.0:mo1.0,43,states_dc,0.9524914970622013,0.9714758403573828,1.0019398999884968,1.0370966042452139,1.0539547767656412,0.8076739846643823,0.9727641933923256
b1:v2:h12:tr_4rt:ed_logit:geo1:dyn1:lw_obj:enc_mlp:sp_none:hd_sh:dec_leg:nz_glob:us_none:z16:w64:ep100:pat30:bs8:m128:lr0.001:hs_sh:cal1:id0:fit_path:vm256:wd0.0:pipe_flag:mask0.5:mr0.0:mg0.0:mo1.0,44,US,0.9433370386667677,0.9079269490010906,0.6766649163628212,0.883145756772819,0.8694603023504673,0.9180774683987959,0.9713519585989242
b1:v2:h12:tr_4rt:ed_logit:geo1:dyn1:lw_obj:enc_mlp:sp_none:hd_sh:dec_leg:nz_glob:us_none:z16:w64:ep100:pat30:bs8:m128:lr0.001:hs_sh:cal1:id0:fit_path:vm256:wd0.0:pipe_flag:mask0.5:mr0.0:mg0.0:mo1.0,44,all,0.9683010218386635,0.987225834168507,0.9242227827900945,0.9286674673613793,0.9707082272481452,0.8781548226930811,1.002388844875446
b1:v2:h12:tr_4rt:ed_logit:geo1:dyn1:lw_obj:enc_mlp:sp_none:hd_sh:dec_leg:nz_glob:us_none:z16:w64:ep100:pat30:bs8:m128:lr0.001:hs_sh:cal1:id0:fit_path:vm256:wd0.0:pipe_flag:mask0.5:mr0.0:mg0.0:mo1.0,44,states_dc,0.9745420176316372,1.0070505554603608,0.9861122493969129,0.9400478950085195,0.9960202084725643,0.8681741612666525,1.0101480664445763
b1:v2:h12:tr_4rt:ed_logit:geo1:dyn1:lw_obj:enc_mlp:sp_none:hd_sh:dec_leg:nz_glob:us_none:z16:w64:ep100:pat30:bs8:m128:lr0.001:hs_sh:cal1:id0:fit_path:vm256:wd0.0:pipe_flag:mask0.5:mr0.0:mg1.0:mo0.0,42,US,1.021583560935264,0.8117589466585914,0.5228007104339336,1.166499602744863,1.1222600674670409,0.93454873082011,0.8688361196651518
b1:v2:h12:tr_4rt:ed_logit:geo1:dyn1:lw_obj:enc_mlp:sp_none:hd_sh:dec_leg:nz_glob:us_none:z16:w64:ep100:pat30:bs8:m128:lr0.001:hs_sh:cal1:id0:fit_path:vm256:wd0.0:pipe_flag:mask0.5:mr0.0:mg1.0:mo0.0,42,all,1.0482617710499493,0.9315719496440535,0.8365223562032293,1.1628895354293458,1.0648717125225162,0.8216516048881345,0.9435742872268378
b1:v2:h12:tr_4rt:ed_logit:geo1:dyn1:lw_obj:enc_mlp:sp_none:hd_sh:dec_leg:nz_glob:us_none:z16:w64:ep100:pat30:bs8:m128:lr0.001:hs_sh:cal1:id0:fit_path:vm256:wd0.0:pipe_flag:mask0.5:mr0.0:mg1.0:mo0.0,42,states_dc,1.0549313235786204,0.9615252003904191,0.9149527676455531,1.1619870186004662,1.0505246237863848,0.7934273234051405,0.962258829117259
b1:v2:h12:tr_4rt:ed_logit:geo1:dyn1:lw_obj:enc_mlp:sp_none:hd_sh:dec_leg:nz_glob:us_none:z16:w64:ep100:pat30:bs8:m128:lr0.001:hs_sh:cal1:id0:fit_path:vm256:wd0.0:pipe_flag:mask0.5:mr0.0:mg1.0:mo0.0,43,US,1.0023915471648102,0.812652121492087,0.6112416686026794,0.9469463731782677,1.0791290683044779,1.0141127552255078,0.957644957196648
b1:v2:h12:tr_4rt:ed_logit:geo1:dyn1:lw_obj:enc_mlp:sp_none:hd_sh:dec_leg:nz_glob:us_none:z16:w64:ep100:pat30:bs8:m128:lr0.001:hs_sh:cal1:id0:fit_path:vm256:wd0.0:pipe_flag:mask0.5:mr0.0:mg1.0:mo0.0,43,all,1.0172371632571662,0.9532346537697254,0.9161193207555414,0.9982116787299734,1.0477085967953779,0.9125455831599442,0.9984448658568391
b1:v2:h12:tr_4rt:ed_logit:geo1:dyn1:lw_obj:enc_mlp:sp_none:hd_sh:dec_leg:nz_glob:us_none:z16:w64:ep100:pat30:bs8:m128:lr0.001:hs_sh:cal1:id0:fit_path:vm256:wd0.0:pipe_flag:mask0.5:mr0.0:mg1.0:mo0.0,43,states_dc,1.0209485672802552,0.988380286839135,0.9923387337937568,1.0110280051178997,1.039853478918103,0.887153790143553,1.008644843021887
b1:v2:h12:tr_4rt:ed_logit:geo1:dyn1:lw_obj:enc_mlp:sp_none:hd_sh:dec_leg:nz_glob:us_none:z16:w64:ep100:pat30:bs8:m128:lr0.001:hs_sh:cal1:id0:fit_path:vm256:wd0.0:pipe_flag:mask0.5:mr0.0:mg1.0:mo0.0,44,US,0.9822490930547684,0.9604706109850001,0.7130568575597308,1.073894889235902,1.1644550404285754,0.9987394737018606,0.9363561376327775
b1:v2:h12:tr_4rt:ed_logit:geo1:dyn1:lw_obj:enc_mlp:sp_none:hd_sh:dec_leg:nz_glob:us_none:z16:w64:ep100:pat30:bs8:m128:lr0.001:hs_sh:cal1:id0:fit_path:vm256:wd0.0:pipe_flag:mask0.5:mr0.0:mg1.0:mo0.0,44,all,1.0095415959189207,1.0325613818948902,0.9670871084751765,1.0739670877698502,1.1091583040885682,0.962455773233064,0.9829983710522957
b1:v2:h12:tr_4rt:ed_logit:geo1:dyn1:lw_obj:enc_mlp:sp_none:hd_sh:dec_leg:nz_glob:us_none:z16:w64:ep100:pat30:bs8:m128:lr0.001:hs_sh:cal1:id0:fit_path:vm256:wd0.0:pipe_flag:mask0.5:mr0.0:mg1.0:mo0.0,44,states_dc,1.0163647216349585,1.0505840746223627,1.0305946712040381,1.073985137403337,1.095334120003566,0.9533848481158648,0.9946589294071754
b1:v2:h12:tr_4rt:ed_logit:geo1:dyn1:lw_obj:enc_mlp:sp_none:hd_sh:dec_leg:nz_glob:us_none:z16:w64:ep100:pat30:bs8:m128:lr0.001:hs_sh:cal1:id0:fit_path:vm256:wd0.0:pipe_flag:mask0.5:mr0.5:mg0.3:mo0.2,42,US,0.8376728232939842,0.7782903122250792,0.5386751809639473,0.8534259430989958,0.8047939512823938,0.8091903869767537,0.8018562212917901
b1:v2:h12:tr_4rt:ed_logit:geo1:dyn1:lw_obj:enc_mlp:sp_none:hd_sh:dec_leg:nz_glob:us_none:z16:w64:ep100:pat30:bs8:m128:lr0.001:hs_sh:cal1:id0:fit_path:vm256:wd0.0:pipe_flag:mask0.5:mr0.5:mg0.3:mo0.2,42,all,0.915463874371247,0.9126620213077945,0.8513374683957808,0.9124186425398046,0.978039899386048,0.7875399650481588,0.9048068747706499
b1:v2:h12:tr_4rt:ed_logit:geo1:dyn1:lw_obj:enc_mlp:sp_none:hd_sh:dec_leg:nz_glob:us_none:z16:w64:ep100:pat30:bs8:m128:lr0.001:hs_sh:cal1:id0:fit_path:vm256:wd0.0:pipe_flag:mask0.5:mr0.5:mg0.3:mo0.2,42,states_dc,0.9349116371405625,0.9462549485784731,0.9295030402537392,0.9271668174000068,1.0213513864119614,0.7821273595660101,0.9305445381403646
b1:v2:h12:tr_4rt:ed_logit:geo1:dyn1:lw_obj:enc_mlp:sp_none:hd_sh:dec_leg:nz_glob:us_none:z16:w64:ep100:pat30:bs8:m128:lr0.001:hs_sh:cal1:id0:fit_path:vm256:wd0.0:pipe_flag:mask0.5:mr0.5:mg0.3:mo0.2,43,US,0.8974413777308254,0.7549679904054684,0.6371945836566595,0.9396391973631337,0.9365255107141431,0.8316572916232388,0.8362695357186333
b1:v2:h12:tr_4rt:ed_logit:geo1:dyn1:lw_obj:enc_mlp:sp_none:hd_sh:dec_leg:nz_glob:us_none:z16:w64:ep100:pat30:bs8:m128:lr0.001:hs_sh:cal1:id0:fit_path:vm256:wd0.0:pipe_flag:mask0.5:mr0.5:mg0.3:mo0.2,43,all,0.9614727074528083,0.9586248362493314,0.8935388559589825,0.9759192014879565,0.9983439680903728,0.7890937528847837,0.9377006492903454
b1:v2:h12:tr_4rt:ed_logit:geo1:dyn1:lw_obj:enc_mlp:sp_none:hd_sh:dec_leg:nz_glob:us_none:z16:w64:ep100:pat30:bs8:m128:lr0.001:hs_sh:cal1:id0:fit_path:vm256:wd0.0:pipe_flag:mask0.5:mr0.5:mg0.3:mo0.2,43,states_dc,0.9774805398833041,1.0095390477102972,0.9576249240345631,0.9849892025191621,1.01379858243443,0.7784528682001701,0.9630584276832733
b1:v2:h12:tr_4rt:ed_logit:geo1:dyn1:lw_obj:enc_mlp:sp_none:hd_sh:dec_leg:nz_glob:us_none:z16:w64:ep100:pat30:bs8:m128:lr0.001:hs_sh:cal1:id0:fit_path:vm256:wd0.0:pipe_flag:mask0.5:mr0.5:mg0.3:mo0.2,44,US,0.9212089724243314,0.9476357957547707,0.6609780949474778,1.0179410959857709,0.7086986849146731,1.1329214003470232,0.9862467254365525
b1:v2:h12:tr_4rt:ed_logit:geo1:dyn1:lw_obj:enc_mlp:sp_none:hd_sh:dec_leg:nz_glob:us_none:z16:w64:ep100:pat30:bs8:m128:lr0.001:hs_sh:cal1:id0:fit_path:vm256:wd0.0:pipe_flag:mask0.5:mr0.5:mg0.3:mo0.2,44,all,0.966950130725979,1.009953538371621,0.9404118926832261,1.0443304708934937,0.9150596524603032,0.9487677348647424,1.0128726700825341
b1:v2:h12:tr_4rt:ed_logit:geo1:dyn1:lw_obj:enc_mlp:sp_none:hd_sh:dec_leg:nz_glob:us_none:z16:w64:ep100:pat30:bs8:m128:lr0.001:hs_sh:cal1:id0:fit_path:vm256:wd0.0:pipe_flag:mask0.5:mr0.5:mg0.3:mo0.2,44,states_dc,0.9783854203013909,1.0255329740258334,1.0102703421171628,1.0509278146204246,0.9666498943467108,0.9027293184941722,1.0195291562440296
b1:v2:h12:tr_4rt:ed_logit:geo1:dyn1:lw_obj:enc_mlp:sp_none:hd_sh:dec_leg:nz_glob:us_none:z16:w64:ep100:pat30:bs8:m128:lr0.001:hs_sh:cal1:id0:fit_path:vm256:wd0.0:pipe_flag:mask0.5:mr1.0:mg0.0:mo0.0,42,US,0.8728610934870656,1.0575181810859333,0.7796205905541981,0.8746024735245459,0.9675171986692417,1.0763078934678598,0.9557633626782239
b1:v2:h12:tr_4rt:ed_logit:geo1:dyn1:lw_obj:enc_mlp:sp_none:hd_sh:dec_leg:nz_glob:us_none:z16:w64:ep100:pat30:bs8:m128:lr0.001:hs_sh:cal1:id0:fit_path:vm256:wd0.0:pipe_flag:mask0.5:mr1.0:mg0.0:mo0.0,42,all,0.9366239776567814,1.0690650788025553,0.9714072307900021,0.9322314563114029,0.9873230034893874,0.9764245214109667,0.9890586975458883
b1:v2:h12:tr_4rt:ed_logit:geo1:dyn1:lw_obj:enc_mlp:sp_none:hd_sh:dec_leg:nz_glob:us_none:z16:w64:ep100:pat30:bs8:m128:lr0.001:hs_sh:cal1:id0:fit_path:vm256:wd0.0:pipe_flag:mask0.5:mr1.0:mg0.0:mo0.0,42,states_dc,0.9525646986992102,1.0719518032317104,1.019353890848953,0.9466387020081171,0.9922744546944235,0.9514536783967436,0.9973825312628041
b1:v2:h12:tr_4rt:ed_logit:geo1:dyn1:lw_obj:enc_mlp:sp_none:hd_sh:dec_leg:nz_glob:us_none:z16:w64:ep100:pat30:bs8:m128:lr0.001:hs_sh:cal1:id0:fit_path:vm256:wd0.0:pipe_flag:mask0.5:mr1.0:mg0.0:mo0.0,43,US,1.0006088218673101,0.9514420712308251,1.164172712196965,1.0604671125768237,0.8606224552691076,1.5657138816655427,1.0492678695120654
b1:v2:h12:tr_4rt:ed_logit:geo1:dyn1:lw_obj:enc_mlp:sp_none:hd_sh:dec_leg:nz_glob:us_none:z16:w64:ep100:pat30:bs8:m128:lr0.001:hs_sh:cal1:id0:fit_path:vm256:wd0.0:pipe_flag:mask0.5:mr1.0:mg0.0:mo0.0,43,all,1.0498059855395787,1.0329694921677286,1.2361321734255974,1.0846586219273233,0.9634778188235906,1.272863279928033,1.0736373800105528
b1:v2:h12:tr_4rt:ed_logit:geo1:dyn1:lw_obj:enc_mlp:sp_none:hd_sh:dec_leg:nz_glob:us_none:z16:w64:ep100:pat30:bs8:m128:lr0.001:hs_sh:cal1:id0:fit_path:vm256:wd0.0:pipe_flag:mask0.5:mr1.0:mg0.0:mo0.0,43,states_dc,1.062105276457646,1.0533513474019545,1.2541220387327554,1.090706499264948,0.9891916597122112,1.1996506294936553,1.0797297576351748
b1:v2:h12:tr_4rt:ed_logit:geo1:dyn1:lw_obj:enc_mlp:sp_none:hd_sh:dec_leg:nz_glob:us_none:z16:w64:ep100:pat30:bs8:m128:lr0.001:hs_sh:cal1:id0:fit_path:vm256:wd0.0:pipe_flag:mask0.5:mr1.0:mg0.0:mo0.0,44,US,0.9293443173824264,0.9649426512364949,0.7090161257958536,1.1315079648476012,1.1725267978238558,0.9803595803695067,0.966564815798499
b1:v2:h12:tr_4rt:ed_logit:geo1:dyn1:lw_obj:enc_mlp:sp_none:hd_sh:dec_leg:nz_glob:us_none:z16:w64:ep100:pat30:bs8:m128:lr0.001:hs_sh:cal1:id0:fit_path:vm256:wd0.0:pipe_flag:mask0.5:mr1.0:mg0.0:mo0.0,44,all,0.9790767483824799,1.015534605825367,0.961060058269289,1.1351220950675165,1.1323470971778828,0.8918145383257161,1.0013176383495062
b1:v2:h12:tr_4rt:ed_logit:geo1:dyn1:lw_obj:enc_mlp:sp_none:hd_sh:dec_leg:nz_glob:us_none:z16:w64:ep100:pat30:bs8:m128:lr0.001:hs_sh:cal1:id0:fit_path:vm256:wd0.0:pipe_flag:mask0.5:mr1.0:mg0.0:mo0.0,44,states_dc,0.9915098561324932,1.028182594472585,1.024071041387648,1.1360256276224954,1.1223021720163893,0.8696782778147685,1.0100058439872577
b1:v2:h12:tr_4rt:ed_logit:geo1:dyn1:lw_obj:enc_mlp:sp_none:hd_sh:dec_leg:nz_glob:us_none:z16:w64:ep100:pat30:bs8:m128:lr0.001:hs_sh:cal1:id0:fit_path:vm256:wd0.0:pipe_two:mask0.5:mr0.5:mg0.3:mo0.2,42,US,0.9146631979636565,1.2397937737338744,0.7937049896007584,0.8880704124795992,2.083531379428773,0.8837939211299489,1.0739885802185152
b1:v2:h12:tr_4rt:ed_logit:geo1:dyn1:lw_obj:enc_mlp:sp_none:hd_sh:dec_leg:nz_glob:us_none:z16:w64:ep100:pat30:bs8:m128:lr0.001:hs_sh:cal1:id0:fit_path:vm256:wd0.0:pipe_two:mask0.5:mr0.5:mg0.3:mo0.2,42,all,0.9786117049406275,1.2235442351276609,0.9580457713931333,0.9858723893395693,1.515815809821617,0.7902748093549512,1.082181195653952
b1:v2:h12:tr_4rt:ed_logit:geo1:dyn1:lw_obj:enc_mlp:sp_none:hd_sh:dec_leg:nz_glob:us_none:z16:w64:ep100:pat30:bs8:m128:lr0.001:hs_sh:cal1:id0:fit_path:vm256:wd0.0:pipe_two:mask0.5:mr0.5:mg0.3:mo0.2,42,states_dc,0.9945988316848703,1.2194818504761074,0.9991309668412267,1.0103228835545617,1.3738869174198278,0.766895031411202,1.084229349512811
b1:v2:h12:tr_4rt:ed_logit:geo1:dyn1:lw_obj:enc_mlp:sp_none:hd_sh:dec_leg:nz_glob:us_none:z16:w64:ep100:pat30:bs8:m128:lr0.001:hs_sh:cal1:id0:fit_path:vm256:wd0.0:pipe_two:mask0.5:mr0.5:mg0.3:mo0.2,43,US,1.003624681092136,1.4700894818631045,0.6431426264928088,0.9035445951378877,2.893023540279673,0.8031859959872032,1.1700484556012642
b1:v2:h12:tr_4rt:ed_logit:geo1:dyn1:lw_obj:enc_mlp:sp_none:hd_sh:dec_leg:nz_glob:us_none:z16:w64:ep100:pat30:bs8:m128:lr0.001:hs_sh:cal1:id0:fit_path:vm256:wd0.0:pipe_two:mask0.5:mr0.5:mg0.3:mo0.2,43,all,1.0170705005054281,1.3386458820229572,0.8559887774921671,1.0031891043120453,2.061370922224208,0.780493982174516,1.131404587134458
b1:v2:h12:tr_4rt:ed_logit:geo1:dyn1:lw_obj:enc_mlp:sp_none:hd_sh:dec_leg:nz_glob:us_none:z16:w64:ep100:pat30:bs8:m128:lr0.001:hs_sh:cal1:id0:fit_path:vm256:wd0.0:pipe_two:mask0.5:mr0.5:mg0.3:mo0.2,43,states_dc,1.0204319553587509,1.3057849820629204,0.9092003152420064,1.0281002316055843,1.853457767710341,0.7748209787213443,1.121743620017756
b1:v2:h12:tr_4rt:ed_logit:geo1:dyn1:lw_obj:enc_mlp:sp_none:hd_sh:dec_leg:nz_glob:us_none:z16:w64:ep100:pat30:bs8:m128:lr0.001:hs_sh:cal1:id0:fit_path:vm256:wd0.0:pipe_two:mask0.5:mr0.5:mg0.3:mo0.2,44,US,1.187327726337217,0.9587433436936152,0.5753928662470226,1.1235064643670787,1.0845349796874233,1.0027715249672042,1.0537593805168688
b1:v2:h12:tr_4rt:ed_logit:geo1:dyn1:lw_obj:enc_mlp:sp_none:hd_sh:dec_leg:nz_glob:us_none:z16:w64:ep100:pat30:bs8:m128:lr0.001:hs_sh:cal1:id0:fit_path:vm256:wd0.0:pipe_two:mask0.5:mr0.5:mg0.3:mo0.2,44,all,1.1984529286277104,1.0001514050610805,0.8246343538627174,1.1574355712356619,1.018840839480163,0.859984583347043,1.0970938559342793
b1:v2:h12:tr_4rt:ed_logit:geo1:dyn1:lw_obj:enc_mlp:sp_none:hd_sh:dec_leg:nz_glob:us_none:z16:w64:ep100:pat30:bs8:m128:lr0.001:hs_sh:cal1:id0:fit_path:vm256:wd0.0:pipe_two:mask0.5:mr0.5:mg0.3:mo0.2,44,states_dc,1.2012342292003335,1.0105034204029466,0.8869447257666411,1.1659178479528074,1.0024173044283478,0.8242878479420025,1.1079274747886318
b1:v2:h12:tr_4rt:ed_logit:geo1:dyn1:lw_obj:enc_mlp:sp_none:hd_sh:dec_leg:nz_glob:us_none:z16:w64:ep100:pat30:bs8:m128:lr0.001:hs_sh:cal1:id0:fit_targ:vm256:wd0.0:pipe_aux025:mask0.5:mr0.0:mg0.0:mo1.0,42,US,0.8285563655142499,0.7751051298246161,0.8760903667971873,0.9467895823279581,0.9418216755378861,1.148629906700797,0.8586287047105307
b1:v2:h12:tr_4rt:ed_logit:geo1:dyn1:lw_obj:enc_mlp:sp_none:hd_sh:dec_leg:nz_glob:us_none:z16:w64:ep100:pat30:bs8:m128:lr0.001:hs_sh:cal1:id0:fit_targ:vm256:wd0.0:pipe_aux025:mask0.5:mr0.0:mg0.0:mo1.0,42,all,0.928077361984938,0.8902199986417312,1.0349571811860316,0.981121826965102,0.9631588539165623,0.9399850954679367,0.9377055287002967
b1:v2:h12:tr_4rt:ed_logit:geo1:dyn1:lw_obj:enc_mlp:sp_none:hd_sh:dec_leg:nz_glob:us_none:z16:w64:ep100:pat30:bs8:m128:lr0.001:hs_sh:cal1:id0:fit_targ:vm256:wd0.0:pipe_aux025:mask0.5:mr0.0:mg0.0:mo1.0,42,states_dc,0.9529576111026099,0.9189987158460098,1.0746738847832424,0.989704888124388,0.9684931485112312,0.8878238926597217,0.9574747346977381
b1:v2:h12:tr_4rt:ed_logit:geo1:dyn1:lw_obj:enc_mlp:sp_none:hd_sh:dec_leg:nz_glob:us_none:z16:w64:ep100:pat30:bs8:m128:lr0.001:hs_sh:cal1:id0:fit_targ:vm256:wd0.0:pipe_aux025:mask0.5:mr0.0:mg0.0:mo1.0,43,US,1.0857545377064872,0.8897684866927988,0.7824606771152193,1.1349408712815443,1.0541300112304266,1.1342830941013546,0.9688905435391444
b1:v2:h12:tr_4rt:ed_logit:geo1:dyn1:lw_obj:enc_mlp:sp_none:hd_sh:dec_leg:nz_glob:us_none:z16:w64:ep100:pat30:bs8:m128:lr0.001:hs_sh:cal1:id0:fit_targ:vm256:wd0.0:pipe_aux025:mask0.5:mr0.0:mg0.0:mo1.0,43,all,1.0837335591311723,0.9663056039442999,0.9656008707745161,1.181156727905761,1.0291211244145222,0.9651308297381958,1.0232054922895102
b1:v2:h12:tr_4rt:ed_logit:geo1:dyn1:lw_obj:enc_mlp:sp_none:hd_sh:dec_leg:nz_glob:us_none:z16:w64:ep100:pat30:bs8:m128:lr0.001:hs_sh:cal1:id0:fit_targ:vm256:wd0.0:pipe_aux025:mask0.5:mr0.0:mg0.0:mo1.0,43,states_dc,1.0832283144873436,0.9854398832571749,1.01138591918934,1.1927106920618151,1.0228689027105458,0.9228427636474061,1.0367842294771015
b1:v2:h12:tr_4rt:ed_logit:geo1:dyn1:lw_obj:enc_mlp:sp_none:hd_sh:dec_leg:nz_glob:us_none:z16:w64:ep100:pat30:bs8:m128:lr0.001:hs_sh:cal1:id0:fit_targ:vm256:wd0.0:pipe_aux025:mask0.5:mr0.0:mg0.0:mo1.0,44,US,1.1222931969007153,1.046347113931365,0.6508740539354428,0.9173787199461106,1.1271278847769035,1.061899422610783,1.1168179709713544
b1:v2:h12:tr_4rt:ed_logit:geo1:dyn1:lw_obj:enc_mlp:sp_none:hd_sh:dec_leg:nz_glob:us_none:z16:w64:ep100:pat30:bs8:m128:lr0.001:hs_sh:cal1:id0:fit_targ:vm256:wd0.0:pipe_aux025:mask0.5:mr0.0:mg0.0:mo1.0,44,all,1.1120229276278195,1.0662550666384738,0.9335105946595043,0.9432653488906484,1.042310604230469,0.9224836081433333,1.113138624531624
b1:v2:h12:tr_4rt:ed_logit:geo1:dyn1:lw_obj:enc_mlp:sp_none:hd_sh:dec_leg:nz_glob:us_none:z16:w64:ep100:pat30:bs8:m128:lr0.001:hs_sh:cal1:id0:fit_targ:vm256:wd0.0:pipe_aux025:mask0.5:mr0.0:mg0.0:mo1.0,44,states_dc,1.1094553603095954,1.0712320548152505,1.0041697298405194,0.9497370061267829,1.02110628409386,0.8876296545264707,1.1122187879216912
b1:v2:h12:tr_4rt:ed_logit:geo1:dyn1:lw_obj:enc_mlp:sp_none:hd_sh:dec_leg:nz_glob:us_none:z16:w64:ep100:pat30:bs8:m128:lr0.001:hs_sh:cal1:id0:fit_targ:vm256:wd0.0:pipe_aux025:mask0.5:mr0.5:mg0.3:mo0.2,42,US,0.8229641057470857,0.8709084076315323,0.6751953929332662,0.8711497508557683,0.8310093998872367,1.4797427519218318,0.8770863421506022
b1:v2:h12:tr_4rt:ed_logit:geo1:dyn1:lw_obj:enc_mlp:sp_none:hd_sh:dec_leg:nz_glob:us_none:z16:w64:ep100:pat30:bs8:m128:lr0.001:hs_sh:cal1:id0:fit_targ:vm256:wd0.0:pipe_aux025:mask0.5:mr0.5:mg0.3:mo0.2,42,all,0.9137421669706333,0.9652793337034606,0.9173956147345624,0.9355109567601921,0.9310731715941026,1.1643073845212564,0.9542025321597052
b1:v2:h12:tr_4rt:ed_logit:geo1:dyn1:lw_obj:enc_mlp:sp_none:hd_sh:dec_leg:nz_glob:us_none:z16:w64:ep100:pat30:bs8:m128:lr0.001:hs_sh:cal1:id0:fit_targ:vm256:wd0.0:pipe_aux025:mask0.5:mr0.5:mg0.3:mo0.2,42,states_dc,0.9364366822765199,0.9888720652214424,0.9779456701848864,0.9516012582362982,0.9560891145208189,1.0854485426711127,0.9734815796619808
b1:v2:h12:tr_4rt:ed_logit:geo1:dyn1:lw_obj:enc_mlp:sp_none:hd_sh:dec_leg:nz_glob:us_none:z16:w64:ep100:pat30:bs8:m128:lr0.001:hs_sh:cal1:id0:fit_targ:vm256:wd0.0:pipe_aux025:mask0.5:mr0.5:mg0.3:mo0.2,43,US,0.8931956404749876,0.9112093501755659,1.013907197097002,0.863136358578297,0.8649344170235101,1.469761781137619,0.9247496100194711
b1:v2:h12:tr_4rt:ed_logit:geo1:dyn1:lw_obj:enc_mlp:sp_none:hd_sh:dec_leg:nz_glob:us_none:z16:w64:ep100:pat30:bs8:m128:lr0.001:hs_sh:cal1:id0:fit_targ:vm256:wd0.0:pipe_aux025:mask0.5:mr0.5:mg0.3:mo0.2,43,all,0.9598135267141229,0.9760655417257666,1.2347935310911653,0.9421293126361954,0.9306260380467728,1.1778696962840303,0.9887227337408184
b1:v2:h12:tr_4rt:ed_logit:geo1:dyn1:lw_obj:enc_mlp:sp_none:hd_sh:dec_leg:nz_glob:us_none:z16:w64:ep100:pat30:bs8:m128:lr0.001:hs_sh:cal1:id0:fit_targ:vm256:wd0.0:pipe_aux025:mask0.5:mr0.5:mg0.3:mo0.2,43,states_dc,0.9764679982739065,0.9922795896133167,1.290015114589706,0.9618775511506698,0.9470489433025882,1.104896675070633,1.0047160146711553
b1:v2:h12:tr_4rt:ed_logit:geo1:dyn1:lw_obj:enc_mlp:sp_none:hd_sh:dec_leg:nz_glob:us_none:z16:w64:ep100:pat30:bs8:m128:lr0.001:hs_sh:cal1:id0:fit_targ:vm256:wd0.0:pipe_aux025:mask0.5:mr0.5:mg0.3:mo0.2,44,US,0.9602387558840347,0.9041458686489783,0.775498668045619,0.7321144024939996,1.1148009471783402,1.270968204962538,0.9926153449317702
b1:v2:h12:tr_4rt:ed_logit:geo1:dyn1:lw_obj:enc_mlp:sp_none:hd_sh:dec_leg:nz_glob:us_none:z16:w64:ep100:pat30:bs8:m128:lr0.001:hs_sh:cal1:id0:fit_targ:vm256:wd0.0:pipe_aux025:mask0.5:mr0.5:mg0.3:mo0.2,44,all,0.9993649687365158,0.9675225726043327,0.9673793447020164,0.8471543244931676,1.0385276437753086,1.0508618689142062,1.011595985045347
b1:v2:h12:tr_4rt:ed_logit:geo1:dyn1:lw_obj:enc_mlp:sp_none:hd_sh:dec_leg:nz_glob:us_none:z16:w64:ep100:pat30:bs8:m128:lr0.001:hs_sh:cal1:id0:fit_targ:vm256:wd0.0:pipe_aux025:mask0.5:mr0.5:mg0.3:mo0.2,44,states_dc,1.0091465219496358,0.983366748593171,1.0153495138661155,0.8759143049929593,1.0194593179245506,0.9958352849021234,1.0163411450737414
b1:v2:h12:tr_4rt:ed_logit:geo1:dyn1:lw_obj:enc_mlp:sp_none:hd_sh:dec_leg:nz_glob:us_none:z16:w64:ep100:pat30:bs8:m128:lr0.001:hs_sh:cal1:id0:fit_targ:vm256:wd0.0:pipe_direct:mask0.5:mr0.5:mg0.3:mo0.2,42,US,0.899996227981612,0.9025517881840844,0.9221612664296551,1.0024483971159908,1.0771631320482042,1.1127007979761903,0.9765402377723175
b1:v2:h12:tr_4rt:ed_logit:geo1:dyn1:lw_obj:enc_mlp:sp_none:hd_sh:dec_leg:nz_glob:us_none:z16:w64:ep100:pat30:bs8:m128:lr0.001:hs_sh:cal1:id0:fit_targ:vm256:wd0.0:pipe_direct:mask0.5:mr0.5:mg0.3:mo0.2,42,all,0.9483128018158578,0.9504905004417092,1.016938447823912,1.0561378139671427,0.9878740557579883,0.9526435643776895,0.9938400866164617
b1:v2:h12:tr_4rt:ed_logit:geo1:dyn1:lw_obj:enc_mlp:sp_none:hd_sh:dec_leg:nz_glob:us_none:z16:w64:ep100:pat30:bs8:m128:lr0.001:hs_sh:cal1:id0:fit_targ:vm256:wd0.0:pipe_direct:mask0.5:mr0.5:mg0.3:mo0.2,42,states_dc,0.9603919452744191,0.9624751785061153,1.0406327431724762,1.0695601681799305,0.9655517866854341,0.9126292559780643,0.9981650488274977
b1:v2:h12:tr_4rt:ed_logit:geo1:dyn1:lw_obj:enc_mlp:sp_none:hd_sh:dec_leg:nz_glob:us_none:z16:w64:ep100:pat30:bs8:m128:lr0.001:hs_sh:cal1:id0:fit_targ:vm256:wd0.0:pipe_direct:mask0.5:mr0.5:mg0.3:mo0.2,43,US,0.995538411346781,0.9098691768723586,0.5882398970778663,1.220828121954054,1.2325209155566499,0.7688648622682435,1.020526917233463
b1:v2:h12:tr_4rt:ed_logit:geo1:dyn1:lw_obj:enc_mlp:sp_none:hd_sh:dec_leg:nz_glob:us_none:z16:w64:ep100:pat30:bs8:m128:lr0.001:hs_sh:cal1:id0:fit_targ:vm256:wd0.0:pipe_direct:mask0.5:mr0.5:mg0.3:mo0.2,43,all,1.0114234284292243,0.9671286221096568,0.8763612582771381,1.1888000841608226,1.083299024293634,0.7683443250407034,1.0399429271359175
b1:v2:h12:tr_4rt:ed_logit:geo1:dyn1:lw_obj:enc_mlp:sp_none:hd_sh:dec_leg:nz_glob:us_none:z16:w64:ep100:pat30:bs8:m128:lr0.001:hs_sh:cal1:id0:fit_targ:vm256:wd0.0:pipe_direct:mask0.5:mr0.5:mg0.3:mo0.2,43,states_dc,1.015394682699835,0.9814434834189814,0.9483915985769559,1.1807930747125148,1.0459935514778798,0.7682141907338184,1.0447969296115311
b1:v2:h12:tr_4rt:ed_logit:geo1:dyn1:lw_obj:enc_mlp:sp_none:hd_sh:dec_leg:nz_glob:us_none:z16:w64:ep100:pat30:bs8:m128:lr0.001:hs_sh:cal1:id0:fit_targ:vm256:wd0.0:pipe_direct:mask0.5:mr0.5:mg0.3:mo0.2,44,US,1.0635294702750893,0.8205576698413823,0.7436003410579033,0.7238307790879618,0.9604027837259269,0.7503726680705891,1.0526623605033134
b1:v2:h12:tr_4rt:ed_logit:geo1:dyn1:lw_obj:enc_mlp:sp_none:hd_sh:dec_leg:nz_glob:us_none:z16:w64:ep100:pat30:bs8:m128:lr0.001:hs_sh:cal1:id0:fit_targ:vm256:wd0.0:pipe_direct:mask0.5:mr0.5:mg0.3:mo0.2,44,all,1.0541107405463306,0.9120273019482799,1.002614271062462,0.8618318430353265,0.9502117113196351,0.7698377713991459,1.0520625897458526
b1:v2:h12:tr_4rt:ed_logit:geo1:dyn1:lw_obj:enc_mlp:sp_none:hd_sh:dec_leg:nz_glob:us_none:z16:w64:ep100:pat30:bs8:m128:lr0.001:hs_sh:cal1:id0:fit_targ:vm256:wd0.0:pipe_direct:mask0.5:mr0.5:mg0.3:mo0.2,44,states_dc,1.0517560581141407,0.9348947099750041,1.067367753563601,0.8963321090221674,0.9476639432180621,0.774704047231285,1.0519126470564872
b1:v2:h12:tr_4rt:ed_logit:geo1:dyn1:lw_obj:enc_mlp:sp_none:hd_sh:dec_leg:nz_glob:us_none:z16:w64:ep100:pat30:bs8:m128:lr0.001:hs_sh:cal1:id0:fit_targ:vm256:wd0.0:pipe_flag:mask0.0:mr0.5:mg0.3:mo0.2,42,US,0.9068906039052997,1.0028540456788675,0.5668515977119749,0.9509691741336811,1.2668897260005536,0.8945509074105938,0.9517253171405983
b1:v2:h12:tr_4rt:ed_logit:geo1:dyn1:lw_obj:enc_mlp:sp_none:hd_sh:dec_leg:nz_glob:us_none:z16:w64:ep100:pat30:bs8:m128:lr0.001:hs_sh:cal1:id0:fit_targ:vm256:wd0.0:pipe_flag:mask0.0:mr0.5:mg0.3:mo0.2,42,all,0.9785926813788522,1.0336940308969282,0.8623603681062586,1.0129180151203345,1.1284289112946402,0.8100743130090158,0.9932262567585083
b1:v2:h12:tr_4rt:ed_logit:geo1:dyn1:lw_obj:enc_mlp:sp_none:hd_sh:dec_leg:nz_glob:us_none:z16:w64:ep100:pat30:bs8:m128:lr0.001:hs_sh:cal1:id0:fit_targ:vm256:wd0.0:pipe_flag:mask0.0:mr0.5:mg0.3:mo0.2,42,states_dc,0.9965182007472402,1.0414040272014433,0.9362375607048294,1.028405225366998,1.0938137076181613,0.7889551644086211,1.0036014916629854
b1:v2:h12:tr_4rt:ed_logit:geo1:dyn1:lw_obj:enc_mlp:sp_none:hd_sh:dec_leg:nz_glob:us_none:z16:w64:ep100:pat30:bs8:m128:lr0.001:hs_sh:cal1:id0:fit_targ:vm256:wd0.0:pipe_flag:mask0.0:mr0.5:mg0.3:mo0.2,43,US,0.8482720529851978,0.8361872694604469,0.7724702965685109,0.874308369094739,1.2364141434089442,0.925624038290444,0.8636945000149844
b1:v2:h12:tr_4rt:ed_logit:geo1:dyn1:lw_obj:enc_mlp:sp_none:hd_sh:dec_leg:nz_glob:us_none:z16:w64:ep100:pat30:bs8:m128:lr0.001:hs_sh:cal1:id0:fit_targ:vm256:wd0.0:pipe_flag:mask0.0:mr0.5:mg0.3:mo0.2,43,all,0.9242914255514281,0.9229292295128124,1.0221425371773356,0.9383102677576429,1.0455657105084262,0.8229271199078723,0.9377331450421519
b1:v2:h12:tr_4rt:ed_logit:geo1:dyn1:lw_obj:enc_mlp:sp_none:hd_sh:dec_leg:nz_glob:us_none:z16:w64:ep100:pat30:bs8:m128:lr0.001:hs_sh:cal1:id0:fit_targ:vm256:wd0.0:pipe_flag:mask0.0:mr0.5:mg0.3:mo0.2,43,states_dc,0.9432962686929854,0.9446147195259036,1.0845605973295416,0.9543107424233688,0.9978536022832967,0.7972528903122296,0.9562428062989435
b1:v2:h12:tr_4rt:ed_logit:geo1:dyn1:lw_obj:enc_mlp:sp_none:hd_sh:dec_leg:nz_glob:us_none:z16:w64:ep100:pat30:bs8:m128:lr0.001:hs_sh:cal1:id0:fit_targ:vm256:wd0.0:pipe_flag:mask0.0:mr0.5:mg0.3:mo0.2,44,US,0.8306954616590886,0.8455145437804774,0.7352097081291904,0.7285059076581303,0.9562347400385185,0.8715336977718287,0.8384645447299138
b1:v2:h12:tr_4rt:ed_logit:geo1:dyn1:lw_obj:enc_mlp:sp_none:hd_sh:dec_leg:nz_glob:us_none:z16:w64:ep100:pat30:bs8:m128:lr0.001:hs_sh:cal1:id0:fit_targ:vm256:wd0.0:pipe_flag:mask0.0:mr0.5:mg0.3:mo0.2,44,all,0.9146081077779277,0.9582007921804436,0.9438621025537094,0.8611067869463496,0.9572438959196108,0.7997008035843546,0.9281561940571644
b1:v2:h12:tr_4rt:ed_logit:geo1:dyn1:lw_obj:enc_mlp:sp_none:hd_sh:dec_leg:nz_glob:us_none:z16:w64:ep100:pat30:bs8:m128:lr0.001:hs_sh:cal1:id0:fit_targ:vm256:wd0.0:pipe_flag:mask0.0:mr0.5:mg0.3:mo0.2,44,states_dc,0.9355862693076373,0.9863723542804353,0.9960252011598391,0.8942570067684044,0.9574961848898838,0.781742580037486,0.950579106388977
b1:v2:h12:tr_4rt:ed_logit:geo1:dyn1:lw_obj:enc_mlp:sp_none:hd_sh:dec_leg:nz_glob:us_none:z16:w64:ep100:pat30:bs8:m128:lr0.001:hs_sh:cal1:id0:fit_targ:vm256:wd0.0:pipe_flag:mask0.25:mr0.5:mg0.3:mo0.2,42,US,0.7712657331852787,0.9187409125372894,0.8822253078446096,0.8095789954459027,1.0181669765993888,1.2270674266000399,0.8712580988385543
b1:v2:h12:tr_4rt:ed_logit:geo1:dyn1:lw_obj:enc_mlp:sp_none:hd_sh:dec_leg:nz_glob:us_none:z16:w64:ep100:pat30:bs8:m128:lr0.001:hs_sh:cal1:id0:fit_targ:vm256:wd0.0:pipe_flag:mask0.25:mr0.5:mg0.3:mo0.2,42,all,0.8666105126929059,0.9638122361767587,1.0408199946024694,0.9268009413261948,0.9532881844907968,1.0000098016487886,0.9244779990356861
b1:v2:h12:tr_4rt:ed_logit:geo1:dyn1:lw_obj:enc_mlp:sp_none:hd_sh:dec_leg:nz_glob:us_none:z16:w64:ep100:pat30:bs8:m128:lr0.001:hs_sh:cal1:id0:fit_targ:vm256:wd0.0:pipe_flag:mask0.25:mr0.5:mg0.3:mo0.2,42,states_dc,0.8904467075698125,0.975080067086626,1.0804686662919343,0.9561064277962676,0.9370684864636486,0.9432453954109756,0.9377829740849689
b1:v2:h12:tr_4rt:ed_logit:geo1:dyn1:lw_obj:enc_mlp:sp_none:hd_sh:dec_leg:nz_glob:us_none:z16:w64:ep100:pat30:bs8:m128:lr0.001:hs_sh:cal1:id0:fit_targ:vm256:wd0.0:pipe_flag:mask0.25:mr0.5:mg0.3:mo0.2,43,US,0.8356282270465606,0.8879118809728055,0.9158498630838682,0.8770245815448686,0.9669470717551562,1.0292220372828849,0.9116212883103433
b1:v2:h12:tr_4rt:ed_logit:geo1:dyn1:lw_obj:enc_mlp:sp_none:hd_sh:dec_leg:nz_glob:us_none:z16:w64:ep100:pat30:bs8:m128:lr0.001:hs_sh:cal1:id0:fit_targ:vm256:wd0.0:pipe_flag:mask0.25:mr0.5:mg0.3:mo0.2,43,all,0.9391191842659885,0.9760792355341257,1.1119576113225715,0.936099325920348,0.9817621878129066,0.9312645770201194,0.9950053262851855
b1:v2:h12:tr_4rt:ed_logit:geo1:dyn1:lw_obj:enc_mlp:sp_none:hd_sh:dec_leg:nz_glob:us_none:z16:w64:ep100:pat30:bs8:m128:lr0.001:hs_sh:cal1:id0:fit_targ:vm256:wd0.0:pipe_flag:mask0.25:mr0.5:mg0.3:mo0.2,43,states_dc,0.9649919235708454,0.9981210741744556,1.160984548382247,0.9508680120142177,0.9854659668273441,0.906775211954428,1.0158513357788959
b1:v2:h12:tr_4rt:ed_logit:geo1:dyn1:lw_obj:enc_mlp:sp_none:hd_sh:dec_leg:nz_glob:us_none:z16:w64:ep100:pat30:bs8:m128:lr0.001:hs_sh:cal1:id0:fit_targ:vm256:wd0.0:pipe_flag:mask0.25:mr0.5:mg0.3:mo0.2,44,US,0.8849081286173779,1.0612885005036392,1.2002534998540126,0.6591633755153056,1.208317845558389,0.8663259123475229,1.01741228360539
b1:v2:h12:tr_4rt:ed_logit:geo1:dyn1:lw_obj:enc_mlp:sp_none:hd_sh:dec_leg:nz_glob:us_none:z16:w64:ep100:pat30:bs8:m128:lr0.001:hs_sh:cal1:id0:fit_targ:vm256:wd0.0:pipe_flag:mask0.25:mr0.5:mg0.3:mo0.2,44,all,0.9460055336883091,1.0522357685232975,1.2773658529450018,0.8238926214031879,1.046781923283291,0.8349063035180788,1.0270224912684405
b1:v2:h12:tr_4rt:ed_logit:geo1:dyn1:lw_obj:enc_mlp:sp_none:hd_sh:dec_leg:nz_glob:us_none:z16:w64:ep100:pat30:bs8:m128:lr0.001:hs_sh:cal1:id0:fit_targ:vm256:wd0.0:pipe_flag:mask0.25:mr0.5:mg0.3:mo0.2,44,states_dc,0.9612798849560417,1.049972585528212,1.296643941217749,0.8650749328751582,1.0063979427145162,0.8270514013107179,1.029425043184203
b1:v2:h12:tr_4rt:ed_logit:geo1:dyn1:lw_obj:enc_mlp:sp_none:hd_sh:dec_leg:nz_glob:us_none:z16:w64:ep100:pat30:bs8:m128:lr0.001:hs_sh:cal1:id0:fit_targ:vm256:wd0.0:pipe_flag:mask0.5:mr0.0:mg0.0:mo1.0,42,US,0.9214175383321083,0.8417711988328827,0.6223434355068062,0.9608858421285477,1.027805397814006,1.53084002845399,0.9223801919929234
b1:v2:h12:tr_4rt:ed_logit:geo1:dyn1:lw_obj:enc_mlp:sp_none:hd_sh:dec_leg:nz_glob:us_none:z16:w64:ep100:pat30:bs8:m128:lr0.001:hs_sh:cal1:id0:fit_targ:vm256:wd0.0:pipe_flag:mask0.5:mr0.0:mg0.0:mo1.0,42,all,0.9619756990928526,0.9278757222217475,0.8900142853396072,0.989149923139591,1.0148663585325313,1.1792343241717986,0.955416269943918
b1:v2:h12:tr_4rt:ed_logit:geo1:dyn1:lw_obj:enc_mlp:sp_none:hd_sh:dec_leg:nz_glob:us_none:z16:w64:ep100:pat30:bs8:m128:lr0.001:hs_sh:cal1:id0:fit_targ:vm256:wd0.0:pipe_flag:mask0.5:mr0.0:mg0.0:mo1.0,42,states_dc,0.9721152392830383,0.9494018530689637,0.9569319977978074,0.996215943392352,1.0116315987121622,1.0913328981012507,0.9636752894316665
b1:v2:h12:tr_4rt:ed_logit:geo1:dyn1:lw_obj:enc_mlp:sp_none:hd_sh:dec_leg:nz_glob:us_none:z16:w64:ep100:pat30:bs8:m128:lr0.001:hs_sh:cal1:id0:fit_targ:vm256:wd0.0:pipe_flag:mask0.5:mr0.0:mg0.0:mo1.0,43,US,0.9867492875774317,0.8136992535762511,0.7334780646035123,1.0520666436794255,0.958541864293563,0.9384761922309617,0.9182132422642857
b1:v2:h12:tr_4rt:ed_logit:geo1:dyn1:lw_obj:enc_mlp:sp_none:hd_sh:dec_leg:nz_glob:us_none:z16:w64:ep100:pat30:bs8:m128:lr0.001:hs_sh:cal1:id0:fit_targ:vm256:wd0.0:pipe_flag:mask0.5:mr0.0:mg0.0:mo1.0,43,all,1.0161374910393188,0.9430878516552582,0.9626273385827392,1.052864381803796,0.9499729931833993,0.8325836697851785,0.9729451275584108
b1:v2:h12:tr_4rt:ed_logit:geo1:dyn1:lw_obj:enc_mlp:sp_none:hd_sh:dec_leg:nz_glob:us_none:z16:w64:ep100:pat30:bs8:m128:lr0.001:hs_sh:cal1:id0:fit_targ:vm256:wd0.0:pipe_flag:mask0.5:mr0.0:mg0.0:mo1.0,43,states_dc,1.0234845419047904,0.9754350011750099,1.0199146570775457,1.0530638163348884,0.9478307754058585,0.8061105391737329,0.9866280988819421
b1:v2:h12:tr_4rt:ed_logit:geo1:dyn1:lw_obj:enc_mlp:sp_none:hd_sh:dec_leg:nz_glob:us_none:z16:w64:ep100:pat30:bs8:m128:lr0.001:hs_sh:cal1:id0:fit_targ:vm256:wd0.0:pipe_flag:mask0.5:mr0.0:mg0.0:mo1.0,44,US,1.4355217490297416,0.9154986769335728,0.8966491755182614,0.9188942108602425,0.8179904923795108,0.7482859737599664,1.4234171524973915
b1:v2:h12:tr_4rt:ed_logit:geo1:dyn1:lw_obj:enc_mlp:sp_none:hd_sh:dec_leg:nz_glob:us_none:z16:w64:ep100:pat30:bs8:m128:lr0.001:hs_sh:cal1:id0:fit_targ:vm256:wd0.0:pipe_flag:mask0.5:mr0.0:mg0.0:mo1.0,44,all,1.3459154985648087,0.9948909782189217,1.0953730865713431,0.9702894102053287,0.9136651050979129,0.7744546288680769,1.347631565322527
b1:v2:h12:tr_4rt:ed_logit:geo1:dyn1:lw_obj:enc_mlp:sp_none:hd_sh:dec_leg:nz_glob:us_none:z16:w64:ep100:pat30:bs8:m128:lr0.001:hs_sh:cal1:id0:fit_targ:vm256:wd0.0:pipe_flag:mask0.5:mr0.0:mg0.0:mo1.0,44,states_dc,1.3235139359485755,1.014739053540259,1.1450540643346134,0.9831382100416001,0.9375837582775133,0.7809967926451046,1.3286851685288108
b1:v2:h12:tr_4rt:ed_logit:geo1:dyn1:lw_obj:enc_mlp:sp_none:hd_sh:dec_leg:nz_glob:us_none:z16:w64:ep100:pat30:bs8:m128:lr0.001:hs_sh:cal1:id0:fit_targ:vm256:wd0.0:pipe_flag:mask0.5:mr0.0:mg1.0:mo0.0,42,US,0.8943149527290174,0.8877686746411126,0.8834792343023936,0.9371810465577344,1.379023758200046,0.6818423056955566,0.9047043787143375
b1:v2:h12:tr_4rt:ed_logit:geo1:dyn1:lw_obj:enc_mlp:sp_none:hd_sh:dec_leg:nz_glob:us_none:z16:w64:ep100:pat30:bs8:m128:lr0.001:hs_sh:cal1:id0:fit_targ:vm256:wd0.0:pipe_flag:mask0.5:mr0.0:mg1.0:mo0.0,42,all,0.9632619811161321,0.9400924366988537,1.0182477338055256,0.996617196223025,1.16946610097754,0.7069599292987256,0.9523539406237574
b1:v2:h12:tr_4rt:ed_logit:geo1:dyn1:lw_obj:enc_mlp:sp_none:hd_sh:dec_leg:nz_glob:us_none:z16:w64:ep100:pat30:bs8:m128:lr0.001:hs_sh:cal1:id0:fit_targ:vm256:wd0.0:pipe_flag:mask0.5:mr0.0:mg1.0:mo0.0,42,states_dc,0.9804987382129108,0.9531733772132889,1.0519398586813085,1.0114762336393477,1.1170766866719133,0.7132393351995177,0.9642663311011123
b1:v2:h12:tr_4rt:ed_logit:geo1:dyn1:lw_obj:enc_mlp:sp_none:hd_sh:dec_leg:nz_glob:us_none:z16:w64:ep100:pat30:bs8:m128:lr0.001:hs_sh:cal1:id0:fit_targ:vm256:wd0.0:pipe_flag:mask0.5:mr0.0:mg1.0:mo0.0,43,US,0.8017405049545746,0.7956356196779357,0.6265622135915431,0.795548938455864,1.2095558727390179,0.9307902074660076,0.8318309930510622
b1:v2:h12:tr_4rt:ed_logit:geo1:dyn1:lw_obj:enc_mlp:sp_none:hd_sh:dec_leg:nz_glob:us_none:z16:w64:ep100:pat30:bs8:m128:lr0.001:hs_sh:cal1:id0:fit_targ:vm256:wd0.0:pipe_flag:mask0.5:mr0.0:mg1.0:mo0.0,43,all,0.8836360071499664,0.9269088035402681,0.8670410958858218,0.924899138358616,1.0563833256573014,0.8295290948286831,0.9177520229521612
b1:v2:h12:tr_4rt:ed_logit:geo1:dyn1:lw_obj:enc_mlp:sp_none:hd_sh:dec_leg:nz_glob:us_none:z16:w64:ep100:pat30:bs8:m128:lr0.001:hs_sh:cal1:id0:fit_targ:vm256:wd0.0:pipe_flag:mask0.5:mr0.0:mg1.0:mo0.0,43,states_dc,0.9041098826988142,0.959727099505851,0.9271608164593912,0.9572366883343039,1.018090188886872,0.8042138166693519,0.9392322804274359
b1:v2:h12:tr_4rt:ed_logit:geo1:dyn1:lw_obj:enc_mlp:sp_none:hd_sh:dec_leg:nz_glob:us_none:z16:w64:ep100:pat30:bs8:m128:lr0.001:hs_sh:cal1:id0:fit_targ:vm256:wd0.0:pipe_flag:mask0.5:mr0.0:mg1.0:mo0.0,44,US,0.8163749358923278,0.8979853936428663,0.9583816070166191,0.6677172971644129,0.7095214087243453,0.9136742262786482,0.8530629942602052
b1:v2:h12:tr_4rt:ed_logit:geo1:dyn1:lw_obj:enc_mlp:sp_none:hd_sh:dec_leg:nz_glob:us_none:z16:w64:ep100:pat30:bs8:m128:lr0.001:hs_sh:cal1:id0:fit_targ:vm256:wd0.0:pipe_flag:mask0.5:mr0.0:mg1.0:mo0.0,44,all,0.9124919838553348,0.9561973118707954,1.2479630109087518,0.8243209079430033,0.8713191076219864,0.8251266554004177,0.9465179813429238
b1:v2:h12:tr_4rt:ed_logit:geo1:dyn1:lw_obj:enc_mlp:sp_none:hd_sh:dec_leg:nz_glob:us_none:z16:w64:ep100:pat30:bs8:m128:lr0.001:hs_sh:cal1:id0:fit_targ:vm256:wd0.0:pipe_flag:mask0.5:mr0.0:mg1.0:mo0.0,44,states_dc,0.9365212458460862,0.9707502914277775,1.3203583618817851,0.8634718106376509,0.9117685323463965,0.8029897626808599,0.9698817281136031
b1:v2:h12:tr_4rt:ed_logit:geo1:dyn1:lw_obj:enc_mlp:sp_none:hd_sh:dec_leg:nz_glob:us_none:z16:w64:ep100:pat30:bs8:m128:lr0.001:hs_sh:cal1:id0:fit_targ:vm256:wd0.0:pipe_flag:mask0.5:mr0.5:mg0.3:mo0.2,42,US,0.8857864476531088,0.7958882144748503,0.7142010041332488,0.8639039096252844,0.9285365342331348,0.8942811349948449,0.8513585810878282
b1:v2:h12:tr_4rt:ed_logit:geo1:dyn1:lw_obj:enc_mlp:sp_none:hd_sh:dec_leg:nz_glob:us_none:z16:w64:ep100:pat30:bs8:m128:lr0.001:hs_sh:cal1:id0:fit_targ:vm256:wd0.0:pipe_flag:mask0.5:mr0.5:mg0.3:mo0.2,42,all,0.9627326792714644,0.9160928534074597,0.9799643394166633,0.9211811350281468,0.9405505884968979,0.8430818891762801,0.9433557817248333
b1:v2:h12:tr_4rt:ed_logit:geo1:dyn1:lw_obj:enc_mlp:sp_none:hd_sh:dec_leg:nz_glob:us_none:z16:w64:ep100:pat30:bs8:m128:lr0.001:hs_sh:cal1:id0:fit_targ:vm256:wd0.0:pipe_flag:mask0.5:mr0.5:mg0.3:mo0.2,42,states_dc,0.981969237176053,0.9461440131406118,1.0464051732375168,0.9355004413788622,0.9435541020628386,0.830282077721639,0.9663550818840844
b1:v2:h12:tr_4rt:ed_logit:geo1:dyn1:lw_obj:enc_mlp:sp_none:hd_sh:dec_leg:nz_glob:us_none:z16:w64:ep100:pat30:bs8:m128:lr0.001:hs_sh:cal1:id0:fit_targ:vm256:wd0.0:pipe_flag:mask0.5:mr0.5:mg0.3:mo0.2,43,US,0.9041385406088653,0.8944172889775384,0.7195151694000996,0.9716734238852593,1.3680949436836531,1.2282739798049385,0.9460708904588065
b1:v2:h12:tr_4rt:ed_logit:geo1:dyn1:lw_obj:enc_mlp:sp_none:hd_sh:dec_leg:nz_glob:us_none:z16:w64:ep100:pat30:bs8:m128:lr0.001:hs_sh:cal1:id0:fit_targ:vm256:wd0.0:pipe_flag:mask0.5:mr0.5:mg0.3:mo0.2,43,all,0.9471733407148865,0.9594815501191448,0.9383124439274735,1.0511421260283202,1.1651004156418194,1.0164244252441725,0.9718794268177176
b1:v2:h12:tr_4rt:ed_logit:geo1:dyn1:lw_obj:enc_mlp:sp_none:hd_sh:dec_leg:nz_glob:us_none:z16:w64:ep100:pat30:bs8:m128:lr0.001:hs_sh:cal1:id0:fit_targ:vm256:wd0.0:pipe_flag:mask0.5:mr0.5:mg0.3:mo0.2,43,states_dc,0.9579320407413917,0.9757476154045461,0.9930117625593169,1.0710093015640856,1.1143517836313606,0.9634620366039811,0.9783315609074451
b1:v2:h12:tr_4rt:ed_logit:geo1:dyn1:lw_obj:enc_mlp:sp_none:hd_sh:dec_leg:nz_glob:us_none:z16:w64:ep100:pat30:bs8:m128:lr0.001:hs_sh:cal1:id0:fit_targ:vm256:wd0.0:pipe_flag:mask0.5:mr0.5:mg0.3:mo0.2,44,US,0.90634159908564,0.9774446433865707,0.8169568448431511,0.7385869827301612,0.9608749406864708,1.1152996715953656,0.9995922150348343
b1:v2:h12:tr_4rt:ed_logit:geo1:dyn1:lw_obj:enc_mlp:sp_none:hd_sh:dec_leg:nz_glob:us_none:z16:w64:ep100:pat30:bs8:m128:lr0.001:hs_sh:cal1:id0:fit_targ:vm256:wd0.0:pipe_flag:mask0.5:mr0.5:mg0.3:mo0.2,44,all,0.9689642234479857,1.0020803673524792,1.0044387230837448,0.8512365670738727,0.9703161074412823,0.9715210605639099,1.0262542226013303
b1:v2:h12:tr_4rt:ed_logit:geo1:dyn1:lw_obj:enc_mlp:sp_none:hd_sh:dec_leg:nz_glob:us_none:z16:w64:ep100:pat30:bs8:m128:lr0.001:hs_sh:cal1:id0:fit_targ:vm256:wd0.0:pipe_flag:mask0.5:mr0.5:mg0.3:mo0.2,44,states_dc,0.984619879538572,1.0082392983439559,1.0513091926438933,0.8793989631598006,0.972676399129985,0.9355764078060459,1.032919724492954
b1:v2:h12:tr_4rt:ed_logit:geo1:dyn1:lw_obj:enc_mlp:sp_none:hd_sh:dec_leg:nz_glob:us_none:z16:w64:ep100:pat30:bs8:m128:lr0.001:hs_sh:cal1:id0:fit_targ:vm256:wd0.0:pipe_flag:mask0.5:mr1.0:mg0.0:mo0.0,42,US,0.9530944317428814,1.050671363624807,0.9471881038339482,0.826406422757759,0.876667894734292,0.7833988475275803,0.9711249982480896
b1:v2:h12:tr_4rt:ed_logit:geo1:dyn1:lw_obj:enc_mlp:sp_none:hd_sh:dec_leg:nz_glob:us_none:z16:w64:ep100:pat30:bs8:m128:lr0.001:hs_sh:cal1:id0:fit_targ:vm256:wd0.0:pipe_flag:mask0.5:mr1.0:mg0.0:mo0.0,42,all,1.000238675528589,1.029437038994788,1.1601231964426055,0.927577146135785,0.9435023737744188,0.787518388407938,1.0004452421378793
b1:v2:h12:tr_4rt:ed_logit:geo1:dyn1:lw_obj:enc_mlp:sp_none:hd_sh:dec_leg:nz_glob:us_none:z16:w64:ep100:pat30:bs8:m128:lr0.001:hs_sh:cal1:id0:fit_targ:vm256:wd0.0:pipe_flag:mask0.5:mr1.0:mg0.0:mo0.0,42,states_dc,1.012024736475016,1.024128457837283,1.21335696959477,0.9528698269802913,0.9602109935344505,0.7885482736280274,1.0077753031103267
b1:v2:h12:tr_4rt:ed_logit:geo1:dyn1:lw_obj:enc_mlp:sp_none:hd_sh:dec_leg:nz_glob:us_none:z16:w64:ep100:pat30:bs8:m128:lr0.001:hs_sh:cal1:id0:fit_targ:vm256:wd0.0:pipe_flag:mask0.5:mr1.0:mg0.0:mo0.0,43,US,0.8643980963539332,0.9484666397376751,0.65146850633586,0.8209084732102803,1.0251376137686152,0.6710555075867254,0.8807827591464332
b1:v2:h12:tr_4rt:ed_logit:geo1:dyn1:lw_obj:enc_mlp:sp_none:hd_sh:dec_leg:nz_glob:us_none:z16:w64:ep100:pat30:bs8:m128:lr0.001:hs_sh:cal1:id0:fit_targ:vm256:wd0.0:pipe_flag:mask0.5:mr1.0:mg0.0:mo0.0,43,all,0.9558422544165067,1.0204399686866823,0.915101533354723,0.8967373989645985,1.004591757505041,0.7279628529346504,0.9639833337946359
b1:v2:h12:tr_4rt:ed_logit:geo1:dyn1:lw_obj:enc_mlp:sp_none:hd_sh:dec_leg:nz_glob:us_none:z16:w64:ep100:pat30:bs8:m128:lr0.001:hs_sh:cal1:id0:fit_targ:vm256:wd0.0:pipe_flag:mask0.5:mr1.0:mg0.0:mo0.0,43,states_dc,0.97870329393215,1.0384333009239342,0.9810097901094387,0.9156946304031777,0.9994552934391474,0.7421896892716316,0.9847834774566865
b1:v2:h12:tr_4rt:ed_logit:geo1:dyn1:lw_obj:enc_mlp:sp_none:hd_sh:dec_leg:nz_glob:us_none:z16:w64:ep100:pat30:bs8:m128:lr0.001:hs_sh:cal1:id0:fit_targ:vm256:wd0.0:pipe_flag:mask0.5:mr1.0:mg0.0:mo0.0,44,US,1.0688905329260574,1.0764567141122185,0.7422639248473508,0.8078921994694781,1.005733983614887,0.9000264286682617,1.0546757871680361
b1:v2:h12:tr_4rt:ed_logit:geo1:dyn1:lw_obj:enc_mlp:sp_none:hd_sh:dec_leg:nz_glob:us_none:z16:w64:ep100:pat30:bs8:m128:lr0.001:hs_sh:cal1:id0:fit_targ:vm256:wd0.0:pipe_flag:mask0.5:mr1.0:mg0.0:mo0.0,44,all,1.0842763757187843,1.0528120472715228,0.9476304318504939,0.9069225051680251,0.9727867909510286,0.8288535658214502,1.05496832778612
b1:v2:h12:tr_4rt:ed_logit:geo1:dyn1:lw_obj:enc_mlp:sp_none:hd_sh:dec_leg:nz_glob:us_none:z16:w64:ep100:pat30:bs8:m128:lr0.001:hs_sh:cal1:id0:fit_targ:vm256:wd0.0:pipe_flag:mask0.5:mr1.0:mg0.0:mo0.0,44,states_dc,1.088122836416966,1.046900880561349,0.9989720586012796,0.9316800815926617,0.964549992785064,0.8110603501097472,1.0550414629406408
b1:v2:h12:tr_4rt:ed_logit:geo1:dyn1:lw_obj:enc_mlp:sp_none:hd_sh:dec_leg:nz_glob:us_none:z16:w64:ep100:pat30:bs8:m128:lr0.001:hs_sh:cal1:id0:fit_targ:vm256:wd0.0:pipe_two:mask0.5:mr0.5:mg0.3:mo0.2,42,US,1.1336693261491047,1.0570300509165564,0.8053019471496452,1.1676889446396077,1.256377708252834,0.7452637039983216,1.154427400723092
b1:v2:h12:tr_4rt:ed_logit:geo1:dyn1:lw_obj:enc_mlp:sp_none:hd_sh:dec_leg:nz_glob:us_none:z16:w64:ep100:pat30:bs8:m128:lr0.001:hs_sh:cal1:id0:fit_targ:vm256:wd0.0:pipe_two:mask0.5:mr0.5:mg0.3:mo0.2,42,all,1.1735619272579525,1.034326572263475,0.9306553387109755,1.1595516043283154,1.0827379971914857,0.7181521272101613,1.1742478731571586
b1:v2:h12:tr_4rt:ed_logit:geo1:dyn1:lw_obj:enc_mlp:sp_none:hd_sh:dec_leg:nz_glob:us_none:z16:w64:ep100:pat30:bs8:m128:lr0.001:hs_sh:cal1:id0:fit_targ:vm256:wd0.0:pipe_two:mask0.5:mr0.5:mg0.3:mo0.2,42,states_dc,1.1835350775351643,1.0286507026002045,0.9619936866013079,1.1575172692504923,1.039328069426148,0.7113742330131213,1.1792029912656747
b1:v2:h12:tr_4rt:ed_logit:geo1:dyn1:lw_obj:enc_mlp:sp_none:hd_sh:dec_leg:nz_glob:us_none:z16:w64:ep100:pat30:bs8:m128:lr0.001:hs_sh:cal1:id0:fit_targ:vm256:wd0.0:pipe_two:mask0.5:mr0.5:mg0.3:mo0.2,43,US,1.3492774996620185,1.0507444218496045,1.1463086655648251,1.3463560677123407,1.1736613639872886,1.1269947289510733,1.1771350717808169
b1:v2:h12:tr_4rt:ed_logit:geo1:dyn1:lw_obj:enc_mlp:sp_none:hd_sh:dec_leg:nz_glob:us_none:z16:w64:ep100:pat30:bs8:m128:lr0.001:hs_sh:cal1:id0:fit_targ:vm256:wd0.0:pipe_two:mask0.5:mr0.5:mg0.3:mo0.2,43,all,1.300598252741132,1.0585586970710703,1.2632698762057646,1.3351765129953432,1.052849709765849,0.9233171503725667,1.1664366694831891
b1:v2:h12:tr_4rt:ed_logit:geo1:dyn1:lw_obj:enc_mlp:sp_none:hd_sh:dec_leg:nz_glob:us_none:z16:w64:ep100:pat30:bs8:m128:lr0.001:hs_sh:cal1:id0:fit_targ:vm256:wd0.0:pipe_two:mask0.5:mr0.5:mg0.3:mo0.2,43,states_dc,1.2884284410109101,1.060512265876437,1.2925101788659994,1.3323816243160937,1.0226467962104893,0.87239775572794,1.1637620689087822
b1:v2:h12:tr_4rt:ed_logit:geo1:dyn1:lw_obj:enc_mlp:sp_none:hd_sh:dec_leg:nz_glob:us_none:z16:w64:ep100:pat30:bs8:m128:lr0.001:hs_sh:cal1:id0:fit_targ:vm256:wd0.0:pipe_two:mask0.5:mr0.5:mg0.3:mo0.2,44,US,1.29845736331382,1.3090517240520292,0.6144310841937973,1.1065252208055327,1.073708579950317,0.81029801870942,1.241741886779549
b1:v2:h12:tr_4rt:ed_logit:geo1:dyn1:lw_obj:enc_mlp:sp_none:hd_sh:dec_leg:nz_glob:us_none:z16:w64:ep100:pat30:bs8:m128:lr0.001:hs_sh:cal1:id0:fit_targ:vm256:wd0.0:pipe_two:mask0.5:mr0.5:mg0.3:mo0.2,44,all,1.2524961933897674,1.2075653050307413,0.8674962147781722,1.1778355182852327,1.0111100980685457,0.7626611519431413,1.1968583852500174
b1:v2:h12:tr_4rt:ed_logit:geo1:dyn1:lw_obj:enc_mlp:sp_none:hd_sh:dec_leg:nz_glob:us_none:z16:w64:ep100:pat30:bs8:m128:lr0.001:hs_sh:cal1:id0:fit_targ:vm256:wd0.0:pipe_two:mask0.5:mr0.5:mg0.3:mo0.2,44,states_dc,1.241005900908754,1.1821937002754193,0.9307624974242658,1.1956630926551575,0.9954604775981027,0.7507519352515716,1.1856375098676344
b1:v2:h12:tr_4rt:ed_logit:geo1:dyn1:lw_obj:enc_msc:sp_none:hd_sh:dec_leg:nz_glob:us_none:z16:w64:ep100:pat30:bs8:m128:lr0.001:hs_sh:cal1:id0:fit_targ:vm256:wd0.0:pipe_aux025:mask0.5:mr0.0:mg0.0:mo1.0,42,US,0.9222522742625442,1.1824278555980845,0.7016843433919818,0.9802910467077346,1.0979640116631388,1.5208789076593028,0.9990599319928181
b1:v2:h12:tr_4rt:ed_logit:geo1:dyn1:lw_obj:enc_msc:sp_none:hd_sh:dec_leg:nz_glob:us_none:z16:w64:ep100:pat30:bs8:m128:lr0.001:hs_sh:cal1:id0:fit_targ:vm256:wd0.0:pipe_aux025:mask0.5:mr0.0:mg0.0:mo1.0,42,all,0.9629609883284269,1.1167228172379473,0.8890811114478046,1.009855344951123,1.0284054053225362,1.1355238797330571,1.0116506045586213
b1:v2:h12:tr_4rt:ed_logit:geo1:dyn1:lw_obj:enc_msc:sp_none:hd_sh:dec_leg:nz_glob:us_none:z16:w64:ep100:pat30:bs8:m128:lr0.001:hs_sh:cal1:id0:fit_targ:vm256:wd0.0:pipe_aux025:mask0.5:mr0.0:mg0.0:mo1.0,42,states_dc,0.9731381668448974,1.1002965576479127,0.9359303034617604,1.01724641951197,1.0110157537373852,1.0391851227514957,1.0147982727000717
b1:v2:h12:tr_4rt:ed_logit:geo1:dyn1:lw_obj:enc_msc:sp_none:hd_sh:dec_leg:nz_glob:us_none:z16:w64:ep100:pat30:bs8:m128:lr0.001:hs_sh:cal1:id0:fit_targ:vm256:wd0.0:pipe_aux025:mask0.5:mr0.0:mg0.0:mo1.0,43,US,1.0640300675588723,0.8414012027698494,0.9199292581511362,1.0373465460081368,0.8730966040273072,1.7564755220604802,1.0216328794797505
b1:v2:h12:tr_4rt:ed_logit:geo1:dyn1:lw_obj:enc_msc:sp_none:hd_sh:dec_leg:nz_glob:us_none:z16:w64:ep100:pat30:bs8:m128:lr0.001:hs_sh:cal1:id0:fit_targ:vm256:wd0.0:pipe_aux025:mask0.5:mr0.0:mg0.0:mo1.0,43,all,1.1116271955820887,0.9371534476101336,0.9911869959070445,1.0270128708231443,0.9430300349899968,1.3144960563284873,1.0955930821993247
b1:v2:h12:tr_4rt:ed_logit:geo1:dyn1:lw_obj:enc_msc:sp_none:hd_sh:dec_leg:nz_glob:us_none:z16:w64:ep100:pat30:bs8:m128:lr0.001:hs_sh:cal1:id0:fit_targ:vm256:wd0.0:pipe_aux025:mask0.5:mr0.0:mg0.0:mo1.0,43,states_dc,1.1235264775878921,0.9610915088202046,1.0090014303460215,1.0244294520268957,0.9605133927306694,1.2040011898954894,1.114083132879218
b1:v2:h12:tr_4rt:ed_logit:geo1:dyn1:lw_obj:enc_msc:sp_none:hd_sh:dec_leg:nz_glob:us_none:z16:w64:ep100:pat30:bs8:m128:lr0.001:hs_sh:cal1:id0:fit_targ:vm256:wd0.0:pipe_aux025:mask0.5:mr0.0:mg0.0:mo1.0,44,US,1.0042663499244926,1.0072626614082734,0.8152844349891122,0.5923843573190771,0.8347579065906711,1.5506742480452829,0.9491590095015784
b1:v2:h12:tr_4rt:ed_logit:geo1:dyn1:lw_obj:enc_msc:sp_none:hd_sh:dec_leg:nz_glob:us_none:z16:w64:ep100:pat30:bs8:m128:lr0.001:hs_sh:cal1:id0:fit_targ:vm256:wd0.0:pipe_aux025:mask0.5:mr0.0:mg0.0:mo1.0,44,all,1.0630793941850214,1.0421928666077724,0.9461841082868481,0.7647827790449158,0.9310483950036267,1.1857055767483125,1.0331580222574417
b1:v2:h12:tr_4rt:ed_logit:geo1:dyn1:lw_obj:enc_msc:sp_none:hd_sh:dec_leg:nz_glob:us_none:z16:w64:ep100:pat30:bs8:m128:lr0.001:hs_sh:cal1:id0:fit_targ:vm256:wd0.0:pipe_aux025:mask0.5:mr0.0:mg0.0:mo1.0,44,states_dc,1.0777826552501535,1.050925417907647,0.978909026611282,0.8078823844763753,0.9551210171068656,1.09446340892407,1.0541577754464075
b1:v2:h12:tr_4rt:ed_logit:geo1:dyn1:lw_obj:enc_msc:sp_none:hd_sh:dec_leg:nz_glob:us_none:z16:w64:ep100:pat30:bs8:m128:lr0.001:hs_sh:cal1:id0:fit_targ:vm256:wd0.0:pipe_aux025:mask0.5:mr0.5:mg0.3:mo0.2,42,US,0.7200732773856856,1.0530399512353177,0.9711823778133521,0.7654957770060627,0.8821933103002889,1.0481677050371603,0.8580070621748382
b1:v2:h12:tr_4rt:ed_logit:geo1:dyn1:lw_obj:enc_msc:sp_none:hd_sh:dec_leg:nz_glob:us_none:z16:w64:ep100:pat30:bs8:m128:lr0.001:hs_sh:cal1:id0:fit_targ:vm256:wd0.0:pipe_aux025:mask0.5:mr0.5:mg0.3:mo0.2,42,all,0.8524640786842553,1.0243229370591975,1.0543687336665808,0.8592605821767523,0.9179118990141879,0.9407784645225167,0.9369329561015046
b1:v2:h12:tr_4rt:ed_logit:geo1:dyn1:lw_obj:enc_msc:sp_none:hd_sh:dec_leg:nz_glob:us_none:z16:w64:ep100:pat30:bs8:m128:lr0.001:hs_sh:cal1:id0:fit_targ:vm256:wd0.0:pipe_aux025:mask0.5:mr0.5:mg0.3:mo0.2,42,states_dc,0.8855617790088978,1.0171436835151673,1.075165322629888,0.8827017834694246,0.9268415461926625,0.9139311543938559,0.9566644295831711
b1:v2:h12:tr_4rt:ed_logit:geo1:dyn1:lw_obj:enc_msc:sp_none:hd_sh:dec_leg:nz_glob:us_none:z16:w64:ep100:pat30:bs8:m128:lr0.001:hs_sh:cal1:id0:fit_targ:vm256:wd0.0:pipe_aux025:mask0.5:mr0.5:mg0.3:mo0.2,43,US,0.8159070244558396,0.9999523947905745,0.6772969632625233,0.7643695460014138,1.049857859642555,1.7167076714879794,0.8960143351983674
b1:v2:h12:tr_4rt:ed_logit:geo1:dyn1:lw_obj:enc_msc:sp_none:hd_sh:dec_leg:nz_glob:us_none:z16:w64:ep100:pat30:bs8:m128:lr0.001:hs_sh:cal1:id0:fit_targ:vm256:wd0.0:pipe_aux025:mask0.5:mr0.5:mg0.3:mo0.2,43,all,0.9264982400245475,1.046998835884509,0.8693221886235277,0.875884975060397,1.0106113208371639,1.2811234007090218,0.9873128290634433
b1:v2:h12:tr_4rt:ed_logit:geo1:dyn1:lw_obj:enc_msc:sp_none:hd_sh:dec_leg:nz_glob:us_none:z16:w64:ep100:pat30:bs8:m128:lr0.001:hs_sh:cal1:id0:fit_targ:vm256:wd0.0:pipe_aux025:mask0.5:mr0.5:mg0.3:mo0.2,43,states_dc,0.9541460439167243,1.0587604461579925,0.917328494963779,0.9037638323251428,1.000799686135816,1.172227333014282,1.010137452529712
b1:v2:h12:tr_4rt:ed_logit:geo1:dyn1:lw_obj:enc_msc:sp_none:hd_sh:dec_leg:nz_glob:us_none:z16:w64:ep100:pat30:bs8:m128:lr0.001:hs_sh:cal1:id0:fit_targ:vm256:wd0.0:pipe_aux025:mask0.5:mr0.5:mg0.3:mo0.2,44,US,1.040199275649872,1.1024163193084928,0.9517405735225594,0.7859097446255007,0.7640610266789775,1.6740166982488867,1.0430586186610835
b1:v2:h12:tr_4rt:ed_logit:geo1:dyn1:lw_obj:enc_msc:sp_none:hd_sh:dec_leg:nz_glob:us_none:z16:w64:ep100:pat30:bs8:m128:lr0.001:hs_sh:cal1:id0:fit_targ:vm256:wd0.0:pipe_aux025:mask0.5:mr0.5:mg0.3:mo0.2,44,all,1.073704715127701,1.0628296563367474,1.0805821372226043,0.8769046069528548,0.9118403574057282,1.2345666798408914,1.0902024818912086
b1:v2:h12:tr_4rt:ed_logit:geo1:dyn1:lw_obj:enc_msc:sp_none:hd_sh:dec_leg:nz_glob:us_none:z16:w64:ep100:pat30:bs8:m128:lr0.001:hs_sh:cal1:id0:fit_targ:vm256:wd0.0:pipe_aux025:mask0.5:mr0.5:mg0.3:mo0.2,44,states_dc,1.082081074997158,1.0529329905938112,1.1127925281476156,0.8996533225346932,0.9487851900874158,1.1247041752388924,1.1019884476987396
b1:v2:h12:tr_4rt:ed_logit:geo1:dyn1:lw_obj:enc_msc:sp_none:hd_sh:dec_leg:nz_glob:us_none:z16:w64:ep100:pat30:bs8:m128:lr0.001:hs_sh:cal1:id0:fit_targ:vm256:wd0.0:pipe_direct:mask0.5:mr0.5:mg0.3:mo0.2,42,US,0.8372323136252046,1.1178141308379064,1.0442813326954208,0.7887015712284287,1.1138460659712788,0.848679755163868,0.9770176530859009
b1:v2:h12:tr_4rt:ed_logit:geo1:dyn1:lw_obj:enc_msc:sp_none:hd_sh:dec_leg:nz_glob:us_none:z16:w64:ep100:pat30:bs8:m128:lr0.001:hs_sh:cal1:id0:fit_targ:vm256:wd0.0:pipe_direct:mask0.5:mr0.5:mg0.3:mo0.2,42,all,0.9426909619416802,1.0870626799463814,1.0874207404060559,0.9068622412582693,1.0244022851448222,0.7934292385131879,1.027690214161892
b1:v2:h12:tr_4rt:ed_logit:geo1:dyn1:lw_obj:enc_msc:sp_none:hd_sh:dec_leg:nz_glob:us_none:z16:w64:ep100:pat30:bs8:m128:lr0.001:hs_sh:cal1:id0:fit_targ:vm256:wd0.0:pipe_direct:mask0.5:mr0.5:mg0.3:mo0.2,42,states_dc,0.9690556240207991,1.0793748172235,1.0982055923337142,0.9364024087657292,1.002041339938208,0.7796166093505178,1.0403583544308896
b1:v2:h12:tr_4rt:ed_logit:geo1:dyn1:lw_obj:enc_msc:sp_none:hd_sh:dec_leg:nz_glob:us_none:z16:w64:ep100:pat30:bs8:m128:lr0.001:hs_sh:cal1:id0:fit_targ:vm256:wd0.0:pipe_direct:mask0.5:mr0.5:mg0.3:mo0.2,43,US,1.017276205167956,0.8922507236467916,0.8018098846031366,1.1401322442435102,0.9184778979911469,1.0007748230434033,1.0224010688462586
b1:v2:h12:tr_4rt:ed_logit:geo1:dyn1:lw_obj:enc_msc:sp_none:hd_sh:dec_leg:nz_glob:us_none:z16:w64:ep100:pat30:bs8:m128:lr0.001:hs_sh:cal1:id0:fit_targ:vm256:wd0.0:pipe_direct:mask0.5:mr0.5:mg0.3:mo0.2,43,all,1.0377343772121923,0.969697046850365,1.0251275188694513,1.1516556902738257,1.010213096869658,0.876915458857338,1.0676387328170902
b1:v2:h12:tr_4rt:ed_logit:geo1:dyn1:lw_obj:enc_msc:sp_none:hd_sh:dec_leg:nz_glob:us_none:z16:w64:ep100:pat30:bs8:m128:lr0.001:hs_sh:cal1:id0:fit_targ:vm256:wd0.0:pipe_direct:mask0.5:mr0.5:mg0.3:mo0.2,43,states_dc,1.042848920223251,0.9890586276512582,1.0809569274360298,1.1545365517814046,1.0331468965892856,0.8459506178108216,1.0789481488097978
b1:v2:h12:tr_4rt:ed_logit:geo1:dyn1:lw_obj:enc_msc:sp_none:hd_sh:dec_leg:nz_glob:us_none:z16:w64:ep100:pat30:bs8:m128:lr0.001:hs_sh:cal1:id0:fit_targ:vm256:wd0.0:pipe_direct:mask0.5:mr0.5:mg0.3:mo0.2,44,US,1.2239598509375451,0.9574557498683203,1.3260191966326038,1.0411371039608548,0.9663400951671027,1.3420173712636212,1.2371726339222684
b1:v2:h12:tr_4rt:ed_logit:geo1:dyn1:lw_obj:enc_msc:sp_none:hd_sh:dec_leg:nz_glob:us_none:z16:w64:ep100:pat30:bs8:m128:lr0.001:hs_sh:cal1:id0:fit_targ:vm256:wd0.0:pipe_direct:mask0.5:mr0.5:mg0.3:mo0.2,44,all,1.1854740252001876,1.005961307452492,1.348925674088497,1.043069279679923,0.9686623457686827,1.0726480528540099,1.2048548173268017
b1:v2:h12:tr_4rt:ed_logit:geo1:dyn1:lw_obj:enc_msc:sp_none:hd_sh:dec_leg:nz_glob:us_none:z16:w64:ep100:pat30:bs8:m128:lr0.001:hs_sh:cal1:id0:fit_targ:vm256:wd0.0:pipe_direct:mask0.5:mr0.5:mg0.3:mo0.2,44,states_dc,1.1758525687658483,1.018087696848535,1.3546522934524705,1.0435523236096897,0.9692429084190775,1.0053057232516072,1.1967753631779352
b1:v2:h12:tr_4rt:ed_logit:geo1:dyn1:lw_obj:enc_msc:sp_none:hd_sh:dec_leg:nz_glob:us_none:z16:w64:ep100:pat30:bs8:m128:lr0.001:hs_sh:cal1:id0:fit_targ:vm256:wd0.0:pipe_flag:mask0.0:mr0.5:mg0.3:mo0.2,42,US,0.7835843012658413,0.999339094173225,0.6515079150616012,0.773181490231793,1.0461281622774439,1.7515214541990616,0.8544630643737618
b1:v2:h12:tr_4rt:ed_logit:geo1:dyn1:lw_obj:enc_msc:sp_none:hd_sh:dec_leg:nz_glob:us_none:z16:w64:ep100:pat30:bs8:m128:lr0.001:hs_sh:cal1:id0:fit_targ:vm256:wd0.0:pipe_flag:mask0.0:mr0.5:mg0.3:mo0.2,42,all,0.877240974649299,0.9760562942104594,0.8421747145865817,0.8360207370449768,0.9607624709661687,1.2283270739516075,0.9179031490921347
b1:v2:h12:tr_4rt:ed_logit:geo1:dyn1:lw_obj:enc_msc:sp_none:hd_sh:dec_leg:nz_glob:us_none:z16:w64:ep100:pat30:bs8:m128:lr0.001:hs_sh:cal1:id0:fit_targ:vm256:wd0.0:pipe_flag:mask0.0:mr0.5:mg0.3:mo0.2,42,states_dc,0.9006551429951632,0.9702355942197679,0.8898414144678265,0.8517305487482726,0.9394210481383499,1.0975284788897435,0.9337631702717278
b1:v2:h12:tr_4rt:ed_logit:geo1:dyn1:lw_obj:enc_msc:sp_none:hd_sh:dec_leg:nz_glob:us_none:z16:w64:ep100:pat30:bs8:m128:lr0.001:hs_sh:cal1:id0:fit_targ:vm256:wd0.0:pipe_flag:mask0.0:mr0.5:mg0.3:mo0.2,43,US,0.9485592934652161,0.9249437824109823,0.7797783350780971,0.9000570573970464,1.1333600382036801,1.6733112677297395,0.9761502681160231
b1:v2:h12:tr_4rt:ed_logit:geo1:dyn1:lw_obj:enc_msc:sp_none:hd_sh:dec_leg:nz_glob:us_none:z16:w64:ep100:pat30:bs8:m128:lr0.001:hs_sh:cal1:id0:fit_targ:vm256:wd0.0:pipe_flag:mask0.0:mr0.5:mg0.3:mo0.2,43,all,0.9476069206413955,0.9763727246635047,0.894751467925294,0.9741868596033142,1.0097466344038968,1.229978557655499,0.9817530217252707
b1:v2:h12:tr_4rt:ed_logit:geo1:dyn1:lw_obj:enc_msc:sp_none:hd_sh:dec_leg:nz_glob:us_none:z16:w64:ep100:pat30:bs8:m128:lr0.001:hs_sh:cal1:id0:fit_targ:vm256:wd0.0:pipe_flag:mask0.0:mr0.5:mg0.3:mo0.2,43,states_dc,0.9473688274354402,0.9892299602266352,0.9234947511370931,0.9927193101548811,0.978843283453951,1.1191453801369387,0.9831537101275823
b1:v2:h12:tr_4rt:ed_logit:geo1:dyn1:lw_obj:enc_msc:sp_none:hd_sh:dec_leg:nz_glob:us_none:z16:w64:ep100:pat30:bs8:m128:lr0.001:hs_sh:cal1:id0:fit_targ:vm256:wd0.0:pipe_flag:mask0.0:mr0.5:mg0.3:mo0.2,44,US,0.9761528311799248,1.3526635691462459,1.1476824296275616,0.8731343640591986,0.7638030679932145,0.9797497386694226,1.0853905506774233
b1:v2:h12:tr_4rt:ed_logit:geo1:dyn1:lw_obj:enc_msc:sp_none:hd_sh:dec_leg:nz_glob:us_none:z16:w64:ep100:pat30:bs8:m128:lr0.001:hs_sh:cal1:id0:fit_targ:vm256:wd0.0:pipe_flag:mask0.0:mr0.5:mg0.3:mo0.2,44,all,0.9720778491925034,1.1772228197592578,1.1382107993207866,0.913477901574509,0.8828517256338917,0.9145147246003866,1.04136247457958
b1:v2:h12:tr_4rt:ed_logit:geo1:dyn1:lw_obj:enc_msc:sp_none:hd_sh:dec_leg:nz_glob:us_none:z16:w64:ep100:pat30:bs8:m128:lr0.001:hs_sh:cal1:id0:fit_targ:vm256:wd0.0:pipe_flag:mask0.0:mr0.5:mg0.3:mo0.2,44,states_dc,0.971059103695648,1.1333626324125101,1.1358428917440926,0.9235637859533368,0.9126138900440609,0.8982059710831278,1.0303554555551189
b1:v2:h12:tr_4rt:ed_logit:geo1:dyn1:lw_obj:enc_msc:sp_none:hd_sh:dec_leg:nz_glob:us_none:z16:w64:ep100:pat30:bs8:m128:lr0.001:hs_sh:cal1:id0:fit_targ:vm256:wd0.0:pipe_flag:mask0.25:mr0.5:mg0.3:mo0.2,42,US,0.9515029924418658,1.110367817273192,1.1975305158556429,1.0146921647928433,1.2177504180733494,1.3751317119967092,1.1031187465296324
b1:v2:h12:tr_4rt:ed_logit:geo1:dyn1:lw_obj:enc_msc:sp_none:hd_sh:dec_leg:nz_glob:us_none:z16:w64:ep100:pat30:bs8:m128:lr0.001:hs_sh:cal1:id0:fit_targ:vm256:wd0.0:pipe_flag:mask0.25:mr0.5:mg0.3:mo0.2,42,all,1.0122699242273023,1.0607736333406872,1.1997446904185987,1.0484802655304453,1.105295982183246,1.0862795120939532,1.1153544393848227
b1:v2:h12:tr_4rt:ed_logit:geo1:dyn1:lw_obj:enc_msc:sp_none:hd_sh:dec_leg:nz_glob:us_none:z16:w64:ep100:pat30:bs8:m128:lr0.001:hs_sh:cal1:id0:fit_targ:vm256:wd0.0:pipe_flag:mask0.25:mr0.5:mg0.3:mo0.2,42,states_dc,1.0274616571736612,1.0483750873575606,1.2002982340593378,1.0569272907148453,1.0771823732107202,1.0140664621182642,1.1184133625986201
b1:v2:h12:tr_4rt:ed_logit:geo1:dyn1:lw_obj:enc_msc:sp_none:hd_sh:dec_leg:nz_glob:us_none:z16:w64:ep100:pat30:bs8:m128:lr0.001:hs_sh:cal1:id0:fit_targ:vm256:wd0.0:pipe_flag:mask0.25:mr0.5:mg0.3:mo0.2,43,US,0.9188531404441466,0.938757935396888,0.8469513357421997,0.8231319389475513,0.8336167892069292,1.5460499923930888,0.9130139807507448
b1:v2:h12:tr_4rt:ed_logit:geo1:dyn1:lw_obj:enc_msc:sp_none:hd_sh:dec_leg:nz_glob:us_none:z16:w64:ep100:pat30:bs8:m128:lr0.001:hs_sh:cal1:id0:fit_targ:vm256:wd0.0:pipe_flag:mask0.25:mr0.5:mg0.3:mo0.2,43,all,0.9572451911209315,0.9861452759344852,1.0526948149903508,0.9274303583776509,0.9276349937296733,1.144541448032623,0.975313236288612
b1:v2:h12:tr_4rt:ed_logit:geo1:dyn1:lw_obj:enc_msc:sp_none:hd_sh:dec_leg:nz_glob:us_none:z16:w64:ep100:pat30:bs8:m128:lr0.001:hs_sh:cal1:id0:fit_targ:vm256:wd0.0:pipe_flag:mask0.25:mr0.5:mg0.3:mo0.2,43,states_dc,0.9668432037901278,0.9979921110688844,1.1041306848023882,0.9535049632351758,0.9511395448603592,1.0441643119425064,0.9908880501730786
b1:v2:h12:tr_4rt:ed_logit:geo1:dyn1:lw_obj:enc_msc:sp_none:hd_sh:dec_leg:nz_glob:us_none:z16:w64:ep100:pat30:bs8:m128:lr0.001:hs_sh:cal1:id0:fit_targ:vm256:wd0.0:pipe_flag:mask0.25:mr0.5:mg0.3:mo0.2,44,US,0.9703069708908737,1.1786600646322682,1.629370603549634,0.9553130633798012,0.8183107458007136,1.0093623803588088,1.0254204334398536
b1:v2:h12:tr_4rt:ed_logit:geo1:dyn1:lw_obj:enc_msc:sp_none:hd_sh:dec_leg:nz_glob:us_none:z16:w64:ep100:pat30:bs8:m128:lr0.001:hs_sh:cal1:id0:fit_targ:vm256:wd0.0:pipe_flag:mask0.25:mr0.5:mg0.3:mo0.2,44,all,0.970370589537448,1.106605949488618,1.397049690116157,0.9768898059940253,0.9289697787666888,0.8863555403303512,1.0216007799676181
b1:v2:h12:tr_4rt:ed_logit:geo1:dyn1:lw_obj:enc_msc:sp_none:hd_sh:dec_leg:nz_glob:us_none:z16:w64:ep100:pat30:bs8:m128:lr0.001:hs_sh:cal1:id0:fit_targ:vm256:wd0.0:pipe_flag:mask0.25:mr0.5:mg0.3:mo0.2,44,states_dc,0.9703864941990915,1.0885924207027053,1.3389694617577874,0.9822839916475813,0.9566345370081826,0.855603830323237,1.020645866599559
b1:v2:h12:tr_4rt:ed_logit:geo1:dyn1:lw_obj:enc_msc:sp_none:hd_sh:dec_leg:nz_glob:us_none:z16:w64:ep100:pat30:bs8:m128:lr0.001:hs_sh:cal1:id0:fit_targ:vm256:wd0.0:pipe_flag:mask0.5:mr0.0:mg0.0:mo1.0,42,US,1.0690821411663292,1.0484381924856978,0.9714945124605727,0.9848346409708465,1.5580245484683726,1.4434494901063233,1.0624205492087937
b1:v2:h12:tr_4rt:ed_logit:geo1:dyn1:lw_obj:enc_msc:sp_none:hd_sh:dec_leg:nz_glob:us_none:z16:w64:ep100:pat30:bs8:m128:lr0.001:hs_sh:cal1:id0:fit_targ:vm256:wd0.0:pipe_flag:mask0.5:mr0.0:mg0.0:mo1.0,42,all,1.054549510933671,1.0717456999795936,1.0406584853389609,0.9734682126602698,1.2278350279237682,1.09717819754411,1.0662956457445432
b1:v2:h12:tr_4rt:ed_logit:geo1:dyn1:lw_obj:enc_msc:sp_none:hd_sh:dec_leg:nz_glob:us_none:z16:w64:ep100:pat30:bs8:m128:lr0.001:hs_sh:cal1:id0:fit_targ:vm256:wd0.0:pipe_flag:mask0.5:mr0.0:mg0.0:mo1.0,42,states_dc,1.0509163533755066,1.0775725768530675,1.0579494785585575,0.9706266055826253,1.1452876477876166,1.0106103744035568,1.0672644198784804
b1:v2:h12:tr_4rt:ed_logit:geo1:dyn1:lw_obj:enc_msc:sp_none:hd_sh:dec_leg:nz_glob:us_none:z16:w64:ep100:pat30:bs8:m128:lr0.001:hs_sh:cal1:id0:fit_targ:vm256:wd0.0:pipe_flag:mask0.5:mr0.0:mg0.0:mo1.0,43,US,1.3788113930686148,0.8335055715278349,0.6540232167196285,0.9608491001922069,0.8740752569486031,1.832492428294257,1.0593629015783745
b1:v2:h12:tr_4rt:ed_logit:geo1:dyn1:lw_obj:enc_msc:sp_none:hd_sh:dec_leg:nz_glob:us_none:z16:w64:ep100:pat30:bs8:m128:lr0.001:hs_sh:cal1:id0:fit_targ:vm256:wd0.0:pipe_flag:mask0.5:mr0.0:mg0.0:mo1.0,43,all,1.303168760084415,0.9564625357385177,0.846383435831455,0.9674143543815863,0.9407558117335165,1.3166295540413895,1.1175106973461861
b1:v2:h12:tr_4rt:ed_logit:geo1:dyn1:lw_obj:enc_msc:sp_none:hd_sh:dec_leg:nz_glob:us_none:z16:w64:ep100:pat30:bs8:m128:lr0.001:hs_sh:cal1:id0:fit_targ:vm256:wd0.0:pipe_flag:mask0.5:mr0.0:mg0.0:mo1.0,43,states_dc,1.284258101838365,0.9872017767911885,0.8944734906094115,0.9690556679289312,0.9574259504297448,1.1876638354781723,1.1320476462881393
b1:v2:h12:tr_4rt:ed_logit:geo1:dyn1:lw_obj:enc_msc:sp_none:hd_sh:dec_leg:nz_glob:us_none:z16:w64:ep100:pat30:bs8:m128:lr0.001:hs_sh:cal1:id0:fit_targ:vm256:wd0.0:pipe_flag:mask0.5:mr0.0:mg0.0:mo1.0,44,US,0.9225609971904056,1.0055000621076393,0.6838546738847168,0.9997783057790959,0.9495205420813462,1.35732925315729,0.9607564321748524
b1:v2:h12:tr_4rt:ed_logit:geo1:dyn1:lw_obj:enc_msc:sp_none:hd_sh:dec_leg:nz_glob:us_none:z16:w64:ep100:pat30:bs8:m128:lr0.001:hs_sh:cal1:id0:fit_targ:vm256:wd0.0:pipe_flag:mask0.5:mr0.0:mg0.0:mo1.0,44,all,1.0016143686074832,1.0489356777158794,0.8653809232942833,1.0204637291059595,0.9820875155541269,1.1577981686877918,1.0350653908173382
b1:v2:h12:tr_4rt:ed_logit:geo1:dyn1:lw_obj:enc_msc:sp_none:hd_sh:dec_leg:nz_glob:us_none:z16:w64:ep100:pat30:bs8:m128:lr0.001:hs_sh:cal1:id0:fit_targ:vm256:wd0.0:pipe_flag:mask0.5:mr0.0:mg0.0:mo1.0,44,states_dc,1.0213777114617526,1.0597945816179393,0.910762485646675,1.0256350849376752,0.9902292589223219,1.1079153975704175,1.0536426304779594
b1:v2:h12:tr_4rt:ed_logit:geo1:dyn1:lw_obj:enc_msc:sp_none:hd_sh:dec_leg:nz_glob:us_none:z16:w64:ep100:pat30:bs8:m128:lr0.001:hs_sh:cal1:id0:fit_targ:vm256:wd0.0:pipe_flag:mask0.5:mr0.0:mg1.0:mo0.0,42,US,0.8374601935729395,1.05055771884446,0.9371391199359705,0.7704839232382736,1.1464729682485497,1.3472384910074704,0.8711274247260103
b1:v2:h12:tr_4rt:ed_logit:geo1:dyn1:lw_obj:enc_msc:sp_none:hd_sh:dec_leg:nz_glob:us_none:z16:w64:ep100:pat30:bs8:m128:lr0.001:hs_sh:cal1:id0:fit_targ:vm256:wd0.0:pipe_flag:mask0.5:mr0.0:mg1.0:mo0.0,42,all,0.8970281417607375,1.0386291524841795,1.0117316969699355,0.8355100356017862,1.0351085638872177,1.0214778254443346,0.9340283807549984
b1:v2:h12:tr_4rt:ed_logit:geo1:dyn1:lw_obj:enc_msc:sp_none:hd_sh:dec_leg:nz_glob:us_none:z16:w64:ep100:pat30:bs8:m128:lr0.001:hs_sh:cal1:id0:fit_targ:vm256:wd0.0:pipe_flag:mask0.5:mr0.0:mg1.0:mo0.0,42,states_dc,0.9119201288076869,1.0356470108941094,1.0303798412284266,0.8517665636926641,1.0072674627968847,0.9400376590535506,0.9497536197622454
b1:v2:h12:tr_4rt:ed_logit:geo1:dyn1:lw_obj:enc_msc:sp_none:hd_sh:dec_leg:nz_glob:us_none:z16:w64:ep100:pat30:bs8:m128:lr0.001:hs_sh:cal1:id0:fit_targ:vm256:wd0.0:pipe_flag:mask0.5:mr0.0:mg1.0:mo0.0,43,US,0.8820184419055151,0.9067438345449179,0.7764568262616154,0.9060992963183636,1.1472274896999195,1.7990986011721277,0.9240721014305047
b1:v2:h12:tr_4rt:ed_logit:geo1:dyn1:lw_obj:enc_msc:sp_none:hd_sh:dec_leg:nz_glob:us_none:z16:w64:ep100:pat30:bs8:m128:lr0.001:hs_sh:cal1:id0:fit_targ:vm256:wd0.0:pipe_flag:mask0.5:mr0.0:mg1.0:mo0.0,43,all,0.9341743608767095,0.9692582497007274,0.9368479468322308,0.9772562882493012,1.018458399396357,1.2954515257102845,0.9670817884036587
b1:v2:h12:tr_4rt:ed_logit:geo1:dyn1:lw_obj:enc_msc:sp_none:hd_sh:dec_leg:nz_glob:us_none:z16:w64:ep100:pat30:bs8:m128:lr0.001:hs_sh:cal1:id0:fit_targ:vm256:wd0.0:pipe_flag:mask0.5:mr0.0:mg1.0:mo0.0,43,states_dc,0.9472133406195079,0.9848868534896795,0.9769457269748846,0.9950455362320355,0.9862661268204662,1.1695397568448236,0.977834210146947
b1:v2:h12:tr_4rt:ed_logit:geo1:dyn1:lw_obj:enc_msc:sp_none:hd_sh:dec_leg:nz_glob:us_none:z16:w64:ep100:pat30:bs8:m128:lr0.001:hs_sh:cal1:id0:fit_targ:vm256:wd0.0:pipe_flag:mask0.5:mr0.0:mg1.0:mo0.0,44,US,0.9819733917320347,1.2196112359581188,1.1718122279675607,0.7159315064087256,0.7752984113881696,1.0259154355639053,1.0635893708227047
b1:v2:h12:tr_4rt:ed_logit:geo1:dyn1:lw_obj:enc_msc:sp_none:hd_sh:dec_leg:nz_glob:us_none:z16:w64:ep100:pat30:bs8:m128:lr0.001:hs_sh:cal1:id0:fit_targ:vm256:wd0.0:pipe_flag:mask0.5:mr0.0:mg1.0:mo0.0,44,all,0.9668127929823375,1.120575097104442,1.1711491906320015,0.8698453425913474,0.8879567656272253,0.9344957462882194,1.0322923159185322
b1:v2:h12:tr_4rt:ed_logit:geo1:dyn1:lw_obj:enc_msc:sp_none:hd_sh:dec_leg:nz_glob:us_none:z16:w64:ep100:pat30:bs8:m128:lr0.001:hs_sh:cal1:id0:fit_targ:vm256:wd0.0:pipe_flag:mask0.5:mr0.0:mg1.0:mo0.0,44,states_dc,0.963022643294913,1.0958160623910227,1.1709834312981116,0.908323801637003,0.9161213541869891,0.911640823969298,1.0244680521924892
b1:v2:h12:tr_4rt:ed_logit:geo1:dyn1:lw_obj:enc_msc:sp_none:hd_sh:dec_leg:nz_glob:us_none:z16:w64:ep100:pat30:bs8:m128:lr0.001:hs_sh:cal1:id0:fit_targ:vm256:wd0.0:pipe_flag:mask0.5:mr0.5:mg0.3:mo0.2,42,US,0.8583548093935279,1.1139133301822852,1.062126590299488,0.8071724583961728,0.7870771796114251,1.3006236828862514,0.9149563991820008
b1:v2:h12:tr_4rt:ed_logit:geo1:dyn1:lw_obj:enc_msc:sp_none:hd_sh:dec_leg:nz_glob:us_none:z16:w64:ep100:pat30:bs8:m128:lr0.001:hs_sh:cal1:id0:fit_targ:vm256:wd0.0:pipe_flag:mask0.5:mr0.5:mg0.3:mo0.2,42,all,0.949705225765953,1.063141299629092,1.1130774192206854,0.8763210410836054,0.9186406412923205,1.0644998813751898,0.9836606282133391
b1:v2:h12:tr_4rt:ed_logit:geo1:dyn1:lw_obj:enc_msc:sp_none:hd_sh:dec_leg:nz_glob:us_none:z16:w64:ep100:pat30:bs8:m128:lr0.001:hs_sh:cal1:id0:fit_targ:vm256:wd0.0:pipe_flag:mask0.5:mr0.5:mg0.3:mo0.2,42,states_dc,0.9725428298590589,1.0504482919907936,1.1258151264509846,0.8936081867554633,0.9515315067125443,1.0054689309974243,1.0008366854711734
b1:v2:h12:tr_4rt:ed_logit:geo1:dyn1:lw_obj:enc_msc:sp_none:hd_sh:dec_leg:nz_glob:us_none:z16:w64:ep100:pat30:bs8:m128:lr0.001:hs_sh:cal1:id0:fit_targ:vm256:wd0.0:pipe_flag:mask0.5:mr0.5:mg0.3:mo0.2,43,US,1.0337541471077882,1.0618952070684586,0.657755617682692,0.8858345132458998,0.9339845913622733,1.6696467771035433,1.0055776216171914
b1:v2:h12:tr_4rt:ed_logit:geo1:dyn1:lw_obj:enc_msc:sp_none:hd_sh:dec_leg:nz_glob:us_none:z16:w64:ep100:pat30:bs8:m128:lr0.001:hs_sh:cal1:id0:fit_targ:vm256:wd0.0:pipe_flag:mask0.5:mr0.5:mg0.3:mo0.2,43,all,1.0526435844383253,1.0833568558410247,0.8660336752458253,0.9549068915438542,1.0512711325296427,1.2426102442497553,1.0528598417941124
b1:v2:h12:tr_4rt:ed_logit:geo1:dyn1:lw_obj:enc_msc:sp_none:hd_sh:dec_leg:nz_glob:us_none:z16:w64:ep100:pat30:bs8:m128:lr0.001:hs_sh:cal1:id0:fit_targ:vm256:wd0.0:pipe_flag:mask0.5:mr0.5:mg0.3:mo0.2,43,states_dc,1.0573659437709597,1.0887222680341662,0.9181031896366085,0.9721749861183427,1.080592767821485,1.1358511110363085,1.0646803968383425
b1:v2:h12:tr_4rt:ed_logit:geo1:dyn1:lw_obj:enc_msc:sp_none:hd_sh:dec_leg:nz_glob:us_none:z16:w64:ep100:pat30:bs8:m128:lr0.001:hs_sh:cal1:id0:fit_targ:vm256:wd0.0:pipe_flag:mask0.5:mr0.5:mg0.3:mo0.2,44,US,1.0136361244792373,1.3100692861424692,0.980511064478782,0.7176559066193877,0.960417710962978,1.033190969772499,1.0199328423354201
b1:v2:h12:tr_4rt:ed_logit:geo1:dyn1:lw_obj:enc_msc:sp_none:hd_sh:dec_leg:nz_glob:us_none:z16:w64:ep100:pat30:bs8:m128:lr0.001:hs_sh:cal1:id0:fit_targ:vm256:wd0.0:pipe_flag:mask0.5:mr0.5:mg0.3:mo0.2,44,all,1.0265257800659255,1.2138209102178215,1.0962905468972028,0.8311412871574813,0.9669119343910977,0.8929070606060834,1.0561295385744252
b1:v2:h12:tr_4rt:ed_logit:geo1:dyn1:lw_obj:enc_msc:sp_none:hd_sh:dec_leg:nz_glob:us_none:z16:w64:ep100:pat30:bs8:m128:lr0.001:hs_sh:cal1:id0:fit_targ:vm256:wd0.0:pipe_flag:mask0.5:mr0.5:mg0.3:mo0.2,44,states_dc,1.0297481939625972,1.1897588162366595,1.1252354175018078,0.8595126322920045,0.9685354902481272,0.8578360833144796,1.065178712634176
b1:v2:h12:tr_4rt:ed_logit:geo1:dyn1:lw_obj:enc_msc:sp_none:hd_sh:dec_leg:nz_glob:us_none:z16:w64:ep100:pat30:bs8:m128:lr0.001:hs_sh:cal1:id0:fit_targ:vm256:wd0.0:pipe_flag:mask0.5:mr1.0:mg0.0:mo0.0,42,US,1.1074895321976126,1.2924934107267183,0.9820213504526121,0.7194234878726079,1.2474860350202097,1.243760952780981,1.172444947039306
b1:v2:h12:tr_4rt:ed_logit:geo1:dyn1:lw_obj:enc_msc:sp_none:hd_sh:dec_leg:nz_glob:us_none:z16:w64:ep100:pat30:bs8:m128:lr0.001:hs_sh:cal1:id0:fit_targ:vm256:wd0.0:pipe_flag:mask0.5:mr1.0:mg0.0:mo0.0,42,all,1.0603906717091913,1.1532302390705382,1.1267517023967746,0.8411127432073484,1.080747044472063,1.0058401641595838,1.0886498705499068
b1:v2:h12:tr_4rt:ed_logit:geo1:dyn1:lw_obj:enc_msc:sp_none:hd_sh:dec_leg:nz_glob:us_none:z16:w64:ep100:pat30:bs8:m128:lr0.001:hs_sh:cal1:id0:fit_targ:vm256:wd0.0:pipe_flag:mask0.5:mr1.0:mg0.0:mo0.0,42,states_dc,1.048615956587086,1.118414446156493,1.162934290382815,0.8715350570410336,1.0390622968350263,0.9463599670042344,1.0677011014275568
b1:v2:h12:tr_4rt:ed_logit:geo1:dyn1:lw_obj:enc_msc:sp_none:hd_sh:dec_leg:nz_glob:us_none:z16:w64:ep100:pat30:bs8:m128:lr0.001:hs_sh:cal1:id0:fit_targ:vm256:wd0.0:pipe_flag:mask0.5:mr1.0:mg0.0:mo0.0,43,US,1.0274727421717658,1.2316626452510029,0.9205284845432253,0.8353770180880666,0.896376451505871,1.8249361520418999,1.1364514272500257
b1:v2:h12:tr_4rt:ed_logit:geo1:dyn1:lw_obj:enc_msc:sp_none:hd_sh:dec_leg:nz_glob:us_none:z16:w64:ep100:pat30:bs8:m128:lr0.001:hs_sh:cal1:id0:fit_targ:vm256:wd0.0:pipe_flag:mask0.5:mr1.0:mg0.0:mo0.0,43,all,1.0440980951170575,1.1285524989452358,1.1007451662210435,0.9310230784407093,0.9409877297678126,1.3928677895085944,1.1190307880919341
b1:v2:h12:tr_4rt:ed_logit:geo1:dyn1:lw_obj:enc_msc:sp_none:hd_sh:dec_leg:nz_glob:us_none:z16:w64:ep100:pat30:bs8:m128:lr0.001:hs_sh:cal1:id0:fit_targ:vm256:wd0.0:pipe_flag:mask0.5:mr1.0:mg0.0:mo0.0,43,states_dc,1.0482544333533805,1.102774962368794,1.145799336640498,0.95493459352887,0.952140549333298,1.2848506988752684,1.1146756283024113
b1:v2:h12:tr_4rt:ed_logit:geo1:dyn1:lw_obj:enc_msc:sp_none:hd_sh:dec_leg:nz_glob:us_none:z16:w64:ep100:pat30:bs8:m128:lr0.001:hs_sh:cal1:id0:fit_targ:vm256:wd0.0:pipe_flag:mask0.5:mr1.0:mg0.0:mo0.0,44,US,0.7998101675360944,1.203096330563283,1.0861352301022813,0.6554279566203468,1.1944132188766727,0.7996108010830073,0.9807832805271411
b1:v2:h12:tr_4rt:ed_logit:geo1:dyn1:lw_obj:enc_msc:sp_none:hd_sh:dec_leg:nz_glob:us_none:z16:w64:ep100:pat30:bs8:m128:lr0.001:hs_sh:cal1:id0:fit_targ:vm256:wd0.0:pipe_flag:mask0.5:mr1.0:mg0.0:mo0.0,44,all,0.8711143189299578,1.1796242896940747,1.142684037809779,0.819112943317087,1.066300120361416,0.7701720552167804,1.0042875516918663
b1:v2:h12:tr_4rt:ed_logit:geo1:dyn1:lw_obj:enc_msc:sp_none:hd_sh:dec_leg:nz_glob:us_none:z16:w64:ep100:pat30:bs8:m128:lr0.001:hs_sh:cal1:id0:fit_targ:vm256:wd0.0:pipe_flag:mask0.5:mr1.0:mg0.0:mo0.0,44,states_dc,0.8889403567784235,1.1737562794767724,1.156821239736653,0.8600341899912719,1.0342718457326017,0.7628123687502237,1.0101636194830474
b1:v2:h12:tr_4rt:ed_logit:geo1:dyn1:lw_obj:enc_msc:sp_none:hd_sh:dec_leg:nz_glob:us_none:z16:w64:ep100:pat30:bs8:m128:lr0.001:hs_sh:cal1:id0:fit_targ:vm256:wd0.0:pipe_two:mask0.5:mr0.5:mg0.3:mo0.2,42,US,1.2914733560374534,1.4762989418828378,1.0068101459989158,0.8358464784038486,1.2019821870231495,0.8750097784518263,1.2710272886456824
b1:v2:h12:tr_4rt:ed_logit:geo1:dyn1:lw_obj:enc_msc:sp_none:hd_sh:dec_leg:nz_glob:us_none:z16:w64:ep100:pat30:bs8:m128:lr0.001:hs_sh:cal1:id0:fit_targ:vm256:wd0.0:pipe_two:mask0.5:mr0.5:mg0.3:mo0.2,42,all,1.3046356876128409,1.347533359430877,1.1704001957765444,0.9110907880502284,1.116410542674264,0.8165321226841928,1.2724125177591363
b1:v2:h12:tr_4rt:ed_logit:geo1:dyn1:lw_obj:enc_msc:sp_none:hd_sh:dec_leg:nz_glob:us_none:z16:w64:ep100:pat30:bs8:m128:lr0.001:hs_sh:cal1:id0:fit_targ:vm256:wd0.0:pipe_two:mask0.5:mr0.5:mg0.3:mo0.2,42,states_dc,1.3079262705066876,1.3153419638178863,1.211297708220951,0.9299018654618233,1.0950176315870428,0.8019127087422844,1.2727588250375
b1:v2:h12:tr_4rt:ed_logit:geo1:dyn1:lw_obj:enc_msc:sp_none:hd_sh:dec_leg:nz_glob:us_none:z16:w64:ep100:pat30:bs8:m128:lr0.001:hs_sh:cal1:id0:fit_targ:vm256:wd0.0:pipe_two:mask0.5:mr0.5:mg0.3:mo0.2,43,US,1.348824971772171,1.1481831348167786,1.026219513455364,0.82205114845628,1.3678860508216761,1.1570281589571862,1.1540241608828112
b1:v2:h12:tr_4rt:ed_logit:geo1:dyn1:lw_obj:enc_msc:sp_none:hd_sh:dec_leg:nz_glob:us_none:z16:w64:ep100:pat30:bs8:m128:lr0.001:hs_sh:cal1:id0:fit_targ:vm256:wd0.0:pipe_two:mask0.5:mr0.5:mg0.3:mo0.2,43,all,1.3739710173642585,1.112549719758515,1.1703563444376253,0.9263908634838859,1.2914339902432501,1.0015696958880793,1.1970505699360252
b1:v2:h12:tr_4rt:ed_logit:geo1:dyn1:lw_obj:enc_msc:sp_none:hd_sh:dec_leg:nz_glob:us_none:z16:w64:ep100:pat30:bs8:m128:lr0.001:hs_sh:cal1:id0:fit_targ:vm256:wd0.0:pipe_two:mask0.5:mr0.5:mg0.3:mo0.2,43,states_dc,1.3802575287622798,1.103641365993949,1.2063905521831904,0.9524757922407873,1.2723209750986435,0.9627050801208027,1.2078071721993284
b1:v2:h12:tr_4rt:ed_logit:geo1:dyn1:lw_obj:enc_msc:sp_none:hd_sh:dec_leg:nz_glob:us_none:z16:w64:ep100:pat30:bs8:m128:lr0.001:hs_sh:cal1:id0:fit_targ:vm256:wd0.0:pipe_two:mask0.5:mr0.5:mg0.3:mo0.2,44,US,1.1013347121962693,1.3619611176767576,0.6135923525042511,0.9223356495953111,1.6314715611439747,0.9239579742180956,1.1473945902507134
b1:v2:h12:tr_4rt:ed_logit:geo1:dyn1:lw_obj:enc_msc:sp_none:hd_sh:dec_leg:nz_glob:us_none:z16:w64:ep100:pat30:bs8:m128:lr0.001:hs_sh:cal1:id0:fit_targ:vm256:wd0.0:pipe_two:mask0.5:mr0.5:mg0.3:mo0.2,44,all,1.1276350260486776,1.2299402032697362,0.8204300456491105,1.0030964810388703,1.37763032661693,0.818606225665846,1.1496777034957526
b1:v2:h12:tr_4rt:ed_logit:geo1:dyn1:lw_obj:enc_msc:sp_none:hd_sh:dec_leg:nz_glob:us_none:z16:w64:ep100:pat30:bs8:m128:lr0.001:hs_sh:cal1:id0:fit_targ:vm256:wd0.0:pipe_two:mask0.5:mr0.5:mg0.3:mo0.2,44,states_dc,1.1342101045117794,1.1969349746679805,0.8721394689353252,1.02328668889976,1.314170017985169,0.7922682885277836,1.1502484818070122
