config_id,seed,history,metric,season,score,name
"pilot_method=corrected,reporting_missingness=0,reporting_strength=0.5,ed_transform=logit,spatial=distance,epochs=120,patience=15,fit_partition=pathogen,covariate_encoder=summary,input_mode=scheduled_final,input_normalization=b0,evaluation_seasons=recent_two",42,corrected,six_target_native,2024-2025,0.9344659473002505,pathogen_distance_synthetic_tree_pipeline
"pilot_method=corrected,reporting_missingness=0,reporting_strength=0.5,ed_transform=logit,spatial=distance,epochs=120,patience=15,fit_partition=pathogen,covariate_encoder=summary,input_mode=scheduled_final,input_normalization=b0,evaluation_seasons=recent_two",42,corrected,six_target_native,2025-2026,0.9810604838678676,pathogen_distance_synthetic_tree_pipeline
"pilot_method=corrected,reporting_missingness=0,reporting_strength=0.5,ed_transform=logit,spatial=distance,epochs=120,patience=15,fit_partition=pathogen,covariate_encoder=summary,input_mode=scheduled_final,input_normalization=b0,evaluation_seasons=recent_two",42,corrected,six_target_native,equal_season_mean,0.957763215584059,pathogen_distance_synthetic_tree_pipeline
"pilot_method=corrected,reporting_missingness=0,reporting_strength=0.5,ed_transform=logit,spatial=distance,epochs=120,patience=15,fit_partition=pathogen,covariate_encoder=summary,input_mode=scheduled_final,input_normalization=b0,evaluation_seasons=recent_two",42,corrected,flu_admissions_native,2024-2025,0.7063610512660572,pathogen_distance_synthetic_tree_pipeline
"pilot_method=corrected,reporting_missingness=0,reporting_strength=0.5,ed_transform=logit,spatial=distance,epochs=120,patience=15,fit_partition=pathogen,covariate_encoder=summary,input_mode=scheduled_final,input_normalization=b0,evaluation_seasons=recent_two",42,corrected,flu_admissions_native,2025-2026,0.9307897940209544,pathogen_distance_synthetic_tree_pipeline
"pilot_method=corrected,reporting_missingness=0,reporting_strength=0.5,ed_transform=logit,spatial=distance,epochs=120,patience=15,fit_partition=pathogen,covariate_encoder=summary,input_mode=scheduled_final,input_normalization=b0,evaluation_seasons=recent_two",42,corrected,flu_admissions_native,equal_season_mean,0.8185754226435058,pathogen_distance_synthetic_tree_pipeline
"pilot_method=corrected,reporting_missingness=0,reporting_strength=0.5,ed_transform=logit,spatial=distance,epochs=120,patience=15,fit_partition=pathogen,covariate_encoder=summary,input_mode=scheduled_final,input_normalization=b0,evaluation_seasons=recent_two",42,corrected,flu_admissions_log,2024-2025,0.7587258456164928,pathogen_distance_synthetic_tree_pipeline
"pilot_method=corrected,reporting_missingness=0,reporting_strength=0.5,ed_transform=logit,spatial=distance,epochs=120,patience=15,fit_partition=pathogen,covariate_encoder=summary,input_mode=scheduled_final,input_normalization=b0,evaluation_seasons=recent_two",42,corrected,flu_admissions_log,2025-2026,0.9378164212722938,pathogen_distance_synthetic_tree_pipeline
"pilot_method=corrected,reporting_missingness=0,reporting_strength=0.5,ed_transform=logit,spatial=distance,epochs=120,patience=15,fit_partition=pathogen,covariate_encoder=summary,input_mode=scheduled_final,input_normalization=b0,evaluation_seasons=recent_two",42,corrected,flu_admissions_log,equal_season_mean,0.8482711334443933,pathogen_distance_synthetic_tree_pipeline
"pilot_method=corrected,reporting_missingness=0,reporting_strength=0.5,ed_transform=logit,spatial=distance,epochs=120,patience=15,fit_partition=pathogen,covariate_encoder=summary,input_mode=scheduled_final,input_normalization=b0,evaluation_seasons=recent_two",42,half,six_target_native,2024-2025,0.9603741453158068,pathogen_distance_synthetic_tree_pipeline
"pilot_method=corrected,reporting_missingness=0,reporting_strength=0.5,ed_transform=logit,spatial=distance,epochs=120,patience=15,fit_partition=pathogen,covariate_encoder=summary,input_mode=scheduled_final,input_normalization=b0,evaluation_seasons=recent_two",42,half,six_target_native,2025-2026,0.9712215388620052,pathogen_distance_synthetic_tree_pipeline
"pilot_method=corrected,reporting_missingness=0,reporting_strength=0.5,ed_transform=logit,spatial=distance,epochs=120,patience=15,fit_partition=pathogen,covariate_encoder=summary,input_mode=scheduled_final,input_normalization=b0,evaluation_seasons=recent_two",42,half,six_target_native,equal_season_mean,0.965797842088906,pathogen_distance_synthetic_tree_pipeline
"pilot_method=corrected,reporting_missingness=0,reporting_strength=0.5,ed_transform=logit,spatial=distance,epochs=120,patience=15,fit_partition=pathogen,covariate_encoder=summary,input_mode=scheduled_final,input_normalization=b0,evaluation_seasons=recent_two",42,half,flu_admissions_native,2024-2025,0.713460105440827,pathogen_distance_synthetic_tree_pipeline
"pilot_method=corrected,reporting_missingness=0,reporting_strength=0.5,ed_transform=logit,spatial=distance,epochs=120,patience=15,fit_partition=pathogen,covariate_encoder=summary,input_mode=scheduled_final,input_normalization=b0,evaluation_seasons=recent_two",42,half,flu_admissions_native,2025-2026,0.926270338094198,pathogen_distance_synthetic_tree_pipeline
"pilot_method=corrected,reporting_missingness=0,reporting_strength=0.5,ed_transform=logit,spatial=distance,epochs=120,patience=15,fit_partition=pathogen,covariate_encoder=summary,input_mode=scheduled_final,input_normalization=b0,evaluation_seasons=recent_two",42,half,flu_admissions_native,equal_season_mean,0.8198652217675124,pathogen_distance_synthetic_tree_pipeline
"pilot_method=corrected,reporting_missingness=0,reporting_strength=0.5,ed_transform=logit,spatial=distance,epochs=120,patience=15,fit_partition=pathogen,covariate_encoder=summary,input_mode=scheduled_final,input_normalization=b0,evaluation_seasons=recent_two",42,half,flu_admissions_log,2024-2025,0.7800004609802125,pathogen_distance_synthetic_tree_pipeline
"pilot_method=corrected,reporting_missingness=0,reporting_strength=0.5,ed_transform=logit,spatial=distance,epochs=120,patience=15,fit_partition=pathogen,covariate_encoder=summary,input_mode=scheduled_final,input_normalization=b0,evaluation_seasons=recent_two",42,half,flu_admissions_log,2025-2026,0.9489398466513894,pathogen_distance_synthetic_tree_pipeline
"pilot_method=corrected,reporting_missingness=0,reporting_strength=0.5,ed_transform=logit,spatial=distance,epochs=120,patience=15,fit_partition=pathogen,covariate_encoder=summary,input_mode=scheduled_final,input_normalization=b0,evaluation_seasons=recent_two",42,half,flu_admissions_log,equal_season_mean,0.864470153815801,pathogen_distance_synthetic_tree_pipeline
"pilot_method=corrected,reporting_missingness=0,reporting_strength=0.5,ed_transform=logit,spatial=distance,epochs=120,patience=15,fit_partition=pathogen,covariate_encoder=summary,input_mode=scheduled_final,input_normalization=b0,evaluation_seasons=recent_two",42,raw,six_target_native,2024-2025,0.991809308236664,pathogen_distance_synthetic_tree_pipeline
"pilot_method=corrected,reporting_missingness=0,reporting_strength=0.5,ed_transform=logit,spatial=distance,epochs=120,patience=15,fit_partition=pathogen,covariate_encoder=summary,input_mode=scheduled_final,input_normalization=b0,evaluation_seasons=recent_two",42,raw,six_target_native,2025-2026,0.9679082308539048,pathogen_distance_synthetic_tree_pipeline
"pilot_method=corrected,reporting_missingness=0,reporting_strength=0.5,ed_transform=logit,spatial=distance,epochs=120,patience=15,fit_partition=pathogen,covariate_encoder=summary,input_mode=scheduled_final,input_normalization=b0,evaluation_seasons=recent_two",42,raw,six_target_native,equal_season_mean,0.9798587695452844,pathogen_distance_synthetic_tree_pipeline
"pilot_method=corrected,reporting_missingness=0,reporting_strength=0.5,ed_transform=logit,spatial=distance,epochs=120,patience=15,fit_partition=pathogen,covariate_encoder=summary,input_mode=scheduled_final,input_normalization=b0,evaluation_seasons=recent_two",42,raw,flu_admissions_native,2024-2025,0.7244643055786918,pathogen_distance_synthetic_tree_pipeline
"pilot_method=corrected,reporting_missingness=0,reporting_strength=0.5,ed_transform=logit,spatial=distance,epochs=120,patience=15,fit_partition=pathogen,covariate_encoder=summary,input_mode=scheduled_final,input_normalization=b0,evaluation_seasons=recent_two",42,raw,flu_admissions_native,2025-2026,0.9257039794074452,pathogen_distance_synthetic_tree_pipeline
"pilot_method=corrected,reporting_missingness=0,reporting_strength=0.5,ed_transform=logit,spatial=distance,epochs=120,patience=15,fit_partition=pathogen,covariate_encoder=summary,input_mode=scheduled_final,input_normalization=b0,evaluation_seasons=recent_two",42,raw,flu_admissions_native,equal_season_mean,0.8250841424930686,pathogen_distance_synthetic_tree_pipeline
"pilot_method=corrected,reporting_missingness=0,reporting_strength=0.5,ed_transform=logit,spatial=distance,epochs=120,patience=15,fit_partition=pathogen,covariate_encoder=summary,input_mode=scheduled_final,input_normalization=b0,evaluation_seasons=recent_two",42,raw,flu_admissions_log,2024-2025,0.8079539577217967,pathogen_distance_synthetic_tree_pipeline
"pilot_method=corrected,reporting_missingness=0,reporting_strength=0.5,ed_transform=logit,spatial=distance,epochs=120,patience=15,fit_partition=pathogen,covariate_encoder=summary,input_mode=scheduled_final,input_normalization=b0,evaluation_seasons=recent_two",42,raw,flu_admissions_log,2025-2026,0.9697088315849882,pathogen_distance_synthetic_tree_pipeline
"pilot_method=corrected,reporting_missingness=0,reporting_strength=0.5,ed_transform=logit,spatial=distance,epochs=120,patience=15,fit_partition=pathogen,covariate_encoder=summary,input_mode=scheduled_final,input_normalization=b0,evaluation_seasons=recent_two",42,raw,flu_admissions_log,equal_season_mean,0.8888313946533924,pathogen_distance_synthetic_tree_pipeline
"pilot_method=corrected,reporting_missingness=0,reporting_strength=0.5,ed_transform=logit,spatial=distance,epochs=120,patience=15,fit_partition=pathogen,covariate_encoder=summary,input_mode=scheduled_final,input_normalization=b0,evaluation_seasons=recent_two",43,corrected,six_target_native,2024-2025,0.9265898619467282,pathogen_distance_synthetic_tree_pipeline
"pilot_method=corrected,reporting_missingness=0,reporting_strength=0.5,ed_transform=logit,spatial=distance,epochs=120,patience=15,fit_partition=pathogen,covariate_encoder=summary,input_mode=scheduled_final,input_normalization=b0,evaluation_seasons=recent_two",43,corrected,six_target_native,2025-2026,1.0925293340312288,pathogen_distance_synthetic_tree_pipeline
"pilot_method=corrected,reporting_missingness=0,reporting_strength=0.5,ed_transform=logit,spatial=distance,epochs=120,patience=15,fit_partition=pathogen,covariate_encoder=summary,input_mode=scheduled_final,input_normalization=b0,evaluation_seasons=recent_two",43,corrected,six_target_native,equal_season_mean,1.0095595979889784,pathogen_distance_synthetic_tree_pipeline
"pilot_method=corrected,reporting_missingness=0,reporting_strength=0.5,ed_transform=logit,spatial=distance,epochs=120,patience=15,fit_partition=pathogen,covariate_encoder=summary,input_mode=scheduled_final,input_normalization=b0,evaluation_seasons=recent_two",43,corrected,flu_admissions_native,2024-2025,0.7887251606296048,pathogen_distance_synthetic_tree_pipeline
"pilot_method=corrected,reporting_missingness=0,reporting_strength=0.5,ed_transform=logit,spatial=distance,epochs=120,patience=15,fit_partition=pathogen,covariate_encoder=summary,input_mode=scheduled_final,input_normalization=b0,evaluation_seasons=recent_two",43,corrected,flu_admissions_native,2025-2026,1.1031452538692912,pathogen_distance_synthetic_tree_pipeline
"pilot_method=corrected,reporting_missingness=0,reporting_strength=0.5,ed_transform=logit,spatial=distance,epochs=120,patience=15,fit_partition=pathogen,covariate_encoder=summary,input_mode=scheduled_final,input_normalization=b0,evaluation_seasons=recent_two",43,corrected,flu_admissions_native,equal_season_mean,0.945935207249448,pathogen_distance_synthetic_tree_pipeline
"pilot_method=corrected,reporting_missingness=0,reporting_strength=0.5,ed_transform=logit,spatial=distance,epochs=120,patience=15,fit_partition=pathogen,covariate_encoder=summary,input_mode=scheduled_final,input_normalization=b0,evaluation_seasons=recent_two",43,corrected,flu_admissions_log,2024-2025,0.8513572835991372,pathogen_distance_synthetic_tree_pipeline
"pilot_method=corrected,reporting_missingness=0,reporting_strength=0.5,ed_transform=logit,spatial=distance,epochs=120,patience=15,fit_partition=pathogen,covariate_encoder=summary,input_mode=scheduled_final,input_normalization=b0,evaluation_seasons=recent_two",43,corrected,flu_admissions_log,2025-2026,1.1062960703694695,pathogen_distance_synthetic_tree_pipeline
"pilot_method=corrected,reporting_missingness=0,reporting_strength=0.5,ed_transform=logit,spatial=distance,epochs=120,patience=15,fit_partition=pathogen,covariate_encoder=summary,input_mode=scheduled_final,input_normalization=b0,evaluation_seasons=recent_two",43,corrected,flu_admissions_log,equal_season_mean,0.9788266769843034,pathogen_distance_synthetic_tree_pipeline
"pilot_method=corrected,reporting_missingness=0,reporting_strength=0.5,ed_transform=logit,spatial=distance,epochs=120,patience=15,fit_partition=pathogen,covariate_encoder=summary,input_mode=scheduled_final,input_normalization=b0,evaluation_seasons=recent_two",43,half,six_target_native,2024-2025,0.9507839507035104,pathogen_distance_synthetic_tree_pipeline
"pilot_method=corrected,reporting_missingness=0,reporting_strength=0.5,ed_transform=logit,spatial=distance,epochs=120,patience=15,fit_partition=pathogen,covariate_encoder=summary,input_mode=scheduled_final,input_normalization=b0,evaluation_seasons=recent_two",43,half,six_target_native,2025-2026,1.0988162373201942,pathogen_distance_synthetic_tree_pipeline
"pilot_method=corrected,reporting_missingness=0,reporting_strength=0.5,ed_transform=logit,spatial=distance,epochs=120,patience=15,fit_partition=pathogen,covariate_encoder=summary,input_mode=scheduled_final,input_normalization=b0,evaluation_seasons=recent_two",43,half,six_target_native,equal_season_mean,1.0248000940118522,pathogen_distance_synthetic_tree_pipeline
"pilot_method=corrected,reporting_missingness=0,reporting_strength=0.5,ed_transform=logit,spatial=distance,epochs=120,patience=15,fit_partition=pathogen,covariate_encoder=summary,input_mode=scheduled_final,input_normalization=b0,evaluation_seasons=recent_two",43,half,flu_admissions_native,2024-2025,0.803702605193873,pathogen_distance_synthetic_tree_pipeline
"pilot_method=corrected,reporting_missingness=0,reporting_strength=0.5,ed_transform=logit,spatial=distance,epochs=120,patience=15,fit_partition=pathogen,covariate_encoder=summary,input_mode=scheduled_final,input_normalization=b0,evaluation_seasons=recent_two",43,half,flu_admissions_native,2025-2026,1.0962107475411242,pathogen_distance_synthetic_tree_pipeline
"pilot_method=corrected,reporting_missingness=0,reporting_strength=0.5,ed_transform=logit,spatial=distance,epochs=120,patience=15,fit_partition=pathogen,covariate_encoder=summary,input_mode=scheduled_final,input_normalization=b0,evaluation_seasons=recent_two",43,half,flu_admissions_native,equal_season_mean,0.9499566763674988,pathogen_distance_synthetic_tree_pipeline
"pilot_method=corrected,reporting_missingness=0,reporting_strength=0.5,ed_transform=logit,spatial=distance,epochs=120,patience=15,fit_partition=pathogen,covariate_encoder=summary,input_mode=scheduled_final,input_normalization=b0,evaluation_seasons=recent_two",43,half,flu_admissions_log,2024-2025,0.8799943123454492,pathogen_distance_synthetic_tree_pipeline
"pilot_method=corrected,reporting_missingness=0,reporting_strength=0.5,ed_transform=logit,spatial=distance,epochs=120,patience=15,fit_partition=pathogen,covariate_encoder=summary,input_mode=scheduled_final,input_normalization=b0,evaluation_seasons=recent_two",43,half,flu_admissions_log,2025-2026,1.1102594215609356,pathogen_distance_synthetic_tree_pipeline
"pilot_method=corrected,reporting_missingness=0,reporting_strength=0.5,ed_transform=logit,spatial=distance,epochs=120,patience=15,fit_partition=pathogen,covariate_encoder=summary,input_mode=scheduled_final,input_normalization=b0,evaluation_seasons=recent_two",43,half,flu_admissions_log,equal_season_mean,0.9951268669531924,pathogen_distance_synthetic_tree_pipeline
"pilot_method=corrected,reporting_missingness=0,reporting_strength=0.5,ed_transform=logit,spatial=distance,epochs=120,patience=15,fit_partition=pathogen,covariate_encoder=summary,input_mode=scheduled_final,input_normalization=b0,evaluation_seasons=recent_two",43,raw,six_target_native,2024-2025,0.9803709808787836,pathogen_distance_synthetic_tree_pipeline
"pilot_method=corrected,reporting_missingness=0,reporting_strength=0.5,ed_transform=logit,spatial=distance,epochs=120,patience=15,fit_partition=pathogen,covariate_encoder=summary,input_mode=scheduled_final,input_normalization=b0,evaluation_seasons=recent_two",43,raw,six_target_native,2025-2026,1.1107406889232212,pathogen_distance_synthetic_tree_pipeline
"pilot_method=corrected,reporting_missingness=0,reporting_strength=0.5,ed_transform=logit,spatial=distance,epochs=120,patience=15,fit_partition=pathogen,covariate_encoder=summary,input_mode=scheduled_final,input_normalization=b0,evaluation_seasons=recent_two",43,raw,six_target_native,equal_season_mean,1.0455558349010023,pathogen_distance_synthetic_tree_pipeline
"pilot_method=corrected,reporting_missingness=0,reporting_strength=0.5,ed_transform=logit,spatial=distance,epochs=120,patience=15,fit_partition=pathogen,covariate_encoder=summary,input_mode=scheduled_final,input_normalization=b0,evaluation_seasons=recent_two",43,raw,flu_admissions_native,2024-2025,0.8213852166752998,pathogen_distance_synthetic_tree_pipeline
"pilot_method=corrected,reporting_missingness=0,reporting_strength=0.5,ed_transform=logit,spatial=distance,epochs=120,patience=15,fit_partition=pathogen,covariate_encoder=summary,input_mode=scheduled_final,input_normalization=b0,evaluation_seasons=recent_two",43,raw,flu_admissions_native,2025-2026,1.0929410986932295,pathogen_distance_synthetic_tree_pipeline
"pilot_method=corrected,reporting_missingness=0,reporting_strength=0.5,ed_transform=logit,spatial=distance,epochs=120,patience=15,fit_partition=pathogen,covariate_encoder=summary,input_mode=scheduled_final,input_normalization=b0,evaluation_seasons=recent_two",43,raw,flu_admissions_native,equal_season_mean,0.9571631576842649,pathogen_distance_synthetic_tree_pipeline
"pilot_method=corrected,reporting_missingness=0,reporting_strength=0.5,ed_transform=logit,spatial=distance,epochs=120,patience=15,fit_partition=pathogen,covariate_encoder=summary,input_mode=scheduled_final,input_normalization=b0,evaluation_seasons=recent_two",43,raw,flu_admissions_log,2024-2025,0.9141991058407394,pathogen_distance_synthetic_tree_pipeline
"pilot_method=corrected,reporting_missingness=0,reporting_strength=0.5,ed_transform=logit,spatial=distance,epochs=120,patience=15,fit_partition=pathogen,covariate_encoder=summary,input_mode=scheduled_final,input_normalization=b0,evaluation_seasons=recent_two",43,raw,flu_admissions_log,2025-2026,1.122433229053032,pathogen_distance_synthetic_tree_pipeline
"pilot_method=corrected,reporting_missingness=0,reporting_strength=0.5,ed_transform=logit,spatial=distance,epochs=120,patience=15,fit_partition=pathogen,covariate_encoder=summary,input_mode=scheduled_final,input_normalization=b0,evaluation_seasons=recent_two",43,raw,flu_admissions_log,equal_season_mean,1.0183161674468857,pathogen_distance_synthetic_tree_pipeline
"pilot_method=corrected,reporting_missingness=0,reporting_strength=0.5,ed_transform=logit,spatial=neighbors,epochs=120,patience=15,fit_partition=target,covariate_encoder=summary,covariate_set=kinsa,input_mode=scheduled_final,input_normalization=b0,evaluation_seasons=recent_two",42,corrected,six_target_native,2024-2025,0.8478643439052338,target_neighbors_kinsa_synthetic_tree_pipeline
"pilot_method=corrected,reporting_missingness=0,reporting_strength=0.5,ed_transform=logit,spatial=neighbors,epochs=120,patience=15,fit_partition=target,covariate_encoder=summary,covariate_set=kinsa,input_mode=scheduled_final,input_normalization=b0,evaluation_seasons=recent_two",42,corrected,six_target_native,2025-2026,0.9248165992292482,target_neighbors_kinsa_synthetic_tree_pipeline
"pilot_method=corrected,reporting_missingness=0,reporting_strength=0.5,ed_transform=logit,spatial=neighbors,epochs=120,patience=15,fit_partition=target,covariate_encoder=summary,covariate_set=kinsa,input_mode=scheduled_final,input_normalization=b0,evaluation_seasons=recent_two",42,corrected,six_target_native,equal_season_mean,0.8863404715672409,target_neighbors_kinsa_synthetic_tree_pipeline
"pilot_method=corrected,reporting_missingness=0,reporting_strength=0.5,ed_transform=logit,spatial=neighbors,epochs=120,patience=15,fit_partition=target,covariate_encoder=summary,covariate_set=kinsa,input_mode=scheduled_final,input_normalization=b0,evaluation_seasons=recent_two",42,corrected,flu_admissions_native,2024-2025,0.7628765391937966,target_neighbors_kinsa_synthetic_tree_pipeline
"pilot_method=corrected,reporting_missingness=0,reporting_strength=0.5,ed_transform=logit,spatial=neighbors,epochs=120,patience=15,fit_partition=target,covariate_encoder=summary,covariate_set=kinsa,input_mode=scheduled_final,input_normalization=b0,evaluation_seasons=recent_two",42,corrected,flu_admissions_native,2025-2026,0.8470842850688812,target_neighbors_kinsa_synthetic_tree_pipeline
"pilot_method=corrected,reporting_missingness=0,reporting_strength=0.5,ed_transform=logit,spatial=neighbors,epochs=120,patience=15,fit_partition=target,covariate_encoder=summary,covariate_set=kinsa,input_mode=scheduled_final,input_normalization=b0,evaluation_seasons=recent_two",42,corrected,flu_admissions_native,equal_season_mean,0.8049804121313389,target_neighbors_kinsa_synthetic_tree_pipeline
"pilot_method=corrected,reporting_missingness=0,reporting_strength=0.5,ed_transform=logit,spatial=neighbors,epochs=120,patience=15,fit_partition=target,covariate_encoder=summary,covariate_set=kinsa,input_mode=scheduled_final,input_normalization=b0,evaluation_seasons=recent_two",42,corrected,flu_admissions_log,2024-2025,0.766336758797619,target_neighbors_kinsa_synthetic_tree_pipeline
"pilot_method=corrected,reporting_missingness=0,reporting_strength=0.5,ed_transform=logit,spatial=neighbors,epochs=120,patience=15,fit_partition=target,covariate_encoder=summary,covariate_set=kinsa,input_mode=scheduled_final,input_normalization=b0,evaluation_seasons=recent_two",42,corrected,flu_admissions_log,2025-2026,0.9485605155611804,target_neighbors_kinsa_synthetic_tree_pipeline
"pilot_method=corrected,reporting_missingness=0,reporting_strength=0.5,ed_transform=logit,spatial=neighbors,epochs=120,patience=15,fit_partition=target,covariate_encoder=summary,covariate_set=kinsa,input_mode=scheduled_final,input_normalization=b0,evaluation_seasons=recent_two",42,corrected,flu_admissions_log,equal_season_mean,0.8574486371793997,target_neighbors_kinsa_synthetic_tree_pipeline
"pilot_method=corrected,reporting_missingness=0,reporting_strength=0.5,ed_transform=logit,spatial=neighbors,epochs=120,patience=15,fit_partition=target,covariate_encoder=summary,covariate_set=kinsa,input_mode=scheduled_final,input_normalization=b0,evaluation_seasons=recent_two",42,half,six_target_native,2024-2025,0.865385118789272,target_neighbors_kinsa_synthetic_tree_pipeline
"pilot_method=corrected,reporting_missingness=0,reporting_strength=0.5,ed_transform=logit,spatial=neighbors,epochs=120,patience=15,fit_partition=target,covariate_encoder=summary,covariate_set=kinsa,input_mode=scheduled_final,input_normalization=b0,evaluation_seasons=recent_two",42,half,six_target_native,2025-2026,0.9282188954221662,target_neighbors_kinsa_synthetic_tree_pipeline
"pilot_method=corrected,reporting_missingness=0,reporting_strength=0.5,ed_transform=logit,spatial=neighbors,epochs=120,patience=15,fit_partition=target,covariate_encoder=summary,covariate_set=kinsa,input_mode=scheduled_final,input_normalization=b0,evaluation_seasons=recent_two",42,half,six_target_native,equal_season_mean,0.8968020071057191,target_neighbors_kinsa_synthetic_tree_pipeline
"pilot_method=corrected,reporting_missingness=0,reporting_strength=0.5,ed_transform=logit,spatial=neighbors,epochs=120,patience=15,fit_partition=target,covariate_encoder=summary,covariate_set=kinsa,input_mode=scheduled_final,input_normalization=b0,evaluation_seasons=recent_two",42,half,flu_admissions_native,2024-2025,0.7719081974431444,target_neighbors_kinsa_synthetic_tree_pipeline
"pilot_method=corrected,reporting_missingness=0,reporting_strength=0.5,ed_transform=logit,spatial=neighbors,epochs=120,patience=15,fit_partition=target,covariate_encoder=summary,covariate_set=kinsa,input_mode=scheduled_final,input_normalization=b0,evaluation_seasons=recent_two",42,half,flu_admissions_native,2025-2026,0.8459939392822474,target_neighbors_kinsa_synthetic_tree_pipeline
"pilot_method=corrected,reporting_missingness=0,reporting_strength=0.5,ed_transform=logit,spatial=neighbors,epochs=120,patience=15,fit_partition=target,covariate_encoder=summary,covariate_set=kinsa,input_mode=scheduled_final,input_normalization=b0,evaluation_seasons=recent_two",42,half,flu_admissions_native,equal_season_mean,0.8089510683626959,target_neighbors_kinsa_synthetic_tree_pipeline
"pilot_method=corrected,reporting_missingness=0,reporting_strength=0.5,ed_transform=logit,spatial=neighbors,epochs=120,patience=15,fit_partition=target,covariate_encoder=summary,covariate_set=kinsa,input_mode=scheduled_final,input_normalization=b0,evaluation_seasons=recent_two",42,half,flu_admissions_log,2024-2025,0.7774935636180486,target_neighbors_kinsa_synthetic_tree_pipeline
"pilot_method=corrected,reporting_missingness=0,reporting_strength=0.5,ed_transform=logit,spatial=neighbors,epochs=120,patience=15,fit_partition=target,covariate_encoder=summary,covariate_set=kinsa,input_mode=scheduled_final,input_normalization=b0,evaluation_seasons=recent_two",42,half,flu_admissions_log,2025-2026,0.9640020576379984,target_neighbors_kinsa_synthetic_tree_pipeline
"pilot_method=corrected,reporting_missingness=0,reporting_strength=0.5,ed_transform=logit,spatial=neighbors,epochs=120,patience=15,fit_partition=target,covariate_encoder=summary,covariate_set=kinsa,input_mode=scheduled_final,input_normalization=b0,evaluation_seasons=recent_two",42,half,flu_admissions_log,equal_season_mean,0.8707478106280234,target_neighbors_kinsa_synthetic_tree_pipeline
"pilot_method=corrected,reporting_missingness=0,reporting_strength=0.5,ed_transform=logit,spatial=neighbors,epochs=120,patience=15,fit_partition=target,covariate_encoder=summary,covariate_set=kinsa,input_mode=scheduled_final,input_normalization=b0,evaluation_seasons=recent_two",42,raw,six_target_native,2024-2025,0.8873768468691626,target_neighbors_kinsa_synthetic_tree_pipeline
"pilot_method=corrected,reporting_missingness=0,reporting_strength=0.5,ed_transform=logit,spatial=neighbors,epochs=120,patience=15,fit_partition=target,covariate_encoder=summary,covariate_set=kinsa,input_mode=scheduled_final,input_normalization=b0,evaluation_seasons=recent_two",42,raw,six_target_native,2025-2026,0.937227764789862,target_neighbors_kinsa_synthetic_tree_pipeline
"pilot_method=corrected,reporting_missingness=0,reporting_strength=0.5,ed_transform=logit,spatial=neighbors,epochs=120,patience=15,fit_partition=target,covariate_encoder=summary,covariate_set=kinsa,input_mode=scheduled_final,input_normalization=b0,evaluation_seasons=recent_two",42,raw,six_target_native,equal_season_mean,0.9123023058295124,target_neighbors_kinsa_synthetic_tree_pipeline
"pilot_method=corrected,reporting_missingness=0,reporting_strength=0.5,ed_transform=logit,spatial=neighbors,epochs=120,patience=15,fit_partition=target,covariate_encoder=summary,covariate_set=kinsa,input_mode=scheduled_final,input_normalization=b0,evaluation_seasons=recent_two",42,raw,flu_admissions_native,2024-2025,0.7850580450811876,target_neighbors_kinsa_synthetic_tree_pipeline
"pilot_method=corrected,reporting_missingness=0,reporting_strength=0.5,ed_transform=logit,spatial=neighbors,epochs=120,patience=15,fit_partition=target,covariate_encoder=summary,covariate_set=kinsa,input_mode=scheduled_final,input_normalization=b0,evaluation_seasons=recent_two",42,raw,flu_admissions_native,2025-2026,0.8483016938294556,target_neighbors_kinsa_synthetic_tree_pipeline
"pilot_method=corrected,reporting_missingness=0,reporting_strength=0.5,ed_transform=logit,spatial=neighbors,epochs=120,patience=15,fit_partition=target,covariate_encoder=summary,covariate_set=kinsa,input_mode=scheduled_final,input_normalization=b0,evaluation_seasons=recent_two",42,raw,flu_admissions_native,equal_season_mean,0.8166798694553217,target_neighbors_kinsa_synthetic_tree_pipeline
"pilot_method=corrected,reporting_missingness=0,reporting_strength=0.5,ed_transform=logit,spatial=neighbors,epochs=120,patience=15,fit_partition=target,covariate_encoder=summary,covariate_set=kinsa,input_mode=scheduled_final,input_normalization=b0,evaluation_seasons=recent_two",42,raw,flu_admissions_log,2024-2025,0.7957991559016049,target_neighbors_kinsa_synthetic_tree_pipeline
"pilot_method=corrected,reporting_missingness=0,reporting_strength=0.5,ed_transform=logit,spatial=neighbors,epochs=120,patience=15,fit_partition=target,covariate_encoder=summary,covariate_set=kinsa,input_mode=scheduled_final,input_normalization=b0,evaluation_seasons=recent_two",42,raw,flu_admissions_log,2025-2026,0.9880358357777932,target_neighbors_kinsa_synthetic_tree_pipeline
"pilot_method=corrected,reporting_missingness=0,reporting_strength=0.5,ed_transform=logit,spatial=neighbors,epochs=120,patience=15,fit_partition=target,covariate_encoder=summary,covariate_set=kinsa,input_mode=scheduled_final,input_normalization=b0,evaluation_seasons=recent_two",42,raw,flu_admissions_log,equal_season_mean,0.8919174958396991,target_neighbors_kinsa_synthetic_tree_pipeline
"pilot_method=corrected,reporting_missingness=0,reporting_strength=0.5,ed_transform=logit,spatial=neighbors,epochs=120,patience=15,fit_partition=target,covariate_encoder=summary,covariate_set=kinsa,input_mode=scheduled_final,input_normalization=b0,evaluation_seasons=recent_two",43,corrected,six_target_native,2024-2025,0.980949465765132,target_neighbors_kinsa_synthetic_tree_pipeline
"pilot_method=corrected,reporting_missingness=0,reporting_strength=0.5,ed_transform=logit,spatial=neighbors,epochs=120,patience=15,fit_partition=target,covariate_encoder=summary,covariate_set=kinsa,input_mode=scheduled_final,input_normalization=b0,evaluation_seasons=recent_two",43,corrected,six_target_native,2025-2026,0.9468308748056876,target_neighbors_kinsa_synthetic_tree_pipeline
"pilot_method=corrected,reporting_missingness=0,reporting_strength=0.5,ed_transform=logit,spatial=neighbors,epochs=120,patience=15,fit_partition=target,covariate_encoder=summary,covariate_set=kinsa,input_mode=scheduled_final,input_normalization=b0,evaluation_seasons=recent_two",43,corrected,six_target_native,equal_season_mean,0.9638901702854096,target_neighbors_kinsa_synthetic_tree_pipeline
"pilot_method=corrected,reporting_missingness=0,reporting_strength=0.5,ed_transform=logit,spatial=neighbors,epochs=120,patience=15,fit_partition=target,covariate_encoder=summary,covariate_set=kinsa,input_mode=scheduled_final,input_normalization=b0,evaluation_seasons=recent_two",43,corrected,flu_admissions_native,2024-2025,0.8445070153585246,target_neighbors_kinsa_synthetic_tree_pipeline
"pilot_method=corrected,reporting_missingness=0,reporting_strength=0.5,ed_transform=logit,spatial=neighbors,epochs=120,patience=15,fit_partition=target,covariate_encoder=summary,covariate_set=kinsa,input_mode=scheduled_final,input_normalization=b0,evaluation_seasons=recent_two",43,corrected,flu_admissions_native,2025-2026,0.905172434430872,target_neighbors_kinsa_synthetic_tree_pipeline
"pilot_method=corrected,reporting_missingness=0,reporting_strength=0.5,ed_transform=logit,spatial=neighbors,epochs=120,patience=15,fit_partition=target,covariate_encoder=summary,covariate_set=kinsa,input_mode=scheduled_final,input_normalization=b0,evaluation_seasons=recent_two",43,corrected,flu_admissions_native,equal_season_mean,0.8748397248946984,target_neighbors_kinsa_synthetic_tree_pipeline
"pilot_method=corrected,reporting_missingness=0,reporting_strength=0.5,ed_transform=logit,spatial=neighbors,epochs=120,patience=15,fit_partition=target,covariate_encoder=summary,covariate_set=kinsa,input_mode=scheduled_final,input_normalization=b0,evaluation_seasons=recent_two",43,corrected,flu_admissions_log,2024-2025,0.8671886821582764,target_neighbors_kinsa_synthetic_tree_pipeline
"pilot_method=corrected,reporting_missingness=0,reporting_strength=0.5,ed_transform=logit,spatial=neighbors,epochs=120,patience=15,fit_partition=target,covariate_encoder=summary,covariate_set=kinsa,input_mode=scheduled_final,input_normalization=b0,evaluation_seasons=recent_two",43,corrected,flu_admissions_log,2025-2026,0.9464488013806353,target_neighbors_kinsa_synthetic_tree_pipeline
"pilot_method=corrected,reporting_missingness=0,reporting_strength=0.5,ed_transform=logit,spatial=neighbors,epochs=120,patience=15,fit_partition=target,covariate_encoder=summary,covariate_set=kinsa,input_mode=scheduled_final,input_normalization=b0,evaluation_seasons=recent_two",43,corrected,flu_admissions_log,equal_season_mean,0.9068187417694558,target_neighbors_kinsa_synthetic_tree_pipeline
"pilot_method=corrected,reporting_missingness=0,reporting_strength=0.5,ed_transform=logit,spatial=neighbors,epochs=120,patience=15,fit_partition=target,covariate_encoder=summary,covariate_set=kinsa,input_mode=scheduled_final,input_normalization=b0,evaluation_seasons=recent_two",43,half,six_target_native,2024-2025,1.0031568367637234,target_neighbors_kinsa_synthetic_tree_pipeline
"pilot_method=corrected,reporting_missingness=0,reporting_strength=0.5,ed_transform=logit,spatial=neighbors,epochs=120,patience=15,fit_partition=target,covariate_encoder=summary,covariate_set=kinsa,input_mode=scheduled_final,input_normalization=b0,evaluation_seasons=recent_two",43,half,six_target_native,2025-2026,0.9485695535167254,target_neighbors_kinsa_synthetic_tree_pipeline
"pilot_method=corrected,reporting_missingness=0,reporting_strength=0.5,ed_transform=logit,spatial=neighbors,epochs=120,patience=15,fit_partition=target,covariate_encoder=summary,covariate_set=kinsa,input_mode=scheduled_final,input_normalization=b0,evaluation_seasons=recent_two",43,half,six_target_native,equal_season_mean,0.9758631951402243,target_neighbors_kinsa_synthetic_tree_pipeline
"pilot_method=corrected,reporting_missingness=0,reporting_strength=0.5,ed_transform=logit,spatial=neighbors,epochs=120,patience=15,fit_partition=target,covariate_encoder=summary,covariate_set=kinsa,input_mode=scheduled_final,input_normalization=b0,evaluation_seasons=recent_two",43,half,flu_admissions_native,2024-2025,0.8545815931346301,target_neighbors_kinsa_synthetic_tree_pipeline
"pilot_method=corrected,reporting_missingness=0,reporting_strength=0.5,ed_transform=logit,spatial=neighbors,epochs=120,patience=15,fit_partition=target,covariate_encoder=summary,covariate_set=kinsa,input_mode=scheduled_final,input_normalization=b0,evaluation_seasons=recent_two",43,half,flu_admissions_native,2025-2026,0.9068620924680332,target_neighbors_kinsa_synthetic_tree_pipeline
"pilot_method=corrected,reporting_missingness=0,reporting_strength=0.5,ed_transform=logit,spatial=neighbors,epochs=120,patience=15,fit_partition=target,covariate_encoder=summary,covariate_set=kinsa,input_mode=scheduled_final,input_normalization=b0,evaluation_seasons=recent_two",43,half,flu_admissions_native,equal_season_mean,0.8807218428013316,target_neighbors_kinsa_synthetic_tree_pipeline
"pilot_method=corrected,reporting_missingness=0,reporting_strength=0.5,ed_transform=logit,spatial=neighbors,epochs=120,patience=15,fit_partition=target,covariate_encoder=summary,covariate_set=kinsa,input_mode=scheduled_final,input_normalization=b0,evaluation_seasons=recent_two",43,half,flu_admissions_log,2024-2025,0.8739672380298837,target_neighbors_kinsa_synthetic_tree_pipeline
"pilot_method=corrected,reporting_missingness=0,reporting_strength=0.5,ed_transform=logit,spatial=neighbors,epochs=120,patience=15,fit_partition=target,covariate_encoder=summary,covariate_set=kinsa,input_mode=scheduled_final,input_normalization=b0,evaluation_seasons=recent_two",43,half,flu_admissions_log,2025-2026,0.9579801631601844,target_neighbors_kinsa_synthetic_tree_pipeline
"pilot_method=corrected,reporting_missingness=0,reporting_strength=0.5,ed_transform=logit,spatial=neighbors,epochs=120,patience=15,fit_partition=target,covariate_encoder=summary,covariate_set=kinsa,input_mode=scheduled_final,input_normalization=b0,evaluation_seasons=recent_two",43,half,flu_admissions_log,equal_season_mean,0.915973700595034,target_neighbors_kinsa_synthetic_tree_pipeline
"pilot_method=corrected,reporting_missingness=0,reporting_strength=0.5,ed_transform=logit,spatial=neighbors,epochs=120,patience=15,fit_partition=target,covariate_encoder=summary,covariate_set=kinsa,input_mode=scheduled_final,input_normalization=b0,evaluation_seasons=recent_two",43,raw,six_target_native,2024-2025,1.0311719772421242,target_neighbors_kinsa_synthetic_tree_pipeline
"pilot_method=corrected,reporting_missingness=0,reporting_strength=0.5,ed_transform=logit,spatial=neighbors,epochs=120,patience=15,fit_partition=target,covariate_encoder=summary,covariate_set=kinsa,input_mode=scheduled_final,input_normalization=b0,evaluation_seasons=recent_two",43,raw,six_target_native,2025-2026,0.9547546211792344,target_neighbors_kinsa_synthetic_tree_pipeline
"pilot_method=corrected,reporting_missingness=0,reporting_strength=0.5,ed_transform=logit,spatial=neighbors,epochs=120,patience=15,fit_partition=target,covariate_encoder=summary,covariate_set=kinsa,input_mode=scheduled_final,input_normalization=b0,evaluation_seasons=recent_two",43,raw,six_target_native,equal_season_mean,0.9929632992106792,target_neighbors_kinsa_synthetic_tree_pipeline
"pilot_method=corrected,reporting_missingness=0,reporting_strength=0.5,ed_transform=logit,spatial=neighbors,epochs=120,patience=15,fit_partition=target,covariate_encoder=summary,covariate_set=kinsa,input_mode=scheduled_final,input_normalization=b0,evaluation_seasons=recent_two",43,raw,flu_admissions_native,2024-2025,0.8687342132508168,target_neighbors_kinsa_synthetic_tree_pipeline
"pilot_method=corrected,reporting_missingness=0,reporting_strength=0.5,ed_transform=logit,spatial=neighbors,epochs=120,patience=15,fit_partition=target,covariate_encoder=summary,covariate_set=kinsa,input_mode=scheduled_final,input_normalization=b0,evaluation_seasons=recent_two",43,raw,flu_admissions_native,2025-2026,0.9132588714249704,target_neighbors_kinsa_synthetic_tree_pipeline
"pilot_method=corrected,reporting_missingness=0,reporting_strength=0.5,ed_transform=logit,spatial=neighbors,epochs=120,patience=15,fit_partition=target,covariate_encoder=summary,covariate_set=kinsa,input_mode=scheduled_final,input_normalization=b0,evaluation_seasons=recent_two",43,raw,flu_admissions_native,equal_season_mean,0.8909965423378936,target_neighbors_kinsa_synthetic_tree_pipeline
"pilot_method=corrected,reporting_missingness=0,reporting_strength=0.5,ed_transform=logit,spatial=neighbors,epochs=120,patience=15,fit_partition=target,covariate_encoder=summary,covariate_set=kinsa,input_mode=scheduled_final,input_normalization=b0,evaluation_seasons=recent_two",43,raw,flu_admissions_log,2024-2025,0.8872902499627128,target_neighbors_kinsa_synthetic_tree_pipeline
"pilot_method=corrected,reporting_missingness=0,reporting_strength=0.5,ed_transform=logit,spatial=neighbors,epochs=120,patience=15,fit_partition=target,covariate_encoder=summary,covariate_set=kinsa,input_mode=scheduled_final,input_normalization=b0,evaluation_seasons=recent_two",43,raw,flu_admissions_log,2025-2026,0.9797314375308096,target_neighbors_kinsa_synthetic_tree_pipeline
"pilot_method=corrected,reporting_missingness=0,reporting_strength=0.5,ed_transform=logit,spatial=neighbors,epochs=120,patience=15,fit_partition=target,covariate_encoder=summary,covariate_set=kinsa,input_mode=scheduled_final,input_normalization=b0,evaluation_seasons=recent_two",43,raw,flu_admissions_log,equal_season_mean,0.9335108437467612,target_neighbors_kinsa_synthetic_tree_pipeline
"pilot_method=errors,joint_weight=0.05,reporting_missingness=0,reporting_strength=0.5,ed_transform=logit,spatial=distance,epochs=120,patience=15,lr=0.0005,fit_partition=pathogen,weight_decay=0.0001,covariate_encoder=summary,input_mode=scheduled_final,input_normalization=b0,evaluation_seasons=recent_two",42,corrected,six_target_native,2024-2025,1.132140523870209,random_recipe_2
"pilot_method=errors,joint_weight=0.05,reporting_missingness=0,reporting_strength=0.5,ed_transform=logit,spatial=distance,epochs=120,patience=15,lr=0.0005,fit_partition=pathogen,weight_decay=0.0001,covariate_encoder=summary,input_mode=scheduled_final,input_normalization=b0,evaluation_seasons=recent_two",42,corrected,six_target_native,2025-2026,1.0943024363740996,random_recipe_2
"pilot_method=errors,joint_weight=0.05,reporting_missingness=0,reporting_strength=0.5,ed_transform=logit,spatial=distance,epochs=120,patience=15,lr=0.0005,fit_partition=pathogen,weight_decay=0.0001,covariate_encoder=summary,input_mode=scheduled_final,input_normalization=b0,evaluation_seasons=recent_two",42,corrected,six_target_native,equal_season_mean,1.1132214801221545,random_recipe_2
"pilot_method=errors,joint_weight=0.05,reporting_missingness=0,reporting_strength=0.5,ed_transform=logit,spatial=distance,epochs=120,patience=15,lr=0.0005,fit_partition=pathogen,weight_decay=0.0001,covariate_encoder=summary,input_mode=scheduled_final,input_normalization=b0,evaluation_seasons=recent_two",42,corrected,flu_admissions_native,2024-2025,0.7584217449246771,random_recipe_2
"pilot_method=errors,joint_weight=0.05,reporting_missingness=0,reporting_strength=0.5,ed_transform=logit,spatial=distance,epochs=120,patience=15,lr=0.0005,fit_partition=pathogen,weight_decay=0.0001,covariate_encoder=summary,input_mode=scheduled_final,input_normalization=b0,evaluation_seasons=recent_two",42,corrected,flu_admissions_native,2025-2026,1.034297181014795,random_recipe_2
"pilot_method=errors,joint_weight=0.05,reporting_missingness=0,reporting_strength=0.5,ed_transform=logit,spatial=distance,epochs=120,patience=15,lr=0.0005,fit_partition=pathogen,weight_decay=0.0001,covariate_encoder=summary,input_mode=scheduled_final,input_normalization=b0,evaluation_seasons=recent_two",42,corrected,flu_admissions_native,equal_season_mean,0.896359462969736,random_recipe_2
"pilot_method=errors,joint_weight=0.05,reporting_missingness=0,reporting_strength=0.5,ed_transform=logit,spatial=distance,epochs=120,patience=15,lr=0.0005,fit_partition=pathogen,weight_decay=0.0001,covariate_encoder=summary,input_mode=scheduled_final,input_normalization=b0,evaluation_seasons=recent_two",42,corrected,flu_admissions_log,2024-2025,0.7803664615397518,random_recipe_2
"pilot_method=errors,joint_weight=0.05,reporting_missingness=0,reporting_strength=0.5,ed_transform=logit,spatial=distance,epochs=120,patience=15,lr=0.0005,fit_partition=pathogen,weight_decay=0.0001,covariate_encoder=summary,input_mode=scheduled_final,input_normalization=b0,evaluation_seasons=recent_two",42,corrected,flu_admissions_log,2025-2026,1.0556613812170914,random_recipe_2
"pilot_method=errors,joint_weight=0.05,reporting_missingness=0,reporting_strength=0.5,ed_transform=logit,spatial=distance,epochs=120,patience=15,lr=0.0005,fit_partition=pathogen,weight_decay=0.0001,covariate_encoder=summary,input_mode=scheduled_final,input_normalization=b0,evaluation_seasons=recent_two",42,corrected,flu_admissions_log,equal_season_mean,0.9180139213784216,random_recipe_2
"pilot_method=errors,joint_weight=0.05,reporting_missingness=0,reporting_strength=0.5,ed_transform=logit,spatial=distance,epochs=120,patience=15,lr=0.0005,fit_partition=pathogen,weight_decay=0.0001,covariate_encoder=summary,input_mode=scheduled_final,input_normalization=b0,evaluation_seasons=recent_two",42,half,six_target_native,2024-2025,1.1643984060153003,random_recipe_2
"pilot_method=errors,joint_weight=0.05,reporting_missingness=0,reporting_strength=0.5,ed_transform=logit,spatial=distance,epochs=120,patience=15,lr=0.0005,fit_partition=pathogen,weight_decay=0.0001,covariate_encoder=summary,input_mode=scheduled_final,input_normalization=b0,evaluation_seasons=recent_two",42,half,six_target_native,2025-2026,1.0878786419511748,random_recipe_2
"pilot_method=errors,joint_weight=0.05,reporting_missingness=0,reporting_strength=0.5,ed_transform=logit,spatial=distance,epochs=120,patience=15,lr=0.0005,fit_partition=pathogen,weight_decay=0.0001,covariate_encoder=summary,input_mode=scheduled_final,input_normalization=b0,evaluation_seasons=recent_two",42,half,six_target_native,equal_season_mean,1.1261385239832378,random_recipe_2
"pilot_method=errors,joint_weight=0.05,reporting_missingness=0,reporting_strength=0.5,ed_transform=logit,spatial=distance,epochs=120,patience=15,lr=0.0005,fit_partition=pathogen,weight_decay=0.0001,covariate_encoder=summary,input_mode=scheduled_final,input_normalization=b0,evaluation_seasons=recent_two",42,half,flu_admissions_native,2024-2025,0.7672338806724589,random_recipe_2
"pilot_method=errors,joint_weight=0.05,reporting_missingness=0,reporting_strength=0.5,ed_transform=logit,spatial=distance,epochs=120,patience=15,lr=0.0005,fit_partition=pathogen,weight_decay=0.0001,covariate_encoder=summary,input_mode=scheduled_final,input_normalization=b0,evaluation_seasons=recent_two",42,half,flu_admissions_native,2025-2026,1.021734492526839,random_recipe_2
"pilot_method=errors,joint_weight=0.05,reporting_missingness=0,reporting_strength=0.5,ed_transform=logit,spatial=distance,epochs=120,patience=15,lr=0.0005,fit_partition=pathogen,weight_decay=0.0001,covariate_encoder=summary,input_mode=scheduled_final,input_normalization=b0,evaluation_seasons=recent_two",42,half,flu_admissions_native,equal_season_mean,0.8944841865996489,random_recipe_2
"pilot_method=errors,joint_weight=0.05,reporting_missingness=0,reporting_strength=0.5,ed_transform=logit,spatial=distance,epochs=120,patience=15,lr=0.0005,fit_partition=pathogen,weight_decay=0.0001,covariate_encoder=summary,input_mode=scheduled_final,input_normalization=b0,evaluation_seasons=recent_two",42,half,flu_admissions_log,2024-2025,0.7980614248502593,random_recipe_2
"pilot_method=errors,joint_weight=0.05,reporting_missingness=0,reporting_strength=0.5,ed_transform=logit,spatial=distance,epochs=120,patience=15,lr=0.0005,fit_partition=pathogen,weight_decay=0.0001,covariate_encoder=summary,input_mode=scheduled_final,input_normalization=b0,evaluation_seasons=recent_two",42,half,flu_admissions_log,2025-2026,1.0476994511483912,random_recipe_2
"pilot_method=errors,joint_weight=0.05,reporting_missingness=0,reporting_strength=0.5,ed_transform=logit,spatial=distance,epochs=120,patience=15,lr=0.0005,fit_partition=pathogen,weight_decay=0.0001,covariate_encoder=summary,input_mode=scheduled_final,input_normalization=b0,evaluation_seasons=recent_two",42,half,flu_admissions_log,equal_season_mean,0.9228804379993252,random_recipe_2
"pilot_method=errors,joint_weight=0.05,reporting_missingness=0,reporting_strength=0.5,ed_transform=logit,spatial=distance,epochs=120,patience=15,lr=0.0005,fit_partition=pathogen,weight_decay=0.0001,covariate_encoder=summary,input_mode=scheduled_final,input_normalization=b0,evaluation_seasons=recent_two",42,raw,six_target_native,2024-2025,1.2006911845429191,random_recipe_2
"pilot_method=errors,joint_weight=0.05,reporting_missingness=0,reporting_strength=0.5,ed_transform=logit,spatial=distance,epochs=120,patience=15,lr=0.0005,fit_partition=pathogen,weight_decay=0.0001,covariate_encoder=summary,input_mode=scheduled_final,input_normalization=b0,evaluation_seasons=recent_two",42,raw,six_target_native,2025-2026,1.087240973435068,random_recipe_2
"pilot_method=errors,joint_weight=0.05,reporting_missingness=0,reporting_strength=0.5,ed_transform=logit,spatial=distance,epochs=120,patience=15,lr=0.0005,fit_partition=pathogen,weight_decay=0.0001,covariate_encoder=summary,input_mode=scheduled_final,input_normalization=b0,evaluation_seasons=recent_two",42,raw,six_target_native,equal_season_mean,1.1439660789889934,random_recipe_2
"pilot_method=errors,joint_weight=0.05,reporting_missingness=0,reporting_strength=0.5,ed_transform=logit,spatial=distance,epochs=120,patience=15,lr=0.0005,fit_partition=pathogen,weight_decay=0.0001,covariate_encoder=summary,input_mode=scheduled_final,input_normalization=b0,evaluation_seasons=recent_two",42,raw,flu_admissions_native,2024-2025,0.7787536973016398,random_recipe_2
"pilot_method=errors,joint_weight=0.05,reporting_missingness=0,reporting_strength=0.5,ed_transform=logit,spatial=distance,epochs=120,patience=15,lr=0.0005,fit_partition=pathogen,weight_decay=0.0001,covariate_encoder=summary,input_mode=scheduled_final,input_normalization=b0,evaluation_seasons=recent_two",42,raw,flu_admissions_native,2025-2026,1.0138238062631246,random_recipe_2
"pilot_method=errors,joint_weight=0.05,reporting_missingness=0,reporting_strength=0.5,ed_transform=logit,spatial=distance,epochs=120,patience=15,lr=0.0005,fit_partition=pathogen,weight_decay=0.0001,covariate_encoder=summary,input_mode=scheduled_final,input_normalization=b0,evaluation_seasons=recent_two",42,raw,flu_admissions_native,equal_season_mean,0.8962887517823822,random_recipe_2
"pilot_method=errors,joint_weight=0.05,reporting_missingness=0,reporting_strength=0.5,ed_transform=logit,spatial=distance,epochs=120,patience=15,lr=0.0005,fit_partition=pathogen,weight_decay=0.0001,covariate_encoder=summary,input_mode=scheduled_final,input_normalization=b0,evaluation_seasons=recent_two",42,raw,flu_admissions_log,2024-2025,0.8232894968309181,random_recipe_2
"pilot_method=errors,joint_weight=0.05,reporting_missingness=0,reporting_strength=0.5,ed_transform=logit,spatial=distance,epochs=120,patience=15,lr=0.0005,fit_partition=pathogen,weight_decay=0.0001,covariate_encoder=summary,input_mode=scheduled_final,input_normalization=b0,evaluation_seasons=recent_two",42,raw,flu_admissions_log,2025-2026,1.0497540771413625,random_recipe_2
"pilot_method=errors,joint_weight=0.05,reporting_missingness=0,reporting_strength=0.5,ed_transform=logit,spatial=distance,epochs=120,patience=15,lr=0.0005,fit_partition=pathogen,weight_decay=0.0001,covariate_encoder=summary,input_mode=scheduled_final,input_normalization=b0,evaluation_seasons=recent_two",42,raw,flu_admissions_log,equal_season_mean,0.9365217869861402,random_recipe_2
"pilot_method=errors,joint_weight=0.05,reporting_missingness=0,reporting_strength=0.5,ed_transform=logit,spatial=distance,epochs=120,patience=15,lr=0.0005,fit_partition=pathogen,weight_decay=0.0001,covariate_encoder=summary,input_mode=scheduled_final,input_normalization=b0,evaluation_seasons=recent_two",43,corrected,six_target_native,2024-2025,0.9615137335747836,random_recipe_2
"pilot_method=errors,joint_weight=0.05,reporting_missingness=0,reporting_strength=0.5,ed_transform=logit,spatial=distance,epochs=120,patience=15,lr=0.0005,fit_partition=pathogen,weight_decay=0.0001,covariate_encoder=summary,input_mode=scheduled_final,input_normalization=b0,evaluation_seasons=recent_two",43,corrected,six_target_native,2025-2026,1.1727377059172326,random_recipe_2
"pilot_method=errors,joint_weight=0.05,reporting_missingness=0,reporting_strength=0.5,ed_transform=logit,spatial=distance,epochs=120,patience=15,lr=0.0005,fit_partition=pathogen,weight_decay=0.0001,covariate_encoder=summary,input_mode=scheduled_final,input_normalization=b0,evaluation_seasons=recent_two",43,corrected,six_target_native,equal_season_mean,1.067125719746008,random_recipe_2
"pilot_method=errors,joint_weight=0.05,reporting_missingness=0,reporting_strength=0.5,ed_transform=logit,spatial=distance,epochs=120,patience=15,lr=0.0005,fit_partition=pathogen,weight_decay=0.0001,covariate_encoder=summary,input_mode=scheduled_final,input_normalization=b0,evaluation_seasons=recent_two",43,corrected,flu_admissions_native,2024-2025,0.7418456166953679,random_recipe_2
"pilot_method=errors,joint_weight=0.05,reporting_missingness=0,reporting_strength=0.5,ed_transform=logit,spatial=distance,epochs=120,patience=15,lr=0.0005,fit_partition=pathogen,weight_decay=0.0001,covariate_encoder=summary,input_mode=scheduled_final,input_normalization=b0,evaluation_seasons=recent_two",43,corrected,flu_admissions_native,2025-2026,1.002680955372052,random_recipe_2
"pilot_method=errors,joint_weight=0.05,reporting_missingness=0,reporting_strength=0.5,ed_transform=logit,spatial=distance,epochs=120,patience=15,lr=0.0005,fit_partition=pathogen,weight_decay=0.0001,covariate_encoder=summary,input_mode=scheduled_final,input_normalization=b0,evaluation_seasons=recent_two",43,corrected,flu_admissions_native,equal_season_mean,0.8722632860337098,random_recipe_2
"pilot_method=errors,joint_weight=0.05,reporting_missingness=0,reporting_strength=0.5,ed_transform=logit,spatial=distance,epochs=120,patience=15,lr=0.0005,fit_partition=pathogen,weight_decay=0.0001,covariate_encoder=summary,input_mode=scheduled_final,input_normalization=b0,evaluation_seasons=recent_two",43,corrected,flu_admissions_log,2024-2025,0.8101287294296327,random_recipe_2
"pilot_method=errors,joint_weight=0.05,reporting_missingness=0,reporting_strength=0.5,ed_transform=logit,spatial=distance,epochs=120,patience=15,lr=0.0005,fit_partition=pathogen,weight_decay=0.0001,covariate_encoder=summary,input_mode=scheduled_final,input_normalization=b0,evaluation_seasons=recent_two",43,corrected,flu_admissions_log,2025-2026,1.0562220449556183,random_recipe_2
"pilot_method=errors,joint_weight=0.05,reporting_missingness=0,reporting_strength=0.5,ed_transform=logit,spatial=distance,epochs=120,patience=15,lr=0.0005,fit_partition=pathogen,weight_decay=0.0001,covariate_encoder=summary,input_mode=scheduled_final,input_normalization=b0,evaluation_seasons=recent_two",43,corrected,flu_admissions_log,equal_season_mean,0.9331753871926256,random_recipe_2
"pilot_method=errors,joint_weight=0.05,reporting_missingness=0,reporting_strength=0.5,ed_transform=logit,spatial=distance,epochs=120,patience=15,lr=0.0005,fit_partition=pathogen,weight_decay=0.0001,covariate_encoder=summary,input_mode=scheduled_final,input_normalization=b0,evaluation_seasons=recent_two",43,half,six_target_native,2024-2025,0.9835964517766628,random_recipe_2
"pilot_method=errors,joint_weight=0.05,reporting_missingness=0,reporting_strength=0.5,ed_transform=logit,spatial=distance,epochs=120,patience=15,lr=0.0005,fit_partition=pathogen,weight_decay=0.0001,covariate_encoder=summary,input_mode=scheduled_final,input_normalization=b0,evaluation_seasons=recent_two",43,half,six_target_native,2025-2026,1.1645645762851962,random_recipe_2
"pilot_method=errors,joint_weight=0.05,reporting_missingness=0,reporting_strength=0.5,ed_transform=logit,spatial=distance,epochs=120,patience=15,lr=0.0005,fit_partition=pathogen,weight_decay=0.0001,covariate_encoder=summary,input_mode=scheduled_final,input_normalization=b0,evaluation_seasons=recent_two",43,half,six_target_native,equal_season_mean,1.0740805140309293,random_recipe_2
"pilot_method=errors,joint_weight=0.05,reporting_missingness=0,reporting_strength=0.5,ed_transform=logit,spatial=distance,epochs=120,patience=15,lr=0.0005,fit_partition=pathogen,weight_decay=0.0001,covariate_encoder=summary,input_mode=scheduled_final,input_normalization=b0,evaluation_seasons=recent_two",43,half,flu_admissions_native,2024-2025,0.7538863148398756,random_recipe_2
"pilot_method=errors,joint_weight=0.05,reporting_missingness=0,reporting_strength=0.5,ed_transform=logit,spatial=distance,epochs=120,patience=15,lr=0.0005,fit_partition=pathogen,weight_decay=0.0001,covariate_encoder=summary,input_mode=scheduled_final,input_normalization=b0,evaluation_seasons=recent_two",43,half,flu_admissions_native,2025-2026,0.9943280897795312,random_recipe_2
"pilot_method=errors,joint_weight=0.05,reporting_missingness=0,reporting_strength=0.5,ed_transform=logit,spatial=distance,epochs=120,patience=15,lr=0.0005,fit_partition=pathogen,weight_decay=0.0001,covariate_encoder=summary,input_mode=scheduled_final,input_normalization=b0,evaluation_seasons=recent_two",43,half,flu_admissions_native,equal_season_mean,0.8741072023097034,random_recipe_2
"pilot_method=errors,joint_weight=0.05,reporting_missingness=0,reporting_strength=0.5,ed_transform=logit,spatial=distance,epochs=120,patience=15,lr=0.0005,fit_partition=pathogen,weight_decay=0.0001,covariate_encoder=summary,input_mode=scheduled_final,input_normalization=b0,evaluation_seasons=recent_two",43,half,flu_admissions_log,2024-2025,0.8335109534647376,random_recipe_2
"pilot_method=errors,joint_weight=0.05,reporting_missingness=0,reporting_strength=0.5,ed_transform=logit,spatial=distance,epochs=120,patience=15,lr=0.0005,fit_partition=pathogen,weight_decay=0.0001,covariate_encoder=summary,input_mode=scheduled_final,input_normalization=b0,evaluation_seasons=recent_two",43,half,flu_admissions_log,2025-2026,1.0470578650317774,random_recipe_2
"pilot_method=errors,joint_weight=0.05,reporting_missingness=0,reporting_strength=0.5,ed_transform=logit,spatial=distance,epochs=120,patience=15,lr=0.0005,fit_partition=pathogen,weight_decay=0.0001,covariate_encoder=summary,input_mode=scheduled_final,input_normalization=b0,evaluation_seasons=recent_two",43,half,flu_admissions_log,equal_season_mean,0.9402844092482576,random_recipe_2
"pilot_method=errors,joint_weight=0.05,reporting_missingness=0,reporting_strength=0.5,ed_transform=logit,spatial=distance,epochs=120,patience=15,lr=0.0005,fit_partition=pathogen,weight_decay=0.0001,covariate_encoder=summary,input_mode=scheduled_final,input_normalization=b0,evaluation_seasons=recent_two",43,raw,six_target_native,2024-2025,1.010009483565054,random_recipe_2
"pilot_method=errors,joint_weight=0.05,reporting_missingness=0,reporting_strength=0.5,ed_transform=logit,spatial=distance,epochs=120,patience=15,lr=0.0005,fit_partition=pathogen,weight_decay=0.0001,covariate_encoder=summary,input_mode=scheduled_final,input_normalization=b0,evaluation_seasons=recent_two",43,raw,six_target_native,2025-2026,1.1615975943807224,random_recipe_2
"pilot_method=errors,joint_weight=0.05,reporting_missingness=0,reporting_strength=0.5,ed_transform=logit,spatial=distance,epochs=120,patience=15,lr=0.0005,fit_partition=pathogen,weight_decay=0.0001,covariate_encoder=summary,input_mode=scheduled_final,input_normalization=b0,evaluation_seasons=recent_two",43,raw,six_target_native,equal_season_mean,1.0858035389728882,random_recipe_2
"pilot_method=errors,joint_weight=0.05,reporting_missingness=0,reporting_strength=0.5,ed_transform=logit,spatial=distance,epochs=120,patience=15,lr=0.0005,fit_partition=pathogen,weight_decay=0.0001,covariate_encoder=summary,input_mode=scheduled_final,input_normalization=b0,evaluation_seasons=recent_two",43,raw,flu_admissions_native,2024-2025,0.7672495209828295,random_recipe_2
"pilot_method=errors,joint_weight=0.05,reporting_missingness=0,reporting_strength=0.5,ed_transform=logit,spatial=distance,epochs=120,patience=15,lr=0.0005,fit_partition=pathogen,weight_decay=0.0001,covariate_encoder=summary,input_mode=scheduled_final,input_normalization=b0,evaluation_seasons=recent_two",43,raw,flu_admissions_native,2025-2026,0.9901417329656658,random_recipe_2
"pilot_method=errors,joint_weight=0.05,reporting_missingness=0,reporting_strength=0.5,ed_transform=logit,spatial=distance,epochs=120,patience=15,lr=0.0005,fit_partition=pathogen,weight_decay=0.0001,covariate_encoder=summary,input_mode=scheduled_final,input_normalization=b0,evaluation_seasons=recent_two",43,raw,flu_admissions_native,equal_season_mean,0.8786956269742476,random_recipe_2
"pilot_method=errors,joint_weight=0.05,reporting_missingness=0,reporting_strength=0.5,ed_transform=logit,spatial=distance,epochs=120,patience=15,lr=0.0005,fit_partition=pathogen,weight_decay=0.0001,covariate_encoder=summary,input_mode=scheduled_final,input_normalization=b0,evaluation_seasons=recent_two",43,raw,flu_admissions_log,2024-2025,0.8621653278268597,random_recipe_2
"pilot_method=errors,joint_weight=0.05,reporting_missingness=0,reporting_strength=0.5,ed_transform=logit,spatial=distance,epochs=120,patience=15,lr=0.0005,fit_partition=pathogen,weight_decay=0.0001,covariate_encoder=summary,input_mode=scheduled_final,input_normalization=b0,evaluation_seasons=recent_two",43,raw,flu_admissions_log,2025-2026,1.0485536066661536,random_recipe_2
"pilot_method=errors,joint_weight=0.05,reporting_missingness=0,reporting_strength=0.5,ed_transform=logit,spatial=distance,epochs=120,patience=15,lr=0.0005,fit_partition=pathogen,weight_decay=0.0001,covariate_encoder=summary,input_mode=scheduled_final,input_normalization=b0,evaluation_seasons=recent_two",43,raw,flu_admissions_log,equal_season_mean,0.9553594672465068,random_recipe_2
"pilot_method=errors,reporting_missingness=0,reporting_strength=0.5,ed_transform=logit,spatial=distance,epochs=120,patience=15,fit_partition=pathogen,covariate_encoder=summary,input_mode=scheduled_final,input_normalization=b0,evaluation_seasons=recent_two",42,corrected,six_target_native,2024-2025,1.0265204495932752,pathogen_distance_admission_errors
"pilot_method=errors,reporting_missingness=0,reporting_strength=0.5,ed_transform=logit,spatial=distance,epochs=120,patience=15,fit_partition=pathogen,covariate_encoder=summary,input_mode=scheduled_final,input_normalization=b0,evaluation_seasons=recent_two",42,corrected,six_target_native,2025-2026,0.9393194854652392,pathogen_distance_admission_errors
"pilot_method=errors,reporting_missingness=0,reporting_strength=0.5,ed_transform=logit,spatial=distance,epochs=120,patience=15,fit_partition=pathogen,covariate_encoder=summary,input_mode=scheduled_final,input_normalization=b0,evaluation_seasons=recent_two",42,corrected,six_target_native,equal_season_mean,0.9829199675292573,pathogen_distance_admission_errors
"pilot_method=errors,reporting_missingness=0,reporting_strength=0.5,ed_transform=logit,spatial=distance,epochs=120,patience=15,fit_partition=pathogen,covariate_encoder=summary,input_mode=scheduled_final,input_normalization=b0,evaluation_seasons=recent_two",42,corrected,flu_admissions_native,2024-2025,0.7984873895601874,pathogen_distance_admission_errors
"pilot_method=errors,reporting_missingness=0,reporting_strength=0.5,ed_transform=logit,spatial=distance,epochs=120,patience=15,fit_partition=pathogen,covariate_encoder=summary,input_mode=scheduled_final,input_normalization=b0,evaluation_seasons=recent_two",42,corrected,flu_admissions_native,2025-2026,0.8976713914118146,pathogen_distance_admission_errors
"pilot_method=errors,reporting_missingness=0,reporting_strength=0.5,ed_transform=logit,spatial=distance,epochs=120,patience=15,fit_partition=pathogen,covariate_encoder=summary,input_mode=scheduled_final,input_normalization=b0,evaluation_seasons=recent_two",42,corrected,flu_admissions_native,equal_season_mean,0.848079390486001,pathogen_distance_admission_errors
"pilot_method=errors,reporting_missingness=0,reporting_strength=0.5,ed_transform=logit,spatial=distance,epochs=120,patience=15,fit_partition=pathogen,covariate_encoder=summary,input_mode=scheduled_final,input_normalization=b0,evaluation_seasons=recent_two",42,corrected,flu_admissions_log,2024-2025,0.8314684986348888,pathogen_distance_admission_errors
"pilot_method=errors,reporting_missingness=0,reporting_strength=0.5,ed_transform=logit,spatial=distance,epochs=120,patience=15,fit_partition=pathogen,covariate_encoder=summary,input_mode=scheduled_final,input_normalization=b0,evaluation_seasons=recent_two",42,corrected,flu_admissions_log,2025-2026,0.9675207229652196,pathogen_distance_admission_errors
"pilot_method=errors,reporting_missingness=0,reporting_strength=0.5,ed_transform=logit,spatial=distance,epochs=120,patience=15,fit_partition=pathogen,covariate_encoder=summary,input_mode=scheduled_final,input_normalization=b0,evaluation_seasons=recent_two",42,corrected,flu_admissions_log,equal_season_mean,0.8994946108000543,pathogen_distance_admission_errors
"pilot_method=errors,reporting_missingness=0,reporting_strength=0.5,ed_transform=logit,spatial=distance,epochs=120,patience=15,fit_partition=pathogen,covariate_encoder=summary,input_mode=scheduled_final,input_normalization=b0,evaluation_seasons=recent_two",42,half,six_target_native,2024-2025,1.0540544432882912,pathogen_distance_admission_errors
"pilot_method=errors,reporting_missingness=0,reporting_strength=0.5,ed_transform=logit,spatial=distance,epochs=120,patience=15,fit_partition=pathogen,covariate_encoder=summary,input_mode=scheduled_final,input_normalization=b0,evaluation_seasons=recent_two",42,half,six_target_native,2025-2026,0.9315782096597676,pathogen_distance_admission_errors
"pilot_method=errors,reporting_missingness=0,reporting_strength=0.5,ed_transform=logit,spatial=distance,epochs=120,patience=15,fit_partition=pathogen,covariate_encoder=summary,input_mode=scheduled_final,input_normalization=b0,evaluation_seasons=recent_two",42,half,six_target_native,equal_season_mean,0.9928163264740296,pathogen_distance_admission_errors
"pilot_method=errors,reporting_missingness=0,reporting_strength=0.5,ed_transform=logit,spatial=distance,epochs=120,patience=15,fit_partition=pathogen,covariate_encoder=summary,input_mode=scheduled_final,input_normalization=b0,evaluation_seasons=recent_two",42,half,flu_admissions_native,2024-2025,0.8071599737680782,pathogen_distance_admission_errors
"pilot_method=errors,reporting_missingness=0,reporting_strength=0.5,ed_transform=logit,spatial=distance,epochs=120,patience=15,fit_partition=pathogen,covariate_encoder=summary,input_mode=scheduled_final,input_normalization=b0,evaluation_seasons=recent_two",42,half,flu_admissions_native,2025-2026,0.8912840945765012,pathogen_distance_admission_errors
"pilot_method=errors,reporting_missingness=0,reporting_strength=0.5,ed_transform=logit,spatial=distance,epochs=120,patience=15,fit_partition=pathogen,covariate_encoder=summary,input_mode=scheduled_final,input_normalization=b0,evaluation_seasons=recent_two",42,half,flu_admissions_native,equal_season_mean,0.8492220341722897,pathogen_distance_admission_errors
"pilot_method=errors,reporting_missingness=0,reporting_strength=0.5,ed_transform=logit,spatial=distance,epochs=120,patience=15,fit_partition=pathogen,covariate_encoder=summary,input_mode=scheduled_final,input_normalization=b0,evaluation_seasons=recent_two",42,half,flu_admissions_log,2024-2025,0.852280705804916,pathogen_distance_admission_errors
"pilot_method=errors,reporting_missingness=0,reporting_strength=0.5,ed_transform=logit,spatial=distance,epochs=120,patience=15,fit_partition=pathogen,covariate_encoder=summary,input_mode=scheduled_final,input_normalization=b0,evaluation_seasons=recent_two",42,half,flu_admissions_log,2025-2026,0.9598439861525436,pathogen_distance_admission_errors
"pilot_method=errors,reporting_missingness=0,reporting_strength=0.5,ed_transform=logit,spatial=distance,epochs=120,patience=15,fit_partition=pathogen,covariate_encoder=summary,input_mode=scheduled_final,input_normalization=b0,evaluation_seasons=recent_two",42,half,flu_admissions_log,equal_season_mean,0.9060623459787298,pathogen_distance_admission_errors
"pilot_method=errors,reporting_missingness=0,reporting_strength=0.5,ed_transform=logit,spatial=distance,epochs=120,patience=15,fit_partition=pathogen,covariate_encoder=summary,input_mode=scheduled_final,input_normalization=b0,evaluation_seasons=recent_two",42,raw,six_target_native,2024-2025,1.0864686723230417,pathogen_distance_admission_errors
"pilot_method=errors,reporting_missingness=0,reporting_strength=0.5,ed_transform=logit,spatial=distance,epochs=120,patience=15,fit_partition=pathogen,covariate_encoder=summary,input_mode=scheduled_final,input_normalization=b0,evaluation_seasons=recent_two",42,raw,six_target_native,2025-2026,0.9306416096817602,pathogen_distance_admission_errors
"pilot_method=errors,reporting_missingness=0,reporting_strength=0.5,ed_transform=logit,spatial=distance,epochs=120,patience=15,fit_partition=pathogen,covariate_encoder=summary,input_mode=scheduled_final,input_normalization=b0,evaluation_seasons=recent_two",42,raw,six_target_native,equal_season_mean,1.008555141002401,pathogen_distance_admission_errors
"pilot_method=errors,reporting_missingness=0,reporting_strength=0.5,ed_transform=logit,spatial=distance,epochs=120,patience=15,fit_partition=pathogen,covariate_encoder=summary,input_mode=scheduled_final,input_normalization=b0,evaluation_seasons=recent_two",42,raw,flu_admissions_native,2024-2025,0.8189575236779242,pathogen_distance_admission_errors
"pilot_method=errors,reporting_missingness=0,reporting_strength=0.5,ed_transform=logit,spatial=distance,epochs=120,patience=15,fit_partition=pathogen,covariate_encoder=summary,input_mode=scheduled_final,input_normalization=b0,evaluation_seasons=recent_two",42,raw,flu_admissions_native,2025-2026,0.8889446230360055,pathogen_distance_admission_errors
"pilot_method=errors,reporting_missingness=0,reporting_strength=0.5,ed_transform=logit,spatial=distance,epochs=120,patience=15,fit_partition=pathogen,covariate_encoder=summary,input_mode=scheduled_final,input_normalization=b0,evaluation_seasons=recent_two",42,raw,flu_admissions_native,equal_season_mean,0.8539510733569649,pathogen_distance_admission_errors
"pilot_method=errors,reporting_missingness=0,reporting_strength=0.5,ed_transform=logit,spatial=distance,epochs=120,patience=15,fit_partition=pathogen,covariate_encoder=summary,input_mode=scheduled_final,input_normalization=b0,evaluation_seasons=recent_two",42,raw,flu_admissions_log,2024-2025,0.8795755962645816,pathogen_distance_admission_errors
"pilot_method=errors,reporting_missingness=0,reporting_strength=0.5,ed_transform=logit,spatial=distance,epochs=120,patience=15,fit_partition=pathogen,covariate_encoder=summary,input_mode=scheduled_final,input_normalization=b0,evaluation_seasons=recent_two",42,raw,flu_admissions_log,2025-2026,0.9618159233047326,pathogen_distance_admission_errors
"pilot_method=errors,reporting_missingness=0,reporting_strength=0.5,ed_transform=logit,spatial=distance,epochs=120,patience=15,fit_partition=pathogen,covariate_encoder=summary,input_mode=scheduled_final,input_normalization=b0,evaluation_seasons=recent_two",42,raw,flu_admissions_log,equal_season_mean,0.9206957597846572,pathogen_distance_admission_errors
"pilot_method=errors,reporting_missingness=0,reporting_strength=0.5,ed_transform=logit,spatial=distance,epochs=120,patience=15,fit_partition=pathogen,covariate_encoder=summary,input_mode=scheduled_final,input_normalization=b0,evaluation_seasons=recent_two",43,corrected,six_target_native,2024-2025,0.9658121866054432,pathogen_distance_admission_errors
"pilot_method=errors,reporting_missingness=0,reporting_strength=0.5,ed_transform=logit,spatial=distance,epochs=120,patience=15,fit_partition=pathogen,covariate_encoder=summary,input_mode=scheduled_final,input_normalization=b0,evaluation_seasons=recent_two",43,corrected,six_target_native,2025-2026,1.0713714929084364,pathogen_distance_admission_errors
"pilot_method=errors,reporting_missingness=0,reporting_strength=0.5,ed_transform=logit,spatial=distance,epochs=120,patience=15,fit_partition=pathogen,covariate_encoder=summary,input_mode=scheduled_final,input_normalization=b0,evaluation_seasons=recent_two",43,corrected,six_target_native,equal_season_mean,1.0185918397569398,pathogen_distance_admission_errors
"pilot_method=errors,reporting_missingness=0,reporting_strength=0.5,ed_transform=logit,spatial=distance,epochs=120,patience=15,fit_partition=pathogen,covariate_encoder=summary,input_mode=scheduled_final,input_normalization=b0,evaluation_seasons=recent_two",43,corrected,flu_admissions_native,2024-2025,0.948787185367276,pathogen_distance_admission_errors
"pilot_method=errors,reporting_missingness=0,reporting_strength=0.5,ed_transform=logit,spatial=distance,epochs=120,patience=15,fit_partition=pathogen,covariate_encoder=summary,input_mode=scheduled_final,input_normalization=b0,evaluation_seasons=recent_two",43,corrected,flu_admissions_native,2025-2026,1.0069359025810258,pathogen_distance_admission_errors
"pilot_method=errors,reporting_missingness=0,reporting_strength=0.5,ed_transform=logit,spatial=distance,epochs=120,patience=15,fit_partition=pathogen,covariate_encoder=summary,input_mode=scheduled_final,input_normalization=b0,evaluation_seasons=recent_two",43,corrected,flu_admissions_native,equal_season_mean,0.9778615439741508,pathogen_distance_admission_errors
"pilot_method=errors,reporting_missingness=0,reporting_strength=0.5,ed_transform=logit,spatial=distance,epochs=120,patience=15,fit_partition=pathogen,covariate_encoder=summary,input_mode=scheduled_final,input_normalization=b0,evaluation_seasons=recent_two",43,corrected,flu_admissions_log,2024-2025,1.020454483711513,pathogen_distance_admission_errors
"pilot_method=errors,reporting_missingness=0,reporting_strength=0.5,ed_transform=logit,spatial=distance,epochs=120,patience=15,fit_partition=pathogen,covariate_encoder=summary,input_mode=scheduled_final,input_normalization=b0,evaluation_seasons=recent_two",43,corrected,flu_admissions_log,2025-2026,1.040816082484553,pathogen_distance_admission_errors
"pilot_method=errors,reporting_missingness=0,reporting_strength=0.5,ed_transform=logit,spatial=distance,epochs=120,patience=15,fit_partition=pathogen,covariate_encoder=summary,input_mode=scheduled_final,input_normalization=b0,evaluation_seasons=recent_two",43,corrected,flu_admissions_log,equal_season_mean,1.030635283098033,pathogen_distance_admission_errors
"pilot_method=errors,reporting_missingness=0,reporting_strength=0.5,ed_transform=logit,spatial=distance,epochs=120,patience=15,fit_partition=pathogen,covariate_encoder=summary,input_mode=scheduled_final,input_normalization=b0,evaluation_seasons=recent_two",43,half,six_target_native,2024-2025,0.985570126927192,pathogen_distance_admission_errors
"pilot_method=errors,reporting_missingness=0,reporting_strength=0.5,ed_transform=logit,spatial=distance,epochs=120,patience=15,fit_partition=pathogen,covariate_encoder=summary,input_mode=scheduled_final,input_normalization=b0,evaluation_seasons=recent_two",43,half,six_target_native,2025-2026,1.065635415796086,pathogen_distance_admission_errors
"pilot_method=errors,reporting_missingness=0,reporting_strength=0.5,ed_transform=logit,spatial=distance,epochs=120,patience=15,fit_partition=pathogen,covariate_encoder=summary,input_mode=scheduled_final,input_normalization=b0,evaluation_seasons=recent_two",43,half,six_target_native,equal_season_mean,1.0256027713616391,pathogen_distance_admission_errors
"pilot_method=errors,reporting_missingness=0,reporting_strength=0.5,ed_transform=logit,spatial=distance,epochs=120,patience=15,fit_partition=pathogen,covariate_encoder=summary,input_mode=scheduled_final,input_normalization=b0,evaluation_seasons=recent_two",43,half,flu_admissions_native,2024-2025,0.9692839380181678,pathogen_distance_admission_errors
"pilot_method=errors,reporting_missingness=0,reporting_strength=0.5,ed_transform=logit,spatial=distance,epochs=120,patience=15,fit_partition=pathogen,covariate_encoder=summary,input_mode=scheduled_final,input_normalization=b0,evaluation_seasons=recent_two",43,half,flu_admissions_native,2025-2026,0.992882481635764,pathogen_distance_admission_errors
"pilot_method=errors,reporting_missingness=0,reporting_strength=0.5,ed_transform=logit,spatial=distance,epochs=120,patience=15,fit_partition=pathogen,covariate_encoder=summary,input_mode=scheduled_final,input_normalization=b0,evaluation_seasons=recent_two",43,half,flu_admissions_native,equal_season_mean,0.981083209826966,pathogen_distance_admission_errors
"pilot_method=errors,reporting_missingness=0,reporting_strength=0.5,ed_transform=logit,spatial=distance,epochs=120,patience=15,fit_partition=pathogen,covariate_encoder=summary,input_mode=scheduled_final,input_normalization=b0,evaluation_seasons=recent_two",43,half,flu_admissions_log,2024-2025,1.0540959450180891,pathogen_distance_admission_errors
"pilot_method=errors,reporting_missingness=0,reporting_strength=0.5,ed_transform=logit,spatial=distance,epochs=120,patience=15,fit_partition=pathogen,covariate_encoder=summary,input_mode=scheduled_final,input_normalization=b0,evaluation_seasons=recent_two",43,half,flu_admissions_log,2025-2026,1.0252691564565592,pathogen_distance_admission_errors
"pilot_method=errors,reporting_missingness=0,reporting_strength=0.5,ed_transform=logit,spatial=distance,epochs=120,patience=15,fit_partition=pathogen,covariate_encoder=summary,input_mode=scheduled_final,input_normalization=b0,evaluation_seasons=recent_two",43,half,flu_admissions_log,equal_season_mean,1.0396825507373242,pathogen_distance_admission_errors
"pilot_method=errors,reporting_missingness=0,reporting_strength=0.5,ed_transform=logit,spatial=distance,epochs=120,patience=15,fit_partition=pathogen,covariate_encoder=summary,input_mode=scheduled_final,input_normalization=b0,evaluation_seasons=recent_two",43,raw,six_target_native,2024-2025,1.0093494027587804,pathogen_distance_admission_errors
"pilot_method=errors,reporting_missingness=0,reporting_strength=0.5,ed_transform=logit,spatial=distance,epochs=120,patience=15,fit_partition=pathogen,covariate_encoder=summary,input_mode=scheduled_final,input_normalization=b0,evaluation_seasons=recent_two",43,raw,six_target_native,2025-2026,1.0659107091328286,pathogen_distance_admission_errors
"pilot_method=errors,reporting_missingness=0,reporting_strength=0.5,ed_transform=logit,spatial=distance,epochs=120,patience=15,fit_partition=pathogen,covariate_encoder=summary,input_mode=scheduled_final,input_normalization=b0,evaluation_seasons=recent_two",43,raw,six_target_native,equal_season_mean,1.0376300559458045,pathogen_distance_admission_errors
"pilot_method=errors,reporting_missingness=0,reporting_strength=0.5,ed_transform=logit,spatial=distance,epochs=120,patience=15,fit_partition=pathogen,covariate_encoder=summary,input_mode=scheduled_final,input_normalization=b0,evaluation_seasons=recent_two",43,raw,flu_admissions_native,2024-2025,0.9916379978704698,pathogen_distance_admission_errors
"pilot_method=errors,reporting_missingness=0,reporting_strength=0.5,ed_transform=logit,spatial=distance,epochs=120,patience=15,fit_partition=pathogen,covariate_encoder=summary,input_mode=scheduled_final,input_normalization=b0,evaluation_seasons=recent_two",43,raw,flu_admissions_native,2025-2026,0.9822136470304076,pathogen_distance_admission_errors
"pilot_method=errors,reporting_missingness=0,reporting_strength=0.5,ed_transform=logit,spatial=distance,epochs=120,patience=15,fit_partition=pathogen,covariate_encoder=summary,input_mode=scheduled_final,input_normalization=b0,evaluation_seasons=recent_two",43,raw,flu_admissions_native,equal_season_mean,0.9869258224504388,pathogen_distance_admission_errors
"pilot_method=errors,reporting_missingness=0,reporting_strength=0.5,ed_transform=logit,spatial=distance,epochs=120,patience=15,fit_partition=pathogen,covariate_encoder=summary,input_mode=scheduled_final,input_normalization=b0,evaluation_seasons=recent_two",43,raw,flu_admissions_log,2024-2025,1.092905121292256,pathogen_distance_admission_errors
"pilot_method=errors,reporting_missingness=0,reporting_strength=0.5,ed_transform=logit,spatial=distance,epochs=120,patience=15,fit_partition=pathogen,covariate_encoder=summary,input_mode=scheduled_final,input_normalization=b0,evaluation_seasons=recent_two",43,raw,flu_admissions_log,2025-2026,1.0189434050956576,pathogen_distance_admission_errors
"pilot_method=errors,reporting_missingness=0,reporting_strength=0.5,ed_transform=logit,spatial=distance,epochs=120,patience=15,fit_partition=pathogen,covariate_encoder=summary,input_mode=scheduled_final,input_normalization=b0,evaluation_seasons=recent_two",43,raw,flu_admissions_log,equal_season_mean,1.055924263193957,pathogen_distance_admission_errors
"pilot_method=errors,reporting_missingness=0,reporting_strength=0.5,ed_transform=logit,spatial=neighbors,epochs=120,patience=15,fit_partition=target,covariate_encoder=summary,covariate_set=kinsa,input_mode=scheduled_final,input_normalization=b0,evaluation_seasons=recent_two",42,corrected,six_target_native,2024-2025,0.8687251716955535,target_neighbors_kinsa_admission_errors
"pilot_method=errors,reporting_missingness=0,reporting_strength=0.5,ed_transform=logit,spatial=neighbors,epochs=120,patience=15,fit_partition=target,covariate_encoder=summary,covariate_set=kinsa,input_mode=scheduled_final,input_normalization=b0,evaluation_seasons=recent_two",42,corrected,six_target_native,2025-2026,1.0654707538872037,target_neighbors_kinsa_admission_errors
"pilot_method=errors,reporting_missingness=0,reporting_strength=0.5,ed_transform=logit,spatial=neighbors,epochs=120,patience=15,fit_partition=target,covariate_encoder=summary,covariate_set=kinsa,input_mode=scheduled_final,input_normalization=b0,evaluation_seasons=recent_two",42,corrected,six_target_native,equal_season_mean,0.9670979627913786,target_neighbors_kinsa_admission_errors
"pilot_method=errors,reporting_missingness=0,reporting_strength=0.5,ed_transform=logit,spatial=neighbors,epochs=120,patience=15,fit_partition=target,covariate_encoder=summary,covariate_set=kinsa,input_mode=scheduled_final,input_normalization=b0,evaluation_seasons=recent_two",42,corrected,flu_admissions_native,2024-2025,0.8247325119558099,target_neighbors_kinsa_admission_errors
"pilot_method=errors,reporting_missingness=0,reporting_strength=0.5,ed_transform=logit,spatial=neighbors,epochs=120,patience=15,fit_partition=target,covariate_encoder=summary,covariate_set=kinsa,input_mode=scheduled_final,input_normalization=b0,evaluation_seasons=recent_two",42,corrected,flu_admissions_native,2025-2026,1.0761809780951308,target_neighbors_kinsa_admission_errors
"pilot_method=errors,reporting_missingness=0,reporting_strength=0.5,ed_transform=logit,spatial=neighbors,epochs=120,patience=15,fit_partition=target,covariate_encoder=summary,covariate_set=kinsa,input_mode=scheduled_final,input_normalization=b0,evaluation_seasons=recent_two",42,corrected,flu_admissions_native,equal_season_mean,0.9504567450254704,target_neighbors_kinsa_admission_errors
"pilot_method=errors,reporting_missingness=0,reporting_strength=0.5,ed_transform=logit,spatial=neighbors,epochs=120,patience=15,fit_partition=target,covariate_encoder=summary,covariate_set=kinsa,input_mode=scheduled_final,input_normalization=b0,evaluation_seasons=recent_two",42,corrected,flu_admissions_log,2024-2025,0.8372689014879604,target_neighbors_kinsa_admission_errors
"pilot_method=errors,reporting_missingness=0,reporting_strength=0.5,ed_transform=logit,spatial=neighbors,epochs=120,patience=15,fit_partition=target,covariate_encoder=summary,covariate_set=kinsa,input_mode=scheduled_final,input_normalization=b0,evaluation_seasons=recent_two",42,corrected,flu_admissions_log,2025-2026,1.0282006414544822,target_neighbors_kinsa_admission_errors
"pilot_method=errors,reporting_missingness=0,reporting_strength=0.5,ed_transform=logit,spatial=neighbors,epochs=120,patience=15,fit_partition=target,covariate_encoder=summary,covariate_set=kinsa,input_mode=scheduled_final,input_normalization=b0,evaluation_seasons=recent_two",42,corrected,flu_admissions_log,equal_season_mean,0.9327347714712212,target_neighbors_kinsa_admission_errors
"pilot_method=errors,reporting_missingness=0,reporting_strength=0.5,ed_transform=logit,spatial=neighbors,epochs=120,patience=15,fit_partition=target,covariate_encoder=summary,covariate_set=kinsa,input_mode=scheduled_final,input_normalization=b0,evaluation_seasons=recent_two",42,half,six_target_native,2024-2025,0.8848549664489749,target_neighbors_kinsa_admission_errors
"pilot_method=errors,reporting_missingness=0,reporting_strength=0.5,ed_transform=logit,spatial=neighbors,epochs=120,patience=15,fit_partition=target,covariate_encoder=summary,covariate_set=kinsa,input_mode=scheduled_final,input_normalization=b0,evaluation_seasons=recent_two",42,half,six_target_native,2025-2026,1.0533812899163697,target_neighbors_kinsa_admission_errors
"pilot_method=errors,reporting_missingness=0,reporting_strength=0.5,ed_transform=logit,spatial=neighbors,epochs=120,patience=15,fit_partition=target,covariate_encoder=summary,covariate_set=kinsa,input_mode=scheduled_final,input_normalization=b0,evaluation_seasons=recent_two",42,half,six_target_native,equal_season_mean,0.9691181281826722,target_neighbors_kinsa_admission_errors
"pilot_method=errors,reporting_missingness=0,reporting_strength=0.5,ed_transform=logit,spatial=neighbors,epochs=120,patience=15,fit_partition=target,covariate_encoder=summary,covariate_set=kinsa,input_mode=scheduled_final,input_normalization=b0,evaluation_seasons=recent_two",42,half,flu_admissions_native,2024-2025,0.8349709386043781,target_neighbors_kinsa_admission_errors
"pilot_method=errors,reporting_missingness=0,reporting_strength=0.5,ed_transform=logit,spatial=neighbors,epochs=120,patience=15,fit_partition=target,covariate_encoder=summary,covariate_set=kinsa,input_mode=scheduled_final,input_normalization=b0,evaluation_seasons=recent_two",42,half,flu_admissions_native,2025-2026,1.0577394766340955,target_neighbors_kinsa_admission_errors
"pilot_method=errors,reporting_missingness=0,reporting_strength=0.5,ed_transform=logit,spatial=neighbors,epochs=120,patience=15,fit_partition=target,covariate_encoder=summary,covariate_set=kinsa,input_mode=scheduled_final,input_normalization=b0,evaluation_seasons=recent_two",42,half,flu_admissions_native,equal_season_mean,0.946355207619237,target_neighbors_kinsa_admission_errors
"pilot_method=errors,reporting_missingness=0,reporting_strength=0.5,ed_transform=logit,spatial=neighbors,epochs=120,patience=15,fit_partition=target,covariate_encoder=summary,covariate_set=kinsa,input_mode=scheduled_final,input_normalization=b0,evaluation_seasons=recent_two",42,half,flu_admissions_log,2024-2025,0.8513883148389426,target_neighbors_kinsa_admission_errors
"pilot_method=errors,reporting_missingness=0,reporting_strength=0.5,ed_transform=logit,spatial=neighbors,epochs=120,patience=15,fit_partition=target,covariate_encoder=summary,covariate_set=kinsa,input_mode=scheduled_final,input_normalization=b0,evaluation_seasons=recent_two",42,half,flu_admissions_log,2025-2026,1.0193284548930397,target_neighbors_kinsa_admission_errors
"pilot_method=errors,reporting_missingness=0,reporting_strength=0.5,ed_transform=logit,spatial=neighbors,epochs=120,patience=15,fit_partition=target,covariate_encoder=summary,covariate_set=kinsa,input_mode=scheduled_final,input_normalization=b0,evaluation_seasons=recent_two",42,half,flu_admissions_log,equal_season_mean,0.9353583848659912,target_neighbors_kinsa_admission_errors
"pilot_method=errors,reporting_missingness=0,reporting_strength=0.5,ed_transform=logit,spatial=neighbors,epochs=120,patience=15,fit_partition=target,covariate_encoder=summary,covariate_set=kinsa,input_mode=scheduled_final,input_normalization=b0,evaluation_seasons=recent_two",42,raw,six_target_native,2024-2025,0.9069505477180532,target_neighbors_kinsa_admission_errors
"pilot_method=errors,reporting_missingness=0,reporting_strength=0.5,ed_transform=logit,spatial=neighbors,epochs=120,patience=15,fit_partition=target,covariate_encoder=summary,covariate_set=kinsa,input_mode=scheduled_final,input_normalization=b0,evaluation_seasons=recent_two",42,raw,six_target_native,2025-2026,1.0465717547480533,target_neighbors_kinsa_admission_errors
"pilot_method=errors,reporting_missingness=0,reporting_strength=0.5,ed_transform=logit,spatial=neighbors,epochs=120,patience=15,fit_partition=target,covariate_encoder=summary,covariate_set=kinsa,input_mode=scheduled_final,input_normalization=b0,evaluation_seasons=recent_two",42,raw,six_target_native,equal_season_mean,0.9767611512330532,target_neighbors_kinsa_admission_errors
"pilot_method=errors,reporting_missingness=0,reporting_strength=0.5,ed_transform=logit,spatial=neighbors,epochs=120,patience=15,fit_partition=target,covariate_encoder=summary,covariate_set=kinsa,input_mode=scheduled_final,input_normalization=b0,evaluation_seasons=recent_two",42,raw,flu_admissions_native,2024-2025,0.848932691584011,target_neighbors_kinsa_admission_errors
"pilot_method=errors,reporting_missingness=0,reporting_strength=0.5,ed_transform=logit,spatial=neighbors,epochs=120,patience=15,fit_partition=target,covariate_encoder=summary,covariate_set=kinsa,input_mode=scheduled_final,input_normalization=b0,evaluation_seasons=recent_two",42,raw,flu_admissions_native,2025-2026,1.0446872150469164,target_neighbors_kinsa_admission_errors
"pilot_method=errors,reporting_missingness=0,reporting_strength=0.5,ed_transform=logit,spatial=neighbors,epochs=120,patience=15,fit_partition=target,covariate_encoder=summary,covariate_set=kinsa,input_mode=scheduled_final,input_normalization=b0,evaluation_seasons=recent_two",42,raw,flu_admissions_native,equal_season_mean,0.9468099533154636,target_neighbors_kinsa_admission_errors
"pilot_method=errors,reporting_missingness=0,reporting_strength=0.5,ed_transform=logit,spatial=neighbors,epochs=120,patience=15,fit_partition=target,covariate_encoder=summary,covariate_set=kinsa,input_mode=scheduled_final,input_normalization=b0,evaluation_seasons=recent_two",42,raw,flu_admissions_log,2024-2025,0.8734955450766594,target_neighbors_kinsa_admission_errors
"pilot_method=errors,reporting_missingness=0,reporting_strength=0.5,ed_transform=logit,spatial=neighbors,epochs=120,patience=15,fit_partition=target,covariate_encoder=summary,covariate_set=kinsa,input_mode=scheduled_final,input_normalization=b0,evaluation_seasons=recent_two",42,raw,flu_admissions_log,2025-2026,1.0187983801747384,target_neighbors_kinsa_admission_errors
"pilot_method=errors,reporting_missingness=0,reporting_strength=0.5,ed_transform=logit,spatial=neighbors,epochs=120,patience=15,fit_partition=target,covariate_encoder=summary,covariate_set=kinsa,input_mode=scheduled_final,input_normalization=b0,evaluation_seasons=recent_two",42,raw,flu_admissions_log,equal_season_mean,0.9461469626256988,target_neighbors_kinsa_admission_errors
"pilot_method=errors,reporting_missingness=0,reporting_strength=0.5,ed_transform=logit,spatial=neighbors,epochs=120,patience=15,fit_partition=target,covariate_encoder=summary,covariate_set=kinsa,input_mode=scheduled_final,input_normalization=b0,evaluation_seasons=recent_two",43,corrected,six_target_native,2024-2025,0.915228624666492,target_neighbors_kinsa_admission_errors
"pilot_method=errors,reporting_missingness=0,reporting_strength=0.5,ed_transform=logit,spatial=neighbors,epochs=120,patience=15,fit_partition=target,covariate_encoder=summary,covariate_set=kinsa,input_mode=scheduled_final,input_normalization=b0,evaluation_seasons=recent_two",43,corrected,six_target_native,2025-2026,0.9574577670389488,target_neighbors_kinsa_admission_errors
"pilot_method=errors,reporting_missingness=0,reporting_strength=0.5,ed_transform=logit,spatial=neighbors,epochs=120,patience=15,fit_partition=target,covariate_encoder=summary,covariate_set=kinsa,input_mode=scheduled_final,input_normalization=b0,evaluation_seasons=recent_two",43,corrected,six_target_native,equal_season_mean,0.9363431958527204,target_neighbors_kinsa_admission_errors
"pilot_method=errors,reporting_missingness=0,reporting_strength=0.5,ed_transform=logit,spatial=neighbors,epochs=120,patience=15,fit_partition=target,covariate_encoder=summary,covariate_set=kinsa,input_mode=scheduled_final,input_normalization=b0,evaluation_seasons=recent_two",43,corrected,flu_admissions_native,2024-2025,0.8032732350016412,target_neighbors_kinsa_admission_errors
"pilot_method=errors,reporting_missingness=0,reporting_strength=0.5,ed_transform=logit,spatial=neighbors,epochs=120,patience=15,fit_partition=target,covariate_encoder=summary,covariate_set=kinsa,input_mode=scheduled_final,input_normalization=b0,evaluation_seasons=recent_two",43,corrected,flu_admissions_native,2025-2026,1.0484409157697665,target_neighbors_kinsa_admission_errors
"pilot_method=errors,reporting_missingness=0,reporting_strength=0.5,ed_transform=logit,spatial=neighbors,epochs=120,patience=15,fit_partition=target,covariate_encoder=summary,covariate_set=kinsa,input_mode=scheduled_final,input_normalization=b0,evaluation_seasons=recent_two",43,corrected,flu_admissions_native,equal_season_mean,0.9258570753857036,target_neighbors_kinsa_admission_errors
"pilot_method=errors,reporting_missingness=0,reporting_strength=0.5,ed_transform=logit,spatial=neighbors,epochs=120,patience=15,fit_partition=target,covariate_encoder=summary,covariate_set=kinsa,input_mode=scheduled_final,input_normalization=b0,evaluation_seasons=recent_two",43,corrected,flu_admissions_log,2024-2025,0.8100208612172458,target_neighbors_kinsa_admission_errors
"pilot_method=errors,reporting_missingness=0,reporting_strength=0.5,ed_transform=logit,spatial=neighbors,epochs=120,patience=15,fit_partition=target,covariate_encoder=summary,covariate_set=kinsa,input_mode=scheduled_final,input_normalization=b0,evaluation_seasons=recent_two",43,corrected,flu_admissions_log,2025-2026,1.027282038234032,target_neighbors_kinsa_admission_errors
"pilot_method=errors,reporting_missingness=0,reporting_strength=0.5,ed_transform=logit,spatial=neighbors,epochs=120,patience=15,fit_partition=target,covariate_encoder=summary,covariate_set=kinsa,input_mode=scheduled_final,input_normalization=b0,evaluation_seasons=recent_two",43,corrected,flu_admissions_log,equal_season_mean,0.9186514497256388,target_neighbors_kinsa_admission_errors
"pilot_method=errors,reporting_missingness=0,reporting_strength=0.5,ed_transform=logit,spatial=neighbors,epochs=120,patience=15,fit_partition=target,covariate_encoder=summary,covariate_set=kinsa,input_mode=scheduled_final,input_normalization=b0,evaluation_seasons=recent_two",43,half,six_target_native,2024-2025,0.9278155741926486,target_neighbors_kinsa_admission_errors
"pilot_method=errors,reporting_missingness=0,reporting_strength=0.5,ed_transform=logit,spatial=neighbors,epochs=120,patience=15,fit_partition=target,covariate_encoder=summary,covariate_set=kinsa,input_mode=scheduled_final,input_normalization=b0,evaluation_seasons=recent_two",43,half,six_target_native,2025-2026,0.9501525086715008,target_neighbors_kinsa_admission_errors
"pilot_method=errors,reporting_missingness=0,reporting_strength=0.5,ed_transform=logit,spatial=neighbors,epochs=120,patience=15,fit_partition=target,covariate_encoder=summary,covariate_set=kinsa,input_mode=scheduled_final,input_normalization=b0,evaluation_seasons=recent_two",43,half,six_target_native,equal_season_mean,0.9389840414320748,target_neighbors_kinsa_admission_errors
"pilot_method=errors,reporting_missingness=0,reporting_strength=0.5,ed_transform=logit,spatial=neighbors,epochs=120,patience=15,fit_partition=target,covariate_encoder=summary,covariate_set=kinsa,input_mode=scheduled_final,input_normalization=b0,evaluation_seasons=recent_two",43,half,flu_admissions_native,2024-2025,0.80331405074158,target_neighbors_kinsa_admission_errors
"pilot_method=errors,reporting_missingness=0,reporting_strength=0.5,ed_transform=logit,spatial=neighbors,epochs=120,patience=15,fit_partition=target,covariate_encoder=summary,covariate_set=kinsa,input_mode=scheduled_final,input_normalization=b0,evaluation_seasons=recent_two",43,half,flu_admissions_native,2025-2026,1.0348294403988696,target_neighbors_kinsa_admission_errors
"pilot_method=errors,reporting_missingness=0,reporting_strength=0.5,ed_transform=logit,spatial=neighbors,epochs=120,patience=15,fit_partition=target,covariate_encoder=summary,covariate_set=kinsa,input_mode=scheduled_final,input_normalization=b0,evaluation_seasons=recent_two",43,half,flu_admissions_native,equal_season_mean,0.9190717455702248,target_neighbors_kinsa_admission_errors
"pilot_method=errors,reporting_missingness=0,reporting_strength=0.5,ed_transform=logit,spatial=neighbors,epochs=120,patience=15,fit_partition=target,covariate_encoder=summary,covariate_set=kinsa,input_mode=scheduled_final,input_normalization=b0,evaluation_seasons=recent_two",43,half,flu_admissions_log,2024-2025,0.8108836450956761,target_neighbors_kinsa_admission_errors
"pilot_method=errors,reporting_missingness=0,reporting_strength=0.5,ed_transform=logit,spatial=neighbors,epochs=120,patience=15,fit_partition=target,covariate_encoder=summary,covariate_set=kinsa,input_mode=scheduled_final,input_normalization=b0,evaluation_seasons=recent_two",43,half,flu_admissions_log,2025-2026,1.0238371257395125,target_neighbors_kinsa_admission_errors
"pilot_method=errors,reporting_missingness=0,reporting_strength=0.5,ed_transform=logit,spatial=neighbors,epochs=120,patience=15,fit_partition=target,covariate_encoder=summary,covariate_set=kinsa,input_mode=scheduled_final,input_normalization=b0,evaluation_seasons=recent_two",43,half,flu_admissions_log,equal_season_mean,0.9173603854175942,target_neighbors_kinsa_admission_errors
"pilot_method=errors,reporting_missingness=0,reporting_strength=0.5,ed_transform=logit,spatial=neighbors,epochs=120,patience=15,fit_partition=target,covariate_encoder=summary,covariate_set=kinsa,input_mode=scheduled_final,input_normalization=b0,evaluation_seasons=recent_two",43,raw,six_target_native,2024-2025,0.9465946891795782,target_neighbors_kinsa_admission_errors
"pilot_method=errors,reporting_missingness=0,reporting_strength=0.5,ed_transform=logit,spatial=neighbors,epochs=120,patience=15,fit_partition=target,covariate_encoder=summary,covariate_set=kinsa,input_mode=scheduled_final,input_normalization=b0,evaluation_seasons=recent_two",43,raw,six_target_native,2025-2026,0.947776978810261,target_neighbors_kinsa_admission_errors
"pilot_method=errors,reporting_missingness=0,reporting_strength=0.5,ed_transform=logit,spatial=neighbors,epochs=120,patience=15,fit_partition=target,covariate_encoder=summary,covariate_set=kinsa,input_mode=scheduled_final,input_normalization=b0,evaluation_seasons=recent_two",43,raw,six_target_native,equal_season_mean,0.9471858339949196,target_neighbors_kinsa_admission_errors
"pilot_method=errors,reporting_missingness=0,reporting_strength=0.5,ed_transform=logit,spatial=neighbors,epochs=120,patience=15,fit_partition=target,covariate_encoder=summary,covariate_set=kinsa,input_mode=scheduled_final,input_normalization=b0,evaluation_seasons=recent_two",43,raw,flu_admissions_native,2024-2025,0.8074929113646448,target_neighbors_kinsa_admission_errors
"pilot_method=errors,reporting_missingness=0,reporting_strength=0.5,ed_transform=logit,spatial=neighbors,epochs=120,patience=15,fit_partition=target,covariate_encoder=summary,covariate_set=kinsa,input_mode=scheduled_final,input_normalization=b0,evaluation_seasons=recent_two",43,raw,flu_admissions_native,2025-2026,1.0263166659296898,target_neighbors_kinsa_admission_errors
"pilot_method=errors,reporting_missingness=0,reporting_strength=0.5,ed_transform=logit,spatial=neighbors,epochs=120,patience=15,fit_partition=target,covariate_encoder=summary,covariate_set=kinsa,input_mode=scheduled_final,input_normalization=b0,evaluation_seasons=recent_two",43,raw,flu_admissions_native,equal_season_mean,0.9169047886471672,target_neighbors_kinsa_admission_errors
"pilot_method=errors,reporting_missingness=0,reporting_strength=0.5,ed_transform=logit,spatial=neighbors,epochs=120,patience=15,fit_partition=target,covariate_encoder=summary,covariate_set=kinsa,input_mode=scheduled_final,input_normalization=b0,evaluation_seasons=recent_two",43,raw,flu_admissions_log,2024-2025,0.8181196711675971,target_neighbors_kinsa_admission_errors
"pilot_method=errors,reporting_missingness=0,reporting_strength=0.5,ed_transform=logit,spatial=neighbors,epochs=120,patience=15,fit_partition=target,covariate_encoder=summary,covariate_set=kinsa,input_mode=scheduled_final,input_normalization=b0,evaluation_seasons=recent_two",43,raw,flu_admissions_log,2025-2026,1.0293753021375924,target_neighbors_kinsa_admission_errors
"pilot_method=errors,reporting_missingness=0,reporting_strength=0.5,ed_transform=logit,spatial=neighbors,epochs=120,patience=15,fit_partition=target,covariate_encoder=summary,covariate_set=kinsa,input_mode=scheduled_final,input_normalization=b0,evaluation_seasons=recent_two",43,raw,flu_admissions_log,equal_season_mean,0.9237474866525948,target_neighbors_kinsa_admission_errors
"pilot_method=errors,reporting_probability=0.5,reporting_missingness=0,reporting_method=synchronous_log,reporting_strength=0.5,ed_transform=logit,spatial=distance,epochs=120,patience=15,fit_partition=pathogen,covariate_encoder=summary,input_mode=scheduled_final,input_normalization=b0,evaluation_seasons=recent_two",42,corrected,six_target_native,2024-2025,1.054195078938272,pathogen_distance_synchronous_half_episodes
"pilot_method=errors,reporting_probability=0.5,reporting_missingness=0,reporting_method=synchronous_log,reporting_strength=0.5,ed_transform=logit,spatial=distance,epochs=120,patience=15,fit_partition=pathogen,covariate_encoder=summary,input_mode=scheduled_final,input_normalization=b0,evaluation_seasons=recent_two",42,corrected,six_target_native,2025-2026,1.0594625312140005,pathogen_distance_synchronous_half_episodes
"pilot_method=errors,reporting_probability=0.5,reporting_missingness=0,reporting_method=synchronous_log,reporting_strength=0.5,ed_transform=logit,spatial=distance,epochs=120,patience=15,fit_partition=pathogen,covariate_encoder=summary,input_mode=scheduled_final,input_normalization=b0,evaluation_seasons=recent_two",42,corrected,six_target_native,equal_season_mean,1.0568288050761363,pathogen_distance_synchronous_half_episodes
"pilot_method=errors,reporting_probability=0.5,reporting_missingness=0,reporting_method=synchronous_log,reporting_strength=0.5,ed_transform=logit,spatial=distance,epochs=120,patience=15,fit_partition=pathogen,covariate_encoder=summary,input_mode=scheduled_final,input_normalization=b0,evaluation_seasons=recent_two",42,corrected,flu_admissions_native,2024-2025,0.7699180716941725,pathogen_distance_synchronous_half_episodes
"pilot_method=errors,reporting_probability=0.5,reporting_missingness=0,reporting_method=synchronous_log,reporting_strength=0.5,ed_transform=logit,spatial=distance,epochs=120,patience=15,fit_partition=pathogen,covariate_encoder=summary,input_mode=scheduled_final,input_normalization=b0,evaluation_seasons=recent_two",42,corrected,flu_admissions_native,2025-2026,1.1275952183517186,pathogen_distance_synchronous_half_episodes
"pilot_method=errors,reporting_probability=0.5,reporting_missingness=0,reporting_method=synchronous_log,reporting_strength=0.5,ed_transform=logit,spatial=distance,epochs=120,patience=15,fit_partition=pathogen,covariate_encoder=summary,input_mode=scheduled_final,input_normalization=b0,evaluation_seasons=recent_two",42,corrected,flu_admissions_native,equal_season_mean,0.9487566450229457,pathogen_distance_synchronous_half_episodes
"pilot_method=errors,reporting_probability=0.5,reporting_missingness=0,reporting_method=synchronous_log,reporting_strength=0.5,ed_transform=logit,spatial=distance,epochs=120,patience=15,fit_partition=pathogen,covariate_encoder=summary,input_mode=scheduled_final,input_normalization=b0,evaluation_seasons=recent_two",42,corrected,flu_admissions_log,2024-2025,0.792558636847108,pathogen_distance_synchronous_half_episodes
"pilot_method=errors,reporting_probability=0.5,reporting_missingness=0,reporting_method=synchronous_log,reporting_strength=0.5,ed_transform=logit,spatial=distance,epochs=120,patience=15,fit_partition=pathogen,covariate_encoder=summary,input_mode=scheduled_final,input_normalization=b0,evaluation_seasons=recent_two",42,corrected,flu_admissions_log,2025-2026,1.138681041939954,pathogen_distance_synchronous_half_episodes
"pilot_method=errors,reporting_probability=0.5,reporting_missingness=0,reporting_method=synchronous_log,reporting_strength=0.5,ed_transform=logit,spatial=distance,epochs=120,patience=15,fit_partition=pathogen,covariate_encoder=summary,input_mode=scheduled_final,input_normalization=b0,evaluation_seasons=recent_two",42,corrected,flu_admissions_log,equal_season_mean,0.965619839393531,pathogen_distance_synchronous_half_episodes
"pilot_method=errors,reporting_probability=0.5,reporting_missingness=0,reporting_method=synchronous_log,reporting_strength=0.5,ed_transform=logit,spatial=distance,epochs=120,patience=15,fit_partition=pathogen,covariate_encoder=summary,input_mode=scheduled_final,input_normalization=b0,evaluation_seasons=recent_two",42,half,six_target_native,2024-2025,1.0684373228318091,pathogen_distance_synchronous_half_episodes
"pilot_method=errors,reporting_probability=0.5,reporting_missingness=0,reporting_method=synchronous_log,reporting_strength=0.5,ed_transform=logit,spatial=distance,epochs=120,patience=15,fit_partition=pathogen,covariate_encoder=summary,input_mode=scheduled_final,input_normalization=b0,evaluation_seasons=recent_two",42,half,six_target_native,2025-2026,1.0635392279593572,pathogen_distance_synchronous_half_episodes
"pilot_method=errors,reporting_probability=0.5,reporting_missingness=0,reporting_method=synchronous_log,reporting_strength=0.5,ed_transform=logit,spatial=distance,epochs=120,patience=15,fit_partition=pathogen,covariate_encoder=summary,input_mode=scheduled_final,input_normalization=b0,evaluation_seasons=recent_two",42,half,six_target_native,equal_season_mean,1.0659882753955832,pathogen_distance_synchronous_half_episodes
"pilot_method=errors,reporting_probability=0.5,reporting_missingness=0,reporting_method=synchronous_log,reporting_strength=0.5,ed_transform=logit,spatial=distance,epochs=120,patience=15,fit_partition=pathogen,covariate_encoder=summary,input_mode=scheduled_final,input_normalization=b0,evaluation_seasons=recent_two",42,half,flu_admissions_native,2024-2025,0.7755115008704881,pathogen_distance_synchronous_half_episodes
"pilot_method=errors,reporting_probability=0.5,reporting_missingness=0,reporting_method=synchronous_log,reporting_strength=0.5,ed_transform=logit,spatial=distance,epochs=120,patience=15,fit_partition=pathogen,covariate_encoder=summary,input_mode=scheduled_final,input_normalization=b0,evaluation_seasons=recent_two",42,half,flu_admissions_native,2025-2026,1.1228008656247266,pathogen_distance_synchronous_half_episodes
"pilot_method=errors,reporting_probability=0.5,reporting_missingness=0,reporting_method=synchronous_log,reporting_strength=0.5,ed_transform=logit,spatial=distance,epochs=120,patience=15,fit_partition=pathogen,covariate_encoder=summary,input_mode=scheduled_final,input_normalization=b0,evaluation_seasons=recent_two",42,half,flu_admissions_native,equal_season_mean,0.9491561832476074,pathogen_distance_synchronous_half_episodes
"pilot_method=errors,reporting_probability=0.5,reporting_missingness=0,reporting_method=synchronous_log,reporting_strength=0.5,ed_transform=logit,spatial=distance,epochs=120,patience=15,fit_partition=pathogen,covariate_encoder=summary,input_mode=scheduled_final,input_normalization=b0,evaluation_seasons=recent_two",42,half,flu_admissions_log,2024-2025,0.8016693824165578,pathogen_distance_synchronous_half_episodes
"pilot_method=errors,reporting_probability=0.5,reporting_missingness=0,reporting_method=synchronous_log,reporting_strength=0.5,ed_transform=logit,spatial=distance,epochs=120,patience=15,fit_partition=pathogen,covariate_encoder=summary,input_mode=scheduled_final,input_normalization=b0,evaluation_seasons=recent_two",42,half,flu_admissions_log,2025-2026,1.1358879811687266,pathogen_distance_synchronous_half_episodes
"pilot_method=errors,reporting_probability=0.5,reporting_missingness=0,reporting_method=synchronous_log,reporting_strength=0.5,ed_transform=logit,spatial=distance,epochs=120,patience=15,fit_partition=pathogen,covariate_encoder=summary,input_mode=scheduled_final,input_normalization=b0,evaluation_seasons=recent_two",42,half,flu_admissions_log,equal_season_mean,0.9687786817926424,pathogen_distance_synchronous_half_episodes
"pilot_method=errors,reporting_probability=0.5,reporting_missingness=0,reporting_method=synchronous_log,reporting_strength=0.5,ed_transform=logit,spatial=distance,epochs=120,patience=15,fit_partition=pathogen,covariate_encoder=summary,input_mode=scheduled_final,input_normalization=b0,evaluation_seasons=recent_two",42,raw,six_target_native,2024-2025,1.0843348281303664,pathogen_distance_synchronous_half_episodes
"pilot_method=errors,reporting_probability=0.5,reporting_missingness=0,reporting_method=synchronous_log,reporting_strength=0.5,ed_transform=logit,spatial=distance,epochs=120,patience=15,fit_partition=pathogen,covariate_encoder=summary,input_mode=scheduled_final,input_normalization=b0,evaluation_seasons=recent_two",42,raw,six_target_native,2025-2026,1.0687189231801226,pathogen_distance_synchronous_half_episodes
"pilot_method=errors,reporting_probability=0.5,reporting_missingness=0,reporting_method=synchronous_log,reporting_strength=0.5,ed_transform=logit,spatial=distance,epochs=120,patience=15,fit_partition=pathogen,covariate_encoder=summary,input_mode=scheduled_final,input_normalization=b0,evaluation_seasons=recent_two",42,raw,six_target_native,equal_season_mean,1.0765268756552446,pathogen_distance_synchronous_half_episodes
"pilot_method=errors,reporting_probability=0.5,reporting_missingness=0,reporting_method=synchronous_log,reporting_strength=0.5,ed_transform=logit,spatial=distance,epochs=120,patience=15,fit_partition=pathogen,covariate_encoder=summary,input_mode=scheduled_final,input_normalization=b0,evaluation_seasons=recent_two",42,raw,flu_admissions_native,2024-2025,0.7818661986639407,pathogen_distance_synchronous_half_episodes
"pilot_method=errors,reporting_probability=0.5,reporting_missingness=0,reporting_method=synchronous_log,reporting_strength=0.5,ed_transform=logit,spatial=distance,epochs=120,patience=15,fit_partition=pathogen,covariate_encoder=summary,input_mode=scheduled_final,input_normalization=b0,evaluation_seasons=recent_two",42,raw,flu_admissions_native,2025-2026,1.1187855541182492,pathogen_distance_synchronous_half_episodes
"pilot_method=errors,reporting_probability=0.5,reporting_missingness=0,reporting_method=synchronous_log,reporting_strength=0.5,ed_transform=logit,spatial=distance,epochs=120,patience=15,fit_partition=pathogen,covariate_encoder=summary,input_mode=scheduled_final,input_normalization=b0,evaluation_seasons=recent_two",42,raw,flu_admissions_native,equal_season_mean,0.9503258763910948,pathogen_distance_synchronous_half_episodes
"pilot_method=errors,reporting_probability=0.5,reporting_missingness=0,reporting_method=synchronous_log,reporting_strength=0.5,ed_transform=logit,spatial=distance,epochs=120,patience=15,fit_partition=pathogen,covariate_encoder=summary,input_mode=scheduled_final,input_normalization=b0,evaluation_seasons=recent_two",42,raw,flu_admissions_log,2024-2025,0.8126351319548885,pathogen_distance_synchronous_half_episodes
"pilot_method=errors,reporting_probability=0.5,reporting_missingness=0,reporting_method=synchronous_log,reporting_strength=0.5,ed_transform=logit,spatial=distance,epochs=120,patience=15,fit_partition=pathogen,covariate_encoder=summary,input_mode=scheduled_final,input_normalization=b0,evaluation_seasons=recent_two",42,raw,flu_admissions_log,2025-2026,1.1358689267730562,pathogen_distance_synchronous_half_episodes
"pilot_method=errors,reporting_probability=0.5,reporting_missingness=0,reporting_method=synchronous_log,reporting_strength=0.5,ed_transform=logit,spatial=distance,epochs=120,patience=15,fit_partition=pathogen,covariate_encoder=summary,input_mode=scheduled_final,input_normalization=b0,evaluation_seasons=recent_two",42,raw,flu_admissions_log,equal_season_mean,0.9742520293639724,pathogen_distance_synchronous_half_episodes
"pilot_method=errors,reporting_probability=0.5,reporting_missingness=0,reporting_method=synchronous_log,reporting_strength=0.5,ed_transform=logit,spatial=distance,epochs=120,patience=15,fit_partition=pathogen,covariate_encoder=summary,input_mode=scheduled_final,input_normalization=b0,evaluation_seasons=recent_two",43,corrected,six_target_native,2024-2025,1.117279444822802,pathogen_distance_synchronous_half_episodes
"pilot_method=errors,reporting_probability=0.5,reporting_missingness=0,reporting_method=synchronous_log,reporting_strength=0.5,ed_transform=logit,spatial=distance,epochs=120,patience=15,fit_partition=pathogen,covariate_encoder=summary,input_mode=scheduled_final,input_normalization=b0,evaluation_seasons=recent_two",43,corrected,six_target_native,2025-2026,0.9866280806758472,pathogen_distance_synchronous_half_episodes
"pilot_method=errors,reporting_probability=0.5,reporting_missingness=0,reporting_method=synchronous_log,reporting_strength=0.5,ed_transform=logit,spatial=distance,epochs=120,patience=15,fit_partition=pathogen,covariate_encoder=summary,input_mode=scheduled_final,input_normalization=b0,evaluation_seasons=recent_two",43,corrected,six_target_native,equal_season_mean,1.0519537627493245,pathogen_distance_synchronous_half_episodes
"pilot_method=errors,reporting_probability=0.5,reporting_missingness=0,reporting_method=synchronous_log,reporting_strength=0.5,ed_transform=logit,spatial=distance,epochs=120,patience=15,fit_partition=pathogen,covariate_encoder=summary,input_mode=scheduled_final,input_normalization=b0,evaluation_seasons=recent_two",43,corrected,flu_admissions_native,2024-2025,1.0407977371228303,pathogen_distance_synchronous_half_episodes
"pilot_method=errors,reporting_probability=0.5,reporting_missingness=0,reporting_method=synchronous_log,reporting_strength=0.5,ed_transform=logit,spatial=distance,epochs=120,patience=15,fit_partition=pathogen,covariate_encoder=summary,input_mode=scheduled_final,input_normalization=b0,evaluation_seasons=recent_two",43,corrected,flu_admissions_native,2025-2026,0.9944953278761888,pathogen_distance_synchronous_half_episodes
"pilot_method=errors,reporting_probability=0.5,reporting_missingness=0,reporting_method=synchronous_log,reporting_strength=0.5,ed_transform=logit,spatial=distance,epochs=120,patience=15,fit_partition=pathogen,covariate_encoder=summary,input_mode=scheduled_final,input_normalization=b0,evaluation_seasons=recent_two",43,corrected,flu_admissions_native,equal_season_mean,1.0176465324995094,pathogen_distance_synchronous_half_episodes
"pilot_method=errors,reporting_probability=0.5,reporting_missingness=0,reporting_method=synchronous_log,reporting_strength=0.5,ed_transform=logit,spatial=distance,epochs=120,patience=15,fit_partition=pathogen,covariate_encoder=summary,input_mode=scheduled_final,input_normalization=b0,evaluation_seasons=recent_two",43,corrected,flu_admissions_log,2024-2025,1.1359918420050523,pathogen_distance_synchronous_half_episodes
"pilot_method=errors,reporting_probability=0.5,reporting_missingness=0,reporting_method=synchronous_log,reporting_strength=0.5,ed_transform=logit,spatial=distance,epochs=120,patience=15,fit_partition=pathogen,covariate_encoder=summary,input_mode=scheduled_final,input_normalization=b0,evaluation_seasons=recent_two",43,corrected,flu_admissions_log,2025-2026,1.0046992915670474,pathogen_distance_synchronous_half_episodes
"pilot_method=errors,reporting_probability=0.5,reporting_missingness=0,reporting_method=synchronous_log,reporting_strength=0.5,ed_transform=logit,spatial=distance,epochs=120,patience=15,fit_partition=pathogen,covariate_encoder=summary,input_mode=scheduled_final,input_normalization=b0,evaluation_seasons=recent_two",43,corrected,flu_admissions_log,equal_season_mean,1.07034556678605,pathogen_distance_synchronous_half_episodes
"pilot_method=errors,reporting_probability=0.5,reporting_missingness=0,reporting_method=synchronous_log,reporting_strength=0.5,ed_transform=logit,spatial=distance,epochs=120,patience=15,fit_partition=pathogen,covariate_encoder=summary,input_mode=scheduled_final,input_normalization=b0,evaluation_seasons=recent_two",43,half,six_target_native,2024-2025,1.1357026729323825,pathogen_distance_synchronous_half_episodes
"pilot_method=errors,reporting_probability=0.5,reporting_missingness=0,reporting_method=synchronous_log,reporting_strength=0.5,ed_transform=logit,spatial=distance,epochs=120,patience=15,fit_partition=pathogen,covariate_encoder=summary,input_mode=scheduled_final,input_normalization=b0,evaluation_seasons=recent_two",43,half,six_target_native,2025-2026,0.982838489498076,pathogen_distance_synchronous_half_episodes
"pilot_method=errors,reporting_probability=0.5,reporting_missingness=0,reporting_method=synchronous_log,reporting_strength=0.5,ed_transform=logit,spatial=distance,epochs=120,patience=15,fit_partition=pathogen,covariate_encoder=summary,input_mode=scheduled_final,input_normalization=b0,evaluation_seasons=recent_two",43,half,six_target_native,equal_season_mean,1.0592705812152292,pathogen_distance_synchronous_half_episodes
"pilot_method=errors,reporting_probability=0.5,reporting_missingness=0,reporting_method=synchronous_log,reporting_strength=0.5,ed_transform=logit,spatial=distance,epochs=120,patience=15,fit_partition=pathogen,covariate_encoder=summary,input_mode=scheduled_final,input_normalization=b0,evaluation_seasons=recent_two",43,half,flu_admissions_native,2024-2025,1.0569629884411853,pathogen_distance_synchronous_half_episodes
"pilot_method=errors,reporting_probability=0.5,reporting_missingness=0,reporting_method=synchronous_log,reporting_strength=0.5,ed_transform=logit,spatial=distance,epochs=120,patience=15,fit_partition=pathogen,covariate_encoder=summary,input_mode=scheduled_final,input_normalization=b0,evaluation_seasons=recent_two",43,half,flu_admissions_native,2025-2026,0.9890686452021736,pathogen_distance_synchronous_half_episodes
"pilot_method=errors,reporting_probability=0.5,reporting_missingness=0,reporting_method=synchronous_log,reporting_strength=0.5,ed_transform=logit,spatial=distance,epochs=120,patience=15,fit_partition=pathogen,covariate_encoder=summary,input_mode=scheduled_final,input_normalization=b0,evaluation_seasons=recent_two",43,half,flu_admissions_native,equal_season_mean,1.0230158168216796,pathogen_distance_synchronous_half_episodes
"pilot_method=errors,reporting_probability=0.5,reporting_missingness=0,reporting_method=synchronous_log,reporting_strength=0.5,ed_transform=logit,spatial=distance,epochs=120,patience=15,fit_partition=pathogen,covariate_encoder=summary,input_mode=scheduled_final,input_normalization=b0,evaluation_seasons=recent_two",43,half,flu_admissions_log,2024-2025,1.159043090901728,pathogen_distance_synchronous_half_episodes
"pilot_method=errors,reporting_probability=0.5,reporting_missingness=0,reporting_method=synchronous_log,reporting_strength=0.5,ed_transform=logit,spatial=distance,epochs=120,patience=15,fit_partition=pathogen,covariate_encoder=summary,input_mode=scheduled_final,input_normalization=b0,evaluation_seasons=recent_two",43,half,flu_admissions_log,2025-2026,1.0034006758170804,pathogen_distance_synchronous_half_episodes
"pilot_method=errors,reporting_probability=0.5,reporting_missingness=0,reporting_method=synchronous_log,reporting_strength=0.5,ed_transform=logit,spatial=distance,epochs=120,patience=15,fit_partition=pathogen,covariate_encoder=summary,input_mode=scheduled_final,input_normalization=b0,evaluation_seasons=recent_two",43,half,flu_admissions_log,equal_season_mean,1.081221883359404,pathogen_distance_synchronous_half_episodes
"pilot_method=errors,reporting_probability=0.5,reporting_missingness=0,reporting_method=synchronous_log,reporting_strength=0.5,ed_transform=logit,spatial=distance,epochs=120,patience=15,fit_partition=pathogen,covariate_encoder=summary,input_mode=scheduled_final,input_normalization=b0,evaluation_seasons=recent_two",43,raw,six_target_native,2024-2025,1.1555404067000352,pathogen_distance_synchronous_half_episodes
"pilot_method=errors,reporting_probability=0.5,reporting_missingness=0,reporting_method=synchronous_log,reporting_strength=0.5,ed_transform=logit,spatial=distance,epochs=120,patience=15,fit_partition=pathogen,covariate_encoder=summary,input_mode=scheduled_final,input_normalization=b0,evaluation_seasons=recent_two",43,raw,six_target_native,2025-2026,0.979992923254564,pathogen_distance_synchronous_half_episodes
"pilot_method=errors,reporting_probability=0.5,reporting_missingness=0,reporting_method=synchronous_log,reporting_strength=0.5,ed_transform=logit,spatial=distance,epochs=120,patience=15,fit_partition=pathogen,covariate_encoder=summary,input_mode=scheduled_final,input_normalization=b0,evaluation_seasons=recent_two",43,raw,six_target_native,equal_season_mean,1.0677666649772997,pathogen_distance_synchronous_half_episodes
"pilot_method=errors,reporting_probability=0.5,reporting_missingness=0,reporting_method=synchronous_log,reporting_strength=0.5,ed_transform=logit,spatial=distance,epochs=120,patience=15,fit_partition=pathogen,covariate_encoder=summary,input_mode=scheduled_final,input_normalization=b0,evaluation_seasons=recent_two",43,raw,flu_admissions_native,2024-2025,1.073828142636725,pathogen_distance_synchronous_half_episodes
"pilot_method=errors,reporting_probability=0.5,reporting_missingness=0,reporting_method=synchronous_log,reporting_strength=0.5,ed_transform=logit,spatial=distance,epochs=120,patience=15,fit_partition=pathogen,covariate_encoder=summary,input_mode=scheduled_final,input_normalization=b0,evaluation_seasons=recent_two",43,raw,flu_admissions_native,2025-2026,0.984135705253816,pathogen_distance_synchronous_half_episodes
"pilot_method=errors,reporting_probability=0.5,reporting_missingness=0,reporting_method=synchronous_log,reporting_strength=0.5,ed_transform=logit,spatial=distance,epochs=120,patience=15,fit_partition=pathogen,covariate_encoder=summary,input_mode=scheduled_final,input_normalization=b0,evaluation_seasons=recent_two",43,raw,flu_admissions_native,equal_season_mean,1.0289819239452709,pathogen_distance_synchronous_half_episodes
"pilot_method=errors,reporting_probability=0.5,reporting_missingness=0,reporting_method=synchronous_log,reporting_strength=0.5,ed_transform=logit,spatial=distance,epochs=120,patience=15,fit_partition=pathogen,covariate_encoder=summary,input_mode=scheduled_final,input_normalization=b0,evaluation_seasons=recent_two",43,raw,flu_admissions_log,2024-2025,1.183256112709487,pathogen_distance_synchronous_half_episodes
"pilot_method=errors,reporting_probability=0.5,reporting_missingness=0,reporting_method=synchronous_log,reporting_strength=0.5,ed_transform=logit,spatial=distance,epochs=120,patience=15,fit_partition=pathogen,covariate_encoder=summary,input_mode=scheduled_final,input_normalization=b0,evaluation_seasons=recent_two",43,raw,flu_admissions_log,2025-2026,1.0040551609777908,pathogen_distance_synchronous_half_episodes
"pilot_method=errors,reporting_probability=0.5,reporting_missingness=0,reporting_method=synchronous_log,reporting_strength=0.5,ed_transform=logit,spatial=distance,epochs=120,patience=15,fit_partition=pathogen,covariate_encoder=summary,input_mode=scheduled_final,input_normalization=b0,evaluation_seasons=recent_two",43,raw,flu_admissions_log,equal_season_mean,1.0936556368436388,pathogen_distance_synchronous_half_episodes
"pilot_method=errors,reporting_probability=0.5,reporting_missingness=0,reporting_method=synchronous_log,reporting_strength=0.5,ed_transform=logit,spatial=neighbors,epochs=120,patience=15,fit_partition=target,covariate_encoder=summary,covariate_set=kinsa,input_mode=scheduled_final,input_normalization=b0,evaluation_seasons=recent_two",42,corrected,six_target_native,2024-2025,0.9409729015199162,target_neighbors_kinsa_synchronous_half_episodes
"pilot_method=errors,reporting_probability=0.5,reporting_missingness=0,reporting_method=synchronous_log,reporting_strength=0.5,ed_transform=logit,spatial=neighbors,epochs=120,patience=15,fit_partition=target,covariate_encoder=summary,covariate_set=kinsa,input_mode=scheduled_final,input_normalization=b0,evaluation_seasons=recent_two",42,corrected,six_target_native,2025-2026,0.9786792362409302,target_neighbors_kinsa_synchronous_half_episodes
"pilot_method=errors,reporting_probability=0.5,reporting_missingness=0,reporting_method=synchronous_log,reporting_strength=0.5,ed_transform=logit,spatial=neighbors,epochs=120,patience=15,fit_partition=target,covariate_encoder=summary,covariate_set=kinsa,input_mode=scheduled_final,input_normalization=b0,evaluation_seasons=recent_two",42,corrected,six_target_native,equal_season_mean,0.9598260688804232,target_neighbors_kinsa_synchronous_half_episodes
"pilot_method=errors,reporting_probability=0.5,reporting_missingness=0,reporting_method=synchronous_log,reporting_strength=0.5,ed_transform=logit,spatial=neighbors,epochs=120,patience=15,fit_partition=target,covariate_encoder=summary,covariate_set=kinsa,input_mode=scheduled_final,input_normalization=b0,evaluation_seasons=recent_two",42,corrected,flu_admissions_native,2024-2025,0.8245530434793599,target_neighbors_kinsa_synchronous_half_episodes
"pilot_method=errors,reporting_probability=0.5,reporting_missingness=0,reporting_method=synchronous_log,reporting_strength=0.5,ed_transform=logit,spatial=neighbors,epochs=120,patience=15,fit_partition=target,covariate_encoder=summary,covariate_set=kinsa,input_mode=scheduled_final,input_normalization=b0,evaluation_seasons=recent_two",42,corrected,flu_admissions_native,2025-2026,0.8667917273542626,target_neighbors_kinsa_synchronous_half_episodes
"pilot_method=errors,reporting_probability=0.5,reporting_missingness=0,reporting_method=synchronous_log,reporting_strength=0.5,ed_transform=logit,spatial=neighbors,epochs=120,patience=15,fit_partition=target,covariate_encoder=summary,covariate_set=kinsa,input_mode=scheduled_final,input_normalization=b0,evaluation_seasons=recent_two",42,corrected,flu_admissions_native,equal_season_mean,0.8456723854168112,target_neighbors_kinsa_synchronous_half_episodes
"pilot_method=errors,reporting_probability=0.5,reporting_missingness=0,reporting_method=synchronous_log,reporting_strength=0.5,ed_transform=logit,spatial=neighbors,epochs=120,patience=15,fit_partition=target,covariate_encoder=summary,covariate_set=kinsa,input_mode=scheduled_final,input_normalization=b0,evaluation_seasons=recent_two",42,corrected,flu_admissions_log,2024-2025,0.8357849085189699,target_neighbors_kinsa_synchronous_half_episodes
"pilot_method=errors,reporting_probability=0.5,reporting_missingness=0,reporting_method=synchronous_log,reporting_strength=0.5,ed_transform=logit,spatial=neighbors,epochs=120,patience=15,fit_partition=target,covariate_encoder=summary,covariate_set=kinsa,input_mode=scheduled_final,input_normalization=b0,evaluation_seasons=recent_two",42,corrected,flu_admissions_log,2025-2026,0.905758441946389,target_neighbors_kinsa_synchronous_half_episodes
"pilot_method=errors,reporting_probability=0.5,reporting_missingness=0,reporting_method=synchronous_log,reporting_strength=0.5,ed_transform=logit,spatial=neighbors,epochs=120,patience=15,fit_partition=target,covariate_encoder=summary,covariate_set=kinsa,input_mode=scheduled_final,input_normalization=b0,evaluation_seasons=recent_two",42,corrected,flu_admissions_log,equal_season_mean,0.8707716752326795,target_neighbors_kinsa_synchronous_half_episodes
"pilot_method=errors,reporting_probability=0.5,reporting_missingness=0,reporting_method=synchronous_log,reporting_strength=0.5,ed_transform=logit,spatial=neighbors,epochs=120,patience=15,fit_partition=target,covariate_encoder=summary,covariate_set=kinsa,input_mode=scheduled_final,input_normalization=b0,evaluation_seasons=recent_two",42,half,six_target_native,2024-2025,0.9524802932628028,target_neighbors_kinsa_synchronous_half_episodes
"pilot_method=errors,reporting_probability=0.5,reporting_missingness=0,reporting_method=synchronous_log,reporting_strength=0.5,ed_transform=logit,spatial=neighbors,epochs=120,patience=15,fit_partition=target,covariate_encoder=summary,covariate_set=kinsa,input_mode=scheduled_final,input_normalization=b0,evaluation_seasons=recent_two",42,half,six_target_native,2025-2026,0.9780092497954814,target_neighbors_kinsa_synchronous_half_episodes
"pilot_method=errors,reporting_probability=0.5,reporting_missingness=0,reporting_method=synchronous_log,reporting_strength=0.5,ed_transform=logit,spatial=neighbors,epochs=120,patience=15,fit_partition=target,covariate_encoder=summary,covariate_set=kinsa,input_mode=scheduled_final,input_normalization=b0,evaluation_seasons=recent_two",42,half,six_target_native,equal_season_mean,0.965244771529142,target_neighbors_kinsa_synchronous_half_episodes
"pilot_method=errors,reporting_probability=0.5,reporting_missingness=0,reporting_method=synchronous_log,reporting_strength=0.5,ed_transform=logit,spatial=neighbors,epochs=120,patience=15,fit_partition=target,covariate_encoder=summary,covariate_set=kinsa,input_mode=scheduled_final,input_normalization=b0,evaluation_seasons=recent_two",42,half,flu_admissions_native,2024-2025,0.8294328951972493,target_neighbors_kinsa_synchronous_half_episodes
"pilot_method=errors,reporting_probability=0.5,reporting_missingness=0,reporting_method=synchronous_log,reporting_strength=0.5,ed_transform=logit,spatial=neighbors,epochs=120,patience=15,fit_partition=target,covariate_encoder=summary,covariate_set=kinsa,input_mode=scheduled_final,input_normalization=b0,evaluation_seasons=recent_two",42,half,flu_admissions_native,2025-2026,0.865014458533867,target_neighbors_kinsa_synchronous_half_episodes
"pilot_method=errors,reporting_probability=0.5,reporting_missingness=0,reporting_method=synchronous_log,reporting_strength=0.5,ed_transform=logit,spatial=neighbors,epochs=120,patience=15,fit_partition=target,covariate_encoder=summary,covariate_set=kinsa,input_mode=scheduled_final,input_normalization=b0,evaluation_seasons=recent_two",42,half,flu_admissions_native,equal_season_mean,0.8472236768655581,target_neighbors_kinsa_synchronous_half_episodes
"pilot_method=errors,reporting_probability=0.5,reporting_missingness=0,reporting_method=synchronous_log,reporting_strength=0.5,ed_transform=logit,spatial=neighbors,epochs=120,patience=15,fit_partition=target,covariate_encoder=summary,covariate_set=kinsa,input_mode=scheduled_final,input_normalization=b0,evaluation_seasons=recent_two",42,half,flu_admissions_log,2024-2025,0.84394975348711,target_neighbors_kinsa_synchronous_half_episodes
"pilot_method=errors,reporting_probability=0.5,reporting_missingness=0,reporting_method=synchronous_log,reporting_strength=0.5,ed_transform=logit,spatial=neighbors,epochs=120,patience=15,fit_partition=target,covariate_encoder=summary,covariate_set=kinsa,input_mode=scheduled_final,input_normalization=b0,evaluation_seasons=recent_two",42,half,flu_admissions_log,2025-2026,0.9092905361821916,target_neighbors_kinsa_synchronous_half_episodes
"pilot_method=errors,reporting_probability=0.5,reporting_missingness=0,reporting_method=synchronous_log,reporting_strength=0.5,ed_transform=logit,spatial=neighbors,epochs=120,patience=15,fit_partition=target,covariate_encoder=summary,covariate_set=kinsa,input_mode=scheduled_final,input_normalization=b0,evaluation_seasons=recent_two",42,half,flu_admissions_log,equal_season_mean,0.8766201448346508,target_neighbors_kinsa_synchronous_half_episodes
"pilot_method=errors,reporting_probability=0.5,reporting_missingness=0,reporting_method=synchronous_log,reporting_strength=0.5,ed_transform=logit,spatial=neighbors,epochs=120,patience=15,fit_partition=target,covariate_encoder=summary,covariate_set=kinsa,input_mode=scheduled_final,input_normalization=b0,evaluation_seasons=recent_two",42,raw,six_target_native,2024-2025,0.9652616003495058,target_neighbors_kinsa_synchronous_half_episodes
"pilot_method=errors,reporting_probability=0.5,reporting_missingness=0,reporting_method=synchronous_log,reporting_strength=0.5,ed_transform=logit,spatial=neighbors,epochs=120,patience=15,fit_partition=target,covariate_encoder=summary,covariate_set=kinsa,input_mode=scheduled_final,input_normalization=b0,evaluation_seasons=recent_two",42,raw,six_target_native,2025-2026,0.9784047586953628,target_neighbors_kinsa_synchronous_half_episodes
"pilot_method=errors,reporting_probability=0.5,reporting_missingness=0,reporting_method=synchronous_log,reporting_strength=0.5,ed_transform=logit,spatial=neighbors,epochs=120,patience=15,fit_partition=target,covariate_encoder=summary,covariate_set=kinsa,input_mode=scheduled_final,input_normalization=b0,evaluation_seasons=recent_two",42,raw,six_target_native,equal_season_mean,0.9718331795224342,target_neighbors_kinsa_synchronous_half_episodes
"pilot_method=errors,reporting_probability=0.5,reporting_missingness=0,reporting_method=synchronous_log,reporting_strength=0.5,ed_transform=logit,spatial=neighbors,epochs=120,patience=15,fit_partition=target,covariate_encoder=summary,covariate_set=kinsa,input_mode=scheduled_final,input_normalization=b0,evaluation_seasons=recent_two",42,raw,flu_admissions_native,2024-2025,0.8353094723801356,target_neighbors_kinsa_synchronous_half_episodes
"pilot_method=errors,reporting_probability=0.5,reporting_missingness=0,reporting_method=synchronous_log,reporting_strength=0.5,ed_transform=logit,spatial=neighbors,epochs=120,patience=15,fit_partition=target,covariate_encoder=summary,covariate_set=kinsa,input_mode=scheduled_final,input_normalization=b0,evaluation_seasons=recent_two",42,raw,flu_admissions_native,2025-2026,0.8636664569004209,target_neighbors_kinsa_synchronous_half_episodes
"pilot_method=errors,reporting_probability=0.5,reporting_missingness=0,reporting_method=synchronous_log,reporting_strength=0.5,ed_transform=logit,spatial=neighbors,epochs=120,patience=15,fit_partition=target,covariate_encoder=summary,covariate_set=kinsa,input_mode=scheduled_final,input_normalization=b0,evaluation_seasons=recent_two",42,raw,flu_admissions_native,equal_season_mean,0.8494879646402782,target_neighbors_kinsa_synchronous_half_episodes
"pilot_method=errors,reporting_probability=0.5,reporting_missingness=0,reporting_method=synchronous_log,reporting_strength=0.5,ed_transform=logit,spatial=neighbors,epochs=120,patience=15,fit_partition=target,covariate_encoder=summary,covariate_set=kinsa,input_mode=scheduled_final,input_normalization=b0,evaluation_seasons=recent_two",42,raw,flu_admissions_log,2024-2025,0.8543766317969995,target_neighbors_kinsa_synchronous_half_episodes
"pilot_method=errors,reporting_probability=0.5,reporting_missingness=0,reporting_method=synchronous_log,reporting_strength=0.5,ed_transform=logit,spatial=neighbors,epochs=120,patience=15,fit_partition=target,covariate_encoder=summary,covariate_set=kinsa,input_mode=scheduled_final,input_normalization=b0,evaluation_seasons=recent_two",42,raw,flu_admissions_log,2025-2026,0.915418009534954,target_neighbors_kinsa_synchronous_half_episodes
"pilot_method=errors,reporting_probability=0.5,reporting_missingness=0,reporting_method=synchronous_log,reporting_strength=0.5,ed_transform=logit,spatial=neighbors,epochs=120,patience=15,fit_partition=target,covariate_encoder=summary,covariate_set=kinsa,input_mode=scheduled_final,input_normalization=b0,evaluation_seasons=recent_two",42,raw,flu_admissions_log,equal_season_mean,0.8848973206659767,target_neighbors_kinsa_synchronous_half_episodes
"pilot_method=errors,reporting_probability=0.5,reporting_missingness=0,reporting_method=synchronous_log,reporting_strength=0.5,ed_transform=logit,spatial=neighbors,epochs=120,patience=15,fit_partition=target,covariate_encoder=summary,covariate_set=kinsa,input_mode=scheduled_final,input_normalization=b0,evaluation_seasons=recent_two",43,corrected,six_target_native,2024-2025,1.0417345695499396,target_neighbors_kinsa_synchronous_half_episodes
"pilot_method=errors,reporting_probability=0.5,reporting_missingness=0,reporting_method=synchronous_log,reporting_strength=0.5,ed_transform=logit,spatial=neighbors,epochs=120,patience=15,fit_partition=target,covariate_encoder=summary,covariate_set=kinsa,input_mode=scheduled_final,input_normalization=b0,evaluation_seasons=recent_two",43,corrected,six_target_native,2025-2026,1.003437358655053,target_neighbors_kinsa_synchronous_half_episodes
"pilot_method=errors,reporting_probability=0.5,reporting_missingness=0,reporting_method=synchronous_log,reporting_strength=0.5,ed_transform=logit,spatial=neighbors,epochs=120,patience=15,fit_partition=target,covariate_encoder=summary,covariate_set=kinsa,input_mode=scheduled_final,input_normalization=b0,evaluation_seasons=recent_two",43,corrected,six_target_native,equal_season_mean,1.022585964102496,target_neighbors_kinsa_synchronous_half_episodes
"pilot_method=errors,reporting_probability=0.5,reporting_missingness=0,reporting_method=synchronous_log,reporting_strength=0.5,ed_transform=logit,spatial=neighbors,epochs=120,patience=15,fit_partition=target,covariate_encoder=summary,covariate_set=kinsa,input_mode=scheduled_final,input_normalization=b0,evaluation_seasons=recent_two",43,corrected,flu_admissions_native,2024-2025,0.892066599661021,target_neighbors_kinsa_synchronous_half_episodes
"pilot_method=errors,reporting_probability=0.5,reporting_missingness=0,reporting_method=synchronous_log,reporting_strength=0.5,ed_transform=logit,spatial=neighbors,epochs=120,patience=15,fit_partition=target,covariate_encoder=summary,covariate_set=kinsa,input_mode=scheduled_final,input_normalization=b0,evaluation_seasons=recent_two",43,corrected,flu_admissions_native,2025-2026,1.0060084016610722,target_neighbors_kinsa_synchronous_half_episodes
"pilot_method=errors,reporting_probability=0.5,reporting_missingness=0,reporting_method=synchronous_log,reporting_strength=0.5,ed_transform=logit,spatial=neighbors,epochs=120,patience=15,fit_partition=target,covariate_encoder=summary,covariate_set=kinsa,input_mode=scheduled_final,input_normalization=b0,evaluation_seasons=recent_two",43,corrected,flu_admissions_native,equal_season_mean,0.9490375006610464,target_neighbors_kinsa_synchronous_half_episodes
"pilot_method=errors,reporting_probability=0.5,reporting_missingness=0,reporting_method=synchronous_log,reporting_strength=0.5,ed_transform=logit,spatial=neighbors,epochs=120,patience=15,fit_partition=target,covariate_encoder=summary,covariate_set=kinsa,input_mode=scheduled_final,input_normalization=b0,evaluation_seasons=recent_two",43,corrected,flu_admissions_log,2024-2025,0.9518100468248016,target_neighbors_kinsa_synchronous_half_episodes
"pilot_method=errors,reporting_probability=0.5,reporting_missingness=0,reporting_method=synchronous_log,reporting_strength=0.5,ed_transform=logit,spatial=neighbors,epochs=120,patience=15,fit_partition=target,covariate_encoder=summary,covariate_set=kinsa,input_mode=scheduled_final,input_normalization=b0,evaluation_seasons=recent_two",43,corrected,flu_admissions_log,2025-2026,1.045568800658349,target_neighbors_kinsa_synchronous_half_episodes
"pilot_method=errors,reporting_probability=0.5,reporting_missingness=0,reporting_method=synchronous_log,reporting_strength=0.5,ed_transform=logit,spatial=neighbors,epochs=120,patience=15,fit_partition=target,covariate_encoder=summary,covariate_set=kinsa,input_mode=scheduled_final,input_normalization=b0,evaluation_seasons=recent_two",43,corrected,flu_admissions_log,equal_season_mean,0.9986894237415752,target_neighbors_kinsa_synchronous_half_episodes
"pilot_method=errors,reporting_probability=0.5,reporting_missingness=0,reporting_method=synchronous_log,reporting_strength=0.5,ed_transform=logit,spatial=neighbors,epochs=120,patience=15,fit_partition=target,covariate_encoder=summary,covariate_set=kinsa,input_mode=scheduled_final,input_normalization=b0,evaluation_seasons=recent_two",43,half,six_target_native,2024-2025,1.053947329435198,target_neighbors_kinsa_synchronous_half_episodes
"pilot_method=errors,reporting_probability=0.5,reporting_missingness=0,reporting_method=synchronous_log,reporting_strength=0.5,ed_transform=logit,spatial=neighbors,epochs=120,patience=15,fit_partition=target,covariate_encoder=summary,covariate_set=kinsa,input_mode=scheduled_final,input_normalization=b0,evaluation_seasons=recent_two",43,half,six_target_native,2025-2026,1.0017802031799716,target_neighbors_kinsa_synchronous_half_episodes
"pilot_method=errors,reporting_probability=0.5,reporting_missingness=0,reporting_method=synchronous_log,reporting_strength=0.5,ed_transform=logit,spatial=neighbors,epochs=120,patience=15,fit_partition=target,covariate_encoder=summary,covariate_set=kinsa,input_mode=scheduled_final,input_normalization=b0,evaluation_seasons=recent_two",43,half,six_target_native,equal_season_mean,1.027863766307585,target_neighbors_kinsa_synchronous_half_episodes
"pilot_method=errors,reporting_probability=0.5,reporting_missingness=0,reporting_method=synchronous_log,reporting_strength=0.5,ed_transform=logit,spatial=neighbors,epochs=120,patience=15,fit_partition=target,covariate_encoder=summary,covariate_set=kinsa,input_mode=scheduled_final,input_normalization=b0,evaluation_seasons=recent_two",43,half,flu_admissions_native,2024-2025,0.8981277050774313,target_neighbors_kinsa_synchronous_half_episodes
"pilot_method=errors,reporting_probability=0.5,reporting_missingness=0,reporting_method=synchronous_log,reporting_strength=0.5,ed_transform=logit,spatial=neighbors,epochs=120,patience=15,fit_partition=target,covariate_encoder=summary,covariate_set=kinsa,input_mode=scheduled_final,input_normalization=b0,evaluation_seasons=recent_two",43,half,flu_admissions_native,2025-2026,1.0056251162201018,target_neighbors_kinsa_synchronous_half_episodes
"pilot_method=errors,reporting_probability=0.5,reporting_missingness=0,reporting_method=synchronous_log,reporting_strength=0.5,ed_transform=logit,spatial=neighbors,epochs=120,patience=15,fit_partition=target,covariate_encoder=summary,covariate_set=kinsa,input_mode=scheduled_final,input_normalization=b0,evaluation_seasons=recent_two",43,half,flu_admissions_native,equal_season_mean,0.9518764106487664,target_neighbors_kinsa_synchronous_half_episodes
"pilot_method=errors,reporting_probability=0.5,reporting_missingness=0,reporting_method=synchronous_log,reporting_strength=0.5,ed_transform=logit,spatial=neighbors,epochs=120,patience=15,fit_partition=target,covariate_encoder=summary,covariate_set=kinsa,input_mode=scheduled_final,input_normalization=b0,evaluation_seasons=recent_two",43,half,flu_admissions_log,2024-2025,0.9670086457890696,target_neighbors_kinsa_synchronous_half_episodes
"pilot_method=errors,reporting_probability=0.5,reporting_missingness=0,reporting_method=synchronous_log,reporting_strength=0.5,ed_transform=logit,spatial=neighbors,epochs=120,patience=15,fit_partition=target,covariate_encoder=summary,covariate_set=kinsa,input_mode=scheduled_final,input_normalization=b0,evaluation_seasons=recent_two",43,half,flu_admissions_log,2025-2026,1.0516391085590435,target_neighbors_kinsa_synchronous_half_episodes
"pilot_method=errors,reporting_probability=0.5,reporting_missingness=0,reporting_method=synchronous_log,reporting_strength=0.5,ed_transform=logit,spatial=neighbors,epochs=120,patience=15,fit_partition=target,covariate_encoder=summary,covariate_set=kinsa,input_mode=scheduled_final,input_normalization=b0,evaluation_seasons=recent_two",43,half,flu_admissions_log,equal_season_mean,1.0093238771740565,target_neighbors_kinsa_synchronous_half_episodes
"pilot_method=errors,reporting_probability=0.5,reporting_missingness=0,reporting_method=synchronous_log,reporting_strength=0.5,ed_transform=logit,spatial=neighbors,epochs=120,patience=15,fit_partition=target,covariate_encoder=summary,covariate_set=kinsa,input_mode=scheduled_final,input_normalization=b0,evaluation_seasons=recent_two",43,raw,six_target_native,2024-2025,1.0672601753916915,target_neighbors_kinsa_synchronous_half_episodes
"pilot_method=errors,reporting_probability=0.5,reporting_missingness=0,reporting_method=synchronous_log,reporting_strength=0.5,ed_transform=logit,spatial=neighbors,epochs=120,patience=15,fit_partition=target,covariate_encoder=summary,covariate_set=kinsa,input_mode=scheduled_final,input_normalization=b0,evaluation_seasons=recent_two",43,raw,six_target_native,2025-2026,1.001055606016135,target_neighbors_kinsa_synchronous_half_episodes
"pilot_method=errors,reporting_probability=0.5,reporting_missingness=0,reporting_method=synchronous_log,reporting_strength=0.5,ed_transform=logit,spatial=neighbors,epochs=120,patience=15,fit_partition=target,covariate_encoder=summary,covariate_set=kinsa,input_mode=scheduled_final,input_normalization=b0,evaluation_seasons=recent_two",43,raw,six_target_native,equal_season_mean,1.0341578907039133,target_neighbors_kinsa_synchronous_half_episodes
"pilot_method=errors,reporting_probability=0.5,reporting_missingness=0,reporting_method=synchronous_log,reporting_strength=0.5,ed_transform=logit,spatial=neighbors,epochs=120,patience=15,fit_partition=target,covariate_encoder=summary,covariate_set=kinsa,input_mode=scheduled_final,input_normalization=b0,evaluation_seasons=recent_two",43,raw,flu_admissions_native,2024-2025,0.9054252947125528,target_neighbors_kinsa_synchronous_half_episodes
"pilot_method=errors,reporting_probability=0.5,reporting_missingness=0,reporting_method=synchronous_log,reporting_strength=0.5,ed_transform=logit,spatial=neighbors,epochs=120,patience=15,fit_partition=target,covariate_encoder=summary,covariate_set=kinsa,input_mode=scheduled_final,input_normalization=b0,evaluation_seasons=recent_two",43,raw,flu_admissions_native,2025-2026,1.0065995980451643,target_neighbors_kinsa_synchronous_half_episodes
"pilot_method=errors,reporting_probability=0.5,reporting_missingness=0,reporting_method=synchronous_log,reporting_strength=0.5,ed_transform=logit,spatial=neighbors,epochs=120,patience=15,fit_partition=target,covariate_encoder=summary,covariate_set=kinsa,input_mode=scheduled_final,input_normalization=b0,evaluation_seasons=recent_two",43,raw,flu_admissions_native,equal_season_mean,0.9560124463788584,target_neighbors_kinsa_synchronous_half_episodes
"pilot_method=errors,reporting_probability=0.5,reporting_missingness=0,reporting_method=synchronous_log,reporting_strength=0.5,ed_transform=logit,spatial=neighbors,epochs=120,patience=15,fit_partition=target,covariate_encoder=summary,covariate_set=kinsa,input_mode=scheduled_final,input_normalization=b0,evaluation_seasons=recent_two",43,raw,flu_admissions_log,2024-2025,0.985731012527244,target_neighbors_kinsa_synchronous_half_episodes
"pilot_method=errors,reporting_probability=0.5,reporting_missingness=0,reporting_method=synchronous_log,reporting_strength=0.5,ed_transform=logit,spatial=neighbors,epochs=120,patience=15,fit_partition=target,covariate_encoder=summary,covariate_set=kinsa,input_mode=scheduled_final,input_normalization=b0,evaluation_seasons=recent_two",43,raw,flu_admissions_log,2025-2026,1.060454702409355,target_neighbors_kinsa_synchronous_half_episodes
"pilot_method=errors,reporting_probability=0.5,reporting_missingness=0,reporting_method=synchronous_log,reporting_strength=0.5,ed_transform=logit,spatial=neighbors,epochs=120,patience=15,fit_partition=target,covariate_encoder=summary,covariate_set=kinsa,input_mode=scheduled_final,input_normalization=b0,evaluation_seasons=recent_two",43,raw,flu_admissions_log,equal_season_mean,1.0230928574682994,target_neighbors_kinsa_synchronous_half_episodes
"pilot_method=errors,revision_scope=early_actual,reporting_missingness=0,reporting_strength=0.5,ed_transform=logit,spatial=distance,epochs=120,patience=15,fit_partition=pathogen,covariate_encoder=summary,input_mode=scheduled_final,input_normalization=b0,evaluation_seasons=recent_two",42,corrected,six_target_native,2024-2025,0.8381007347437266,pathogen_distance_early_errors_recent_reports
"pilot_method=errors,revision_scope=early_actual,reporting_missingness=0,reporting_strength=0.5,ed_transform=logit,spatial=distance,epochs=120,patience=15,fit_partition=pathogen,covariate_encoder=summary,input_mode=scheduled_final,input_normalization=b0,evaluation_seasons=recent_two",42,corrected,six_target_native,2025-2026,0.9726162644338756,pathogen_distance_early_errors_recent_reports
"pilot_method=errors,revision_scope=early_actual,reporting_missingness=0,reporting_strength=0.5,ed_transform=logit,spatial=distance,epochs=120,patience=15,fit_partition=pathogen,covariate_encoder=summary,input_mode=scheduled_final,input_normalization=b0,evaluation_seasons=recent_two",42,corrected,six_target_native,equal_season_mean,0.9053584995888012,pathogen_distance_early_errors_recent_reports
"pilot_method=errors,revision_scope=early_actual,reporting_missingness=0,reporting_strength=0.5,ed_transform=logit,spatial=distance,epochs=120,patience=15,fit_partition=pathogen,covariate_encoder=summary,input_mode=scheduled_final,input_normalization=b0,evaluation_seasons=recent_two",42,corrected,flu_admissions_native,2024-2025,0.7616148893534794,pathogen_distance_early_errors_recent_reports
"pilot_method=errors,revision_scope=early_actual,reporting_missingness=0,reporting_strength=0.5,ed_transform=logit,spatial=distance,epochs=120,patience=15,fit_partition=pathogen,covariate_encoder=summary,input_mode=scheduled_final,input_normalization=b0,evaluation_seasons=recent_two",42,corrected,flu_admissions_native,2025-2026,1.028288105420922,pathogen_distance_early_errors_recent_reports
"pilot_method=errors,revision_scope=early_actual,reporting_missingness=0,reporting_strength=0.5,ed_transform=logit,spatial=distance,epochs=120,patience=15,fit_partition=pathogen,covariate_encoder=summary,input_mode=scheduled_final,input_normalization=b0,evaluation_seasons=recent_two",42,corrected,flu_admissions_native,equal_season_mean,0.8949514973872008,pathogen_distance_early_errors_recent_reports
"pilot_method=errors,revision_scope=early_actual,reporting_missingness=0,reporting_strength=0.5,ed_transform=logit,spatial=distance,epochs=120,patience=15,fit_partition=pathogen,covariate_encoder=summary,input_mode=scheduled_final,input_normalization=b0,evaluation_seasons=recent_two",42,corrected,flu_admissions_log,2024-2025,0.7753680753673643,pathogen_distance_early_errors_recent_reports
"pilot_method=errors,revision_scope=early_actual,reporting_missingness=0,reporting_strength=0.5,ed_transform=logit,spatial=distance,epochs=120,patience=15,fit_partition=pathogen,covariate_encoder=summary,input_mode=scheduled_final,input_normalization=b0,evaluation_seasons=recent_two",42,corrected,flu_admissions_log,2025-2026,1.0165903822816031,pathogen_distance_early_errors_recent_reports
"pilot_method=errors,revision_scope=early_actual,reporting_missingness=0,reporting_strength=0.5,ed_transform=logit,spatial=distance,epochs=120,patience=15,fit_partition=pathogen,covariate_encoder=summary,input_mode=scheduled_final,input_normalization=b0,evaluation_seasons=recent_two",42,corrected,flu_admissions_log,equal_season_mean,0.8959792288244837,pathogen_distance_early_errors_recent_reports
"pilot_method=errors,revision_scope=early_actual,reporting_missingness=0,reporting_strength=0.5,ed_transform=logit,spatial=distance,epochs=120,patience=15,fit_partition=pathogen,covariate_encoder=summary,input_mode=scheduled_final,input_normalization=b0,evaluation_seasons=recent_two",42,half,six_target_native,2024-2025,0.8263986344693048,pathogen_distance_early_errors_recent_reports
"pilot_method=errors,revision_scope=early_actual,reporting_missingness=0,reporting_strength=0.5,ed_transform=logit,spatial=distance,epochs=120,patience=15,fit_partition=pathogen,covariate_encoder=summary,input_mode=scheduled_final,input_normalization=b0,evaluation_seasons=recent_two",42,half,six_target_native,2025-2026,0.962932392687001,pathogen_distance_early_errors_recent_reports
"pilot_method=errors,revision_scope=early_actual,reporting_missingness=0,reporting_strength=0.5,ed_transform=logit,spatial=distance,epochs=120,patience=15,fit_partition=pathogen,covariate_encoder=summary,input_mode=scheduled_final,input_normalization=b0,evaluation_seasons=recent_two",42,half,six_target_native,equal_season_mean,0.8946655135781529,pathogen_distance_early_errors_recent_reports
"pilot_method=errors,revision_scope=early_actual,reporting_missingness=0,reporting_strength=0.5,ed_transform=logit,spatial=distance,epochs=120,patience=15,fit_partition=pathogen,covariate_encoder=summary,input_mode=scheduled_final,input_normalization=b0,evaluation_seasons=recent_two",42,half,flu_admissions_native,2024-2025,0.758411871134848,pathogen_distance_early_errors_recent_reports
"pilot_method=errors,revision_scope=early_actual,reporting_missingness=0,reporting_strength=0.5,ed_transform=logit,spatial=distance,epochs=120,patience=15,fit_partition=pathogen,covariate_encoder=summary,input_mode=scheduled_final,input_normalization=b0,evaluation_seasons=recent_two",42,half,flu_admissions_native,2025-2026,1.001997094023743,pathogen_distance_early_errors_recent_reports
"pilot_method=errors,revision_scope=early_actual,reporting_missingness=0,reporting_strength=0.5,ed_transform=logit,spatial=distance,epochs=120,patience=15,fit_partition=pathogen,covariate_encoder=summary,input_mode=scheduled_final,input_normalization=b0,evaluation_seasons=recent_two",42,half,flu_admissions_native,equal_season_mean,0.8802044825792955,pathogen_distance_early_errors_recent_reports
"pilot_method=errors,revision_scope=early_actual,reporting_missingness=0,reporting_strength=0.5,ed_transform=logit,spatial=distance,epochs=120,patience=15,fit_partition=pathogen,covariate_encoder=summary,input_mode=scheduled_final,input_normalization=b0,evaluation_seasons=recent_two",42,half,flu_admissions_log,2024-2025,0.7876087460827697,pathogen_distance_early_errors_recent_reports
"pilot_method=errors,revision_scope=early_actual,reporting_missingness=0,reporting_strength=0.5,ed_transform=logit,spatial=distance,epochs=120,patience=15,fit_partition=pathogen,covariate_encoder=summary,input_mode=scheduled_final,input_normalization=b0,evaluation_seasons=recent_two",42,half,flu_admissions_log,2025-2026,0.9993874460127886,pathogen_distance_early_errors_recent_reports
"pilot_method=errors,revision_scope=early_actual,reporting_missingness=0,reporting_strength=0.5,ed_transform=logit,spatial=distance,epochs=120,patience=15,fit_partition=pathogen,covariate_encoder=summary,input_mode=scheduled_final,input_normalization=b0,evaluation_seasons=recent_two",42,half,flu_admissions_log,equal_season_mean,0.8934980960477792,pathogen_distance_early_errors_recent_reports
"pilot_method=errors,revision_scope=early_actual,reporting_missingness=0,reporting_strength=0.5,ed_transform=logit,spatial=distance,epochs=120,patience=15,fit_partition=pathogen,covariate_encoder=summary,input_mode=scheduled_final,input_normalization=b0,evaluation_seasons=recent_two",42,raw,six_target_native,2024-2025,0.8282151500868759,pathogen_distance_early_errors_recent_reports
"pilot_method=errors,revision_scope=early_actual,reporting_missingness=0,reporting_strength=0.5,ed_transform=logit,spatial=distance,epochs=120,patience=15,fit_partition=pathogen,covariate_encoder=summary,input_mode=scheduled_final,input_normalization=b0,evaluation_seasons=recent_two",42,raw,six_target_native,2025-2026,0.9599646797581592,pathogen_distance_early_errors_recent_reports
"pilot_method=errors,revision_scope=early_actual,reporting_missingness=0,reporting_strength=0.5,ed_transform=logit,spatial=distance,epochs=120,patience=15,fit_partition=pathogen,covariate_encoder=summary,input_mode=scheduled_final,input_normalization=b0,evaluation_seasons=recent_two",42,raw,six_target_native,equal_season_mean,0.8940899149225175,pathogen_distance_early_errors_recent_reports
"pilot_method=errors,revision_scope=early_actual,reporting_missingness=0,reporting_strength=0.5,ed_transform=logit,spatial=distance,epochs=120,patience=15,fit_partition=pathogen,covariate_encoder=summary,input_mode=scheduled_final,input_normalization=b0,evaluation_seasons=recent_two",42,raw,flu_admissions_native,2024-2025,0.7638555254080536,pathogen_distance_early_errors_recent_reports
"pilot_method=errors,revision_scope=early_actual,reporting_missingness=0,reporting_strength=0.5,ed_transform=logit,spatial=distance,epochs=120,patience=15,fit_partition=pathogen,covariate_encoder=summary,input_mode=scheduled_final,input_normalization=b0,evaluation_seasons=recent_two",42,raw,flu_admissions_native,2025-2026,0.9810309930174398,pathogen_distance_early_errors_recent_reports
"pilot_method=errors,revision_scope=early_actual,reporting_missingness=0,reporting_strength=0.5,ed_transform=logit,spatial=distance,epochs=120,patience=15,fit_partition=pathogen,covariate_encoder=summary,input_mode=scheduled_final,input_normalization=b0,evaluation_seasons=recent_two",42,raw,flu_admissions_native,equal_season_mean,0.8724432592127467,pathogen_distance_early_errors_recent_reports
"pilot_method=errors,revision_scope=early_actual,reporting_missingness=0,reporting_strength=0.5,ed_transform=logit,spatial=distance,epochs=120,patience=15,fit_partition=pathogen,covariate_encoder=summary,input_mode=scheduled_final,input_normalization=b0,evaluation_seasons=recent_two",42,raw,flu_admissions_log,2024-2025,0.812845975887754,pathogen_distance_early_errors_recent_reports
"pilot_method=errors,revision_scope=early_actual,reporting_missingness=0,reporting_strength=0.5,ed_transform=logit,spatial=distance,epochs=120,patience=15,fit_partition=pathogen,covariate_encoder=summary,input_mode=scheduled_final,input_normalization=b0,evaluation_seasons=recent_two",42,raw,flu_admissions_log,2025-2026,0.9912618065059514,pathogen_distance_early_errors_recent_reports
"pilot_method=errors,revision_scope=early_actual,reporting_missingness=0,reporting_strength=0.5,ed_transform=logit,spatial=distance,epochs=120,patience=15,fit_partition=pathogen,covariate_encoder=summary,input_mode=scheduled_final,input_normalization=b0,evaluation_seasons=recent_two",42,raw,flu_admissions_log,equal_season_mean,0.9020538911968528,pathogen_distance_early_errors_recent_reports
"pilot_method=errors,revision_scope=early_actual,reporting_missingness=0,reporting_strength=0.5,ed_transform=logit,spatial=distance,epochs=120,patience=15,fit_partition=pathogen,covariate_encoder=summary,input_mode=scheduled_final,input_normalization=b0,evaluation_seasons=recent_two",43,corrected,six_target_native,2024-2025,0.9070885851717276,pathogen_distance_early_errors_recent_reports
"pilot_method=errors,revision_scope=early_actual,reporting_missingness=0,reporting_strength=0.5,ed_transform=logit,spatial=distance,epochs=120,patience=15,fit_partition=pathogen,covariate_encoder=summary,input_mode=scheduled_final,input_normalization=b0,evaluation_seasons=recent_two",43,corrected,six_target_native,2025-2026,1.0019238902799368,pathogen_distance_early_errors_recent_reports
"pilot_method=errors,revision_scope=early_actual,reporting_missingness=0,reporting_strength=0.5,ed_transform=logit,spatial=distance,epochs=120,patience=15,fit_partition=pathogen,covariate_encoder=summary,input_mode=scheduled_final,input_normalization=b0,evaluation_seasons=recent_two",43,corrected,six_target_native,equal_season_mean,0.9545062377258322,pathogen_distance_early_errors_recent_reports
"pilot_method=errors,revision_scope=early_actual,reporting_missingness=0,reporting_strength=0.5,ed_transform=logit,spatial=distance,epochs=120,patience=15,fit_partition=pathogen,covariate_encoder=summary,input_mode=scheduled_final,input_normalization=b0,evaluation_seasons=recent_two",43,corrected,flu_admissions_native,2024-2025,0.8721166719380646,pathogen_distance_early_errors_recent_reports
"pilot_method=errors,revision_scope=early_actual,reporting_missingness=0,reporting_strength=0.5,ed_transform=logit,spatial=distance,epochs=120,patience=15,fit_partition=pathogen,covariate_encoder=summary,input_mode=scheduled_final,input_normalization=b0,evaluation_seasons=recent_two",43,corrected,flu_admissions_native,2025-2026,0.9986293055502908,pathogen_distance_early_errors_recent_reports
"pilot_method=errors,revision_scope=early_actual,reporting_missingness=0,reporting_strength=0.5,ed_transform=logit,spatial=distance,epochs=120,patience=15,fit_partition=pathogen,covariate_encoder=summary,input_mode=scheduled_final,input_normalization=b0,evaluation_seasons=recent_two",43,corrected,flu_admissions_native,equal_season_mean,0.9353729887441776,pathogen_distance_early_errors_recent_reports
"pilot_method=errors,revision_scope=early_actual,reporting_missingness=0,reporting_strength=0.5,ed_transform=logit,spatial=distance,epochs=120,patience=15,fit_partition=pathogen,covariate_encoder=summary,input_mode=scheduled_final,input_normalization=b0,evaluation_seasons=recent_two",43,corrected,flu_admissions_log,2024-2025,0.9221474529207232,pathogen_distance_early_errors_recent_reports
"pilot_method=errors,revision_scope=early_actual,reporting_missingness=0,reporting_strength=0.5,ed_transform=logit,spatial=distance,epochs=120,patience=15,fit_partition=pathogen,covariate_encoder=summary,input_mode=scheduled_final,input_normalization=b0,evaluation_seasons=recent_two",43,corrected,flu_admissions_log,2025-2026,1.029909955638251,pathogen_distance_early_errors_recent_reports
"pilot_method=errors,revision_scope=early_actual,reporting_missingness=0,reporting_strength=0.5,ed_transform=logit,spatial=distance,epochs=120,patience=15,fit_partition=pathogen,covariate_encoder=summary,input_mode=scheduled_final,input_normalization=b0,evaluation_seasons=recent_two",43,corrected,flu_admissions_log,equal_season_mean,0.9760287042794872,pathogen_distance_early_errors_recent_reports
"pilot_method=errors,revision_scope=early_actual,reporting_missingness=0,reporting_strength=0.5,ed_transform=logit,spatial=distance,epochs=120,patience=15,fit_partition=pathogen,covariate_encoder=summary,input_mode=scheduled_final,input_normalization=b0,evaluation_seasons=recent_two",43,half,six_target_native,2024-2025,0.9258892164189224,pathogen_distance_early_errors_recent_reports
"pilot_method=errors,revision_scope=early_actual,reporting_missingness=0,reporting_strength=0.5,ed_transform=logit,spatial=distance,epochs=120,patience=15,fit_partition=pathogen,covariate_encoder=summary,input_mode=scheduled_final,input_normalization=b0,evaluation_seasons=recent_two",43,half,six_target_native,2025-2026,0.9959867405697148,pathogen_distance_early_errors_recent_reports
"pilot_method=errors,revision_scope=early_actual,reporting_missingness=0,reporting_strength=0.5,ed_transform=logit,spatial=distance,epochs=120,patience=15,fit_partition=pathogen,covariate_encoder=summary,input_mode=scheduled_final,input_normalization=b0,evaluation_seasons=recent_two",43,half,six_target_native,equal_season_mean,0.9609379784943186,pathogen_distance_early_errors_recent_reports
"pilot_method=errors,revision_scope=early_actual,reporting_missingness=0,reporting_strength=0.5,ed_transform=logit,spatial=distance,epochs=120,patience=15,fit_partition=pathogen,covariate_encoder=summary,input_mode=scheduled_final,input_normalization=b0,evaluation_seasons=recent_two",43,half,flu_admissions_native,2024-2025,0.9001950990620201,pathogen_distance_early_errors_recent_reports
"pilot_method=errors,revision_scope=early_actual,reporting_missingness=0,reporting_strength=0.5,ed_transform=logit,spatial=distance,epochs=120,patience=15,fit_partition=pathogen,covariate_encoder=summary,input_mode=scheduled_final,input_normalization=b0,evaluation_seasons=recent_two",43,half,flu_admissions_native,2025-2026,0.9788139337795224,pathogen_distance_early_errors_recent_reports
"pilot_method=errors,revision_scope=early_actual,reporting_missingness=0,reporting_strength=0.5,ed_transform=logit,spatial=distance,epochs=120,patience=15,fit_partition=pathogen,covariate_encoder=summary,input_mode=scheduled_final,input_normalization=b0,evaluation_seasons=recent_two",43,half,flu_admissions_native,equal_season_mean,0.9395045164207712,pathogen_distance_early_errors_recent_reports
"pilot_method=errors,revision_scope=early_actual,reporting_missingness=0,reporting_strength=0.5,ed_transform=logit,spatial=distance,epochs=120,patience=15,fit_partition=pathogen,covariate_encoder=summary,input_mode=scheduled_final,input_normalization=b0,evaluation_seasons=recent_two",43,half,flu_admissions_log,2024-2025,0.9652001853601792,pathogen_distance_early_errors_recent_reports
"pilot_method=errors,revision_scope=early_actual,reporting_missingness=0,reporting_strength=0.5,ed_transform=logit,spatial=distance,epochs=120,patience=15,fit_partition=pathogen,covariate_encoder=summary,input_mode=scheduled_final,input_normalization=b0,evaluation_seasons=recent_two",43,half,flu_admissions_log,2025-2026,1.010037583049851,pathogen_distance_early_errors_recent_reports
"pilot_method=errors,revision_scope=early_actual,reporting_missingness=0,reporting_strength=0.5,ed_transform=logit,spatial=distance,epochs=120,patience=15,fit_partition=pathogen,covariate_encoder=summary,input_mode=scheduled_final,input_normalization=b0,evaluation_seasons=recent_two",43,half,flu_admissions_log,equal_season_mean,0.9876188842050152,pathogen_distance_early_errors_recent_reports
"pilot_method=errors,revision_scope=early_actual,reporting_missingness=0,reporting_strength=0.5,ed_transform=logit,spatial=distance,epochs=120,patience=15,fit_partition=pathogen,covariate_encoder=summary,input_mode=scheduled_final,input_normalization=b0,evaluation_seasons=recent_two",43,raw,six_target_native,2024-2025,0.9539205082232451,pathogen_distance_early_errors_recent_reports
"pilot_method=errors,revision_scope=early_actual,reporting_missingness=0,reporting_strength=0.5,ed_transform=logit,spatial=distance,epochs=120,patience=15,fit_partition=pathogen,covariate_encoder=summary,input_mode=scheduled_final,input_normalization=b0,evaluation_seasons=recent_two",43,raw,six_target_native,2025-2026,0.996898073466242,pathogen_distance_early_errors_recent_reports
"pilot_method=errors,revision_scope=early_actual,reporting_missingness=0,reporting_strength=0.5,ed_transform=logit,spatial=distance,epochs=120,patience=15,fit_partition=pathogen,covariate_encoder=summary,input_mode=scheduled_final,input_normalization=b0,evaluation_seasons=recent_two",43,raw,six_target_native,equal_season_mean,0.9754092908447436,pathogen_distance_early_errors_recent_reports
"pilot_method=errors,revision_scope=early_actual,reporting_missingness=0,reporting_strength=0.5,ed_transform=logit,spatial=distance,epochs=120,patience=15,fit_partition=pathogen,covariate_encoder=summary,input_mode=scheduled_final,input_normalization=b0,evaluation_seasons=recent_two",43,raw,flu_admissions_native,2024-2025,0.9339255069829696,pathogen_distance_early_errors_recent_reports
"pilot_method=errors,revision_scope=early_actual,reporting_missingness=0,reporting_strength=0.5,ed_transform=logit,spatial=distance,epochs=120,patience=15,fit_partition=pathogen,covariate_encoder=summary,input_mode=scheduled_final,input_normalization=b0,evaluation_seasons=recent_two",43,raw,flu_admissions_native,2025-2026,0.9628469968829976,pathogen_distance_early_errors_recent_reports
"pilot_method=errors,revision_scope=early_actual,reporting_missingness=0,reporting_strength=0.5,ed_transform=logit,spatial=distance,epochs=120,patience=15,fit_partition=pathogen,covariate_encoder=summary,input_mode=scheduled_final,input_normalization=b0,evaluation_seasons=recent_two",43,raw,flu_admissions_native,equal_season_mean,0.9483862519329836,pathogen_distance_early_errors_recent_reports
"pilot_method=errors,revision_scope=early_actual,reporting_missingness=0,reporting_strength=0.5,ed_transform=logit,spatial=distance,epochs=120,patience=15,fit_partition=pathogen,covariate_encoder=summary,input_mode=scheduled_final,input_normalization=b0,evaluation_seasons=recent_two",43,raw,flu_admissions_log,2024-2025,1.0188646032683797,pathogen_distance_early_errors_recent_reports
"pilot_method=errors,revision_scope=early_actual,reporting_missingness=0,reporting_strength=0.5,ed_transform=logit,spatial=distance,epochs=120,patience=15,fit_partition=pathogen,covariate_encoder=summary,input_mode=scheduled_final,input_normalization=b0,evaluation_seasons=recent_two",43,raw,flu_admissions_log,2025-2026,0.9989615013270804,pathogen_distance_early_errors_recent_reports
"pilot_method=errors,revision_scope=early_actual,reporting_missingness=0,reporting_strength=0.5,ed_transform=logit,spatial=distance,epochs=120,patience=15,fit_partition=pathogen,covariate_encoder=summary,input_mode=scheduled_final,input_normalization=b0,evaluation_seasons=recent_two",43,raw,flu_admissions_log,equal_season_mean,1.00891305229773,pathogen_distance_early_errors_recent_reports
"pilot_method=errors,revision_scope=early_actual,reporting_missingness=0,reporting_strength=0.5,ed_transform=logit,spatial=neighbors,epochs=120,patience=15,fit_partition=target,covariate_encoder=summary,covariate_set=kinsa,input_mode=scheduled_final,input_normalization=b0,evaluation_seasons=recent_two",42,corrected,six_target_native,2024-2025,0.843428698226939,target_neighbors_kinsa_early_errors_recent_reports
"pilot_method=errors,revision_scope=early_actual,reporting_missingness=0,reporting_strength=0.5,ed_transform=logit,spatial=neighbors,epochs=120,patience=15,fit_partition=target,covariate_encoder=summary,covariate_set=kinsa,input_mode=scheduled_final,input_normalization=b0,evaluation_seasons=recent_two",42,corrected,six_target_native,2025-2026,1.0522317548100153,target_neighbors_kinsa_early_errors_recent_reports
"pilot_method=errors,revision_scope=early_actual,reporting_missingness=0,reporting_strength=0.5,ed_transform=logit,spatial=neighbors,epochs=120,patience=15,fit_partition=target,covariate_encoder=summary,covariate_set=kinsa,input_mode=scheduled_final,input_normalization=b0,evaluation_seasons=recent_two",42,corrected,six_target_native,equal_season_mean,0.9478302265184771,target_neighbors_kinsa_early_errors_recent_reports
"pilot_method=errors,revision_scope=early_actual,reporting_missingness=0,reporting_strength=0.5,ed_transform=logit,spatial=neighbors,epochs=120,patience=15,fit_partition=target,covariate_encoder=summary,covariate_set=kinsa,input_mode=scheduled_final,input_normalization=b0,evaluation_seasons=recent_two",42,corrected,flu_admissions_native,2024-2025,0.783144356414724,target_neighbors_kinsa_early_errors_recent_reports
"pilot_method=errors,revision_scope=early_actual,reporting_missingness=0,reporting_strength=0.5,ed_transform=logit,spatial=neighbors,epochs=120,patience=15,fit_partition=target,covariate_encoder=summary,covariate_set=kinsa,input_mode=scheduled_final,input_normalization=b0,evaluation_seasons=recent_two",42,corrected,flu_admissions_native,2025-2026,1.1569443769443837,target_neighbors_kinsa_early_errors_recent_reports
"pilot_method=errors,revision_scope=early_actual,reporting_missingness=0,reporting_strength=0.5,ed_transform=logit,spatial=neighbors,epochs=120,patience=15,fit_partition=target,covariate_encoder=summary,covariate_set=kinsa,input_mode=scheduled_final,input_normalization=b0,evaluation_seasons=recent_two",42,corrected,flu_admissions_native,equal_season_mean,0.9700443666795536,target_neighbors_kinsa_early_errors_recent_reports
"pilot_method=errors,revision_scope=early_actual,reporting_missingness=0,reporting_strength=0.5,ed_transform=logit,spatial=neighbors,epochs=120,patience=15,fit_partition=target,covariate_encoder=summary,covariate_set=kinsa,input_mode=scheduled_final,input_normalization=b0,evaluation_seasons=recent_two",42,corrected,flu_admissions_log,2024-2025,0.7852845038664032,target_neighbors_kinsa_early_errors_recent_reports
"pilot_method=errors,revision_scope=early_actual,reporting_missingness=0,reporting_strength=0.5,ed_transform=logit,spatial=neighbors,epochs=120,patience=15,fit_partition=target,covariate_encoder=summary,covariate_set=kinsa,input_mode=scheduled_final,input_normalization=b0,evaluation_seasons=recent_two",42,corrected,flu_admissions_log,2025-2026,1.1065390170777818,target_neighbors_kinsa_early_errors_recent_reports
"pilot_method=errors,revision_scope=early_actual,reporting_missingness=0,reporting_strength=0.5,ed_transform=logit,spatial=neighbors,epochs=120,patience=15,fit_partition=target,covariate_encoder=summary,covariate_set=kinsa,input_mode=scheduled_final,input_normalization=b0,evaluation_seasons=recent_two",42,corrected,flu_admissions_log,equal_season_mean,0.9459117604720926,target_neighbors_kinsa_early_errors_recent_reports
"pilot_method=errors,revision_scope=early_actual,reporting_missingness=0,reporting_strength=0.5,ed_transform=logit,spatial=neighbors,epochs=120,patience=15,fit_partition=target,covariate_encoder=summary,covariate_set=kinsa,input_mode=scheduled_final,input_normalization=b0,evaluation_seasons=recent_two",42,half,six_target_native,2024-2025,0.8491366735588262,target_neighbors_kinsa_early_errors_recent_reports
"pilot_method=errors,revision_scope=early_actual,reporting_missingness=0,reporting_strength=0.5,ed_transform=logit,spatial=neighbors,epochs=120,patience=15,fit_partition=target,covariate_encoder=summary,covariate_set=kinsa,input_mode=scheduled_final,input_normalization=b0,evaluation_seasons=recent_two",42,half,six_target_native,2025-2026,1.0426173794592688,target_neighbors_kinsa_early_errors_recent_reports
"pilot_method=errors,revision_scope=early_actual,reporting_missingness=0,reporting_strength=0.5,ed_transform=logit,spatial=neighbors,epochs=120,patience=15,fit_partition=target,covariate_encoder=summary,covariate_set=kinsa,input_mode=scheduled_final,input_normalization=b0,evaluation_seasons=recent_two",42,half,six_target_native,equal_season_mean,0.9458770265090476,target_neighbors_kinsa_early_errors_recent_reports
"pilot_method=errors,revision_scope=early_actual,reporting_missingness=0,reporting_strength=0.5,ed_transform=logit,spatial=neighbors,epochs=120,patience=15,fit_partition=target,covariate_encoder=summary,covariate_set=kinsa,input_mode=scheduled_final,input_normalization=b0,evaluation_seasons=recent_two",42,half,flu_admissions_native,2024-2025,0.7851531510626069,target_neighbors_kinsa_early_errors_recent_reports
"pilot_method=errors,revision_scope=early_actual,reporting_missingness=0,reporting_strength=0.5,ed_transform=logit,spatial=neighbors,epochs=120,patience=15,fit_partition=target,covariate_encoder=summary,covariate_set=kinsa,input_mode=scheduled_final,input_normalization=b0,evaluation_seasons=recent_two",42,half,flu_admissions_native,2025-2026,1.1164658468376722,target_neighbors_kinsa_early_errors_recent_reports
"pilot_method=errors,revision_scope=early_actual,reporting_missingness=0,reporting_strength=0.5,ed_transform=logit,spatial=neighbors,epochs=120,patience=15,fit_partition=target,covariate_encoder=summary,covariate_set=kinsa,input_mode=scheduled_final,input_normalization=b0,evaluation_seasons=recent_two",42,half,flu_admissions_native,equal_season_mean,0.9508094989501396,target_neighbors_kinsa_early_errors_recent_reports
"pilot_method=errors,revision_scope=early_actual,reporting_missingness=0,reporting_strength=0.5,ed_transform=logit,spatial=neighbors,epochs=120,patience=15,fit_partition=target,covariate_encoder=summary,covariate_set=kinsa,input_mode=scheduled_final,input_normalization=b0,evaluation_seasons=recent_two",42,half,flu_admissions_log,2024-2025,0.7940067822301048,target_neighbors_kinsa_early_errors_recent_reports
"pilot_method=errors,revision_scope=early_actual,reporting_missingness=0,reporting_strength=0.5,ed_transform=logit,spatial=neighbors,epochs=120,patience=15,fit_partition=target,covariate_encoder=summary,covariate_set=kinsa,input_mode=scheduled_final,input_normalization=b0,evaluation_seasons=recent_two",42,half,flu_admissions_log,2025-2026,1.0741595054865816,target_neighbors_kinsa_early_errors_recent_reports
"pilot_method=errors,revision_scope=early_actual,reporting_missingness=0,reporting_strength=0.5,ed_transform=logit,spatial=neighbors,epochs=120,patience=15,fit_partition=target,covariate_encoder=summary,covariate_set=kinsa,input_mode=scheduled_final,input_normalization=b0,evaluation_seasons=recent_two",42,half,flu_admissions_log,equal_season_mean,0.9340831438583432,target_neighbors_kinsa_early_errors_recent_reports
"pilot_method=errors,revision_scope=early_actual,reporting_missingness=0,reporting_strength=0.5,ed_transform=logit,spatial=neighbors,epochs=120,patience=15,fit_partition=target,covariate_encoder=summary,covariate_set=kinsa,input_mode=scheduled_final,input_normalization=b0,evaluation_seasons=recent_two",42,raw,six_target_native,2024-2025,0.867945437588581,target_neighbors_kinsa_early_errors_recent_reports
"pilot_method=errors,revision_scope=early_actual,reporting_missingness=0,reporting_strength=0.5,ed_transform=logit,spatial=neighbors,epochs=120,patience=15,fit_partition=target,covariate_encoder=summary,covariate_set=kinsa,input_mode=scheduled_final,input_normalization=b0,evaluation_seasons=recent_two",42,raw,six_target_native,2025-2026,1.0407378722830944,target_neighbors_kinsa_early_errors_recent_reports
"pilot_method=errors,revision_scope=early_actual,reporting_missingness=0,reporting_strength=0.5,ed_transform=logit,spatial=neighbors,epochs=120,patience=15,fit_partition=target,covariate_encoder=summary,covariate_set=kinsa,input_mode=scheduled_final,input_normalization=b0,evaluation_seasons=recent_two",42,raw,six_target_native,equal_season_mean,0.9543416549358376,target_neighbors_kinsa_early_errors_recent_reports
"pilot_method=errors,revision_scope=early_actual,reporting_missingness=0,reporting_strength=0.5,ed_transform=logit,spatial=neighbors,epochs=120,patience=15,fit_partition=target,covariate_encoder=summary,covariate_set=kinsa,input_mode=scheduled_final,input_normalization=b0,evaluation_seasons=recent_two",42,raw,flu_admissions_native,2024-2025,0.7952032508905243,target_neighbors_kinsa_early_errors_recent_reports
"pilot_method=errors,revision_scope=early_actual,reporting_missingness=0,reporting_strength=0.5,ed_transform=logit,spatial=neighbors,epochs=120,patience=15,fit_partition=target,covariate_encoder=summary,covariate_set=kinsa,input_mode=scheduled_final,input_normalization=b0,evaluation_seasons=recent_two",42,raw,flu_admissions_native,2025-2026,1.082852015632742,target_neighbors_kinsa_early_errors_recent_reports
"pilot_method=errors,revision_scope=early_actual,reporting_missingness=0,reporting_strength=0.5,ed_transform=logit,spatial=neighbors,epochs=120,patience=15,fit_partition=target,covariate_encoder=summary,covariate_set=kinsa,input_mode=scheduled_final,input_normalization=b0,evaluation_seasons=recent_two",42,raw,flu_admissions_native,equal_season_mean,0.9390276332616332,target_neighbors_kinsa_early_errors_recent_reports
"pilot_method=errors,revision_scope=early_actual,reporting_missingness=0,reporting_strength=0.5,ed_transform=logit,spatial=neighbors,epochs=120,patience=15,fit_partition=target,covariate_encoder=summary,covariate_set=kinsa,input_mode=scheduled_final,input_normalization=b0,evaluation_seasons=recent_two",42,raw,flu_admissions_log,2024-2025,0.8173608095374733,target_neighbors_kinsa_early_errors_recent_reports
"pilot_method=errors,revision_scope=early_actual,reporting_missingness=0,reporting_strength=0.5,ed_transform=logit,spatial=neighbors,epochs=120,patience=15,fit_partition=target,covariate_encoder=summary,covariate_set=kinsa,input_mode=scheduled_final,input_normalization=b0,evaluation_seasons=recent_two",42,raw,flu_admissions_log,2025-2026,1.052023024880811,target_neighbors_kinsa_early_errors_recent_reports
"pilot_method=errors,revision_scope=early_actual,reporting_missingness=0,reporting_strength=0.5,ed_transform=logit,spatial=neighbors,epochs=120,patience=15,fit_partition=target,covariate_encoder=summary,covariate_set=kinsa,input_mode=scheduled_final,input_normalization=b0,evaluation_seasons=recent_two",42,raw,flu_admissions_log,equal_season_mean,0.934691917209142,target_neighbors_kinsa_early_errors_recent_reports
"pilot_method=errors,revision_scope=early_actual,reporting_missingness=0,reporting_strength=0.5,ed_transform=logit,spatial=neighbors,epochs=120,patience=15,fit_partition=target,covariate_encoder=summary,covariate_set=kinsa,input_mode=scheduled_final,input_normalization=b0,evaluation_seasons=recent_two",43,corrected,six_target_native,2024-2025,0.8498769504374426,target_neighbors_kinsa_early_errors_recent_reports
"pilot_method=errors,revision_scope=early_actual,reporting_missingness=0,reporting_strength=0.5,ed_transform=logit,spatial=neighbors,epochs=120,patience=15,fit_partition=target,covariate_encoder=summary,covariate_set=kinsa,input_mode=scheduled_final,input_normalization=b0,evaluation_seasons=recent_two",43,corrected,six_target_native,2025-2026,0.9525172919314452,target_neighbors_kinsa_early_errors_recent_reports
"pilot_method=errors,revision_scope=early_actual,reporting_missingness=0,reporting_strength=0.5,ed_transform=logit,spatial=neighbors,epochs=120,patience=15,fit_partition=target,covariate_encoder=summary,covariate_set=kinsa,input_mode=scheduled_final,input_normalization=b0,evaluation_seasons=recent_two",43,corrected,six_target_native,equal_season_mean,0.9011971211844438,target_neighbors_kinsa_early_errors_recent_reports
"pilot_method=errors,revision_scope=early_actual,reporting_missingness=0,reporting_strength=0.5,ed_transform=logit,spatial=neighbors,epochs=120,patience=15,fit_partition=target,covariate_encoder=summary,covariate_set=kinsa,input_mode=scheduled_final,input_normalization=b0,evaluation_seasons=recent_two",43,corrected,flu_admissions_native,2024-2025,0.7731838077119452,target_neighbors_kinsa_early_errors_recent_reports
"pilot_method=errors,revision_scope=early_actual,reporting_missingness=0,reporting_strength=0.5,ed_transform=logit,spatial=neighbors,epochs=120,patience=15,fit_partition=target,covariate_encoder=summary,covariate_set=kinsa,input_mode=scheduled_final,input_normalization=b0,evaluation_seasons=recent_two",43,corrected,flu_admissions_native,2025-2026,1.0986385081220629,target_neighbors_kinsa_early_errors_recent_reports
"pilot_method=errors,revision_scope=early_actual,reporting_missingness=0,reporting_strength=0.5,ed_transform=logit,spatial=neighbors,epochs=120,patience=15,fit_partition=target,covariate_encoder=summary,covariate_set=kinsa,input_mode=scheduled_final,input_normalization=b0,evaluation_seasons=recent_two",43,corrected,flu_admissions_native,equal_season_mean,0.935911157917004,target_neighbors_kinsa_early_errors_recent_reports
"pilot_method=errors,revision_scope=early_actual,reporting_missingness=0,reporting_strength=0.5,ed_transform=logit,spatial=neighbors,epochs=120,patience=15,fit_partition=target,covariate_encoder=summary,covariate_set=kinsa,input_mode=scheduled_final,input_normalization=b0,evaluation_seasons=recent_two",43,corrected,flu_admissions_log,2024-2025,0.7686160102504044,target_neighbors_kinsa_early_errors_recent_reports
"pilot_method=errors,revision_scope=early_actual,reporting_missingness=0,reporting_strength=0.5,ed_transform=logit,spatial=neighbors,epochs=120,patience=15,fit_partition=target,covariate_encoder=summary,covariate_set=kinsa,input_mode=scheduled_final,input_normalization=b0,evaluation_seasons=recent_two",43,corrected,flu_admissions_log,2025-2026,1.1297042345856656,target_neighbors_kinsa_early_errors_recent_reports
"pilot_method=errors,revision_scope=early_actual,reporting_missingness=0,reporting_strength=0.5,ed_transform=logit,spatial=neighbors,epochs=120,patience=15,fit_partition=target,covariate_encoder=summary,covariate_set=kinsa,input_mode=scheduled_final,input_normalization=b0,evaluation_seasons=recent_two",43,corrected,flu_admissions_log,equal_season_mean,0.949160122418035,target_neighbors_kinsa_early_errors_recent_reports
"pilot_method=errors,revision_scope=early_actual,reporting_missingness=0,reporting_strength=0.5,ed_transform=logit,spatial=neighbors,epochs=120,patience=15,fit_partition=target,covariate_encoder=summary,covariate_set=kinsa,input_mode=scheduled_final,input_normalization=b0,evaluation_seasons=recent_two",43,half,six_target_native,2024-2025,0.8708762842489621,target_neighbors_kinsa_early_errors_recent_reports
"pilot_method=errors,revision_scope=early_actual,reporting_missingness=0,reporting_strength=0.5,ed_transform=logit,spatial=neighbors,epochs=120,patience=15,fit_partition=target,covariate_encoder=summary,covariate_set=kinsa,input_mode=scheduled_final,input_normalization=b0,evaluation_seasons=recent_two",43,half,six_target_native,2025-2026,0.9431053008622317,target_neighbors_kinsa_early_errors_recent_reports
"pilot_method=errors,revision_scope=early_actual,reporting_missingness=0,reporting_strength=0.5,ed_transform=logit,spatial=neighbors,epochs=120,patience=15,fit_partition=target,covariate_encoder=summary,covariate_set=kinsa,input_mode=scheduled_final,input_normalization=b0,evaluation_seasons=recent_two",43,half,six_target_native,equal_season_mean,0.9069907925555968,target_neighbors_kinsa_early_errors_recent_reports
"pilot_method=errors,revision_scope=early_actual,reporting_missingness=0,reporting_strength=0.5,ed_transform=logit,spatial=neighbors,epochs=120,patience=15,fit_partition=target,covariate_encoder=summary,covariate_set=kinsa,input_mode=scheduled_final,input_normalization=b0,evaluation_seasons=recent_two",43,half,flu_admissions_native,2024-2025,0.7743261156068303,target_neighbors_kinsa_early_errors_recent_reports
"pilot_method=errors,revision_scope=early_actual,reporting_missingness=0,reporting_strength=0.5,ed_transform=logit,spatial=neighbors,epochs=120,patience=15,fit_partition=target,covariate_encoder=summary,covariate_set=kinsa,input_mode=scheduled_final,input_normalization=b0,evaluation_seasons=recent_two",43,half,flu_admissions_native,2025-2026,1.070438100588215,target_neighbors_kinsa_early_errors_recent_reports
"pilot_method=errors,revision_scope=early_actual,reporting_missingness=0,reporting_strength=0.5,ed_transform=logit,spatial=neighbors,epochs=120,patience=15,fit_partition=target,covariate_encoder=summary,covariate_set=kinsa,input_mode=scheduled_final,input_normalization=b0,evaluation_seasons=recent_two",43,half,flu_admissions_native,equal_season_mean,0.9223821080975227,target_neighbors_kinsa_early_errors_recent_reports
"pilot_method=errors,revision_scope=early_actual,reporting_missingness=0,reporting_strength=0.5,ed_transform=logit,spatial=neighbors,epochs=120,patience=15,fit_partition=target,covariate_encoder=summary,covariate_set=kinsa,input_mode=scheduled_final,input_normalization=b0,evaluation_seasons=recent_two",43,half,flu_admissions_log,2024-2025,0.7816061762865021,target_neighbors_kinsa_early_errors_recent_reports
"pilot_method=errors,revision_scope=early_actual,reporting_missingness=0,reporting_strength=0.5,ed_transform=logit,spatial=neighbors,epochs=120,patience=15,fit_partition=target,covariate_encoder=summary,covariate_set=kinsa,input_mode=scheduled_final,input_normalization=b0,evaluation_seasons=recent_two",43,half,flu_admissions_log,2025-2026,1.1061321825415067,target_neighbors_kinsa_early_errors_recent_reports
"pilot_method=errors,revision_scope=early_actual,reporting_missingness=0,reporting_strength=0.5,ed_transform=logit,spatial=neighbors,epochs=120,patience=15,fit_partition=target,covariate_encoder=summary,covariate_set=kinsa,input_mode=scheduled_final,input_normalization=b0,evaluation_seasons=recent_two",43,half,flu_admissions_log,equal_season_mean,0.9438691794140044,target_neighbors_kinsa_early_errors_recent_reports
"pilot_method=errors,revision_scope=early_actual,reporting_missingness=0,reporting_strength=0.5,ed_transform=logit,spatial=neighbors,epochs=120,patience=15,fit_partition=target,covariate_encoder=summary,covariate_set=kinsa,input_mode=scheduled_final,input_normalization=b0,evaluation_seasons=recent_two",43,raw,six_target_native,2024-2025,0.9056843142900036,target_neighbors_kinsa_early_errors_recent_reports
"pilot_method=errors,revision_scope=early_actual,reporting_missingness=0,reporting_strength=0.5,ed_transform=logit,spatial=neighbors,epochs=120,patience=15,fit_partition=target,covariate_encoder=summary,covariate_set=kinsa,input_mode=scheduled_final,input_normalization=b0,evaluation_seasons=recent_two",43,raw,six_target_native,2025-2026,0.940657138642402,target_neighbors_kinsa_early_errors_recent_reports
"pilot_method=errors,revision_scope=early_actual,reporting_missingness=0,reporting_strength=0.5,ed_transform=logit,spatial=neighbors,epochs=120,patience=15,fit_partition=target,covariate_encoder=summary,covariate_set=kinsa,input_mode=scheduled_final,input_normalization=b0,evaluation_seasons=recent_two",43,raw,six_target_native,equal_season_mean,0.9231707264662028,target_neighbors_kinsa_early_errors_recent_reports
"pilot_method=errors,revision_scope=early_actual,reporting_missingness=0,reporting_strength=0.5,ed_transform=logit,spatial=neighbors,epochs=120,patience=15,fit_partition=target,covariate_encoder=summary,covariate_set=kinsa,input_mode=scheduled_final,input_normalization=b0,evaluation_seasons=recent_two",43,raw,flu_admissions_native,2024-2025,0.7837722781732261,target_neighbors_kinsa_early_errors_recent_reports
"pilot_method=errors,revision_scope=early_actual,reporting_missingness=0,reporting_strength=0.5,ed_transform=logit,spatial=neighbors,epochs=120,patience=15,fit_partition=target,covariate_encoder=summary,covariate_set=kinsa,input_mode=scheduled_final,input_normalization=b0,evaluation_seasons=recent_two",43,raw,flu_admissions_native,2025-2026,1.0480294226236453,target_neighbors_kinsa_early_errors_recent_reports
"pilot_method=errors,revision_scope=early_actual,reporting_missingness=0,reporting_strength=0.5,ed_transform=logit,spatial=neighbors,epochs=120,patience=15,fit_partition=target,covariate_encoder=summary,covariate_set=kinsa,input_mode=scheduled_final,input_normalization=b0,evaluation_seasons=recent_two",43,raw,flu_admissions_native,equal_season_mean,0.9159008503984356,target_neighbors_kinsa_early_errors_recent_reports
"pilot_method=errors,revision_scope=early_actual,reporting_missingness=0,reporting_strength=0.5,ed_transform=logit,spatial=neighbors,epochs=120,patience=15,fit_partition=target,covariate_encoder=summary,covariate_set=kinsa,input_mode=scheduled_final,input_normalization=b0,evaluation_seasons=recent_two",43,raw,flu_admissions_log,2024-2025,0.8079766701675487,target_neighbors_kinsa_early_errors_recent_reports
"pilot_method=errors,revision_scope=early_actual,reporting_missingness=0,reporting_strength=0.5,ed_transform=logit,spatial=neighbors,epochs=120,patience=15,fit_partition=target,covariate_encoder=summary,covariate_set=kinsa,input_mode=scheduled_final,input_normalization=b0,evaluation_seasons=recent_two",43,raw,flu_admissions_log,2025-2026,1.0917892048379831,target_neighbors_kinsa_early_errors_recent_reports
"pilot_method=errors,revision_scope=early_actual,reporting_missingness=0,reporting_strength=0.5,ed_transform=logit,spatial=neighbors,epochs=120,patience=15,fit_partition=target,covariate_encoder=summary,covariate_set=kinsa,input_mode=scheduled_final,input_normalization=b0,evaluation_seasons=recent_two",43,raw,flu_admissions_log,equal_season_mean,0.949882937502766,target_neighbors_kinsa_early_errors_recent_reports
"pilot_method=finalized,growth_anchor=1,reporting_missingness=0,reporting_strength=0.5,ed_transform=logit,encoder=series_mixer,width=32,epochs=120,patience=15,covariate_encoder=summary,input_mode=scheduled_final,input_normalization=b0,evaluation_seasons=recent_two",42,corrected,six_target_native,2024-2025,1.2459478731487257,series_mixer_damped_growth
"pilot_method=finalized,growth_anchor=1,reporting_missingness=0,reporting_strength=0.5,ed_transform=logit,encoder=series_mixer,width=32,epochs=120,patience=15,covariate_encoder=summary,input_mode=scheduled_final,input_normalization=b0,evaluation_seasons=recent_two",42,corrected,six_target_native,2025-2026,1.1755566381835427,series_mixer_damped_growth
"pilot_method=finalized,growth_anchor=1,reporting_missingness=0,reporting_strength=0.5,ed_transform=logit,encoder=series_mixer,width=32,epochs=120,patience=15,covariate_encoder=summary,input_mode=scheduled_final,input_normalization=b0,evaluation_seasons=recent_two",42,corrected,six_target_native,equal_season_mean,1.2107522556661343,series_mixer_damped_growth
"pilot_method=finalized,growth_anchor=1,reporting_missingness=0,reporting_strength=0.5,ed_transform=logit,encoder=series_mixer,width=32,epochs=120,patience=15,covariate_encoder=summary,input_mode=scheduled_final,input_normalization=b0,evaluation_seasons=recent_two",42,corrected,flu_admissions_native,2024-2025,1.1616022658763334,series_mixer_damped_growth
"pilot_method=finalized,growth_anchor=1,reporting_missingness=0,reporting_strength=0.5,ed_transform=logit,encoder=series_mixer,width=32,epochs=120,patience=15,covariate_encoder=summary,input_mode=scheduled_final,input_normalization=b0,evaluation_seasons=recent_two",42,corrected,flu_admissions_native,2025-2026,1.200157675369265,series_mixer_damped_growth
"pilot_method=finalized,growth_anchor=1,reporting_missingness=0,reporting_strength=0.5,ed_transform=logit,encoder=series_mixer,width=32,epochs=120,patience=15,covariate_encoder=summary,input_mode=scheduled_final,input_normalization=b0,evaluation_seasons=recent_two",42,corrected,flu_admissions_native,equal_season_mean,1.1808799706227997,series_mixer_damped_growth
"pilot_method=finalized,growth_anchor=1,reporting_missingness=0,reporting_strength=0.5,ed_transform=logit,encoder=series_mixer,width=32,epochs=120,patience=15,covariate_encoder=summary,input_mode=scheduled_final,input_normalization=b0,evaluation_seasons=recent_two",42,corrected,flu_admissions_log,2024-2025,1.5622904844871524,series_mixer_damped_growth
"pilot_method=finalized,growth_anchor=1,reporting_missingness=0,reporting_strength=0.5,ed_transform=logit,encoder=series_mixer,width=32,epochs=120,patience=15,covariate_encoder=summary,input_mode=scheduled_final,input_normalization=b0,evaluation_seasons=recent_two",42,corrected,flu_admissions_log,2025-2026,1.756648242934902,series_mixer_damped_growth
"pilot_method=finalized,growth_anchor=1,reporting_missingness=0,reporting_strength=0.5,ed_transform=logit,encoder=series_mixer,width=32,epochs=120,patience=15,covariate_encoder=summary,input_mode=scheduled_final,input_normalization=b0,evaluation_seasons=recent_two",42,corrected,flu_admissions_log,equal_season_mean,1.6594693637110272,series_mixer_damped_growth
"pilot_method=finalized,growth_anchor=1,reporting_missingness=0,reporting_strength=0.5,ed_transform=logit,encoder=series_mixer,width=32,epochs=120,patience=15,covariate_encoder=summary,input_mode=scheduled_final,input_normalization=b0,evaluation_seasons=recent_two",42,half,six_target_native,2024-2025,1.2662443885710228,series_mixer_damped_growth
"pilot_method=finalized,growth_anchor=1,reporting_missingness=0,reporting_strength=0.5,ed_transform=logit,encoder=series_mixer,width=32,epochs=120,patience=15,covariate_encoder=summary,input_mode=scheduled_final,input_normalization=b0,evaluation_seasons=recent_two",42,half,six_target_native,2025-2026,1.1806961387698744,series_mixer_damped_growth
"pilot_method=finalized,growth_anchor=1,reporting_missingness=0,reporting_strength=0.5,ed_transform=logit,encoder=series_mixer,width=32,epochs=120,patience=15,covariate_encoder=summary,input_mode=scheduled_final,input_normalization=b0,evaluation_seasons=recent_two",42,half,six_target_native,equal_season_mean,1.2234702636704486,series_mixer_damped_growth
"pilot_method=finalized,growth_anchor=1,reporting_missingness=0,reporting_strength=0.5,ed_transform=logit,encoder=series_mixer,width=32,epochs=120,patience=15,covariate_encoder=summary,input_mode=scheduled_final,input_normalization=b0,evaluation_seasons=recent_two",42,half,flu_admissions_native,2024-2025,1.1765520621446592,series_mixer_damped_growth
"pilot_method=finalized,growth_anchor=1,reporting_missingness=0,reporting_strength=0.5,ed_transform=logit,encoder=series_mixer,width=32,epochs=120,patience=15,covariate_encoder=summary,input_mode=scheduled_final,input_normalization=b0,evaluation_seasons=recent_two",42,half,flu_admissions_native,2025-2026,1.2009536763271988,series_mixer_damped_growth
"pilot_method=finalized,growth_anchor=1,reporting_missingness=0,reporting_strength=0.5,ed_transform=logit,encoder=series_mixer,width=32,epochs=120,patience=15,covariate_encoder=summary,input_mode=scheduled_final,input_normalization=b0,evaluation_seasons=recent_two",42,half,flu_admissions_native,equal_season_mean,1.188752869235929,series_mixer_damped_growth
"pilot_method=finalized,growth_anchor=1,reporting_missingness=0,reporting_strength=0.5,ed_transform=logit,encoder=series_mixer,width=32,epochs=120,patience=15,covariate_encoder=summary,input_mode=scheduled_final,input_normalization=b0,evaluation_seasons=recent_two",42,half,flu_admissions_log,2024-2025,1.5922513931990363,series_mixer_damped_growth
"pilot_method=finalized,growth_anchor=1,reporting_missingness=0,reporting_strength=0.5,ed_transform=logit,encoder=series_mixer,width=32,epochs=120,patience=15,covariate_encoder=summary,input_mode=scheduled_final,input_normalization=b0,evaluation_seasons=recent_two",42,half,flu_admissions_log,2025-2026,1.8140689621689852,series_mixer_damped_growth
"pilot_method=finalized,growth_anchor=1,reporting_missingness=0,reporting_strength=0.5,ed_transform=logit,encoder=series_mixer,width=32,epochs=120,patience=15,covariate_encoder=summary,input_mode=scheduled_final,input_normalization=b0,evaluation_seasons=recent_two",42,half,flu_admissions_log,equal_season_mean,1.7031601776840108,series_mixer_damped_growth
"pilot_method=finalized,growth_anchor=1,reporting_missingness=0,reporting_strength=0.5,ed_transform=logit,encoder=series_mixer,width=32,epochs=120,patience=15,covariate_encoder=summary,input_mode=scheduled_final,input_normalization=b0,evaluation_seasons=recent_two",42,raw,six_target_native,2024-2025,1.2951593896543765,series_mixer_damped_growth
"pilot_method=finalized,growth_anchor=1,reporting_missingness=0,reporting_strength=0.5,ed_transform=logit,encoder=series_mixer,width=32,epochs=120,patience=15,covariate_encoder=summary,input_mode=scheduled_final,input_normalization=b0,evaluation_seasons=recent_two",42,raw,six_target_native,2025-2026,1.1945445356245492,series_mixer_damped_growth
"pilot_method=finalized,growth_anchor=1,reporting_missingness=0,reporting_strength=0.5,ed_transform=logit,encoder=series_mixer,width=32,epochs=120,patience=15,covariate_encoder=summary,input_mode=scheduled_final,input_normalization=b0,evaluation_seasons=recent_two",42,raw,six_target_native,equal_season_mean,1.244851962639463,series_mixer_damped_growth
"pilot_method=finalized,growth_anchor=1,reporting_missingness=0,reporting_strength=0.5,ed_transform=logit,encoder=series_mixer,width=32,epochs=120,patience=15,covariate_encoder=summary,input_mode=scheduled_final,input_normalization=b0,evaluation_seasons=recent_two",42,raw,flu_admissions_native,2024-2025,1.1969941146484306,series_mixer_damped_growth
"pilot_method=finalized,growth_anchor=1,reporting_missingness=0,reporting_strength=0.5,ed_transform=logit,encoder=series_mixer,width=32,epochs=120,patience=15,covariate_encoder=summary,input_mode=scheduled_final,input_normalization=b0,evaluation_seasons=recent_two",42,raw,flu_admissions_native,2025-2026,1.2082774846545694,series_mixer_damped_growth
"pilot_method=finalized,growth_anchor=1,reporting_missingness=0,reporting_strength=0.5,ed_transform=logit,encoder=series_mixer,width=32,epochs=120,patience=15,covariate_encoder=summary,input_mode=scheduled_final,input_normalization=b0,evaluation_seasons=recent_two",42,raw,flu_admissions_native,equal_season_mean,1.2026357996515,series_mixer_damped_growth
"pilot_method=finalized,growth_anchor=1,reporting_missingness=0,reporting_strength=0.5,ed_transform=logit,encoder=series_mixer,width=32,epochs=120,patience=15,covariate_encoder=summary,input_mode=scheduled_final,input_normalization=b0,evaluation_seasons=recent_two",42,raw,flu_admissions_log,2024-2025,1.652989521394719,series_mixer_damped_growth
"pilot_method=finalized,growth_anchor=1,reporting_missingness=0,reporting_strength=0.5,ed_transform=logit,encoder=series_mixer,width=32,epochs=120,patience=15,covariate_encoder=summary,input_mode=scheduled_final,input_normalization=b0,evaluation_seasons=recent_two",42,raw,flu_admissions_log,2025-2026,1.920684006719199,series_mixer_damped_growth
"pilot_method=finalized,growth_anchor=1,reporting_missingness=0,reporting_strength=0.5,ed_transform=logit,encoder=series_mixer,width=32,epochs=120,patience=15,covariate_encoder=summary,input_mode=scheduled_final,input_normalization=b0,evaluation_seasons=recent_two",42,raw,flu_admissions_log,equal_season_mean,1.7868367640569591,series_mixer_damped_growth
"pilot_method=finalized,growth_anchor=1,reporting_missingness=0,reporting_strength=0.5,ed_transform=logit,encoder=series_mixer,width=32,epochs=120,patience=15,covariate_encoder=summary,input_mode=scheduled_final,input_normalization=b0,evaluation_seasons=recent_two",43,corrected,six_target_native,2024-2025,1.4023251188286452,series_mixer_damped_growth
"pilot_method=finalized,growth_anchor=1,reporting_missingness=0,reporting_strength=0.5,ed_transform=logit,encoder=series_mixer,width=32,epochs=120,patience=15,covariate_encoder=summary,input_mode=scheduled_final,input_normalization=b0,evaluation_seasons=recent_two",43,corrected,six_target_native,2025-2026,1.3561398254908628,series_mixer_damped_growth
"pilot_method=finalized,growth_anchor=1,reporting_missingness=0,reporting_strength=0.5,ed_transform=logit,encoder=series_mixer,width=32,epochs=120,patience=15,covariate_encoder=summary,input_mode=scheduled_final,input_normalization=b0,evaluation_seasons=recent_two",43,corrected,six_target_native,equal_season_mean,1.379232472159754,series_mixer_damped_growth
"pilot_method=finalized,growth_anchor=1,reporting_missingness=0,reporting_strength=0.5,ed_transform=logit,encoder=series_mixer,width=32,epochs=120,patience=15,covariate_encoder=summary,input_mode=scheduled_final,input_normalization=b0,evaluation_seasons=recent_two",43,corrected,flu_admissions_native,2024-2025,1.2653036026584243,series_mixer_damped_growth
"pilot_method=finalized,growth_anchor=1,reporting_missingness=0,reporting_strength=0.5,ed_transform=logit,encoder=series_mixer,width=32,epochs=120,patience=15,covariate_encoder=summary,input_mode=scheduled_final,input_normalization=b0,evaluation_seasons=recent_two",43,corrected,flu_admissions_native,2025-2026,1.397360001547525,series_mixer_damped_growth
"pilot_method=finalized,growth_anchor=1,reporting_missingness=0,reporting_strength=0.5,ed_transform=logit,encoder=series_mixer,width=32,epochs=120,patience=15,covariate_encoder=summary,input_mode=scheduled_final,input_normalization=b0,evaluation_seasons=recent_two",43,corrected,flu_admissions_native,equal_season_mean,1.3313318021029747,series_mixer_damped_growth
"pilot_method=finalized,growth_anchor=1,reporting_missingness=0,reporting_strength=0.5,ed_transform=logit,encoder=series_mixer,width=32,epochs=120,patience=15,covariate_encoder=summary,input_mode=scheduled_final,input_normalization=b0,evaluation_seasons=recent_two",43,corrected,flu_admissions_log,2024-2025,2.177104738005139,series_mixer_damped_growth
"pilot_method=finalized,growth_anchor=1,reporting_missingness=0,reporting_strength=0.5,ed_transform=logit,encoder=series_mixer,width=32,epochs=120,patience=15,covariate_encoder=summary,input_mode=scheduled_final,input_normalization=b0,evaluation_seasons=recent_two",43,corrected,flu_admissions_log,2025-2026,2.6725530110161713,series_mixer_damped_growth
"pilot_method=finalized,growth_anchor=1,reporting_missingness=0,reporting_strength=0.5,ed_transform=logit,encoder=series_mixer,width=32,epochs=120,patience=15,covariate_encoder=summary,input_mode=scheduled_final,input_normalization=b0,evaluation_seasons=recent_two",43,corrected,flu_admissions_log,equal_season_mean,2.424828874510655,series_mixer_damped_growth
"pilot_method=finalized,growth_anchor=1,reporting_missingness=0,reporting_strength=0.5,ed_transform=logit,encoder=series_mixer,width=32,epochs=120,patience=15,covariate_encoder=summary,input_mode=scheduled_final,input_normalization=b0,evaluation_seasons=recent_two",43,half,six_target_native,2024-2025,1.4294936203731816,series_mixer_damped_growth
"pilot_method=finalized,growth_anchor=1,reporting_missingness=0,reporting_strength=0.5,ed_transform=logit,encoder=series_mixer,width=32,epochs=120,patience=15,covariate_encoder=summary,input_mode=scheduled_final,input_normalization=b0,evaluation_seasons=recent_two",43,half,six_target_native,2025-2026,1.3661992107553802,series_mixer_damped_growth
"pilot_method=finalized,growth_anchor=1,reporting_missingness=0,reporting_strength=0.5,ed_transform=logit,encoder=series_mixer,width=32,epochs=120,patience=15,covariate_encoder=summary,input_mode=scheduled_final,input_normalization=b0,evaluation_seasons=recent_two",43,half,six_target_native,equal_season_mean,1.397846415564281,series_mixer_damped_growth
"pilot_method=finalized,growth_anchor=1,reporting_missingness=0,reporting_strength=0.5,ed_transform=logit,encoder=series_mixer,width=32,epochs=120,patience=15,covariate_encoder=summary,input_mode=scheduled_final,input_normalization=b0,evaluation_seasons=recent_two",43,half,flu_admissions_native,2024-2025,1.2818177346386046,series_mixer_damped_growth
"pilot_method=finalized,growth_anchor=1,reporting_missingness=0,reporting_strength=0.5,ed_transform=logit,encoder=series_mixer,width=32,epochs=120,patience=15,covariate_encoder=summary,input_mode=scheduled_final,input_normalization=b0,evaluation_seasons=recent_two",43,half,flu_admissions_native,2025-2026,1.4023980395250712,series_mixer_damped_growth
"pilot_method=finalized,growth_anchor=1,reporting_missingness=0,reporting_strength=0.5,ed_transform=logit,encoder=series_mixer,width=32,epochs=120,patience=15,covariate_encoder=summary,input_mode=scheduled_final,input_normalization=b0,evaluation_seasons=recent_two",43,half,flu_admissions_native,equal_season_mean,1.342107887081838,series_mixer_damped_growth
"pilot_method=finalized,growth_anchor=1,reporting_missingness=0,reporting_strength=0.5,ed_transform=logit,encoder=series_mixer,width=32,epochs=120,patience=15,covariate_encoder=summary,input_mode=scheduled_final,input_normalization=b0,evaluation_seasons=recent_two",43,half,flu_admissions_log,2024-2025,2.2281716829176363,series_mixer_damped_growth
"pilot_method=finalized,growth_anchor=1,reporting_missingness=0,reporting_strength=0.5,ed_transform=logit,encoder=series_mixer,width=32,epochs=120,patience=15,covariate_encoder=summary,input_mode=scheduled_final,input_normalization=b0,evaluation_seasons=recent_two",43,half,flu_admissions_log,2025-2026,2.7961105541871816,series_mixer_damped_growth
"pilot_method=finalized,growth_anchor=1,reporting_missingness=0,reporting_strength=0.5,ed_transform=logit,encoder=series_mixer,width=32,epochs=120,patience=15,covariate_encoder=summary,input_mode=scheduled_final,input_normalization=b0,evaluation_seasons=recent_two",43,half,flu_admissions_log,equal_season_mean,2.512141118552409,series_mixer_damped_growth
"pilot_method=finalized,growth_anchor=1,reporting_missingness=0,reporting_strength=0.5,ed_transform=logit,encoder=series_mixer,width=32,epochs=120,patience=15,covariate_encoder=summary,input_mode=scheduled_final,input_normalization=b0,evaluation_seasons=recent_two",43,raw,six_target_native,2024-2025,1.464720246141763,series_mixer_damped_growth
"pilot_method=finalized,growth_anchor=1,reporting_missingness=0,reporting_strength=0.5,ed_transform=logit,encoder=series_mixer,width=32,epochs=120,patience=15,covariate_encoder=summary,input_mode=scheduled_final,input_normalization=b0,evaluation_seasons=recent_two",43,raw,six_target_native,2025-2026,1.3845124689422963,series_mixer_damped_growth
"pilot_method=finalized,growth_anchor=1,reporting_missingness=0,reporting_strength=0.5,ed_transform=logit,encoder=series_mixer,width=32,epochs=120,patience=15,covariate_encoder=summary,input_mode=scheduled_final,input_normalization=b0,evaluation_seasons=recent_two",43,raw,six_target_native,equal_season_mean,1.4246163575420296,series_mixer_damped_growth
"pilot_method=finalized,growth_anchor=1,reporting_missingness=0,reporting_strength=0.5,ed_transform=logit,encoder=series_mixer,width=32,epochs=120,patience=15,covariate_encoder=summary,input_mode=scheduled_final,input_normalization=b0,evaluation_seasons=recent_two",43,raw,flu_admissions_native,2024-2025,1.3029458335943491,series_mixer_damped_growth
"pilot_method=finalized,growth_anchor=1,reporting_missingness=0,reporting_strength=0.5,ed_transform=logit,encoder=series_mixer,width=32,epochs=120,patience=15,covariate_encoder=summary,input_mode=scheduled_final,input_normalization=b0,evaluation_seasons=recent_two",43,raw,flu_admissions_native,2025-2026,1.4157321721645135,series_mixer_damped_growth
"pilot_method=finalized,growth_anchor=1,reporting_missingness=0,reporting_strength=0.5,ed_transform=logit,encoder=series_mixer,width=32,epochs=120,patience=15,covariate_encoder=summary,input_mode=scheduled_final,input_normalization=b0,evaluation_seasons=recent_two",43,raw,flu_admissions_native,equal_season_mean,1.3593390028794317,series_mixer_damped_growth
"pilot_method=finalized,growth_anchor=1,reporting_missingness=0,reporting_strength=0.5,ed_transform=logit,encoder=series_mixer,width=32,epochs=120,patience=15,covariate_encoder=summary,input_mode=scheduled_final,input_normalization=b0,evaluation_seasons=recent_two",43,raw,flu_admissions_log,2024-2025,2.3343523751319437,series_mixer_damped_growth
"pilot_method=finalized,growth_anchor=1,reporting_missingness=0,reporting_strength=0.5,ed_transform=logit,encoder=series_mixer,width=32,epochs=120,patience=15,covariate_encoder=summary,input_mode=scheduled_final,input_normalization=b0,evaluation_seasons=recent_two",43,raw,flu_admissions_log,2025-2026,3.0052704542521926,series_mixer_damped_growth
"pilot_method=finalized,growth_anchor=1,reporting_missingness=0,reporting_strength=0.5,ed_transform=logit,encoder=series_mixer,width=32,epochs=120,patience=15,covariate_encoder=summary,input_mode=scheduled_final,input_normalization=b0,evaluation_seasons=recent_two",43,raw,flu_admissions_log,equal_season_mean,2.6698114146920684,series_mixer_damped_growth
"pilot_method=finalized,growth_anchor=1,reporting_missingness=0,reporting_strength=0.5,ed_transform=logit,encoder=series_mlp,width=32,epochs=120,patience=15,covariate_encoder=summary,input_mode=scheduled_final,input_normalization=b0,evaluation_seasons=recent_two",42,corrected,six_target_native,2024-2025,1.3539896969874552,series_mlp_damped_growth
"pilot_method=finalized,growth_anchor=1,reporting_missingness=0,reporting_strength=0.5,ed_transform=logit,encoder=series_mlp,width=32,epochs=120,patience=15,covariate_encoder=summary,input_mode=scheduled_final,input_normalization=b0,evaluation_seasons=recent_two",42,corrected,six_target_native,2025-2026,1.3565071145790173,series_mlp_damped_growth
"pilot_method=finalized,growth_anchor=1,reporting_missingness=0,reporting_strength=0.5,ed_transform=logit,encoder=series_mlp,width=32,epochs=120,patience=15,covariate_encoder=summary,input_mode=scheduled_final,input_normalization=b0,evaluation_seasons=recent_two",42,corrected,six_target_native,equal_season_mean,1.3552484057832364,series_mlp_damped_growth
"pilot_method=finalized,growth_anchor=1,reporting_missingness=0,reporting_strength=0.5,ed_transform=logit,encoder=series_mlp,width=32,epochs=120,patience=15,covariate_encoder=summary,input_mode=scheduled_final,input_normalization=b0,evaluation_seasons=recent_two",42,corrected,flu_admissions_native,2024-2025,1.2272438316269367,series_mlp_damped_growth
"pilot_method=finalized,growth_anchor=1,reporting_missingness=0,reporting_strength=0.5,ed_transform=logit,encoder=series_mlp,width=32,epochs=120,patience=15,covariate_encoder=summary,input_mode=scheduled_final,input_normalization=b0,evaluation_seasons=recent_two",42,corrected,flu_admissions_native,2025-2026,1.400364580318228,series_mlp_damped_growth
"pilot_method=finalized,growth_anchor=1,reporting_missingness=0,reporting_strength=0.5,ed_transform=logit,encoder=series_mlp,width=32,epochs=120,patience=15,covariate_encoder=summary,input_mode=scheduled_final,input_normalization=b0,evaluation_seasons=recent_two",42,corrected,flu_admissions_native,equal_season_mean,1.3138042059725823,series_mlp_damped_growth
"pilot_method=finalized,growth_anchor=1,reporting_missingness=0,reporting_strength=0.5,ed_transform=logit,encoder=series_mlp,width=32,epochs=120,patience=15,covariate_encoder=summary,input_mode=scheduled_final,input_normalization=b0,evaluation_seasons=recent_two",42,corrected,flu_admissions_log,2024-2025,2.5777710612540523,series_mlp_damped_growth
"pilot_method=finalized,growth_anchor=1,reporting_missingness=0,reporting_strength=0.5,ed_transform=logit,encoder=series_mlp,width=32,epochs=120,patience=15,covariate_encoder=summary,input_mode=scheduled_final,input_normalization=b0,evaluation_seasons=recent_two",42,corrected,flu_admissions_log,2025-2026,2.7977757241645644,series_mlp_damped_growth
"pilot_method=finalized,growth_anchor=1,reporting_missingness=0,reporting_strength=0.5,ed_transform=logit,encoder=series_mlp,width=32,epochs=120,patience=15,covariate_encoder=summary,input_mode=scheduled_final,input_normalization=b0,evaluation_seasons=recent_two",42,corrected,flu_admissions_log,equal_season_mean,2.6877733927093086,series_mlp_damped_growth
"pilot_method=finalized,growth_anchor=1,reporting_missingness=0,reporting_strength=0.5,ed_transform=logit,encoder=series_mlp,width=32,epochs=120,patience=15,covariate_encoder=summary,input_mode=scheduled_final,input_normalization=b0,evaluation_seasons=recent_two",42,half,six_target_native,2024-2025,1.3898851633353049,series_mlp_damped_growth
"pilot_method=finalized,growth_anchor=1,reporting_missingness=0,reporting_strength=0.5,ed_transform=logit,encoder=series_mlp,width=32,epochs=120,patience=15,covariate_encoder=summary,input_mode=scheduled_final,input_normalization=b0,evaluation_seasons=recent_two",42,half,six_target_native,2025-2026,1.3664679779409945,series_mlp_damped_growth
"pilot_method=finalized,growth_anchor=1,reporting_missingness=0,reporting_strength=0.5,ed_transform=logit,encoder=series_mlp,width=32,epochs=120,patience=15,covariate_encoder=summary,input_mode=scheduled_final,input_normalization=b0,evaluation_seasons=recent_two",42,half,six_target_native,equal_season_mean,1.3781765706381497,series_mlp_damped_growth
"pilot_method=finalized,growth_anchor=1,reporting_missingness=0,reporting_strength=0.5,ed_transform=logit,encoder=series_mlp,width=32,epochs=120,patience=15,covariate_encoder=summary,input_mode=scheduled_final,input_normalization=b0,evaluation_seasons=recent_two",42,half,flu_admissions_native,2024-2025,1.2537986164649142,series_mlp_damped_growth
"pilot_method=finalized,growth_anchor=1,reporting_missingness=0,reporting_strength=0.5,ed_transform=logit,encoder=series_mlp,width=32,epochs=120,patience=15,covariate_encoder=summary,input_mode=scheduled_final,input_normalization=b0,evaluation_seasons=recent_two",42,half,flu_admissions_native,2025-2026,1.4052083123322832,series_mlp_damped_growth
"pilot_method=finalized,growth_anchor=1,reporting_missingness=0,reporting_strength=0.5,ed_transform=logit,encoder=series_mlp,width=32,epochs=120,patience=15,covariate_encoder=summary,input_mode=scheduled_final,input_normalization=b0,evaluation_seasons=recent_two",42,half,flu_admissions_native,equal_season_mean,1.3295034643985986,series_mlp_damped_growth
"pilot_method=finalized,growth_anchor=1,reporting_missingness=0,reporting_strength=0.5,ed_transform=logit,encoder=series_mlp,width=32,epochs=120,patience=15,covariate_encoder=summary,input_mode=scheduled_final,input_normalization=b0,evaluation_seasons=recent_two",42,half,flu_admissions_log,2024-2025,2.639715717070934,series_mlp_damped_growth
"pilot_method=finalized,growth_anchor=1,reporting_missingness=0,reporting_strength=0.5,ed_transform=logit,encoder=series_mlp,width=32,epochs=120,patience=15,covariate_encoder=summary,input_mode=scheduled_final,input_normalization=b0,evaluation_seasons=recent_two",42,half,flu_admissions_log,2025-2026,2.897346542918515,series_mlp_damped_growth
"pilot_method=finalized,growth_anchor=1,reporting_missingness=0,reporting_strength=0.5,ed_transform=logit,encoder=series_mlp,width=32,epochs=120,patience=15,covariate_encoder=summary,input_mode=scheduled_final,input_normalization=b0,evaluation_seasons=recent_two",42,half,flu_admissions_log,equal_season_mean,2.7685311299947246,series_mlp_damped_growth
"pilot_method=finalized,growth_anchor=1,reporting_missingness=0,reporting_strength=0.5,ed_transform=logit,encoder=series_mlp,width=32,epochs=120,patience=15,covariate_encoder=summary,input_mode=scheduled_final,input_normalization=b0,evaluation_seasons=recent_two",42,raw,six_target_native,2024-2025,1.4345258413311868,series_mlp_damped_growth
"pilot_method=finalized,growth_anchor=1,reporting_missingness=0,reporting_strength=0.5,ed_transform=logit,encoder=series_mlp,width=32,epochs=120,patience=15,covariate_encoder=summary,input_mode=scheduled_final,input_normalization=b0,evaluation_seasons=recent_two",42,raw,six_target_native,2025-2026,1.3857731825499409,series_mlp_damped_growth
"pilot_method=finalized,growth_anchor=1,reporting_missingness=0,reporting_strength=0.5,ed_transform=logit,encoder=series_mlp,width=32,epochs=120,patience=15,covariate_encoder=summary,input_mode=scheduled_final,input_normalization=b0,evaluation_seasons=recent_two",42,raw,six_target_native,equal_season_mean,1.4101495119405638,series_mlp_damped_growth
"pilot_method=finalized,growth_anchor=1,reporting_missingness=0,reporting_strength=0.5,ed_transform=logit,encoder=series_mlp,width=32,epochs=120,patience=15,covariate_encoder=summary,input_mode=scheduled_final,input_normalization=b0,evaluation_seasons=recent_two",42,raw,flu_admissions_native,2024-2025,1.2855515449186292,series_mlp_damped_growth
"pilot_method=finalized,growth_anchor=1,reporting_missingness=0,reporting_strength=0.5,ed_transform=logit,encoder=series_mlp,width=32,epochs=120,patience=15,covariate_encoder=summary,input_mode=scheduled_final,input_normalization=b0,evaluation_seasons=recent_two",42,raw,flu_admissions_native,2025-2026,1.4185548282058993,series_mlp_damped_growth
"pilot_method=finalized,growth_anchor=1,reporting_missingness=0,reporting_strength=0.5,ed_transform=logit,encoder=series_mlp,width=32,epochs=120,patience=15,covariate_encoder=summary,input_mode=scheduled_final,input_normalization=b0,evaluation_seasons=recent_two",42,raw,flu_admissions_native,equal_season_mean,1.3520531865622645,series_mlp_damped_growth
"pilot_method=finalized,growth_anchor=1,reporting_missingness=0,reporting_strength=0.5,ed_transform=logit,encoder=series_mlp,width=32,epochs=120,patience=15,covariate_encoder=summary,input_mode=scheduled_final,input_normalization=b0,evaluation_seasons=recent_two",42,raw,flu_admissions_log,2024-2025,2.7571426636382967,series_mlp_damped_growth
"pilot_method=finalized,growth_anchor=1,reporting_missingness=0,reporting_strength=0.5,ed_transform=logit,encoder=series_mlp,width=32,epochs=120,patience=15,covariate_encoder=summary,input_mode=scheduled_final,input_normalization=b0,evaluation_seasons=recent_two",42,raw,flu_admissions_log,2025-2026,3.090495778777455,series_mlp_damped_growth
"pilot_method=finalized,growth_anchor=1,reporting_missingness=0,reporting_strength=0.5,ed_transform=logit,encoder=series_mlp,width=32,epochs=120,patience=15,covariate_encoder=summary,input_mode=scheduled_final,input_normalization=b0,evaluation_seasons=recent_two",42,raw,flu_admissions_log,equal_season_mean,2.923819221207876,series_mlp_damped_growth
"pilot_method=finalized,growth_anchor=1,reporting_missingness=0,reporting_strength=0.5,ed_transform=logit,encoder=series_mlp,width=32,epochs=120,patience=15,covariate_encoder=summary,input_mode=scheduled_final,input_normalization=b0,evaluation_seasons=recent_two",43,corrected,six_target_native,2024-2025,1.3014381260397698,series_mlp_damped_growth
"pilot_method=finalized,growth_anchor=1,reporting_missingness=0,reporting_strength=0.5,ed_transform=logit,encoder=series_mlp,width=32,epochs=120,patience=15,covariate_encoder=summary,input_mode=scheduled_final,input_normalization=b0,evaluation_seasons=recent_two",43,corrected,six_target_native,2025-2026,1.362256602484497,series_mlp_damped_growth
"pilot_method=finalized,growth_anchor=1,reporting_missingness=0,reporting_strength=0.5,ed_transform=logit,encoder=series_mlp,width=32,epochs=120,patience=15,covariate_encoder=summary,input_mode=scheduled_final,input_normalization=b0,evaluation_seasons=recent_two",43,corrected,six_target_native,equal_season_mean,1.3318473642621336,series_mlp_damped_growth
"pilot_method=finalized,growth_anchor=1,reporting_missingness=0,reporting_strength=0.5,ed_transform=logit,encoder=series_mlp,width=32,epochs=120,patience=15,covariate_encoder=summary,input_mode=scheduled_final,input_normalization=b0,evaluation_seasons=recent_two",43,corrected,flu_admissions_native,2024-2025,1.17684536120128,series_mlp_damped_growth
"pilot_method=finalized,growth_anchor=1,reporting_missingness=0,reporting_strength=0.5,ed_transform=logit,encoder=series_mlp,width=32,epochs=120,patience=15,covariate_encoder=summary,input_mode=scheduled_final,input_normalization=b0,evaluation_seasons=recent_two",43,corrected,flu_admissions_native,2025-2026,1.3984416256128405,series_mlp_damped_growth
"pilot_method=finalized,growth_anchor=1,reporting_missingness=0,reporting_strength=0.5,ed_transform=logit,encoder=series_mlp,width=32,epochs=120,patience=15,covariate_encoder=summary,input_mode=scheduled_final,input_normalization=b0,evaluation_seasons=recent_two",43,corrected,flu_admissions_native,equal_season_mean,1.2876434934070602,series_mlp_damped_growth
"pilot_method=finalized,growth_anchor=1,reporting_missingness=0,reporting_strength=0.5,ed_transform=logit,encoder=series_mlp,width=32,epochs=120,patience=15,covariate_encoder=summary,input_mode=scheduled_final,input_normalization=b0,evaluation_seasons=recent_two",43,corrected,flu_admissions_log,2024-2025,2.272484207970887,series_mlp_damped_growth
"pilot_method=finalized,growth_anchor=1,reporting_missingness=0,reporting_strength=0.5,ed_transform=logit,encoder=series_mlp,width=32,epochs=120,patience=15,covariate_encoder=summary,input_mode=scheduled_final,input_normalization=b0,evaluation_seasons=recent_two",43,corrected,flu_admissions_log,2025-2026,3.258474246476896,series_mlp_damped_growth
"pilot_method=finalized,growth_anchor=1,reporting_missingness=0,reporting_strength=0.5,ed_transform=logit,encoder=series_mlp,width=32,epochs=120,patience=15,covariate_encoder=summary,input_mode=scheduled_final,input_normalization=b0,evaluation_seasons=recent_two",43,corrected,flu_admissions_log,equal_season_mean,2.7654792272238913,series_mlp_damped_growth
"pilot_method=finalized,growth_anchor=1,reporting_missingness=0,reporting_strength=0.5,ed_transform=logit,encoder=series_mlp,width=32,epochs=120,patience=15,covariate_encoder=summary,input_mode=scheduled_final,input_normalization=b0,evaluation_seasons=recent_two",43,half,six_target_native,2024-2025,1.3362536439390251,series_mlp_damped_growth
"pilot_method=finalized,growth_anchor=1,reporting_missingness=0,reporting_strength=0.5,ed_transform=logit,encoder=series_mlp,width=32,epochs=120,patience=15,covariate_encoder=summary,input_mode=scheduled_final,input_normalization=b0,evaluation_seasons=recent_two",43,half,six_target_native,2025-2026,1.3762452397504803,series_mlp_damped_growth
"pilot_method=finalized,growth_anchor=1,reporting_missingness=0,reporting_strength=0.5,ed_transform=logit,encoder=series_mlp,width=32,epochs=120,patience=15,covariate_encoder=summary,input_mode=scheduled_final,input_normalization=b0,evaluation_seasons=recent_two",43,half,six_target_native,equal_season_mean,1.3562494418447528,series_mlp_damped_growth
"pilot_method=finalized,growth_anchor=1,reporting_missingness=0,reporting_strength=0.5,ed_transform=logit,encoder=series_mlp,width=32,epochs=120,patience=15,covariate_encoder=summary,input_mode=scheduled_final,input_normalization=b0,evaluation_seasons=recent_two",43,half,flu_admissions_native,2024-2025,1.1991367441601977,series_mlp_damped_growth
"pilot_method=finalized,growth_anchor=1,reporting_missingness=0,reporting_strength=0.5,ed_transform=logit,encoder=series_mlp,width=32,epochs=120,patience=15,covariate_encoder=summary,input_mode=scheduled_final,input_normalization=b0,evaluation_seasons=recent_two",43,half,flu_admissions_native,2025-2026,1.4067359660080243,series_mlp_damped_growth
"pilot_method=finalized,growth_anchor=1,reporting_missingness=0,reporting_strength=0.5,ed_transform=logit,encoder=series_mlp,width=32,epochs=120,patience=15,covariate_encoder=summary,input_mode=scheduled_final,input_normalization=b0,evaluation_seasons=recent_two",43,half,flu_admissions_native,equal_season_mean,1.302936355084111,series_mlp_damped_growth
"pilot_method=finalized,growth_anchor=1,reporting_missingness=0,reporting_strength=0.5,ed_transform=logit,encoder=series_mlp,width=32,epochs=120,patience=15,covariate_encoder=summary,input_mode=scheduled_final,input_normalization=b0,evaluation_seasons=recent_two",43,half,flu_admissions_log,2024-2025,2.327933505043525,series_mlp_damped_growth
"pilot_method=finalized,growth_anchor=1,reporting_missingness=0,reporting_strength=0.5,ed_transform=logit,encoder=series_mlp,width=32,epochs=120,patience=15,covariate_encoder=summary,input_mode=scheduled_final,input_normalization=b0,evaluation_seasons=recent_two",43,half,flu_admissions_log,2025-2026,3.3756827434894343,series_mlp_damped_growth
"pilot_method=finalized,growth_anchor=1,reporting_missingness=0,reporting_strength=0.5,ed_transform=logit,encoder=series_mlp,width=32,epochs=120,patience=15,covariate_encoder=summary,input_mode=scheduled_final,input_normalization=b0,evaluation_seasons=recent_two",43,half,flu_admissions_log,equal_season_mean,2.85180812426648,series_mlp_damped_growth
"pilot_method=finalized,growth_anchor=1,reporting_missingness=0,reporting_strength=0.5,ed_transform=logit,encoder=series_mlp,width=32,epochs=120,patience=15,covariate_encoder=summary,input_mode=scheduled_final,input_normalization=b0,evaluation_seasons=recent_two",43,raw,six_target_native,2024-2025,1.3794760111596187,series_mlp_damped_growth
"pilot_method=finalized,growth_anchor=1,reporting_missingness=0,reporting_strength=0.5,ed_transform=logit,encoder=series_mlp,width=32,epochs=120,patience=15,covariate_encoder=summary,input_mode=scheduled_final,input_normalization=b0,evaluation_seasons=recent_two",43,raw,six_target_native,2025-2026,1.3980721064938049,series_mlp_damped_growth
"pilot_method=finalized,growth_anchor=1,reporting_missingness=0,reporting_strength=0.5,ed_transform=logit,encoder=series_mlp,width=32,epochs=120,patience=15,covariate_encoder=summary,input_mode=scheduled_final,input_normalization=b0,evaluation_seasons=recent_two",43,raw,six_target_native,equal_season_mean,1.3887740588267117,series_mlp_damped_growth
"pilot_method=finalized,growth_anchor=1,reporting_missingness=0,reporting_strength=0.5,ed_transform=logit,encoder=series_mlp,width=32,epochs=120,patience=15,covariate_encoder=summary,input_mode=scheduled_final,input_normalization=b0,evaluation_seasons=recent_two",43,raw,flu_admissions_native,2024-2025,1.2263980771339298,series_mlp_damped_growth
"pilot_method=finalized,growth_anchor=1,reporting_missingness=0,reporting_strength=0.5,ed_transform=logit,encoder=series_mlp,width=32,epochs=120,patience=15,covariate_encoder=summary,input_mode=scheduled_final,input_normalization=b0,evaluation_seasons=recent_two",43,raw,flu_admissions_native,2025-2026,1.4227645407959928,series_mlp_damped_growth
"pilot_method=finalized,growth_anchor=1,reporting_missingness=0,reporting_strength=0.5,ed_transform=logit,encoder=series_mlp,width=32,epochs=120,patience=15,covariate_encoder=summary,input_mode=scheduled_final,input_normalization=b0,evaluation_seasons=recent_two",43,raw,flu_admissions_native,equal_season_mean,1.3245813089649614,series_mlp_damped_growth
"pilot_method=finalized,growth_anchor=1,reporting_missingness=0,reporting_strength=0.5,ed_transform=logit,encoder=series_mlp,width=32,epochs=120,patience=15,covariate_encoder=summary,input_mode=scheduled_final,input_normalization=b0,evaluation_seasons=recent_two",43,raw,flu_admissions_log,2024-2025,2.4419492084355023,series_mlp_damped_growth
"pilot_method=finalized,growth_anchor=1,reporting_missingness=0,reporting_strength=0.5,ed_transform=logit,encoder=series_mlp,width=32,epochs=120,patience=15,covariate_encoder=summary,input_mode=scheduled_final,input_normalization=b0,evaluation_seasons=recent_two",43,raw,flu_admissions_log,2025-2026,3.605604826675868,series_mlp_damped_growth
"pilot_method=finalized,growth_anchor=1,reporting_missingness=0,reporting_strength=0.5,ed_transform=logit,encoder=series_mlp,width=32,epochs=120,patience=15,covariate_encoder=summary,input_mode=scheduled_final,input_normalization=b0,evaluation_seasons=recent_two",43,raw,flu_admissions_log,equal_season_mean,3.0237770175556853,series_mlp_damped_growth
"pilot_method=finalized,ili_training=joint,reporting_missingness=0,reporting_strength=0.5,ed_transform=logit,encoder=series_mixer,width=32,epochs=120,patience=15,covariate_encoder=summary,input_mode=scheduled_final,input_normalization=b0,evaluation_seasons=recent_two",42,corrected,six_target_native,2024-2025,1.2466357154566894,series_mixer_ili_joint
"pilot_method=finalized,ili_training=joint,reporting_missingness=0,reporting_strength=0.5,ed_transform=logit,encoder=series_mixer,width=32,epochs=120,patience=15,covariate_encoder=summary,input_mode=scheduled_final,input_normalization=b0,evaluation_seasons=recent_two",42,corrected,six_target_native,2025-2026,1.1030356617713972,series_mixer_ili_joint
"pilot_method=finalized,ili_training=joint,reporting_missingness=0,reporting_strength=0.5,ed_transform=logit,encoder=series_mixer,width=32,epochs=120,patience=15,covariate_encoder=summary,input_mode=scheduled_final,input_normalization=b0,evaluation_seasons=recent_two",42,corrected,six_target_native,equal_season_mean,1.1748356886140434,series_mixer_ili_joint
"pilot_method=finalized,ili_training=joint,reporting_missingness=0,reporting_strength=0.5,ed_transform=logit,encoder=series_mixer,width=32,epochs=120,patience=15,covariate_encoder=summary,input_mode=scheduled_final,input_normalization=b0,evaluation_seasons=recent_two",42,corrected,flu_admissions_native,2024-2025,1.2093289929308637,series_mixer_ili_joint
"pilot_method=finalized,ili_training=joint,reporting_missingness=0,reporting_strength=0.5,ed_transform=logit,encoder=series_mixer,width=32,epochs=120,patience=15,covariate_encoder=summary,input_mode=scheduled_final,input_normalization=b0,evaluation_seasons=recent_two",42,corrected,flu_admissions_native,2025-2026,1.1436569592966035,series_mixer_ili_joint
"pilot_method=finalized,ili_training=joint,reporting_missingness=0,reporting_strength=0.5,ed_transform=logit,encoder=series_mixer,width=32,epochs=120,patience=15,covariate_encoder=summary,input_mode=scheduled_final,input_normalization=b0,evaluation_seasons=recent_two",42,corrected,flu_admissions_native,equal_season_mean,1.1764929761137335,series_mixer_ili_joint
"pilot_method=finalized,ili_training=joint,reporting_missingness=0,reporting_strength=0.5,ed_transform=logit,encoder=series_mixer,width=32,epochs=120,patience=15,covariate_encoder=summary,input_mode=scheduled_final,input_normalization=b0,evaluation_seasons=recent_two",42,corrected,flu_admissions_log,2024-2025,1.620460524823096,series_mixer_ili_joint
"pilot_method=finalized,ili_training=joint,reporting_missingness=0,reporting_strength=0.5,ed_transform=logit,encoder=series_mixer,width=32,epochs=120,patience=15,covariate_encoder=summary,input_mode=scheduled_final,input_normalization=b0,evaluation_seasons=recent_two",42,corrected,flu_admissions_log,2025-2026,1.43584767677538,series_mixer_ili_joint
"pilot_method=finalized,ili_training=joint,reporting_missingness=0,reporting_strength=0.5,ed_transform=logit,encoder=series_mixer,width=32,epochs=120,patience=15,covariate_encoder=summary,input_mode=scheduled_final,input_normalization=b0,evaluation_seasons=recent_two",42,corrected,flu_admissions_log,equal_season_mean,1.528154100799238,series_mixer_ili_joint
"pilot_method=finalized,ili_training=joint,reporting_missingness=0,reporting_strength=0.5,ed_transform=logit,encoder=series_mixer,width=32,epochs=120,patience=15,covariate_encoder=summary,input_mode=scheduled_final,input_normalization=b0,evaluation_seasons=recent_two",42,half,six_target_native,2024-2025,1.2699236413555215,series_mixer_ili_joint
"pilot_method=finalized,ili_training=joint,reporting_missingness=0,reporting_strength=0.5,ed_transform=logit,encoder=series_mixer,width=32,epochs=120,patience=15,covariate_encoder=summary,input_mode=scheduled_final,input_normalization=b0,evaluation_seasons=recent_two",42,half,six_target_native,2025-2026,1.1115027901274606,series_mixer_ili_joint
"pilot_method=finalized,ili_training=joint,reporting_missingness=0,reporting_strength=0.5,ed_transform=logit,encoder=series_mixer,width=32,epochs=120,patience=15,covariate_encoder=summary,input_mode=scheduled_final,input_normalization=b0,evaluation_seasons=recent_two",42,half,six_target_native,equal_season_mean,1.190713215741491,series_mixer_ili_joint
"pilot_method=finalized,ili_training=joint,reporting_missingness=0,reporting_strength=0.5,ed_transform=logit,encoder=series_mixer,width=32,epochs=120,patience=15,covariate_encoder=summary,input_mode=scheduled_final,input_normalization=b0,evaluation_seasons=recent_two",42,half,flu_admissions_native,2024-2025,1.2212355425491184,series_mixer_ili_joint
"pilot_method=finalized,ili_training=joint,reporting_missingness=0,reporting_strength=0.5,ed_transform=logit,encoder=series_mixer,width=32,epochs=120,patience=15,covariate_encoder=summary,input_mode=scheduled_final,input_normalization=b0,evaluation_seasons=recent_two",42,half,flu_admissions_native,2025-2026,1.1398796569505043,series_mixer_ili_joint
"pilot_method=finalized,ili_training=joint,reporting_missingness=0,reporting_strength=0.5,ed_transform=logit,encoder=series_mixer,width=32,epochs=120,patience=15,covariate_encoder=summary,input_mode=scheduled_final,input_normalization=b0,evaluation_seasons=recent_two",42,half,flu_admissions_native,equal_season_mean,1.1805575997498114,series_mixer_ili_joint
"pilot_method=finalized,ili_training=joint,reporting_missingness=0,reporting_strength=0.5,ed_transform=logit,encoder=series_mixer,width=32,epochs=120,patience=15,covariate_encoder=summary,input_mode=scheduled_final,input_normalization=b0,evaluation_seasons=recent_two",42,half,flu_admissions_log,2024-2025,1.6551006212619634,series_mixer_ili_joint
"pilot_method=finalized,ili_training=joint,reporting_missingness=0,reporting_strength=0.5,ed_transform=logit,encoder=series_mixer,width=32,epochs=120,patience=15,covariate_encoder=summary,input_mode=scheduled_final,input_normalization=b0,evaluation_seasons=recent_two",42,half,flu_admissions_log,2025-2026,1.4692809623194183,series_mixer_ili_joint
"pilot_method=finalized,ili_training=joint,reporting_missingness=0,reporting_strength=0.5,ed_transform=logit,encoder=series_mixer,width=32,epochs=120,patience=15,covariate_encoder=summary,input_mode=scheduled_final,input_normalization=b0,evaluation_seasons=recent_two",42,half,flu_admissions_log,equal_season_mean,1.562190791790691,series_mixer_ili_joint
"pilot_method=finalized,ili_training=joint,reporting_missingness=0,reporting_strength=0.5,ed_transform=logit,encoder=series_mixer,width=32,epochs=120,patience=15,covariate_encoder=summary,input_mode=scheduled_final,input_normalization=b0,evaluation_seasons=recent_two",42,raw,six_target_native,2024-2025,1.30121940558152,series_mixer_ili_joint
"pilot_method=finalized,ili_training=joint,reporting_missingness=0,reporting_strength=0.5,ed_transform=logit,encoder=series_mixer,width=32,epochs=120,patience=15,covariate_encoder=summary,input_mode=scheduled_final,input_normalization=b0,evaluation_seasons=recent_two",42,raw,six_target_native,2025-2026,1.1267804808723527,series_mixer_ili_joint
"pilot_method=finalized,ili_training=joint,reporting_missingness=0,reporting_strength=0.5,ed_transform=logit,encoder=series_mixer,width=32,epochs=120,patience=15,covariate_encoder=summary,input_mode=scheduled_final,input_normalization=b0,evaluation_seasons=recent_two",42,raw,six_target_native,equal_season_mean,1.2139999432269364,series_mixer_ili_joint
"pilot_method=finalized,ili_training=joint,reporting_missingness=0,reporting_strength=0.5,ed_transform=logit,encoder=series_mixer,width=32,epochs=120,patience=15,covariate_encoder=summary,input_mode=scheduled_final,input_normalization=b0,evaluation_seasons=recent_two",42,raw,flu_admissions_native,2024-2025,1.2384230859493532,series_mixer_ili_joint
"pilot_method=finalized,ili_training=joint,reporting_missingness=0,reporting_strength=0.5,ed_transform=logit,encoder=series_mixer,width=32,epochs=120,patience=15,covariate_encoder=summary,input_mode=scheduled_final,input_normalization=b0,evaluation_seasons=recent_two",42,raw,flu_admissions_native,2025-2026,1.1409228711804085,series_mixer_ili_joint
"pilot_method=finalized,ili_training=joint,reporting_missingness=0,reporting_strength=0.5,ed_transform=logit,encoder=series_mixer,width=32,epochs=120,patience=15,covariate_encoder=summary,input_mode=scheduled_final,input_normalization=b0,evaluation_seasons=recent_two",42,raw,flu_admissions_native,equal_season_mean,1.189672978564881,series_mixer_ili_joint
"pilot_method=finalized,ili_training=joint,reporting_missingness=0,reporting_strength=0.5,ed_transform=logit,encoder=series_mixer,width=32,epochs=120,patience=15,covariate_encoder=summary,input_mode=scheduled_final,input_normalization=b0,evaluation_seasons=recent_two",42,raw,flu_admissions_log,2024-2025,1.7186288630408646,series_mixer_ili_joint
"pilot_method=finalized,ili_training=joint,reporting_missingness=0,reporting_strength=0.5,ed_transform=logit,encoder=series_mixer,width=32,epochs=120,patience=15,covariate_encoder=summary,input_mode=scheduled_final,input_normalization=b0,evaluation_seasons=recent_two",42,raw,flu_admissions_log,2025-2026,1.5272858685571216,series_mixer_ili_joint
"pilot_method=finalized,ili_training=joint,reporting_missingness=0,reporting_strength=0.5,ed_transform=logit,encoder=series_mixer,width=32,epochs=120,patience=15,covariate_encoder=summary,input_mode=scheduled_final,input_normalization=b0,evaluation_seasons=recent_two",42,raw,flu_admissions_log,equal_season_mean,1.622957365798993,series_mixer_ili_joint
"pilot_method=finalized,ili_training=joint,reporting_missingness=0,reporting_strength=0.5,ed_transform=logit,encoder=series_mixer,width=32,epochs=120,patience=15,covariate_encoder=summary,input_mode=scheduled_final,input_normalization=b0,evaluation_seasons=recent_two",43,corrected,six_target_native,2024-2025,1.3526885756252989,series_mixer_ili_joint
"pilot_method=finalized,ili_training=joint,reporting_missingness=0,reporting_strength=0.5,ed_transform=logit,encoder=series_mixer,width=32,epochs=120,patience=15,covariate_encoder=summary,input_mode=scheduled_final,input_normalization=b0,evaluation_seasons=recent_two",43,corrected,six_target_native,2025-2026,1.2281311142407778,series_mixer_ili_joint
"pilot_method=finalized,ili_training=joint,reporting_missingness=0,reporting_strength=0.5,ed_transform=logit,encoder=series_mixer,width=32,epochs=120,patience=15,covariate_encoder=summary,input_mode=scheduled_final,input_normalization=b0,evaluation_seasons=recent_two",43,corrected,six_target_native,equal_season_mean,1.290409844933038,series_mixer_ili_joint
"pilot_method=finalized,ili_training=joint,reporting_missingness=0,reporting_strength=0.5,ed_transform=logit,encoder=series_mixer,width=32,epochs=120,patience=15,covariate_encoder=summary,input_mode=scheduled_final,input_normalization=b0,evaluation_seasons=recent_two",43,corrected,flu_admissions_native,2024-2025,1.3380878393881028,series_mixer_ili_joint
"pilot_method=finalized,ili_training=joint,reporting_missingness=0,reporting_strength=0.5,ed_transform=logit,encoder=series_mixer,width=32,epochs=120,patience=15,covariate_encoder=summary,input_mode=scheduled_final,input_normalization=b0,evaluation_seasons=recent_two",43,corrected,flu_admissions_native,2025-2026,1.256494654746784,series_mixer_ili_joint
"pilot_method=finalized,ili_training=joint,reporting_missingness=0,reporting_strength=0.5,ed_transform=logit,encoder=series_mixer,width=32,epochs=120,patience=15,covariate_encoder=summary,input_mode=scheduled_final,input_normalization=b0,evaluation_seasons=recent_two",43,corrected,flu_admissions_native,equal_season_mean,1.2972912470674434,series_mixer_ili_joint
"pilot_method=finalized,ili_training=joint,reporting_missingness=0,reporting_strength=0.5,ed_transform=logit,encoder=series_mixer,width=32,epochs=120,patience=15,covariate_encoder=summary,input_mode=scheduled_final,input_normalization=b0,evaluation_seasons=recent_two",43,corrected,flu_admissions_log,2024-2025,2.6032237970947105,series_mixer_ili_joint
"pilot_method=finalized,ili_training=joint,reporting_missingness=0,reporting_strength=0.5,ed_transform=logit,encoder=series_mixer,width=32,epochs=120,patience=15,covariate_encoder=summary,input_mode=scheduled_final,input_normalization=b0,evaluation_seasons=recent_two",43,corrected,flu_admissions_log,2025-2026,2.2513538265152637,series_mixer_ili_joint
"pilot_method=finalized,ili_training=joint,reporting_missingness=0,reporting_strength=0.5,ed_transform=logit,encoder=series_mixer,width=32,epochs=120,patience=15,covariate_encoder=summary,input_mode=scheduled_final,input_normalization=b0,evaluation_seasons=recent_two",43,corrected,flu_admissions_log,equal_season_mean,2.427288811804987,series_mixer_ili_joint
"pilot_method=finalized,ili_training=joint,reporting_missingness=0,reporting_strength=0.5,ed_transform=logit,encoder=series_mixer,width=32,epochs=120,patience=15,covariate_encoder=summary,input_mode=scheduled_final,input_normalization=b0,evaluation_seasons=recent_two",43,half,six_target_native,2024-2025,1.377685486258939,series_mixer_ili_joint
"pilot_method=finalized,ili_training=joint,reporting_missingness=0,reporting_strength=0.5,ed_transform=logit,encoder=series_mixer,width=32,epochs=120,patience=15,covariate_encoder=summary,input_mode=scheduled_final,input_normalization=b0,evaluation_seasons=recent_two",43,half,six_target_native,2025-2026,1.2412524367508495,series_mixer_ili_joint
"pilot_method=finalized,ili_training=joint,reporting_missingness=0,reporting_strength=0.5,ed_transform=logit,encoder=series_mixer,width=32,epochs=120,patience=15,covariate_encoder=summary,input_mode=scheduled_final,input_normalization=b0,evaluation_seasons=recent_two",43,half,six_target_native,equal_season_mean,1.3094689615048942,series_mixer_ili_joint
"pilot_method=finalized,ili_training=joint,reporting_missingness=0,reporting_strength=0.5,ed_transform=logit,encoder=series_mixer,width=32,epochs=120,patience=15,covariate_encoder=summary,input_mode=scheduled_final,input_normalization=b0,evaluation_seasons=recent_two",43,half,flu_admissions_native,2024-2025,1.346765724460013,series_mixer_ili_joint
"pilot_method=finalized,ili_training=joint,reporting_missingness=0,reporting_strength=0.5,ed_transform=logit,encoder=series_mixer,width=32,epochs=120,patience=15,covariate_encoder=summary,input_mode=scheduled_final,input_normalization=b0,evaluation_seasons=recent_two",43,half,flu_admissions_native,2025-2026,1.2699169804265673,series_mixer_ili_joint
"pilot_method=finalized,ili_training=joint,reporting_missingness=0,reporting_strength=0.5,ed_transform=logit,encoder=series_mixer,width=32,epochs=120,patience=15,covariate_encoder=summary,input_mode=scheduled_final,input_normalization=b0,evaluation_seasons=recent_two",43,half,flu_admissions_native,equal_season_mean,1.30834135244329,series_mixer_ili_joint
"pilot_method=finalized,ili_training=joint,reporting_missingness=0,reporting_strength=0.5,ed_transform=logit,encoder=series_mixer,width=32,epochs=120,patience=15,covariate_encoder=summary,input_mode=scheduled_final,input_normalization=b0,evaluation_seasons=recent_two",43,half,flu_admissions_log,2024-2025,2.6418659895627927,series_mixer_ili_joint
"pilot_method=finalized,ili_training=joint,reporting_missingness=0,reporting_strength=0.5,ed_transform=logit,encoder=series_mixer,width=32,epochs=120,patience=15,covariate_encoder=summary,input_mode=scheduled_final,input_normalization=b0,evaluation_seasons=recent_two",43,half,flu_admissions_log,2025-2026,2.327418255451238,series_mixer_ili_joint
"pilot_method=finalized,ili_training=joint,reporting_missingness=0,reporting_strength=0.5,ed_transform=logit,encoder=series_mixer,width=32,epochs=120,patience=15,covariate_encoder=summary,input_mode=scheduled_final,input_normalization=b0,evaluation_seasons=recent_two",43,half,flu_admissions_log,equal_season_mean,2.484642122507015,series_mixer_ili_joint
"pilot_method=finalized,ili_training=joint,reporting_missingness=0,reporting_strength=0.5,ed_transform=logit,encoder=series_mixer,width=32,epochs=120,patience=15,covariate_encoder=summary,input_mode=scheduled_final,input_normalization=b0,evaluation_seasons=recent_two",43,raw,six_target_native,2024-2025,1.4112547072655692,series_mixer_ili_joint
"pilot_method=finalized,ili_training=joint,reporting_missingness=0,reporting_strength=0.5,ed_transform=logit,encoder=series_mixer,width=32,epochs=120,patience=15,covariate_encoder=summary,input_mode=scheduled_final,input_normalization=b0,evaluation_seasons=recent_two",43,raw,six_target_native,2025-2026,1.2609848333001206,series_mixer_ili_joint
"pilot_method=finalized,ili_training=joint,reporting_missingness=0,reporting_strength=0.5,ed_transform=logit,encoder=series_mixer,width=32,epochs=120,patience=15,covariate_encoder=summary,input_mode=scheduled_final,input_normalization=b0,evaluation_seasons=recent_two",43,raw,six_target_native,equal_season_mean,1.336119770282845,series_mixer_ili_joint
"pilot_method=finalized,ili_training=joint,reporting_missingness=0,reporting_strength=0.5,ed_transform=logit,encoder=series_mixer,width=32,epochs=120,patience=15,covariate_encoder=summary,input_mode=scheduled_final,input_normalization=b0,evaluation_seasons=recent_two",43,raw,flu_admissions_native,2024-2025,1.3608313738412356,series_mixer_ili_joint
"pilot_method=finalized,ili_training=joint,reporting_missingness=0,reporting_strength=0.5,ed_transform=logit,encoder=series_mixer,width=32,epochs=120,patience=15,covariate_encoder=summary,input_mode=scheduled_final,input_normalization=b0,evaluation_seasons=recent_two",43,raw,flu_admissions_native,2025-2026,1.2880677273426329,series_mixer_ili_joint
"pilot_method=finalized,ili_training=joint,reporting_missingness=0,reporting_strength=0.5,ed_transform=logit,encoder=series_mixer,width=32,epochs=120,patience=15,covariate_encoder=summary,input_mode=scheduled_final,input_normalization=b0,evaluation_seasons=recent_two",43,raw,flu_admissions_native,equal_season_mean,1.3244495505919345,series_mixer_ili_joint
"pilot_method=finalized,ili_training=joint,reporting_missingness=0,reporting_strength=0.5,ed_transform=logit,encoder=series_mixer,width=32,epochs=120,patience=15,covariate_encoder=summary,input_mode=scheduled_final,input_normalization=b0,evaluation_seasons=recent_two",43,raw,flu_admissions_log,2024-2025,2.7262435886600724,series_mixer_ili_joint
"pilot_method=finalized,ili_training=joint,reporting_missingness=0,reporting_strength=0.5,ed_transform=logit,encoder=series_mixer,width=32,epochs=120,patience=15,covariate_encoder=summary,input_mode=scheduled_final,input_normalization=b0,evaluation_seasons=recent_two",43,raw,flu_admissions_log,2025-2026,2.463477964344412,series_mixer_ili_joint
"pilot_method=finalized,ili_training=joint,reporting_missingness=0,reporting_strength=0.5,ed_transform=logit,encoder=series_mixer,width=32,epochs=120,patience=15,covariate_encoder=summary,input_mode=scheduled_final,input_normalization=b0,evaluation_seasons=recent_two",43,raw,flu_admissions_log,equal_season_mean,2.5948607765022422,series_mixer_ili_joint
"pilot_method=finalized,ili_training=joint,reporting_missingness=0,reporting_strength=0.5,ed_transform=logit,encoder=series_mlp,width=32,epochs=120,patience=15,covariate_encoder=summary,input_mode=scheduled_final,input_normalization=b0,evaluation_seasons=recent_two",42,corrected,six_target_native,2024-2025,1.270917729999752,series_mlp_ili_joint
"pilot_method=finalized,ili_training=joint,reporting_missingness=0,reporting_strength=0.5,ed_transform=logit,encoder=series_mlp,width=32,epochs=120,patience=15,covariate_encoder=summary,input_mode=scheduled_final,input_normalization=b0,evaluation_seasons=recent_two",42,corrected,six_target_native,2025-2026,1.0978980423271705,series_mlp_ili_joint
"pilot_method=finalized,ili_training=joint,reporting_missingness=0,reporting_strength=0.5,ed_transform=logit,encoder=series_mlp,width=32,epochs=120,patience=15,covariate_encoder=summary,input_mode=scheduled_final,input_normalization=b0,evaluation_seasons=recent_two",42,corrected,six_target_native,equal_season_mean,1.184407886163461,series_mlp_ili_joint
"pilot_method=finalized,ili_training=joint,reporting_missingness=0,reporting_strength=0.5,ed_transform=logit,encoder=series_mlp,width=32,epochs=120,patience=15,covariate_encoder=summary,input_mode=scheduled_final,input_normalization=b0,evaluation_seasons=recent_two",42,corrected,flu_admissions_native,2024-2025,1.1953352057307065,series_mlp_ili_joint
"pilot_method=finalized,ili_training=joint,reporting_missingness=0,reporting_strength=0.5,ed_transform=logit,encoder=series_mlp,width=32,epochs=120,patience=15,covariate_encoder=summary,input_mode=scheduled_final,input_normalization=b0,evaluation_seasons=recent_two",42,corrected,flu_admissions_native,2025-2026,1.0845537691186564,series_mlp_ili_joint
"pilot_method=finalized,ili_training=joint,reporting_missingness=0,reporting_strength=0.5,ed_transform=logit,encoder=series_mlp,width=32,epochs=120,patience=15,covariate_encoder=summary,input_mode=scheduled_final,input_normalization=b0,evaluation_seasons=recent_two",42,corrected,flu_admissions_native,equal_season_mean,1.1399444874246814,series_mlp_ili_joint
"pilot_method=finalized,ili_training=joint,reporting_missingness=0,reporting_strength=0.5,ed_transform=logit,encoder=series_mlp,width=32,epochs=120,patience=15,covariate_encoder=summary,input_mode=scheduled_final,input_normalization=b0,evaluation_seasons=recent_two",42,corrected,flu_admissions_log,2024-2025,1.5539213806955183,series_mlp_ili_joint
"pilot_method=finalized,ili_training=joint,reporting_missingness=0,reporting_strength=0.5,ed_transform=logit,encoder=series_mlp,width=32,epochs=120,patience=15,covariate_encoder=summary,input_mode=scheduled_final,input_normalization=b0,evaluation_seasons=recent_two",42,corrected,flu_admissions_log,2025-2026,1.3770515559592382,series_mlp_ili_joint
"pilot_method=finalized,ili_training=joint,reporting_missingness=0,reporting_strength=0.5,ed_transform=logit,encoder=series_mlp,width=32,epochs=120,patience=15,covariate_encoder=summary,input_mode=scheduled_final,input_normalization=b0,evaluation_seasons=recent_two",42,corrected,flu_admissions_log,equal_season_mean,1.4654864683273785,series_mlp_ili_joint
"pilot_method=finalized,ili_training=joint,reporting_missingness=0,reporting_strength=0.5,ed_transform=logit,encoder=series_mlp,width=32,epochs=120,patience=15,covariate_encoder=summary,input_mode=scheduled_final,input_normalization=b0,evaluation_seasons=recent_two",42,half,six_target_native,2024-2025,1.2915634852178943,series_mlp_ili_joint
"pilot_method=finalized,ili_training=joint,reporting_missingness=0,reporting_strength=0.5,ed_transform=logit,encoder=series_mlp,width=32,epochs=120,patience=15,covariate_encoder=summary,input_mode=scheduled_final,input_normalization=b0,evaluation_seasons=recent_two",42,half,six_target_native,2025-2026,1.1075603900801287,series_mlp_ili_joint
"pilot_method=finalized,ili_training=joint,reporting_missingness=0,reporting_strength=0.5,ed_transform=logit,encoder=series_mlp,width=32,epochs=120,patience=15,covariate_encoder=summary,input_mode=scheduled_final,input_normalization=b0,evaluation_seasons=recent_two",42,half,six_target_native,equal_season_mean,1.1995619376490116,series_mlp_ili_joint
"pilot_method=finalized,ili_training=joint,reporting_missingness=0,reporting_strength=0.5,ed_transform=logit,encoder=series_mlp,width=32,epochs=120,patience=15,covariate_encoder=summary,input_mode=scheduled_final,input_normalization=b0,evaluation_seasons=recent_two",42,half,flu_admissions_native,2024-2025,1.2023910069143062,series_mlp_ili_joint
"pilot_method=finalized,ili_training=joint,reporting_missingness=0,reporting_strength=0.5,ed_transform=logit,encoder=series_mlp,width=32,epochs=120,patience=15,covariate_encoder=summary,input_mode=scheduled_final,input_normalization=b0,evaluation_seasons=recent_two",42,half,flu_admissions_native,2025-2026,1.0856525102572645,series_mlp_ili_joint
"pilot_method=finalized,ili_training=joint,reporting_missingness=0,reporting_strength=0.5,ed_transform=logit,encoder=series_mlp,width=32,epochs=120,patience=15,covariate_encoder=summary,input_mode=scheduled_final,input_normalization=b0,evaluation_seasons=recent_two",42,half,flu_admissions_native,equal_season_mean,1.1440217585857853,series_mlp_ili_joint
"pilot_method=finalized,ili_training=joint,reporting_missingness=0,reporting_strength=0.5,ed_transform=logit,encoder=series_mlp,width=32,epochs=120,patience=15,covariate_encoder=summary,input_mode=scheduled_final,input_normalization=b0,evaluation_seasons=recent_two",42,half,flu_admissions_log,2024-2025,1.587672311312302,series_mlp_ili_joint
"pilot_method=finalized,ili_training=joint,reporting_missingness=0,reporting_strength=0.5,ed_transform=logit,encoder=series_mlp,width=32,epochs=120,patience=15,covariate_encoder=summary,input_mode=scheduled_final,input_normalization=b0,evaluation_seasons=recent_two",42,half,flu_admissions_log,2025-2026,1.4126541905269878,series_mlp_ili_joint
"pilot_method=finalized,ili_training=joint,reporting_missingness=0,reporting_strength=0.5,ed_transform=logit,encoder=series_mlp,width=32,epochs=120,patience=15,covariate_encoder=summary,input_mode=scheduled_final,input_normalization=b0,evaluation_seasons=recent_two",42,half,flu_admissions_log,equal_season_mean,1.5001632509196448,series_mlp_ili_joint
"pilot_method=finalized,ili_training=joint,reporting_missingness=0,reporting_strength=0.5,ed_transform=logit,encoder=series_mlp,width=32,epochs=120,patience=15,covariate_encoder=summary,input_mode=scheduled_final,input_normalization=b0,evaluation_seasons=recent_two",42,raw,six_target_native,2024-2025,1.3206075024033663,series_mlp_ili_joint
"pilot_method=finalized,ili_training=joint,reporting_missingness=0,reporting_strength=0.5,ed_transform=logit,encoder=series_mlp,width=32,epochs=120,patience=15,covariate_encoder=summary,input_mode=scheduled_final,input_normalization=b0,evaluation_seasons=recent_two",42,raw,six_target_native,2025-2026,1.124393477637598,series_mlp_ili_joint
"pilot_method=finalized,ili_training=joint,reporting_missingness=0,reporting_strength=0.5,ed_transform=logit,encoder=series_mlp,width=32,epochs=120,patience=15,covariate_encoder=summary,input_mode=scheduled_final,input_normalization=b0,evaluation_seasons=recent_two",42,raw,six_target_native,equal_season_mean,1.222500490020482,series_mlp_ili_joint
"pilot_method=finalized,ili_training=joint,reporting_missingness=0,reporting_strength=0.5,ed_transform=logit,encoder=series_mlp,width=32,epochs=120,patience=15,covariate_encoder=summary,input_mode=scheduled_final,input_normalization=b0,evaluation_seasons=recent_two",42,raw,flu_admissions_native,2024-2025,1.2159337899018634,series_mlp_ili_joint
"pilot_method=finalized,ili_training=joint,reporting_missingness=0,reporting_strength=0.5,ed_transform=logit,encoder=series_mlp,width=32,epochs=120,patience=15,covariate_encoder=summary,input_mode=scheduled_final,input_normalization=b0,evaluation_seasons=recent_two",42,raw,flu_admissions_native,2025-2026,1.0922062447777394,series_mlp_ili_joint
"pilot_method=finalized,ili_training=joint,reporting_missingness=0,reporting_strength=0.5,ed_transform=logit,encoder=series_mlp,width=32,epochs=120,patience=15,covariate_encoder=summary,input_mode=scheduled_final,input_normalization=b0,evaluation_seasons=recent_two",42,raw,flu_admissions_native,equal_season_mean,1.1540700173398015,series_mlp_ili_joint
"pilot_method=finalized,ili_training=joint,reporting_missingness=0,reporting_strength=0.5,ed_transform=logit,encoder=series_mlp,width=32,epochs=120,patience=15,covariate_encoder=summary,input_mode=scheduled_final,input_normalization=b0,evaluation_seasons=recent_two",42,raw,flu_admissions_log,2024-2025,1.6535668536270285,series_mlp_ili_joint
"pilot_method=finalized,ili_training=joint,reporting_missingness=0,reporting_strength=0.5,ed_transform=logit,encoder=series_mlp,width=32,epochs=120,patience=15,covariate_encoder=summary,input_mode=scheduled_final,input_normalization=b0,evaluation_seasons=recent_two",42,raw,flu_admissions_log,2025-2026,1.473409921825461,series_mlp_ili_joint
"pilot_method=finalized,ili_training=joint,reporting_missingness=0,reporting_strength=0.5,ed_transform=logit,encoder=series_mlp,width=32,epochs=120,patience=15,covariate_encoder=summary,input_mode=scheduled_final,input_normalization=b0,evaluation_seasons=recent_two",42,raw,flu_admissions_log,equal_season_mean,1.5634883877262449,series_mlp_ili_joint
"pilot_method=finalized,ili_training=joint,reporting_missingness=0,reporting_strength=0.5,ed_transform=logit,encoder=series_mlp,width=32,epochs=120,patience=15,covariate_encoder=summary,input_mode=scheduled_final,input_normalization=b0,evaluation_seasons=recent_two",43,corrected,six_target_native,2024-2025,1.1915103016641615,series_mlp_ili_joint
"pilot_method=finalized,ili_training=joint,reporting_missingness=0,reporting_strength=0.5,ed_transform=logit,encoder=series_mlp,width=32,epochs=120,patience=15,covariate_encoder=summary,input_mode=scheduled_final,input_normalization=b0,evaluation_seasons=recent_two",43,corrected,six_target_native,2025-2026,1.1233529654856658,series_mlp_ili_joint
"pilot_method=finalized,ili_training=joint,reporting_missingness=0,reporting_strength=0.5,ed_transform=logit,encoder=series_mlp,width=32,epochs=120,patience=15,covariate_encoder=summary,input_mode=scheduled_final,input_normalization=b0,evaluation_seasons=recent_two",43,corrected,six_target_native,equal_season_mean,1.1574316335749135,series_mlp_ili_joint
"pilot_method=finalized,ili_training=joint,reporting_missingness=0,reporting_strength=0.5,ed_transform=logit,encoder=series_mlp,width=32,epochs=120,patience=15,covariate_encoder=summary,input_mode=scheduled_final,input_normalization=b0,evaluation_seasons=recent_two",43,corrected,flu_admissions_native,2024-2025,1.1034733663663918,series_mlp_ili_joint
"pilot_method=finalized,ili_training=joint,reporting_missingness=0,reporting_strength=0.5,ed_transform=logit,encoder=series_mlp,width=32,epochs=120,patience=15,covariate_encoder=summary,input_mode=scheduled_final,input_normalization=b0,evaluation_seasons=recent_two",43,corrected,flu_admissions_native,2025-2026,1.1224843657669574,series_mlp_ili_joint
"pilot_method=finalized,ili_training=joint,reporting_missingness=0,reporting_strength=0.5,ed_transform=logit,encoder=series_mlp,width=32,epochs=120,patience=15,covariate_encoder=summary,input_mode=scheduled_final,input_normalization=b0,evaluation_seasons=recent_two",43,corrected,flu_admissions_native,equal_season_mean,1.1129788660666746,series_mlp_ili_joint
"pilot_method=finalized,ili_training=joint,reporting_missingness=0,reporting_strength=0.5,ed_transform=logit,encoder=series_mlp,width=32,epochs=120,patience=15,covariate_encoder=summary,input_mode=scheduled_final,input_normalization=b0,evaluation_seasons=recent_two",43,corrected,flu_admissions_log,2024-2025,1.4359203462222037,series_mlp_ili_joint
"pilot_method=finalized,ili_training=joint,reporting_missingness=0,reporting_strength=0.5,ed_transform=logit,encoder=series_mlp,width=32,epochs=120,patience=15,covariate_encoder=summary,input_mode=scheduled_final,input_normalization=b0,evaluation_seasons=recent_two",43,corrected,flu_admissions_log,2025-2026,1.746545963959686,series_mlp_ili_joint
"pilot_method=finalized,ili_training=joint,reporting_missingness=0,reporting_strength=0.5,ed_transform=logit,encoder=series_mlp,width=32,epochs=120,patience=15,covariate_encoder=summary,input_mode=scheduled_final,input_normalization=b0,evaluation_seasons=recent_two",43,corrected,flu_admissions_log,equal_season_mean,1.5912331550909449,series_mlp_ili_joint
"pilot_method=finalized,ili_training=joint,reporting_missingness=0,reporting_strength=0.5,ed_transform=logit,encoder=series_mlp,width=32,epochs=120,patience=15,covariate_encoder=summary,input_mode=scheduled_final,input_normalization=b0,evaluation_seasons=recent_two",43,half,six_target_native,2024-2025,1.20780965151335,series_mlp_ili_joint
"pilot_method=finalized,ili_training=joint,reporting_missingness=0,reporting_strength=0.5,ed_transform=logit,encoder=series_mlp,width=32,epochs=120,patience=15,covariate_encoder=summary,input_mode=scheduled_final,input_normalization=b0,evaluation_seasons=recent_two",43,half,six_target_native,2025-2026,1.1316810696333894,series_mlp_ili_joint
"pilot_method=finalized,ili_training=joint,reporting_missingness=0,reporting_strength=0.5,ed_transform=logit,encoder=series_mlp,width=32,epochs=120,patience=15,covariate_encoder=summary,input_mode=scheduled_final,input_normalization=b0,evaluation_seasons=recent_two",43,half,six_target_native,equal_season_mean,1.1697453605733696,series_mlp_ili_joint
"pilot_method=finalized,ili_training=joint,reporting_missingness=0,reporting_strength=0.5,ed_transform=logit,encoder=series_mlp,width=32,epochs=120,patience=15,covariate_encoder=summary,input_mode=scheduled_final,input_normalization=b0,evaluation_seasons=recent_two",43,half,flu_admissions_native,2024-2025,1.105172058217737,series_mlp_ili_joint
"pilot_method=finalized,ili_training=joint,reporting_missingness=0,reporting_strength=0.5,ed_transform=logit,encoder=series_mlp,width=32,epochs=120,patience=15,covariate_encoder=summary,input_mode=scheduled_final,input_normalization=b0,evaluation_seasons=recent_two",43,half,flu_admissions_native,2025-2026,1.1255836751142647,series_mlp_ili_joint
"pilot_method=finalized,ili_training=joint,reporting_missingness=0,reporting_strength=0.5,ed_transform=logit,encoder=series_mlp,width=32,epochs=120,patience=15,covariate_encoder=summary,input_mode=scheduled_final,input_normalization=b0,evaluation_seasons=recent_two",43,half,flu_admissions_native,equal_season_mean,1.1153778666660008,series_mlp_ili_joint
"pilot_method=finalized,ili_training=joint,reporting_missingness=0,reporting_strength=0.5,ed_transform=logit,encoder=series_mlp,width=32,epochs=120,patience=15,covariate_encoder=summary,input_mode=scheduled_final,input_normalization=b0,evaluation_seasons=recent_two",43,half,flu_admissions_log,2024-2025,1.4585414671697532,series_mlp_ili_joint
"pilot_method=finalized,ili_training=joint,reporting_missingness=0,reporting_strength=0.5,ed_transform=logit,encoder=series_mlp,width=32,epochs=120,patience=15,covariate_encoder=summary,input_mode=scheduled_final,input_normalization=b0,evaluation_seasons=recent_two",43,half,flu_admissions_log,2025-2026,1.7993164679333105,series_mlp_ili_joint
"pilot_method=finalized,ili_training=joint,reporting_missingness=0,reporting_strength=0.5,ed_transform=logit,encoder=series_mlp,width=32,epochs=120,patience=15,covariate_encoder=summary,input_mode=scheduled_final,input_normalization=b0,evaluation_seasons=recent_two",43,half,flu_admissions_log,equal_season_mean,1.628928967551532,series_mlp_ili_joint
"pilot_method=finalized,ili_training=joint,reporting_missingness=0,reporting_strength=0.5,ed_transform=logit,encoder=series_mlp,width=32,epochs=120,patience=15,covariate_encoder=summary,input_mode=scheduled_final,input_normalization=b0,evaluation_seasons=recent_two",43,raw,six_target_native,2024-2025,1.2326001431299556,series_mlp_ili_joint
"pilot_method=finalized,ili_training=joint,reporting_missingness=0,reporting_strength=0.5,ed_transform=logit,encoder=series_mlp,width=32,epochs=120,patience=15,covariate_encoder=summary,input_mode=scheduled_final,input_normalization=b0,evaluation_seasons=recent_two",43,raw,six_target_native,2025-2026,1.1461377184012569,series_mlp_ili_joint
"pilot_method=finalized,ili_training=joint,reporting_missingness=0,reporting_strength=0.5,ed_transform=logit,encoder=series_mlp,width=32,epochs=120,patience=15,covariate_encoder=summary,input_mode=scheduled_final,input_normalization=b0,evaluation_seasons=recent_two",43,raw,six_target_native,equal_season_mean,1.1893689307656063,series_mlp_ili_joint
"pilot_method=finalized,ili_training=joint,reporting_missingness=0,reporting_strength=0.5,ed_transform=logit,encoder=series_mlp,width=32,epochs=120,patience=15,covariate_encoder=summary,input_mode=scheduled_final,input_normalization=b0,evaluation_seasons=recent_two",43,raw,flu_admissions_native,2024-2025,1.1135641598040955,series_mlp_ili_joint
"pilot_method=finalized,ili_training=joint,reporting_missingness=0,reporting_strength=0.5,ed_transform=logit,encoder=series_mlp,width=32,epochs=120,patience=15,covariate_encoder=summary,input_mode=scheduled_final,input_normalization=b0,evaluation_seasons=recent_two",43,raw,flu_admissions_native,2025-2026,1.133322102110026,series_mlp_ili_joint
"pilot_method=finalized,ili_training=joint,reporting_missingness=0,reporting_strength=0.5,ed_transform=logit,encoder=series_mlp,width=32,epochs=120,patience=15,covariate_encoder=summary,input_mode=scheduled_final,input_normalization=b0,evaluation_seasons=recent_two",43,raw,flu_admissions_native,equal_season_mean,1.1234431309570607,series_mlp_ili_joint
"pilot_method=finalized,ili_training=joint,reporting_missingness=0,reporting_strength=0.5,ed_transform=logit,encoder=series_mlp,width=32,epochs=120,patience=15,covariate_encoder=summary,input_mode=scheduled_final,input_normalization=b0,evaluation_seasons=recent_two",43,raw,flu_admissions_log,2024-2025,1.5087879268026136,series_mlp_ili_joint
"pilot_method=finalized,ili_training=joint,reporting_missingness=0,reporting_strength=0.5,ed_transform=logit,encoder=series_mlp,width=32,epochs=120,patience=15,covariate_encoder=summary,input_mode=scheduled_final,input_normalization=b0,evaluation_seasons=recent_two",43,raw,flu_admissions_log,2025-2026,1.893617074646878,series_mlp_ili_joint
"pilot_method=finalized,ili_training=joint,reporting_missingness=0,reporting_strength=0.5,ed_transform=logit,encoder=series_mlp,width=32,epochs=120,patience=15,covariate_encoder=summary,input_mode=scheduled_final,input_normalization=b0,evaluation_seasons=recent_two",43,raw,flu_admissions_log,equal_season_mean,1.701202500724746,series_mlp_ili_joint
"pilot_method=finalized,ili_training=pretrain,reporting_missingness=0,reporting_strength=0.5,ed_transform=logit,encoder=series_mixer,width=32,epochs=120,patience=15,covariate_encoder=summary,input_mode=scheduled_final,input_normalization=b0,evaluation_seasons=recent_two",42,corrected,six_target_native,2024-2025,1.1802019532970442,series_mixer_ili_pretrain
"pilot_method=finalized,ili_training=pretrain,reporting_missingness=0,reporting_strength=0.5,ed_transform=logit,encoder=series_mixer,width=32,epochs=120,patience=15,covariate_encoder=summary,input_mode=scheduled_final,input_normalization=b0,evaluation_seasons=recent_two",42,corrected,six_target_native,2025-2026,1.0904480108238102,series_mixer_ili_pretrain
"pilot_method=finalized,ili_training=pretrain,reporting_missingness=0,reporting_strength=0.5,ed_transform=logit,encoder=series_mixer,width=32,epochs=120,patience=15,covariate_encoder=summary,input_mode=scheduled_final,input_normalization=b0,evaluation_seasons=recent_two",42,corrected,six_target_native,equal_season_mean,1.1353249820604272,series_mixer_ili_pretrain
"pilot_method=finalized,ili_training=pretrain,reporting_missingness=0,reporting_strength=0.5,ed_transform=logit,encoder=series_mixer,width=32,epochs=120,patience=15,covariate_encoder=summary,input_mode=scheduled_final,input_normalization=b0,evaluation_seasons=recent_two",42,corrected,flu_admissions_native,2024-2025,1.152341287709558,series_mixer_ili_pretrain
"pilot_method=finalized,ili_training=pretrain,reporting_missingness=0,reporting_strength=0.5,ed_transform=logit,encoder=series_mixer,width=32,epochs=120,patience=15,covariate_encoder=summary,input_mode=scheduled_final,input_normalization=b0,evaluation_seasons=recent_two",42,corrected,flu_admissions_native,2025-2026,1.074802912462279,series_mixer_ili_pretrain
"pilot_method=finalized,ili_training=pretrain,reporting_missingness=0,reporting_strength=0.5,ed_transform=logit,encoder=series_mixer,width=32,epochs=120,patience=15,covariate_encoder=summary,input_mode=scheduled_final,input_normalization=b0,evaluation_seasons=recent_two",42,corrected,flu_admissions_native,equal_season_mean,1.113572100085919,series_mixer_ili_pretrain
"pilot_method=finalized,ili_training=pretrain,reporting_missingness=0,reporting_strength=0.5,ed_transform=logit,encoder=series_mixer,width=32,epochs=120,patience=15,covariate_encoder=summary,input_mode=scheduled_final,input_normalization=b0,evaluation_seasons=recent_two",42,corrected,flu_admissions_log,2024-2025,1.2711243459203578,series_mixer_ili_pretrain
"pilot_method=finalized,ili_training=pretrain,reporting_missingness=0,reporting_strength=0.5,ed_transform=logit,encoder=series_mixer,width=32,epochs=120,patience=15,covariate_encoder=summary,input_mode=scheduled_final,input_normalization=b0,evaluation_seasons=recent_two",42,corrected,flu_admissions_log,2025-2026,1.4475194073999913,series_mixer_ili_pretrain
"pilot_method=finalized,ili_training=pretrain,reporting_missingness=0,reporting_strength=0.5,ed_transform=logit,encoder=series_mixer,width=32,epochs=120,patience=15,covariate_encoder=summary,input_mode=scheduled_final,input_normalization=b0,evaluation_seasons=recent_two",42,corrected,flu_admissions_log,equal_season_mean,1.359321876660175,series_mixer_ili_pretrain
"pilot_method=finalized,ili_training=pretrain,reporting_missingness=0,reporting_strength=0.5,ed_transform=logit,encoder=series_mixer,width=32,epochs=120,patience=15,covariate_encoder=summary,input_mode=scheduled_final,input_normalization=b0,evaluation_seasons=recent_two",42,half,six_target_native,2024-2025,1.1948833817555338,series_mixer_ili_pretrain
"pilot_method=finalized,ili_training=pretrain,reporting_missingness=0,reporting_strength=0.5,ed_transform=logit,encoder=series_mixer,width=32,epochs=120,patience=15,covariate_encoder=summary,input_mode=scheduled_final,input_normalization=b0,evaluation_seasons=recent_two",42,half,six_target_native,2025-2026,1.099233490484718,series_mixer_ili_pretrain
"pilot_method=finalized,ili_training=pretrain,reporting_missingness=0,reporting_strength=0.5,ed_transform=logit,encoder=series_mixer,width=32,epochs=120,patience=15,covariate_encoder=summary,input_mode=scheduled_final,input_normalization=b0,evaluation_seasons=recent_two",42,half,six_target_native,equal_season_mean,1.147058436120126,series_mixer_ili_pretrain
"pilot_method=finalized,ili_training=pretrain,reporting_missingness=0,reporting_strength=0.5,ed_transform=logit,encoder=series_mixer,width=32,epochs=120,patience=15,covariate_encoder=summary,input_mode=scheduled_final,input_normalization=b0,evaluation_seasons=recent_two",42,half,flu_admissions_native,2024-2025,1.15553766299787,series_mixer_ili_pretrain
"pilot_method=finalized,ili_training=pretrain,reporting_missingness=0,reporting_strength=0.5,ed_transform=logit,encoder=series_mixer,width=32,epochs=120,patience=15,covariate_encoder=summary,input_mode=scheduled_final,input_normalization=b0,evaluation_seasons=recent_two",42,half,flu_admissions_native,2025-2026,1.0816109801870322,series_mixer_ili_pretrain
"pilot_method=finalized,ili_training=pretrain,reporting_missingness=0,reporting_strength=0.5,ed_transform=logit,encoder=series_mixer,width=32,epochs=120,patience=15,covariate_encoder=summary,input_mode=scheduled_final,input_normalization=b0,evaluation_seasons=recent_two",42,half,flu_admissions_native,equal_season_mean,1.118574321592451,series_mixer_ili_pretrain
"pilot_method=finalized,ili_training=pretrain,reporting_missingness=0,reporting_strength=0.5,ed_transform=logit,encoder=series_mixer,width=32,epochs=120,patience=15,covariate_encoder=summary,input_mode=scheduled_final,input_normalization=b0,evaluation_seasons=recent_two",42,half,flu_admissions_log,2024-2025,1.2904397147747009,series_mixer_ili_pretrain
"pilot_method=finalized,ili_training=pretrain,reporting_missingness=0,reporting_strength=0.5,ed_transform=logit,encoder=series_mixer,width=32,epochs=120,patience=15,covariate_encoder=summary,input_mode=scheduled_final,input_normalization=b0,evaluation_seasons=recent_two",42,half,flu_admissions_log,2025-2026,1.4922580473465863,series_mixer_ili_pretrain
"pilot_method=finalized,ili_training=pretrain,reporting_missingness=0,reporting_strength=0.5,ed_transform=logit,encoder=series_mixer,width=32,epochs=120,patience=15,covariate_encoder=summary,input_mode=scheduled_final,input_normalization=b0,evaluation_seasons=recent_two",42,half,flu_admissions_log,equal_season_mean,1.3913488810606434,series_mixer_ili_pretrain
"pilot_method=finalized,ili_training=pretrain,reporting_missingness=0,reporting_strength=0.5,ed_transform=logit,encoder=series_mixer,width=32,epochs=120,patience=15,covariate_encoder=summary,input_mode=scheduled_final,input_normalization=b0,evaluation_seasons=recent_two",42,raw,six_target_native,2024-2025,1.2175737868459864,series_mixer_ili_pretrain
"pilot_method=finalized,ili_training=pretrain,reporting_missingness=0,reporting_strength=0.5,ed_transform=logit,encoder=series_mixer,width=32,epochs=120,patience=15,covariate_encoder=summary,input_mode=scheduled_final,input_normalization=b0,evaluation_seasons=recent_two",42,raw,six_target_native,2025-2026,1.1152283388114002,series_mixer_ili_pretrain
"pilot_method=finalized,ili_training=pretrain,reporting_missingness=0,reporting_strength=0.5,ed_transform=logit,encoder=series_mixer,width=32,epochs=120,patience=15,covariate_encoder=summary,input_mode=scheduled_final,input_normalization=b0,evaluation_seasons=recent_two",42,raw,six_target_native,equal_season_mean,1.1664010628286934,series_mixer_ili_pretrain
"pilot_method=finalized,ili_training=pretrain,reporting_missingness=0,reporting_strength=0.5,ed_transform=logit,encoder=series_mixer,width=32,epochs=120,patience=15,covariate_encoder=summary,input_mode=scheduled_final,input_normalization=b0,evaluation_seasons=recent_two",42,raw,flu_admissions_native,2024-2025,1.1646316796035492,series_mixer_ili_pretrain
"pilot_method=finalized,ili_training=pretrain,reporting_missingness=0,reporting_strength=0.5,ed_transform=logit,encoder=series_mixer,width=32,epochs=120,patience=15,covariate_encoder=summary,input_mode=scheduled_final,input_normalization=b0,evaluation_seasons=recent_two",42,raw,flu_admissions_native,2025-2026,1.0939364858617158,series_mixer_ili_pretrain
"pilot_method=finalized,ili_training=pretrain,reporting_missingness=0,reporting_strength=0.5,ed_transform=logit,encoder=series_mixer,width=32,epochs=120,patience=15,covariate_encoder=summary,input_mode=scheduled_final,input_normalization=b0,evaluation_seasons=recent_two",42,raw,flu_admissions_native,equal_season_mean,1.1292840827326325,series_mixer_ili_pretrain
"pilot_method=finalized,ili_training=pretrain,reporting_missingness=0,reporting_strength=0.5,ed_transform=logit,encoder=series_mixer,width=32,epochs=120,patience=15,covariate_encoder=summary,input_mode=scheduled_final,input_normalization=b0,evaluation_seasons=recent_two",42,raw,flu_admissions_log,2024-2025,1.3270107796359722,series_mixer_ili_pretrain
"pilot_method=finalized,ili_training=pretrain,reporting_missingness=0,reporting_strength=0.5,ed_transform=logit,encoder=series_mixer,width=32,epochs=120,patience=15,covariate_encoder=summary,input_mode=scheduled_final,input_normalization=b0,evaluation_seasons=recent_two",42,raw,flu_admissions_log,2025-2026,1.5652979232473163,series_mixer_ili_pretrain
"pilot_method=finalized,ili_training=pretrain,reporting_missingness=0,reporting_strength=0.5,ed_transform=logit,encoder=series_mixer,width=32,epochs=120,patience=15,covariate_encoder=summary,input_mode=scheduled_final,input_normalization=b0,evaluation_seasons=recent_two",42,raw,flu_admissions_log,equal_season_mean,1.4461543514416442,series_mixer_ili_pretrain
"pilot_method=finalized,ili_training=pretrain,reporting_missingness=0,reporting_strength=0.5,ed_transform=logit,encoder=series_mixer,width=32,epochs=120,patience=15,covariate_encoder=summary,input_mode=scheduled_final,input_normalization=b0,evaluation_seasons=recent_two",43,corrected,six_target_native,2024-2025,1.17076972503652,series_mixer_ili_pretrain
"pilot_method=finalized,ili_training=pretrain,reporting_missingness=0,reporting_strength=0.5,ed_transform=logit,encoder=series_mixer,width=32,epochs=120,patience=15,covariate_encoder=summary,input_mode=scheduled_final,input_normalization=b0,evaluation_seasons=recent_two",43,corrected,six_target_native,2025-2026,1.092558138331351,series_mixer_ili_pretrain
"pilot_method=finalized,ili_training=pretrain,reporting_missingness=0,reporting_strength=0.5,ed_transform=logit,encoder=series_mixer,width=32,epochs=120,patience=15,covariate_encoder=summary,input_mode=scheduled_final,input_normalization=b0,evaluation_seasons=recent_two",43,corrected,six_target_native,equal_season_mean,1.1316639316839354,series_mixer_ili_pretrain
"pilot_method=finalized,ili_training=pretrain,reporting_missingness=0,reporting_strength=0.5,ed_transform=logit,encoder=series_mixer,width=32,epochs=120,patience=15,covariate_encoder=summary,input_mode=scheduled_final,input_normalization=b0,evaluation_seasons=recent_two",43,corrected,flu_admissions_native,2024-2025,1.1274608083533106,series_mixer_ili_pretrain
"pilot_method=finalized,ili_training=pretrain,reporting_missingness=0,reporting_strength=0.5,ed_transform=logit,encoder=series_mixer,width=32,epochs=120,patience=15,covariate_encoder=summary,input_mode=scheduled_final,input_normalization=b0,evaluation_seasons=recent_two",43,corrected,flu_admissions_native,2025-2026,1.0657054948382187,series_mixer_ili_pretrain
"pilot_method=finalized,ili_training=pretrain,reporting_missingness=0,reporting_strength=0.5,ed_transform=logit,encoder=series_mixer,width=32,epochs=120,patience=15,covariate_encoder=summary,input_mode=scheduled_final,input_normalization=b0,evaluation_seasons=recent_two",43,corrected,flu_admissions_native,equal_season_mean,1.0965831515957647,series_mixer_ili_pretrain
"pilot_method=finalized,ili_training=pretrain,reporting_missingness=0,reporting_strength=0.5,ed_transform=logit,encoder=series_mixer,width=32,epochs=120,patience=15,covariate_encoder=summary,input_mode=scheduled_final,input_normalization=b0,evaluation_seasons=recent_two",43,corrected,flu_admissions_log,2024-2025,1.5637337782042815,series_mixer_ili_pretrain
"pilot_method=finalized,ili_training=pretrain,reporting_missingness=0,reporting_strength=0.5,ed_transform=logit,encoder=series_mixer,width=32,epochs=120,patience=15,covariate_encoder=summary,input_mode=scheduled_final,input_normalization=b0,evaluation_seasons=recent_two",43,corrected,flu_admissions_log,2025-2026,1.3347570196253111,series_mixer_ili_pretrain
"pilot_method=finalized,ili_training=pretrain,reporting_missingness=0,reporting_strength=0.5,ed_transform=logit,encoder=series_mixer,width=32,epochs=120,patience=15,covariate_encoder=summary,input_mode=scheduled_final,input_normalization=b0,evaluation_seasons=recent_two",43,corrected,flu_admissions_log,equal_season_mean,1.4492453989147964,series_mixer_ili_pretrain
"pilot_method=finalized,ili_training=pretrain,reporting_missingness=0,reporting_strength=0.5,ed_transform=logit,encoder=series_mixer,width=32,epochs=120,patience=15,covariate_encoder=summary,input_mode=scheduled_final,input_normalization=b0,evaluation_seasons=recent_two",43,half,six_target_native,2024-2025,1.1877075837256408,series_mixer_ili_pretrain
"pilot_method=finalized,ili_training=pretrain,reporting_missingness=0,reporting_strength=0.5,ed_transform=logit,encoder=series_mixer,width=32,epochs=120,patience=15,covariate_encoder=summary,input_mode=scheduled_final,input_normalization=b0,evaluation_seasons=recent_two",43,half,six_target_native,2025-2026,1.099260784952782,series_mixer_ili_pretrain
"pilot_method=finalized,ili_training=pretrain,reporting_missingness=0,reporting_strength=0.5,ed_transform=logit,encoder=series_mixer,width=32,epochs=120,patience=15,covariate_encoder=summary,input_mode=scheduled_final,input_normalization=b0,evaluation_seasons=recent_two",43,half,six_target_native,equal_season_mean,1.1434841843392114,series_mixer_ili_pretrain
"pilot_method=finalized,ili_training=pretrain,reporting_missingness=0,reporting_strength=0.5,ed_transform=logit,encoder=series_mixer,width=32,epochs=120,patience=15,covariate_encoder=summary,input_mode=scheduled_final,input_normalization=b0,evaluation_seasons=recent_two",43,half,flu_admissions_native,2024-2025,1.1303102283037034,series_mixer_ili_pretrain
"pilot_method=finalized,ili_training=pretrain,reporting_missingness=0,reporting_strength=0.5,ed_transform=logit,encoder=series_mixer,width=32,epochs=120,patience=15,covariate_encoder=summary,input_mode=scheduled_final,input_normalization=b0,evaluation_seasons=recent_two",43,half,flu_admissions_native,2025-2026,1.0638356724110956,series_mixer_ili_pretrain
"pilot_method=finalized,ili_training=pretrain,reporting_missingness=0,reporting_strength=0.5,ed_transform=logit,encoder=series_mixer,width=32,epochs=120,patience=15,covariate_encoder=summary,input_mode=scheduled_final,input_normalization=b0,evaluation_seasons=recent_two",43,half,flu_admissions_native,equal_season_mean,1.0970729503573995,series_mixer_ili_pretrain
"pilot_method=finalized,ili_training=pretrain,reporting_missingness=0,reporting_strength=0.5,ed_transform=logit,encoder=series_mixer,width=32,epochs=120,patience=15,covariate_encoder=summary,input_mode=scheduled_final,input_normalization=b0,evaluation_seasons=recent_two",43,half,flu_admissions_log,2024-2025,1.5862925663714729,series_mixer_ili_pretrain
"pilot_method=finalized,ili_training=pretrain,reporting_missingness=0,reporting_strength=0.5,ed_transform=logit,encoder=series_mixer,width=32,epochs=120,patience=15,covariate_encoder=summary,input_mode=scheduled_final,input_normalization=b0,evaluation_seasons=recent_two",43,half,flu_admissions_log,2025-2026,1.3707884569189293,series_mixer_ili_pretrain
"pilot_method=finalized,ili_training=pretrain,reporting_missingness=0,reporting_strength=0.5,ed_transform=logit,encoder=series_mixer,width=32,epochs=120,patience=15,covariate_encoder=summary,input_mode=scheduled_final,input_normalization=b0,evaluation_seasons=recent_two",43,half,flu_admissions_log,equal_season_mean,1.478540511645201,series_mixer_ili_pretrain
"pilot_method=finalized,ili_training=pretrain,reporting_missingness=0,reporting_strength=0.5,ed_transform=logit,encoder=series_mixer,width=32,epochs=120,patience=15,covariate_encoder=summary,input_mode=scheduled_final,input_normalization=b0,evaluation_seasons=recent_two",43,raw,six_target_native,2024-2025,1.2131800436915603,series_mixer_ili_pretrain
"pilot_method=finalized,ili_training=pretrain,reporting_missingness=0,reporting_strength=0.5,ed_transform=logit,encoder=series_mixer,width=32,epochs=120,patience=15,covariate_encoder=summary,input_mode=scheduled_final,input_normalization=b0,evaluation_seasons=recent_two",43,raw,six_target_native,2025-2026,1.1123163126508755,series_mixer_ili_pretrain
"pilot_method=finalized,ili_training=pretrain,reporting_missingness=0,reporting_strength=0.5,ed_transform=logit,encoder=series_mixer,width=32,epochs=120,patience=15,covariate_encoder=summary,input_mode=scheduled_final,input_normalization=b0,evaluation_seasons=recent_two",43,raw,six_target_native,equal_season_mean,1.162748178171218,series_mixer_ili_pretrain
"pilot_method=finalized,ili_training=pretrain,reporting_missingness=0,reporting_strength=0.5,ed_transform=logit,encoder=series_mixer,width=32,epochs=120,patience=15,covariate_encoder=summary,input_mode=scheduled_final,input_normalization=b0,evaluation_seasons=recent_two",43,raw,flu_admissions_native,2024-2025,1.1397968278221204,series_mixer_ili_pretrain
"pilot_method=finalized,ili_training=pretrain,reporting_missingness=0,reporting_strength=0.5,ed_transform=logit,encoder=series_mixer,width=32,epochs=120,patience=15,covariate_encoder=summary,input_mode=scheduled_final,input_normalization=b0,evaluation_seasons=recent_two",43,raw,flu_admissions_native,2025-2026,1.0670971652333483,series_mixer_ili_pretrain
"pilot_method=finalized,ili_training=pretrain,reporting_missingness=0,reporting_strength=0.5,ed_transform=logit,encoder=series_mixer,width=32,epochs=120,patience=15,covariate_encoder=summary,input_mode=scheduled_final,input_normalization=b0,evaluation_seasons=recent_two",43,raw,flu_admissions_native,equal_season_mean,1.1034469965277345,series_mixer_ili_pretrain
"pilot_method=finalized,ili_training=pretrain,reporting_missingness=0,reporting_strength=0.5,ed_transform=logit,encoder=series_mixer,width=32,epochs=120,patience=15,covariate_encoder=summary,input_mode=scheduled_final,input_normalization=b0,evaluation_seasons=recent_two",43,raw,flu_admissions_log,2024-2025,1.639221166289403,series_mixer_ili_pretrain
"pilot_method=finalized,ili_training=pretrain,reporting_missingness=0,reporting_strength=0.5,ed_transform=logit,encoder=series_mixer,width=32,epochs=120,patience=15,covariate_encoder=summary,input_mode=scheduled_final,input_normalization=b0,evaluation_seasons=recent_two",43,raw,flu_admissions_log,2025-2026,1.4306961612745213,series_mixer_ili_pretrain
"pilot_method=finalized,ili_training=pretrain,reporting_missingness=0,reporting_strength=0.5,ed_transform=logit,encoder=series_mixer,width=32,epochs=120,patience=15,covariate_encoder=summary,input_mode=scheduled_final,input_normalization=b0,evaluation_seasons=recent_two",43,raw,flu_admissions_log,equal_season_mean,1.534958663781962,series_mixer_ili_pretrain
"pilot_method=finalized,ili_training=pretrain,reporting_missingness=0,reporting_strength=0.5,ed_transform=logit,encoder=series_mlp,width=32,epochs=120,patience=15,covariate_encoder=summary,input_mode=scheduled_final,input_normalization=b0,evaluation_seasons=recent_two",42,corrected,six_target_native,2024-2025,1.3188790100055428,series_mlp_ili_pretrain
"pilot_method=finalized,ili_training=pretrain,reporting_missingness=0,reporting_strength=0.5,ed_transform=logit,encoder=series_mlp,width=32,epochs=120,patience=15,covariate_encoder=summary,input_mode=scheduled_final,input_normalization=b0,evaluation_seasons=recent_two",42,corrected,six_target_native,2025-2026,1.1317127161511955,series_mlp_ili_pretrain
"pilot_method=finalized,ili_training=pretrain,reporting_missingness=0,reporting_strength=0.5,ed_transform=logit,encoder=series_mlp,width=32,epochs=120,patience=15,covariate_encoder=summary,input_mode=scheduled_final,input_normalization=b0,evaluation_seasons=recent_two",42,corrected,six_target_native,equal_season_mean,1.2252958630783692,series_mlp_ili_pretrain
"pilot_method=finalized,ili_training=pretrain,reporting_missingness=0,reporting_strength=0.5,ed_transform=logit,encoder=series_mlp,width=32,epochs=120,patience=15,covariate_encoder=summary,input_mode=scheduled_final,input_normalization=b0,evaluation_seasons=recent_two",42,corrected,flu_admissions_native,2024-2025,1.2344236813890457,series_mlp_ili_pretrain
"pilot_method=finalized,ili_training=pretrain,reporting_missingness=0,reporting_strength=0.5,ed_transform=logit,encoder=series_mlp,width=32,epochs=120,patience=15,covariate_encoder=summary,input_mode=scheduled_final,input_normalization=b0,evaluation_seasons=recent_two",42,corrected,flu_admissions_native,2025-2026,1.1818438732223444,series_mlp_ili_pretrain
"pilot_method=finalized,ili_training=pretrain,reporting_missingness=0,reporting_strength=0.5,ed_transform=logit,encoder=series_mlp,width=32,epochs=120,patience=15,covariate_encoder=summary,input_mode=scheduled_final,input_normalization=b0,evaluation_seasons=recent_two",42,corrected,flu_admissions_native,equal_season_mean,1.208133777305695,series_mlp_ili_pretrain
"pilot_method=finalized,ili_training=pretrain,reporting_missingness=0,reporting_strength=0.5,ed_transform=logit,encoder=series_mlp,width=32,epochs=120,patience=15,covariate_encoder=summary,input_mode=scheduled_final,input_normalization=b0,evaluation_seasons=recent_two",42,corrected,flu_admissions_log,2024-2025,1.7915905540278136,series_mlp_ili_pretrain
"pilot_method=finalized,ili_training=pretrain,reporting_missingness=0,reporting_strength=0.5,ed_transform=logit,encoder=series_mlp,width=32,epochs=120,patience=15,covariate_encoder=summary,input_mode=scheduled_final,input_normalization=b0,evaluation_seasons=recent_two",42,corrected,flu_admissions_log,2025-2026,1.5955200733682982,series_mlp_ili_pretrain
"pilot_method=finalized,ili_training=pretrain,reporting_missingness=0,reporting_strength=0.5,ed_transform=logit,encoder=series_mlp,width=32,epochs=120,patience=15,covariate_encoder=summary,input_mode=scheduled_final,input_normalization=b0,evaluation_seasons=recent_two",42,corrected,flu_admissions_log,equal_season_mean,1.693555313698056,series_mlp_ili_pretrain
"pilot_method=finalized,ili_training=pretrain,reporting_missingness=0,reporting_strength=0.5,ed_transform=logit,encoder=series_mlp,width=32,epochs=120,patience=15,covariate_encoder=summary,input_mode=scheduled_final,input_normalization=b0,evaluation_seasons=recent_two",42,half,six_target_native,2024-2025,1.3477385002928957,series_mlp_ili_pretrain
"pilot_method=finalized,ili_training=pretrain,reporting_missingness=0,reporting_strength=0.5,ed_transform=logit,encoder=series_mlp,width=32,epochs=120,patience=15,covariate_encoder=summary,input_mode=scheduled_final,input_normalization=b0,evaluation_seasons=recent_two",42,half,six_target_native,2025-2026,1.139440768889233,series_mlp_ili_pretrain
"pilot_method=finalized,ili_training=pretrain,reporting_missingness=0,reporting_strength=0.5,ed_transform=logit,encoder=series_mlp,width=32,epochs=120,patience=15,covariate_encoder=summary,input_mode=scheduled_final,input_normalization=b0,evaluation_seasons=recent_two",42,half,six_target_native,equal_season_mean,1.2435896345910642,series_mlp_ili_pretrain
"pilot_method=finalized,ili_training=pretrain,reporting_missingness=0,reporting_strength=0.5,ed_transform=logit,encoder=series_mlp,width=32,epochs=120,patience=15,covariate_encoder=summary,input_mode=scheduled_final,input_normalization=b0,evaluation_seasons=recent_two",42,half,flu_admissions_native,2024-2025,1.250213366008546,series_mlp_ili_pretrain
"pilot_method=finalized,ili_training=pretrain,reporting_missingness=0,reporting_strength=0.5,ed_transform=logit,encoder=series_mlp,width=32,epochs=120,patience=15,covariate_encoder=summary,input_mode=scheduled_final,input_normalization=b0,evaluation_seasons=recent_two",42,half,flu_admissions_native,2025-2026,1.1866890921794837,series_mlp_ili_pretrain
"pilot_method=finalized,ili_training=pretrain,reporting_missingness=0,reporting_strength=0.5,ed_transform=logit,encoder=series_mlp,width=32,epochs=120,patience=15,covariate_encoder=summary,input_mode=scheduled_final,input_normalization=b0,evaluation_seasons=recent_two",42,half,flu_admissions_native,equal_season_mean,1.2184512290940148,series_mlp_ili_pretrain
"pilot_method=finalized,ili_training=pretrain,reporting_missingness=0,reporting_strength=0.5,ed_transform=logit,encoder=series_mlp,width=32,epochs=120,patience=15,covariate_encoder=summary,input_mode=scheduled_final,input_normalization=b0,evaluation_seasons=recent_two",42,half,flu_admissions_log,2024-2025,1.8388341449734296,series_mlp_ili_pretrain
"pilot_method=finalized,ili_training=pretrain,reporting_missingness=0,reporting_strength=0.5,ed_transform=logit,encoder=series_mlp,width=32,epochs=120,patience=15,covariate_encoder=summary,input_mode=scheduled_final,input_normalization=b0,evaluation_seasons=recent_two",42,half,flu_admissions_log,2025-2026,1.6435823502068612,series_mlp_ili_pretrain
"pilot_method=finalized,ili_training=pretrain,reporting_missingness=0,reporting_strength=0.5,ed_transform=logit,encoder=series_mlp,width=32,epochs=120,patience=15,covariate_encoder=summary,input_mode=scheduled_final,input_normalization=b0,evaluation_seasons=recent_two",42,half,flu_admissions_log,equal_season_mean,1.7412082475901454,series_mlp_ili_pretrain
"pilot_method=finalized,ili_training=pretrain,reporting_missingness=0,reporting_strength=0.5,ed_transform=logit,encoder=series_mlp,width=32,epochs=120,patience=15,covariate_encoder=summary,input_mode=scheduled_final,input_normalization=b0,evaluation_seasons=recent_two",42,raw,six_target_native,2024-2025,1.3847507787127733,series_mlp_ili_pretrain
"pilot_method=finalized,ili_training=pretrain,reporting_missingness=0,reporting_strength=0.5,ed_transform=logit,encoder=series_mlp,width=32,epochs=120,patience=15,covariate_encoder=summary,input_mode=scheduled_final,input_normalization=b0,evaluation_seasons=recent_two",42,raw,six_target_native,2025-2026,1.154527267444936,series_mlp_ili_pretrain
"pilot_method=finalized,ili_training=pretrain,reporting_missingness=0,reporting_strength=0.5,ed_transform=logit,encoder=series_mlp,width=32,epochs=120,patience=15,covariate_encoder=summary,input_mode=scheduled_final,input_normalization=b0,evaluation_seasons=recent_two",42,raw,six_target_native,equal_season_mean,1.2696390230788546,series_mlp_ili_pretrain
"pilot_method=finalized,ili_training=pretrain,reporting_missingness=0,reporting_strength=0.5,ed_transform=logit,encoder=series_mlp,width=32,epochs=120,patience=15,covariate_encoder=summary,input_mode=scheduled_final,input_normalization=b0,evaluation_seasons=recent_two",42,raw,flu_admissions_native,2024-2025,1.2715744605823145,series_mlp_ili_pretrain
"pilot_method=finalized,ili_training=pretrain,reporting_missingness=0,reporting_strength=0.5,ed_transform=logit,encoder=series_mlp,width=32,epochs=120,patience=15,covariate_encoder=summary,input_mode=scheduled_final,input_normalization=b0,evaluation_seasons=recent_two",42,raw,flu_admissions_native,2025-2026,1.1968191593425026,series_mlp_ili_pretrain
"pilot_method=finalized,ili_training=pretrain,reporting_missingness=0,reporting_strength=0.5,ed_transform=logit,encoder=series_mlp,width=32,epochs=120,patience=15,covariate_encoder=summary,input_mode=scheduled_final,input_normalization=b0,evaluation_seasons=recent_two",42,raw,flu_admissions_native,equal_season_mean,1.2341968099624083,series_mlp_ili_pretrain
"pilot_method=finalized,ili_training=pretrain,reporting_missingness=0,reporting_strength=0.5,ed_transform=logit,encoder=series_mlp,width=32,epochs=120,patience=15,covariate_encoder=summary,input_mode=scheduled_final,input_normalization=b0,evaluation_seasons=recent_two",42,raw,flu_admissions_log,2024-2025,1.9251691829305355,series_mlp_ili_pretrain
"pilot_method=finalized,ili_training=pretrain,reporting_missingness=0,reporting_strength=0.5,ed_transform=logit,encoder=series_mlp,width=32,epochs=120,patience=15,covariate_encoder=summary,input_mode=scheduled_final,input_normalization=b0,evaluation_seasons=recent_two",42,raw,flu_admissions_log,2025-2026,1.7221939055582896,series_mlp_ili_pretrain
"pilot_method=finalized,ili_training=pretrain,reporting_missingness=0,reporting_strength=0.5,ed_transform=logit,encoder=series_mlp,width=32,epochs=120,patience=15,covariate_encoder=summary,input_mode=scheduled_final,input_normalization=b0,evaluation_seasons=recent_two",42,raw,flu_admissions_log,equal_season_mean,1.8236815442444128,series_mlp_ili_pretrain
"pilot_method=finalized,ili_training=pretrain,reporting_missingness=0,reporting_strength=0.5,ed_transform=logit,encoder=series_mlp,width=32,epochs=120,patience=15,covariate_encoder=summary,input_mode=scheduled_final,input_normalization=b0,evaluation_seasons=recent_two",43,corrected,six_target_native,2024-2025,1.180837681798136,series_mlp_ili_pretrain
"pilot_method=finalized,ili_training=pretrain,reporting_missingness=0,reporting_strength=0.5,ed_transform=logit,encoder=series_mlp,width=32,epochs=120,patience=15,covariate_encoder=summary,input_mode=scheduled_final,input_normalization=b0,evaluation_seasons=recent_two",43,corrected,six_target_native,2025-2026,1.10697664798636,series_mlp_ili_pretrain
"pilot_method=finalized,ili_training=pretrain,reporting_missingness=0,reporting_strength=0.5,ed_transform=logit,encoder=series_mlp,width=32,epochs=120,patience=15,covariate_encoder=summary,input_mode=scheduled_final,input_normalization=b0,evaluation_seasons=recent_two",43,corrected,six_target_native,equal_season_mean,1.143907164892248,series_mlp_ili_pretrain
"pilot_method=finalized,ili_training=pretrain,reporting_missingness=0,reporting_strength=0.5,ed_transform=logit,encoder=series_mlp,width=32,epochs=120,patience=15,covariate_encoder=summary,input_mode=scheduled_final,input_normalization=b0,evaluation_seasons=recent_two",43,corrected,flu_admissions_native,2024-2025,1.118032530836647,series_mlp_ili_pretrain
"pilot_method=finalized,ili_training=pretrain,reporting_missingness=0,reporting_strength=0.5,ed_transform=logit,encoder=series_mlp,width=32,epochs=120,patience=15,covariate_encoder=summary,input_mode=scheduled_final,input_normalization=b0,evaluation_seasons=recent_two",43,corrected,flu_admissions_native,2025-2026,1.090851172381183,series_mlp_ili_pretrain
"pilot_method=finalized,ili_training=pretrain,reporting_missingness=0,reporting_strength=0.5,ed_transform=logit,encoder=series_mlp,width=32,epochs=120,patience=15,covariate_encoder=summary,input_mode=scheduled_final,input_normalization=b0,evaluation_seasons=recent_two",43,corrected,flu_admissions_native,equal_season_mean,1.104441851608915,series_mlp_ili_pretrain
"pilot_method=finalized,ili_training=pretrain,reporting_missingness=0,reporting_strength=0.5,ed_transform=logit,encoder=series_mlp,width=32,epochs=120,patience=15,covariate_encoder=summary,input_mode=scheduled_final,input_normalization=b0,evaluation_seasons=recent_two",43,corrected,flu_admissions_log,2024-2025,1.4002559140122983,series_mlp_ili_pretrain
"pilot_method=finalized,ili_training=pretrain,reporting_missingness=0,reporting_strength=0.5,ed_transform=logit,encoder=series_mlp,width=32,epochs=120,patience=15,covariate_encoder=summary,input_mode=scheduled_final,input_normalization=b0,evaluation_seasons=recent_two",43,corrected,flu_admissions_log,2025-2026,1.4945688061072824,series_mlp_ili_pretrain
"pilot_method=finalized,ili_training=pretrain,reporting_missingness=0,reporting_strength=0.5,ed_transform=logit,encoder=series_mlp,width=32,epochs=120,patience=15,covariate_encoder=summary,input_mode=scheduled_final,input_normalization=b0,evaluation_seasons=recent_two",43,corrected,flu_admissions_log,equal_season_mean,1.4474123600597903,series_mlp_ili_pretrain
"pilot_method=finalized,ili_training=pretrain,reporting_missingness=0,reporting_strength=0.5,ed_transform=logit,encoder=series_mlp,width=32,epochs=120,patience=15,covariate_encoder=summary,input_mode=scheduled_final,input_normalization=b0,evaluation_seasons=recent_two",43,half,six_target_native,2024-2025,1.190981062143316,series_mlp_ili_pretrain
"pilot_method=finalized,ili_training=pretrain,reporting_missingness=0,reporting_strength=0.5,ed_transform=logit,encoder=series_mlp,width=32,epochs=120,patience=15,covariate_encoder=summary,input_mode=scheduled_final,input_normalization=b0,evaluation_seasons=recent_two",43,half,six_target_native,2025-2026,1.1154731936263276,series_mlp_ili_pretrain
"pilot_method=finalized,ili_training=pretrain,reporting_missingness=0,reporting_strength=0.5,ed_transform=logit,encoder=series_mlp,width=32,epochs=120,patience=15,covariate_encoder=summary,input_mode=scheduled_final,input_normalization=b0,evaluation_seasons=recent_two",43,half,six_target_native,equal_season_mean,1.1532271278848218,series_mlp_ili_pretrain
"pilot_method=finalized,ili_training=pretrain,reporting_missingness=0,reporting_strength=0.5,ed_transform=logit,encoder=series_mlp,width=32,epochs=120,patience=15,covariate_encoder=summary,input_mode=scheduled_final,input_normalization=b0,evaluation_seasons=recent_two",43,half,flu_admissions_native,2024-2025,1.1199750198710776,series_mlp_ili_pretrain
"pilot_method=finalized,ili_training=pretrain,reporting_missingness=0,reporting_strength=0.5,ed_transform=logit,encoder=series_mlp,width=32,epochs=120,patience=15,covariate_encoder=summary,input_mode=scheduled_final,input_normalization=b0,evaluation_seasons=recent_two",43,half,flu_admissions_native,2025-2026,1.0885925223830788,series_mlp_ili_pretrain
"pilot_method=finalized,ili_training=pretrain,reporting_missingness=0,reporting_strength=0.5,ed_transform=logit,encoder=series_mlp,width=32,epochs=120,patience=15,covariate_encoder=summary,input_mode=scheduled_final,input_normalization=b0,evaluation_seasons=recent_two",43,half,flu_admissions_native,equal_season_mean,1.1042837711270783,series_mlp_ili_pretrain
"pilot_method=finalized,ili_training=pretrain,reporting_missingness=0,reporting_strength=0.5,ed_transform=logit,encoder=series_mlp,width=32,epochs=120,patience=15,covariate_encoder=summary,input_mode=scheduled_final,input_normalization=b0,evaluation_seasons=recent_two",43,half,flu_admissions_log,2024-2025,1.4158583360698975,series_mlp_ili_pretrain
"pilot_method=finalized,ili_training=pretrain,reporting_missingness=0,reporting_strength=0.5,ed_transform=logit,encoder=series_mlp,width=32,epochs=120,patience=15,covariate_encoder=summary,input_mode=scheduled_final,input_normalization=b0,evaluation_seasons=recent_two",43,half,flu_admissions_log,2025-2026,1.5380340035524462,series_mlp_ili_pretrain
"pilot_method=finalized,ili_training=pretrain,reporting_missingness=0,reporting_strength=0.5,ed_transform=logit,encoder=series_mlp,width=32,epochs=120,patience=15,covariate_encoder=summary,input_mode=scheduled_final,input_normalization=b0,evaluation_seasons=recent_two",43,half,flu_admissions_log,equal_season_mean,1.476946169811172,series_mlp_ili_pretrain
"pilot_method=finalized,ili_training=pretrain,reporting_missingness=0,reporting_strength=0.5,ed_transform=logit,encoder=series_mlp,width=32,epochs=120,patience=15,covariate_encoder=summary,input_mode=scheduled_final,input_normalization=b0,evaluation_seasons=recent_two",43,raw,six_target_native,2024-2025,1.2095002699824513,series_mlp_ili_pretrain
"pilot_method=finalized,ili_training=pretrain,reporting_missingness=0,reporting_strength=0.5,ed_transform=logit,encoder=series_mlp,width=32,epochs=120,patience=15,covariate_encoder=summary,input_mode=scheduled_final,input_normalization=b0,evaluation_seasons=recent_two",43,raw,six_target_native,2025-2026,1.130492966111411,series_mlp_ili_pretrain
"pilot_method=finalized,ili_training=pretrain,reporting_missingness=0,reporting_strength=0.5,ed_transform=logit,encoder=series_mlp,width=32,epochs=120,patience=15,covariate_encoder=summary,input_mode=scheduled_final,input_normalization=b0,evaluation_seasons=recent_two",43,raw,six_target_native,equal_season_mean,1.1699966180469312,series_mlp_ili_pretrain
"pilot_method=finalized,ili_training=pretrain,reporting_missingness=0,reporting_strength=0.5,ed_transform=logit,encoder=series_mlp,width=32,epochs=120,patience=15,covariate_encoder=summary,input_mode=scheduled_final,input_normalization=b0,evaluation_seasons=recent_two",43,raw,flu_admissions_native,2024-2025,1.12822248349556,series_mlp_ili_pretrain
"pilot_method=finalized,ili_training=pretrain,reporting_missingness=0,reporting_strength=0.5,ed_transform=logit,encoder=series_mlp,width=32,epochs=120,patience=15,covariate_encoder=summary,input_mode=scheduled_final,input_normalization=b0,evaluation_seasons=recent_two",43,raw,flu_admissions_native,2025-2026,1.0912243319042856,series_mlp_ili_pretrain
"pilot_method=finalized,ili_training=pretrain,reporting_missingness=0,reporting_strength=0.5,ed_transform=logit,encoder=series_mlp,width=32,epochs=120,patience=15,covariate_encoder=summary,input_mode=scheduled_final,input_normalization=b0,evaluation_seasons=recent_two",43,raw,flu_admissions_native,equal_season_mean,1.1097234076999227,series_mlp_ili_pretrain
"pilot_method=finalized,ili_training=pretrain,reporting_missingness=0,reporting_strength=0.5,ed_transform=logit,encoder=series_mlp,width=32,epochs=120,patience=15,covariate_encoder=summary,input_mode=scheduled_final,input_normalization=b0,evaluation_seasons=recent_two",43,raw,flu_admissions_log,2024-2025,1.4581568874087016,series_mlp_ili_pretrain
"pilot_method=finalized,ili_training=pretrain,reporting_missingness=0,reporting_strength=0.5,ed_transform=logit,encoder=series_mlp,width=32,epochs=120,patience=15,covariate_encoder=summary,input_mode=scheduled_final,input_normalization=b0,evaluation_seasons=recent_two",43,raw,flu_admissions_log,2025-2026,1.6145213017866644,series_mlp_ili_pretrain
"pilot_method=finalized,ili_training=pretrain,reporting_missingness=0,reporting_strength=0.5,ed_transform=logit,encoder=series_mlp,width=32,epochs=120,patience=15,covariate_encoder=summary,input_mode=scheduled_final,input_normalization=b0,evaluation_seasons=recent_two",43,raw,flu_admissions_log,equal_season_mean,1.536339094597683,series_mlp_ili_pretrain
"pilot_method=finalized,joint_weight=0.05,reporting_missingness=0,reporting_strength=0.5,lookback=8,ed_transform=logit,spatial=neighbors,width=32,epochs=120,patience=15,lr=0.0005,fit_partition=pathogen,covariate_encoder=summary,input_mode=scheduled_final,input_normalization=b0,evaluation_seasons=recent_two",42,corrected,six_target_native,2024-2025,1.08989498244004,random_recipe_0
"pilot_method=finalized,joint_weight=0.05,reporting_missingness=0,reporting_strength=0.5,lookback=8,ed_transform=logit,spatial=neighbors,width=32,epochs=120,patience=15,lr=0.0005,fit_partition=pathogen,covariate_encoder=summary,input_mode=scheduled_final,input_normalization=b0,evaluation_seasons=recent_two",42,corrected,six_target_native,2025-2026,0.9694091959822836,random_recipe_0
"pilot_method=finalized,joint_weight=0.05,reporting_missingness=0,reporting_strength=0.5,lookback=8,ed_transform=logit,spatial=neighbors,width=32,epochs=120,patience=15,lr=0.0005,fit_partition=pathogen,covariate_encoder=summary,input_mode=scheduled_final,input_normalization=b0,evaluation_seasons=recent_two",42,corrected,six_target_native,equal_season_mean,1.029652089211162,random_recipe_0
"pilot_method=finalized,joint_weight=0.05,reporting_missingness=0,reporting_strength=0.5,lookback=8,ed_transform=logit,spatial=neighbors,width=32,epochs=120,patience=15,lr=0.0005,fit_partition=pathogen,covariate_encoder=summary,input_mode=scheduled_final,input_normalization=b0,evaluation_seasons=recent_two",42,corrected,flu_admissions_native,2024-2025,0.7937064239480529,random_recipe_0
"pilot_method=finalized,joint_weight=0.05,reporting_missingness=0,reporting_strength=0.5,lookback=8,ed_transform=logit,spatial=neighbors,width=32,epochs=120,patience=15,lr=0.0005,fit_partition=pathogen,covariate_encoder=summary,input_mode=scheduled_final,input_normalization=b0,evaluation_seasons=recent_two",42,corrected,flu_admissions_native,2025-2026,0.9023275153667522,random_recipe_0
"pilot_method=finalized,joint_weight=0.05,reporting_missingness=0,reporting_strength=0.5,lookback=8,ed_transform=logit,spatial=neighbors,width=32,epochs=120,patience=15,lr=0.0005,fit_partition=pathogen,covariate_encoder=summary,input_mode=scheduled_final,input_normalization=b0,evaluation_seasons=recent_two",42,corrected,flu_admissions_native,equal_season_mean,0.8480169696574025,random_recipe_0
"pilot_method=finalized,joint_weight=0.05,reporting_missingness=0,reporting_strength=0.5,lookback=8,ed_transform=logit,spatial=neighbors,width=32,epochs=120,patience=15,lr=0.0005,fit_partition=pathogen,covariate_encoder=summary,input_mode=scheduled_final,input_normalization=b0,evaluation_seasons=recent_two",42,corrected,flu_admissions_log,2024-2025,0.8235676825368343,random_recipe_0
"pilot_method=finalized,joint_weight=0.05,reporting_missingness=0,reporting_strength=0.5,lookback=8,ed_transform=logit,spatial=neighbors,width=32,epochs=120,patience=15,lr=0.0005,fit_partition=pathogen,covariate_encoder=summary,input_mode=scheduled_final,input_normalization=b0,evaluation_seasons=recent_two",42,corrected,flu_admissions_log,2025-2026,0.9783181492422852,random_recipe_0
"pilot_method=finalized,joint_weight=0.05,reporting_missingness=0,reporting_strength=0.5,lookback=8,ed_transform=logit,spatial=neighbors,width=32,epochs=120,patience=15,lr=0.0005,fit_partition=pathogen,covariate_encoder=summary,input_mode=scheduled_final,input_normalization=b0,evaluation_seasons=recent_two",42,corrected,flu_admissions_log,equal_season_mean,0.9009429158895595,random_recipe_0
"pilot_method=finalized,joint_weight=0.05,reporting_missingness=0,reporting_strength=0.5,lookback=8,ed_transform=logit,spatial=neighbors,width=32,epochs=120,patience=15,lr=0.0005,fit_partition=pathogen,covariate_encoder=summary,input_mode=scheduled_final,input_normalization=b0,evaluation_seasons=recent_two",42,half,six_target_native,2024-2025,1.121445401033672,random_recipe_0
"pilot_method=finalized,joint_weight=0.05,reporting_missingness=0,reporting_strength=0.5,lookback=8,ed_transform=logit,spatial=neighbors,width=32,epochs=120,patience=15,lr=0.0005,fit_partition=pathogen,covariate_encoder=summary,input_mode=scheduled_final,input_normalization=b0,evaluation_seasons=recent_two",42,half,six_target_native,2025-2026,0.9695180274642023,random_recipe_0
"pilot_method=finalized,joint_weight=0.05,reporting_missingness=0,reporting_strength=0.5,lookback=8,ed_transform=logit,spatial=neighbors,width=32,epochs=120,patience=15,lr=0.0005,fit_partition=pathogen,covariate_encoder=summary,input_mode=scheduled_final,input_normalization=b0,evaluation_seasons=recent_two",42,half,six_target_native,equal_season_mean,1.0454817142489372,random_recipe_0
"pilot_method=finalized,joint_weight=0.05,reporting_missingness=0,reporting_strength=0.5,lookback=8,ed_transform=logit,spatial=neighbors,width=32,epochs=120,patience=15,lr=0.0005,fit_partition=pathogen,covariate_encoder=summary,input_mode=scheduled_final,input_normalization=b0,evaluation_seasons=recent_two",42,half,flu_admissions_native,2024-2025,0.8037717289984253,random_recipe_0
"pilot_method=finalized,joint_weight=0.05,reporting_missingness=0,reporting_strength=0.5,lookback=8,ed_transform=logit,spatial=neighbors,width=32,epochs=120,patience=15,lr=0.0005,fit_partition=pathogen,covariate_encoder=summary,input_mode=scheduled_final,input_normalization=b0,evaluation_seasons=recent_two",42,half,flu_admissions_native,2025-2026,0.893318006142338,random_recipe_0
"pilot_method=finalized,joint_weight=0.05,reporting_missingness=0,reporting_strength=0.5,lookback=8,ed_transform=logit,spatial=neighbors,width=32,epochs=120,patience=15,lr=0.0005,fit_partition=pathogen,covariate_encoder=summary,input_mode=scheduled_final,input_normalization=b0,evaluation_seasons=recent_two",42,half,flu_admissions_native,equal_season_mean,0.8485448675703817,random_recipe_0
"pilot_method=finalized,joint_weight=0.05,reporting_missingness=0,reporting_strength=0.5,lookback=8,ed_transform=logit,spatial=neighbors,width=32,epochs=120,patience=15,lr=0.0005,fit_partition=pathogen,covariate_encoder=summary,input_mode=scheduled_final,input_normalization=b0,evaluation_seasons=recent_two",42,half,flu_admissions_log,2024-2025,0.8342403426271746,random_recipe_0
"pilot_method=finalized,joint_weight=0.05,reporting_missingness=0,reporting_strength=0.5,lookback=8,ed_transform=logit,spatial=neighbors,width=32,epochs=120,patience=15,lr=0.0005,fit_partition=pathogen,covariate_encoder=summary,input_mode=scheduled_final,input_normalization=b0,evaluation_seasons=recent_two",42,half,flu_admissions_log,2025-2026,0.9745495542097836,random_recipe_0
"pilot_method=finalized,joint_weight=0.05,reporting_missingness=0,reporting_strength=0.5,lookback=8,ed_transform=logit,spatial=neighbors,width=32,epochs=120,patience=15,lr=0.0005,fit_partition=pathogen,covariate_encoder=summary,input_mode=scheduled_final,input_normalization=b0,evaluation_seasons=recent_two",42,half,flu_admissions_log,equal_season_mean,0.9043949484184792,random_recipe_0
"pilot_method=finalized,joint_weight=0.05,reporting_missingness=0,reporting_strength=0.5,lookback=8,ed_transform=logit,spatial=neighbors,width=32,epochs=120,patience=15,lr=0.0005,fit_partition=pathogen,covariate_encoder=summary,input_mode=scheduled_final,input_normalization=b0,evaluation_seasons=recent_two",42,raw,six_target_native,2024-2025,1.1577416588835714,random_recipe_0
"pilot_method=finalized,joint_weight=0.05,reporting_missingness=0,reporting_strength=0.5,lookback=8,ed_transform=logit,spatial=neighbors,width=32,epochs=120,patience=15,lr=0.0005,fit_partition=pathogen,covariate_encoder=summary,input_mode=scheduled_final,input_normalization=b0,evaluation_seasons=recent_two",42,raw,six_target_native,2025-2026,0.974953120518636,random_recipe_0
"pilot_method=finalized,joint_weight=0.05,reporting_missingness=0,reporting_strength=0.5,lookback=8,ed_transform=logit,spatial=neighbors,width=32,epochs=120,patience=15,lr=0.0005,fit_partition=pathogen,covariate_encoder=summary,input_mode=scheduled_final,input_normalization=b0,evaluation_seasons=recent_two",42,raw,six_target_native,equal_season_mean,1.0663473897011038,random_recipe_0
"pilot_method=finalized,joint_weight=0.05,reporting_missingness=0,reporting_strength=0.5,lookback=8,ed_transform=logit,spatial=neighbors,width=32,epochs=120,patience=15,lr=0.0005,fit_partition=pathogen,covariate_encoder=summary,input_mode=scheduled_final,input_normalization=b0,evaluation_seasons=recent_two",42,raw,flu_admissions_native,2024-2025,0.817008787640128,random_recipe_0
"pilot_method=finalized,joint_weight=0.05,reporting_missingness=0,reporting_strength=0.5,lookback=8,ed_transform=logit,spatial=neighbors,width=32,epochs=120,patience=15,lr=0.0005,fit_partition=pathogen,covariate_encoder=summary,input_mode=scheduled_final,input_normalization=b0,evaluation_seasons=recent_two",42,raw,flu_admissions_native,2025-2026,0.8884863051405361,random_recipe_0
"pilot_method=finalized,joint_weight=0.05,reporting_missingness=0,reporting_strength=0.5,lookback=8,ed_transform=logit,spatial=neighbors,width=32,epochs=120,patience=15,lr=0.0005,fit_partition=pathogen,covariate_encoder=summary,input_mode=scheduled_final,input_normalization=b0,evaluation_seasons=recent_two",42,raw,flu_admissions_native,equal_season_mean,0.852747546390332,random_recipe_0
"pilot_method=finalized,joint_weight=0.05,reporting_missingness=0,reporting_strength=0.5,lookback=8,ed_transform=logit,spatial=neighbors,width=32,epochs=120,patience=15,lr=0.0005,fit_partition=pathogen,covariate_encoder=summary,input_mode=scheduled_final,input_normalization=b0,evaluation_seasons=recent_two",42,raw,flu_admissions_log,2024-2025,0.850293873325664,random_recipe_0
"pilot_method=finalized,joint_weight=0.05,reporting_missingness=0,reporting_strength=0.5,lookback=8,ed_transform=logit,spatial=neighbors,width=32,epochs=120,patience=15,lr=0.0005,fit_partition=pathogen,covariate_encoder=summary,input_mode=scheduled_final,input_normalization=b0,evaluation_seasons=recent_two",42,raw,flu_admissions_log,2025-2026,0.97939951776776,random_recipe_0
"pilot_method=finalized,joint_weight=0.05,reporting_missingness=0,reporting_strength=0.5,lookback=8,ed_transform=logit,spatial=neighbors,width=32,epochs=120,patience=15,lr=0.0005,fit_partition=pathogen,covariate_encoder=summary,input_mode=scheduled_final,input_normalization=b0,evaluation_seasons=recent_two",42,raw,flu_admissions_log,equal_season_mean,0.914846695546712,random_recipe_0
"pilot_method=finalized,joint_weight=0.05,reporting_missingness=0,reporting_strength=0.5,lookback=8,ed_transform=logit,spatial=neighbors,width=32,epochs=120,patience=15,lr=0.0005,fit_partition=pathogen,covariate_encoder=summary,input_mode=scheduled_final,input_normalization=b0,evaluation_seasons=recent_two",43,corrected,six_target_native,2024-2025,1.1242220518341584,random_recipe_0
"pilot_method=finalized,joint_weight=0.05,reporting_missingness=0,reporting_strength=0.5,lookback=8,ed_transform=logit,spatial=neighbors,width=32,epochs=120,patience=15,lr=0.0005,fit_partition=pathogen,covariate_encoder=summary,input_mode=scheduled_final,input_normalization=b0,evaluation_seasons=recent_two",43,corrected,six_target_native,2025-2026,1.0202478578394494,random_recipe_0
"pilot_method=finalized,joint_weight=0.05,reporting_missingness=0,reporting_strength=0.5,lookback=8,ed_transform=logit,spatial=neighbors,width=32,epochs=120,patience=15,lr=0.0005,fit_partition=pathogen,covariate_encoder=summary,input_mode=scheduled_final,input_normalization=b0,evaluation_seasons=recent_two",43,corrected,six_target_native,equal_season_mean,1.0722349548368038,random_recipe_0
"pilot_method=finalized,joint_weight=0.05,reporting_missingness=0,reporting_strength=0.5,lookback=8,ed_transform=logit,spatial=neighbors,width=32,epochs=120,patience=15,lr=0.0005,fit_partition=pathogen,covariate_encoder=summary,input_mode=scheduled_final,input_normalization=b0,evaluation_seasons=recent_two",43,corrected,flu_admissions_native,2024-2025,0.843109549114254,random_recipe_0
"pilot_method=finalized,joint_weight=0.05,reporting_missingness=0,reporting_strength=0.5,lookback=8,ed_transform=logit,spatial=neighbors,width=32,epochs=120,patience=15,lr=0.0005,fit_partition=pathogen,covariate_encoder=summary,input_mode=scheduled_final,input_normalization=b0,evaluation_seasons=recent_two",43,corrected,flu_admissions_native,2025-2026,0.9849092010037552,random_recipe_0
"pilot_method=finalized,joint_weight=0.05,reporting_missingness=0,reporting_strength=0.5,lookback=8,ed_transform=logit,spatial=neighbors,width=32,epochs=120,patience=15,lr=0.0005,fit_partition=pathogen,covariate_encoder=summary,input_mode=scheduled_final,input_normalization=b0,evaluation_seasons=recent_two",43,corrected,flu_admissions_native,equal_season_mean,0.9140093750590046,random_recipe_0
"pilot_method=finalized,joint_weight=0.05,reporting_missingness=0,reporting_strength=0.5,lookback=8,ed_transform=logit,spatial=neighbors,width=32,epochs=120,patience=15,lr=0.0005,fit_partition=pathogen,covariate_encoder=summary,input_mode=scheduled_final,input_normalization=b0,evaluation_seasons=recent_two",43,corrected,flu_admissions_log,2024-2025,0.8475711432109759,random_recipe_0
"pilot_method=finalized,joint_weight=0.05,reporting_missingness=0,reporting_strength=0.5,lookback=8,ed_transform=logit,spatial=neighbors,width=32,epochs=120,patience=15,lr=0.0005,fit_partition=pathogen,covariate_encoder=summary,input_mode=scheduled_final,input_normalization=b0,evaluation_seasons=recent_two",43,corrected,flu_admissions_log,2025-2026,1.084870519539493,random_recipe_0
"pilot_method=finalized,joint_weight=0.05,reporting_missingness=0,reporting_strength=0.5,lookback=8,ed_transform=logit,spatial=neighbors,width=32,epochs=120,patience=15,lr=0.0005,fit_partition=pathogen,covariate_encoder=summary,input_mode=scheduled_final,input_normalization=b0,evaluation_seasons=recent_two",43,corrected,flu_admissions_log,equal_season_mean,0.9662208313752344,random_recipe_0
"pilot_method=finalized,joint_weight=0.05,reporting_missingness=0,reporting_strength=0.5,lookback=8,ed_transform=logit,spatial=neighbors,width=32,epochs=120,patience=15,lr=0.0005,fit_partition=pathogen,covariate_encoder=summary,input_mode=scheduled_final,input_normalization=b0,evaluation_seasons=recent_two",43,half,six_target_native,2024-2025,1.157318288002127,random_recipe_0
"pilot_method=finalized,joint_weight=0.05,reporting_missingness=0,reporting_strength=0.5,lookback=8,ed_transform=logit,spatial=neighbors,width=32,epochs=120,patience=15,lr=0.0005,fit_partition=pathogen,covariate_encoder=summary,input_mode=scheduled_final,input_normalization=b0,evaluation_seasons=recent_two",43,half,six_target_native,2025-2026,1.0246849032519911,random_recipe_0
"pilot_method=finalized,joint_weight=0.05,reporting_missingness=0,reporting_strength=0.5,lookback=8,ed_transform=logit,spatial=neighbors,width=32,epochs=120,patience=15,lr=0.0005,fit_partition=pathogen,covariate_encoder=summary,input_mode=scheduled_final,input_normalization=b0,evaluation_seasons=recent_two",43,half,six_target_native,equal_season_mean,1.0910015956270591,random_recipe_0
"pilot_method=finalized,joint_weight=0.05,reporting_missingness=0,reporting_strength=0.5,lookback=8,ed_transform=logit,spatial=neighbors,width=32,epochs=120,patience=15,lr=0.0005,fit_partition=pathogen,covariate_encoder=summary,input_mode=scheduled_final,input_normalization=b0,evaluation_seasons=recent_two",43,half,flu_admissions_native,2024-2025,0.8593018250956701,random_recipe_0
"pilot_method=finalized,joint_weight=0.05,reporting_missingness=0,reporting_strength=0.5,lookback=8,ed_transform=logit,spatial=neighbors,width=32,epochs=120,patience=15,lr=0.0005,fit_partition=pathogen,covariate_encoder=summary,input_mode=scheduled_final,input_normalization=b0,evaluation_seasons=recent_two",43,half,flu_admissions_native,2025-2026,0.9875635755134972,random_recipe_0
"pilot_method=finalized,joint_weight=0.05,reporting_missingness=0,reporting_strength=0.5,lookback=8,ed_transform=logit,spatial=neighbors,width=32,epochs=120,patience=15,lr=0.0005,fit_partition=pathogen,covariate_encoder=summary,input_mode=scheduled_final,input_normalization=b0,evaluation_seasons=recent_two",43,half,flu_admissions_native,equal_season_mean,0.9234327003045836,random_recipe_0
"pilot_method=finalized,joint_weight=0.05,reporting_missingness=0,reporting_strength=0.5,lookback=8,ed_transform=logit,spatial=neighbors,width=32,epochs=120,patience=15,lr=0.0005,fit_partition=pathogen,covariate_encoder=summary,input_mode=scheduled_final,input_normalization=b0,evaluation_seasons=recent_two",43,half,flu_admissions_log,2024-2025,0.8659215873190994,random_recipe_0
"pilot_method=finalized,joint_weight=0.05,reporting_missingness=0,reporting_strength=0.5,lookback=8,ed_transform=logit,spatial=neighbors,width=32,epochs=120,patience=15,lr=0.0005,fit_partition=pathogen,covariate_encoder=summary,input_mode=scheduled_final,input_normalization=b0,evaluation_seasons=recent_two",43,half,flu_admissions_log,2025-2026,1.1025684411453436,random_recipe_0
"pilot_method=finalized,joint_weight=0.05,reporting_missingness=0,reporting_strength=0.5,lookback=8,ed_transform=logit,spatial=neighbors,width=32,epochs=120,patience=15,lr=0.0005,fit_partition=pathogen,covariate_encoder=summary,input_mode=scheduled_final,input_normalization=b0,evaluation_seasons=recent_two",43,half,flu_admissions_log,equal_season_mean,0.9842450142322214,random_recipe_0
"pilot_method=finalized,joint_weight=0.05,reporting_missingness=0,reporting_strength=0.5,lookback=8,ed_transform=logit,spatial=neighbors,width=32,epochs=120,patience=15,lr=0.0005,fit_partition=pathogen,covariate_encoder=summary,input_mode=scheduled_final,input_normalization=b0,evaluation_seasons=recent_two",43,raw,six_target_native,2024-2025,1.1946505896109894,random_recipe_0
"pilot_method=finalized,joint_weight=0.05,reporting_missingness=0,reporting_strength=0.5,lookback=8,ed_transform=logit,spatial=neighbors,width=32,epochs=120,patience=15,lr=0.0005,fit_partition=pathogen,covariate_encoder=summary,input_mode=scheduled_final,input_normalization=b0,evaluation_seasons=recent_two",43,raw,six_target_native,2025-2026,1.033564275465232,random_recipe_0
"pilot_method=finalized,joint_weight=0.05,reporting_missingness=0,reporting_strength=0.5,lookback=8,ed_transform=logit,spatial=neighbors,width=32,epochs=120,patience=15,lr=0.0005,fit_partition=pathogen,covariate_encoder=summary,input_mode=scheduled_final,input_normalization=b0,evaluation_seasons=recent_two",43,raw,six_target_native,equal_season_mean,1.1141074325381108,random_recipe_0
"pilot_method=finalized,joint_weight=0.05,reporting_missingness=0,reporting_strength=0.5,lookback=8,ed_transform=logit,spatial=neighbors,width=32,epochs=120,patience=15,lr=0.0005,fit_partition=pathogen,covariate_encoder=summary,input_mode=scheduled_final,input_normalization=b0,evaluation_seasons=recent_two",43,raw,flu_admissions_native,2024-2025,0.8774772463964097,random_recipe_0
"pilot_method=finalized,joint_weight=0.05,reporting_missingness=0,reporting_strength=0.5,lookback=8,ed_transform=logit,spatial=neighbors,width=32,epochs=120,patience=15,lr=0.0005,fit_partition=pathogen,covariate_encoder=summary,input_mode=scheduled_final,input_normalization=b0,evaluation_seasons=recent_two",43,raw,flu_admissions_native,2025-2026,0.9948520414846372,random_recipe_0
"pilot_method=finalized,joint_weight=0.05,reporting_missingness=0,reporting_strength=0.5,lookback=8,ed_transform=logit,spatial=neighbors,width=32,epochs=120,patience=15,lr=0.0005,fit_partition=pathogen,covariate_encoder=summary,input_mode=scheduled_final,input_normalization=b0,evaluation_seasons=recent_two",43,raw,flu_admissions_native,equal_season_mean,0.9361646439405236,random_recipe_0
"pilot_method=finalized,joint_weight=0.05,reporting_missingness=0,reporting_strength=0.5,lookback=8,ed_transform=logit,spatial=neighbors,width=32,epochs=120,patience=15,lr=0.0005,fit_partition=pathogen,covariate_encoder=summary,input_mode=scheduled_final,input_normalization=b0,evaluation_seasons=recent_two",43,raw,flu_admissions_log,2024-2025,0.8891320758954907,random_recipe_0
"pilot_method=finalized,joint_weight=0.05,reporting_missingness=0,reporting_strength=0.5,lookback=8,ed_transform=logit,spatial=neighbors,width=32,epochs=120,patience=15,lr=0.0005,fit_partition=pathogen,covariate_encoder=summary,input_mode=scheduled_final,input_normalization=b0,evaluation_seasons=recent_two",43,raw,flu_admissions_log,2025-2026,1.129060188713443,random_recipe_0
"pilot_method=finalized,joint_weight=0.05,reporting_missingness=0,reporting_strength=0.5,lookback=8,ed_transform=logit,spatial=neighbors,width=32,epochs=120,patience=15,lr=0.0005,fit_partition=pathogen,covariate_encoder=summary,input_mode=scheduled_final,input_normalization=b0,evaluation_seasons=recent_two",43,raw,flu_admissions_log,equal_season_mean,1.009096132304467,random_recipe_0
"pilot_method=finalized,pilot_nowcaster=pretrained_mlp,reporting_missingness=0,reporting_strength=0.5,ed_transform=logit,spatial=distance,epochs=120,patience=15,fit_partition=pathogen,covariate_encoder=summary,input_mode=scheduled_final,input_normalization=b0,evaluation_seasons=recent_two",42,corrected,six_target_native,2024-2025,0.9211471201669292,fixed_forecaster_pretrained_mlp
"pilot_method=finalized,pilot_nowcaster=pretrained_mlp,reporting_missingness=0,reporting_strength=0.5,ed_transform=logit,spatial=distance,epochs=120,patience=15,fit_partition=pathogen,covariate_encoder=summary,input_mode=scheduled_final,input_normalization=b0,evaluation_seasons=recent_two",42,corrected,six_target_native,2025-2026,1.0056048357324765,fixed_forecaster_pretrained_mlp
"pilot_method=finalized,pilot_nowcaster=pretrained_mlp,reporting_missingness=0,reporting_strength=0.5,ed_transform=logit,spatial=distance,epochs=120,patience=15,fit_partition=pathogen,covariate_encoder=summary,input_mode=scheduled_final,input_normalization=b0,evaluation_seasons=recent_two",42,corrected,six_target_native,equal_season_mean,0.9633759779497028,fixed_forecaster_pretrained_mlp
"pilot_method=finalized,pilot_nowcaster=pretrained_mlp,reporting_missingness=0,reporting_strength=0.5,ed_transform=logit,spatial=distance,epochs=120,patience=15,fit_partition=pathogen,covariate_encoder=summary,input_mode=scheduled_final,input_normalization=b0,evaluation_seasons=recent_two",42,corrected,flu_admissions_native,2024-2025,0.7538306596089076,fixed_forecaster_pretrained_mlp
"pilot_method=finalized,pilot_nowcaster=pretrained_mlp,reporting_missingness=0,reporting_strength=0.5,ed_transform=logit,spatial=distance,epochs=120,patience=15,fit_partition=pathogen,covariate_encoder=summary,input_mode=scheduled_final,input_normalization=b0,evaluation_seasons=recent_two",42,corrected,flu_admissions_native,2025-2026,1.143893129705439,fixed_forecaster_pretrained_mlp
"pilot_method=finalized,pilot_nowcaster=pretrained_mlp,reporting_missingness=0,reporting_strength=0.5,ed_transform=logit,spatial=distance,epochs=120,patience=15,fit_partition=pathogen,covariate_encoder=summary,input_mode=scheduled_final,input_normalization=b0,evaluation_seasons=recent_two",42,corrected,flu_admissions_native,equal_season_mean,0.9488618946571734,fixed_forecaster_pretrained_mlp
"pilot_method=finalized,pilot_nowcaster=pretrained_mlp,reporting_missingness=0,reporting_strength=0.5,ed_transform=logit,spatial=distance,epochs=120,patience=15,fit_partition=pathogen,covariate_encoder=summary,input_mode=scheduled_final,input_normalization=b0,evaluation_seasons=recent_two",42,corrected,flu_admissions_log,2024-2025,0.7549167706483133,fixed_forecaster_pretrained_mlp
"pilot_method=finalized,pilot_nowcaster=pretrained_mlp,reporting_missingness=0,reporting_strength=0.5,ed_transform=logit,spatial=distance,epochs=120,patience=15,fit_partition=pathogen,covariate_encoder=summary,input_mode=scheduled_final,input_normalization=b0,evaluation_seasons=recent_two",42,corrected,flu_admissions_log,2025-2026,1.1537621134656233,fixed_forecaster_pretrained_mlp
"pilot_method=finalized,pilot_nowcaster=pretrained_mlp,reporting_missingness=0,reporting_strength=0.5,ed_transform=logit,spatial=distance,epochs=120,patience=15,fit_partition=pathogen,covariate_encoder=summary,input_mode=scheduled_final,input_normalization=b0,evaluation_seasons=recent_two",42,corrected,flu_admissions_log,equal_season_mean,0.9543394420569684,fixed_forecaster_pretrained_mlp
"pilot_method=finalized,pilot_nowcaster=pretrained_mlp,reporting_missingness=0,reporting_strength=0.5,ed_transform=logit,spatial=distance,epochs=120,patience=15,fit_partition=pathogen,covariate_encoder=summary,input_mode=scheduled_final,input_normalization=b0,evaluation_seasons=recent_two",42,half,six_target_native,2024-2025,0.9508673022416582,fixed_forecaster_pretrained_mlp
"pilot_method=finalized,pilot_nowcaster=pretrained_mlp,reporting_missingness=0,reporting_strength=0.5,ed_transform=logit,spatial=distance,epochs=120,patience=15,fit_partition=pathogen,covariate_encoder=summary,input_mode=scheduled_final,input_normalization=b0,evaluation_seasons=recent_two",42,half,six_target_native,2025-2026,1.0087532741998304,fixed_forecaster_pretrained_mlp
"pilot_method=finalized,pilot_nowcaster=pretrained_mlp,reporting_missingness=0,reporting_strength=0.5,ed_transform=logit,spatial=distance,epochs=120,patience=15,fit_partition=pathogen,covariate_encoder=summary,input_mode=scheduled_final,input_normalization=b0,evaluation_seasons=recent_two",42,half,six_target_native,equal_season_mean,0.9798102882207442,fixed_forecaster_pretrained_mlp
"pilot_method=finalized,pilot_nowcaster=pretrained_mlp,reporting_missingness=0,reporting_strength=0.5,ed_transform=logit,spatial=distance,epochs=120,patience=15,fit_partition=pathogen,covariate_encoder=summary,input_mode=scheduled_final,input_normalization=b0,evaluation_seasons=recent_two",42,half,flu_admissions_native,2024-2025,0.7628830815704755,fixed_forecaster_pretrained_mlp
"pilot_method=finalized,pilot_nowcaster=pretrained_mlp,reporting_missingness=0,reporting_strength=0.5,ed_transform=logit,spatial=distance,epochs=120,patience=15,fit_partition=pathogen,covariate_encoder=summary,input_mode=scheduled_final,input_normalization=b0,evaluation_seasons=recent_two",42,half,flu_admissions_native,2025-2026,1.1431460892347889,fixed_forecaster_pretrained_mlp
"pilot_method=finalized,pilot_nowcaster=pretrained_mlp,reporting_missingness=0,reporting_strength=0.5,ed_transform=logit,spatial=distance,epochs=120,patience=15,fit_partition=pathogen,covariate_encoder=summary,input_mode=scheduled_final,input_normalization=b0,evaluation_seasons=recent_two",42,half,flu_admissions_native,equal_season_mean,0.9530145854026322,fixed_forecaster_pretrained_mlp
"pilot_method=finalized,pilot_nowcaster=pretrained_mlp,reporting_missingness=0,reporting_strength=0.5,ed_transform=logit,spatial=distance,epochs=120,patience=15,fit_partition=pathogen,covariate_encoder=summary,input_mode=scheduled_final,input_normalization=b0,evaluation_seasons=recent_two",42,half,flu_admissions_log,2024-2025,0.7716973938750379,fixed_forecaster_pretrained_mlp
"pilot_method=finalized,pilot_nowcaster=pretrained_mlp,reporting_missingness=0,reporting_strength=0.5,ed_transform=logit,spatial=distance,epochs=120,patience=15,fit_partition=pathogen,covariate_encoder=summary,input_mode=scheduled_final,input_normalization=b0,evaluation_seasons=recent_two",42,half,flu_admissions_log,2025-2026,1.157214938957978,fixed_forecaster_pretrained_mlp
"pilot_method=finalized,pilot_nowcaster=pretrained_mlp,reporting_missingness=0,reporting_strength=0.5,ed_transform=logit,spatial=distance,epochs=120,patience=15,fit_partition=pathogen,covariate_encoder=summary,input_mode=scheduled_final,input_normalization=b0,evaluation_seasons=recent_two",42,half,flu_admissions_log,equal_season_mean,0.964456166416508,fixed_forecaster_pretrained_mlp
"pilot_method=finalized,pilot_nowcaster=pretrained_mlp,reporting_missingness=0,reporting_strength=0.5,ed_transform=logit,spatial=distance,epochs=120,patience=15,fit_partition=pathogen,covariate_encoder=summary,input_mode=scheduled_final,input_normalization=b0,evaluation_seasons=recent_two",42,raw,six_target_native,2024-2025,0.9928516685127888,fixed_forecaster_pretrained_mlp
"pilot_method=finalized,pilot_nowcaster=pretrained_mlp,reporting_missingness=0,reporting_strength=0.5,ed_transform=logit,spatial=distance,epochs=120,patience=15,fit_partition=pathogen,covariate_encoder=summary,input_mode=scheduled_final,input_normalization=b0,evaluation_seasons=recent_two",42,raw,six_target_native,2025-2026,1.017308531111003,fixed_forecaster_pretrained_mlp
"pilot_method=finalized,pilot_nowcaster=pretrained_mlp,reporting_missingness=0,reporting_strength=0.5,ed_transform=logit,spatial=distance,epochs=120,patience=15,fit_partition=pathogen,covariate_encoder=summary,input_mode=scheduled_final,input_normalization=b0,evaluation_seasons=recent_two",42,raw,six_target_native,equal_season_mean,1.005080099811896,fixed_forecaster_pretrained_mlp
"pilot_method=finalized,pilot_nowcaster=pretrained_mlp,reporting_missingness=0,reporting_strength=0.5,ed_transform=logit,spatial=distance,epochs=120,patience=15,fit_partition=pathogen,covariate_encoder=summary,input_mode=scheduled_final,input_normalization=b0,evaluation_seasons=recent_two",42,raw,flu_admissions_native,2024-2025,0.7810527484604083,fixed_forecaster_pretrained_mlp
"pilot_method=finalized,pilot_nowcaster=pretrained_mlp,reporting_missingness=0,reporting_strength=0.5,ed_transform=logit,spatial=distance,epochs=120,patience=15,fit_partition=pathogen,covariate_encoder=summary,input_mode=scheduled_final,input_normalization=b0,evaluation_seasons=recent_two",42,raw,flu_admissions_native,2025-2026,1.1470994239679613,fixed_forecaster_pretrained_mlp
"pilot_method=finalized,pilot_nowcaster=pretrained_mlp,reporting_missingness=0,reporting_strength=0.5,ed_transform=logit,spatial=distance,epochs=120,patience=15,fit_partition=pathogen,covariate_encoder=summary,input_mode=scheduled_final,input_normalization=b0,evaluation_seasons=recent_two",42,raw,flu_admissions_native,equal_season_mean,0.9640760862141848,fixed_forecaster_pretrained_mlp
"pilot_method=finalized,pilot_nowcaster=pretrained_mlp,reporting_missingness=0,reporting_strength=0.5,ed_transform=logit,spatial=distance,epochs=120,patience=15,fit_partition=pathogen,covariate_encoder=summary,input_mode=scheduled_final,input_normalization=b0,evaluation_seasons=recent_two",42,raw,flu_admissions_log,2024-2025,0.8019489124150209,fixed_forecaster_pretrained_mlp
"pilot_method=finalized,pilot_nowcaster=pretrained_mlp,reporting_missingness=0,reporting_strength=0.5,ed_transform=logit,spatial=distance,epochs=120,patience=15,fit_partition=pathogen,covariate_encoder=summary,input_mode=scheduled_final,input_normalization=b0,evaluation_seasons=recent_two",42,raw,flu_admissions_log,2025-2026,1.1669587871683131,fixed_forecaster_pretrained_mlp
"pilot_method=finalized,pilot_nowcaster=pretrained_mlp,reporting_missingness=0,reporting_strength=0.5,ed_transform=logit,spatial=distance,epochs=120,patience=15,fit_partition=pathogen,covariate_encoder=summary,input_mode=scheduled_final,input_normalization=b0,evaluation_seasons=recent_two",42,raw,flu_admissions_log,equal_season_mean,0.9844538497916672,fixed_forecaster_pretrained_mlp
"pilot_method=finalized,pilot_nowcaster=pretrained_mlp,reporting_missingness=0,reporting_strength=0.5,ed_transform=logit,spatial=distance,epochs=120,patience=15,fit_partition=pathogen,covariate_encoder=summary,input_mode=scheduled_final,input_normalization=b0,evaluation_seasons=recent_two",43,corrected,six_target_native,2024-2025,1.147305849326354,fixed_forecaster_pretrained_mlp
"pilot_method=finalized,pilot_nowcaster=pretrained_mlp,reporting_missingness=0,reporting_strength=0.5,ed_transform=logit,spatial=distance,epochs=120,patience=15,fit_partition=pathogen,covariate_encoder=summary,input_mode=scheduled_final,input_normalization=b0,evaluation_seasons=recent_two",43,corrected,six_target_native,2025-2026,1.0069795246381668,fixed_forecaster_pretrained_mlp
"pilot_method=finalized,pilot_nowcaster=pretrained_mlp,reporting_missingness=0,reporting_strength=0.5,ed_transform=logit,spatial=distance,epochs=120,patience=15,fit_partition=pathogen,covariate_encoder=summary,input_mode=scheduled_final,input_normalization=b0,evaluation_seasons=recent_two",43,corrected,six_target_native,equal_season_mean,1.0771426869822602,fixed_forecaster_pretrained_mlp
"pilot_method=finalized,pilot_nowcaster=pretrained_mlp,reporting_missingness=0,reporting_strength=0.5,ed_transform=logit,spatial=distance,epochs=120,patience=15,fit_partition=pathogen,covariate_encoder=summary,input_mode=scheduled_final,input_normalization=b0,evaluation_seasons=recent_two",43,corrected,flu_admissions_native,2024-2025,0.8833745874995436,fixed_forecaster_pretrained_mlp
"pilot_method=finalized,pilot_nowcaster=pretrained_mlp,reporting_missingness=0,reporting_strength=0.5,ed_transform=logit,spatial=distance,epochs=120,patience=15,fit_partition=pathogen,covariate_encoder=summary,input_mode=scheduled_final,input_normalization=b0,evaluation_seasons=recent_two",43,corrected,flu_admissions_native,2025-2026,0.8897906055522451,fixed_forecaster_pretrained_mlp
"pilot_method=finalized,pilot_nowcaster=pretrained_mlp,reporting_missingness=0,reporting_strength=0.5,ed_transform=logit,spatial=distance,epochs=120,patience=15,fit_partition=pathogen,covariate_encoder=summary,input_mode=scheduled_final,input_normalization=b0,evaluation_seasons=recent_two",43,corrected,flu_admissions_native,equal_season_mean,0.8865825965258943,fixed_forecaster_pretrained_mlp
"pilot_method=finalized,pilot_nowcaster=pretrained_mlp,reporting_missingness=0,reporting_strength=0.5,ed_transform=logit,spatial=distance,epochs=120,patience=15,fit_partition=pathogen,covariate_encoder=summary,input_mode=scheduled_final,input_normalization=b0,evaluation_seasons=recent_two",43,corrected,flu_admissions_log,2024-2025,0.8734381267375655,fixed_forecaster_pretrained_mlp
"pilot_method=finalized,pilot_nowcaster=pretrained_mlp,reporting_missingness=0,reporting_strength=0.5,ed_transform=logit,spatial=distance,epochs=120,patience=15,fit_partition=pathogen,covariate_encoder=summary,input_mode=scheduled_final,input_normalization=b0,evaluation_seasons=recent_two",43,corrected,flu_admissions_log,2025-2026,0.9211059227436008,fixed_forecaster_pretrained_mlp
"pilot_method=finalized,pilot_nowcaster=pretrained_mlp,reporting_missingness=0,reporting_strength=0.5,ed_transform=logit,spatial=distance,epochs=120,patience=15,fit_partition=pathogen,covariate_encoder=summary,input_mode=scheduled_final,input_normalization=b0,evaluation_seasons=recent_two",43,corrected,flu_admissions_log,equal_season_mean,0.8972720247405831,fixed_forecaster_pretrained_mlp
"pilot_method=finalized,pilot_nowcaster=pretrained_mlp,reporting_missingness=0,reporting_strength=0.5,ed_transform=logit,spatial=distance,epochs=120,patience=15,fit_partition=pathogen,covariate_encoder=summary,input_mode=scheduled_final,input_normalization=b0,evaluation_seasons=recent_two",43,half,six_target_native,2024-2025,1.187220320726061,fixed_forecaster_pretrained_mlp
"pilot_method=finalized,pilot_nowcaster=pretrained_mlp,reporting_missingness=0,reporting_strength=0.5,ed_transform=logit,spatial=distance,epochs=120,patience=15,fit_partition=pathogen,covariate_encoder=summary,input_mode=scheduled_final,input_normalization=b0,evaluation_seasons=recent_two",43,half,six_target_native,2025-2026,1.008331930408427,fixed_forecaster_pretrained_mlp
"pilot_method=finalized,pilot_nowcaster=pretrained_mlp,reporting_missingness=0,reporting_strength=0.5,ed_transform=logit,spatial=distance,epochs=120,patience=15,fit_partition=pathogen,covariate_encoder=summary,input_mode=scheduled_final,input_normalization=b0,evaluation_seasons=recent_two",43,half,six_target_native,equal_season_mean,1.097776125567244,fixed_forecaster_pretrained_mlp
"pilot_method=finalized,pilot_nowcaster=pretrained_mlp,reporting_missingness=0,reporting_strength=0.5,ed_transform=logit,spatial=distance,epochs=120,patience=15,fit_partition=pathogen,covariate_encoder=summary,input_mode=scheduled_final,input_normalization=b0,evaluation_seasons=recent_two",43,half,flu_admissions_native,2024-2025,0.90533598823829,fixed_forecaster_pretrained_mlp
"pilot_method=finalized,pilot_nowcaster=pretrained_mlp,reporting_missingness=0,reporting_strength=0.5,ed_transform=logit,spatial=distance,epochs=120,patience=15,fit_partition=pathogen,covariate_encoder=summary,input_mode=scheduled_final,input_normalization=b0,evaluation_seasons=recent_two",43,half,flu_admissions_native,2025-2026,0.879395696288294,fixed_forecaster_pretrained_mlp
"pilot_method=finalized,pilot_nowcaster=pretrained_mlp,reporting_missingness=0,reporting_strength=0.5,ed_transform=logit,spatial=distance,epochs=120,patience=15,fit_partition=pathogen,covariate_encoder=summary,input_mode=scheduled_final,input_normalization=b0,evaluation_seasons=recent_two",43,half,flu_admissions_native,equal_season_mean,0.892365842263292,fixed_forecaster_pretrained_mlp
"pilot_method=finalized,pilot_nowcaster=pretrained_mlp,reporting_missingness=0,reporting_strength=0.5,ed_transform=logit,spatial=distance,epochs=120,patience=15,fit_partition=pathogen,covariate_encoder=summary,input_mode=scheduled_final,input_normalization=b0,evaluation_seasons=recent_two",43,half,flu_admissions_log,2024-2025,0.9026268116414182,fixed_forecaster_pretrained_mlp
"pilot_method=finalized,pilot_nowcaster=pretrained_mlp,reporting_missingness=0,reporting_strength=0.5,ed_transform=logit,spatial=distance,epochs=120,patience=15,fit_partition=pathogen,covariate_encoder=summary,input_mode=scheduled_final,input_normalization=b0,evaluation_seasons=recent_two",43,half,flu_admissions_log,2025-2026,0.9211891763858716,fixed_forecaster_pretrained_mlp
"pilot_method=finalized,pilot_nowcaster=pretrained_mlp,reporting_missingness=0,reporting_strength=0.5,ed_transform=logit,spatial=distance,epochs=120,patience=15,fit_partition=pathogen,covariate_encoder=summary,input_mode=scheduled_final,input_normalization=b0,evaluation_seasons=recent_two",43,half,flu_admissions_log,equal_season_mean,0.9119079940136448,fixed_forecaster_pretrained_mlp
"pilot_method=finalized,pilot_nowcaster=pretrained_mlp,reporting_missingness=0,reporting_strength=0.5,ed_transform=logit,spatial=distance,epochs=120,patience=15,fit_partition=pathogen,covariate_encoder=summary,input_mode=scheduled_final,input_normalization=b0,evaluation_seasons=recent_two",43,raw,six_target_native,2024-2025,1.2366149072243824,fixed_forecaster_pretrained_mlp
"pilot_method=finalized,pilot_nowcaster=pretrained_mlp,reporting_missingness=0,reporting_strength=0.5,ed_transform=logit,spatial=distance,epochs=120,patience=15,fit_partition=pathogen,covariate_encoder=summary,input_mode=scheduled_final,input_normalization=b0,evaluation_seasons=recent_two",43,raw,six_target_native,2025-2026,1.015522796004234,fixed_forecaster_pretrained_mlp
"pilot_method=finalized,pilot_nowcaster=pretrained_mlp,reporting_missingness=0,reporting_strength=0.5,ed_transform=logit,spatial=distance,epochs=120,patience=15,fit_partition=pathogen,covariate_encoder=summary,input_mode=scheduled_final,input_normalization=b0,evaluation_seasons=recent_two",43,raw,six_target_native,equal_season_mean,1.126068851614308,fixed_forecaster_pretrained_mlp
"pilot_method=finalized,pilot_nowcaster=pretrained_mlp,reporting_missingness=0,reporting_strength=0.5,ed_transform=logit,spatial=distance,epochs=120,patience=15,fit_partition=pathogen,covariate_encoder=summary,input_mode=scheduled_final,input_normalization=b0,evaluation_seasons=recent_two",43,raw,flu_admissions_native,2024-2025,0.933891879936992,fixed_forecaster_pretrained_mlp
"pilot_method=finalized,pilot_nowcaster=pretrained_mlp,reporting_missingness=0,reporting_strength=0.5,ed_transform=logit,spatial=distance,epochs=120,patience=15,fit_partition=pathogen,covariate_encoder=summary,input_mode=scheduled_final,input_normalization=b0,evaluation_seasons=recent_two",43,raw,flu_admissions_native,2025-2026,0.8754082606806448,fixed_forecaster_pretrained_mlp
"pilot_method=finalized,pilot_nowcaster=pretrained_mlp,reporting_missingness=0,reporting_strength=0.5,ed_transform=logit,spatial=distance,epochs=120,patience=15,fit_partition=pathogen,covariate_encoder=summary,input_mode=scheduled_final,input_normalization=b0,evaluation_seasons=recent_two",43,raw,flu_admissions_native,equal_season_mean,0.9046500703088184,fixed_forecaster_pretrained_mlp
"pilot_method=finalized,pilot_nowcaster=pretrained_mlp,reporting_missingness=0,reporting_strength=0.5,ed_transform=logit,spatial=distance,epochs=120,patience=15,fit_partition=pathogen,covariate_encoder=summary,input_mode=scheduled_final,input_normalization=b0,evaluation_seasons=recent_two",43,raw,flu_admissions_log,2024-2025,0.9425371683048942,fixed_forecaster_pretrained_mlp
"pilot_method=finalized,pilot_nowcaster=pretrained_mlp,reporting_missingness=0,reporting_strength=0.5,ed_transform=logit,spatial=distance,epochs=120,patience=15,fit_partition=pathogen,covariate_encoder=summary,input_mode=scheduled_final,input_normalization=b0,evaluation_seasons=recent_two",43,raw,flu_admissions_log,2025-2026,0.9329591571335024,fixed_forecaster_pretrained_mlp
"pilot_method=finalized,pilot_nowcaster=pretrained_mlp,reporting_missingness=0,reporting_strength=0.5,ed_transform=logit,spatial=distance,epochs=120,patience=15,fit_partition=pathogen,covariate_encoder=summary,input_mode=scheduled_final,input_normalization=b0,evaluation_seasons=recent_two",43,raw,flu_admissions_log,equal_season_mean,0.9377481627191984,fixed_forecaster_pretrained_mlp
"pilot_method=finalized,pilot_nowcaster=real_mlp,reporting_missingness=0,reporting_strength=0.5,ed_transform=logit,spatial=distance,epochs=120,patience=15,fit_partition=pathogen,covariate_encoder=summary,input_mode=scheduled_final,input_normalization=b0,evaluation_seasons=recent_two",42,corrected,six_target_native,2024-2025,0.9236140330696856,fixed_forecaster_real_mlp
"pilot_method=finalized,pilot_nowcaster=real_mlp,reporting_missingness=0,reporting_strength=0.5,ed_transform=logit,spatial=distance,epochs=120,patience=15,fit_partition=pathogen,covariate_encoder=summary,input_mode=scheduled_final,input_normalization=b0,evaluation_seasons=recent_two",42,corrected,six_target_native,2025-2026,1.0027162008830124,fixed_forecaster_real_mlp
"pilot_method=finalized,pilot_nowcaster=real_mlp,reporting_missingness=0,reporting_strength=0.5,ed_transform=logit,spatial=distance,epochs=120,patience=15,fit_partition=pathogen,covariate_encoder=summary,input_mode=scheduled_final,input_normalization=b0,evaluation_seasons=recent_two",42,corrected,six_target_native,equal_season_mean,0.9631651169763488,fixed_forecaster_real_mlp
"pilot_method=finalized,pilot_nowcaster=real_mlp,reporting_missingness=0,reporting_strength=0.5,ed_transform=logit,spatial=distance,epochs=120,patience=15,fit_partition=pathogen,covariate_encoder=summary,input_mode=scheduled_final,input_normalization=b0,evaluation_seasons=recent_two",42,corrected,flu_admissions_native,2024-2025,0.7565970852212982,fixed_forecaster_real_mlp
"pilot_method=finalized,pilot_nowcaster=real_mlp,reporting_missingness=0,reporting_strength=0.5,ed_transform=logit,spatial=distance,epochs=120,patience=15,fit_partition=pathogen,covariate_encoder=summary,input_mode=scheduled_final,input_normalization=b0,evaluation_seasons=recent_two",42,corrected,flu_admissions_native,2025-2026,1.1445867217642367,fixed_forecaster_real_mlp
"pilot_method=finalized,pilot_nowcaster=real_mlp,reporting_missingness=0,reporting_strength=0.5,ed_transform=logit,spatial=distance,epochs=120,patience=15,fit_partition=pathogen,covariate_encoder=summary,input_mode=scheduled_final,input_normalization=b0,evaluation_seasons=recent_two",42,corrected,flu_admissions_native,equal_season_mean,0.9505919034927676,fixed_forecaster_real_mlp
"pilot_method=finalized,pilot_nowcaster=real_mlp,reporting_missingness=0,reporting_strength=0.5,ed_transform=logit,spatial=distance,epochs=120,patience=15,fit_partition=pathogen,covariate_encoder=summary,input_mode=scheduled_final,input_normalization=b0,evaluation_seasons=recent_two",42,corrected,flu_admissions_log,2024-2025,0.7550101081886234,fixed_forecaster_real_mlp
"pilot_method=finalized,pilot_nowcaster=real_mlp,reporting_missingness=0,reporting_strength=0.5,ed_transform=logit,spatial=distance,epochs=120,patience=15,fit_partition=pathogen,covariate_encoder=summary,input_mode=scheduled_final,input_normalization=b0,evaluation_seasons=recent_two",42,corrected,flu_admissions_log,2025-2026,1.157239599614934,fixed_forecaster_real_mlp
"pilot_method=finalized,pilot_nowcaster=real_mlp,reporting_missingness=0,reporting_strength=0.5,ed_transform=logit,spatial=distance,epochs=120,patience=15,fit_partition=pathogen,covariate_encoder=summary,input_mode=scheduled_final,input_normalization=b0,evaluation_seasons=recent_two",42,corrected,flu_admissions_log,equal_season_mean,0.9561248539017788,fixed_forecaster_real_mlp
"pilot_method=finalized,pilot_nowcaster=real_mlp,reporting_missingness=0,reporting_strength=0.5,ed_transform=logit,spatial=distance,epochs=120,patience=15,fit_partition=pathogen,covariate_encoder=summary,input_mode=scheduled_final,input_normalization=b0,evaluation_seasons=recent_two",42,half,six_target_native,2024-2025,0.9514195521584382,fixed_forecaster_real_mlp
"pilot_method=finalized,pilot_nowcaster=real_mlp,reporting_missingness=0,reporting_strength=0.5,ed_transform=logit,spatial=distance,epochs=120,patience=15,fit_partition=pathogen,covariate_encoder=summary,input_mode=scheduled_final,input_normalization=b0,evaluation_seasons=recent_two",42,half,six_target_native,2025-2026,1.0073197051332068,fixed_forecaster_real_mlp
"pilot_method=finalized,pilot_nowcaster=real_mlp,reporting_missingness=0,reporting_strength=0.5,ed_transform=logit,spatial=distance,epochs=120,patience=15,fit_partition=pathogen,covariate_encoder=summary,input_mode=scheduled_final,input_normalization=b0,evaluation_seasons=recent_two",42,half,six_target_native,equal_season_mean,0.9793696286458224,fixed_forecaster_real_mlp
"pilot_method=finalized,pilot_nowcaster=real_mlp,reporting_missingness=0,reporting_strength=0.5,ed_transform=logit,spatial=distance,epochs=120,patience=15,fit_partition=pathogen,covariate_encoder=summary,input_mode=scheduled_final,input_normalization=b0,evaluation_seasons=recent_two",42,half,flu_admissions_native,2024-2025,0.7638394426505295,fixed_forecaster_real_mlp
"pilot_method=finalized,pilot_nowcaster=real_mlp,reporting_missingness=0,reporting_strength=0.5,ed_transform=logit,spatial=distance,epochs=120,patience=15,fit_partition=pathogen,covariate_encoder=summary,input_mode=scheduled_final,input_normalization=b0,evaluation_seasons=recent_two",42,half,flu_admissions_native,2025-2026,1.1433688476959425,fixed_forecaster_real_mlp
"pilot_method=finalized,pilot_nowcaster=real_mlp,reporting_missingness=0,reporting_strength=0.5,ed_transform=logit,spatial=distance,epochs=120,patience=15,fit_partition=pathogen,covariate_encoder=summary,input_mode=scheduled_final,input_normalization=b0,evaluation_seasons=recent_two",42,half,flu_admissions_native,equal_season_mean,0.953604145173236,fixed_forecaster_real_mlp
"pilot_method=finalized,pilot_nowcaster=real_mlp,reporting_missingness=0,reporting_strength=0.5,ed_transform=logit,spatial=distance,epochs=120,patience=15,fit_partition=pathogen,covariate_encoder=summary,input_mode=scheduled_final,input_normalization=b0,evaluation_seasons=recent_two",42,half,flu_admissions_log,2024-2025,0.7702950294099954,fixed_forecaster_real_mlp
"pilot_method=finalized,pilot_nowcaster=real_mlp,reporting_missingness=0,reporting_strength=0.5,ed_transform=logit,spatial=distance,epochs=120,patience=15,fit_partition=pathogen,covariate_encoder=summary,input_mode=scheduled_final,input_normalization=b0,evaluation_seasons=recent_two",42,half,flu_admissions_log,2025-2026,1.158570329480443,fixed_forecaster_real_mlp
"pilot_method=finalized,pilot_nowcaster=real_mlp,reporting_missingness=0,reporting_strength=0.5,ed_transform=logit,spatial=distance,epochs=120,patience=15,fit_partition=pathogen,covariate_encoder=summary,input_mode=scheduled_final,input_normalization=b0,evaluation_seasons=recent_two",42,half,flu_admissions_log,equal_season_mean,0.9644326794452192,fixed_forecaster_real_mlp
"pilot_method=finalized,pilot_nowcaster=real_mlp,reporting_missingness=0,reporting_strength=0.5,ed_transform=logit,spatial=distance,epochs=120,patience=15,fit_partition=pathogen,covariate_encoder=summary,input_mode=scheduled_final,input_normalization=b0,evaluation_seasons=recent_two",42,raw,six_target_native,2024-2025,0.9928516685127888,fixed_forecaster_real_mlp
"pilot_method=finalized,pilot_nowcaster=real_mlp,reporting_missingness=0,reporting_strength=0.5,ed_transform=logit,spatial=distance,epochs=120,patience=15,fit_partition=pathogen,covariate_encoder=summary,input_mode=scheduled_final,input_normalization=b0,evaluation_seasons=recent_two",42,raw,six_target_native,2025-2026,1.017308531111003,fixed_forecaster_real_mlp
"pilot_method=finalized,pilot_nowcaster=real_mlp,reporting_missingness=0,reporting_strength=0.5,ed_transform=logit,spatial=distance,epochs=120,patience=15,fit_partition=pathogen,covariate_encoder=summary,input_mode=scheduled_final,input_normalization=b0,evaluation_seasons=recent_two",42,raw,six_target_native,equal_season_mean,1.005080099811896,fixed_forecaster_real_mlp
"pilot_method=finalized,pilot_nowcaster=real_mlp,reporting_missingness=0,reporting_strength=0.5,ed_transform=logit,spatial=distance,epochs=120,patience=15,fit_partition=pathogen,covariate_encoder=summary,input_mode=scheduled_final,input_normalization=b0,evaluation_seasons=recent_two",42,raw,flu_admissions_native,2024-2025,0.7810527484604083,fixed_forecaster_real_mlp
"pilot_method=finalized,pilot_nowcaster=real_mlp,reporting_missingness=0,reporting_strength=0.5,ed_transform=logit,spatial=distance,epochs=120,patience=15,fit_partition=pathogen,covariate_encoder=summary,input_mode=scheduled_final,input_normalization=b0,evaluation_seasons=recent_two",42,raw,flu_admissions_native,2025-2026,1.1470994239679613,fixed_forecaster_real_mlp
"pilot_method=finalized,pilot_nowcaster=real_mlp,reporting_missingness=0,reporting_strength=0.5,ed_transform=logit,spatial=distance,epochs=120,patience=15,fit_partition=pathogen,covariate_encoder=summary,input_mode=scheduled_final,input_normalization=b0,evaluation_seasons=recent_two",42,raw,flu_admissions_native,equal_season_mean,0.9640760862141848,fixed_forecaster_real_mlp
"pilot_method=finalized,pilot_nowcaster=real_mlp,reporting_missingness=0,reporting_strength=0.5,ed_transform=logit,spatial=distance,epochs=120,patience=15,fit_partition=pathogen,covariate_encoder=summary,input_mode=scheduled_final,input_normalization=b0,evaluation_seasons=recent_two",42,raw,flu_admissions_log,2024-2025,0.8019489124150209,fixed_forecaster_real_mlp
"pilot_method=finalized,pilot_nowcaster=real_mlp,reporting_missingness=0,reporting_strength=0.5,ed_transform=logit,spatial=distance,epochs=120,patience=15,fit_partition=pathogen,covariate_encoder=summary,input_mode=scheduled_final,input_normalization=b0,evaluation_seasons=recent_two",42,raw,flu_admissions_log,2025-2026,1.1669587871683131,fixed_forecaster_real_mlp
"pilot_method=finalized,pilot_nowcaster=real_mlp,reporting_missingness=0,reporting_strength=0.5,ed_transform=logit,spatial=distance,epochs=120,patience=15,fit_partition=pathogen,covariate_encoder=summary,input_mode=scheduled_final,input_normalization=b0,evaluation_seasons=recent_two",42,raw,flu_admissions_log,equal_season_mean,0.9844538497916672,fixed_forecaster_real_mlp
"pilot_method=finalized,pilot_nowcaster=real_mlp,reporting_missingness=0,reporting_strength=0.5,ed_transform=logit,spatial=distance,epochs=120,patience=15,fit_partition=pathogen,covariate_encoder=summary,input_mode=scheduled_final,input_normalization=b0,evaluation_seasons=recent_two",43,corrected,six_target_native,2024-2025,1.1417449374841646,fixed_forecaster_real_mlp
"pilot_method=finalized,pilot_nowcaster=real_mlp,reporting_missingness=0,reporting_strength=0.5,ed_transform=logit,spatial=distance,epochs=120,patience=15,fit_partition=pathogen,covariate_encoder=summary,input_mode=scheduled_final,input_normalization=b0,evaluation_seasons=recent_two",43,corrected,six_target_native,2025-2026,0.9986388954614484,fixed_forecaster_real_mlp
"pilot_method=finalized,pilot_nowcaster=real_mlp,reporting_missingness=0,reporting_strength=0.5,ed_transform=logit,spatial=distance,epochs=120,patience=15,fit_partition=pathogen,covariate_encoder=summary,input_mode=scheduled_final,input_normalization=b0,evaluation_seasons=recent_two",43,corrected,six_target_native,equal_season_mean,1.0701919164728064,fixed_forecaster_real_mlp
"pilot_method=finalized,pilot_nowcaster=real_mlp,reporting_missingness=0,reporting_strength=0.5,ed_transform=logit,spatial=distance,epochs=120,patience=15,fit_partition=pathogen,covariate_encoder=summary,input_mode=scheduled_final,input_normalization=b0,evaluation_seasons=recent_two",43,corrected,flu_admissions_native,2024-2025,0.8832085674501458,fixed_forecaster_real_mlp
"pilot_method=finalized,pilot_nowcaster=real_mlp,reporting_missingness=0,reporting_strength=0.5,ed_transform=logit,spatial=distance,epochs=120,patience=15,fit_partition=pathogen,covariate_encoder=summary,input_mode=scheduled_final,input_normalization=b0,evaluation_seasons=recent_two",43,corrected,flu_admissions_native,2025-2026,0.8877633913955127,fixed_forecaster_real_mlp
"pilot_method=finalized,pilot_nowcaster=real_mlp,reporting_missingness=0,reporting_strength=0.5,ed_transform=logit,spatial=distance,epochs=120,patience=15,fit_partition=pathogen,covariate_encoder=summary,input_mode=scheduled_final,input_normalization=b0,evaluation_seasons=recent_two",43,corrected,flu_admissions_native,equal_season_mean,0.8854859794228293,fixed_forecaster_real_mlp
"pilot_method=finalized,pilot_nowcaster=real_mlp,reporting_missingness=0,reporting_strength=0.5,ed_transform=logit,spatial=distance,epochs=120,patience=15,fit_partition=pathogen,covariate_encoder=summary,input_mode=scheduled_final,input_normalization=b0,evaluation_seasons=recent_two",43,corrected,flu_admissions_log,2024-2025,0.8712739712188611,fixed_forecaster_real_mlp
"pilot_method=finalized,pilot_nowcaster=real_mlp,reporting_missingness=0,reporting_strength=0.5,ed_transform=logit,spatial=distance,epochs=120,patience=15,fit_partition=pathogen,covariate_encoder=summary,input_mode=scheduled_final,input_normalization=b0,evaluation_seasons=recent_two",43,corrected,flu_admissions_log,2025-2026,0.9215860040366276,fixed_forecaster_real_mlp
"pilot_method=finalized,pilot_nowcaster=real_mlp,reporting_missingness=0,reporting_strength=0.5,ed_transform=logit,spatial=distance,epochs=120,patience=15,fit_partition=pathogen,covariate_encoder=summary,input_mode=scheduled_final,input_normalization=b0,evaluation_seasons=recent_two",43,corrected,flu_admissions_log,equal_season_mean,0.8964299876277444,fixed_forecaster_real_mlp
"pilot_method=finalized,pilot_nowcaster=real_mlp,reporting_missingness=0,reporting_strength=0.5,ed_transform=logit,spatial=distance,epochs=120,patience=15,fit_partition=pathogen,covariate_encoder=summary,input_mode=scheduled_final,input_normalization=b0,evaluation_seasons=recent_two",43,half,six_target_native,2024-2025,1.1831861570619155,fixed_forecaster_real_mlp
"pilot_method=finalized,pilot_nowcaster=real_mlp,reporting_missingness=0,reporting_strength=0.5,ed_transform=logit,spatial=distance,epochs=120,patience=15,fit_partition=pathogen,covariate_encoder=summary,input_mode=scheduled_final,input_normalization=b0,evaluation_seasons=recent_two",43,half,six_target_native,2025-2026,1.004280819659986,fixed_forecaster_real_mlp
"pilot_method=finalized,pilot_nowcaster=real_mlp,reporting_missingness=0,reporting_strength=0.5,ed_transform=logit,spatial=distance,epochs=120,patience=15,fit_partition=pathogen,covariate_encoder=summary,input_mode=scheduled_final,input_normalization=b0,evaluation_seasons=recent_two",43,half,six_target_native,equal_season_mean,1.0937334883609506,fixed_forecaster_real_mlp
"pilot_method=finalized,pilot_nowcaster=real_mlp,reporting_missingness=0,reporting_strength=0.5,ed_transform=logit,spatial=distance,epochs=120,patience=15,fit_partition=pathogen,covariate_encoder=summary,input_mode=scheduled_final,input_normalization=b0,evaluation_seasons=recent_two",43,half,flu_admissions_native,2024-2025,0.9049868290697478,fixed_forecaster_real_mlp
"pilot_method=finalized,pilot_nowcaster=real_mlp,reporting_missingness=0,reporting_strength=0.5,ed_transform=logit,spatial=distance,epochs=120,patience=15,fit_partition=pathogen,covariate_encoder=summary,input_mode=scheduled_final,input_normalization=b0,evaluation_seasons=recent_two",43,half,flu_admissions_native,2025-2026,0.8786259890399796,fixed_forecaster_real_mlp
"pilot_method=finalized,pilot_nowcaster=real_mlp,reporting_missingness=0,reporting_strength=0.5,ed_transform=logit,spatial=distance,epochs=120,patience=15,fit_partition=pathogen,covariate_encoder=summary,input_mode=scheduled_final,input_normalization=b0,evaluation_seasons=recent_two",43,half,flu_admissions_native,equal_season_mean,0.8918064090548636,fixed_forecaster_real_mlp
"pilot_method=finalized,pilot_nowcaster=real_mlp,reporting_missingness=0,reporting_strength=0.5,ed_transform=logit,spatial=distance,epochs=120,patience=15,fit_partition=pathogen,covariate_encoder=summary,input_mode=scheduled_final,input_normalization=b0,evaluation_seasons=recent_two",43,half,flu_admissions_log,2024-2025,0.900978972196269,fixed_forecaster_real_mlp
"pilot_method=finalized,pilot_nowcaster=real_mlp,reporting_missingness=0,reporting_strength=0.5,ed_transform=logit,spatial=distance,epochs=120,patience=15,fit_partition=pathogen,covariate_encoder=summary,input_mode=scheduled_final,input_normalization=b0,evaluation_seasons=recent_two",43,half,flu_admissions_log,2025-2026,0.921737784555448,fixed_forecaster_real_mlp
"pilot_method=finalized,pilot_nowcaster=real_mlp,reporting_missingness=0,reporting_strength=0.5,ed_transform=logit,spatial=distance,epochs=120,patience=15,fit_partition=pathogen,covariate_encoder=summary,input_mode=scheduled_final,input_normalization=b0,evaluation_seasons=recent_two",43,half,flu_admissions_log,equal_season_mean,0.9113583783758584,fixed_forecaster_real_mlp
"pilot_method=finalized,pilot_nowcaster=real_mlp,reporting_missingness=0,reporting_strength=0.5,ed_transform=logit,spatial=distance,epochs=120,patience=15,fit_partition=pathogen,covariate_encoder=summary,input_mode=scheduled_final,input_normalization=b0,evaluation_seasons=recent_two",43,raw,six_target_native,2024-2025,1.2366149072243824,fixed_forecaster_real_mlp
"pilot_method=finalized,pilot_nowcaster=real_mlp,reporting_missingness=0,reporting_strength=0.5,ed_transform=logit,spatial=distance,epochs=120,patience=15,fit_partition=pathogen,covariate_encoder=summary,input_mode=scheduled_final,input_normalization=b0,evaluation_seasons=recent_two",43,raw,six_target_native,2025-2026,1.015522796004234,fixed_forecaster_real_mlp
"pilot_method=finalized,pilot_nowcaster=real_mlp,reporting_missingness=0,reporting_strength=0.5,ed_transform=logit,spatial=distance,epochs=120,patience=15,fit_partition=pathogen,covariate_encoder=summary,input_mode=scheduled_final,input_normalization=b0,evaluation_seasons=recent_two",43,raw,six_target_native,equal_season_mean,1.126068851614308,fixed_forecaster_real_mlp
"pilot_method=finalized,pilot_nowcaster=real_mlp,reporting_missingness=0,reporting_strength=0.5,ed_transform=logit,spatial=distance,epochs=120,patience=15,fit_partition=pathogen,covariate_encoder=summary,input_mode=scheduled_final,input_normalization=b0,evaluation_seasons=recent_two",43,raw,flu_admissions_native,2024-2025,0.933891879936992,fixed_forecaster_real_mlp
"pilot_method=finalized,pilot_nowcaster=real_mlp,reporting_missingness=0,reporting_strength=0.5,ed_transform=logit,spatial=distance,epochs=120,patience=15,fit_partition=pathogen,covariate_encoder=summary,input_mode=scheduled_final,input_normalization=b0,evaluation_seasons=recent_two",43,raw,flu_admissions_native,2025-2026,0.8754082606806448,fixed_forecaster_real_mlp
"pilot_method=finalized,pilot_nowcaster=real_mlp,reporting_missingness=0,reporting_strength=0.5,ed_transform=logit,spatial=distance,epochs=120,patience=15,fit_partition=pathogen,covariate_encoder=summary,input_mode=scheduled_final,input_normalization=b0,evaluation_seasons=recent_two",43,raw,flu_admissions_native,equal_season_mean,0.9046500703088184,fixed_forecaster_real_mlp
"pilot_method=finalized,pilot_nowcaster=real_mlp,reporting_missingness=0,reporting_strength=0.5,ed_transform=logit,spatial=distance,epochs=120,patience=15,fit_partition=pathogen,covariate_encoder=summary,input_mode=scheduled_final,input_normalization=b0,evaluation_seasons=recent_two",43,raw,flu_admissions_log,2024-2025,0.9425371683048942,fixed_forecaster_real_mlp
"pilot_method=finalized,pilot_nowcaster=real_mlp,reporting_missingness=0,reporting_strength=0.5,ed_transform=logit,spatial=distance,epochs=120,patience=15,fit_partition=pathogen,covariate_encoder=summary,input_mode=scheduled_final,input_normalization=b0,evaluation_seasons=recent_two",43,raw,flu_admissions_log,2025-2026,0.9329591571335024,fixed_forecaster_real_mlp
"pilot_method=finalized,pilot_nowcaster=real_mlp,reporting_missingness=0,reporting_strength=0.5,ed_transform=logit,spatial=distance,epochs=120,patience=15,fit_partition=pathogen,covariate_encoder=summary,input_mode=scheduled_final,input_normalization=b0,evaluation_seasons=recent_two",43,raw,flu_admissions_log,equal_season_mean,0.9377481627191984,fixed_forecaster_real_mlp
"pilot_method=finalized,pilot_nowcaster=real_tree,reporting_missingness=0,reporting_strength=0.5,ed_transform=logit,spatial=distance,epochs=120,patience=15,fit_partition=pathogen,covariate_encoder=summary,input_mode=scheduled_final,input_normalization=b0,evaluation_seasons=recent_two",42,corrected,six_target_native,2024-2025,0.8791542921613668,fixed_forecaster_real_tree
"pilot_method=finalized,pilot_nowcaster=real_tree,reporting_missingness=0,reporting_strength=0.5,ed_transform=logit,spatial=distance,epochs=120,patience=15,fit_partition=pathogen,covariate_encoder=summary,input_mode=scheduled_final,input_normalization=b0,evaluation_seasons=recent_two",42,corrected,six_target_native,2025-2026,0.9971008915376274,fixed_forecaster_real_tree
"pilot_method=finalized,pilot_nowcaster=real_tree,reporting_missingness=0,reporting_strength=0.5,ed_transform=logit,spatial=distance,epochs=120,patience=15,fit_partition=pathogen,covariate_encoder=summary,input_mode=scheduled_final,input_normalization=b0,evaluation_seasons=recent_two",42,corrected,six_target_native,equal_season_mean,0.9381275918494972,fixed_forecaster_real_tree
"pilot_method=finalized,pilot_nowcaster=real_tree,reporting_missingness=0,reporting_strength=0.5,ed_transform=logit,spatial=distance,epochs=120,patience=15,fit_partition=pathogen,covariate_encoder=summary,input_mode=scheduled_final,input_normalization=b0,evaluation_seasons=recent_two",42,corrected,flu_admissions_native,2024-2025,0.7489146047640185,fixed_forecaster_real_tree
"pilot_method=finalized,pilot_nowcaster=real_tree,reporting_missingness=0,reporting_strength=0.5,ed_transform=logit,spatial=distance,epochs=120,patience=15,fit_partition=pathogen,covariate_encoder=summary,input_mode=scheduled_final,input_normalization=b0,evaluation_seasons=recent_two",42,corrected,flu_admissions_native,2025-2026,1.1834188570216315,fixed_forecaster_real_tree
"pilot_method=finalized,pilot_nowcaster=real_tree,reporting_missingness=0,reporting_strength=0.5,ed_transform=logit,spatial=distance,epochs=120,patience=15,fit_partition=pathogen,covariate_encoder=summary,input_mode=scheduled_final,input_normalization=b0,evaluation_seasons=recent_two",42,corrected,flu_admissions_native,equal_season_mean,0.966166730892825,fixed_forecaster_real_tree
"pilot_method=finalized,pilot_nowcaster=real_tree,reporting_missingness=0,reporting_strength=0.5,ed_transform=logit,spatial=distance,epochs=120,patience=15,fit_partition=pathogen,covariate_encoder=summary,input_mode=scheduled_final,input_normalization=b0,evaluation_seasons=recent_two",42,corrected,flu_admissions_log,2024-2025,0.7429246051118695,fixed_forecaster_real_tree
"pilot_method=finalized,pilot_nowcaster=real_tree,reporting_missingness=0,reporting_strength=0.5,ed_transform=logit,spatial=distance,epochs=120,patience=15,fit_partition=pathogen,covariate_encoder=summary,input_mode=scheduled_final,input_normalization=b0,evaluation_seasons=recent_two",42,corrected,flu_admissions_log,2025-2026,1.1661147787624098,fixed_forecaster_real_tree
"pilot_method=finalized,pilot_nowcaster=real_tree,reporting_missingness=0,reporting_strength=0.5,ed_transform=logit,spatial=distance,epochs=120,patience=15,fit_partition=pathogen,covariate_encoder=summary,input_mode=scheduled_final,input_normalization=b0,evaluation_seasons=recent_two",42,corrected,flu_admissions_log,equal_season_mean,0.9545196919371396,fixed_forecaster_real_tree
"pilot_method=finalized,pilot_nowcaster=real_tree,reporting_missingness=0,reporting_strength=0.5,ed_transform=logit,spatial=distance,epochs=120,patience=15,fit_partition=pathogen,covariate_encoder=summary,input_mode=scheduled_final,input_normalization=b0,evaluation_seasons=recent_two",42,half,six_target_native,2024-2025,0.9210027206574594,fixed_forecaster_real_tree
"pilot_method=finalized,pilot_nowcaster=real_tree,reporting_missingness=0,reporting_strength=0.5,ed_transform=logit,spatial=distance,epochs=120,patience=15,fit_partition=pathogen,covariate_encoder=summary,input_mode=scheduled_final,input_normalization=b0,evaluation_seasons=recent_two",42,half,six_target_native,2025-2026,1.00164751361178,fixed_forecaster_real_tree
"pilot_method=finalized,pilot_nowcaster=real_tree,reporting_missingness=0,reporting_strength=0.5,ed_transform=logit,spatial=distance,epochs=120,patience=15,fit_partition=pathogen,covariate_encoder=summary,input_mode=scheduled_final,input_normalization=b0,evaluation_seasons=recent_two",42,half,six_target_native,equal_season_mean,0.9613251171346195,fixed_forecaster_real_tree
"pilot_method=finalized,pilot_nowcaster=real_tree,reporting_missingness=0,reporting_strength=0.5,ed_transform=logit,spatial=distance,epochs=120,patience=15,fit_partition=pathogen,covariate_encoder=summary,input_mode=scheduled_final,input_normalization=b0,evaluation_seasons=recent_two",42,half,flu_admissions_native,2024-2025,0.7539373248479109,fixed_forecaster_real_tree
"pilot_method=finalized,pilot_nowcaster=real_tree,reporting_missingness=0,reporting_strength=0.5,ed_transform=logit,spatial=distance,epochs=120,patience=15,fit_partition=pathogen,covariate_encoder=summary,input_mode=scheduled_final,input_normalization=b0,evaluation_seasons=recent_two",42,half,flu_admissions_native,2025-2026,1.1585252717100785,fixed_forecaster_real_tree
"pilot_method=finalized,pilot_nowcaster=real_tree,reporting_missingness=0,reporting_strength=0.5,ed_transform=logit,spatial=distance,epochs=120,patience=15,fit_partition=pathogen,covariate_encoder=summary,input_mode=scheduled_final,input_normalization=b0,evaluation_seasons=recent_two",42,half,flu_admissions_native,equal_season_mean,0.9562312982789948,fixed_forecaster_real_tree
"pilot_method=finalized,pilot_nowcaster=real_tree,reporting_missingness=0,reporting_strength=0.5,ed_transform=logit,spatial=distance,epochs=120,patience=15,fit_partition=pathogen,covariate_encoder=summary,input_mode=scheduled_final,input_normalization=b0,evaluation_seasons=recent_two",42,half,flu_admissions_log,2024-2025,0.7572138796897028,fixed_forecaster_real_tree
"pilot_method=finalized,pilot_nowcaster=real_tree,reporting_missingness=0,reporting_strength=0.5,ed_transform=logit,spatial=distance,epochs=120,patience=15,fit_partition=pathogen,covariate_encoder=summary,input_mode=scheduled_final,input_normalization=b0,evaluation_seasons=recent_two",42,half,flu_admissions_log,2025-2026,1.1598273424305785,fixed_forecaster_real_tree
"pilot_method=finalized,pilot_nowcaster=real_tree,reporting_missingness=0,reporting_strength=0.5,ed_transform=logit,spatial=distance,epochs=120,patience=15,fit_partition=pathogen,covariate_encoder=summary,input_mode=scheduled_final,input_normalization=b0,evaluation_seasons=recent_two",42,half,flu_admissions_log,equal_season_mean,0.9585206110601404,fixed_forecaster_real_tree
"pilot_method=finalized,pilot_nowcaster=real_tree,reporting_missingness=0,reporting_strength=0.5,ed_transform=logit,spatial=distance,epochs=120,patience=15,fit_partition=pathogen,covariate_encoder=summary,input_mode=scheduled_final,input_normalization=b0,evaluation_seasons=recent_two",42,raw,six_target_native,2024-2025,0.9928516685127888,fixed_forecaster_real_tree
"pilot_method=finalized,pilot_nowcaster=real_tree,reporting_missingness=0,reporting_strength=0.5,ed_transform=logit,spatial=distance,epochs=120,patience=15,fit_partition=pathogen,covariate_encoder=summary,input_mode=scheduled_final,input_normalization=b0,evaluation_seasons=recent_two",42,raw,six_target_native,2025-2026,1.017308531111003,fixed_forecaster_real_tree
"pilot_method=finalized,pilot_nowcaster=real_tree,reporting_missingness=0,reporting_strength=0.5,ed_transform=logit,spatial=distance,epochs=120,patience=15,fit_partition=pathogen,covariate_encoder=summary,input_mode=scheduled_final,input_normalization=b0,evaluation_seasons=recent_two",42,raw,six_target_native,equal_season_mean,1.005080099811896,fixed_forecaster_real_tree
"pilot_method=finalized,pilot_nowcaster=real_tree,reporting_missingness=0,reporting_strength=0.5,ed_transform=logit,spatial=distance,epochs=120,patience=15,fit_partition=pathogen,covariate_encoder=summary,input_mode=scheduled_final,input_normalization=b0,evaluation_seasons=recent_two",42,raw,flu_admissions_native,2024-2025,0.7810527484604083,fixed_forecaster_real_tree
"pilot_method=finalized,pilot_nowcaster=real_tree,reporting_missingness=0,reporting_strength=0.5,ed_transform=logit,spatial=distance,epochs=120,patience=15,fit_partition=pathogen,covariate_encoder=summary,input_mode=scheduled_final,input_normalization=b0,evaluation_seasons=recent_two",42,raw,flu_admissions_native,2025-2026,1.1470994239679613,fixed_forecaster_real_tree
"pilot_method=finalized,pilot_nowcaster=real_tree,reporting_missingness=0,reporting_strength=0.5,ed_transform=logit,spatial=distance,epochs=120,patience=15,fit_partition=pathogen,covariate_encoder=summary,input_mode=scheduled_final,input_normalization=b0,evaluation_seasons=recent_two",42,raw,flu_admissions_native,equal_season_mean,0.9640760862141848,fixed_forecaster_real_tree
"pilot_method=finalized,pilot_nowcaster=real_tree,reporting_missingness=0,reporting_strength=0.5,ed_transform=logit,spatial=distance,epochs=120,patience=15,fit_partition=pathogen,covariate_encoder=summary,input_mode=scheduled_final,input_normalization=b0,evaluation_seasons=recent_two",42,raw,flu_admissions_log,2024-2025,0.8019489124150209,fixed_forecaster_real_tree
"pilot_method=finalized,pilot_nowcaster=real_tree,reporting_missingness=0,reporting_strength=0.5,ed_transform=logit,spatial=distance,epochs=120,patience=15,fit_partition=pathogen,covariate_encoder=summary,input_mode=scheduled_final,input_normalization=b0,evaluation_seasons=recent_two",42,raw,flu_admissions_log,2025-2026,1.1669587871683131,fixed_forecaster_real_tree
"pilot_method=finalized,pilot_nowcaster=real_tree,reporting_missingness=0,reporting_strength=0.5,ed_transform=logit,spatial=distance,epochs=120,patience=15,fit_partition=pathogen,covariate_encoder=summary,input_mode=scheduled_final,input_normalization=b0,evaluation_seasons=recent_two",42,raw,flu_admissions_log,equal_season_mean,0.9844538497916672,fixed_forecaster_real_tree
"pilot_method=finalized,pilot_nowcaster=real_tree,reporting_missingness=0,reporting_strength=0.5,ed_transform=logit,spatial=distance,epochs=120,patience=15,fit_partition=pathogen,covariate_encoder=summary,input_mode=scheduled_final,input_normalization=b0,evaluation_seasons=recent_two",43,corrected,six_target_native,2024-2025,1.0725240063556476,fixed_forecaster_real_tree
"pilot_method=finalized,pilot_nowcaster=real_tree,reporting_missingness=0,reporting_strength=0.5,ed_transform=logit,spatial=distance,epochs=120,patience=15,fit_partition=pathogen,covariate_encoder=summary,input_mode=scheduled_final,input_normalization=b0,evaluation_seasons=recent_two",43,corrected,six_target_native,2025-2026,0.995665882549724,fixed_forecaster_real_tree
"pilot_method=finalized,pilot_nowcaster=real_tree,reporting_missingness=0,reporting_strength=0.5,ed_transform=logit,spatial=distance,epochs=120,patience=15,fit_partition=pathogen,covariate_encoder=summary,input_mode=scheduled_final,input_normalization=b0,evaluation_seasons=recent_two",43,corrected,six_target_native,equal_season_mean,1.034094944452686,fixed_forecaster_real_tree
"pilot_method=finalized,pilot_nowcaster=real_tree,reporting_missingness=0,reporting_strength=0.5,ed_transform=logit,spatial=distance,epochs=120,patience=15,fit_partition=pathogen,covariate_encoder=summary,input_mode=scheduled_final,input_normalization=b0,evaluation_seasons=recent_two",43,corrected,flu_admissions_native,2024-2025,0.851523369718743,fixed_forecaster_real_tree
"pilot_method=finalized,pilot_nowcaster=real_tree,reporting_missingness=0,reporting_strength=0.5,ed_transform=logit,spatial=distance,epochs=120,patience=15,fit_partition=pathogen,covariate_encoder=summary,input_mode=scheduled_final,input_normalization=b0,evaluation_seasons=recent_two",43,corrected,flu_admissions_native,2025-2026,0.9208550788721304,fixed_forecaster_real_tree
"pilot_method=finalized,pilot_nowcaster=real_tree,reporting_missingness=0,reporting_strength=0.5,ed_transform=logit,spatial=distance,epochs=120,patience=15,fit_partition=pathogen,covariate_encoder=summary,input_mode=scheduled_final,input_normalization=b0,evaluation_seasons=recent_two",43,corrected,flu_admissions_native,equal_season_mean,0.8861892242954366,fixed_forecaster_real_tree
"pilot_method=finalized,pilot_nowcaster=real_tree,reporting_missingness=0,reporting_strength=0.5,ed_transform=logit,spatial=distance,epochs=120,patience=15,fit_partition=pathogen,covariate_encoder=summary,input_mode=scheduled_final,input_normalization=b0,evaluation_seasons=recent_two",43,corrected,flu_admissions_log,2024-2025,0.842233007121773,fixed_forecaster_real_tree
"pilot_method=finalized,pilot_nowcaster=real_tree,reporting_missingness=0,reporting_strength=0.5,ed_transform=logit,spatial=distance,epochs=120,patience=15,fit_partition=pathogen,covariate_encoder=summary,input_mode=scheduled_final,input_normalization=b0,evaluation_seasons=recent_two",43,corrected,flu_admissions_log,2025-2026,0.9420524437469262,fixed_forecaster_real_tree
"pilot_method=finalized,pilot_nowcaster=real_tree,reporting_missingness=0,reporting_strength=0.5,ed_transform=logit,spatial=distance,epochs=120,patience=15,fit_partition=pathogen,covariate_encoder=summary,input_mode=scheduled_final,input_normalization=b0,evaluation_seasons=recent_two",43,corrected,flu_admissions_log,equal_season_mean,0.8921427254343496,fixed_forecaster_real_tree
"pilot_method=finalized,pilot_nowcaster=real_tree,reporting_missingness=0,reporting_strength=0.5,ed_transform=logit,spatial=distance,epochs=120,patience=15,fit_partition=pathogen,covariate_encoder=summary,input_mode=scheduled_final,input_normalization=b0,evaluation_seasons=recent_two",43,half,six_target_native,2024-2025,1.1415259633977577,fixed_forecaster_real_tree
"pilot_method=finalized,pilot_nowcaster=real_tree,reporting_missingness=0,reporting_strength=0.5,ed_transform=logit,spatial=distance,epochs=120,patience=15,fit_partition=pathogen,covariate_encoder=summary,input_mode=scheduled_final,input_normalization=b0,evaluation_seasons=recent_two",43,half,six_target_native,2025-2026,1.0000960564468797,fixed_forecaster_real_tree
"pilot_method=finalized,pilot_nowcaster=real_tree,reporting_missingness=0,reporting_strength=0.5,ed_transform=logit,spatial=distance,epochs=120,patience=15,fit_partition=pathogen,covariate_encoder=summary,input_mode=scheduled_final,input_normalization=b0,evaluation_seasons=recent_two",43,half,six_target_native,equal_season_mean,1.0708110099223185,fixed_forecaster_real_tree
"pilot_method=finalized,pilot_nowcaster=real_tree,reporting_missingness=0,reporting_strength=0.5,ed_transform=logit,spatial=distance,epochs=120,patience=15,fit_partition=pathogen,covariate_encoder=summary,input_mode=scheduled_final,input_normalization=b0,evaluation_seasons=recent_two",43,half,flu_admissions_native,2024-2025,0.8828083883354001,fixed_forecaster_real_tree
"pilot_method=finalized,pilot_nowcaster=real_tree,reporting_missingness=0,reporting_strength=0.5,ed_transform=logit,spatial=distance,epochs=120,patience=15,fit_partition=pathogen,covariate_encoder=summary,input_mode=scheduled_final,input_normalization=b0,evaluation_seasons=recent_two",43,half,flu_admissions_native,2025-2026,0.8930491262749325,fixed_forecaster_real_tree
"pilot_method=finalized,pilot_nowcaster=real_tree,reporting_missingness=0,reporting_strength=0.5,ed_transform=logit,spatial=distance,epochs=120,patience=15,fit_partition=pathogen,covariate_encoder=summary,input_mode=scheduled_final,input_normalization=b0,evaluation_seasons=recent_two",43,half,flu_admissions_native,equal_season_mean,0.8879287573051663,fixed_forecaster_real_tree
"pilot_method=finalized,pilot_nowcaster=real_tree,reporting_missingness=0,reporting_strength=0.5,ed_transform=logit,spatial=distance,epochs=120,patience=15,fit_partition=pathogen,covariate_encoder=summary,input_mode=scheduled_final,input_normalization=b0,evaluation_seasons=recent_two",43,half,flu_admissions_log,2024-2025,0.8791207906211517,fixed_forecaster_real_tree
"pilot_method=finalized,pilot_nowcaster=real_tree,reporting_missingness=0,reporting_strength=0.5,ed_transform=logit,spatial=distance,epochs=120,patience=15,fit_partition=pathogen,covariate_encoder=summary,input_mode=scheduled_final,input_normalization=b0,evaluation_seasons=recent_two",43,half,flu_admissions_log,2025-2026,0.9301926972931298,fixed_forecaster_real_tree
"pilot_method=finalized,pilot_nowcaster=real_tree,reporting_missingness=0,reporting_strength=0.5,ed_transform=logit,spatial=distance,epochs=120,patience=15,fit_partition=pathogen,covariate_encoder=summary,input_mode=scheduled_final,input_normalization=b0,evaluation_seasons=recent_two",43,half,flu_admissions_log,equal_season_mean,0.9046567439571408,fixed_forecaster_real_tree
"pilot_method=finalized,pilot_nowcaster=real_tree,reporting_missingness=0,reporting_strength=0.5,ed_transform=logit,spatial=distance,epochs=120,patience=15,fit_partition=pathogen,covariate_encoder=summary,input_mode=scheduled_final,input_normalization=b0,evaluation_seasons=recent_two",43,raw,six_target_native,2024-2025,1.2366149072243824,fixed_forecaster_real_tree
"pilot_method=finalized,pilot_nowcaster=real_tree,reporting_missingness=0,reporting_strength=0.5,ed_transform=logit,spatial=distance,epochs=120,patience=15,fit_partition=pathogen,covariate_encoder=summary,input_mode=scheduled_final,input_normalization=b0,evaluation_seasons=recent_two",43,raw,six_target_native,2025-2026,1.015522796004234,fixed_forecaster_real_tree
"pilot_method=finalized,pilot_nowcaster=real_tree,reporting_missingness=0,reporting_strength=0.5,ed_transform=logit,spatial=distance,epochs=120,patience=15,fit_partition=pathogen,covariate_encoder=summary,input_mode=scheduled_final,input_normalization=b0,evaluation_seasons=recent_two",43,raw,six_target_native,equal_season_mean,1.126068851614308,fixed_forecaster_real_tree
"pilot_method=finalized,pilot_nowcaster=real_tree,reporting_missingness=0,reporting_strength=0.5,ed_transform=logit,spatial=distance,epochs=120,patience=15,fit_partition=pathogen,covariate_encoder=summary,input_mode=scheduled_final,input_normalization=b0,evaluation_seasons=recent_two",43,raw,flu_admissions_native,2024-2025,0.933891879936992,fixed_forecaster_real_tree
"pilot_method=finalized,pilot_nowcaster=real_tree,reporting_missingness=0,reporting_strength=0.5,ed_transform=logit,spatial=distance,epochs=120,patience=15,fit_partition=pathogen,covariate_encoder=summary,input_mode=scheduled_final,input_normalization=b0,evaluation_seasons=recent_two",43,raw,flu_admissions_native,2025-2026,0.8754082606806448,fixed_forecaster_real_tree
"pilot_method=finalized,pilot_nowcaster=real_tree,reporting_missingness=0,reporting_strength=0.5,ed_transform=logit,spatial=distance,epochs=120,patience=15,fit_partition=pathogen,covariate_encoder=summary,input_mode=scheduled_final,input_normalization=b0,evaluation_seasons=recent_two",43,raw,flu_admissions_native,equal_season_mean,0.9046500703088184,fixed_forecaster_real_tree
"pilot_method=finalized,pilot_nowcaster=real_tree,reporting_missingness=0,reporting_strength=0.5,ed_transform=logit,spatial=distance,epochs=120,patience=15,fit_partition=pathogen,covariate_encoder=summary,input_mode=scheduled_final,input_normalization=b0,evaluation_seasons=recent_two",43,raw,flu_admissions_log,2024-2025,0.9425371683048942,fixed_forecaster_real_tree
"pilot_method=finalized,pilot_nowcaster=real_tree,reporting_missingness=0,reporting_strength=0.5,ed_transform=logit,spatial=distance,epochs=120,patience=15,fit_partition=pathogen,covariate_encoder=summary,input_mode=scheduled_final,input_normalization=b0,evaluation_seasons=recent_two",43,raw,flu_admissions_log,2025-2026,0.9329591571335024,fixed_forecaster_real_tree
"pilot_method=finalized,pilot_nowcaster=real_tree,reporting_missingness=0,reporting_strength=0.5,ed_transform=logit,spatial=distance,epochs=120,patience=15,fit_partition=pathogen,covariate_encoder=summary,input_mode=scheduled_final,input_normalization=b0,evaluation_seasons=recent_two",43,raw,flu_admissions_log,equal_season_mean,0.9377481627191984,fixed_forecaster_real_tree
"pilot_method=finalized,reporting_missingness=0,reporting_strength=0.5,ed_transform=logit,encoder=series_mixer,width=32,epochs=120,patience=15,covariate_encoder=summary,input_mode=scheduled_final,input_normalization=b0,evaluation_seasons=recent_two",42,corrected,six_target_native,2024-2025,1.2789081226185537,series_mixer_ili_none
"pilot_method=finalized,reporting_missingness=0,reporting_strength=0.5,ed_transform=logit,encoder=series_mixer,width=32,epochs=120,patience=15,covariate_encoder=summary,input_mode=scheduled_final,input_normalization=b0,evaluation_seasons=recent_two",42,corrected,six_target_native,2025-2026,1.064862193756292,series_mixer_ili_none
"pilot_method=finalized,reporting_missingness=0,reporting_strength=0.5,ed_transform=logit,encoder=series_mixer,width=32,epochs=120,patience=15,covariate_encoder=summary,input_mode=scheduled_final,input_normalization=b0,evaluation_seasons=recent_two",42,corrected,six_target_native,equal_season_mean,1.1718851581874228,series_mixer_ili_none
"pilot_method=finalized,reporting_missingness=0,reporting_strength=0.5,ed_transform=logit,encoder=series_mixer,width=32,epochs=120,patience=15,covariate_encoder=summary,input_mode=scheduled_final,input_normalization=b0,evaluation_seasons=recent_two",42,corrected,flu_admissions_native,2024-2025,1.2397258105596944,series_mixer_ili_none
"pilot_method=finalized,reporting_missingness=0,reporting_strength=0.5,ed_transform=logit,encoder=series_mixer,width=32,epochs=120,patience=15,covariate_encoder=summary,input_mode=scheduled_final,input_normalization=b0,evaluation_seasons=recent_two",42,corrected,flu_admissions_native,2025-2026,1.0704361588968507,series_mixer_ili_none
"pilot_method=finalized,reporting_missingness=0,reporting_strength=0.5,ed_transform=logit,encoder=series_mixer,width=32,epochs=120,patience=15,covariate_encoder=summary,input_mode=scheduled_final,input_normalization=b0,evaluation_seasons=recent_two",42,corrected,flu_admissions_native,equal_season_mean,1.1550809847282726,series_mixer_ili_none
"pilot_method=finalized,reporting_missingness=0,reporting_strength=0.5,ed_transform=logit,encoder=series_mixer,width=32,epochs=120,patience=15,covariate_encoder=summary,input_mode=scheduled_final,input_normalization=b0,evaluation_seasons=recent_two",42,corrected,flu_admissions_log,2024-2025,1.7025291943660628,series_mixer_ili_none
"pilot_method=finalized,reporting_missingness=0,reporting_strength=0.5,ed_transform=logit,encoder=series_mixer,width=32,epochs=120,patience=15,covariate_encoder=summary,input_mode=scheduled_final,input_normalization=b0,evaluation_seasons=recent_two",42,corrected,flu_admissions_log,2025-2026,1.2176390057534292,series_mixer_ili_none
"pilot_method=finalized,reporting_missingness=0,reporting_strength=0.5,ed_transform=logit,encoder=series_mixer,width=32,epochs=120,patience=15,covariate_encoder=summary,input_mode=scheduled_final,input_normalization=b0,evaluation_seasons=recent_two",42,corrected,flu_admissions_log,equal_season_mean,1.460084100059746,series_mixer_ili_none
"pilot_method=finalized,reporting_missingness=0,reporting_strength=0.5,ed_transform=logit,encoder=series_mixer,width=32,epochs=120,patience=15,covariate_encoder=summary,input_mode=scheduled_final,input_normalization=b0,evaluation_seasons=recent_two",42,half,six_target_native,2024-2025,1.2990970639990125,series_mixer_ili_none
"pilot_method=finalized,reporting_missingness=0,reporting_strength=0.5,ed_transform=logit,encoder=series_mixer,width=32,epochs=120,patience=15,covariate_encoder=summary,input_mode=scheduled_final,input_normalization=b0,evaluation_seasons=recent_two",42,half,six_target_native,2025-2026,1.070608966419947,series_mixer_ili_none
"pilot_method=finalized,reporting_missingness=0,reporting_strength=0.5,ed_transform=logit,encoder=series_mixer,width=32,epochs=120,patience=15,covariate_encoder=summary,input_mode=scheduled_final,input_normalization=b0,evaluation_seasons=recent_two",42,half,six_target_native,equal_season_mean,1.1848530152094798,series_mixer_ili_none
"pilot_method=finalized,reporting_missingness=0,reporting_strength=0.5,ed_transform=logit,encoder=series_mixer,width=32,epochs=120,patience=15,covariate_encoder=summary,input_mode=scheduled_final,input_normalization=b0,evaluation_seasons=recent_two",42,half,flu_admissions_native,2024-2025,1.2437149498712494,series_mixer_ili_none
"pilot_method=finalized,reporting_missingness=0,reporting_strength=0.5,ed_transform=logit,encoder=series_mixer,width=32,epochs=120,patience=15,covariate_encoder=summary,input_mode=scheduled_final,input_normalization=b0,evaluation_seasons=recent_two",42,half,flu_admissions_native,2025-2026,1.062277534271027,series_mixer_ili_none
"pilot_method=finalized,reporting_missingness=0,reporting_strength=0.5,ed_transform=logit,encoder=series_mixer,width=32,epochs=120,patience=15,covariate_encoder=summary,input_mode=scheduled_final,input_normalization=b0,evaluation_seasons=recent_two",42,half,flu_admissions_native,equal_season_mean,1.1529962420711382,series_mixer_ili_none
"pilot_method=finalized,reporting_missingness=0,reporting_strength=0.5,ed_transform=logit,encoder=series_mixer,width=32,epochs=120,patience=15,covariate_encoder=summary,input_mode=scheduled_final,input_normalization=b0,evaluation_seasons=recent_two",42,half,flu_admissions_log,2024-2025,1.7402187269225526,series_mixer_ili_none
"pilot_method=finalized,reporting_missingness=0,reporting_strength=0.5,ed_transform=logit,encoder=series_mixer,width=32,epochs=120,patience=15,covariate_encoder=summary,input_mode=scheduled_final,input_normalization=b0,evaluation_seasons=recent_two",42,half,flu_admissions_log,2025-2026,1.2382417395210603,series_mixer_ili_none
"pilot_method=finalized,reporting_missingness=0,reporting_strength=0.5,ed_transform=logit,encoder=series_mixer,width=32,epochs=120,patience=15,covariate_encoder=summary,input_mode=scheduled_final,input_normalization=b0,evaluation_seasons=recent_two",42,half,flu_admissions_log,equal_season_mean,1.4892302332218064,series_mixer_ili_none
"pilot_method=finalized,reporting_missingness=0,reporting_strength=0.5,ed_transform=logit,encoder=series_mixer,width=32,epochs=120,patience=15,covariate_encoder=summary,input_mode=scheduled_final,input_normalization=b0,evaluation_seasons=recent_two",42,raw,six_target_native,2024-2025,1.3277476744991412,series_mixer_ili_none
"pilot_method=finalized,reporting_missingness=0,reporting_strength=0.5,ed_transform=logit,encoder=series_mixer,width=32,epochs=120,patience=15,covariate_encoder=summary,input_mode=scheduled_final,input_normalization=b0,evaluation_seasons=recent_two",42,raw,six_target_native,2025-2026,1.083193000048847,series_mixer_ili_none
"pilot_method=finalized,reporting_missingness=0,reporting_strength=0.5,ed_transform=logit,encoder=series_mixer,width=32,epochs=120,patience=15,covariate_encoder=summary,input_mode=scheduled_final,input_normalization=b0,evaluation_seasons=recent_two",42,raw,six_target_native,equal_season_mean,1.205470337273994,series_mixer_ili_none
"pilot_method=finalized,reporting_missingness=0,reporting_strength=0.5,ed_transform=logit,encoder=series_mixer,width=32,epochs=120,patience=15,covariate_encoder=summary,input_mode=scheduled_final,input_normalization=b0,evaluation_seasons=recent_two",42,raw,flu_admissions_native,2024-2025,1.2542279384715804,series_mixer_ili_none
"pilot_method=finalized,reporting_missingness=0,reporting_strength=0.5,ed_transform=logit,encoder=series_mixer,width=32,epochs=120,patience=15,covariate_encoder=summary,input_mode=scheduled_final,input_normalization=b0,evaluation_seasons=recent_two",42,raw,flu_admissions_native,2025-2026,1.0595193987613334,series_mixer_ili_none
"pilot_method=finalized,reporting_missingness=0,reporting_strength=0.5,ed_transform=logit,encoder=series_mixer,width=32,epochs=120,patience=15,covariate_encoder=summary,input_mode=scheduled_final,input_normalization=b0,evaluation_seasons=recent_two",42,raw,flu_admissions_native,equal_season_mean,1.156873668616457,series_mixer_ili_none
"pilot_method=finalized,reporting_missingness=0,reporting_strength=0.5,ed_transform=logit,encoder=series_mixer,width=32,epochs=120,patience=15,covariate_encoder=summary,input_mode=scheduled_final,input_normalization=b0,evaluation_seasons=recent_two",42,raw,flu_admissions_log,2024-2025,1.8123725974777949,series_mixer_ili_none
"pilot_method=finalized,reporting_missingness=0,reporting_strength=0.5,ed_transform=logit,encoder=series_mixer,width=32,epochs=120,patience=15,covariate_encoder=summary,input_mode=scheduled_final,input_normalization=b0,evaluation_seasons=recent_two",42,raw,flu_admissions_log,2025-2026,1.2804246544999427,series_mixer_ili_none
"pilot_method=finalized,reporting_missingness=0,reporting_strength=0.5,ed_transform=logit,encoder=series_mixer,width=32,epochs=120,patience=15,covariate_encoder=summary,input_mode=scheduled_final,input_normalization=b0,evaluation_seasons=recent_two",42,raw,flu_admissions_log,equal_season_mean,1.546398625988869,series_mixer_ili_none
"pilot_method=finalized,reporting_missingness=0,reporting_strength=0.5,ed_transform=logit,encoder=series_mixer,width=32,epochs=120,patience=15,covariate_encoder=summary,input_mode=scheduled_final,input_normalization=b0,evaluation_seasons=recent_two",43,corrected,six_target_native,2024-2025,1.29619663575942,series_mixer_ili_none
"pilot_method=finalized,reporting_missingness=0,reporting_strength=0.5,ed_transform=logit,encoder=series_mixer,width=32,epochs=120,patience=15,covariate_encoder=summary,input_mode=scheduled_final,input_normalization=b0,evaluation_seasons=recent_two",43,corrected,six_target_native,2025-2026,1.1983807605809087,series_mixer_ili_none
"pilot_method=finalized,reporting_missingness=0,reporting_strength=0.5,ed_transform=logit,encoder=series_mixer,width=32,epochs=120,patience=15,covariate_encoder=summary,input_mode=scheduled_final,input_normalization=b0,evaluation_seasons=recent_two",43,corrected,six_target_native,equal_season_mean,1.2472886981701643,series_mixer_ili_none
"pilot_method=finalized,reporting_missingness=0,reporting_strength=0.5,ed_transform=logit,encoder=series_mixer,width=32,epochs=120,patience=15,covariate_encoder=summary,input_mode=scheduled_final,input_normalization=b0,evaluation_seasons=recent_two",43,corrected,flu_admissions_native,2024-2025,1.2268616496028188,series_mixer_ili_none
"pilot_method=finalized,reporting_missingness=0,reporting_strength=0.5,ed_transform=logit,encoder=series_mixer,width=32,epochs=120,patience=15,covariate_encoder=summary,input_mode=scheduled_final,input_normalization=b0,evaluation_seasons=recent_two",43,corrected,flu_admissions_native,2025-2026,1.1988159312268465,series_mixer_ili_none
"pilot_method=finalized,reporting_missingness=0,reporting_strength=0.5,ed_transform=logit,encoder=series_mixer,width=32,epochs=120,patience=15,covariate_encoder=summary,input_mode=scheduled_final,input_normalization=b0,evaluation_seasons=recent_two",43,corrected,flu_admissions_native,equal_season_mean,1.2128387904148328,series_mixer_ili_none
"pilot_method=finalized,reporting_missingness=0,reporting_strength=0.5,ed_transform=logit,encoder=series_mixer,width=32,epochs=120,patience=15,covariate_encoder=summary,input_mode=scheduled_final,input_normalization=b0,evaluation_seasons=recent_two",43,corrected,flu_admissions_log,2024-2025,1.50891163869525,series_mixer_ili_none
"pilot_method=finalized,reporting_missingness=0,reporting_strength=0.5,ed_transform=logit,encoder=series_mixer,width=32,epochs=120,patience=15,covariate_encoder=summary,input_mode=scheduled_final,input_normalization=b0,evaluation_seasons=recent_two",43,corrected,flu_admissions_log,2025-2026,1.7359957431817177,series_mixer_ili_none
"pilot_method=finalized,reporting_missingness=0,reporting_strength=0.5,ed_transform=logit,encoder=series_mixer,width=32,epochs=120,patience=15,covariate_encoder=summary,input_mode=scheduled_final,input_normalization=b0,evaluation_seasons=recent_two",43,corrected,flu_admissions_log,equal_season_mean,1.622453690938484,series_mixer_ili_none
"pilot_method=finalized,reporting_missingness=0,reporting_strength=0.5,ed_transform=logit,encoder=series_mixer,width=32,epochs=120,patience=15,covariate_encoder=summary,input_mode=scheduled_final,input_normalization=b0,evaluation_seasons=recent_two",43,half,six_target_native,2024-2025,1.3164694939548278,series_mixer_ili_none
"pilot_method=finalized,reporting_missingness=0,reporting_strength=0.5,ed_transform=logit,encoder=series_mixer,width=32,epochs=120,patience=15,covariate_encoder=summary,input_mode=scheduled_final,input_normalization=b0,evaluation_seasons=recent_two",43,half,six_target_native,2025-2026,1.2106415382069646,series_mixer_ili_none
"pilot_method=finalized,reporting_missingness=0,reporting_strength=0.5,ed_transform=logit,encoder=series_mixer,width=32,epochs=120,patience=15,covariate_encoder=summary,input_mode=scheduled_final,input_normalization=b0,evaluation_seasons=recent_two",43,half,six_target_native,equal_season_mean,1.2635555160808962,series_mixer_ili_none
"pilot_method=finalized,reporting_missingness=0,reporting_strength=0.5,ed_transform=logit,encoder=series_mixer,width=32,epochs=120,patience=15,covariate_encoder=summary,input_mode=scheduled_final,input_normalization=b0,evaluation_seasons=recent_two",43,half,flu_admissions_native,2024-2025,1.2327482670383063,series_mixer_ili_none
"pilot_method=finalized,reporting_missingness=0,reporting_strength=0.5,ed_transform=logit,encoder=series_mixer,width=32,epochs=120,patience=15,covariate_encoder=summary,input_mode=scheduled_final,input_normalization=b0,evaluation_seasons=recent_two",43,half,flu_admissions_native,2025-2026,1.2074034489551349,series_mixer_ili_none
"pilot_method=finalized,reporting_missingness=0,reporting_strength=0.5,ed_transform=logit,encoder=series_mixer,width=32,epochs=120,patience=15,covariate_encoder=summary,input_mode=scheduled_final,input_normalization=b0,evaluation_seasons=recent_two",43,half,flu_admissions_native,equal_season_mean,1.2200758579967206,series_mixer_ili_none
"pilot_method=finalized,reporting_missingness=0,reporting_strength=0.5,ed_transform=logit,encoder=series_mixer,width=32,epochs=120,patience=15,covariate_encoder=summary,input_mode=scheduled_final,input_normalization=b0,evaluation_seasons=recent_two",43,half,flu_admissions_log,2024-2025,1.5295462241697388,series_mixer_ili_none
"pilot_method=finalized,reporting_missingness=0,reporting_strength=0.5,ed_transform=logit,encoder=series_mixer,width=32,epochs=120,patience=15,covariate_encoder=summary,input_mode=scheduled_final,input_normalization=b0,evaluation_seasons=recent_two",43,half,flu_admissions_log,2025-2026,1.795654323978031,series_mixer_ili_none
"pilot_method=finalized,reporting_missingness=0,reporting_strength=0.5,ed_transform=logit,encoder=series_mixer,width=32,epochs=120,patience=15,covariate_encoder=summary,input_mode=scheduled_final,input_normalization=b0,evaluation_seasons=recent_two",43,half,flu_admissions_log,equal_season_mean,1.6626002740738848,series_mixer_ili_none
"pilot_method=finalized,reporting_missingness=0,reporting_strength=0.5,ed_transform=logit,encoder=series_mixer,width=32,epochs=120,patience=15,covariate_encoder=summary,input_mode=scheduled_final,input_normalization=b0,evaluation_seasons=recent_two",43,raw,six_target_native,2024-2025,1.3460633629404457,series_mixer_ili_none
"pilot_method=finalized,reporting_missingness=0,reporting_strength=0.5,ed_transform=logit,encoder=series_mixer,width=32,epochs=120,patience=15,covariate_encoder=summary,input_mode=scheduled_final,input_normalization=b0,evaluation_seasons=recent_two",43,raw,six_target_native,2025-2026,1.229922677813847,series_mixer_ili_none
"pilot_method=finalized,reporting_missingness=0,reporting_strength=0.5,ed_transform=logit,encoder=series_mixer,width=32,epochs=120,patience=15,covariate_encoder=summary,input_mode=scheduled_final,input_normalization=b0,evaluation_seasons=recent_two",43,raw,six_target_native,equal_season_mean,1.2879930203771464,series_mixer_ili_none
"pilot_method=finalized,reporting_missingness=0,reporting_strength=0.5,ed_transform=logit,encoder=series_mixer,width=32,epochs=120,patience=15,covariate_encoder=summary,input_mode=scheduled_final,input_normalization=b0,evaluation_seasons=recent_two",43,raw,flu_admissions_native,2024-2025,1.2452588635073891,series_mixer_ili_none
"pilot_method=finalized,reporting_missingness=0,reporting_strength=0.5,ed_transform=logit,encoder=series_mixer,width=32,epochs=120,patience=15,covariate_encoder=summary,input_mode=scheduled_final,input_normalization=b0,evaluation_seasons=recent_two",43,raw,flu_admissions_native,2025-2026,1.221955569118947,series_mixer_ili_none
"pilot_method=finalized,reporting_missingness=0,reporting_strength=0.5,ed_transform=logit,encoder=series_mixer,width=32,epochs=120,patience=15,covariate_encoder=summary,input_mode=scheduled_final,input_normalization=b0,evaluation_seasons=recent_two",43,raw,flu_admissions_native,equal_season_mean,1.2336072163131682,series_mixer_ili_none
"pilot_method=finalized,reporting_missingness=0,reporting_strength=0.5,ed_transform=logit,encoder=series_mixer,width=32,epochs=120,patience=15,covariate_encoder=summary,input_mode=scheduled_final,input_normalization=b0,evaluation_seasons=recent_two",43,raw,flu_admissions_log,2024-2025,1.5714678589092328,series_mixer_ili_none
"pilot_method=finalized,reporting_missingness=0,reporting_strength=0.5,ed_transform=logit,encoder=series_mixer,width=32,epochs=120,patience=15,covariate_encoder=summary,input_mode=scheduled_final,input_normalization=b0,evaluation_seasons=recent_two",43,raw,flu_admissions_log,2025-2026,1.893011098574688,series_mixer_ili_none
"pilot_method=finalized,reporting_missingness=0,reporting_strength=0.5,ed_transform=logit,encoder=series_mixer,width=32,epochs=120,patience=15,covariate_encoder=summary,input_mode=scheduled_final,input_normalization=b0,evaluation_seasons=recent_two",43,raw,flu_admissions_log,equal_season_mean,1.7322394787419604,series_mixer_ili_none
"pilot_method=finalized,reporting_missingness=0,reporting_strength=0.5,ed_transform=logit,encoder=series_mlp,width=32,epochs=120,patience=15,covariate_encoder=summary,input_mode=scheduled_final,input_normalization=b0,evaluation_seasons=recent_two",42,corrected,six_target_native,2024-2025,1.2820440732710412,series_mlp_ili_none
"pilot_method=finalized,reporting_missingness=0,reporting_strength=0.5,ed_transform=logit,encoder=series_mlp,width=32,epochs=120,patience=15,covariate_encoder=summary,input_mode=scheduled_final,input_normalization=b0,evaluation_seasons=recent_two",42,corrected,six_target_native,2025-2026,1.0959359360614058,series_mlp_ili_none
"pilot_method=finalized,reporting_missingness=0,reporting_strength=0.5,ed_transform=logit,encoder=series_mlp,width=32,epochs=120,patience=15,covariate_encoder=summary,input_mode=scheduled_final,input_normalization=b0,evaluation_seasons=recent_two",42,corrected,six_target_native,equal_season_mean,1.1889900046662234,series_mlp_ili_none
"pilot_method=finalized,reporting_missingness=0,reporting_strength=0.5,ed_transform=logit,encoder=series_mlp,width=32,epochs=120,patience=15,covariate_encoder=summary,input_mode=scheduled_final,input_normalization=b0,evaluation_seasons=recent_two",42,corrected,flu_admissions_native,2024-2025,1.1626518074181755,series_mlp_ili_none
"pilot_method=finalized,reporting_missingness=0,reporting_strength=0.5,ed_transform=logit,encoder=series_mlp,width=32,epochs=120,patience=15,covariate_encoder=summary,input_mode=scheduled_final,input_normalization=b0,evaluation_seasons=recent_two",42,corrected,flu_admissions_native,2025-2026,1.0803061157168317,series_mlp_ili_none
"pilot_method=finalized,reporting_missingness=0,reporting_strength=0.5,ed_transform=logit,encoder=series_mlp,width=32,epochs=120,patience=15,covariate_encoder=summary,input_mode=scheduled_final,input_normalization=b0,evaluation_seasons=recent_two",42,corrected,flu_admissions_native,equal_season_mean,1.1214789615675036,series_mlp_ili_none
"pilot_method=finalized,reporting_missingness=0,reporting_strength=0.5,ed_transform=logit,encoder=series_mlp,width=32,epochs=120,patience=15,covariate_encoder=summary,input_mode=scheduled_final,input_normalization=b0,evaluation_seasons=recent_two",42,corrected,flu_admissions_log,2024-2025,1.5902421991320952,series_mlp_ili_none
"pilot_method=finalized,reporting_missingness=0,reporting_strength=0.5,ed_transform=logit,encoder=series_mlp,width=32,epochs=120,patience=15,covariate_encoder=summary,input_mode=scheduled_final,input_normalization=b0,evaluation_seasons=recent_two",42,corrected,flu_admissions_log,2025-2026,1.317711431673699,series_mlp_ili_none
"pilot_method=finalized,reporting_missingness=0,reporting_strength=0.5,ed_transform=logit,encoder=series_mlp,width=32,epochs=120,patience=15,covariate_encoder=summary,input_mode=scheduled_final,input_normalization=b0,evaluation_seasons=recent_two",42,corrected,flu_admissions_log,equal_season_mean,1.4539768154028971,series_mlp_ili_none
"pilot_method=finalized,reporting_missingness=0,reporting_strength=0.5,ed_transform=logit,encoder=series_mlp,width=32,epochs=120,patience=15,covariate_encoder=summary,input_mode=scheduled_final,input_normalization=b0,evaluation_seasons=recent_two",42,half,six_target_native,2024-2025,1.3017854951797527,series_mlp_ili_none
"pilot_method=finalized,reporting_missingness=0,reporting_strength=0.5,ed_transform=logit,encoder=series_mlp,width=32,epochs=120,patience=15,covariate_encoder=summary,input_mode=scheduled_final,input_normalization=b0,evaluation_seasons=recent_two",42,half,six_target_native,2025-2026,1.1021705948512432,series_mlp_ili_none
"pilot_method=finalized,reporting_missingness=0,reporting_strength=0.5,ed_transform=logit,encoder=series_mlp,width=32,epochs=120,patience=15,covariate_encoder=summary,input_mode=scheduled_final,input_normalization=b0,evaluation_seasons=recent_two",42,half,six_target_native,equal_season_mean,1.201978045015498,series_mlp_ili_none
"pilot_method=finalized,reporting_missingness=0,reporting_strength=0.5,ed_transform=logit,encoder=series_mlp,width=32,epochs=120,patience=15,covariate_encoder=summary,input_mode=scheduled_final,input_normalization=b0,evaluation_seasons=recent_two",42,half,flu_admissions_native,2024-2025,1.1644706261339828,series_mlp_ili_none
"pilot_method=finalized,reporting_missingness=0,reporting_strength=0.5,ed_transform=logit,encoder=series_mlp,width=32,epochs=120,patience=15,covariate_encoder=summary,input_mode=scheduled_final,input_normalization=b0,evaluation_seasons=recent_two",42,half,flu_admissions_native,2025-2026,1.0788416295599057,series_mlp_ili_none
"pilot_method=finalized,reporting_missingness=0,reporting_strength=0.5,ed_transform=logit,encoder=series_mlp,width=32,epochs=120,patience=15,covariate_encoder=summary,input_mode=scheduled_final,input_normalization=b0,evaluation_seasons=recent_two",42,half,flu_admissions_native,equal_season_mean,1.121656127846944,series_mlp_ili_none
"pilot_method=finalized,reporting_missingness=0,reporting_strength=0.5,ed_transform=logit,encoder=series_mlp,width=32,epochs=120,patience=15,covariate_encoder=summary,input_mode=scheduled_final,input_normalization=b0,evaluation_seasons=recent_two",42,half,flu_admissions_log,2024-2025,1.623500285192497,series_mlp_ili_none
"pilot_method=finalized,reporting_missingness=0,reporting_strength=0.5,ed_transform=logit,encoder=series_mlp,width=32,epochs=120,patience=15,covariate_encoder=summary,input_mode=scheduled_final,input_normalization=b0,evaluation_seasons=recent_two",42,half,flu_admissions_log,2025-2026,1.347854134011689,series_mlp_ili_none
"pilot_method=finalized,reporting_missingness=0,reporting_strength=0.5,ed_transform=logit,encoder=series_mlp,width=32,epochs=120,patience=15,covariate_encoder=summary,input_mode=scheduled_final,input_normalization=b0,evaluation_seasons=recent_two",42,half,flu_admissions_log,equal_season_mean,1.485677209602093,series_mlp_ili_none
"pilot_method=finalized,reporting_missingness=0,reporting_strength=0.5,ed_transform=logit,encoder=series_mlp,width=32,epochs=120,patience=15,covariate_encoder=summary,input_mode=scheduled_final,input_normalization=b0,evaluation_seasons=recent_two",42,raw,six_target_native,2024-2025,1.3302544103680518,series_mlp_ili_none
"pilot_method=finalized,reporting_missingness=0,reporting_strength=0.5,ed_transform=logit,encoder=series_mlp,width=32,epochs=120,patience=15,covariate_encoder=summary,input_mode=scheduled_final,input_normalization=b0,evaluation_seasons=recent_two",42,raw,six_target_native,2025-2026,1.115153144712939,series_mlp_ili_none
"pilot_method=finalized,reporting_missingness=0,reporting_strength=0.5,ed_transform=logit,encoder=series_mlp,width=32,epochs=120,patience=15,covariate_encoder=summary,input_mode=scheduled_final,input_normalization=b0,evaluation_seasons=recent_two",42,raw,six_target_native,equal_season_mean,1.2227037775404954,series_mlp_ili_none
"pilot_method=finalized,reporting_missingness=0,reporting_strength=0.5,ed_transform=logit,encoder=series_mlp,width=32,epochs=120,patience=15,covariate_encoder=summary,input_mode=scheduled_final,input_normalization=b0,evaluation_seasons=recent_two",42,raw,flu_admissions_native,2024-2025,1.1734257847250094,series_mlp_ili_none
"pilot_method=finalized,reporting_missingness=0,reporting_strength=0.5,ed_transform=logit,encoder=series_mlp,width=32,epochs=120,patience=15,covariate_encoder=summary,input_mode=scheduled_final,input_normalization=b0,evaluation_seasons=recent_two",42,raw,flu_admissions_native,2025-2026,1.0826449580038822,series_mlp_ili_none
"pilot_method=finalized,reporting_missingness=0,reporting_strength=0.5,ed_transform=logit,encoder=series_mlp,width=32,epochs=120,patience=15,covariate_encoder=summary,input_mode=scheduled_final,input_normalization=b0,evaluation_seasons=recent_two",42,raw,flu_admissions_native,equal_season_mean,1.1280353713644458,series_mlp_ili_none
"pilot_method=finalized,reporting_missingness=0,reporting_strength=0.5,ed_transform=logit,encoder=series_mlp,width=32,epochs=120,patience=15,covariate_encoder=summary,input_mode=scheduled_final,input_normalization=b0,evaluation_seasons=recent_two",42,raw,flu_admissions_log,2024-2025,1.6901822886170987,series_mlp_ili_none
"pilot_method=finalized,reporting_missingness=0,reporting_strength=0.5,ed_transform=logit,encoder=series_mlp,width=32,epochs=120,patience=15,covariate_encoder=summary,input_mode=scheduled_final,input_normalization=b0,evaluation_seasons=recent_two",42,raw,flu_admissions_log,2025-2026,1.401352816324202,series_mlp_ili_none
"pilot_method=finalized,reporting_missingness=0,reporting_strength=0.5,ed_transform=logit,encoder=series_mlp,width=32,epochs=120,patience=15,covariate_encoder=summary,input_mode=scheduled_final,input_normalization=b0,evaluation_seasons=recent_two",42,raw,flu_admissions_log,equal_season_mean,1.5457675524706502,series_mlp_ili_none
"pilot_method=finalized,reporting_missingness=0,reporting_strength=0.5,ed_transform=logit,encoder=series_mlp,width=32,epochs=120,patience=15,covariate_encoder=summary,input_mode=scheduled_final,input_normalization=b0,evaluation_seasons=recent_two",43,corrected,six_target_native,2024-2025,1.1511334623734444,series_mlp_ili_none
"pilot_method=finalized,reporting_missingness=0,reporting_strength=0.5,ed_transform=logit,encoder=series_mlp,width=32,epochs=120,patience=15,covariate_encoder=summary,input_mode=scheduled_final,input_normalization=b0,evaluation_seasons=recent_two",43,corrected,six_target_native,2025-2026,1.088610907098813,series_mlp_ili_none
"pilot_method=finalized,reporting_missingness=0,reporting_strength=0.5,ed_transform=logit,encoder=series_mlp,width=32,epochs=120,patience=15,covariate_encoder=summary,input_mode=scheduled_final,input_normalization=b0,evaluation_seasons=recent_two",43,corrected,six_target_native,equal_season_mean,1.1198721847361286,series_mlp_ili_none
"pilot_method=finalized,reporting_missingness=0,reporting_strength=0.5,ed_transform=logit,encoder=series_mlp,width=32,epochs=120,patience=15,covariate_encoder=summary,input_mode=scheduled_final,input_normalization=b0,evaluation_seasons=recent_two",43,corrected,flu_admissions_native,2024-2025,1.0553858154323823,series_mlp_ili_none
"pilot_method=finalized,reporting_missingness=0,reporting_strength=0.5,ed_transform=logit,encoder=series_mlp,width=32,epochs=120,patience=15,covariate_encoder=summary,input_mode=scheduled_final,input_normalization=b0,evaluation_seasons=recent_two",43,corrected,flu_admissions_native,2025-2026,1.1015371978827344,series_mlp_ili_none
"pilot_method=finalized,reporting_missingness=0,reporting_strength=0.5,ed_transform=logit,encoder=series_mlp,width=32,epochs=120,patience=15,covariate_encoder=summary,input_mode=scheduled_final,input_normalization=b0,evaluation_seasons=recent_two",43,corrected,flu_admissions_native,equal_season_mean,1.0784615066575585,series_mlp_ili_none
"pilot_method=finalized,reporting_missingness=0,reporting_strength=0.5,ed_transform=logit,encoder=series_mlp,width=32,epochs=120,patience=15,covariate_encoder=summary,input_mode=scheduled_final,input_normalization=b0,evaluation_seasons=recent_two",43,corrected,flu_admissions_log,2024-2025,1.357565647491164,series_mlp_ili_none
"pilot_method=finalized,reporting_missingness=0,reporting_strength=0.5,ed_transform=logit,encoder=series_mlp,width=32,epochs=120,patience=15,covariate_encoder=summary,input_mode=scheduled_final,input_normalization=b0,evaluation_seasons=recent_two",43,corrected,flu_admissions_log,2025-2026,1.4435726398989384,series_mlp_ili_none
"pilot_method=finalized,reporting_missingness=0,reporting_strength=0.5,ed_transform=logit,encoder=series_mlp,width=32,epochs=120,patience=15,covariate_encoder=summary,input_mode=scheduled_final,input_normalization=b0,evaluation_seasons=recent_two",43,corrected,flu_admissions_log,equal_season_mean,1.4005691436950511,series_mlp_ili_none
"pilot_method=finalized,reporting_missingness=0,reporting_strength=0.5,ed_transform=logit,encoder=series_mlp,width=32,epochs=120,patience=15,covariate_encoder=summary,input_mode=scheduled_final,input_normalization=b0,evaluation_seasons=recent_two",43,half,six_target_native,2024-2025,1.166904180127876,series_mlp_ili_none
"pilot_method=finalized,reporting_missingness=0,reporting_strength=0.5,ed_transform=logit,encoder=series_mlp,width=32,epochs=120,patience=15,covariate_encoder=summary,input_mode=scheduled_final,input_normalization=b0,evaluation_seasons=recent_two",43,half,six_target_native,2025-2026,1.094946840566372,series_mlp_ili_none
"pilot_method=finalized,reporting_missingness=0,reporting_strength=0.5,ed_transform=logit,encoder=series_mlp,width=32,epochs=120,patience=15,covariate_encoder=summary,input_mode=scheduled_final,input_normalization=b0,evaluation_seasons=recent_two",43,half,six_target_native,equal_season_mean,1.130925510347124,series_mlp_ili_none
"pilot_method=finalized,reporting_missingness=0,reporting_strength=0.5,ed_transform=logit,encoder=series_mlp,width=32,epochs=120,patience=15,covariate_encoder=summary,input_mode=scheduled_final,input_normalization=b0,evaluation_seasons=recent_two",43,half,flu_admissions_native,2024-2025,1.0591437832235269,series_mlp_ili_none
"pilot_method=finalized,reporting_missingness=0,reporting_strength=0.5,ed_transform=logit,encoder=series_mlp,width=32,epochs=120,patience=15,covariate_encoder=summary,input_mode=scheduled_final,input_normalization=b0,evaluation_seasons=recent_two",43,half,flu_admissions_native,2025-2026,1.0977083069742144,series_mlp_ili_none
"pilot_method=finalized,reporting_missingness=0,reporting_strength=0.5,ed_transform=logit,encoder=series_mlp,width=32,epochs=120,patience=15,covariate_encoder=summary,input_mode=scheduled_final,input_normalization=b0,evaluation_seasons=recent_two",43,half,flu_admissions_native,equal_season_mean,1.0784260450988707,series_mlp_ili_none
"pilot_method=finalized,reporting_missingness=0,reporting_strength=0.5,ed_transform=logit,encoder=series_mlp,width=32,epochs=120,patience=15,covariate_encoder=summary,input_mode=scheduled_final,input_normalization=b0,evaluation_seasons=recent_two",43,half,flu_admissions_log,2024-2025,1.3768290514396515,series_mlp_ili_none
"pilot_method=finalized,reporting_missingness=0,reporting_strength=0.5,ed_transform=logit,encoder=series_mlp,width=32,epochs=120,patience=15,covariate_encoder=summary,input_mode=scheduled_final,input_normalization=b0,evaluation_seasons=recent_two",43,half,flu_admissions_log,2025-2026,1.4856550867511242,series_mlp_ili_none
"pilot_method=finalized,reporting_missingness=0,reporting_strength=0.5,ed_transform=logit,encoder=series_mlp,width=32,epochs=120,patience=15,covariate_encoder=summary,input_mode=scheduled_final,input_normalization=b0,evaluation_seasons=recent_two",43,half,flu_admissions_log,equal_season_mean,1.431242069095388,series_mlp_ili_none
"pilot_method=finalized,reporting_missingness=0,reporting_strength=0.5,ed_transform=logit,encoder=series_mlp,width=32,epochs=120,patience=15,covariate_encoder=summary,input_mode=scheduled_final,input_normalization=b0,evaluation_seasons=recent_two",43,raw,six_target_native,2024-2025,1.1916794470145704,series_mlp_ili_none
"pilot_method=finalized,reporting_missingness=0,reporting_strength=0.5,ed_transform=logit,encoder=series_mlp,width=32,epochs=120,patience=15,covariate_encoder=summary,input_mode=scheduled_final,input_normalization=b0,evaluation_seasons=recent_two",43,raw,six_target_native,2025-2026,1.10758456257181,series_mlp_ili_none
"pilot_method=finalized,reporting_missingness=0,reporting_strength=0.5,ed_transform=logit,encoder=series_mlp,width=32,epochs=120,patience=15,covariate_encoder=summary,input_mode=scheduled_final,input_normalization=b0,evaluation_seasons=recent_two",43,raw,six_target_native,equal_season_mean,1.1496320047931905,series_mlp_ili_none
"pilot_method=finalized,reporting_missingness=0,reporting_strength=0.5,ed_transform=logit,encoder=series_mlp,width=32,epochs=120,patience=15,covariate_encoder=summary,input_mode=scheduled_final,input_normalization=b0,evaluation_seasons=recent_two",43,raw,flu_admissions_native,2024-2025,1.0696367497354518,series_mlp_ili_none
"pilot_method=finalized,reporting_missingness=0,reporting_strength=0.5,ed_transform=logit,encoder=series_mlp,width=32,epochs=120,patience=15,covariate_encoder=summary,input_mode=scheduled_final,input_normalization=b0,evaluation_seasons=recent_two",43,raw,flu_admissions_native,2025-2026,1.098937631702728,series_mlp_ili_none
"pilot_method=finalized,reporting_missingness=0,reporting_strength=0.5,ed_transform=logit,encoder=series_mlp,width=32,epochs=120,patience=15,covariate_encoder=summary,input_mode=scheduled_final,input_normalization=b0,evaluation_seasons=recent_two",43,raw,flu_admissions_native,equal_season_mean,1.08428719071909,series_mlp_ili_none
"pilot_method=finalized,reporting_missingness=0,reporting_strength=0.5,ed_transform=logit,encoder=series_mlp,width=32,epochs=120,patience=15,covariate_encoder=summary,input_mode=scheduled_final,input_normalization=b0,evaluation_seasons=recent_two",43,raw,flu_admissions_log,2024-2025,1.4226406864856784,series_mlp_ili_none
"pilot_method=finalized,reporting_missingness=0,reporting_strength=0.5,ed_transform=logit,encoder=series_mlp,width=32,epochs=120,patience=15,covariate_encoder=summary,input_mode=scheduled_final,input_normalization=b0,evaluation_seasons=recent_two",43,raw,flu_admissions_log,2025-2026,1.5563289551457211,series_mlp_ili_none
"pilot_method=finalized,reporting_missingness=0,reporting_strength=0.5,ed_transform=logit,encoder=series_mlp,width=32,epochs=120,patience=15,covariate_encoder=summary,input_mode=scheduled_final,input_normalization=b0,evaluation_seasons=recent_two",43,raw,flu_admissions_log,equal_season_mean,1.4894848208157,series_mlp_ili_none
"pilot_method=finalized,reporting_missingness=0,reporting_strength=0.5,ed_transform=logit,spatial=distance,decoder=quantile,epochs=120,patience=15,fit_partition=pathogen,covariate_encoder=summary,input_mode=scheduled_final,input_normalization=b0,evaluation_seasons=recent_two",42,corrected,six_target_native,2024-2025,0.9735097115872487,pathogen_distance_quantile_head
"pilot_method=finalized,reporting_missingness=0,reporting_strength=0.5,ed_transform=logit,spatial=distance,decoder=quantile,epochs=120,patience=15,fit_partition=pathogen,covariate_encoder=summary,input_mode=scheduled_final,input_normalization=b0,evaluation_seasons=recent_two",42,corrected,six_target_native,2025-2026,0.9792153764274036,pathogen_distance_quantile_head
"pilot_method=finalized,reporting_missingness=0,reporting_strength=0.5,ed_transform=logit,spatial=distance,decoder=quantile,epochs=120,patience=15,fit_partition=pathogen,covariate_encoder=summary,input_mode=scheduled_final,input_normalization=b0,evaluation_seasons=recent_two",42,corrected,six_target_native,equal_season_mean,0.9763625440073262,pathogen_distance_quantile_head
"pilot_method=finalized,reporting_missingness=0,reporting_strength=0.5,ed_transform=logit,spatial=distance,decoder=quantile,epochs=120,patience=15,fit_partition=pathogen,covariate_encoder=summary,input_mode=scheduled_final,input_normalization=b0,evaluation_seasons=recent_two",42,corrected,flu_admissions_native,2024-2025,0.8395451727323262,pathogen_distance_quantile_head
"pilot_method=finalized,reporting_missingness=0,reporting_strength=0.5,ed_transform=logit,spatial=distance,decoder=quantile,epochs=120,patience=15,fit_partition=pathogen,covariate_encoder=summary,input_mode=scheduled_final,input_normalization=b0,evaluation_seasons=recent_two",42,corrected,flu_admissions_native,2025-2026,0.8790387532889238,pathogen_distance_quantile_head
"pilot_method=finalized,reporting_missingness=0,reporting_strength=0.5,ed_transform=logit,spatial=distance,decoder=quantile,epochs=120,patience=15,fit_partition=pathogen,covariate_encoder=summary,input_mode=scheduled_final,input_normalization=b0,evaluation_seasons=recent_two",42,corrected,flu_admissions_native,equal_season_mean,0.859291963010625,pathogen_distance_quantile_head
"pilot_method=finalized,reporting_missingness=0,reporting_strength=0.5,ed_transform=logit,spatial=distance,decoder=quantile,epochs=120,patience=15,fit_partition=pathogen,covariate_encoder=summary,input_mode=scheduled_final,input_normalization=b0,evaluation_seasons=recent_two",42,corrected,flu_admissions_log,2024-2025,0.8323592396029567,pathogen_distance_quantile_head
"pilot_method=finalized,reporting_missingness=0,reporting_strength=0.5,ed_transform=logit,spatial=distance,decoder=quantile,epochs=120,patience=15,fit_partition=pathogen,covariate_encoder=summary,input_mode=scheduled_final,input_normalization=b0,evaluation_seasons=recent_two",42,corrected,flu_admissions_log,2025-2026,0.9507342211721702,pathogen_distance_quantile_head
"pilot_method=finalized,reporting_missingness=0,reporting_strength=0.5,ed_transform=logit,spatial=distance,decoder=quantile,epochs=120,patience=15,fit_partition=pathogen,covariate_encoder=summary,input_mode=scheduled_final,input_normalization=b0,evaluation_seasons=recent_two",42,corrected,flu_admissions_log,equal_season_mean,0.8915467303875635,pathogen_distance_quantile_head
"pilot_method=finalized,reporting_missingness=0,reporting_strength=0.5,ed_transform=logit,spatial=distance,decoder=quantile,epochs=120,patience=15,fit_partition=pathogen,covariate_encoder=summary,input_mode=scheduled_final,input_normalization=b0,evaluation_seasons=recent_two",42,half,six_target_native,2024-2025,0.9971089155400752,pathogen_distance_quantile_head
"pilot_method=finalized,reporting_missingness=0,reporting_strength=0.5,ed_transform=logit,spatial=distance,decoder=quantile,epochs=120,patience=15,fit_partition=pathogen,covariate_encoder=summary,input_mode=scheduled_final,input_normalization=b0,evaluation_seasons=recent_two",42,half,six_target_native,2025-2026,0.9920236691035534,pathogen_distance_quantile_head
"pilot_method=finalized,reporting_missingness=0,reporting_strength=0.5,ed_transform=logit,spatial=distance,decoder=quantile,epochs=120,patience=15,fit_partition=pathogen,covariate_encoder=summary,input_mode=scheduled_final,input_normalization=b0,evaluation_seasons=recent_two",42,half,six_target_native,equal_season_mean,0.9945662923218144,pathogen_distance_quantile_head
"pilot_method=finalized,reporting_missingness=0,reporting_strength=0.5,ed_transform=logit,spatial=distance,decoder=quantile,epochs=120,patience=15,fit_partition=pathogen,covariate_encoder=summary,input_mode=scheduled_final,input_normalization=b0,evaluation_seasons=recent_two",42,half,flu_admissions_native,2024-2025,0.8496770477652248,pathogen_distance_quantile_head
"pilot_method=finalized,reporting_missingness=0,reporting_strength=0.5,ed_transform=logit,spatial=distance,decoder=quantile,epochs=120,patience=15,fit_partition=pathogen,covariate_encoder=summary,input_mode=scheduled_final,input_normalization=b0,evaluation_seasons=recent_two",42,half,flu_admissions_native,2025-2026,0.8812749756204131,pathogen_distance_quantile_head
"pilot_method=finalized,reporting_missingness=0,reporting_strength=0.5,ed_transform=logit,spatial=distance,decoder=quantile,epochs=120,patience=15,fit_partition=pathogen,covariate_encoder=summary,input_mode=scheduled_final,input_normalization=b0,evaluation_seasons=recent_two",42,half,flu_admissions_native,equal_season_mean,0.865476011692819,pathogen_distance_quantile_head
"pilot_method=finalized,reporting_missingness=0,reporting_strength=0.5,ed_transform=logit,spatial=distance,decoder=quantile,epochs=120,patience=15,fit_partition=pathogen,covariate_encoder=summary,input_mode=scheduled_final,input_normalization=b0,evaluation_seasons=recent_two",42,half,flu_admissions_log,2024-2025,0.8476892375406889,pathogen_distance_quantile_head
"pilot_method=finalized,reporting_missingness=0,reporting_strength=0.5,ed_transform=logit,spatial=distance,decoder=quantile,epochs=120,patience=15,fit_partition=pathogen,covariate_encoder=summary,input_mode=scheduled_final,input_normalization=b0,evaluation_seasons=recent_two",42,half,flu_admissions_log,2025-2026,0.971225296680847,pathogen_distance_quantile_head
"pilot_method=finalized,reporting_missingness=0,reporting_strength=0.5,ed_transform=logit,spatial=distance,decoder=quantile,epochs=120,patience=15,fit_partition=pathogen,covariate_encoder=summary,input_mode=scheduled_final,input_normalization=b0,evaluation_seasons=recent_two",42,half,flu_admissions_log,equal_season_mean,0.909457267110768,pathogen_distance_quantile_head
"pilot_method=finalized,reporting_missingness=0,reporting_strength=0.5,ed_transform=logit,spatial=distance,decoder=quantile,epochs=120,patience=15,fit_partition=pathogen,covariate_encoder=summary,input_mode=scheduled_final,input_normalization=b0,evaluation_seasons=recent_two",42,raw,six_target_native,2024-2025,1.0265704552516908,pathogen_distance_quantile_head
"pilot_method=finalized,reporting_missingness=0,reporting_strength=0.5,ed_transform=logit,spatial=distance,decoder=quantile,epochs=120,patience=15,fit_partition=pathogen,covariate_encoder=summary,input_mode=scheduled_final,input_normalization=b0,evaluation_seasons=recent_two",42,raw,six_target_native,2025-2026,1.0098608210075295,pathogen_distance_quantile_head
"pilot_method=finalized,reporting_missingness=0,reporting_strength=0.5,ed_transform=logit,spatial=distance,decoder=quantile,epochs=120,patience=15,fit_partition=pathogen,covariate_encoder=summary,input_mode=scheduled_final,input_normalization=b0,evaluation_seasons=recent_two",42,raw,six_target_native,equal_season_mean,1.01821563812961,pathogen_distance_quantile_head
"pilot_method=finalized,reporting_missingness=0,reporting_strength=0.5,ed_transform=logit,spatial=distance,decoder=quantile,epochs=120,patience=15,fit_partition=pathogen,covariate_encoder=summary,input_mode=scheduled_final,input_normalization=b0,evaluation_seasons=recent_two",42,raw,flu_admissions_native,2024-2025,0.8624450585957809,pathogen_distance_quantile_head
"pilot_method=finalized,reporting_missingness=0,reporting_strength=0.5,ed_transform=logit,spatial=distance,decoder=quantile,epochs=120,patience=15,fit_partition=pathogen,covariate_encoder=summary,input_mode=scheduled_final,input_normalization=b0,evaluation_seasons=recent_two",42,raw,flu_admissions_native,2025-2026,0.8868041641038005,pathogen_distance_quantile_head
"pilot_method=finalized,reporting_missingness=0,reporting_strength=0.5,ed_transform=logit,spatial=distance,decoder=quantile,epochs=120,patience=15,fit_partition=pathogen,covariate_encoder=summary,input_mode=scheduled_final,input_normalization=b0,evaluation_seasons=recent_two",42,raw,flu_admissions_native,equal_season_mean,0.8746246113497906,pathogen_distance_quantile_head
"pilot_method=finalized,reporting_missingness=0,reporting_strength=0.5,ed_transform=logit,spatial=distance,decoder=quantile,epochs=120,patience=15,fit_partition=pathogen,covariate_encoder=summary,input_mode=scheduled_final,input_normalization=b0,evaluation_seasons=recent_two",42,raw,flu_admissions_log,2024-2025,0.86932134777032,pathogen_distance_quantile_head
"pilot_method=finalized,reporting_missingness=0,reporting_strength=0.5,ed_transform=logit,spatial=distance,decoder=quantile,epochs=120,patience=15,fit_partition=pathogen,covariate_encoder=summary,input_mode=scheduled_final,input_normalization=b0,evaluation_seasons=recent_two",42,raw,flu_admissions_log,2025-2026,1.0001288508942547,pathogen_distance_quantile_head
"pilot_method=finalized,reporting_missingness=0,reporting_strength=0.5,ed_transform=logit,spatial=distance,decoder=quantile,epochs=120,patience=15,fit_partition=pathogen,covariate_encoder=summary,input_mode=scheduled_final,input_normalization=b0,evaluation_seasons=recent_two",42,raw,flu_admissions_log,equal_season_mean,0.9347250993322872,pathogen_distance_quantile_head
"pilot_method=finalized,reporting_missingness=0,reporting_strength=0.5,ed_transform=logit,spatial=distance,decoder=quantile,epochs=120,patience=15,fit_partition=pathogen,covariate_encoder=summary,input_mode=scheduled_final,input_normalization=b0,evaluation_seasons=recent_two",43,corrected,six_target_native,2024-2025,1.0734815730132323,pathogen_distance_quantile_head
"pilot_method=finalized,reporting_missingness=0,reporting_strength=0.5,ed_transform=logit,spatial=distance,decoder=quantile,epochs=120,patience=15,fit_partition=pathogen,covariate_encoder=summary,input_mode=scheduled_final,input_normalization=b0,evaluation_seasons=recent_two",43,corrected,six_target_native,2025-2026,0.9358253045394076,pathogen_distance_quantile_head
"pilot_method=finalized,reporting_missingness=0,reporting_strength=0.5,ed_transform=logit,spatial=distance,decoder=quantile,epochs=120,patience=15,fit_partition=pathogen,covariate_encoder=summary,input_mode=scheduled_final,input_normalization=b0,evaluation_seasons=recent_two",43,corrected,six_target_native,equal_season_mean,1.0046534387763202,pathogen_distance_quantile_head
"pilot_method=finalized,reporting_missingness=0,reporting_strength=0.5,ed_transform=logit,spatial=distance,decoder=quantile,epochs=120,patience=15,fit_partition=pathogen,covariate_encoder=summary,input_mode=scheduled_final,input_normalization=b0,evaluation_seasons=recent_two",43,corrected,flu_admissions_native,2024-2025,0.967457084628214,pathogen_distance_quantile_head
"pilot_method=finalized,reporting_missingness=0,reporting_strength=0.5,ed_transform=logit,spatial=distance,decoder=quantile,epochs=120,patience=15,fit_partition=pathogen,covariate_encoder=summary,input_mode=scheduled_final,input_normalization=b0,evaluation_seasons=recent_two",43,corrected,flu_admissions_native,2025-2026,0.9324102586611532,pathogen_distance_quantile_head
"pilot_method=finalized,reporting_missingness=0,reporting_strength=0.5,ed_transform=logit,spatial=distance,decoder=quantile,epochs=120,patience=15,fit_partition=pathogen,covariate_encoder=summary,input_mode=scheduled_final,input_normalization=b0,evaluation_seasons=recent_two",43,corrected,flu_admissions_native,equal_season_mean,0.9499336716446836,pathogen_distance_quantile_head
"pilot_method=finalized,reporting_missingness=0,reporting_strength=0.5,ed_transform=logit,spatial=distance,decoder=quantile,epochs=120,patience=15,fit_partition=pathogen,covariate_encoder=summary,input_mode=scheduled_final,input_normalization=b0,evaluation_seasons=recent_two",43,corrected,flu_admissions_log,2024-2025,0.9738751933643296,pathogen_distance_quantile_head
"pilot_method=finalized,reporting_missingness=0,reporting_strength=0.5,ed_transform=logit,spatial=distance,decoder=quantile,epochs=120,patience=15,fit_partition=pathogen,covariate_encoder=summary,input_mode=scheduled_final,input_normalization=b0,evaluation_seasons=recent_two",43,corrected,flu_admissions_log,2025-2026,0.97412362086815,pathogen_distance_quantile_head
"pilot_method=finalized,reporting_missingness=0,reporting_strength=0.5,ed_transform=logit,spatial=distance,decoder=quantile,epochs=120,patience=15,fit_partition=pathogen,covariate_encoder=summary,input_mode=scheduled_final,input_normalization=b0,evaluation_seasons=recent_two",43,corrected,flu_admissions_log,equal_season_mean,0.9739994071162398,pathogen_distance_quantile_head
"pilot_method=finalized,reporting_missingness=0,reporting_strength=0.5,ed_transform=logit,spatial=distance,decoder=quantile,epochs=120,patience=15,fit_partition=pathogen,covariate_encoder=summary,input_mode=scheduled_final,input_normalization=b0,evaluation_seasons=recent_two",43,half,six_target_native,2024-2025,1.103071342006297,pathogen_distance_quantile_head
"pilot_method=finalized,reporting_missingness=0,reporting_strength=0.5,ed_transform=logit,spatial=distance,decoder=quantile,epochs=120,patience=15,fit_partition=pathogen,covariate_encoder=summary,input_mode=scheduled_final,input_normalization=b0,evaluation_seasons=recent_two",43,half,six_target_native,2025-2026,0.9333940473101712,pathogen_distance_quantile_head
"pilot_method=finalized,reporting_missingness=0,reporting_strength=0.5,ed_transform=logit,spatial=distance,decoder=quantile,epochs=120,patience=15,fit_partition=pathogen,covariate_encoder=summary,input_mode=scheduled_final,input_normalization=b0,evaluation_seasons=recent_two",43,half,six_target_native,equal_season_mean,1.018232694658234,pathogen_distance_quantile_head
"pilot_method=finalized,reporting_missingness=0,reporting_strength=0.5,ed_transform=logit,spatial=distance,decoder=quantile,epochs=120,patience=15,fit_partition=pathogen,covariate_encoder=summary,input_mode=scheduled_final,input_normalization=b0,evaluation_seasons=recent_two",43,half,flu_admissions_native,2024-2025,0.9879337147223526,pathogen_distance_quantile_head
"pilot_method=finalized,reporting_missingness=0,reporting_strength=0.5,ed_transform=logit,spatial=distance,decoder=quantile,epochs=120,patience=15,fit_partition=pathogen,covariate_encoder=summary,input_mode=scheduled_final,input_normalization=b0,evaluation_seasons=recent_two",43,half,flu_admissions_native,2025-2026,0.9289373185186216,pathogen_distance_quantile_head
"pilot_method=finalized,reporting_missingness=0,reporting_strength=0.5,ed_transform=logit,spatial=distance,decoder=quantile,epochs=120,patience=15,fit_partition=pathogen,covariate_encoder=summary,input_mode=scheduled_final,input_normalization=b0,evaluation_seasons=recent_two",43,half,flu_admissions_native,equal_season_mean,0.958435516620487,pathogen_distance_quantile_head
"pilot_method=finalized,reporting_missingness=0,reporting_strength=0.5,ed_transform=logit,spatial=distance,decoder=quantile,epochs=120,patience=15,fit_partition=pathogen,covariate_encoder=summary,input_mode=scheduled_final,input_normalization=b0,evaluation_seasons=recent_two",43,half,flu_admissions_log,2024-2025,1.0027602414188312,pathogen_distance_quantile_head
"pilot_method=finalized,reporting_missingness=0,reporting_strength=0.5,ed_transform=logit,spatial=distance,decoder=quantile,epochs=120,patience=15,fit_partition=pathogen,covariate_encoder=summary,input_mode=scheduled_final,input_normalization=b0,evaluation_seasons=recent_two",43,half,flu_admissions_log,2025-2026,0.9748959311725912,pathogen_distance_quantile_head
"pilot_method=finalized,reporting_missingness=0,reporting_strength=0.5,ed_transform=logit,spatial=distance,decoder=quantile,epochs=120,patience=15,fit_partition=pathogen,covariate_encoder=summary,input_mode=scheduled_final,input_normalization=b0,evaluation_seasons=recent_two",43,half,flu_admissions_log,equal_season_mean,0.9888280862957112,pathogen_distance_quantile_head
"pilot_method=finalized,reporting_missingness=0,reporting_strength=0.5,ed_transform=logit,spatial=distance,decoder=quantile,epochs=120,patience=15,fit_partition=pathogen,covariate_encoder=summary,input_mode=scheduled_final,input_normalization=b0,evaluation_seasons=recent_two",43,raw,six_target_native,2024-2025,1.138049594129718,pathogen_distance_quantile_head
"pilot_method=finalized,reporting_missingness=0,reporting_strength=0.5,ed_transform=logit,spatial=distance,decoder=quantile,epochs=120,patience=15,fit_partition=pathogen,covariate_encoder=summary,input_mode=scheduled_final,input_normalization=b0,evaluation_seasons=recent_two",43,raw,six_target_native,2025-2026,0.936977753501976,pathogen_distance_quantile_head
"pilot_method=finalized,reporting_missingness=0,reporting_strength=0.5,ed_transform=logit,spatial=distance,decoder=quantile,epochs=120,patience=15,fit_partition=pathogen,covariate_encoder=summary,input_mode=scheduled_final,input_normalization=b0,evaluation_seasons=recent_two",43,raw,six_target_native,equal_season_mean,1.037513673815847,pathogen_distance_quantile_head
"pilot_method=finalized,reporting_missingness=0,reporting_strength=0.5,ed_transform=logit,spatial=distance,decoder=quantile,epochs=120,patience=15,fit_partition=pathogen,covariate_encoder=summary,input_mode=scheduled_final,input_normalization=b0,evaluation_seasons=recent_two",43,raw,flu_admissions_native,2024-2025,1.01091067828756,pathogen_distance_quantile_head
"pilot_method=finalized,reporting_missingness=0,reporting_strength=0.5,ed_transform=logit,spatial=distance,decoder=quantile,epochs=120,patience=15,fit_partition=pathogen,covariate_encoder=summary,input_mode=scheduled_final,input_normalization=b0,evaluation_seasons=recent_two",43,raw,flu_admissions_native,2025-2026,0.9301685883150064,pathogen_distance_quantile_head
"pilot_method=finalized,reporting_missingness=0,reporting_strength=0.5,ed_transform=logit,spatial=distance,decoder=quantile,epochs=120,patience=15,fit_partition=pathogen,covariate_encoder=summary,input_mode=scheduled_final,input_normalization=b0,evaluation_seasons=recent_two",43,raw,flu_admissions_native,equal_season_mean,0.9705396333012832,pathogen_distance_quantile_head
"pilot_method=finalized,reporting_missingness=0,reporting_strength=0.5,ed_transform=logit,spatial=distance,decoder=quantile,epochs=120,patience=15,fit_partition=pathogen,covariate_encoder=summary,input_mode=scheduled_final,input_normalization=b0,evaluation_seasons=recent_two",43,raw,flu_admissions_log,2024-2025,1.038013313051513,pathogen_distance_quantile_head
"pilot_method=finalized,reporting_missingness=0,reporting_strength=0.5,ed_transform=logit,spatial=distance,decoder=quantile,epochs=120,patience=15,fit_partition=pathogen,covariate_encoder=summary,input_mode=scheduled_final,input_normalization=b0,evaluation_seasons=recent_two",43,raw,flu_admissions_log,2025-2026,0.9867771980417837,pathogen_distance_quantile_head
"pilot_method=finalized,reporting_missingness=0,reporting_strength=0.5,ed_transform=logit,spatial=distance,decoder=quantile,epochs=120,patience=15,fit_partition=pathogen,covariate_encoder=summary,input_mode=scheduled_final,input_normalization=b0,evaluation_seasons=recent_two",43,raw,flu_admissions_log,equal_season_mean,1.0123952555466482,pathogen_distance_quantile_head
"pilot_method=finalized,reporting_missingness=0,reporting_strength=0.5,ed_transform=logit,spatial=distance,epochs=120,patience=15,fit_partition=pathogen,covariate_encoder=summary,input_mode=scheduled_final,input_normalization=b0,evaluation_seasons=recent_two",42,corrected,six_target_native,2024-2025,0.9378153024903272,pathogen_distance_finalized
"pilot_method=finalized,reporting_missingness=0,reporting_strength=0.5,ed_transform=logit,spatial=distance,epochs=120,patience=15,fit_partition=pathogen,covariate_encoder=summary,input_mode=scheduled_final,input_normalization=b0,evaluation_seasons=recent_two",42,corrected,six_target_native,2025-2026,1.0022457358397727,pathogen_distance_finalized
"pilot_method=finalized,reporting_missingness=0,reporting_strength=0.5,ed_transform=logit,spatial=distance,epochs=120,patience=15,fit_partition=pathogen,covariate_encoder=summary,input_mode=scheduled_final,input_normalization=b0,evaluation_seasons=recent_two",42,corrected,six_target_native,equal_season_mean,0.97003051916505,pathogen_distance_finalized
"pilot_method=finalized,reporting_missingness=0,reporting_strength=0.5,ed_transform=logit,spatial=distance,epochs=120,patience=15,fit_partition=pathogen,covariate_encoder=summary,input_mode=scheduled_final,input_normalization=b0,evaluation_seasons=recent_two",42,corrected,flu_admissions_native,2024-2025,0.7639766130701982,pathogen_distance_finalized
"pilot_method=finalized,reporting_missingness=0,reporting_strength=0.5,ed_transform=logit,spatial=distance,epochs=120,patience=15,fit_partition=pathogen,covariate_encoder=summary,input_mode=scheduled_final,input_normalization=b0,evaluation_seasons=recent_two",42,corrected,flu_admissions_native,2025-2026,1.1597967628444996,pathogen_distance_finalized
"pilot_method=finalized,reporting_missingness=0,reporting_strength=0.5,ed_transform=logit,spatial=distance,epochs=120,patience=15,fit_partition=pathogen,covariate_encoder=summary,input_mode=scheduled_final,input_normalization=b0,evaluation_seasons=recent_two",42,corrected,flu_admissions_native,equal_season_mean,0.9618866879573488,pathogen_distance_finalized
"pilot_method=finalized,reporting_missingness=0,reporting_strength=0.5,ed_transform=logit,spatial=distance,epochs=120,patience=15,fit_partition=pathogen,covariate_encoder=summary,input_mode=scheduled_final,input_normalization=b0,evaluation_seasons=recent_two",42,corrected,flu_admissions_log,2024-2025,0.7684229424453539,pathogen_distance_finalized
"pilot_method=finalized,reporting_missingness=0,reporting_strength=0.5,ed_transform=logit,spatial=distance,epochs=120,patience=15,fit_partition=pathogen,covariate_encoder=summary,input_mode=scheduled_final,input_normalization=b0,evaluation_seasons=recent_two",42,corrected,flu_admissions_log,2025-2026,1.161482848713054,pathogen_distance_finalized
"pilot_method=finalized,reporting_missingness=0,reporting_strength=0.5,ed_transform=logit,spatial=distance,epochs=120,patience=15,fit_partition=pathogen,covariate_encoder=summary,input_mode=scheduled_final,input_normalization=b0,evaluation_seasons=recent_two",42,corrected,flu_admissions_log,equal_season_mean,0.964952895579204,pathogen_distance_finalized
"pilot_method=finalized,reporting_missingness=0,reporting_strength=0.5,ed_transform=logit,spatial=distance,epochs=120,patience=15,fit_partition=pathogen,covariate_encoder=summary,input_mode=scheduled_final,input_normalization=b0,evaluation_seasons=recent_two",42,half,six_target_native,2024-2025,0.9622354701925832,pathogen_distance_finalized
"pilot_method=finalized,reporting_missingness=0,reporting_strength=0.5,ed_transform=logit,spatial=distance,epochs=120,patience=15,fit_partition=pathogen,covariate_encoder=summary,input_mode=scheduled_final,input_normalization=b0,evaluation_seasons=recent_two",42,half,six_target_native,2025-2026,1.0067192522642805,pathogen_distance_finalized
"pilot_method=finalized,reporting_missingness=0,reporting_strength=0.5,ed_transform=logit,spatial=distance,epochs=120,patience=15,fit_partition=pathogen,covariate_encoder=summary,input_mode=scheduled_final,input_normalization=b0,evaluation_seasons=recent_two",42,half,six_target_native,equal_season_mean,0.9844773612284318,pathogen_distance_finalized
"pilot_method=finalized,reporting_missingness=0,reporting_strength=0.5,ed_transform=logit,spatial=distance,epochs=120,patience=15,fit_partition=pathogen,covariate_encoder=summary,input_mode=scheduled_final,input_normalization=b0,evaluation_seasons=recent_two",42,half,flu_admissions_native,2024-2025,0.7706037849964428,pathogen_distance_finalized
"pilot_method=finalized,reporting_missingness=0,reporting_strength=0.5,ed_transform=logit,spatial=distance,epochs=120,patience=15,fit_partition=pathogen,covariate_encoder=summary,input_mode=scheduled_final,input_normalization=b0,evaluation_seasons=recent_two",42,half,flu_admissions_native,2025-2026,1.1507603336432537,pathogen_distance_finalized
"pilot_method=finalized,reporting_missingness=0,reporting_strength=0.5,ed_transform=logit,spatial=distance,epochs=120,patience=15,fit_partition=pathogen,covariate_encoder=summary,input_mode=scheduled_final,input_normalization=b0,evaluation_seasons=recent_two",42,half,flu_admissions_native,equal_season_mean,0.9606820593198482,pathogen_distance_finalized
"pilot_method=finalized,reporting_missingness=0,reporting_strength=0.5,ed_transform=logit,spatial=distance,epochs=120,patience=15,fit_partition=pathogen,covariate_encoder=summary,input_mode=scheduled_final,input_normalization=b0,evaluation_seasons=recent_two",42,half,flu_admissions_log,2024-2025,0.7814379563869692,pathogen_distance_finalized
"pilot_method=finalized,reporting_missingness=0,reporting_strength=0.5,ed_transform=logit,spatial=distance,epochs=120,patience=15,fit_partition=pathogen,covariate_encoder=summary,input_mode=scheduled_final,input_normalization=b0,evaluation_seasons=recent_two",42,half,flu_admissions_log,2025-2026,1.1597455780823231,pathogen_distance_finalized
"pilot_method=finalized,reporting_missingness=0,reporting_strength=0.5,ed_transform=logit,spatial=distance,epochs=120,patience=15,fit_partition=pathogen,covariate_encoder=summary,input_mode=scheduled_final,input_normalization=b0,evaluation_seasons=recent_two",42,half,flu_admissions_log,equal_season_mean,0.9705917672346462,pathogen_distance_finalized
"pilot_method=finalized,reporting_missingness=0,reporting_strength=0.5,ed_transform=logit,spatial=distance,epochs=120,patience=15,fit_partition=pathogen,covariate_encoder=summary,input_mode=scheduled_final,input_normalization=b0,evaluation_seasons=recent_two",42,raw,six_target_native,2024-2025,0.9928516685127888,pathogen_distance_finalized
"pilot_method=finalized,reporting_missingness=0,reporting_strength=0.5,ed_transform=logit,spatial=distance,epochs=120,patience=15,fit_partition=pathogen,covariate_encoder=summary,input_mode=scheduled_final,input_normalization=b0,evaluation_seasons=recent_two",42,raw,six_target_native,2025-2026,1.017308531111003,pathogen_distance_finalized
"pilot_method=finalized,reporting_missingness=0,reporting_strength=0.5,ed_transform=logit,spatial=distance,epochs=120,patience=15,fit_partition=pathogen,covariate_encoder=summary,input_mode=scheduled_final,input_normalization=b0,evaluation_seasons=recent_two",42,raw,six_target_native,equal_season_mean,1.005080099811896,pathogen_distance_finalized
"pilot_method=finalized,reporting_missingness=0,reporting_strength=0.5,ed_transform=logit,spatial=distance,epochs=120,patience=15,fit_partition=pathogen,covariate_encoder=summary,input_mode=scheduled_final,input_normalization=b0,evaluation_seasons=recent_two",42,raw,flu_admissions_native,2024-2025,0.7810527484604083,pathogen_distance_finalized
"pilot_method=finalized,reporting_missingness=0,reporting_strength=0.5,ed_transform=logit,spatial=distance,epochs=120,patience=15,fit_partition=pathogen,covariate_encoder=summary,input_mode=scheduled_final,input_normalization=b0,evaluation_seasons=recent_two",42,raw,flu_admissions_native,2025-2026,1.1470994239679613,pathogen_distance_finalized
"pilot_method=finalized,reporting_missingness=0,reporting_strength=0.5,ed_transform=logit,spatial=distance,epochs=120,patience=15,fit_partition=pathogen,covariate_encoder=summary,input_mode=scheduled_final,input_normalization=b0,evaluation_seasons=recent_two",42,raw,flu_admissions_native,equal_season_mean,0.9640760862141848,pathogen_distance_finalized
"pilot_method=finalized,reporting_missingness=0,reporting_strength=0.5,ed_transform=logit,spatial=distance,epochs=120,patience=15,fit_partition=pathogen,covariate_encoder=summary,input_mode=scheduled_final,input_normalization=b0,evaluation_seasons=recent_two",42,raw,flu_admissions_log,2024-2025,0.8019489124150209,pathogen_distance_finalized
"pilot_method=finalized,reporting_missingness=0,reporting_strength=0.5,ed_transform=logit,spatial=distance,epochs=120,patience=15,fit_partition=pathogen,covariate_encoder=summary,input_mode=scheduled_final,input_normalization=b0,evaluation_seasons=recent_two",42,raw,flu_admissions_log,2025-2026,1.1669587871683131,pathogen_distance_finalized
"pilot_method=finalized,reporting_missingness=0,reporting_strength=0.5,ed_transform=logit,spatial=distance,epochs=120,patience=15,fit_partition=pathogen,covariate_encoder=summary,input_mode=scheduled_final,input_normalization=b0,evaluation_seasons=recent_two",42,raw,flu_admissions_log,equal_season_mean,0.9844538497916672,pathogen_distance_finalized
"pilot_method=finalized,reporting_missingness=0,reporting_strength=0.5,ed_transform=logit,spatial=distance,epochs=120,patience=15,fit_partition=pathogen,covariate_encoder=summary,input_mode=scheduled_final,input_normalization=b0,evaluation_seasons=recent_two",43,corrected,six_target_native,2024-2025,1.1657240944462912,pathogen_distance_finalized
"pilot_method=finalized,reporting_missingness=0,reporting_strength=0.5,ed_transform=logit,spatial=distance,epochs=120,patience=15,fit_partition=pathogen,covariate_encoder=summary,input_mode=scheduled_final,input_normalization=b0,evaluation_seasons=recent_two",43,corrected,six_target_native,2025-2026,1.005995219135295,pathogen_distance_finalized
"pilot_method=finalized,reporting_missingness=0,reporting_strength=0.5,ed_transform=logit,spatial=distance,epochs=120,patience=15,fit_partition=pathogen,covariate_encoder=summary,input_mode=scheduled_final,input_normalization=b0,evaluation_seasons=recent_two",43,corrected,six_target_native,equal_season_mean,1.085859656790793,pathogen_distance_finalized
"pilot_method=finalized,reporting_missingness=0,reporting_strength=0.5,ed_transform=logit,spatial=distance,epochs=120,patience=15,fit_partition=pathogen,covariate_encoder=summary,input_mode=scheduled_final,input_normalization=b0,evaluation_seasons=recent_two",43,corrected,flu_admissions_native,2024-2025,0.8992729992454302,pathogen_distance_finalized
"pilot_method=finalized,reporting_missingness=0,reporting_strength=0.5,ed_transform=logit,spatial=distance,epochs=120,patience=15,fit_partition=pathogen,covariate_encoder=summary,input_mode=scheduled_final,input_normalization=b0,evaluation_seasons=recent_two",43,corrected,flu_admissions_native,2025-2026,0.8960655139331327,pathogen_distance_finalized
"pilot_method=finalized,reporting_missingness=0,reporting_strength=0.5,ed_transform=logit,spatial=distance,epochs=120,patience=15,fit_partition=pathogen,covariate_encoder=summary,input_mode=scheduled_final,input_normalization=b0,evaluation_seasons=recent_two",43,corrected,flu_admissions_native,equal_season_mean,0.8976692565892814,pathogen_distance_finalized
"pilot_method=finalized,reporting_missingness=0,reporting_strength=0.5,ed_transform=logit,spatial=distance,epochs=120,patience=15,fit_partition=pathogen,covariate_encoder=summary,input_mode=scheduled_final,input_normalization=b0,evaluation_seasons=recent_two",43,corrected,flu_admissions_log,2024-2025,0.8956347809838908,pathogen_distance_finalized
"pilot_method=finalized,reporting_missingness=0,reporting_strength=0.5,ed_transform=logit,spatial=distance,epochs=120,patience=15,fit_partition=pathogen,covariate_encoder=summary,input_mode=scheduled_final,input_normalization=b0,evaluation_seasons=recent_two",43,corrected,flu_admissions_log,2025-2026,0.92672164416357,pathogen_distance_finalized
"pilot_method=finalized,reporting_missingness=0,reporting_strength=0.5,ed_transform=logit,spatial=distance,epochs=120,patience=15,fit_partition=pathogen,covariate_encoder=summary,input_mode=scheduled_final,input_normalization=b0,evaluation_seasons=recent_two",43,corrected,flu_admissions_log,equal_season_mean,0.9111782125737304,pathogen_distance_finalized
"pilot_method=finalized,reporting_missingness=0,reporting_strength=0.5,ed_transform=logit,spatial=distance,epochs=120,patience=15,fit_partition=pathogen,covariate_encoder=summary,input_mode=scheduled_final,input_normalization=b0,evaluation_seasons=recent_two",43,half,six_target_native,2024-2025,1.1987216650727976,pathogen_distance_finalized
"pilot_method=finalized,reporting_missingness=0,reporting_strength=0.5,ed_transform=logit,spatial=distance,epochs=120,patience=15,fit_partition=pathogen,covariate_encoder=summary,input_mode=scheduled_final,input_normalization=b0,evaluation_seasons=recent_two",43,half,six_target_native,2025-2026,1.0078250707332528,pathogen_distance_finalized
"pilot_method=finalized,reporting_missingness=0,reporting_strength=0.5,ed_transform=logit,spatial=distance,epochs=120,patience=15,fit_partition=pathogen,covariate_encoder=summary,input_mode=scheduled_final,input_normalization=b0,evaluation_seasons=recent_two",43,half,six_target_native,equal_season_mean,1.103273367903025,pathogen_distance_finalized
"pilot_method=finalized,reporting_missingness=0,reporting_strength=0.5,ed_transform=logit,spatial=distance,epochs=120,patience=15,fit_partition=pathogen,covariate_encoder=summary,input_mode=scheduled_final,input_normalization=b0,evaluation_seasons=recent_two",43,half,flu_admissions_native,2024-2025,0.9151409777470084,pathogen_distance_finalized
"pilot_method=finalized,reporting_missingness=0,reporting_strength=0.5,ed_transform=logit,spatial=distance,epochs=120,patience=15,fit_partition=pathogen,covariate_encoder=summary,input_mode=scheduled_final,input_normalization=b0,evaluation_seasons=recent_two",43,half,flu_admissions_native,2025-2026,0.8836079960056062,pathogen_distance_finalized
"pilot_method=finalized,reporting_missingness=0,reporting_strength=0.5,ed_transform=logit,spatial=distance,epochs=120,patience=15,fit_partition=pathogen,covariate_encoder=summary,input_mode=scheduled_final,input_normalization=b0,evaluation_seasons=recent_two",43,half,flu_admissions_native,equal_season_mean,0.8993744868763074,pathogen_distance_finalized
"pilot_method=finalized,reporting_missingness=0,reporting_strength=0.5,ed_transform=logit,spatial=distance,epochs=120,patience=15,fit_partition=pathogen,covariate_encoder=summary,input_mode=scheduled_final,input_normalization=b0,evaluation_seasons=recent_two",43,half,flu_admissions_log,2024-2025,0.91634609965476,pathogen_distance_finalized
"pilot_method=finalized,reporting_missingness=0,reporting_strength=0.5,ed_transform=logit,spatial=distance,epochs=120,patience=15,fit_partition=pathogen,covariate_encoder=summary,input_mode=scheduled_final,input_normalization=b0,evaluation_seasons=recent_two",43,half,flu_admissions_log,2025-2026,0.9245347296881696,pathogen_distance_finalized
"pilot_method=finalized,reporting_missingness=0,reporting_strength=0.5,ed_transform=logit,spatial=distance,epochs=120,patience=15,fit_partition=pathogen,covariate_encoder=summary,input_mode=scheduled_final,input_normalization=b0,evaluation_seasons=recent_two",43,half,flu_admissions_log,equal_season_mean,0.9204404146714648,pathogen_distance_finalized
"pilot_method=finalized,reporting_missingness=0,reporting_strength=0.5,ed_transform=logit,spatial=distance,epochs=120,patience=15,fit_partition=pathogen,covariate_encoder=summary,input_mode=scheduled_final,input_normalization=b0,evaluation_seasons=recent_two",43,raw,six_target_native,2024-2025,1.2366149072243824,pathogen_distance_finalized
"pilot_method=finalized,reporting_missingness=0,reporting_strength=0.5,ed_transform=logit,spatial=distance,epochs=120,patience=15,fit_partition=pathogen,covariate_encoder=summary,input_mode=scheduled_final,input_normalization=b0,evaluation_seasons=recent_two",43,raw,six_target_native,2025-2026,1.015522796004234,pathogen_distance_finalized
"pilot_method=finalized,reporting_missingness=0,reporting_strength=0.5,ed_transform=logit,spatial=distance,epochs=120,patience=15,fit_partition=pathogen,covariate_encoder=summary,input_mode=scheduled_final,input_normalization=b0,evaluation_seasons=recent_two",43,raw,six_target_native,equal_season_mean,1.126068851614308,pathogen_distance_finalized
"pilot_method=finalized,reporting_missingness=0,reporting_strength=0.5,ed_transform=logit,spatial=distance,epochs=120,patience=15,fit_partition=pathogen,covariate_encoder=summary,input_mode=scheduled_final,input_normalization=b0,evaluation_seasons=recent_two",43,raw,flu_admissions_native,2024-2025,0.933891879936992,pathogen_distance_finalized
"pilot_method=finalized,reporting_missingness=0,reporting_strength=0.5,ed_transform=logit,spatial=distance,epochs=120,patience=15,fit_partition=pathogen,covariate_encoder=summary,input_mode=scheduled_final,input_normalization=b0,evaluation_seasons=recent_two",43,raw,flu_admissions_native,2025-2026,0.8754082606806448,pathogen_distance_finalized
"pilot_method=finalized,reporting_missingness=0,reporting_strength=0.5,ed_transform=logit,spatial=distance,epochs=120,patience=15,fit_partition=pathogen,covariate_encoder=summary,input_mode=scheduled_final,input_normalization=b0,evaluation_seasons=recent_two",43,raw,flu_admissions_native,equal_season_mean,0.9046500703088184,pathogen_distance_finalized
"pilot_method=finalized,reporting_missingness=0,reporting_strength=0.5,ed_transform=logit,spatial=distance,epochs=120,patience=15,fit_partition=pathogen,covariate_encoder=summary,input_mode=scheduled_final,input_normalization=b0,evaluation_seasons=recent_two",43,raw,flu_admissions_log,2024-2025,0.9425371683048942,pathogen_distance_finalized
"pilot_method=finalized,reporting_missingness=0,reporting_strength=0.5,ed_transform=logit,spatial=distance,epochs=120,patience=15,fit_partition=pathogen,covariate_encoder=summary,input_mode=scheduled_final,input_normalization=b0,evaluation_seasons=recent_two",43,raw,flu_admissions_log,2025-2026,0.9329591571335024,pathogen_distance_finalized
"pilot_method=finalized,reporting_missingness=0,reporting_strength=0.5,ed_transform=logit,spatial=distance,epochs=120,patience=15,fit_partition=pathogen,covariate_encoder=summary,input_mode=scheduled_final,input_normalization=b0,evaluation_seasons=recent_two",43,raw,flu_admissions_log,equal_season_mean,0.9377481627191984,pathogen_distance_finalized
"pilot_method=finalized,reporting_missingness=0,reporting_strength=0.5,ed_transform=logit,spatial=neighbors,decoder=quantile,epochs=120,patience=15,fit_partition=target,covariate_encoder=summary,covariate_set=kinsa,input_mode=scheduled_final,input_normalization=b0,evaluation_seasons=recent_two",42,corrected,six_target_native,2024-2025,0.951524581832504,target_neighbors_kinsa_quantile_head
"pilot_method=finalized,reporting_missingness=0,reporting_strength=0.5,ed_transform=logit,spatial=neighbors,decoder=quantile,epochs=120,patience=15,fit_partition=target,covariate_encoder=summary,covariate_set=kinsa,input_mode=scheduled_final,input_normalization=b0,evaluation_seasons=recent_two",42,corrected,six_target_native,2025-2026,0.951222833459348,target_neighbors_kinsa_quantile_head
"pilot_method=finalized,reporting_missingness=0,reporting_strength=0.5,ed_transform=logit,spatial=neighbors,decoder=quantile,epochs=120,patience=15,fit_partition=target,covariate_encoder=summary,covariate_set=kinsa,input_mode=scheduled_final,input_normalization=b0,evaluation_seasons=recent_two",42,corrected,six_target_native,equal_season_mean,0.951373707645926,target_neighbors_kinsa_quantile_head
"pilot_method=finalized,reporting_missingness=0,reporting_strength=0.5,ed_transform=logit,spatial=neighbors,decoder=quantile,epochs=120,patience=15,fit_partition=target,covariate_encoder=summary,covariate_set=kinsa,input_mode=scheduled_final,input_normalization=b0,evaluation_seasons=recent_two",42,corrected,flu_admissions_native,2024-2025,0.9308270815906404,target_neighbors_kinsa_quantile_head
"pilot_method=finalized,reporting_missingness=0,reporting_strength=0.5,ed_transform=logit,spatial=neighbors,decoder=quantile,epochs=120,patience=15,fit_partition=target,covariate_encoder=summary,covariate_set=kinsa,input_mode=scheduled_final,input_normalization=b0,evaluation_seasons=recent_two",42,corrected,flu_admissions_native,2025-2026,0.799201370750423,target_neighbors_kinsa_quantile_head
"pilot_method=finalized,reporting_missingness=0,reporting_strength=0.5,ed_transform=logit,spatial=neighbors,decoder=quantile,epochs=120,patience=15,fit_partition=target,covariate_encoder=summary,covariate_set=kinsa,input_mode=scheduled_final,input_normalization=b0,evaluation_seasons=recent_two",42,corrected,flu_admissions_native,equal_season_mean,0.8650142261705317,target_neighbors_kinsa_quantile_head
"pilot_method=finalized,reporting_missingness=0,reporting_strength=0.5,ed_transform=logit,spatial=neighbors,decoder=quantile,epochs=120,patience=15,fit_partition=target,covariate_encoder=summary,covariate_set=kinsa,input_mode=scheduled_final,input_normalization=b0,evaluation_seasons=recent_two",42,corrected,flu_admissions_log,2024-2025,0.9195033166069002,target_neighbors_kinsa_quantile_head
"pilot_method=finalized,reporting_missingness=0,reporting_strength=0.5,ed_transform=logit,spatial=neighbors,decoder=quantile,epochs=120,patience=15,fit_partition=target,covariate_encoder=summary,covariate_set=kinsa,input_mode=scheduled_final,input_normalization=b0,evaluation_seasons=recent_two",42,corrected,flu_admissions_log,2025-2026,0.8734664267185759,target_neighbors_kinsa_quantile_head
"pilot_method=finalized,reporting_missingness=0,reporting_strength=0.5,ed_transform=logit,spatial=neighbors,decoder=quantile,epochs=120,patience=15,fit_partition=target,covariate_encoder=summary,covariate_set=kinsa,input_mode=scheduled_final,input_normalization=b0,evaluation_seasons=recent_two",42,corrected,flu_admissions_log,equal_season_mean,0.896484871662738,target_neighbors_kinsa_quantile_head
"pilot_method=finalized,reporting_missingness=0,reporting_strength=0.5,ed_transform=logit,spatial=neighbors,decoder=quantile,epochs=120,patience=15,fit_partition=target,covariate_encoder=summary,covariate_set=kinsa,input_mode=scheduled_final,input_normalization=b0,evaluation_seasons=recent_two",42,half,six_target_native,2024-2025,0.9781245042357812,target_neighbors_kinsa_quantile_head
"pilot_method=finalized,reporting_missingness=0,reporting_strength=0.5,ed_transform=logit,spatial=neighbors,decoder=quantile,epochs=120,patience=15,fit_partition=target,covariate_encoder=summary,covariate_set=kinsa,input_mode=scheduled_final,input_normalization=b0,evaluation_seasons=recent_two",42,half,six_target_native,2025-2026,0.9512142035366352,target_neighbors_kinsa_quantile_head
"pilot_method=finalized,reporting_missingness=0,reporting_strength=0.5,ed_transform=logit,spatial=neighbors,decoder=quantile,epochs=120,patience=15,fit_partition=target,covariate_encoder=summary,covariate_set=kinsa,input_mode=scheduled_final,input_normalization=b0,evaluation_seasons=recent_two",42,half,six_target_native,equal_season_mean,0.9646693538862082,target_neighbors_kinsa_quantile_head
"pilot_method=finalized,reporting_missingness=0,reporting_strength=0.5,ed_transform=logit,spatial=neighbors,decoder=quantile,epochs=120,patience=15,fit_partition=target,covariate_encoder=summary,covariate_set=kinsa,input_mode=scheduled_final,input_normalization=b0,evaluation_seasons=recent_two",42,half,flu_admissions_native,2024-2025,0.9485738127177792,target_neighbors_kinsa_quantile_head
"pilot_method=finalized,reporting_missingness=0,reporting_strength=0.5,ed_transform=logit,spatial=neighbors,decoder=quantile,epochs=120,patience=15,fit_partition=target,covariate_encoder=summary,covariate_set=kinsa,input_mode=scheduled_final,input_normalization=b0,evaluation_seasons=recent_two",42,half,flu_admissions_native,2025-2026,0.8004309287941671,target_neighbors_kinsa_quantile_head
"pilot_method=finalized,reporting_missingness=0,reporting_strength=0.5,ed_transform=logit,spatial=neighbors,decoder=quantile,epochs=120,patience=15,fit_partition=target,covariate_encoder=summary,covariate_set=kinsa,input_mode=scheduled_final,input_normalization=b0,evaluation_seasons=recent_two",42,half,flu_admissions_native,equal_season_mean,0.8745023707559731,target_neighbors_kinsa_quantile_head
"pilot_method=finalized,reporting_missingness=0,reporting_strength=0.5,ed_transform=logit,spatial=neighbors,decoder=quantile,epochs=120,patience=15,fit_partition=target,covariate_encoder=summary,covariate_set=kinsa,input_mode=scheduled_final,input_normalization=b0,evaluation_seasons=recent_two",42,half,flu_admissions_log,2024-2025,0.94118864923577,target_neighbors_kinsa_quantile_head
"pilot_method=finalized,reporting_missingness=0,reporting_strength=0.5,ed_transform=logit,spatial=neighbors,decoder=quantile,epochs=120,patience=15,fit_partition=target,covariate_encoder=summary,covariate_set=kinsa,input_mode=scheduled_final,input_normalization=b0,evaluation_seasons=recent_two",42,half,flu_admissions_log,2025-2026,0.8917216076617297,target_neighbors_kinsa_quantile_head
"pilot_method=finalized,reporting_missingness=0,reporting_strength=0.5,ed_transform=logit,spatial=neighbors,decoder=quantile,epochs=120,patience=15,fit_partition=target,covariate_encoder=summary,covariate_set=kinsa,input_mode=scheduled_final,input_normalization=b0,evaluation_seasons=recent_two",42,half,flu_admissions_log,equal_season_mean,0.91645512844875,target_neighbors_kinsa_quantile_head
"pilot_method=finalized,reporting_missingness=0,reporting_strength=0.5,ed_transform=logit,spatial=neighbors,decoder=quantile,epochs=120,patience=15,fit_partition=target,covariate_encoder=summary,covariate_set=kinsa,input_mode=scheduled_final,input_normalization=b0,evaluation_seasons=recent_two",42,raw,six_target_native,2024-2025,1.0103831278663136,target_neighbors_kinsa_quantile_head
"pilot_method=finalized,reporting_missingness=0,reporting_strength=0.5,ed_transform=logit,spatial=neighbors,decoder=quantile,epochs=120,patience=15,fit_partition=target,covariate_encoder=summary,covariate_set=kinsa,input_mode=scheduled_final,input_normalization=b0,evaluation_seasons=recent_two",42,raw,six_target_native,2025-2026,0.957029191639749,target_neighbors_kinsa_quantile_head
"pilot_method=finalized,reporting_missingness=0,reporting_strength=0.5,ed_transform=logit,spatial=neighbors,decoder=quantile,epochs=120,patience=15,fit_partition=target,covariate_encoder=summary,covariate_set=kinsa,input_mode=scheduled_final,input_normalization=b0,evaluation_seasons=recent_two",42,raw,six_target_native,equal_season_mean,0.9837061597530312,target_neighbors_kinsa_quantile_head
"pilot_method=finalized,reporting_missingness=0,reporting_strength=0.5,ed_transform=logit,spatial=neighbors,decoder=quantile,epochs=120,patience=15,fit_partition=target,covariate_encoder=summary,covariate_set=kinsa,input_mode=scheduled_final,input_normalization=b0,evaluation_seasons=recent_two",42,raw,flu_admissions_native,2024-2025,0.969148929227126,target_neighbors_kinsa_quantile_head
"pilot_method=finalized,reporting_missingness=0,reporting_strength=0.5,ed_transform=logit,spatial=neighbors,decoder=quantile,epochs=120,patience=15,fit_partition=target,covariate_encoder=summary,covariate_set=kinsa,input_mode=scheduled_final,input_normalization=b0,evaluation_seasons=recent_two",42,raw,flu_admissions_native,2025-2026,0.8058105393829103,target_neighbors_kinsa_quantile_head
"pilot_method=finalized,reporting_missingness=0,reporting_strength=0.5,ed_transform=logit,spatial=neighbors,decoder=quantile,epochs=120,patience=15,fit_partition=target,covariate_encoder=summary,covariate_set=kinsa,input_mode=scheduled_final,input_normalization=b0,evaluation_seasons=recent_two",42,raw,flu_admissions_native,equal_season_mean,0.8874797343050181,target_neighbors_kinsa_quantile_head
"pilot_method=finalized,reporting_missingness=0,reporting_strength=0.5,ed_transform=logit,spatial=neighbors,decoder=quantile,epochs=120,patience=15,fit_partition=target,covariate_encoder=summary,covariate_set=kinsa,input_mode=scheduled_final,input_normalization=b0,evaluation_seasons=recent_two",42,raw,flu_admissions_log,2024-2025,0.9695817788294544,target_neighbors_kinsa_quantile_head
"pilot_method=finalized,reporting_missingness=0,reporting_strength=0.5,ed_transform=logit,spatial=neighbors,decoder=quantile,epochs=120,patience=15,fit_partition=target,covariate_encoder=summary,covariate_set=kinsa,input_mode=scheduled_final,input_normalization=b0,evaluation_seasons=recent_two",42,raw,flu_admissions_log,2025-2026,0.9190944864333204,target_neighbors_kinsa_quantile_head
"pilot_method=finalized,reporting_missingness=0,reporting_strength=0.5,ed_transform=logit,spatial=neighbors,decoder=quantile,epochs=120,patience=15,fit_partition=target,covariate_encoder=summary,covariate_set=kinsa,input_mode=scheduled_final,input_normalization=b0,evaluation_seasons=recent_two",42,raw,flu_admissions_log,equal_season_mean,0.9443381326313872,target_neighbors_kinsa_quantile_head
"pilot_method=finalized,reporting_missingness=0,reporting_strength=0.5,ed_transform=logit,spatial=neighbors,decoder=quantile,epochs=120,patience=15,fit_partition=target,covariate_encoder=summary,covariate_set=kinsa,input_mode=scheduled_final,input_normalization=b0,evaluation_seasons=recent_two",43,corrected,six_target_native,2024-2025,1.02463457620841,target_neighbors_kinsa_quantile_head
"pilot_method=finalized,reporting_missingness=0,reporting_strength=0.5,ed_transform=logit,spatial=neighbors,decoder=quantile,epochs=120,patience=15,fit_partition=target,covariate_encoder=summary,covariate_set=kinsa,input_mode=scheduled_final,input_normalization=b0,evaluation_seasons=recent_two",43,corrected,six_target_native,2025-2026,1.055613842834101,target_neighbors_kinsa_quantile_head
"pilot_method=finalized,reporting_missingness=0,reporting_strength=0.5,ed_transform=logit,spatial=neighbors,decoder=quantile,epochs=120,patience=15,fit_partition=target,covariate_encoder=summary,covariate_set=kinsa,input_mode=scheduled_final,input_normalization=b0,evaluation_seasons=recent_two",43,corrected,six_target_native,equal_season_mean,1.0401242095212555,target_neighbors_kinsa_quantile_head
"pilot_method=finalized,reporting_missingness=0,reporting_strength=0.5,ed_transform=logit,spatial=neighbors,decoder=quantile,epochs=120,patience=15,fit_partition=target,covariate_encoder=summary,covariate_set=kinsa,input_mode=scheduled_final,input_normalization=b0,evaluation_seasons=recent_two",43,corrected,flu_admissions_native,2024-2025,0.8831270812965921,target_neighbors_kinsa_quantile_head
"pilot_method=finalized,reporting_missingness=0,reporting_strength=0.5,ed_transform=logit,spatial=neighbors,decoder=quantile,epochs=120,patience=15,fit_partition=target,covariate_encoder=summary,covariate_set=kinsa,input_mode=scheduled_final,input_normalization=b0,evaluation_seasons=recent_two",43,corrected,flu_admissions_native,2025-2026,0.9559900180443566,target_neighbors_kinsa_quantile_head
"pilot_method=finalized,reporting_missingness=0,reporting_strength=0.5,ed_transform=logit,spatial=neighbors,decoder=quantile,epochs=120,patience=15,fit_partition=target,covariate_encoder=summary,covariate_set=kinsa,input_mode=scheduled_final,input_normalization=b0,evaluation_seasons=recent_two",43,corrected,flu_admissions_native,equal_season_mean,0.9195585496704743,target_neighbors_kinsa_quantile_head
"pilot_method=finalized,reporting_missingness=0,reporting_strength=0.5,ed_transform=logit,spatial=neighbors,decoder=quantile,epochs=120,patience=15,fit_partition=target,covariate_encoder=summary,covariate_set=kinsa,input_mode=scheduled_final,input_normalization=b0,evaluation_seasons=recent_two",43,corrected,flu_admissions_log,2024-2025,0.8676366893793508,target_neighbors_kinsa_quantile_head
"pilot_method=finalized,reporting_missingness=0,reporting_strength=0.5,ed_transform=logit,spatial=neighbors,decoder=quantile,epochs=120,patience=15,fit_partition=target,covariate_encoder=summary,covariate_set=kinsa,input_mode=scheduled_final,input_normalization=b0,evaluation_seasons=recent_two",43,corrected,flu_admissions_log,2025-2026,1.0339225658312043,target_neighbors_kinsa_quantile_head
"pilot_method=finalized,reporting_missingness=0,reporting_strength=0.5,ed_transform=logit,spatial=neighbors,decoder=quantile,epochs=120,patience=15,fit_partition=target,covariate_encoder=summary,covariate_set=kinsa,input_mode=scheduled_final,input_normalization=b0,evaluation_seasons=recent_two",43,corrected,flu_admissions_log,equal_season_mean,0.9507796276052776,target_neighbors_kinsa_quantile_head
"pilot_method=finalized,reporting_missingness=0,reporting_strength=0.5,ed_transform=logit,spatial=neighbors,decoder=quantile,epochs=120,patience=15,fit_partition=target,covariate_encoder=summary,covariate_set=kinsa,input_mode=scheduled_final,input_normalization=b0,evaluation_seasons=recent_two",43,half,six_target_native,2024-2025,1.0515896065673247,target_neighbors_kinsa_quantile_head
"pilot_method=finalized,reporting_missingness=0,reporting_strength=0.5,ed_transform=logit,spatial=neighbors,decoder=quantile,epochs=120,patience=15,fit_partition=target,covariate_encoder=summary,covariate_set=kinsa,input_mode=scheduled_final,input_normalization=b0,evaluation_seasons=recent_two",43,half,six_target_native,2025-2026,1.057972067068065,target_neighbors_kinsa_quantile_head
"pilot_method=finalized,reporting_missingness=0,reporting_strength=0.5,ed_transform=logit,spatial=neighbors,decoder=quantile,epochs=120,patience=15,fit_partition=target,covariate_encoder=summary,covariate_set=kinsa,input_mode=scheduled_final,input_normalization=b0,evaluation_seasons=recent_two",43,half,six_target_native,equal_season_mean,1.0547808368176947,target_neighbors_kinsa_quantile_head
"pilot_method=finalized,reporting_missingness=0,reporting_strength=0.5,ed_transform=logit,spatial=neighbors,decoder=quantile,epochs=120,patience=15,fit_partition=target,covariate_encoder=summary,covariate_set=kinsa,input_mode=scheduled_final,input_normalization=b0,evaluation_seasons=recent_two",43,half,flu_admissions_native,2024-2025,0.8972565572185838,target_neighbors_kinsa_quantile_head
"pilot_method=finalized,reporting_missingness=0,reporting_strength=0.5,ed_transform=logit,spatial=neighbors,decoder=quantile,epochs=120,patience=15,fit_partition=target,covariate_encoder=summary,covariate_set=kinsa,input_mode=scheduled_final,input_normalization=b0,evaluation_seasons=recent_two",43,half,flu_admissions_native,2025-2026,0.9640469847376896,target_neighbors_kinsa_quantile_head
"pilot_method=finalized,reporting_missingness=0,reporting_strength=0.5,ed_transform=logit,spatial=neighbors,decoder=quantile,epochs=120,patience=15,fit_partition=target,covariate_encoder=summary,covariate_set=kinsa,input_mode=scheduled_final,input_normalization=b0,evaluation_seasons=recent_two",43,half,flu_admissions_native,equal_season_mean,0.9306517709781368,target_neighbors_kinsa_quantile_head
"pilot_method=finalized,reporting_missingness=0,reporting_strength=0.5,ed_transform=logit,spatial=neighbors,decoder=quantile,epochs=120,patience=15,fit_partition=target,covariate_encoder=summary,covariate_set=kinsa,input_mode=scheduled_final,input_normalization=b0,evaluation_seasons=recent_two",43,half,flu_admissions_log,2024-2025,0.8884746679656779,target_neighbors_kinsa_quantile_head
"pilot_method=finalized,reporting_missingness=0,reporting_strength=0.5,ed_transform=logit,spatial=neighbors,decoder=quantile,epochs=120,patience=15,fit_partition=target,covariate_encoder=summary,covariate_set=kinsa,input_mode=scheduled_final,input_normalization=b0,evaluation_seasons=recent_two",43,half,flu_admissions_log,2025-2026,1.0552969210854042,target_neighbors_kinsa_quantile_head
"pilot_method=finalized,reporting_missingness=0,reporting_strength=0.5,ed_transform=logit,spatial=neighbors,decoder=quantile,epochs=120,patience=15,fit_partition=target,covariate_encoder=summary,covariate_set=kinsa,input_mode=scheduled_final,input_normalization=b0,evaluation_seasons=recent_two",43,half,flu_admissions_log,equal_season_mean,0.971885794525541,target_neighbors_kinsa_quantile_head
"pilot_method=finalized,reporting_missingness=0,reporting_strength=0.5,ed_transform=logit,spatial=neighbors,decoder=quantile,epochs=120,patience=15,fit_partition=target,covariate_encoder=summary,covariate_set=kinsa,input_mode=scheduled_final,input_normalization=b0,evaluation_seasons=recent_two",43,raw,six_target_native,2024-2025,1.0844707295271625,target_neighbors_kinsa_quantile_head
"pilot_method=finalized,reporting_missingness=0,reporting_strength=0.5,ed_transform=logit,spatial=neighbors,decoder=quantile,epochs=120,patience=15,fit_partition=target,covariate_encoder=summary,covariate_set=kinsa,input_mode=scheduled_final,input_normalization=b0,evaluation_seasons=recent_two",43,raw,six_target_native,2025-2026,1.06550233028537,target_neighbors_kinsa_quantile_head
"pilot_method=finalized,reporting_missingness=0,reporting_strength=0.5,ed_transform=logit,spatial=neighbors,decoder=quantile,epochs=120,patience=15,fit_partition=target,covariate_encoder=summary,covariate_set=kinsa,input_mode=scheduled_final,input_normalization=b0,evaluation_seasons=recent_two",43,raw,six_target_native,equal_season_mean,1.0749865299062662,target_neighbors_kinsa_quantile_head
"pilot_method=finalized,reporting_missingness=0,reporting_strength=0.5,ed_transform=logit,spatial=neighbors,decoder=quantile,epochs=120,patience=15,fit_partition=target,covariate_encoder=summary,covariate_set=kinsa,input_mode=scheduled_final,input_normalization=b0,evaluation_seasons=recent_two",43,raw,flu_admissions_native,2024-2025,0.9143365297539774,target_neighbors_kinsa_quantile_head
"pilot_method=finalized,reporting_missingness=0,reporting_strength=0.5,ed_transform=logit,spatial=neighbors,decoder=quantile,epochs=120,patience=15,fit_partition=target,covariate_encoder=summary,covariate_set=kinsa,input_mode=scheduled_final,input_normalization=b0,evaluation_seasons=recent_two",43,raw,flu_admissions_native,2025-2026,0.9759444040837942,target_neighbors_kinsa_quantile_head
"pilot_method=finalized,reporting_missingness=0,reporting_strength=0.5,ed_transform=logit,spatial=neighbors,decoder=quantile,epochs=120,patience=15,fit_partition=target,covariate_encoder=summary,covariate_set=kinsa,input_mode=scheduled_final,input_normalization=b0,evaluation_seasons=recent_two",43,raw,flu_admissions_native,equal_season_mean,0.945140466918886,target_neighbors_kinsa_quantile_head
"pilot_method=finalized,reporting_missingness=0,reporting_strength=0.5,ed_transform=logit,spatial=neighbors,decoder=quantile,epochs=120,patience=15,fit_partition=target,covariate_encoder=summary,covariate_set=kinsa,input_mode=scheduled_final,input_normalization=b0,evaluation_seasons=recent_two",43,raw,flu_admissions_log,2024-2025,0.9160962883182914,target_neighbors_kinsa_quantile_head
"pilot_method=finalized,reporting_missingness=0,reporting_strength=0.5,ed_transform=logit,spatial=neighbors,decoder=quantile,epochs=120,patience=15,fit_partition=target,covariate_encoder=summary,covariate_set=kinsa,input_mode=scheduled_final,input_normalization=b0,evaluation_seasons=recent_two",43,raw,flu_admissions_log,2025-2026,1.0856997808379063,target_neighbors_kinsa_quantile_head
"pilot_method=finalized,reporting_missingness=0,reporting_strength=0.5,ed_transform=logit,spatial=neighbors,decoder=quantile,epochs=120,patience=15,fit_partition=target,covariate_encoder=summary,covariate_set=kinsa,input_mode=scheduled_final,input_normalization=b0,evaluation_seasons=recent_two",43,raw,flu_admissions_log,equal_season_mean,1.000898034578099,target_neighbors_kinsa_quantile_head
"pilot_method=finalized,reporting_missingness=0,reporting_strength=0.5,ed_transform=logit,spatial=neighbors,epochs=120,patience=15,fit_partition=target,covariate_encoder=summary,covariate_set=kinsa,input_mode=scheduled_final,input_normalization=b0,evaluation_seasons=recent_two",42,corrected,six_target_native,2024-2025,1.009941662099316,target_neighbors_kinsa_finalized
"pilot_method=finalized,reporting_missingness=0,reporting_strength=0.5,ed_transform=logit,spatial=neighbors,epochs=120,patience=15,fit_partition=target,covariate_encoder=summary,covariate_set=kinsa,input_mode=scheduled_final,input_normalization=b0,evaluation_seasons=recent_two",42,corrected,six_target_native,2025-2026,0.9846215249900472,target_neighbors_kinsa_finalized
"pilot_method=finalized,reporting_missingness=0,reporting_strength=0.5,ed_transform=logit,spatial=neighbors,epochs=120,patience=15,fit_partition=target,covariate_encoder=summary,covariate_set=kinsa,input_mode=scheduled_final,input_normalization=b0,evaluation_seasons=recent_two",42,corrected,six_target_native,equal_season_mean,0.9972815935446816,target_neighbors_kinsa_finalized
"pilot_method=finalized,reporting_missingness=0,reporting_strength=0.5,ed_transform=logit,spatial=neighbors,epochs=120,patience=15,fit_partition=target,covariate_encoder=summary,covariate_set=kinsa,input_mode=scheduled_final,input_normalization=b0,evaluation_seasons=recent_two",42,corrected,flu_admissions_native,2024-2025,0.8563226757612158,target_neighbors_kinsa_finalized
"pilot_method=finalized,reporting_missingness=0,reporting_strength=0.5,ed_transform=logit,spatial=neighbors,epochs=120,patience=15,fit_partition=target,covariate_encoder=summary,covariate_set=kinsa,input_mode=scheduled_final,input_normalization=b0,evaluation_seasons=recent_two",42,corrected,flu_admissions_native,2025-2026,0.9120760396395226,target_neighbors_kinsa_finalized
"pilot_method=finalized,reporting_missingness=0,reporting_strength=0.5,ed_transform=logit,spatial=neighbors,epochs=120,patience=15,fit_partition=target,covariate_encoder=summary,covariate_set=kinsa,input_mode=scheduled_final,input_normalization=b0,evaluation_seasons=recent_two",42,corrected,flu_admissions_native,equal_season_mean,0.8841993577003692,target_neighbors_kinsa_finalized
"pilot_method=finalized,reporting_missingness=0,reporting_strength=0.5,ed_transform=logit,spatial=neighbors,epochs=120,patience=15,fit_partition=target,covariate_encoder=summary,covariate_set=kinsa,input_mode=scheduled_final,input_normalization=b0,evaluation_seasons=recent_two",42,corrected,flu_admissions_log,2024-2025,0.8564308721045487,target_neighbors_kinsa_finalized
"pilot_method=finalized,reporting_missingness=0,reporting_strength=0.5,ed_transform=logit,spatial=neighbors,epochs=120,patience=15,fit_partition=target,covariate_encoder=summary,covariate_set=kinsa,input_mode=scheduled_final,input_normalization=b0,evaluation_seasons=recent_two",42,corrected,flu_admissions_log,2025-2026,0.9516990577226304,target_neighbors_kinsa_finalized
"pilot_method=finalized,reporting_missingness=0,reporting_strength=0.5,ed_transform=logit,spatial=neighbors,epochs=120,patience=15,fit_partition=target,covariate_encoder=summary,covariate_set=kinsa,input_mode=scheduled_final,input_normalization=b0,evaluation_seasons=recent_two",42,corrected,flu_admissions_log,equal_season_mean,0.9040649649135896,target_neighbors_kinsa_finalized
"pilot_method=finalized,reporting_missingness=0,reporting_strength=0.5,ed_transform=logit,spatial=neighbors,epochs=120,patience=15,fit_partition=target,covariate_encoder=summary,covariate_set=kinsa,input_mode=scheduled_final,input_normalization=b0,evaluation_seasons=recent_two",42,half,six_target_native,2024-2025,1.0421659823854807,target_neighbors_kinsa_finalized
"pilot_method=finalized,reporting_missingness=0,reporting_strength=0.5,ed_transform=logit,spatial=neighbors,epochs=120,patience=15,fit_partition=target,covariate_encoder=summary,covariate_set=kinsa,input_mode=scheduled_final,input_normalization=b0,evaluation_seasons=recent_two",42,half,six_target_native,2025-2026,0.9787366491829096,target_neighbors_kinsa_finalized
"pilot_method=finalized,reporting_missingness=0,reporting_strength=0.5,ed_transform=logit,spatial=neighbors,epochs=120,patience=15,fit_partition=target,covariate_encoder=summary,covariate_set=kinsa,input_mode=scheduled_final,input_normalization=b0,evaluation_seasons=recent_two",42,half,six_target_native,equal_season_mean,1.010451315784195,target_neighbors_kinsa_finalized
"pilot_method=finalized,reporting_missingness=0,reporting_strength=0.5,ed_transform=logit,spatial=neighbors,epochs=120,patience=15,fit_partition=target,covariate_encoder=summary,covariate_set=kinsa,input_mode=scheduled_final,input_normalization=b0,evaluation_seasons=recent_two",42,half,flu_admissions_native,2024-2025,0.8713493825734066,target_neighbors_kinsa_finalized
"pilot_method=finalized,reporting_missingness=0,reporting_strength=0.5,ed_transform=logit,spatial=neighbors,epochs=120,patience=15,fit_partition=target,covariate_encoder=summary,covariate_set=kinsa,input_mode=scheduled_final,input_normalization=b0,evaluation_seasons=recent_two",42,half,flu_admissions_native,2025-2026,0.8971792771334194,target_neighbors_kinsa_finalized
"pilot_method=finalized,reporting_missingness=0,reporting_strength=0.5,ed_transform=logit,spatial=neighbors,epochs=120,patience=15,fit_partition=target,covariate_encoder=summary,covariate_set=kinsa,input_mode=scheduled_final,input_normalization=b0,evaluation_seasons=recent_two",42,half,flu_admissions_native,equal_season_mean,0.884264329853413,target_neighbors_kinsa_finalized
"pilot_method=finalized,reporting_missingness=0,reporting_strength=0.5,ed_transform=logit,spatial=neighbors,epochs=120,patience=15,fit_partition=target,covariate_encoder=summary,covariate_set=kinsa,input_mode=scheduled_final,input_normalization=b0,evaluation_seasons=recent_two",42,half,flu_admissions_log,2024-2025,0.8753088355891698,target_neighbors_kinsa_finalized
"pilot_method=finalized,reporting_missingness=0,reporting_strength=0.5,ed_transform=logit,spatial=neighbors,epochs=120,patience=15,fit_partition=target,covariate_encoder=summary,covariate_set=kinsa,input_mode=scheduled_final,input_normalization=b0,evaluation_seasons=recent_two",42,half,flu_admissions_log,2025-2026,0.949720252995595,target_neighbors_kinsa_finalized
"pilot_method=finalized,reporting_missingness=0,reporting_strength=0.5,ed_transform=logit,spatial=neighbors,epochs=120,patience=15,fit_partition=target,covariate_encoder=summary,covariate_set=kinsa,input_mode=scheduled_final,input_normalization=b0,evaluation_seasons=recent_two",42,half,flu_admissions_log,equal_season_mean,0.9125145442923824,target_neighbors_kinsa_finalized
"pilot_method=finalized,reporting_missingness=0,reporting_strength=0.5,ed_transform=logit,spatial=neighbors,epochs=120,patience=15,fit_partition=target,covariate_encoder=summary,covariate_set=kinsa,input_mode=scheduled_final,input_normalization=b0,evaluation_seasons=recent_two",42,raw,six_target_native,2024-2025,1.080546240504229,target_neighbors_kinsa_finalized
"pilot_method=finalized,reporting_missingness=0,reporting_strength=0.5,ed_transform=logit,spatial=neighbors,epochs=120,patience=15,fit_partition=target,covariate_encoder=summary,covariate_set=kinsa,input_mode=scheduled_final,input_normalization=b0,evaluation_seasons=recent_two",42,raw,six_target_native,2025-2026,0.978479849729566,target_neighbors_kinsa_finalized
"pilot_method=finalized,reporting_missingness=0,reporting_strength=0.5,ed_transform=logit,spatial=neighbors,epochs=120,patience=15,fit_partition=target,covariate_encoder=summary,covariate_set=kinsa,input_mode=scheduled_final,input_normalization=b0,evaluation_seasons=recent_two",42,raw,six_target_native,equal_season_mean,1.0295130451168977,target_neighbors_kinsa_finalized
"pilot_method=finalized,reporting_missingness=0,reporting_strength=0.5,ed_transform=logit,spatial=neighbors,epochs=120,patience=15,fit_partition=target,covariate_encoder=summary,covariate_set=kinsa,input_mode=scheduled_final,input_normalization=b0,evaluation_seasons=recent_two",42,raw,flu_admissions_native,2024-2025,0.8907135837589212,target_neighbors_kinsa_finalized
"pilot_method=finalized,reporting_missingness=0,reporting_strength=0.5,ed_transform=logit,spatial=neighbors,epochs=120,patience=15,fit_partition=target,covariate_encoder=summary,covariate_set=kinsa,input_mode=scheduled_final,input_normalization=b0,evaluation_seasons=recent_two",42,raw,flu_admissions_native,2025-2026,0.8872581892981347,target_neighbors_kinsa_finalized
"pilot_method=finalized,reporting_missingness=0,reporting_strength=0.5,ed_transform=logit,spatial=neighbors,epochs=120,patience=15,fit_partition=target,covariate_encoder=summary,covariate_set=kinsa,input_mode=scheduled_final,input_normalization=b0,evaluation_seasons=recent_two",42,raw,flu_admissions_native,equal_season_mean,0.888985886528528,target_neighbors_kinsa_finalized
"pilot_method=finalized,reporting_missingness=0,reporting_strength=0.5,ed_transform=logit,spatial=neighbors,epochs=120,patience=15,fit_partition=target,covariate_encoder=summary,covariate_set=kinsa,input_mode=scheduled_final,input_normalization=b0,evaluation_seasons=recent_two",42,raw,flu_admissions_log,2024-2025,0.9021934048389404,target_neighbors_kinsa_finalized
"pilot_method=finalized,reporting_missingness=0,reporting_strength=0.5,ed_transform=logit,spatial=neighbors,epochs=120,patience=15,fit_partition=target,covariate_encoder=summary,covariate_set=kinsa,input_mode=scheduled_final,input_normalization=b0,evaluation_seasons=recent_two",42,raw,flu_admissions_log,2025-2026,0.9589656991292372,target_neighbors_kinsa_finalized
"pilot_method=finalized,reporting_missingness=0,reporting_strength=0.5,ed_transform=logit,spatial=neighbors,epochs=120,patience=15,fit_partition=target,covariate_encoder=summary,covariate_set=kinsa,input_mode=scheduled_final,input_normalization=b0,evaluation_seasons=recent_two",42,raw,flu_admissions_log,equal_season_mean,0.9305795519840888,target_neighbors_kinsa_finalized
"pilot_method=finalized,reporting_missingness=0,reporting_strength=0.5,ed_transform=logit,spatial=neighbors,epochs=120,patience=15,fit_partition=target,covariate_encoder=summary,covariate_set=kinsa,input_mode=scheduled_final,input_normalization=b0,evaluation_seasons=recent_two",43,corrected,six_target_native,2024-2025,0.91779875242306,target_neighbors_kinsa_finalized
"pilot_method=finalized,reporting_missingness=0,reporting_strength=0.5,ed_transform=logit,spatial=neighbors,epochs=120,patience=15,fit_partition=target,covariate_encoder=summary,covariate_set=kinsa,input_mode=scheduled_final,input_normalization=b0,evaluation_seasons=recent_two",43,corrected,six_target_native,2025-2026,1.0295726044457618,target_neighbors_kinsa_finalized
"pilot_method=finalized,reporting_missingness=0,reporting_strength=0.5,ed_transform=logit,spatial=neighbors,epochs=120,patience=15,fit_partition=target,covariate_encoder=summary,covariate_set=kinsa,input_mode=scheduled_final,input_normalization=b0,evaluation_seasons=recent_two",43,corrected,six_target_native,equal_season_mean,0.973685678434411,target_neighbors_kinsa_finalized
"pilot_method=finalized,reporting_missingness=0,reporting_strength=0.5,ed_transform=logit,spatial=neighbors,epochs=120,patience=15,fit_partition=target,covariate_encoder=summary,covariate_set=kinsa,input_mode=scheduled_final,input_normalization=b0,evaluation_seasons=recent_two",43,corrected,flu_admissions_native,2024-2025,0.7895349742572872,target_neighbors_kinsa_finalized
"pilot_method=finalized,reporting_missingness=0,reporting_strength=0.5,ed_transform=logit,spatial=neighbors,epochs=120,patience=15,fit_partition=target,covariate_encoder=summary,covariate_set=kinsa,input_mode=scheduled_final,input_normalization=b0,evaluation_seasons=recent_two",43,corrected,flu_admissions_native,2025-2026,1.0313021469716428,target_neighbors_kinsa_finalized
"pilot_method=finalized,reporting_missingness=0,reporting_strength=0.5,ed_transform=logit,spatial=neighbors,epochs=120,patience=15,fit_partition=target,covariate_encoder=summary,covariate_set=kinsa,input_mode=scheduled_final,input_normalization=b0,evaluation_seasons=recent_two",43,corrected,flu_admissions_native,equal_season_mean,0.910418560614465,target_neighbors_kinsa_finalized
"pilot_method=finalized,reporting_missingness=0,reporting_strength=0.5,ed_transform=logit,spatial=neighbors,epochs=120,patience=15,fit_partition=target,covariate_encoder=summary,covariate_set=kinsa,input_mode=scheduled_final,input_normalization=b0,evaluation_seasons=recent_two",43,corrected,flu_admissions_log,2024-2025,0.8104988947290475,target_neighbors_kinsa_finalized
"pilot_method=finalized,reporting_missingness=0,reporting_strength=0.5,ed_transform=logit,spatial=neighbors,epochs=120,patience=15,fit_partition=target,covariate_encoder=summary,covariate_set=kinsa,input_mode=scheduled_final,input_normalization=b0,evaluation_seasons=recent_two",43,corrected,flu_admissions_log,2025-2026,1.0413431982654968,target_neighbors_kinsa_finalized
"pilot_method=finalized,reporting_missingness=0,reporting_strength=0.5,ed_transform=logit,spatial=neighbors,epochs=120,patience=15,fit_partition=target,covariate_encoder=summary,covariate_set=kinsa,input_mode=scheduled_final,input_normalization=b0,evaluation_seasons=recent_two",43,corrected,flu_admissions_log,equal_season_mean,0.925921046497272,target_neighbors_kinsa_finalized
"pilot_method=finalized,reporting_missingness=0,reporting_strength=0.5,ed_transform=logit,spatial=neighbors,epochs=120,patience=15,fit_partition=target,covariate_encoder=summary,covariate_set=kinsa,input_mode=scheduled_final,input_normalization=b0,evaluation_seasons=recent_two",43,half,six_target_native,2024-2025,0.934318876205014,target_neighbors_kinsa_finalized
"pilot_method=finalized,reporting_missingness=0,reporting_strength=0.5,ed_transform=logit,spatial=neighbors,epochs=120,patience=15,fit_partition=target,covariate_encoder=summary,covariate_set=kinsa,input_mode=scheduled_final,input_normalization=b0,evaluation_seasons=recent_two",43,half,six_target_native,2025-2026,1.0351454258279071,target_neighbors_kinsa_finalized
"pilot_method=finalized,reporting_missingness=0,reporting_strength=0.5,ed_transform=logit,spatial=neighbors,epochs=120,patience=15,fit_partition=target,covariate_encoder=summary,covariate_set=kinsa,input_mode=scheduled_final,input_normalization=b0,evaluation_seasons=recent_two",43,half,six_target_native,equal_season_mean,0.9847321510164606,target_neighbors_kinsa_finalized
"pilot_method=finalized,reporting_missingness=0,reporting_strength=0.5,ed_transform=logit,spatial=neighbors,epochs=120,patience=15,fit_partition=target,covariate_encoder=summary,covariate_set=kinsa,input_mode=scheduled_final,input_normalization=b0,evaluation_seasons=recent_two",43,half,flu_admissions_native,2024-2025,0.7885147131881388,target_neighbors_kinsa_finalized
"pilot_method=finalized,reporting_missingness=0,reporting_strength=0.5,ed_transform=logit,spatial=neighbors,epochs=120,patience=15,fit_partition=target,covariate_encoder=summary,covariate_set=kinsa,input_mode=scheduled_final,input_normalization=b0,evaluation_seasons=recent_two",43,half,flu_admissions_native,2025-2026,1.024722807413987,target_neighbors_kinsa_finalized
"pilot_method=finalized,reporting_missingness=0,reporting_strength=0.5,ed_transform=logit,spatial=neighbors,epochs=120,patience=15,fit_partition=target,covariate_encoder=summary,covariate_set=kinsa,input_mode=scheduled_final,input_normalization=b0,evaluation_seasons=recent_two",43,half,flu_admissions_native,equal_season_mean,0.9066187603010628,target_neighbors_kinsa_finalized
"pilot_method=finalized,reporting_missingness=0,reporting_strength=0.5,ed_transform=logit,spatial=neighbors,epochs=120,patience=15,fit_partition=target,covariate_encoder=summary,covariate_set=kinsa,input_mode=scheduled_final,input_normalization=b0,evaluation_seasons=recent_two",43,half,flu_admissions_log,2024-2025,0.8122644178280414,target_neighbors_kinsa_finalized
"pilot_method=finalized,reporting_missingness=0,reporting_strength=0.5,ed_transform=logit,spatial=neighbors,epochs=120,patience=15,fit_partition=target,covariate_encoder=summary,covariate_set=kinsa,input_mode=scheduled_final,input_normalization=b0,evaluation_seasons=recent_two",43,half,flu_admissions_log,2025-2026,1.0440319551702462,target_neighbors_kinsa_finalized
"pilot_method=finalized,reporting_missingness=0,reporting_strength=0.5,ed_transform=logit,spatial=neighbors,epochs=120,patience=15,fit_partition=target,covariate_encoder=summary,covariate_set=kinsa,input_mode=scheduled_final,input_normalization=b0,evaluation_seasons=recent_two",43,half,flu_admissions_log,equal_season_mean,0.9281481864991438,target_neighbors_kinsa_finalized
"pilot_method=finalized,reporting_missingness=0,reporting_strength=0.5,ed_transform=logit,spatial=neighbors,epochs=120,patience=15,fit_partition=target,covariate_encoder=summary,covariate_set=kinsa,input_mode=scheduled_final,input_normalization=b0,evaluation_seasons=recent_two",43,raw,six_target_native,2024-2025,0.9572350888469368,target_neighbors_kinsa_finalized
"pilot_method=finalized,reporting_missingness=0,reporting_strength=0.5,ed_transform=logit,spatial=neighbors,epochs=120,patience=15,fit_partition=target,covariate_encoder=summary,covariate_set=kinsa,input_mode=scheduled_final,input_normalization=b0,evaluation_seasons=recent_two",43,raw,six_target_native,2025-2026,1.046013530174931,target_neighbors_kinsa_finalized
"pilot_method=finalized,reporting_missingness=0,reporting_strength=0.5,ed_transform=logit,spatial=neighbors,epochs=120,patience=15,fit_partition=target,covariate_encoder=summary,covariate_set=kinsa,input_mode=scheduled_final,input_normalization=b0,evaluation_seasons=recent_two",43,raw,six_target_native,equal_season_mean,1.0016243095109338,target_neighbors_kinsa_finalized
"pilot_method=finalized,reporting_missingness=0,reporting_strength=0.5,ed_transform=logit,spatial=neighbors,epochs=120,patience=15,fit_partition=target,covariate_encoder=summary,covariate_set=kinsa,input_mode=scheduled_final,input_normalization=b0,evaluation_seasons=recent_two",43,raw,flu_admissions_native,2024-2025,0.792137826015244,target_neighbors_kinsa_finalized
"pilot_method=finalized,reporting_missingness=0,reporting_strength=0.5,ed_transform=logit,spatial=neighbors,epochs=120,patience=15,fit_partition=target,covariate_encoder=summary,covariate_set=kinsa,input_mode=scheduled_final,input_normalization=b0,evaluation_seasons=recent_two",43,raw,flu_admissions_native,2025-2026,1.0221226342412748,target_neighbors_kinsa_finalized
"pilot_method=finalized,reporting_missingness=0,reporting_strength=0.5,ed_transform=logit,spatial=neighbors,epochs=120,patience=15,fit_partition=target,covariate_encoder=summary,covariate_set=kinsa,input_mode=scheduled_final,input_normalization=b0,evaluation_seasons=recent_two",43,raw,flu_admissions_native,equal_season_mean,0.9071302301282592,target_neighbors_kinsa_finalized
"pilot_method=finalized,reporting_missingness=0,reporting_strength=0.5,ed_transform=logit,spatial=neighbors,epochs=120,patience=15,fit_partition=target,covariate_encoder=summary,covariate_set=kinsa,input_mode=scheduled_final,input_normalization=b0,evaluation_seasons=recent_two",43,raw,flu_admissions_log,2024-2025,0.8217290702494826,target_neighbors_kinsa_finalized
"pilot_method=finalized,reporting_missingness=0,reporting_strength=0.5,ed_transform=logit,spatial=neighbors,epochs=120,patience=15,fit_partition=target,covariate_encoder=summary,covariate_set=kinsa,input_mode=scheduled_final,input_normalization=b0,evaluation_seasons=recent_two",43,raw,flu_admissions_log,2025-2026,1.055741793736707,target_neighbors_kinsa_finalized
"pilot_method=finalized,reporting_missingness=0,reporting_strength=0.5,ed_transform=logit,spatial=neighbors,epochs=120,patience=15,fit_partition=target,covariate_encoder=summary,covariate_set=kinsa,input_mode=scheduled_final,input_normalization=b0,evaluation_seasons=recent_two",43,raw,flu_admissions_log,equal_season_mean,0.9387354319930948,target_neighbors_kinsa_finalized
"pilot_method=joint,joint_weight=0.05,reporting_missingness=0,reporting_strength=0.5,ed_transform=logit,spatial=distance,epochs=120,patience=15,fit_partition=pathogen,covariate_encoder=summary,input_mode=scheduled_final,input_normalization=b0,evaluation_seasons=recent_two",42,corrected,six_target_native,2024-2025,0.9541334377495504,pathogen_distance_joint_two_weeks
"pilot_method=joint,joint_weight=0.05,reporting_missingness=0,reporting_strength=0.5,ed_transform=logit,spatial=distance,epochs=120,patience=15,fit_partition=pathogen,covariate_encoder=summary,input_mode=scheduled_final,input_normalization=b0,evaluation_seasons=recent_two",42,corrected,six_target_native,2025-2026,0.9243365274084429,pathogen_distance_joint_two_weeks
"pilot_method=joint,joint_weight=0.05,reporting_missingness=0,reporting_strength=0.5,ed_transform=logit,spatial=distance,epochs=120,patience=15,fit_partition=pathogen,covariate_encoder=summary,input_mode=scheduled_final,input_normalization=b0,evaluation_seasons=recent_two",42,corrected,six_target_native,equal_season_mean,0.9392349825789964,pathogen_distance_joint_two_weeks
"pilot_method=joint,joint_weight=0.05,reporting_missingness=0,reporting_strength=0.5,ed_transform=logit,spatial=distance,epochs=120,patience=15,fit_partition=pathogen,covariate_encoder=summary,input_mode=scheduled_final,input_normalization=b0,evaluation_seasons=recent_two",42,corrected,flu_admissions_native,2024-2025,0.7657606410851229,pathogen_distance_joint_two_weeks
"pilot_method=joint,joint_weight=0.05,reporting_missingness=0,reporting_strength=0.5,ed_transform=logit,spatial=distance,epochs=120,patience=15,fit_partition=pathogen,covariate_encoder=summary,input_mode=scheduled_final,input_normalization=b0,evaluation_seasons=recent_two",42,corrected,flu_admissions_native,2025-2026,0.8476066129311334,pathogen_distance_joint_two_weeks
"pilot_method=joint,joint_weight=0.05,reporting_missingness=0,reporting_strength=0.5,ed_transform=logit,spatial=distance,epochs=120,patience=15,fit_partition=pathogen,covariate_encoder=summary,input_mode=scheduled_final,input_normalization=b0,evaluation_seasons=recent_two",42,corrected,flu_admissions_native,equal_season_mean,0.8066836270081281,pathogen_distance_joint_two_weeks
"pilot_method=joint,joint_weight=0.05,reporting_missingness=0,reporting_strength=0.5,ed_transform=logit,spatial=distance,epochs=120,patience=15,fit_partition=pathogen,covariate_encoder=summary,input_mode=scheduled_final,input_normalization=b0,evaluation_seasons=recent_two",42,corrected,flu_admissions_log,2024-2025,0.8032224624076839,pathogen_distance_joint_two_weeks
"pilot_method=joint,joint_weight=0.05,reporting_missingness=0,reporting_strength=0.5,ed_transform=logit,spatial=distance,epochs=120,patience=15,fit_partition=pathogen,covariate_encoder=summary,input_mode=scheduled_final,input_normalization=b0,evaluation_seasons=recent_two",42,corrected,flu_admissions_log,2025-2026,0.9009733585878767,pathogen_distance_joint_two_weeks
"pilot_method=joint,joint_weight=0.05,reporting_missingness=0,reporting_strength=0.5,ed_transform=logit,spatial=distance,epochs=120,patience=15,fit_partition=pathogen,covariate_encoder=summary,input_mode=scheduled_final,input_normalization=b0,evaluation_seasons=recent_two",42,corrected,flu_admissions_log,equal_season_mean,0.8520979104977804,pathogen_distance_joint_two_weeks
"pilot_method=joint,joint_weight=0.05,reporting_missingness=0,reporting_strength=0.5,ed_transform=logit,spatial=distance,epochs=120,patience=15,fit_partition=pathogen,covariate_encoder=summary,input_mode=scheduled_final,input_normalization=b0,evaluation_seasons=recent_two",42,half,six_target_native,2024-2025,0.9754346871495934,pathogen_distance_joint_two_weeks
"pilot_method=joint,joint_weight=0.05,reporting_missingness=0,reporting_strength=0.5,ed_transform=logit,spatial=distance,epochs=120,patience=15,fit_partition=pathogen,covariate_encoder=summary,input_mode=scheduled_final,input_normalization=b0,evaluation_seasons=recent_two",42,half,six_target_native,2025-2026,0.9196294816758463,pathogen_distance_joint_two_weeks
"pilot_method=joint,joint_weight=0.05,reporting_missingness=0,reporting_strength=0.5,ed_transform=logit,spatial=distance,epochs=120,patience=15,fit_partition=pathogen,covariate_encoder=summary,input_mode=scheduled_final,input_normalization=b0,evaluation_seasons=recent_two",42,half,six_target_native,equal_season_mean,0.94753208441272,pathogen_distance_joint_two_weeks
"pilot_method=joint,joint_weight=0.05,reporting_missingness=0,reporting_strength=0.5,ed_transform=logit,spatial=distance,epochs=120,patience=15,fit_partition=pathogen,covariate_encoder=summary,input_mode=scheduled_final,input_normalization=b0,evaluation_seasons=recent_two",42,half,flu_admissions_native,2024-2025,0.7721230491902676,pathogen_distance_joint_two_weeks
"pilot_method=joint,joint_weight=0.05,reporting_missingness=0,reporting_strength=0.5,ed_transform=logit,spatial=distance,epochs=120,patience=15,fit_partition=pathogen,covariate_encoder=summary,input_mode=scheduled_final,input_normalization=b0,evaluation_seasons=recent_two",42,half,flu_admissions_native,2025-2026,0.836707131329218,pathogen_distance_joint_two_weeks
"pilot_method=joint,joint_weight=0.05,reporting_missingness=0,reporting_strength=0.5,ed_transform=logit,spatial=distance,epochs=120,patience=15,fit_partition=pathogen,covariate_encoder=summary,input_mode=scheduled_final,input_normalization=b0,evaluation_seasons=recent_two",42,half,flu_admissions_native,equal_season_mean,0.8044150902597429,pathogen_distance_joint_two_weeks
"pilot_method=joint,joint_weight=0.05,reporting_missingness=0,reporting_strength=0.5,ed_transform=logit,spatial=distance,epochs=120,patience=15,fit_partition=pathogen,covariate_encoder=summary,input_mode=scheduled_final,input_normalization=b0,evaluation_seasons=recent_two",42,half,flu_admissions_log,2024-2025,0.8251023335355293,pathogen_distance_joint_two_weeks
"pilot_method=joint,joint_weight=0.05,reporting_missingness=0,reporting_strength=0.5,ed_transform=logit,spatial=distance,epochs=120,patience=15,fit_partition=pathogen,covariate_encoder=summary,input_mode=scheduled_final,input_normalization=b0,evaluation_seasons=recent_two",42,half,flu_admissions_log,2025-2026,0.8932667751954708,pathogen_distance_joint_two_weeks
"pilot_method=joint,joint_weight=0.05,reporting_missingness=0,reporting_strength=0.5,ed_transform=logit,spatial=distance,epochs=120,patience=15,fit_partition=pathogen,covariate_encoder=summary,input_mode=scheduled_final,input_normalization=b0,evaluation_seasons=recent_two",42,half,flu_admissions_log,equal_season_mean,0.8591845543655001,pathogen_distance_joint_two_weeks
"pilot_method=joint,joint_weight=0.05,reporting_missingness=0,reporting_strength=0.5,ed_transform=logit,spatial=distance,epochs=120,patience=15,fit_partition=pathogen,covariate_encoder=summary,input_mode=scheduled_final,input_normalization=b0,evaluation_seasons=recent_two",42,raw,six_target_native,2024-2025,1.0008129411587807,pathogen_distance_joint_two_weeks
"pilot_method=joint,joint_weight=0.05,reporting_missingness=0,reporting_strength=0.5,ed_transform=logit,spatial=distance,epochs=120,patience=15,fit_partition=pathogen,covariate_encoder=summary,input_mode=scheduled_final,input_normalization=b0,evaluation_seasons=recent_two",42,raw,six_target_native,2025-2026,0.9206191315860338,pathogen_distance_joint_two_weeks
"pilot_method=joint,joint_weight=0.05,reporting_missingness=0,reporting_strength=0.5,ed_transform=logit,spatial=distance,epochs=120,patience=15,fit_partition=pathogen,covariate_encoder=summary,input_mode=scheduled_final,input_normalization=b0,evaluation_seasons=recent_two",42,raw,six_target_native,equal_season_mean,0.9607160363724072,pathogen_distance_joint_two_weeks
"pilot_method=joint,joint_weight=0.05,reporting_missingness=0,reporting_strength=0.5,ed_transform=logit,spatial=distance,epochs=120,patience=15,fit_partition=pathogen,covariate_encoder=summary,input_mode=scheduled_final,input_normalization=b0,evaluation_seasons=recent_two",42,raw,flu_admissions_native,2024-2025,0.7812954597750784,pathogen_distance_joint_two_weeks
"pilot_method=joint,joint_weight=0.05,reporting_missingness=0,reporting_strength=0.5,ed_transform=logit,spatial=distance,epochs=120,patience=15,fit_partition=pathogen,covariate_encoder=summary,input_mode=scheduled_final,input_normalization=b0,evaluation_seasons=recent_two",42,raw,flu_admissions_native,2025-2026,0.8299731654038389,pathogen_distance_joint_two_weeks
"pilot_method=joint,joint_weight=0.05,reporting_missingness=0,reporting_strength=0.5,ed_transform=logit,spatial=distance,epochs=120,patience=15,fit_partition=pathogen,covariate_encoder=summary,input_mode=scheduled_final,input_normalization=b0,evaluation_seasons=recent_two",42,raw,flu_admissions_native,equal_season_mean,0.8056343125894587,pathogen_distance_joint_two_weeks
"pilot_method=joint,joint_weight=0.05,reporting_missingness=0,reporting_strength=0.5,ed_transform=logit,spatial=distance,epochs=120,patience=15,fit_partition=pathogen,covariate_encoder=summary,input_mode=scheduled_final,input_normalization=b0,evaluation_seasons=recent_two",42,raw,flu_admissions_log,2024-2025,0.8534874172954745,pathogen_distance_joint_two_weeks
"pilot_method=joint,joint_weight=0.05,reporting_missingness=0,reporting_strength=0.5,ed_transform=logit,spatial=distance,epochs=120,patience=15,fit_partition=pathogen,covariate_encoder=summary,input_mode=scheduled_final,input_normalization=b0,evaluation_seasons=recent_two",42,raw,flu_admissions_log,2025-2026,0.8956167837932065,pathogen_distance_joint_two_weeks
"pilot_method=joint,joint_weight=0.05,reporting_missingness=0,reporting_strength=0.5,ed_transform=logit,spatial=distance,epochs=120,patience=15,fit_partition=pathogen,covariate_encoder=summary,input_mode=scheduled_final,input_normalization=b0,evaluation_seasons=recent_two",42,raw,flu_admissions_log,equal_season_mean,0.8745521005443405,pathogen_distance_joint_two_weeks
"pilot_method=joint,joint_weight=0.05,reporting_missingness=0,reporting_strength=0.5,ed_transform=logit,spatial=distance,epochs=120,patience=15,fit_partition=pathogen,covariate_encoder=summary,input_mode=scheduled_final,input_normalization=b0,evaluation_seasons=recent_two",43,corrected,six_target_native,2024-2025,1.068405244211984,pathogen_distance_joint_two_weeks
"pilot_method=joint,joint_weight=0.05,reporting_missingness=0,reporting_strength=0.5,ed_transform=logit,spatial=distance,epochs=120,patience=15,fit_partition=pathogen,covariate_encoder=summary,input_mode=scheduled_final,input_normalization=b0,evaluation_seasons=recent_two",43,corrected,six_target_native,2025-2026,0.9375461334484864,pathogen_distance_joint_two_weeks
"pilot_method=joint,joint_weight=0.05,reporting_missingness=0,reporting_strength=0.5,ed_transform=logit,spatial=distance,epochs=120,patience=15,fit_partition=pathogen,covariate_encoder=summary,input_mode=scheduled_final,input_normalization=b0,evaluation_seasons=recent_two",43,corrected,six_target_native,equal_season_mean,1.0029756888302352,pathogen_distance_joint_two_weeks
"pilot_method=joint,joint_weight=0.05,reporting_missingness=0,reporting_strength=0.5,ed_transform=logit,spatial=distance,epochs=120,patience=15,fit_partition=pathogen,covariate_encoder=summary,input_mode=scheduled_final,input_normalization=b0,evaluation_seasons=recent_two",43,corrected,flu_admissions_native,2024-2025,0.8836550560686217,pathogen_distance_joint_two_weeks
"pilot_method=joint,joint_weight=0.05,reporting_missingness=0,reporting_strength=0.5,ed_transform=logit,spatial=distance,epochs=120,patience=15,fit_partition=pathogen,covariate_encoder=summary,input_mode=scheduled_final,input_normalization=b0,evaluation_seasons=recent_two",43,corrected,flu_admissions_native,2025-2026,0.9335784794265384,pathogen_distance_joint_two_weeks
"pilot_method=joint,joint_weight=0.05,reporting_missingness=0,reporting_strength=0.5,ed_transform=logit,spatial=distance,epochs=120,patience=15,fit_partition=pathogen,covariate_encoder=summary,input_mode=scheduled_final,input_normalization=b0,evaluation_seasons=recent_two",43,corrected,flu_admissions_native,equal_season_mean,0.90861676774758,pathogen_distance_joint_two_weeks
"pilot_method=joint,joint_weight=0.05,reporting_missingness=0,reporting_strength=0.5,ed_transform=logit,spatial=distance,epochs=120,patience=15,fit_partition=pathogen,covariate_encoder=summary,input_mode=scheduled_final,input_normalization=b0,evaluation_seasons=recent_two",43,corrected,flu_admissions_log,2024-2025,0.903722797314808,pathogen_distance_joint_two_weeks
"pilot_method=joint,joint_weight=0.05,reporting_missingness=0,reporting_strength=0.5,ed_transform=logit,spatial=distance,epochs=120,patience=15,fit_partition=pathogen,covariate_encoder=summary,input_mode=scheduled_final,input_normalization=b0,evaluation_seasons=recent_two",43,corrected,flu_admissions_log,2025-2026,0.933636400072252,pathogen_distance_joint_two_weeks
"pilot_method=joint,joint_weight=0.05,reporting_missingness=0,reporting_strength=0.5,ed_transform=logit,spatial=distance,epochs=120,patience=15,fit_partition=pathogen,covariate_encoder=summary,input_mode=scheduled_final,input_normalization=b0,evaluation_seasons=recent_two",43,corrected,flu_admissions_log,equal_season_mean,0.91867959869353,pathogen_distance_joint_two_weeks
"pilot_method=joint,joint_weight=0.05,reporting_missingness=0,reporting_strength=0.5,ed_transform=logit,spatial=distance,epochs=120,patience=15,fit_partition=pathogen,covariate_encoder=summary,input_mode=scheduled_final,input_normalization=b0,evaluation_seasons=recent_two",43,half,six_target_native,2024-2025,1.0981149915759043,pathogen_distance_joint_two_weeks
"pilot_method=joint,joint_weight=0.05,reporting_missingness=0,reporting_strength=0.5,ed_transform=logit,spatial=distance,epochs=120,patience=15,fit_partition=pathogen,covariate_encoder=summary,input_mode=scheduled_final,input_normalization=b0,evaluation_seasons=recent_two",43,half,six_target_native,2025-2026,0.9243884855342408,pathogen_distance_joint_two_weeks
"pilot_method=joint,joint_weight=0.05,reporting_missingness=0,reporting_strength=0.5,ed_transform=logit,spatial=distance,epochs=120,patience=15,fit_partition=pathogen,covariate_encoder=summary,input_mode=scheduled_final,input_normalization=b0,evaluation_seasons=recent_two",43,half,six_target_native,equal_season_mean,1.0112517385550726,pathogen_distance_joint_two_weeks
"pilot_method=joint,joint_weight=0.05,reporting_missingness=0,reporting_strength=0.5,ed_transform=logit,spatial=distance,epochs=120,patience=15,fit_partition=pathogen,covariate_encoder=summary,input_mode=scheduled_final,input_normalization=b0,evaluation_seasons=recent_two",43,half,flu_admissions_native,2024-2025,0.9017182797195856,pathogen_distance_joint_two_weeks
"pilot_method=joint,joint_weight=0.05,reporting_missingness=0,reporting_strength=0.5,ed_transform=logit,spatial=distance,epochs=120,patience=15,fit_partition=pathogen,covariate_encoder=summary,input_mode=scheduled_final,input_normalization=b0,evaluation_seasons=recent_two",43,half,flu_admissions_native,2025-2026,0.916181650444496,pathogen_distance_joint_two_weeks
"pilot_method=joint,joint_weight=0.05,reporting_missingness=0,reporting_strength=0.5,ed_transform=logit,spatial=distance,epochs=120,patience=15,fit_partition=pathogen,covariate_encoder=summary,input_mode=scheduled_final,input_normalization=b0,evaluation_seasons=recent_two",43,half,flu_admissions_native,equal_season_mean,0.9089499650820408,pathogen_distance_joint_two_weeks
"pilot_method=joint,joint_weight=0.05,reporting_missingness=0,reporting_strength=0.5,ed_transform=logit,spatial=distance,epochs=120,patience=15,fit_partition=pathogen,covariate_encoder=summary,input_mode=scheduled_final,input_normalization=b0,evaluation_seasons=recent_two",43,half,flu_admissions_log,2024-2025,0.9334102627414675,pathogen_distance_joint_two_weeks
"pilot_method=joint,joint_weight=0.05,reporting_missingness=0,reporting_strength=0.5,ed_transform=logit,spatial=distance,epochs=120,patience=15,fit_partition=pathogen,covariate_encoder=summary,input_mode=scheduled_final,input_normalization=b0,evaluation_seasons=recent_two",43,half,flu_admissions_log,2025-2026,0.9258876149114956,pathogen_distance_joint_two_weeks
"pilot_method=joint,joint_weight=0.05,reporting_missingness=0,reporting_strength=0.5,ed_transform=logit,spatial=distance,epochs=120,patience=15,fit_partition=pathogen,covariate_encoder=summary,input_mode=scheduled_final,input_normalization=b0,evaluation_seasons=recent_two",43,half,flu_admissions_log,equal_season_mean,0.9296489388264816,pathogen_distance_joint_two_weeks
"pilot_method=joint,joint_weight=0.05,reporting_missingness=0,reporting_strength=0.5,ed_transform=logit,spatial=distance,epochs=120,patience=15,fit_partition=pathogen,covariate_encoder=summary,input_mode=scheduled_final,input_normalization=b0,evaluation_seasons=recent_two",43,raw,six_target_native,2024-2025,1.131931676006832,pathogen_distance_joint_two_weeks
"pilot_method=joint,joint_weight=0.05,reporting_missingness=0,reporting_strength=0.5,ed_transform=logit,spatial=distance,epochs=120,patience=15,fit_partition=pathogen,covariate_encoder=summary,input_mode=scheduled_final,input_normalization=b0,evaluation_seasons=recent_two",43,raw,six_target_native,2025-2026,0.916891787415736,pathogen_distance_joint_two_weeks
"pilot_method=joint,joint_weight=0.05,reporting_missingness=0,reporting_strength=0.5,ed_transform=logit,spatial=distance,epochs=120,patience=15,fit_partition=pathogen,covariate_encoder=summary,input_mode=scheduled_final,input_normalization=b0,evaluation_seasons=recent_two",43,raw,six_target_native,equal_season_mean,1.024411731711284,pathogen_distance_joint_two_weeks
"pilot_method=joint,joint_weight=0.05,reporting_missingness=0,reporting_strength=0.5,ed_transform=logit,spatial=distance,epochs=120,patience=15,fit_partition=pathogen,covariate_encoder=summary,input_mode=scheduled_final,input_normalization=b0,evaluation_seasons=recent_two",43,raw,flu_admissions_native,2024-2025,0.9217252446381352,pathogen_distance_joint_two_weeks
"pilot_method=joint,joint_weight=0.05,reporting_missingness=0,reporting_strength=0.5,ed_transform=logit,spatial=distance,epochs=120,patience=15,fit_partition=pathogen,covariate_encoder=summary,input_mode=scheduled_final,input_normalization=b0,evaluation_seasons=recent_two",43,raw,flu_admissions_native,2025-2026,0.9019830269590988,pathogen_distance_joint_two_weeks
"pilot_method=joint,joint_weight=0.05,reporting_missingness=0,reporting_strength=0.5,ed_transform=logit,spatial=distance,epochs=120,patience=15,fit_partition=pathogen,covariate_encoder=summary,input_mode=scheduled_final,input_normalization=b0,evaluation_seasons=recent_two",43,raw,flu_admissions_native,equal_season_mean,0.9118541357986172,pathogen_distance_joint_two_weeks
"pilot_method=joint,joint_weight=0.05,reporting_missingness=0,reporting_strength=0.5,ed_transform=logit,spatial=distance,epochs=120,patience=15,fit_partition=pathogen,covariate_encoder=summary,input_mode=scheduled_final,input_normalization=b0,evaluation_seasons=recent_two",43,raw,flu_admissions_log,2024-2025,0.9683773001020908,pathogen_distance_joint_two_weeks
"pilot_method=joint,joint_weight=0.05,reporting_missingness=0,reporting_strength=0.5,ed_transform=logit,spatial=distance,epochs=120,patience=15,fit_partition=pathogen,covariate_encoder=summary,input_mode=scheduled_final,input_normalization=b0,evaluation_seasons=recent_two",43,raw,flu_admissions_log,2025-2026,0.9267123345422708,pathogen_distance_joint_two_weeks
"pilot_method=joint,joint_weight=0.05,reporting_missingness=0,reporting_strength=0.5,ed_transform=logit,spatial=distance,epochs=120,patience=15,fit_partition=pathogen,covariate_encoder=summary,input_mode=scheduled_final,input_normalization=b0,evaluation_seasons=recent_two",43,raw,flu_admissions_log,equal_season_mean,0.9475448173221808,pathogen_distance_joint_two_weeks
"pilot_method=joint,joint_weight=0.05,reporting_missingness=0,reporting_strength=0.5,ed_transform=logit,spatial=neighbors,epochs=120,patience=15,fit_partition=target,covariate_encoder=summary,covariate_set=kinsa,input_mode=scheduled_final,input_normalization=b0,evaluation_seasons=recent_two",42,corrected,six_target_native,2024-2025,0.8832085592508578,target_neighbors_kinsa_joint_two_weeks
"pilot_method=joint,joint_weight=0.05,reporting_missingness=0,reporting_strength=0.5,ed_transform=logit,spatial=neighbors,epochs=120,patience=15,fit_partition=target,covariate_encoder=summary,covariate_set=kinsa,input_mode=scheduled_final,input_normalization=b0,evaluation_seasons=recent_two",42,corrected,six_target_native,2025-2026,0.9659644975500716,target_neighbors_kinsa_joint_two_weeks
"pilot_method=joint,joint_weight=0.05,reporting_missingness=0,reporting_strength=0.5,ed_transform=logit,spatial=neighbors,epochs=120,patience=15,fit_partition=target,covariate_encoder=summary,covariate_set=kinsa,input_mode=scheduled_final,input_normalization=b0,evaluation_seasons=recent_two",42,corrected,six_target_native,equal_season_mean,0.9245865284004648,target_neighbors_kinsa_joint_two_weeks
"pilot_method=joint,joint_weight=0.05,reporting_missingness=0,reporting_strength=0.5,ed_transform=logit,spatial=neighbors,epochs=120,patience=15,fit_partition=target,covariate_encoder=summary,covariate_set=kinsa,input_mode=scheduled_final,input_normalization=b0,evaluation_seasons=recent_two",42,corrected,flu_admissions_native,2024-2025,0.8388964560541314,target_neighbors_kinsa_joint_two_weeks
"pilot_method=joint,joint_weight=0.05,reporting_missingness=0,reporting_strength=0.5,ed_transform=logit,spatial=neighbors,epochs=120,patience=15,fit_partition=target,covariate_encoder=summary,covariate_set=kinsa,input_mode=scheduled_final,input_normalization=b0,evaluation_seasons=recent_two",42,corrected,flu_admissions_native,2025-2026,0.9581678673464268,target_neighbors_kinsa_joint_two_weeks
"pilot_method=joint,joint_weight=0.05,reporting_missingness=0,reporting_strength=0.5,ed_transform=logit,spatial=neighbors,epochs=120,patience=15,fit_partition=target,covariate_encoder=summary,covariate_set=kinsa,input_mode=scheduled_final,input_normalization=b0,evaluation_seasons=recent_two",42,corrected,flu_admissions_native,equal_season_mean,0.8985321617002792,target_neighbors_kinsa_joint_two_weeks
"pilot_method=joint,joint_weight=0.05,reporting_missingness=0,reporting_strength=0.5,ed_transform=logit,spatial=neighbors,epochs=120,patience=15,fit_partition=target,covariate_encoder=summary,covariate_set=kinsa,input_mode=scheduled_final,input_normalization=b0,evaluation_seasons=recent_two",42,corrected,flu_admissions_log,2024-2025,0.8587190361078938,target_neighbors_kinsa_joint_two_weeks
"pilot_method=joint,joint_weight=0.05,reporting_missingness=0,reporting_strength=0.5,ed_transform=logit,spatial=neighbors,epochs=120,patience=15,fit_partition=target,covariate_encoder=summary,covariate_set=kinsa,input_mode=scheduled_final,input_normalization=b0,evaluation_seasons=recent_two",42,corrected,flu_admissions_log,2025-2026,0.9525236746958844,target_neighbors_kinsa_joint_two_weeks
"pilot_method=joint,joint_weight=0.05,reporting_missingness=0,reporting_strength=0.5,ed_transform=logit,spatial=neighbors,epochs=120,patience=15,fit_partition=target,covariate_encoder=summary,covariate_set=kinsa,input_mode=scheduled_final,input_normalization=b0,evaluation_seasons=recent_two",42,corrected,flu_admissions_log,equal_season_mean,0.905621355401889,target_neighbors_kinsa_joint_two_weeks
"pilot_method=joint,joint_weight=0.05,reporting_missingness=0,reporting_strength=0.5,ed_transform=logit,spatial=neighbors,epochs=120,patience=15,fit_partition=target,covariate_encoder=summary,covariate_set=kinsa,input_mode=scheduled_final,input_normalization=b0,evaluation_seasons=recent_two",42,half,six_target_native,2024-2025,0.9008635932750512,target_neighbors_kinsa_joint_two_weeks
"pilot_method=joint,joint_weight=0.05,reporting_missingness=0,reporting_strength=0.5,ed_transform=logit,spatial=neighbors,epochs=120,patience=15,fit_partition=target,covariate_encoder=summary,covariate_set=kinsa,input_mode=scheduled_final,input_normalization=b0,evaluation_seasons=recent_two",42,half,six_target_native,2025-2026,0.965008926908154,target_neighbors_kinsa_joint_two_weeks
"pilot_method=joint,joint_weight=0.05,reporting_missingness=0,reporting_strength=0.5,ed_transform=logit,spatial=neighbors,epochs=120,patience=15,fit_partition=target,covariate_encoder=summary,covariate_set=kinsa,input_mode=scheduled_final,input_normalization=b0,evaluation_seasons=recent_two",42,half,six_target_native,equal_season_mean,0.9329362600916024,target_neighbors_kinsa_joint_two_weeks
"pilot_method=joint,joint_weight=0.05,reporting_missingness=0,reporting_strength=0.5,ed_transform=logit,spatial=neighbors,epochs=120,patience=15,fit_partition=target,covariate_encoder=summary,covariate_set=kinsa,input_mode=scheduled_final,input_normalization=b0,evaluation_seasons=recent_two",42,half,flu_admissions_native,2024-2025,0.8558182964521819,target_neighbors_kinsa_joint_two_weeks
"pilot_method=joint,joint_weight=0.05,reporting_missingness=0,reporting_strength=0.5,ed_transform=logit,spatial=neighbors,epochs=120,patience=15,fit_partition=target,covariate_encoder=summary,covariate_set=kinsa,input_mode=scheduled_final,input_normalization=b0,evaluation_seasons=recent_two",42,half,flu_admissions_native,2025-2026,0.943675514621861,target_neighbors_kinsa_joint_two_weeks
"pilot_method=joint,joint_weight=0.05,reporting_missingness=0,reporting_strength=0.5,ed_transform=logit,spatial=neighbors,epochs=120,patience=15,fit_partition=target,covariate_encoder=summary,covariate_set=kinsa,input_mode=scheduled_final,input_normalization=b0,evaluation_seasons=recent_two",42,half,flu_admissions_native,equal_season_mean,0.8997469055370214,target_neighbors_kinsa_joint_two_weeks
"pilot_method=joint,joint_weight=0.05,reporting_missingness=0,reporting_strength=0.5,ed_transform=logit,spatial=neighbors,epochs=120,patience=15,fit_partition=target,covariate_encoder=summary,covariate_set=kinsa,input_mode=scheduled_final,input_normalization=b0,evaluation_seasons=recent_two",42,half,flu_admissions_log,2024-2025,0.8869205420447723,target_neighbors_kinsa_joint_two_weeks
"pilot_method=joint,joint_weight=0.05,reporting_missingness=0,reporting_strength=0.5,ed_transform=logit,spatial=neighbors,epochs=120,patience=15,fit_partition=target,covariate_encoder=summary,covariate_set=kinsa,input_mode=scheduled_final,input_normalization=b0,evaluation_seasons=recent_two",42,half,flu_admissions_log,2025-2026,0.9461515254982052,target_neighbors_kinsa_joint_two_weeks
"pilot_method=joint,joint_weight=0.05,reporting_missingness=0,reporting_strength=0.5,ed_transform=logit,spatial=neighbors,epochs=120,patience=15,fit_partition=target,covariate_encoder=summary,covariate_set=kinsa,input_mode=scheduled_final,input_normalization=b0,evaluation_seasons=recent_two",42,half,flu_admissions_log,equal_season_mean,0.9165360337714888,target_neighbors_kinsa_joint_two_weeks
"pilot_method=joint,joint_weight=0.05,reporting_missingness=0,reporting_strength=0.5,ed_transform=logit,spatial=neighbors,epochs=120,patience=15,fit_partition=target,covariate_encoder=summary,covariate_set=kinsa,input_mode=scheduled_final,input_normalization=b0,evaluation_seasons=recent_two",42,raw,six_target_native,2024-2025,0.9238237829331514,target_neighbors_kinsa_joint_two_weeks
"pilot_method=joint,joint_weight=0.05,reporting_missingness=0,reporting_strength=0.5,ed_transform=logit,spatial=neighbors,epochs=120,patience=15,fit_partition=target,covariate_encoder=summary,covariate_set=kinsa,input_mode=scheduled_final,input_normalization=b0,evaluation_seasons=recent_two",42,raw,six_target_native,2025-2026,0.969067448212144,target_neighbors_kinsa_joint_two_weeks
"pilot_method=joint,joint_weight=0.05,reporting_missingness=0,reporting_strength=0.5,ed_transform=logit,spatial=neighbors,epochs=120,patience=15,fit_partition=target,covariate_encoder=summary,covariate_set=kinsa,input_mode=scheduled_final,input_normalization=b0,evaluation_seasons=recent_two",42,raw,six_target_native,equal_season_mean,0.9464456155726476,target_neighbors_kinsa_joint_two_weeks
"pilot_method=joint,joint_weight=0.05,reporting_missingness=0,reporting_strength=0.5,ed_transform=logit,spatial=neighbors,epochs=120,patience=15,fit_partition=target,covariate_encoder=summary,covariate_set=kinsa,input_mode=scheduled_final,input_normalization=b0,evaluation_seasons=recent_two",42,raw,flu_admissions_native,2024-2025,0.8748262142695133,target_neighbors_kinsa_joint_two_weeks
"pilot_method=joint,joint_weight=0.05,reporting_missingness=0,reporting_strength=0.5,ed_transform=logit,spatial=neighbors,epochs=120,patience=15,fit_partition=target,covariate_encoder=summary,covariate_set=kinsa,input_mode=scheduled_final,input_normalization=b0,evaluation_seasons=recent_two",42,raw,flu_admissions_native,2025-2026,0.933355974399554,target_neighbors_kinsa_joint_two_weeks
"pilot_method=joint,joint_weight=0.05,reporting_missingness=0,reporting_strength=0.5,ed_transform=logit,spatial=neighbors,epochs=120,patience=15,fit_partition=target,covariate_encoder=summary,covariate_set=kinsa,input_mode=scheduled_final,input_normalization=b0,evaluation_seasons=recent_two",42,raw,flu_admissions_native,equal_season_mean,0.9040910943345336,target_neighbors_kinsa_joint_two_weeks
"pilot_method=joint,joint_weight=0.05,reporting_missingness=0,reporting_strength=0.5,ed_transform=logit,spatial=neighbors,epochs=120,patience=15,fit_partition=target,covariate_encoder=summary,covariate_set=kinsa,input_mode=scheduled_final,input_normalization=b0,evaluation_seasons=recent_two",42,raw,flu_admissions_log,2024-2025,0.9217977230080896,target_neighbors_kinsa_joint_two_weeks
"pilot_method=joint,joint_weight=0.05,reporting_missingness=0,reporting_strength=0.5,ed_transform=logit,spatial=neighbors,epochs=120,patience=15,fit_partition=target,covariate_encoder=summary,covariate_set=kinsa,input_mode=scheduled_final,input_normalization=b0,evaluation_seasons=recent_two",42,raw,flu_admissions_log,2025-2026,0.9493406606647872,target_neighbors_kinsa_joint_two_weeks
"pilot_method=joint,joint_weight=0.05,reporting_missingness=0,reporting_strength=0.5,ed_transform=logit,spatial=neighbors,epochs=120,patience=15,fit_partition=target,covariate_encoder=summary,covariate_set=kinsa,input_mode=scheduled_final,input_normalization=b0,evaluation_seasons=recent_two",42,raw,flu_admissions_log,equal_season_mean,0.9355691918364384,target_neighbors_kinsa_joint_two_weeks
"pilot_method=joint,joint_weight=0.05,reporting_missingness=0,reporting_strength=0.5,ed_transform=logit,spatial=neighbors,epochs=120,patience=15,fit_partition=target,covariate_encoder=summary,covariate_set=kinsa,input_mode=scheduled_final,input_normalization=b0,evaluation_seasons=recent_two",43,corrected,six_target_native,2024-2025,0.9646492989037506,target_neighbors_kinsa_joint_two_weeks
"pilot_method=joint,joint_weight=0.05,reporting_missingness=0,reporting_strength=0.5,ed_transform=logit,spatial=neighbors,epochs=120,patience=15,fit_partition=target,covariate_encoder=summary,covariate_set=kinsa,input_mode=scheduled_final,input_normalization=b0,evaluation_seasons=recent_two",43,corrected,six_target_native,2025-2026,1.0676165902233197,target_neighbors_kinsa_joint_two_weeks
"pilot_method=joint,joint_weight=0.05,reporting_missingness=0,reporting_strength=0.5,ed_transform=logit,spatial=neighbors,epochs=120,patience=15,fit_partition=target,covariate_encoder=summary,covariate_set=kinsa,input_mode=scheduled_final,input_normalization=b0,evaluation_seasons=recent_two",43,corrected,six_target_native,equal_season_mean,1.016132944563535,target_neighbors_kinsa_joint_two_weeks
"pilot_method=joint,joint_weight=0.05,reporting_missingness=0,reporting_strength=0.5,ed_transform=logit,spatial=neighbors,epochs=120,patience=15,fit_partition=target,covariate_encoder=summary,covariate_set=kinsa,input_mode=scheduled_final,input_normalization=b0,evaluation_seasons=recent_two",43,corrected,flu_admissions_native,2024-2025,0.7987546372750662,target_neighbors_kinsa_joint_two_weeks
"pilot_method=joint,joint_weight=0.05,reporting_missingness=0,reporting_strength=0.5,ed_transform=logit,spatial=neighbors,epochs=120,patience=15,fit_partition=target,covariate_encoder=summary,covariate_set=kinsa,input_mode=scheduled_final,input_normalization=b0,evaluation_seasons=recent_two",43,corrected,flu_admissions_native,2025-2026,1.1112616970598337,target_neighbors_kinsa_joint_two_weeks
"pilot_method=joint,joint_weight=0.05,reporting_missingness=0,reporting_strength=0.5,ed_transform=logit,spatial=neighbors,epochs=120,patience=15,fit_partition=target,covariate_encoder=summary,covariate_set=kinsa,input_mode=scheduled_final,input_normalization=b0,evaluation_seasons=recent_two",43,corrected,flu_admissions_native,equal_season_mean,0.95500816716745,target_neighbors_kinsa_joint_two_weeks
"pilot_method=joint,joint_weight=0.05,reporting_missingness=0,reporting_strength=0.5,ed_transform=logit,spatial=neighbors,epochs=120,patience=15,fit_partition=target,covariate_encoder=summary,covariate_set=kinsa,input_mode=scheduled_final,input_normalization=b0,evaluation_seasons=recent_two",43,corrected,flu_admissions_log,2024-2025,0.8010290083362929,target_neighbors_kinsa_joint_two_weeks
"pilot_method=joint,joint_weight=0.05,reporting_missingness=0,reporting_strength=0.5,ed_transform=logit,spatial=neighbors,epochs=120,patience=15,fit_partition=target,covariate_encoder=summary,covariate_set=kinsa,input_mode=scheduled_final,input_normalization=b0,evaluation_seasons=recent_two",43,corrected,flu_admissions_log,2025-2026,1.0225727248552696,target_neighbors_kinsa_joint_two_weeks
"pilot_method=joint,joint_weight=0.05,reporting_missingness=0,reporting_strength=0.5,ed_transform=logit,spatial=neighbors,epochs=120,patience=15,fit_partition=target,covariate_encoder=summary,covariate_set=kinsa,input_mode=scheduled_final,input_normalization=b0,evaluation_seasons=recent_two",43,corrected,flu_admissions_log,equal_season_mean,0.9118008665957812,target_neighbors_kinsa_joint_two_weeks
"pilot_method=joint,joint_weight=0.05,reporting_missingness=0,reporting_strength=0.5,ed_transform=logit,spatial=neighbors,epochs=120,patience=15,fit_partition=target,covariate_encoder=summary,covariate_set=kinsa,input_mode=scheduled_final,input_normalization=b0,evaluation_seasons=recent_two",43,half,six_target_native,2024-2025,0.9833004560131416,target_neighbors_kinsa_joint_two_weeks
"pilot_method=joint,joint_weight=0.05,reporting_missingness=0,reporting_strength=0.5,ed_transform=logit,spatial=neighbors,epochs=120,patience=15,fit_partition=target,covariate_encoder=summary,covariate_set=kinsa,input_mode=scheduled_final,input_normalization=b0,evaluation_seasons=recent_two",43,half,six_target_native,2025-2026,1.061567492291729,target_neighbors_kinsa_joint_two_weeks
"pilot_method=joint,joint_weight=0.05,reporting_missingness=0,reporting_strength=0.5,ed_transform=logit,spatial=neighbors,epochs=120,patience=15,fit_partition=target,covariate_encoder=summary,covariate_set=kinsa,input_mode=scheduled_final,input_normalization=b0,evaluation_seasons=recent_two",43,half,six_target_native,equal_season_mean,1.0224339741524353,target_neighbors_kinsa_joint_two_weeks
"pilot_method=joint,joint_weight=0.05,reporting_missingness=0,reporting_strength=0.5,ed_transform=logit,spatial=neighbors,epochs=120,patience=15,fit_partition=target,covariate_encoder=summary,covariate_set=kinsa,input_mode=scheduled_final,input_normalization=b0,evaluation_seasons=recent_two",43,half,flu_admissions_native,2024-2025,0.8031317282541232,target_neighbors_kinsa_joint_two_weeks
"pilot_method=joint,joint_weight=0.05,reporting_missingness=0,reporting_strength=0.5,ed_transform=logit,spatial=neighbors,epochs=120,patience=15,fit_partition=target,covariate_encoder=summary,covariate_set=kinsa,input_mode=scheduled_final,input_normalization=b0,evaluation_seasons=recent_two",43,half,flu_admissions_native,2025-2026,1.0836966457434736,target_neighbors_kinsa_joint_two_weeks
"pilot_method=joint,joint_weight=0.05,reporting_missingness=0,reporting_strength=0.5,ed_transform=logit,spatial=neighbors,epochs=120,patience=15,fit_partition=target,covariate_encoder=summary,covariate_set=kinsa,input_mode=scheduled_final,input_normalization=b0,evaluation_seasons=recent_two",43,half,flu_admissions_native,equal_season_mean,0.9434141869987984,target_neighbors_kinsa_joint_two_weeks
"pilot_method=joint,joint_weight=0.05,reporting_missingness=0,reporting_strength=0.5,ed_transform=logit,spatial=neighbors,epochs=120,patience=15,fit_partition=target,covariate_encoder=summary,covariate_set=kinsa,input_mode=scheduled_final,input_normalization=b0,evaluation_seasons=recent_two",43,half,flu_admissions_log,2024-2025,0.8078485807398614,target_neighbors_kinsa_joint_two_weeks
"pilot_method=joint,joint_weight=0.05,reporting_missingness=0,reporting_strength=0.5,ed_transform=logit,spatial=neighbors,epochs=120,patience=15,fit_partition=target,covariate_encoder=summary,covariate_set=kinsa,input_mode=scheduled_final,input_normalization=b0,evaluation_seasons=recent_two",43,half,flu_admissions_log,2025-2026,1.005938499604322,target_neighbors_kinsa_joint_two_weeks
"pilot_method=joint,joint_weight=0.05,reporting_missingness=0,reporting_strength=0.5,ed_transform=logit,spatial=neighbors,epochs=120,patience=15,fit_partition=target,covariate_encoder=summary,covariate_set=kinsa,input_mode=scheduled_final,input_normalization=b0,evaluation_seasons=recent_two",43,half,flu_admissions_log,equal_season_mean,0.9068935401720916,target_neighbors_kinsa_joint_two_weeks
"pilot_method=joint,joint_weight=0.05,reporting_missingness=0,reporting_strength=0.5,ed_transform=logit,spatial=neighbors,epochs=120,patience=15,fit_partition=target,covariate_encoder=summary,covariate_set=kinsa,input_mode=scheduled_final,input_normalization=b0,evaluation_seasons=recent_two",43,raw,six_target_native,2024-2025,1.00812595658776,target_neighbors_kinsa_joint_two_weeks
"pilot_method=joint,joint_weight=0.05,reporting_missingness=0,reporting_strength=0.5,ed_transform=logit,spatial=neighbors,epochs=120,patience=15,fit_partition=target,covariate_encoder=summary,covariate_set=kinsa,input_mode=scheduled_final,input_normalization=b0,evaluation_seasons=recent_two",43,raw,six_target_native,2025-2026,1.0602725800135333,target_neighbors_kinsa_joint_two_weeks
"pilot_method=joint,joint_weight=0.05,reporting_missingness=0,reporting_strength=0.5,ed_transform=logit,spatial=neighbors,epochs=120,patience=15,fit_partition=target,covariate_encoder=summary,covariate_set=kinsa,input_mode=scheduled_final,input_normalization=b0,evaluation_seasons=recent_two",43,raw,six_target_native,equal_season_mean,1.034199268300647,target_neighbors_kinsa_joint_two_weeks
"pilot_method=joint,joint_weight=0.05,reporting_missingness=0,reporting_strength=0.5,ed_transform=logit,spatial=neighbors,epochs=120,patience=15,fit_partition=target,covariate_encoder=summary,covariate_set=kinsa,input_mode=scheduled_final,input_normalization=b0,evaluation_seasons=recent_two",43,raw,flu_admissions_native,2024-2025,0.8120860677224905,target_neighbors_kinsa_joint_two_weeks
"pilot_method=joint,joint_weight=0.05,reporting_missingness=0,reporting_strength=0.5,ed_transform=logit,spatial=neighbors,epochs=120,patience=15,fit_partition=target,covariate_encoder=summary,covariate_set=kinsa,input_mode=scheduled_final,input_normalization=b0,evaluation_seasons=recent_two",43,raw,flu_admissions_native,2025-2026,1.0612768659286735,target_neighbors_kinsa_joint_two_weeks
"pilot_method=joint,joint_weight=0.05,reporting_missingness=0,reporting_strength=0.5,ed_transform=logit,spatial=neighbors,epochs=120,patience=15,fit_partition=target,covariate_encoder=summary,covariate_set=kinsa,input_mode=scheduled_final,input_normalization=b0,evaluation_seasons=recent_two",43,raw,flu_admissions_native,equal_season_mean,0.936681466825582,target_neighbors_kinsa_joint_two_weeks
"pilot_method=joint,joint_weight=0.05,reporting_missingness=0,reporting_strength=0.5,ed_transform=logit,spatial=neighbors,epochs=120,patience=15,fit_partition=target,covariate_encoder=summary,covariate_set=kinsa,input_mode=scheduled_final,input_normalization=b0,evaluation_seasons=recent_two",43,raw,flu_admissions_log,2024-2025,0.8217229453204196,target_neighbors_kinsa_joint_two_weeks
"pilot_method=joint,joint_weight=0.05,reporting_missingness=0,reporting_strength=0.5,ed_transform=logit,spatial=neighbors,epochs=120,patience=15,fit_partition=target,covariate_encoder=summary,covariate_set=kinsa,input_mode=scheduled_final,input_normalization=b0,evaluation_seasons=recent_two",43,raw,flu_admissions_log,2025-2026,1.0010875242038644,target_neighbors_kinsa_joint_two_weeks
"pilot_method=joint,joint_weight=0.05,reporting_missingness=0,reporting_strength=0.5,ed_transform=logit,spatial=neighbors,epochs=120,patience=15,fit_partition=target,covariate_encoder=summary,covariate_set=kinsa,input_mode=scheduled_final,input_normalization=b0,evaluation_seasons=recent_two",43,raw,flu_admissions_log,equal_season_mean,0.911405234762142,target_neighbors_kinsa_joint_two_weeks
"pilot_method=joint,joint_weight=0.05,reporting_missingness=0,reporting_strength=0.5,lookback=10,ed_transform=logit,width=32,epochs=120,patience=15,lr=0.0005,fit_partition=pathogen,covariate_encoder=summary,input_mode=scheduled_final,input_normalization=b0,evaluation_seasons=recent_two",42,corrected,six_target_native,2024-2025,0.9280084106689364,random_recipe_3
"pilot_method=joint,joint_weight=0.05,reporting_missingness=0,reporting_strength=0.5,lookback=10,ed_transform=logit,width=32,epochs=120,patience=15,lr=0.0005,fit_partition=pathogen,covariate_encoder=summary,input_mode=scheduled_final,input_normalization=b0,evaluation_seasons=recent_two",42,corrected,six_target_native,2025-2026,0.9355533960499238,random_recipe_3
"pilot_method=joint,joint_weight=0.05,reporting_missingness=0,reporting_strength=0.5,lookback=10,ed_transform=logit,width=32,epochs=120,patience=15,lr=0.0005,fit_partition=pathogen,covariate_encoder=summary,input_mode=scheduled_final,input_normalization=b0,evaluation_seasons=recent_two",42,corrected,six_target_native,equal_season_mean,0.93178090335943,random_recipe_3
"pilot_method=joint,joint_weight=0.05,reporting_missingness=0,reporting_strength=0.5,lookback=10,ed_transform=logit,width=32,epochs=120,patience=15,lr=0.0005,fit_partition=pathogen,covariate_encoder=summary,input_mode=scheduled_final,input_normalization=b0,evaluation_seasons=recent_two",42,corrected,flu_admissions_native,2024-2025,0.8112403487226689,random_recipe_3
"pilot_method=joint,joint_weight=0.05,reporting_missingness=0,reporting_strength=0.5,lookback=10,ed_transform=logit,width=32,epochs=120,patience=15,lr=0.0005,fit_partition=pathogen,covariate_encoder=summary,input_mode=scheduled_final,input_normalization=b0,evaluation_seasons=recent_two",42,corrected,flu_admissions_native,2025-2026,0.9896173707087306,random_recipe_3
"pilot_method=joint,joint_weight=0.05,reporting_missingness=0,reporting_strength=0.5,lookback=10,ed_transform=logit,width=32,epochs=120,patience=15,lr=0.0005,fit_partition=pathogen,covariate_encoder=summary,input_mode=scheduled_final,input_normalization=b0,evaluation_seasons=recent_two",42,corrected,flu_admissions_native,equal_season_mean,0.9004288597156997,random_recipe_3
"pilot_method=joint,joint_weight=0.05,reporting_missingness=0,reporting_strength=0.5,lookback=10,ed_transform=logit,width=32,epochs=120,patience=15,lr=0.0005,fit_partition=pathogen,covariate_encoder=summary,input_mode=scheduled_final,input_normalization=b0,evaluation_seasons=recent_two",42,corrected,flu_admissions_log,2024-2025,0.8250879757036197,random_recipe_3
"pilot_method=joint,joint_weight=0.05,reporting_missingness=0,reporting_strength=0.5,lookback=10,ed_transform=logit,width=32,epochs=120,patience=15,lr=0.0005,fit_partition=pathogen,covariate_encoder=summary,input_mode=scheduled_final,input_normalization=b0,evaluation_seasons=recent_two",42,corrected,flu_admissions_log,2025-2026,1.0147344546292285,random_recipe_3
"pilot_method=joint,joint_weight=0.05,reporting_missingness=0,reporting_strength=0.5,lookback=10,ed_transform=logit,width=32,epochs=120,patience=15,lr=0.0005,fit_partition=pathogen,covariate_encoder=summary,input_mode=scheduled_final,input_normalization=b0,evaluation_seasons=recent_two",42,corrected,flu_admissions_log,equal_season_mean,0.9199112151664242,random_recipe_3
"pilot_method=joint,joint_weight=0.05,reporting_missingness=0,reporting_strength=0.5,lookback=10,ed_transform=logit,width=32,epochs=120,patience=15,lr=0.0005,fit_partition=pathogen,covariate_encoder=summary,input_mode=scheduled_final,input_normalization=b0,evaluation_seasons=recent_two",42,half,six_target_native,2024-2025,0.9432578553039024,random_recipe_3
"pilot_method=joint,joint_weight=0.05,reporting_missingness=0,reporting_strength=0.5,lookback=10,ed_transform=logit,width=32,epochs=120,patience=15,lr=0.0005,fit_partition=pathogen,covariate_encoder=summary,input_mode=scheduled_final,input_normalization=b0,evaluation_seasons=recent_two",42,half,six_target_native,2025-2026,0.9351490887673836,random_recipe_3
"pilot_method=joint,joint_weight=0.05,reporting_missingness=0,reporting_strength=0.5,lookback=10,ed_transform=logit,width=32,epochs=120,patience=15,lr=0.0005,fit_partition=pathogen,covariate_encoder=summary,input_mode=scheduled_final,input_normalization=b0,evaluation_seasons=recent_two",42,half,six_target_native,equal_season_mean,0.9392034720356428,random_recipe_3
"pilot_method=joint,joint_weight=0.05,reporting_missingness=0,reporting_strength=0.5,lookback=10,ed_transform=logit,width=32,epochs=120,patience=15,lr=0.0005,fit_partition=pathogen,covariate_encoder=summary,input_mode=scheduled_final,input_normalization=b0,evaluation_seasons=recent_two",42,half,flu_admissions_native,2024-2025,0.82075287798826,random_recipe_3
"pilot_method=joint,joint_weight=0.05,reporting_missingness=0,reporting_strength=0.5,lookback=10,ed_transform=logit,width=32,epochs=120,patience=15,lr=0.0005,fit_partition=pathogen,covariate_encoder=summary,input_mode=scheduled_final,input_normalization=b0,evaluation_seasons=recent_two",42,half,flu_admissions_native,2025-2026,0.980954308436177,random_recipe_3
"pilot_method=joint,joint_weight=0.05,reporting_missingness=0,reporting_strength=0.5,lookback=10,ed_transform=logit,width=32,epochs=120,patience=15,lr=0.0005,fit_partition=pathogen,covariate_encoder=summary,input_mode=scheduled_final,input_normalization=b0,evaluation_seasons=recent_two",42,half,flu_admissions_native,equal_season_mean,0.9008535932122186,random_recipe_3
"pilot_method=joint,joint_weight=0.05,reporting_missingness=0,reporting_strength=0.5,lookback=10,ed_transform=logit,width=32,epochs=120,patience=15,lr=0.0005,fit_partition=pathogen,covariate_encoder=summary,input_mode=scheduled_final,input_normalization=b0,evaluation_seasons=recent_two",42,half,flu_admissions_log,2024-2025,0.8325103732212843,random_recipe_3
"pilot_method=joint,joint_weight=0.05,reporting_missingness=0,reporting_strength=0.5,lookback=10,ed_transform=logit,width=32,epochs=120,patience=15,lr=0.0005,fit_partition=pathogen,covariate_encoder=summary,input_mode=scheduled_final,input_normalization=b0,evaluation_seasons=recent_two",42,half,flu_admissions_log,2025-2026,1.018234353546683,random_recipe_3
"pilot_method=joint,joint_weight=0.05,reporting_missingness=0,reporting_strength=0.5,lookback=10,ed_transform=logit,width=32,epochs=120,patience=15,lr=0.0005,fit_partition=pathogen,covariate_encoder=summary,input_mode=scheduled_final,input_normalization=b0,evaluation_seasons=recent_two",42,half,flu_admissions_log,equal_season_mean,0.9253723633839834,random_recipe_3
"pilot_method=joint,joint_weight=0.05,reporting_missingness=0,reporting_strength=0.5,lookback=10,ed_transform=logit,width=32,epochs=120,patience=15,lr=0.0005,fit_partition=pathogen,covariate_encoder=summary,input_mode=scheduled_final,input_normalization=b0,evaluation_seasons=recent_two",42,raw,six_target_native,2024-2025,0.9628106482441416,random_recipe_3
"pilot_method=joint,joint_weight=0.05,reporting_missingness=0,reporting_strength=0.5,lookback=10,ed_transform=logit,width=32,epochs=120,patience=15,lr=0.0005,fit_partition=pathogen,covariate_encoder=summary,input_mode=scheduled_final,input_normalization=b0,evaluation_seasons=recent_two",42,raw,six_target_native,2025-2026,0.9392853354908572,random_recipe_3
"pilot_method=joint,joint_weight=0.05,reporting_missingness=0,reporting_strength=0.5,lookback=10,ed_transform=logit,width=32,epochs=120,patience=15,lr=0.0005,fit_partition=pathogen,covariate_encoder=summary,input_mode=scheduled_final,input_normalization=b0,evaluation_seasons=recent_two",42,raw,six_target_native,equal_season_mean,0.9510479918674992,random_recipe_3
"pilot_method=joint,joint_weight=0.05,reporting_missingness=0,reporting_strength=0.5,lookback=10,ed_transform=logit,width=32,epochs=120,patience=15,lr=0.0005,fit_partition=pathogen,covariate_encoder=summary,input_mode=scheduled_final,input_normalization=b0,evaluation_seasons=recent_two",42,raw,flu_admissions_native,2024-2025,0.8335966363417517,random_recipe_3
"pilot_method=joint,joint_weight=0.05,reporting_missingness=0,reporting_strength=0.5,lookback=10,ed_transform=logit,width=32,epochs=120,patience=15,lr=0.0005,fit_partition=pathogen,covariate_encoder=summary,input_mode=scheduled_final,input_normalization=b0,evaluation_seasons=recent_two",42,raw,flu_admissions_native,2025-2026,0.9766694482104544,random_recipe_3
"pilot_method=joint,joint_weight=0.05,reporting_missingness=0,reporting_strength=0.5,lookback=10,ed_transform=logit,width=32,epochs=120,patience=15,lr=0.0005,fit_partition=pathogen,covariate_encoder=summary,input_mode=scheduled_final,input_normalization=b0,evaluation_seasons=recent_two",42,raw,flu_admissions_native,equal_season_mean,0.905133042276103,random_recipe_3
"pilot_method=joint,joint_weight=0.05,reporting_missingness=0,reporting_strength=0.5,lookback=10,ed_transform=logit,width=32,epochs=120,patience=15,lr=0.0005,fit_partition=pathogen,covariate_encoder=summary,input_mode=scheduled_final,input_normalization=b0,evaluation_seasons=recent_two",42,raw,flu_admissions_log,2024-2025,0.8469703469781538,random_recipe_3
"pilot_method=joint,joint_weight=0.05,reporting_missingness=0,reporting_strength=0.5,lookback=10,ed_transform=logit,width=32,epochs=120,patience=15,lr=0.0005,fit_partition=pathogen,covariate_encoder=summary,input_mode=scheduled_final,input_normalization=b0,evaluation_seasons=recent_two",42,raw,flu_admissions_log,2025-2026,1.0315156378078083,random_recipe_3
"pilot_method=joint,joint_weight=0.05,reporting_missingness=0,reporting_strength=0.5,lookback=10,ed_transform=logit,width=32,epochs=120,patience=15,lr=0.0005,fit_partition=pathogen,covariate_encoder=summary,input_mode=scheduled_final,input_normalization=b0,evaluation_seasons=recent_two",42,raw,flu_admissions_log,equal_season_mean,0.939242992392981,random_recipe_3
"pilot_method=joint,joint_weight=0.05,reporting_missingness=0,reporting_strength=0.5,lookback=10,ed_transform=logit,width=32,epochs=120,patience=15,lr=0.0005,fit_partition=pathogen,covariate_encoder=summary,input_mode=scheduled_final,input_normalization=b0,evaluation_seasons=recent_two",43,corrected,six_target_native,2024-2025,0.9398732062054368,random_recipe_3
"pilot_method=joint,joint_weight=0.05,reporting_missingness=0,reporting_strength=0.5,lookback=10,ed_transform=logit,width=32,epochs=120,patience=15,lr=0.0005,fit_partition=pathogen,covariate_encoder=summary,input_mode=scheduled_final,input_normalization=b0,evaluation_seasons=recent_two",43,corrected,six_target_native,2025-2026,1.0030611466263255,random_recipe_3
"pilot_method=joint,joint_weight=0.05,reporting_missingness=0,reporting_strength=0.5,lookback=10,ed_transform=logit,width=32,epochs=120,patience=15,lr=0.0005,fit_partition=pathogen,covariate_encoder=summary,input_mode=scheduled_final,input_normalization=b0,evaluation_seasons=recent_two",43,corrected,six_target_native,equal_season_mean,0.9714671764158812,random_recipe_3
"pilot_method=joint,joint_weight=0.05,reporting_missingness=0,reporting_strength=0.5,lookback=10,ed_transform=logit,width=32,epochs=120,patience=15,lr=0.0005,fit_partition=pathogen,covariate_encoder=summary,input_mode=scheduled_final,input_normalization=b0,evaluation_seasons=recent_two",43,corrected,flu_admissions_native,2024-2025,0.7730440651137829,random_recipe_3
"pilot_method=joint,joint_weight=0.05,reporting_missingness=0,reporting_strength=0.5,lookback=10,ed_transform=logit,width=32,epochs=120,patience=15,lr=0.0005,fit_partition=pathogen,covariate_encoder=summary,input_mode=scheduled_final,input_normalization=b0,evaluation_seasons=recent_two",43,corrected,flu_admissions_native,2025-2026,0.9933096977365508,random_recipe_3
"pilot_method=joint,joint_weight=0.05,reporting_missingness=0,reporting_strength=0.5,lookback=10,ed_transform=logit,width=32,epochs=120,patience=15,lr=0.0005,fit_partition=pathogen,covariate_encoder=summary,input_mode=scheduled_final,input_normalization=b0,evaluation_seasons=recent_two",43,corrected,flu_admissions_native,equal_season_mean,0.8831768814251668,random_recipe_3
"pilot_method=joint,joint_weight=0.05,reporting_missingness=0,reporting_strength=0.5,lookback=10,ed_transform=logit,width=32,epochs=120,patience=15,lr=0.0005,fit_partition=pathogen,covariate_encoder=summary,input_mode=scheduled_final,input_normalization=b0,evaluation_seasons=recent_two",43,corrected,flu_admissions_log,2024-2025,0.8326342987287851,random_recipe_3
"pilot_method=joint,joint_weight=0.05,reporting_missingness=0,reporting_strength=0.5,lookback=10,ed_transform=logit,width=32,epochs=120,patience=15,lr=0.0005,fit_partition=pathogen,covariate_encoder=summary,input_mode=scheduled_final,input_normalization=b0,evaluation_seasons=recent_two",43,corrected,flu_admissions_log,2025-2026,1.0374443424058344,random_recipe_3
"pilot_method=joint,joint_weight=0.05,reporting_missingness=0,reporting_strength=0.5,lookback=10,ed_transform=logit,width=32,epochs=120,patience=15,lr=0.0005,fit_partition=pathogen,covariate_encoder=summary,input_mode=scheduled_final,input_normalization=b0,evaluation_seasons=recent_two",43,corrected,flu_admissions_log,equal_season_mean,0.9350393205673098,random_recipe_3
"pilot_method=joint,joint_weight=0.05,reporting_missingness=0,reporting_strength=0.5,lookback=10,ed_transform=logit,width=32,epochs=120,patience=15,lr=0.0005,fit_partition=pathogen,covariate_encoder=summary,input_mode=scheduled_final,input_normalization=b0,evaluation_seasons=recent_two",43,half,six_target_native,2024-2025,0.9612749311609472,random_recipe_3
"pilot_method=joint,joint_weight=0.05,reporting_missingness=0,reporting_strength=0.5,lookback=10,ed_transform=logit,width=32,epochs=120,patience=15,lr=0.0005,fit_partition=pathogen,covariate_encoder=summary,input_mode=scheduled_final,input_normalization=b0,evaluation_seasons=recent_two",43,half,six_target_native,2025-2026,0.9945384855030888,random_recipe_3
"pilot_method=joint,joint_weight=0.05,reporting_missingness=0,reporting_strength=0.5,lookback=10,ed_transform=logit,width=32,epochs=120,patience=15,lr=0.0005,fit_partition=pathogen,covariate_encoder=summary,input_mode=scheduled_final,input_normalization=b0,evaluation_seasons=recent_two",43,half,six_target_native,equal_season_mean,0.977906708332018,random_recipe_3
"pilot_method=joint,joint_weight=0.05,reporting_missingness=0,reporting_strength=0.5,lookback=10,ed_transform=logit,width=32,epochs=120,patience=15,lr=0.0005,fit_partition=pathogen,covariate_encoder=summary,input_mode=scheduled_final,input_normalization=b0,evaluation_seasons=recent_two",43,half,flu_admissions_native,2024-2025,0.786210244486053,random_recipe_3
"pilot_method=joint,joint_weight=0.05,reporting_missingness=0,reporting_strength=0.5,lookback=10,ed_transform=logit,width=32,epochs=120,patience=15,lr=0.0005,fit_partition=pathogen,covariate_encoder=summary,input_mode=scheduled_final,input_normalization=b0,evaluation_seasons=recent_two",43,half,flu_admissions_native,2025-2026,0.9831047009911204,random_recipe_3
"pilot_method=joint,joint_weight=0.05,reporting_missingness=0,reporting_strength=0.5,lookback=10,ed_transform=logit,width=32,epochs=120,patience=15,lr=0.0005,fit_partition=pathogen,covariate_encoder=summary,input_mode=scheduled_final,input_normalization=b0,evaluation_seasons=recent_two",43,half,flu_admissions_native,equal_season_mean,0.8846574727385867,random_recipe_3
"pilot_method=joint,joint_weight=0.05,reporting_missingness=0,reporting_strength=0.5,lookback=10,ed_transform=logit,width=32,epochs=120,patience=15,lr=0.0005,fit_partition=pathogen,covariate_encoder=summary,input_mode=scheduled_final,input_normalization=b0,evaluation_seasons=recent_two",43,half,flu_admissions_log,2024-2025,0.8544007656105977,random_recipe_3
"pilot_method=joint,joint_weight=0.05,reporting_missingness=0,reporting_strength=0.5,lookback=10,ed_transform=logit,width=32,epochs=120,patience=15,lr=0.0005,fit_partition=pathogen,covariate_encoder=summary,input_mode=scheduled_final,input_normalization=b0,evaluation_seasons=recent_two",43,half,flu_admissions_log,2025-2026,1.0418834106390853,random_recipe_3
"pilot_method=joint,joint_weight=0.05,reporting_missingness=0,reporting_strength=0.5,lookback=10,ed_transform=logit,width=32,epochs=120,patience=15,lr=0.0005,fit_partition=pathogen,covariate_encoder=summary,input_mode=scheduled_final,input_normalization=b0,evaluation_seasons=recent_two",43,half,flu_admissions_log,equal_season_mean,0.9481420881248416,random_recipe_3
"pilot_method=joint,joint_weight=0.05,reporting_missingness=0,reporting_strength=0.5,lookback=10,ed_transform=logit,width=32,epochs=120,patience=15,lr=0.0005,fit_partition=pathogen,covariate_encoder=summary,input_mode=scheduled_final,input_normalization=b0,evaluation_seasons=recent_two",43,raw,six_target_native,2024-2025,0.9876135784940534,random_recipe_3
"pilot_method=joint,joint_weight=0.05,reporting_missingness=0,reporting_strength=0.5,lookback=10,ed_transform=logit,width=32,epochs=120,patience=15,lr=0.0005,fit_partition=pathogen,covariate_encoder=summary,input_mode=scheduled_final,input_normalization=b0,evaluation_seasons=recent_two",43,raw,six_target_native,2025-2026,0.9913929160817956,random_recipe_3
"pilot_method=joint,joint_weight=0.05,reporting_missingness=0,reporting_strength=0.5,lookback=10,ed_transform=logit,width=32,epochs=120,patience=15,lr=0.0005,fit_partition=pathogen,covariate_encoder=summary,input_mode=scheduled_final,input_normalization=b0,evaluation_seasons=recent_two",43,raw,six_target_native,equal_season_mean,0.9895032472879244,random_recipe_3
"pilot_method=joint,joint_weight=0.05,reporting_missingness=0,reporting_strength=0.5,lookback=10,ed_transform=logit,width=32,epochs=120,patience=15,lr=0.0005,fit_partition=pathogen,covariate_encoder=summary,input_mode=scheduled_final,input_normalization=b0,evaluation_seasons=recent_two",43,raw,flu_admissions_native,2024-2025,0.802454509406782,random_recipe_3
"pilot_method=joint,joint_weight=0.05,reporting_missingness=0,reporting_strength=0.5,lookback=10,ed_transform=logit,width=32,epochs=120,patience=15,lr=0.0005,fit_partition=pathogen,covariate_encoder=summary,input_mode=scheduled_final,input_normalization=b0,evaluation_seasons=recent_two",43,raw,flu_admissions_native,2025-2026,0.9770739214689684,random_recipe_3
"pilot_method=joint,joint_weight=0.05,reporting_missingness=0,reporting_strength=0.5,lookback=10,ed_transform=logit,width=32,epochs=120,patience=15,lr=0.0005,fit_partition=pathogen,covariate_encoder=summary,input_mode=scheduled_final,input_normalization=b0,evaluation_seasons=recent_two",43,raw,flu_admissions_native,equal_season_mean,0.8897642154378753,random_recipe_3
"pilot_method=joint,joint_weight=0.05,reporting_missingness=0,reporting_strength=0.5,lookback=10,ed_transform=logit,width=32,epochs=120,patience=15,lr=0.0005,fit_partition=pathogen,covariate_encoder=summary,input_mode=scheduled_final,input_normalization=b0,evaluation_seasons=recent_two",43,raw,flu_admissions_log,2024-2025,0.8825959150569734,random_recipe_3
"pilot_method=joint,joint_weight=0.05,reporting_missingness=0,reporting_strength=0.5,lookback=10,ed_transform=logit,width=32,epochs=120,patience=15,lr=0.0005,fit_partition=pathogen,covariate_encoder=summary,input_mode=scheduled_final,input_normalization=b0,evaluation_seasons=recent_two",43,raw,flu_admissions_log,2025-2026,1.0553785486255662,random_recipe_3
"pilot_method=joint,joint_weight=0.05,reporting_missingness=0,reporting_strength=0.5,lookback=10,ed_transform=logit,width=32,epochs=120,patience=15,lr=0.0005,fit_partition=pathogen,covariate_encoder=summary,input_mode=scheduled_final,input_normalization=b0,evaluation_seasons=recent_two",43,raw,flu_admissions_log,equal_season_mean,0.9689872318412698,random_recipe_3
"pilot_method=joint,joint_weight=0.25,reporting_missingness=0,reporting_strength=0.5,nowcast_weeks=4,ed_transform=logit,spatial=distance,epochs=120,patience=15,fit_partition=pathogen,covariate_encoder=summary,input_mode=scheduled_final,input_normalization=b0,evaluation_seasons=recent_two",42,corrected,six_target_native,2024-2025,0.883819911153579,pathogen_distance_joint_four_weeks
"pilot_method=joint,joint_weight=0.25,reporting_missingness=0,reporting_strength=0.5,nowcast_weeks=4,ed_transform=logit,spatial=distance,epochs=120,patience=15,fit_partition=pathogen,covariate_encoder=summary,input_mode=scheduled_final,input_normalization=b0,evaluation_seasons=recent_two",42,corrected,six_target_native,2025-2026,1.0148560440390018,pathogen_distance_joint_four_weeks
"pilot_method=joint,joint_weight=0.25,reporting_missingness=0,reporting_strength=0.5,nowcast_weeks=4,ed_transform=logit,spatial=distance,epochs=120,patience=15,fit_partition=pathogen,covariate_encoder=summary,input_mode=scheduled_final,input_normalization=b0,evaluation_seasons=recent_two",42,corrected,six_target_native,equal_season_mean,0.9493379775962903,pathogen_distance_joint_four_weeks
"pilot_method=joint,joint_weight=0.25,reporting_missingness=0,reporting_strength=0.5,nowcast_weeks=4,ed_transform=logit,spatial=distance,epochs=120,patience=15,fit_partition=pathogen,covariate_encoder=summary,input_mode=scheduled_final,input_normalization=b0,evaluation_seasons=recent_two",42,corrected,flu_admissions_native,2024-2025,0.7810293947221661,pathogen_distance_joint_four_weeks
"pilot_method=joint,joint_weight=0.25,reporting_missingness=0,reporting_strength=0.5,nowcast_weeks=4,ed_transform=logit,spatial=distance,epochs=120,patience=15,fit_partition=pathogen,covariate_encoder=summary,input_mode=scheduled_final,input_normalization=b0,evaluation_seasons=recent_two",42,corrected,flu_admissions_native,2025-2026,1.0596367580718722,pathogen_distance_joint_four_weeks
"pilot_method=joint,joint_weight=0.25,reporting_missingness=0,reporting_strength=0.5,nowcast_weeks=4,ed_transform=logit,spatial=distance,epochs=120,patience=15,fit_partition=pathogen,covariate_encoder=summary,input_mode=scheduled_final,input_normalization=b0,evaluation_seasons=recent_two",42,corrected,flu_admissions_native,equal_season_mean,0.9203330763970192,pathogen_distance_joint_four_weeks
"pilot_method=joint,joint_weight=0.25,reporting_missingness=0,reporting_strength=0.5,nowcast_weeks=4,ed_transform=logit,spatial=distance,epochs=120,patience=15,fit_partition=pathogen,covariate_encoder=summary,input_mode=scheduled_final,input_normalization=b0,evaluation_seasons=recent_two",42,corrected,flu_admissions_log,2024-2025,0.8982991782673605,pathogen_distance_joint_four_weeks
"pilot_method=joint,joint_weight=0.25,reporting_missingness=0,reporting_strength=0.5,nowcast_weeks=4,ed_transform=logit,spatial=distance,epochs=120,patience=15,fit_partition=pathogen,covariate_encoder=summary,input_mode=scheduled_final,input_normalization=b0,evaluation_seasons=recent_two",42,corrected,flu_admissions_log,2025-2026,1.0867292740774042,pathogen_distance_joint_four_weeks
"pilot_method=joint,joint_weight=0.25,reporting_missingness=0,reporting_strength=0.5,nowcast_weeks=4,ed_transform=logit,spatial=distance,epochs=120,patience=15,fit_partition=pathogen,covariate_encoder=summary,input_mode=scheduled_final,input_normalization=b0,evaluation_seasons=recent_two",42,corrected,flu_admissions_log,equal_season_mean,0.9925142261723824,pathogen_distance_joint_four_weeks
"pilot_method=joint,joint_weight=0.25,reporting_missingness=0,reporting_strength=0.5,nowcast_weeks=4,ed_transform=logit,spatial=distance,epochs=120,patience=15,fit_partition=pathogen,covariate_encoder=summary,input_mode=scheduled_final,input_normalization=b0,evaluation_seasons=recent_two",42,half,six_target_native,2024-2025,0.9076034766407444,pathogen_distance_joint_four_weeks
"pilot_method=joint,joint_weight=0.25,reporting_missingness=0,reporting_strength=0.5,nowcast_weeks=4,ed_transform=logit,spatial=distance,epochs=120,patience=15,fit_partition=pathogen,covariate_encoder=summary,input_mode=scheduled_final,input_normalization=b0,evaluation_seasons=recent_two",42,half,six_target_native,2025-2026,1.0094240836001458,pathogen_distance_joint_four_weeks
"pilot_method=joint,joint_weight=0.25,reporting_missingness=0,reporting_strength=0.5,nowcast_weeks=4,ed_transform=logit,spatial=distance,epochs=120,patience=15,fit_partition=pathogen,covariate_encoder=summary,input_mode=scheduled_final,input_normalization=b0,evaluation_seasons=recent_two",42,half,six_target_native,equal_season_mean,0.9585137801204452,pathogen_distance_joint_four_weeks
"pilot_method=joint,joint_weight=0.25,reporting_missingness=0,reporting_strength=0.5,nowcast_weeks=4,ed_transform=logit,spatial=distance,epochs=120,patience=15,fit_partition=pathogen,covariate_encoder=summary,input_mode=scheduled_final,input_normalization=b0,evaluation_seasons=recent_two",42,half,flu_admissions_native,2024-2025,0.7914191788904468,pathogen_distance_joint_four_weeks
"pilot_method=joint,joint_weight=0.25,reporting_missingness=0,reporting_strength=0.5,nowcast_weeks=4,ed_transform=logit,spatial=distance,epochs=120,patience=15,fit_partition=pathogen,covariate_encoder=summary,input_mode=scheduled_final,input_normalization=b0,evaluation_seasons=recent_two",42,half,flu_admissions_native,2025-2026,1.0560812621648554,pathogen_distance_joint_four_weeks
"pilot_method=joint,joint_weight=0.25,reporting_missingness=0,reporting_strength=0.5,nowcast_weeks=4,ed_transform=logit,spatial=distance,epochs=120,patience=15,fit_partition=pathogen,covariate_encoder=summary,input_mode=scheduled_final,input_normalization=b0,evaluation_seasons=recent_two",42,half,flu_admissions_native,equal_season_mean,0.9237502205276512,pathogen_distance_joint_four_weeks
"pilot_method=joint,joint_weight=0.25,reporting_missingness=0,reporting_strength=0.5,nowcast_weeks=4,ed_transform=logit,spatial=distance,epochs=120,patience=15,fit_partition=pathogen,covariate_encoder=summary,input_mode=scheduled_final,input_normalization=b0,evaluation_seasons=recent_two",42,half,flu_admissions_log,2024-2025,0.9283624147789952,pathogen_distance_joint_four_weeks
"pilot_method=joint,joint_weight=0.25,reporting_missingness=0,reporting_strength=0.5,nowcast_weeks=4,ed_transform=logit,spatial=distance,epochs=120,patience=15,fit_partition=pathogen,covariate_encoder=summary,input_mode=scheduled_final,input_normalization=b0,evaluation_seasons=recent_two",42,half,flu_admissions_log,2025-2026,1.096547488604074,pathogen_distance_joint_four_weeks
"pilot_method=joint,joint_weight=0.25,reporting_missingness=0,reporting_strength=0.5,nowcast_weeks=4,ed_transform=logit,spatial=distance,epochs=120,patience=15,fit_partition=pathogen,covariate_encoder=summary,input_mode=scheduled_final,input_normalization=b0,evaluation_seasons=recent_two",42,half,flu_admissions_log,equal_season_mean,1.0124549516915349,pathogen_distance_joint_four_weeks
"pilot_method=joint,joint_weight=0.25,reporting_missingness=0,reporting_strength=0.5,nowcast_weeks=4,ed_transform=logit,spatial=distance,epochs=120,patience=15,fit_partition=pathogen,covariate_encoder=summary,input_mode=scheduled_final,input_normalization=b0,evaluation_seasons=recent_two",42,raw,six_target_native,2024-2025,0.938398021082764,pathogen_distance_joint_four_weeks
"pilot_method=joint,joint_weight=0.25,reporting_missingness=0,reporting_strength=0.5,nowcast_weeks=4,ed_transform=logit,spatial=distance,epochs=120,patience=15,fit_partition=pathogen,covariate_encoder=summary,input_mode=scheduled_final,input_normalization=b0,evaluation_seasons=recent_two",42,raw,six_target_native,2025-2026,1.009613145291307,pathogen_distance_joint_four_weeks
"pilot_method=joint,joint_weight=0.25,reporting_missingness=0,reporting_strength=0.5,nowcast_weeks=4,ed_transform=logit,spatial=distance,epochs=120,patience=15,fit_partition=pathogen,covariate_encoder=summary,input_mode=scheduled_final,input_normalization=b0,evaluation_seasons=recent_two",42,raw,six_target_native,equal_season_mean,0.9740055831870356,pathogen_distance_joint_four_weeks
"pilot_method=joint,joint_weight=0.25,reporting_missingness=0,reporting_strength=0.5,nowcast_weeks=4,ed_transform=logit,spatial=distance,epochs=120,patience=15,fit_partition=pathogen,covariate_encoder=summary,input_mode=scheduled_final,input_normalization=b0,evaluation_seasons=recent_two",42,raw,flu_admissions_native,2024-2025,0.8049672472930149,pathogen_distance_joint_four_weeks
"pilot_method=joint,joint_weight=0.25,reporting_missingness=0,reporting_strength=0.5,nowcast_weeks=4,ed_transform=logit,spatial=distance,epochs=120,patience=15,fit_partition=pathogen,covariate_encoder=summary,input_mode=scheduled_final,input_normalization=b0,evaluation_seasons=recent_two",42,raw,flu_admissions_native,2025-2026,1.0568515202814863,pathogen_distance_joint_four_weeks
"pilot_method=joint,joint_weight=0.25,reporting_missingness=0,reporting_strength=0.5,nowcast_weeks=4,ed_transform=logit,spatial=distance,epochs=120,patience=15,fit_partition=pathogen,covariate_encoder=summary,input_mode=scheduled_final,input_normalization=b0,evaluation_seasons=recent_two",42,raw,flu_admissions_native,equal_season_mean,0.9309093837872506,pathogen_distance_joint_four_weeks
"pilot_method=joint,joint_weight=0.25,reporting_missingness=0,reporting_strength=0.5,nowcast_weeks=4,ed_transform=logit,spatial=distance,epochs=120,patience=15,fit_partition=pathogen,covariate_encoder=summary,input_mode=scheduled_final,input_normalization=b0,evaluation_seasons=recent_two",42,raw,flu_admissions_log,2024-2025,0.9655472706568464,pathogen_distance_joint_four_weeks
"pilot_method=joint,joint_weight=0.25,reporting_missingness=0,reporting_strength=0.5,nowcast_weeks=4,ed_transform=logit,spatial=distance,epochs=120,patience=15,fit_partition=pathogen,covariate_encoder=summary,input_mode=scheduled_final,input_normalization=b0,evaluation_seasons=recent_two",42,raw,flu_admissions_log,2025-2026,1.1151509676191529,pathogen_distance_joint_four_weeks
"pilot_method=joint,joint_weight=0.25,reporting_missingness=0,reporting_strength=0.5,nowcast_weeks=4,ed_transform=logit,spatial=distance,epochs=120,patience=15,fit_partition=pathogen,covariate_encoder=summary,input_mode=scheduled_final,input_normalization=b0,evaluation_seasons=recent_two",42,raw,flu_admissions_log,equal_season_mean,1.0403491191379994,pathogen_distance_joint_four_weeks
"pilot_method=joint,joint_weight=0.25,reporting_missingness=0,reporting_strength=0.5,nowcast_weeks=4,ed_transform=logit,spatial=distance,epochs=120,patience=15,fit_partition=pathogen,covariate_encoder=summary,input_mode=scheduled_final,input_normalization=b0,evaluation_seasons=recent_two",43,corrected,six_target_native,2024-2025,0.9386976311859594,pathogen_distance_joint_four_weeks
"pilot_method=joint,joint_weight=0.25,reporting_missingness=0,reporting_strength=0.5,nowcast_weeks=4,ed_transform=logit,spatial=distance,epochs=120,patience=15,fit_partition=pathogen,covariate_encoder=summary,input_mode=scheduled_final,input_normalization=b0,evaluation_seasons=recent_two",43,corrected,six_target_native,2025-2026,1.0173825115468684,pathogen_distance_joint_four_weeks
"pilot_method=joint,joint_weight=0.25,reporting_missingness=0,reporting_strength=0.5,nowcast_weeks=4,ed_transform=logit,spatial=distance,epochs=120,patience=15,fit_partition=pathogen,covariate_encoder=summary,input_mode=scheduled_final,input_normalization=b0,evaluation_seasons=recent_two",43,corrected,six_target_native,equal_season_mean,0.978040071366414,pathogen_distance_joint_four_weeks
"pilot_method=joint,joint_weight=0.25,reporting_missingness=0,reporting_strength=0.5,nowcast_weeks=4,ed_transform=logit,spatial=distance,epochs=120,patience=15,fit_partition=pathogen,covariate_encoder=summary,input_mode=scheduled_final,input_normalization=b0,evaluation_seasons=recent_two",43,corrected,flu_admissions_native,2024-2025,0.7508797697799668,pathogen_distance_joint_four_weeks
"pilot_method=joint,joint_weight=0.25,reporting_missingness=0,reporting_strength=0.5,nowcast_weeks=4,ed_transform=logit,spatial=distance,epochs=120,patience=15,fit_partition=pathogen,covariate_encoder=summary,input_mode=scheduled_final,input_normalization=b0,evaluation_seasons=recent_two",43,corrected,flu_admissions_native,2025-2026,1.012899121802839,pathogen_distance_joint_four_weeks
"pilot_method=joint,joint_weight=0.25,reporting_missingness=0,reporting_strength=0.5,nowcast_weeks=4,ed_transform=logit,spatial=distance,epochs=120,patience=15,fit_partition=pathogen,covariate_encoder=summary,input_mode=scheduled_final,input_normalization=b0,evaluation_seasons=recent_two",43,corrected,flu_admissions_native,equal_season_mean,0.8818894457914028,pathogen_distance_joint_four_weeks
"pilot_method=joint,joint_weight=0.25,reporting_missingness=0,reporting_strength=0.5,nowcast_weeks=4,ed_transform=logit,spatial=distance,epochs=120,patience=15,fit_partition=pathogen,covariate_encoder=summary,input_mode=scheduled_final,input_normalization=b0,evaluation_seasons=recent_two",43,corrected,flu_admissions_log,2024-2025,0.7902694691190749,pathogen_distance_joint_four_weeks
"pilot_method=joint,joint_weight=0.25,reporting_missingness=0,reporting_strength=0.5,nowcast_weeks=4,ed_transform=logit,spatial=distance,epochs=120,patience=15,fit_partition=pathogen,covariate_encoder=summary,input_mode=scheduled_final,input_normalization=b0,evaluation_seasons=recent_two",43,corrected,flu_admissions_log,2025-2026,1.0012798835329269,pathogen_distance_joint_four_weeks
"pilot_method=joint,joint_weight=0.25,reporting_missingness=0,reporting_strength=0.5,nowcast_weeks=4,ed_transform=logit,spatial=distance,epochs=120,patience=15,fit_partition=pathogen,covariate_encoder=summary,input_mode=scheduled_final,input_normalization=b0,evaluation_seasons=recent_two",43,corrected,flu_admissions_log,equal_season_mean,0.8957746763260008,pathogen_distance_joint_four_weeks
"pilot_method=joint,joint_weight=0.25,reporting_missingness=0,reporting_strength=0.5,nowcast_weeks=4,ed_transform=logit,spatial=distance,epochs=120,patience=15,fit_partition=pathogen,covariate_encoder=summary,input_mode=scheduled_final,input_normalization=b0,evaluation_seasons=recent_two",43,half,six_target_native,2024-2025,0.9597063110980716,pathogen_distance_joint_four_weeks
"pilot_method=joint,joint_weight=0.25,reporting_missingness=0,reporting_strength=0.5,nowcast_weeks=4,ed_transform=logit,spatial=distance,epochs=120,patience=15,fit_partition=pathogen,covariate_encoder=summary,input_mode=scheduled_final,input_normalization=b0,evaluation_seasons=recent_two",43,half,six_target_native,2025-2026,1.0101849836641297,pathogen_distance_joint_four_weeks
"pilot_method=joint,joint_weight=0.25,reporting_missingness=0,reporting_strength=0.5,nowcast_weeks=4,ed_transform=logit,spatial=distance,epochs=120,patience=15,fit_partition=pathogen,covariate_encoder=summary,input_mode=scheduled_final,input_normalization=b0,evaluation_seasons=recent_two",43,half,six_target_native,equal_season_mean,0.9849456473811006,pathogen_distance_joint_four_weeks
"pilot_method=joint,joint_weight=0.25,reporting_missingness=0,reporting_strength=0.5,nowcast_weeks=4,ed_transform=logit,spatial=distance,epochs=120,patience=15,fit_partition=pathogen,covariate_encoder=summary,input_mode=scheduled_final,input_normalization=b0,evaluation_seasons=recent_two",43,half,flu_admissions_native,2024-2025,0.7597726944261993,pathogen_distance_joint_four_weeks
"pilot_method=joint,joint_weight=0.25,reporting_missingness=0,reporting_strength=0.5,nowcast_weeks=4,ed_transform=logit,spatial=distance,epochs=120,patience=15,fit_partition=pathogen,covariate_encoder=summary,input_mode=scheduled_final,input_normalization=b0,evaluation_seasons=recent_two",43,half,flu_admissions_native,2025-2026,0.9945750249499604,pathogen_distance_joint_four_weeks
"pilot_method=joint,joint_weight=0.25,reporting_missingness=0,reporting_strength=0.5,nowcast_weeks=4,ed_transform=logit,spatial=distance,epochs=120,patience=15,fit_partition=pathogen,covariate_encoder=summary,input_mode=scheduled_final,input_normalization=b0,evaluation_seasons=recent_two",43,half,flu_admissions_native,equal_season_mean,0.8771738596880798,pathogen_distance_joint_four_weeks
"pilot_method=joint,joint_weight=0.25,reporting_missingness=0,reporting_strength=0.5,nowcast_weeks=4,ed_transform=logit,spatial=distance,epochs=120,patience=15,fit_partition=pathogen,covariate_encoder=summary,input_mode=scheduled_final,input_normalization=b0,evaluation_seasons=recent_two",43,half,flu_admissions_log,2024-2025,0.8102112339462016,pathogen_distance_joint_four_weeks
"pilot_method=joint,joint_weight=0.25,reporting_missingness=0,reporting_strength=0.5,nowcast_weeks=4,ed_transform=logit,spatial=distance,epochs=120,patience=15,fit_partition=pathogen,covariate_encoder=summary,input_mode=scheduled_final,input_normalization=b0,evaluation_seasons=recent_two",43,half,flu_admissions_log,2025-2026,0.994525874659016,pathogen_distance_joint_four_weeks
"pilot_method=joint,joint_weight=0.25,reporting_missingness=0,reporting_strength=0.5,nowcast_weeks=4,ed_transform=logit,spatial=distance,epochs=120,patience=15,fit_partition=pathogen,covariate_encoder=summary,input_mode=scheduled_final,input_normalization=b0,evaluation_seasons=recent_two",43,half,flu_admissions_log,equal_season_mean,0.9023685543026088,pathogen_distance_joint_four_weeks
"pilot_method=joint,joint_weight=0.25,reporting_missingness=0,reporting_strength=0.5,nowcast_weeks=4,ed_transform=logit,spatial=distance,epochs=120,patience=15,fit_partition=pathogen,covariate_encoder=summary,input_mode=scheduled_final,input_normalization=b0,evaluation_seasons=recent_two",43,raw,six_target_native,2024-2025,0.9852335196039346,pathogen_distance_joint_four_weeks
"pilot_method=joint,joint_weight=0.25,reporting_missingness=0,reporting_strength=0.5,nowcast_weeks=4,ed_transform=logit,spatial=distance,epochs=120,patience=15,fit_partition=pathogen,covariate_encoder=summary,input_mode=scheduled_final,input_normalization=b0,evaluation_seasons=recent_two",43,raw,six_target_native,2025-2026,1.0086559314065546,pathogen_distance_joint_four_weeks
"pilot_method=joint,joint_weight=0.25,reporting_missingness=0,reporting_strength=0.5,nowcast_weeks=4,ed_transform=logit,spatial=distance,epochs=120,patience=15,fit_partition=pathogen,covariate_encoder=summary,input_mode=scheduled_final,input_normalization=b0,evaluation_seasons=recent_two",43,raw,six_target_native,equal_season_mean,0.9969447255052446,pathogen_distance_joint_four_weeks
"pilot_method=joint,joint_weight=0.25,reporting_missingness=0,reporting_strength=0.5,nowcast_weeks=4,ed_transform=logit,spatial=distance,epochs=120,patience=15,fit_partition=pathogen,covariate_encoder=summary,input_mode=scheduled_final,input_normalization=b0,evaluation_seasons=recent_two",43,raw,flu_admissions_native,2024-2025,0.7710381288845897,pathogen_distance_joint_four_weeks
"pilot_method=joint,joint_weight=0.25,reporting_missingness=0,reporting_strength=0.5,nowcast_weeks=4,ed_transform=logit,spatial=distance,epochs=120,patience=15,fit_partition=pathogen,covariate_encoder=summary,input_mode=scheduled_final,input_normalization=b0,evaluation_seasons=recent_two",43,raw,flu_admissions_native,2025-2026,0.9801305038738882,pathogen_distance_joint_four_weeks
"pilot_method=joint,joint_weight=0.25,reporting_missingness=0,reporting_strength=0.5,nowcast_weeks=4,ed_transform=logit,spatial=distance,epochs=120,patience=15,fit_partition=pathogen,covariate_encoder=summary,input_mode=scheduled_final,input_normalization=b0,evaluation_seasons=recent_two",43,raw,flu_admissions_native,equal_season_mean,0.875584316379239,pathogen_distance_joint_four_weeks
"pilot_method=joint,joint_weight=0.25,reporting_missingness=0,reporting_strength=0.5,nowcast_weeks=4,ed_transform=logit,spatial=distance,epochs=120,patience=15,fit_partition=pathogen,covariate_encoder=summary,input_mode=scheduled_final,input_normalization=b0,evaluation_seasons=recent_two",43,raw,flu_admissions_log,2024-2025,0.8350132889799587,pathogen_distance_joint_four_weeks
"pilot_method=joint,joint_weight=0.25,reporting_missingness=0,reporting_strength=0.5,nowcast_weeks=4,ed_transform=logit,spatial=distance,epochs=120,patience=15,fit_partition=pathogen,covariate_encoder=summary,input_mode=scheduled_final,input_normalization=b0,evaluation_seasons=recent_two",43,raw,flu_admissions_log,2025-2026,0.9971057053102867,pathogen_distance_joint_four_weeks
"pilot_method=joint,joint_weight=0.25,reporting_missingness=0,reporting_strength=0.5,nowcast_weeks=4,ed_transform=logit,spatial=distance,epochs=120,patience=15,fit_partition=pathogen,covariate_encoder=summary,input_mode=scheduled_final,input_normalization=b0,evaluation_seasons=recent_two",43,raw,flu_admissions_log,equal_season_mean,0.9160594971451228,pathogen_distance_joint_four_weeks
"pilot_method=joint,joint_weight=0.25,reporting_missingness=0,reporting_strength=0.5,nowcast_weeks=4,ed_transform=logit,spatial=neighbors,epochs=120,patience=15,fit_partition=target,covariate_encoder=summary,covariate_set=kinsa,input_mode=scheduled_final,input_normalization=b0,evaluation_seasons=recent_two",42,corrected,six_target_native,2024-2025,0.8580119692626658,target_neighbors_kinsa_joint_four_weeks
"pilot_method=joint,joint_weight=0.25,reporting_missingness=0,reporting_strength=0.5,nowcast_weeks=4,ed_transform=logit,spatial=neighbors,epochs=120,patience=15,fit_partition=target,covariate_encoder=summary,covariate_set=kinsa,input_mode=scheduled_final,input_normalization=b0,evaluation_seasons=recent_two",42,corrected,six_target_native,2025-2026,0.9796948044904588,target_neighbors_kinsa_joint_four_weeks
"pilot_method=joint,joint_weight=0.25,reporting_missingness=0,reporting_strength=0.5,nowcast_weeks=4,ed_transform=logit,spatial=neighbors,epochs=120,patience=15,fit_partition=target,covariate_encoder=summary,covariate_set=kinsa,input_mode=scheduled_final,input_normalization=b0,evaluation_seasons=recent_two",42,corrected,six_target_native,equal_season_mean,0.9188533868765624,target_neighbors_kinsa_joint_four_weeks
"pilot_method=joint,joint_weight=0.25,reporting_missingness=0,reporting_strength=0.5,nowcast_weeks=4,ed_transform=logit,spatial=neighbors,epochs=120,patience=15,fit_partition=target,covariate_encoder=summary,covariate_set=kinsa,input_mode=scheduled_final,input_normalization=b0,evaluation_seasons=recent_two",42,corrected,flu_admissions_native,2024-2025,0.8263507153465031,target_neighbors_kinsa_joint_four_weeks
"pilot_method=joint,joint_weight=0.25,reporting_missingness=0,reporting_strength=0.5,nowcast_weeks=4,ed_transform=logit,spatial=neighbors,epochs=120,patience=15,fit_partition=target,covariate_encoder=summary,covariate_set=kinsa,input_mode=scheduled_final,input_normalization=b0,evaluation_seasons=recent_two",42,corrected,flu_admissions_native,2025-2026,0.9347864553923956,target_neighbors_kinsa_joint_four_weeks
"pilot_method=joint,joint_weight=0.25,reporting_missingness=0,reporting_strength=0.5,nowcast_weeks=4,ed_transform=logit,spatial=neighbors,epochs=120,patience=15,fit_partition=target,covariate_encoder=summary,covariate_set=kinsa,input_mode=scheduled_final,input_normalization=b0,evaluation_seasons=recent_two",42,corrected,flu_admissions_native,equal_season_mean,0.8805685853694493,target_neighbors_kinsa_joint_four_weeks
"pilot_method=joint,joint_weight=0.25,reporting_missingness=0,reporting_strength=0.5,nowcast_weeks=4,ed_transform=logit,spatial=neighbors,epochs=120,patience=15,fit_partition=target,covariate_encoder=summary,covariate_set=kinsa,input_mode=scheduled_final,input_normalization=b0,evaluation_seasons=recent_two",42,corrected,flu_admissions_log,2024-2025,0.8133069586505458,target_neighbors_kinsa_joint_four_weeks
"pilot_method=joint,joint_weight=0.25,reporting_missingness=0,reporting_strength=0.5,nowcast_weeks=4,ed_transform=logit,spatial=neighbors,epochs=120,patience=15,fit_partition=target,covariate_encoder=summary,covariate_set=kinsa,input_mode=scheduled_final,input_normalization=b0,evaluation_seasons=recent_two",42,corrected,flu_admissions_log,2025-2026,0.942778893098877,target_neighbors_kinsa_joint_four_weeks
"pilot_method=joint,joint_weight=0.25,reporting_missingness=0,reporting_strength=0.5,nowcast_weeks=4,ed_transform=logit,spatial=neighbors,epochs=120,patience=15,fit_partition=target,covariate_encoder=summary,covariate_set=kinsa,input_mode=scheduled_final,input_normalization=b0,evaluation_seasons=recent_two",42,corrected,flu_admissions_log,equal_season_mean,0.8780429258747113,target_neighbors_kinsa_joint_four_weeks
"pilot_method=joint,joint_weight=0.25,reporting_missingness=0,reporting_strength=0.5,nowcast_weeks=4,ed_transform=logit,spatial=neighbors,epochs=120,patience=15,fit_partition=target,covariate_encoder=summary,covariate_set=kinsa,input_mode=scheduled_final,input_normalization=b0,evaluation_seasons=recent_two",42,half,six_target_native,2024-2025,0.868355211267541,target_neighbors_kinsa_joint_four_weeks
"pilot_method=joint,joint_weight=0.25,reporting_missingness=0,reporting_strength=0.5,nowcast_weeks=4,ed_transform=logit,spatial=neighbors,epochs=120,patience=15,fit_partition=target,covariate_encoder=summary,covariate_set=kinsa,input_mode=scheduled_final,input_normalization=b0,evaluation_seasons=recent_two",42,half,six_target_native,2025-2026,0.9776858118664524,target_neighbors_kinsa_joint_four_weeks
"pilot_method=joint,joint_weight=0.25,reporting_missingness=0,reporting_strength=0.5,nowcast_weeks=4,ed_transform=logit,spatial=neighbors,epochs=120,patience=15,fit_partition=target,covariate_encoder=summary,covariate_set=kinsa,input_mode=scheduled_final,input_normalization=b0,evaluation_seasons=recent_two",42,half,six_target_native,equal_season_mean,0.9230205115669968,target_neighbors_kinsa_joint_four_weeks
"pilot_method=joint,joint_weight=0.25,reporting_missingness=0,reporting_strength=0.5,nowcast_weeks=4,ed_transform=logit,spatial=neighbors,epochs=120,patience=15,fit_partition=target,covariate_encoder=summary,covariate_set=kinsa,input_mode=scheduled_final,input_normalization=b0,evaluation_seasons=recent_two",42,half,flu_admissions_native,2024-2025,0.8292633718948105,target_neighbors_kinsa_joint_four_weeks
"pilot_method=joint,joint_weight=0.25,reporting_missingness=0,reporting_strength=0.5,nowcast_weeks=4,ed_transform=logit,spatial=neighbors,epochs=120,patience=15,fit_partition=target,covariate_encoder=summary,covariate_set=kinsa,input_mode=scheduled_final,input_normalization=b0,evaluation_seasons=recent_two",42,half,flu_admissions_native,2025-2026,0.9272946207341454,target_neighbors_kinsa_joint_four_weeks
"pilot_method=joint,joint_weight=0.25,reporting_missingness=0,reporting_strength=0.5,nowcast_weeks=4,ed_transform=logit,spatial=neighbors,epochs=120,patience=15,fit_partition=target,covariate_encoder=summary,covariate_set=kinsa,input_mode=scheduled_final,input_normalization=b0,evaluation_seasons=recent_two",42,half,flu_admissions_native,equal_season_mean,0.8782789963144779,target_neighbors_kinsa_joint_four_weeks
"pilot_method=joint,joint_weight=0.25,reporting_missingness=0,reporting_strength=0.5,nowcast_weeks=4,ed_transform=logit,spatial=neighbors,epochs=120,patience=15,fit_partition=target,covariate_encoder=summary,covariate_set=kinsa,input_mode=scheduled_final,input_normalization=b0,evaluation_seasons=recent_two",42,half,flu_admissions_log,2024-2025,0.8162665999566254,target_neighbors_kinsa_joint_four_weeks
"pilot_method=joint,joint_weight=0.25,reporting_missingness=0,reporting_strength=0.5,nowcast_weeks=4,ed_transform=logit,spatial=neighbors,epochs=120,patience=15,fit_partition=target,covariate_encoder=summary,covariate_set=kinsa,input_mode=scheduled_final,input_normalization=b0,evaluation_seasons=recent_two",42,half,flu_admissions_log,2025-2026,0.9521498636630848,target_neighbors_kinsa_joint_four_weeks
"pilot_method=joint,joint_weight=0.25,reporting_missingness=0,reporting_strength=0.5,nowcast_weeks=4,ed_transform=logit,spatial=neighbors,epochs=120,patience=15,fit_partition=target,covariate_encoder=summary,covariate_set=kinsa,input_mode=scheduled_final,input_normalization=b0,evaluation_seasons=recent_two",42,half,flu_admissions_log,equal_season_mean,0.8842082318098552,target_neighbors_kinsa_joint_four_weeks
"pilot_method=joint,joint_weight=0.25,reporting_missingness=0,reporting_strength=0.5,nowcast_weeks=4,ed_transform=logit,spatial=neighbors,epochs=120,patience=15,fit_partition=target,covariate_encoder=summary,covariate_set=kinsa,input_mode=scheduled_final,input_normalization=b0,evaluation_seasons=recent_two",42,raw,six_target_native,2024-2025,0.8841200814547483,target_neighbors_kinsa_joint_four_weeks
"pilot_method=joint,joint_weight=0.25,reporting_missingness=0,reporting_strength=0.5,nowcast_weeks=4,ed_transform=logit,spatial=neighbors,epochs=120,patience=15,fit_partition=target,covariate_encoder=summary,covariate_set=kinsa,input_mode=scheduled_final,input_normalization=b0,evaluation_seasons=recent_two",42,raw,six_target_native,2025-2026,0.9819136347796088,target_neighbors_kinsa_joint_four_weeks
"pilot_method=joint,joint_weight=0.25,reporting_missingness=0,reporting_strength=0.5,nowcast_weeks=4,ed_transform=logit,spatial=neighbors,epochs=120,patience=15,fit_partition=target,covariate_encoder=summary,covariate_set=kinsa,input_mode=scheduled_final,input_normalization=b0,evaluation_seasons=recent_two",42,raw,six_target_native,equal_season_mean,0.9330168581171784,target_neighbors_kinsa_joint_four_weeks
"pilot_method=joint,joint_weight=0.25,reporting_missingness=0,reporting_strength=0.5,nowcast_weeks=4,ed_transform=logit,spatial=neighbors,epochs=120,patience=15,fit_partition=target,covariate_encoder=summary,covariate_set=kinsa,input_mode=scheduled_final,input_normalization=b0,evaluation_seasons=recent_two",42,raw,flu_admissions_native,2024-2025,0.8351202218313566,target_neighbors_kinsa_joint_four_weeks
"pilot_method=joint,joint_weight=0.25,reporting_missingness=0,reporting_strength=0.5,nowcast_weeks=4,ed_transform=logit,spatial=neighbors,epochs=120,patience=15,fit_partition=target,covariate_encoder=summary,covariate_set=kinsa,input_mode=scheduled_final,input_normalization=b0,evaluation_seasons=recent_two",42,raw,flu_admissions_native,2025-2026,0.9248569264914586,target_neighbors_kinsa_joint_four_weeks
"pilot_method=joint,joint_weight=0.25,reporting_missingness=0,reporting_strength=0.5,nowcast_weeks=4,ed_transform=logit,spatial=neighbors,epochs=120,patience=15,fit_partition=target,covariate_encoder=summary,covariate_set=kinsa,input_mode=scheduled_final,input_normalization=b0,evaluation_seasons=recent_two",42,raw,flu_admissions_native,equal_season_mean,0.8799885741614075,target_neighbors_kinsa_joint_four_weeks
"pilot_method=joint,joint_weight=0.25,reporting_missingness=0,reporting_strength=0.5,nowcast_weeks=4,ed_transform=logit,spatial=neighbors,epochs=120,patience=15,fit_partition=target,covariate_encoder=summary,covariate_set=kinsa,input_mode=scheduled_final,input_normalization=b0,evaluation_seasons=recent_two",42,raw,flu_admissions_log,2024-2025,0.8259029346308212,target_neighbors_kinsa_joint_four_weeks
"pilot_method=joint,joint_weight=0.25,reporting_missingness=0,reporting_strength=0.5,nowcast_weeks=4,ed_transform=logit,spatial=neighbors,epochs=120,patience=15,fit_partition=target,covariate_encoder=summary,covariate_set=kinsa,input_mode=scheduled_final,input_normalization=b0,evaluation_seasons=recent_two",42,raw,flu_admissions_log,2025-2026,0.9722812081215634,target_neighbors_kinsa_joint_four_weeks
"pilot_method=joint,joint_weight=0.25,reporting_missingness=0,reporting_strength=0.5,nowcast_weeks=4,ed_transform=logit,spatial=neighbors,epochs=120,patience=15,fit_partition=target,covariate_encoder=summary,covariate_set=kinsa,input_mode=scheduled_final,input_normalization=b0,evaluation_seasons=recent_two",42,raw,flu_admissions_log,equal_season_mean,0.8990920713761923,target_neighbors_kinsa_joint_four_weeks
"pilot_method=joint,joint_weight=0.25,reporting_missingness=0,reporting_strength=0.5,nowcast_weeks=4,ed_transform=logit,spatial=neighbors,epochs=120,patience=15,fit_partition=target,covariate_encoder=summary,covariate_set=kinsa,input_mode=scheduled_final,input_normalization=b0,evaluation_seasons=recent_two",43,corrected,six_target_native,2024-2025,0.8975174138090263,target_neighbors_kinsa_joint_four_weeks
"pilot_method=joint,joint_weight=0.25,reporting_missingness=0,reporting_strength=0.5,nowcast_weeks=4,ed_transform=logit,spatial=neighbors,epochs=120,patience=15,fit_partition=target,covariate_encoder=summary,covariate_set=kinsa,input_mode=scheduled_final,input_normalization=b0,evaluation_seasons=recent_two",43,corrected,six_target_native,2025-2026,1.0477394322657567,target_neighbors_kinsa_joint_four_weeks
"pilot_method=joint,joint_weight=0.25,reporting_missingness=0,reporting_strength=0.5,nowcast_weeks=4,ed_transform=logit,spatial=neighbors,epochs=120,patience=15,fit_partition=target,covariate_encoder=summary,covariate_set=kinsa,input_mode=scheduled_final,input_normalization=b0,evaluation_seasons=recent_two",43,corrected,six_target_native,equal_season_mean,0.9726284230373916,target_neighbors_kinsa_joint_four_weeks
"pilot_method=joint,joint_weight=0.25,reporting_missingness=0,reporting_strength=0.5,nowcast_weeks=4,ed_transform=logit,spatial=neighbors,epochs=120,patience=15,fit_partition=target,covariate_encoder=summary,covariate_set=kinsa,input_mode=scheduled_final,input_normalization=b0,evaluation_seasons=recent_two",43,corrected,flu_admissions_native,2024-2025,0.7536173307715204,target_neighbors_kinsa_joint_four_weeks
"pilot_method=joint,joint_weight=0.25,reporting_missingness=0,reporting_strength=0.5,nowcast_weeks=4,ed_transform=logit,spatial=neighbors,epochs=120,patience=15,fit_partition=target,covariate_encoder=summary,covariate_set=kinsa,input_mode=scheduled_final,input_normalization=b0,evaluation_seasons=recent_two",43,corrected,flu_admissions_native,2025-2026,1.281028772683463,target_neighbors_kinsa_joint_four_weeks
"pilot_method=joint,joint_weight=0.25,reporting_missingness=0,reporting_strength=0.5,nowcast_weeks=4,ed_transform=logit,spatial=neighbors,epochs=120,patience=15,fit_partition=target,covariate_encoder=summary,covariate_set=kinsa,input_mode=scheduled_final,input_normalization=b0,evaluation_seasons=recent_two",43,corrected,flu_admissions_native,equal_season_mean,1.0173230517274918,target_neighbors_kinsa_joint_four_weeks
"pilot_method=joint,joint_weight=0.25,reporting_missingness=0,reporting_strength=0.5,nowcast_weeks=4,ed_transform=logit,spatial=neighbors,epochs=120,patience=15,fit_partition=target,covariate_encoder=summary,covariate_set=kinsa,input_mode=scheduled_final,input_normalization=b0,evaluation_seasons=recent_two",43,corrected,flu_admissions_log,2024-2025,0.7605092446020069,target_neighbors_kinsa_joint_four_weeks
"pilot_method=joint,joint_weight=0.25,reporting_missingness=0,reporting_strength=0.5,nowcast_weeks=4,ed_transform=logit,spatial=neighbors,epochs=120,patience=15,fit_partition=target,covariate_encoder=summary,covariate_set=kinsa,input_mode=scheduled_final,input_normalization=b0,evaluation_seasons=recent_two",43,corrected,flu_admissions_log,2025-2026,1.209184375538349,target_neighbors_kinsa_joint_four_weeks
"pilot_method=joint,joint_weight=0.25,reporting_missingness=0,reporting_strength=0.5,nowcast_weeks=4,ed_transform=logit,spatial=neighbors,epochs=120,patience=15,fit_partition=target,covariate_encoder=summary,covariate_set=kinsa,input_mode=scheduled_final,input_normalization=b0,evaluation_seasons=recent_two",43,corrected,flu_admissions_log,equal_season_mean,0.9848468100701776,target_neighbors_kinsa_joint_four_weeks
"pilot_method=joint,joint_weight=0.25,reporting_missingness=0,reporting_strength=0.5,nowcast_weeks=4,ed_transform=logit,spatial=neighbors,epochs=120,patience=15,fit_partition=target,covariate_encoder=summary,covariate_set=kinsa,input_mode=scheduled_final,input_normalization=b0,evaluation_seasons=recent_two",43,half,six_target_native,2024-2025,0.9170556784558488,target_neighbors_kinsa_joint_four_weeks
"pilot_method=joint,joint_weight=0.25,reporting_missingness=0,reporting_strength=0.5,nowcast_weeks=4,ed_transform=logit,spatial=neighbors,epochs=120,patience=15,fit_partition=target,covariate_encoder=summary,covariate_set=kinsa,input_mode=scheduled_final,input_normalization=b0,evaluation_seasons=recent_two",43,half,six_target_native,2025-2026,1.038750569080936,target_neighbors_kinsa_joint_four_weeks
"pilot_method=joint,joint_weight=0.25,reporting_missingness=0,reporting_strength=0.5,nowcast_weeks=4,ed_transform=logit,spatial=neighbors,epochs=120,patience=15,fit_partition=target,covariate_encoder=summary,covariate_set=kinsa,input_mode=scheduled_final,input_normalization=b0,evaluation_seasons=recent_two",43,half,six_target_native,equal_season_mean,0.9779031237683924,target_neighbors_kinsa_joint_four_weeks
"pilot_method=joint,joint_weight=0.25,reporting_missingness=0,reporting_strength=0.5,nowcast_weeks=4,ed_transform=logit,spatial=neighbors,epochs=120,patience=15,fit_partition=target,covariate_encoder=summary,covariate_set=kinsa,input_mode=scheduled_final,input_normalization=b0,evaluation_seasons=recent_two",43,half,flu_admissions_native,2024-2025,0.7534534021082095,target_neighbors_kinsa_joint_four_weeks
"pilot_method=joint,joint_weight=0.25,reporting_missingness=0,reporting_strength=0.5,nowcast_weeks=4,ed_transform=logit,spatial=neighbors,epochs=120,patience=15,fit_partition=target,covariate_encoder=summary,covariate_set=kinsa,input_mode=scheduled_final,input_normalization=b0,evaluation_seasons=recent_two",43,half,flu_admissions_native,2025-2026,1.244791307053111,target_neighbors_kinsa_joint_four_weeks
"pilot_method=joint,joint_weight=0.25,reporting_missingness=0,reporting_strength=0.5,nowcast_weeks=4,ed_transform=logit,spatial=neighbors,epochs=120,patience=15,fit_partition=target,covariate_encoder=summary,covariate_set=kinsa,input_mode=scheduled_final,input_normalization=b0,evaluation_seasons=recent_two",43,half,flu_admissions_native,equal_season_mean,0.9991223545806602,target_neighbors_kinsa_joint_four_weeks
"pilot_method=joint,joint_weight=0.25,reporting_missingness=0,reporting_strength=0.5,nowcast_weeks=4,ed_transform=logit,spatial=neighbors,epochs=120,patience=15,fit_partition=target,covariate_encoder=summary,covariate_set=kinsa,input_mode=scheduled_final,input_normalization=b0,evaluation_seasons=recent_two",43,half,flu_admissions_log,2024-2025,0.7625838639050451,target_neighbors_kinsa_joint_four_weeks
"pilot_method=joint,joint_weight=0.25,reporting_missingness=0,reporting_strength=0.5,nowcast_weeks=4,ed_transform=logit,spatial=neighbors,epochs=120,patience=15,fit_partition=target,covariate_encoder=summary,covariate_set=kinsa,input_mode=scheduled_final,input_normalization=b0,evaluation_seasons=recent_two",43,half,flu_admissions_log,2025-2026,1.1813437769733497,target_neighbors_kinsa_joint_four_weeks
"pilot_method=joint,joint_weight=0.25,reporting_missingness=0,reporting_strength=0.5,nowcast_weeks=4,ed_transform=logit,spatial=neighbors,epochs=120,patience=15,fit_partition=target,covariate_encoder=summary,covariate_set=kinsa,input_mode=scheduled_final,input_normalization=b0,evaluation_seasons=recent_two",43,half,flu_admissions_log,equal_season_mean,0.9719638204391974,target_neighbors_kinsa_joint_four_weeks
"pilot_method=joint,joint_weight=0.25,reporting_missingness=0,reporting_strength=0.5,nowcast_weeks=4,ed_transform=logit,spatial=neighbors,epochs=120,patience=15,fit_partition=target,covariate_encoder=summary,covariate_set=kinsa,input_mode=scheduled_final,input_normalization=b0,evaluation_seasons=recent_two",43,raw,six_target_native,2024-2025,0.943511861995286,target_neighbors_kinsa_joint_four_weeks
"pilot_method=joint,joint_weight=0.25,reporting_missingness=0,reporting_strength=0.5,nowcast_weeks=4,ed_transform=logit,spatial=neighbors,epochs=120,patience=15,fit_partition=target,covariate_encoder=summary,covariate_set=kinsa,input_mode=scheduled_final,input_normalization=b0,evaluation_seasons=recent_two",43,raw,six_target_native,2025-2026,1.0354759651683674,target_neighbors_kinsa_joint_four_weeks
"pilot_method=joint,joint_weight=0.25,reporting_missingness=0,reporting_strength=0.5,nowcast_weeks=4,ed_transform=logit,spatial=neighbors,epochs=120,patience=15,fit_partition=target,covariate_encoder=summary,covariate_set=kinsa,input_mode=scheduled_final,input_normalization=b0,evaluation_seasons=recent_two",43,raw,six_target_native,equal_season_mean,0.9894939135818268,target_neighbors_kinsa_joint_four_weeks
"pilot_method=joint,joint_weight=0.25,reporting_missingness=0,reporting_strength=0.5,nowcast_weeks=4,ed_transform=logit,spatial=neighbors,epochs=120,patience=15,fit_partition=target,covariate_encoder=summary,covariate_set=kinsa,input_mode=scheduled_final,input_normalization=b0,evaluation_seasons=recent_two",43,raw,flu_admissions_native,2024-2025,0.7576051959382584,target_neighbors_kinsa_joint_four_weeks
"pilot_method=joint,joint_weight=0.25,reporting_missingness=0,reporting_strength=0.5,nowcast_weeks=4,ed_transform=logit,spatial=neighbors,epochs=120,patience=15,fit_partition=target,covariate_encoder=summary,covariate_set=kinsa,input_mode=scheduled_final,input_normalization=b0,evaluation_seasons=recent_two",43,raw,flu_admissions_native,2025-2026,1.2146862221405286,target_neighbors_kinsa_joint_four_weeks
"pilot_method=joint,joint_weight=0.25,reporting_missingness=0,reporting_strength=0.5,nowcast_weeks=4,ed_transform=logit,spatial=neighbors,epochs=120,patience=15,fit_partition=target,covariate_encoder=summary,covariate_set=kinsa,input_mode=scheduled_final,input_normalization=b0,evaluation_seasons=recent_two",43,raw,flu_admissions_native,equal_season_mean,0.9861457090393936,target_neighbors_kinsa_joint_four_weeks
"pilot_method=joint,joint_weight=0.25,reporting_missingness=0,reporting_strength=0.5,nowcast_weeks=4,ed_transform=logit,spatial=neighbors,epochs=120,patience=15,fit_partition=target,covariate_encoder=summary,covariate_set=kinsa,input_mode=scheduled_final,input_normalization=b0,evaluation_seasons=recent_two",43,raw,flu_admissions_log,2024-2025,0.7710855276644288,target_neighbors_kinsa_joint_four_weeks
"pilot_method=joint,joint_weight=0.25,reporting_missingness=0,reporting_strength=0.5,nowcast_weeks=4,ed_transform=logit,spatial=neighbors,epochs=120,patience=15,fit_partition=target,covariate_encoder=summary,covariate_set=kinsa,input_mode=scheduled_final,input_normalization=b0,evaluation_seasons=recent_two",43,raw,flu_admissions_log,2025-2026,1.1656267925224706,target_neighbors_kinsa_joint_four_weeks
"pilot_method=joint,joint_weight=0.25,reporting_missingness=0,reporting_strength=0.5,nowcast_weeks=4,ed_transform=logit,spatial=neighbors,epochs=120,patience=15,fit_partition=target,covariate_encoder=summary,covariate_set=kinsa,input_mode=scheduled_final,input_normalization=b0,evaluation_seasons=recent_two",43,raw,flu_admissions_log,equal_season_mean,0.9683561600934496,target_neighbors_kinsa_joint_four_weeks
"pilot_method=reported,joint_weight=0.05,reporting_missingness=0,reporting_strength=0.5,lookback=8,ed_transform=logit,spatial=distance,epochs=120,patience=15,lr=0.0005,fit_partition=pathogen,covariate_encoder=summary,input_mode=scheduled_final,input_normalization=b0,evaluation_seasons=recent_two",42,corrected,six_target_native,2024-2025,0.973001657307756,random_recipe_1
"pilot_method=reported,joint_weight=0.05,reporting_missingness=0,reporting_strength=0.5,lookback=8,ed_transform=logit,spatial=distance,epochs=120,patience=15,lr=0.0005,fit_partition=pathogen,covariate_encoder=summary,input_mode=scheduled_final,input_normalization=b0,evaluation_seasons=recent_two",42,corrected,six_target_native,2025-2026,1.0175747330466578,random_recipe_1
"pilot_method=reported,joint_weight=0.05,reporting_missingness=0,reporting_strength=0.5,lookback=8,ed_transform=logit,spatial=distance,epochs=120,patience=15,lr=0.0005,fit_partition=pathogen,covariate_encoder=summary,input_mode=scheduled_final,input_normalization=b0,evaluation_seasons=recent_two",42,corrected,six_target_native,equal_season_mean,0.9952881951772068,random_recipe_1
"pilot_method=reported,joint_weight=0.05,reporting_missingness=0,reporting_strength=0.5,lookback=8,ed_transform=logit,spatial=distance,epochs=120,patience=15,lr=0.0005,fit_partition=pathogen,covariate_encoder=summary,input_mode=scheduled_final,input_normalization=b0,evaluation_seasons=recent_two",42,corrected,flu_admissions_native,2024-2025,0.797610259929851,random_recipe_1
"pilot_method=reported,joint_weight=0.05,reporting_missingness=0,reporting_strength=0.5,lookback=8,ed_transform=logit,spatial=distance,epochs=120,patience=15,lr=0.0005,fit_partition=pathogen,covariate_encoder=summary,input_mode=scheduled_final,input_normalization=b0,evaluation_seasons=recent_two",42,corrected,flu_admissions_native,2025-2026,0.9239732440940585,random_recipe_1
"pilot_method=reported,joint_weight=0.05,reporting_missingness=0,reporting_strength=0.5,lookback=8,ed_transform=logit,spatial=distance,epochs=120,patience=15,lr=0.0005,fit_partition=pathogen,covariate_encoder=summary,input_mode=scheduled_final,input_normalization=b0,evaluation_seasons=recent_two",42,corrected,flu_admissions_native,equal_season_mean,0.8607917520119548,random_recipe_1
"pilot_method=reported,joint_weight=0.05,reporting_missingness=0,reporting_strength=0.5,lookback=8,ed_transform=logit,spatial=distance,epochs=120,patience=15,lr=0.0005,fit_partition=pathogen,covariate_encoder=summary,input_mode=scheduled_final,input_normalization=b0,evaluation_seasons=recent_two",42,corrected,flu_admissions_log,2024-2025,0.808603270058193,random_recipe_1
"pilot_method=reported,joint_weight=0.05,reporting_missingness=0,reporting_strength=0.5,lookback=8,ed_transform=logit,spatial=distance,epochs=120,patience=15,lr=0.0005,fit_partition=pathogen,covariate_encoder=summary,input_mode=scheduled_final,input_normalization=b0,evaluation_seasons=recent_two",42,corrected,flu_admissions_log,2025-2026,1.0270059691333977,random_recipe_1
"pilot_method=reported,joint_weight=0.05,reporting_missingness=0,reporting_strength=0.5,lookback=8,ed_transform=logit,spatial=distance,epochs=120,patience=15,lr=0.0005,fit_partition=pathogen,covariate_encoder=summary,input_mode=scheduled_final,input_normalization=b0,evaluation_seasons=recent_two",42,corrected,flu_admissions_log,equal_season_mean,0.9178046195957952,random_recipe_1
"pilot_method=reported,joint_weight=0.05,reporting_missingness=0,reporting_strength=0.5,lookback=8,ed_transform=logit,spatial=distance,epochs=120,patience=15,lr=0.0005,fit_partition=pathogen,covariate_encoder=summary,input_mode=scheduled_final,input_normalization=b0,evaluation_seasons=recent_two",42,half,six_target_native,2024-2025,0.9942494805265748,random_recipe_1
"pilot_method=reported,joint_weight=0.05,reporting_missingness=0,reporting_strength=0.5,lookback=8,ed_transform=logit,spatial=distance,epochs=120,patience=15,lr=0.0005,fit_partition=pathogen,covariate_encoder=summary,input_mode=scheduled_final,input_normalization=b0,evaluation_seasons=recent_two",42,half,six_target_native,2025-2026,1.0096796668637729,random_recipe_1
"pilot_method=reported,joint_weight=0.05,reporting_missingness=0,reporting_strength=0.5,lookback=8,ed_transform=logit,spatial=distance,epochs=120,patience=15,lr=0.0005,fit_partition=pathogen,covariate_encoder=summary,input_mode=scheduled_final,input_normalization=b0,evaluation_seasons=recent_two",42,half,six_target_native,equal_season_mean,1.0019645736951737,random_recipe_1
"pilot_method=reported,joint_weight=0.05,reporting_missingness=0,reporting_strength=0.5,lookback=8,ed_transform=logit,spatial=distance,epochs=120,patience=15,lr=0.0005,fit_partition=pathogen,covariate_encoder=summary,input_mode=scheduled_final,input_normalization=b0,evaluation_seasons=recent_two",42,half,flu_admissions_native,2024-2025,0.8052214787526626,random_recipe_1
"pilot_method=reported,joint_weight=0.05,reporting_missingness=0,reporting_strength=0.5,lookback=8,ed_transform=logit,spatial=distance,epochs=120,patience=15,lr=0.0005,fit_partition=pathogen,covariate_encoder=summary,input_mode=scheduled_final,input_normalization=b0,evaluation_seasons=recent_two",42,half,flu_admissions_native,2025-2026,0.9170974060160724,random_recipe_1
"pilot_method=reported,joint_weight=0.05,reporting_missingness=0,reporting_strength=0.5,lookback=8,ed_transform=logit,spatial=distance,epochs=120,patience=15,lr=0.0005,fit_partition=pathogen,covariate_encoder=summary,input_mode=scheduled_final,input_normalization=b0,evaluation_seasons=recent_two",42,half,flu_admissions_native,equal_season_mean,0.8611594423843675,random_recipe_1
"pilot_method=reported,joint_weight=0.05,reporting_missingness=0,reporting_strength=0.5,lookback=8,ed_transform=logit,spatial=distance,epochs=120,patience=15,lr=0.0005,fit_partition=pathogen,covariate_encoder=summary,input_mode=scheduled_final,input_normalization=b0,evaluation_seasons=recent_two",42,half,flu_admissions_log,2024-2025,0.8226635228162994,random_recipe_1
"pilot_method=reported,joint_weight=0.05,reporting_missingness=0,reporting_strength=0.5,lookback=8,ed_transform=logit,spatial=distance,epochs=120,patience=15,lr=0.0005,fit_partition=pathogen,covariate_encoder=summary,input_mode=scheduled_final,input_normalization=b0,evaluation_seasons=recent_two",42,half,flu_admissions_log,2025-2026,1.026646062204658,random_recipe_1
"pilot_method=reported,joint_weight=0.05,reporting_missingness=0,reporting_strength=0.5,lookback=8,ed_transform=logit,spatial=distance,epochs=120,patience=15,lr=0.0005,fit_partition=pathogen,covariate_encoder=summary,input_mode=scheduled_final,input_normalization=b0,evaluation_seasons=recent_two",42,half,flu_admissions_log,equal_season_mean,0.9246547925104788,random_recipe_1
"pilot_method=reported,joint_weight=0.05,reporting_missingness=0,reporting_strength=0.5,lookback=8,ed_transform=logit,spatial=distance,epochs=120,patience=15,lr=0.0005,fit_partition=pathogen,covariate_encoder=summary,input_mode=scheduled_final,input_normalization=b0,evaluation_seasons=recent_two",42,raw,six_target_native,2024-2025,1.0187097298450765,random_recipe_1
"pilot_method=reported,joint_weight=0.05,reporting_missingness=0,reporting_strength=0.5,lookback=8,ed_transform=logit,spatial=distance,epochs=120,patience=15,lr=0.0005,fit_partition=pathogen,covariate_encoder=summary,input_mode=scheduled_final,input_normalization=b0,evaluation_seasons=recent_two",42,raw,six_target_native,2025-2026,1.006517855754948,random_recipe_1
"pilot_method=reported,joint_weight=0.05,reporting_missingness=0,reporting_strength=0.5,lookback=8,ed_transform=logit,spatial=distance,epochs=120,patience=15,lr=0.0005,fit_partition=pathogen,covariate_encoder=summary,input_mode=scheduled_final,input_normalization=b0,evaluation_seasons=recent_two",42,raw,six_target_native,equal_season_mean,1.0126137928000123,random_recipe_1
"pilot_method=reported,joint_weight=0.05,reporting_missingness=0,reporting_strength=0.5,lookback=8,ed_transform=logit,spatial=distance,epochs=120,patience=15,lr=0.0005,fit_partition=pathogen,covariate_encoder=summary,input_mode=scheduled_final,input_normalization=b0,evaluation_seasons=recent_two",42,raw,flu_admissions_native,2024-2025,0.8155491954313595,random_recipe_1
"pilot_method=reported,joint_weight=0.05,reporting_missingness=0,reporting_strength=0.5,lookback=8,ed_transform=logit,spatial=distance,epochs=120,patience=15,lr=0.0005,fit_partition=pathogen,covariate_encoder=summary,input_mode=scheduled_final,input_normalization=b0,evaluation_seasons=recent_two",42,raw,flu_admissions_native,2025-2026,0.9143637647558884,random_recipe_1
"pilot_method=reported,joint_weight=0.05,reporting_missingness=0,reporting_strength=0.5,lookback=8,ed_transform=logit,spatial=distance,epochs=120,patience=15,lr=0.0005,fit_partition=pathogen,covariate_encoder=summary,input_mode=scheduled_final,input_normalization=b0,evaluation_seasons=recent_two",42,raw,flu_admissions_native,equal_season_mean,0.8649564800936239,random_recipe_1
"pilot_method=reported,joint_weight=0.05,reporting_missingness=0,reporting_strength=0.5,lookback=8,ed_transform=logit,spatial=distance,epochs=120,patience=15,lr=0.0005,fit_partition=pathogen,covariate_encoder=summary,input_mode=scheduled_final,input_normalization=b0,evaluation_seasons=recent_two",42,raw,flu_admissions_log,2024-2025,0.8421325636152829,random_recipe_1
"pilot_method=reported,joint_weight=0.05,reporting_missingness=0,reporting_strength=0.5,lookback=8,ed_transform=logit,spatial=distance,epochs=120,patience=15,lr=0.0005,fit_partition=pathogen,covariate_encoder=summary,input_mode=scheduled_final,input_normalization=b0,evaluation_seasons=recent_two",42,raw,flu_admissions_log,2025-2026,1.0343138085615444,random_recipe_1
"pilot_method=reported,joint_weight=0.05,reporting_missingness=0,reporting_strength=0.5,lookback=8,ed_transform=logit,spatial=distance,epochs=120,patience=15,lr=0.0005,fit_partition=pathogen,covariate_encoder=summary,input_mode=scheduled_final,input_normalization=b0,evaluation_seasons=recent_two",42,raw,flu_admissions_log,equal_season_mean,0.9382231860884136,random_recipe_1
"pilot_method=reported,joint_weight=0.05,reporting_missingness=0,reporting_strength=0.5,lookback=8,ed_transform=logit,spatial=distance,epochs=120,patience=15,lr=0.0005,fit_partition=pathogen,covariate_encoder=summary,input_mode=scheduled_final,input_normalization=b0,evaluation_seasons=recent_two",43,corrected,six_target_native,2024-2025,0.9854403439573836,random_recipe_1
"pilot_method=reported,joint_weight=0.05,reporting_missingness=0,reporting_strength=0.5,lookback=8,ed_transform=logit,spatial=distance,epochs=120,patience=15,lr=0.0005,fit_partition=pathogen,covariate_encoder=summary,input_mode=scheduled_final,input_normalization=b0,evaluation_seasons=recent_two",43,corrected,six_target_native,2025-2026,0.9285658207619116,random_recipe_1
"pilot_method=reported,joint_weight=0.05,reporting_missingness=0,reporting_strength=0.5,lookback=8,ed_transform=logit,spatial=distance,epochs=120,patience=15,lr=0.0005,fit_partition=pathogen,covariate_encoder=summary,input_mode=scheduled_final,input_normalization=b0,evaluation_seasons=recent_two",43,corrected,six_target_native,equal_season_mean,0.9570030823596476,random_recipe_1
"pilot_method=reported,joint_weight=0.05,reporting_missingness=0,reporting_strength=0.5,lookback=8,ed_transform=logit,spatial=distance,epochs=120,patience=15,lr=0.0005,fit_partition=pathogen,covariate_encoder=summary,input_mode=scheduled_final,input_normalization=b0,evaluation_seasons=recent_two",43,corrected,flu_admissions_native,2024-2025,0.8075094511929979,random_recipe_1
"pilot_method=reported,joint_weight=0.05,reporting_missingness=0,reporting_strength=0.5,lookback=8,ed_transform=logit,spatial=distance,epochs=120,patience=15,lr=0.0005,fit_partition=pathogen,covariate_encoder=summary,input_mode=scheduled_final,input_normalization=b0,evaluation_seasons=recent_two",43,corrected,flu_admissions_native,2025-2026,0.8662186712431317,random_recipe_1
"pilot_method=reported,joint_weight=0.05,reporting_missingness=0,reporting_strength=0.5,lookback=8,ed_transform=logit,spatial=distance,epochs=120,patience=15,lr=0.0005,fit_partition=pathogen,covariate_encoder=summary,input_mode=scheduled_final,input_normalization=b0,evaluation_seasons=recent_two",43,corrected,flu_admissions_native,equal_season_mean,0.8368640612180648,random_recipe_1
"pilot_method=reported,joint_weight=0.05,reporting_missingness=0,reporting_strength=0.5,lookback=8,ed_transform=logit,spatial=distance,epochs=120,patience=15,lr=0.0005,fit_partition=pathogen,covariate_encoder=summary,input_mode=scheduled_final,input_normalization=b0,evaluation_seasons=recent_two",43,corrected,flu_admissions_log,2024-2025,0.8318702013766748,random_recipe_1
"pilot_method=reported,joint_weight=0.05,reporting_missingness=0,reporting_strength=0.5,lookback=8,ed_transform=logit,spatial=distance,epochs=120,patience=15,lr=0.0005,fit_partition=pathogen,covariate_encoder=summary,input_mode=scheduled_final,input_normalization=b0,evaluation_seasons=recent_two",43,corrected,flu_admissions_log,2025-2026,0.9817072949750494,random_recipe_1
"pilot_method=reported,joint_weight=0.05,reporting_missingness=0,reporting_strength=0.5,lookback=8,ed_transform=logit,spatial=distance,epochs=120,patience=15,lr=0.0005,fit_partition=pathogen,covariate_encoder=summary,input_mode=scheduled_final,input_normalization=b0,evaluation_seasons=recent_two",43,corrected,flu_admissions_log,equal_season_mean,0.906788748175862,random_recipe_1
"pilot_method=reported,joint_weight=0.05,reporting_missingness=0,reporting_strength=0.5,lookback=8,ed_transform=logit,spatial=distance,epochs=120,patience=15,lr=0.0005,fit_partition=pathogen,covariate_encoder=summary,input_mode=scheduled_final,input_normalization=b0,evaluation_seasons=recent_two",43,half,six_target_native,2024-2025,1.0122816004736843,random_recipe_1
"pilot_method=reported,joint_weight=0.05,reporting_missingness=0,reporting_strength=0.5,lookback=8,ed_transform=logit,spatial=distance,epochs=120,patience=15,lr=0.0005,fit_partition=pathogen,covariate_encoder=summary,input_mode=scheduled_final,input_normalization=b0,evaluation_seasons=recent_two",43,half,six_target_native,2025-2026,0.916361369110644,random_recipe_1
"pilot_method=reported,joint_weight=0.05,reporting_missingness=0,reporting_strength=0.5,lookback=8,ed_transform=logit,spatial=distance,epochs=120,patience=15,lr=0.0005,fit_partition=pathogen,covariate_encoder=summary,input_mode=scheduled_final,input_normalization=b0,evaluation_seasons=recent_two",43,half,six_target_native,equal_season_mean,0.9643214847921642,random_recipe_1
"pilot_method=reported,joint_weight=0.05,reporting_missingness=0,reporting_strength=0.5,lookback=8,ed_transform=logit,spatial=distance,epochs=120,patience=15,lr=0.0005,fit_partition=pathogen,covariate_encoder=summary,input_mode=scheduled_final,input_normalization=b0,evaluation_seasons=recent_two",43,half,flu_admissions_native,2024-2025,0.8235238254630642,random_recipe_1
"pilot_method=reported,joint_weight=0.05,reporting_missingness=0,reporting_strength=0.5,lookback=8,ed_transform=logit,spatial=distance,epochs=120,patience=15,lr=0.0005,fit_partition=pathogen,covariate_encoder=summary,input_mode=scheduled_final,input_normalization=b0,evaluation_seasons=recent_two",43,half,flu_admissions_native,2025-2026,0.8530620355580435,random_recipe_1
"pilot_method=reported,joint_weight=0.05,reporting_missingness=0,reporting_strength=0.5,lookback=8,ed_transform=logit,spatial=distance,epochs=120,patience=15,lr=0.0005,fit_partition=pathogen,covariate_encoder=summary,input_mode=scheduled_final,input_normalization=b0,evaluation_seasons=recent_two",43,half,flu_admissions_native,equal_season_mean,0.8382929305105539,random_recipe_1
"pilot_method=reported,joint_weight=0.05,reporting_missingness=0,reporting_strength=0.5,lookback=8,ed_transform=logit,spatial=distance,epochs=120,patience=15,lr=0.0005,fit_partition=pathogen,covariate_encoder=summary,input_mode=scheduled_final,input_normalization=b0,evaluation_seasons=recent_two",43,half,flu_admissions_log,2024-2025,0.8533906558659419,random_recipe_1
"pilot_method=reported,joint_weight=0.05,reporting_missingness=0,reporting_strength=0.5,lookback=8,ed_transform=logit,spatial=distance,epochs=120,patience=15,lr=0.0005,fit_partition=pathogen,covariate_encoder=summary,input_mode=scheduled_final,input_normalization=b0,evaluation_seasons=recent_two",43,half,flu_admissions_log,2025-2026,0.9851373663679848,random_recipe_1
"pilot_method=reported,joint_weight=0.05,reporting_missingness=0,reporting_strength=0.5,lookback=8,ed_transform=logit,spatial=distance,epochs=120,patience=15,lr=0.0005,fit_partition=pathogen,covariate_encoder=summary,input_mode=scheduled_final,input_normalization=b0,evaluation_seasons=recent_two",43,half,flu_admissions_log,equal_season_mean,0.9192640111169634,random_recipe_1
"pilot_method=reported,joint_weight=0.05,reporting_missingness=0,reporting_strength=0.5,lookback=8,ed_transform=logit,spatial=distance,epochs=120,patience=15,lr=0.0005,fit_partition=pathogen,covariate_encoder=summary,input_mode=scheduled_final,input_normalization=b0,evaluation_seasons=recent_two",43,raw,six_target_native,2024-2025,1.043311949382966,random_recipe_1
"pilot_method=reported,joint_weight=0.05,reporting_missingness=0,reporting_strength=0.5,lookback=8,ed_transform=logit,spatial=distance,epochs=120,patience=15,lr=0.0005,fit_partition=pathogen,covariate_encoder=summary,input_mode=scheduled_final,input_normalization=b0,evaluation_seasons=recent_two",43,raw,six_target_native,2025-2026,0.9086136872317312,random_recipe_1
"pilot_method=reported,joint_weight=0.05,reporting_missingness=0,reporting_strength=0.5,lookback=8,ed_transform=logit,spatial=distance,epochs=120,patience=15,lr=0.0005,fit_partition=pathogen,covariate_encoder=summary,input_mode=scheduled_final,input_normalization=b0,evaluation_seasons=recent_two",43,raw,six_target_native,equal_season_mean,0.9759628183073484,random_recipe_1
"pilot_method=reported,joint_weight=0.05,reporting_missingness=0,reporting_strength=0.5,lookback=8,ed_transform=logit,spatial=distance,epochs=120,patience=15,lr=0.0005,fit_partition=pathogen,covariate_encoder=summary,input_mode=scheduled_final,input_normalization=b0,evaluation_seasons=recent_two",43,raw,flu_admissions_native,2024-2025,0.8412589700224182,random_recipe_1
"pilot_method=reported,joint_weight=0.05,reporting_missingness=0,reporting_strength=0.5,lookback=8,ed_transform=logit,spatial=distance,epochs=120,patience=15,lr=0.0005,fit_partition=pathogen,covariate_encoder=summary,input_mode=scheduled_final,input_normalization=b0,evaluation_seasons=recent_two",43,raw,flu_admissions_native,2025-2026,0.8426783026607296,random_recipe_1
"pilot_method=reported,joint_weight=0.05,reporting_missingness=0,reporting_strength=0.5,lookback=8,ed_transform=logit,spatial=distance,epochs=120,patience=15,lr=0.0005,fit_partition=pathogen,covariate_encoder=summary,input_mode=scheduled_final,input_normalization=b0,evaluation_seasons=recent_two",43,raw,flu_admissions_native,equal_season_mean,0.8419686363415739,random_recipe_1
"pilot_method=reported,joint_weight=0.05,reporting_missingness=0,reporting_strength=0.5,lookback=8,ed_transform=logit,spatial=distance,epochs=120,patience=15,lr=0.0005,fit_partition=pathogen,covariate_encoder=summary,input_mode=scheduled_final,input_normalization=b0,evaluation_seasons=recent_two",43,raw,flu_admissions_log,2024-2025,0.8788567560632355,random_recipe_1
"pilot_method=reported,joint_weight=0.05,reporting_missingness=0,reporting_strength=0.5,lookback=8,ed_transform=logit,spatial=distance,epochs=120,patience=15,lr=0.0005,fit_partition=pathogen,covariate_encoder=summary,input_mode=scheduled_final,input_normalization=b0,evaluation_seasons=recent_two",43,raw,flu_admissions_log,2025-2026,0.9955336133492556,random_recipe_1
"pilot_method=reported,joint_weight=0.05,reporting_missingness=0,reporting_strength=0.5,lookback=8,ed_transform=logit,spatial=distance,epochs=120,patience=15,lr=0.0005,fit_partition=pathogen,covariate_encoder=summary,input_mode=scheduled_final,input_normalization=b0,evaluation_seasons=recent_two",43,raw,flu_admissions_log,equal_season_mean,0.9371951847062456,random_recipe_1
"pilot_method=reported,reporting_missingness=0,reporting_strength=0.5,ed_transform=logit,encoder=series_mixer,width=32,epochs=120,patience=15,covariate_encoder=summary,input_mode=scheduled_final,input_normalization=b0,evaluation_seasons=recent_two",42,corrected,six_target_native,2024-2025,1.2054730642431977,series_mixer_reported
"pilot_method=reported,reporting_missingness=0,reporting_strength=0.5,ed_transform=logit,encoder=series_mixer,width=32,epochs=120,patience=15,covariate_encoder=summary,input_mode=scheduled_final,input_normalization=b0,evaluation_seasons=recent_two",42,corrected,six_target_native,2025-2026,1.0788418908852988,series_mixer_reported
"pilot_method=reported,reporting_missingness=0,reporting_strength=0.5,ed_transform=logit,encoder=series_mixer,width=32,epochs=120,patience=15,covariate_encoder=summary,input_mode=scheduled_final,input_normalization=b0,evaluation_seasons=recent_two",42,corrected,six_target_native,equal_season_mean,1.1421574775642482,series_mixer_reported
"pilot_method=reported,reporting_missingness=0,reporting_strength=0.5,ed_transform=logit,encoder=series_mixer,width=32,epochs=120,patience=15,covariate_encoder=summary,input_mode=scheduled_final,input_normalization=b0,evaluation_seasons=recent_two",42,corrected,flu_admissions_native,2024-2025,1.1728731496046667,series_mixer_reported
"pilot_method=reported,reporting_missingness=0,reporting_strength=0.5,ed_transform=logit,encoder=series_mixer,width=32,epochs=120,patience=15,covariate_encoder=summary,input_mode=scheduled_final,input_normalization=b0,evaluation_seasons=recent_two",42,corrected,flu_admissions_native,2025-2026,1.2150641358646912,series_mixer_reported
"pilot_method=reported,reporting_missingness=0,reporting_strength=0.5,ed_transform=logit,encoder=series_mixer,width=32,epochs=120,patience=15,covariate_encoder=summary,input_mode=scheduled_final,input_normalization=b0,evaluation_seasons=recent_two",42,corrected,flu_admissions_native,equal_season_mean,1.193968642734679,series_mixer_reported
"pilot_method=reported,reporting_missingness=0,reporting_strength=0.5,ed_transform=logit,encoder=series_mixer,width=32,epochs=120,patience=15,covariate_encoder=summary,input_mode=scheduled_final,input_normalization=b0,evaluation_seasons=recent_two",42,corrected,flu_admissions_log,2024-2025,1.3630189731041922,series_mixer_reported
"pilot_method=reported,reporting_missingness=0,reporting_strength=0.5,ed_transform=logit,encoder=series_mixer,width=32,epochs=120,patience=15,covariate_encoder=summary,input_mode=scheduled_final,input_normalization=b0,evaluation_seasons=recent_two",42,corrected,flu_admissions_log,2025-2026,1.1561525977522709,series_mixer_reported
"pilot_method=reported,reporting_missingness=0,reporting_strength=0.5,ed_transform=logit,encoder=series_mixer,width=32,epochs=120,patience=15,covariate_encoder=summary,input_mode=scheduled_final,input_normalization=b0,evaluation_seasons=recent_two",42,corrected,flu_admissions_log,equal_season_mean,1.2595857854282315,series_mixer_reported
"pilot_method=reported,reporting_missingness=0,reporting_strength=0.5,ed_transform=logit,encoder=series_mixer,width=32,epochs=120,patience=15,covariate_encoder=summary,input_mode=scheduled_final,input_normalization=b0,evaluation_seasons=recent_two",42,half,six_target_native,2024-2025,1.219271356420524,series_mixer_reported
"pilot_method=reported,reporting_missingness=0,reporting_strength=0.5,ed_transform=logit,encoder=series_mixer,width=32,epochs=120,patience=15,covariate_encoder=summary,input_mode=scheduled_final,input_normalization=b0,evaluation_seasons=recent_two",42,half,six_target_native,2025-2026,1.0714885294536327,series_mixer_reported
"pilot_method=reported,reporting_missingness=0,reporting_strength=0.5,ed_transform=logit,encoder=series_mixer,width=32,epochs=120,patience=15,covariate_encoder=summary,input_mode=scheduled_final,input_normalization=b0,evaluation_seasons=recent_two",42,half,six_target_native,equal_season_mean,1.1453799429370783,series_mixer_reported
"pilot_method=reported,reporting_missingness=0,reporting_strength=0.5,ed_transform=logit,encoder=series_mixer,width=32,epochs=120,patience=15,covariate_encoder=summary,input_mode=scheduled_final,input_normalization=b0,evaluation_seasons=recent_two",42,half,flu_admissions_native,2024-2025,1.1704255902354266,series_mixer_reported
"pilot_method=reported,reporting_missingness=0,reporting_strength=0.5,ed_transform=logit,encoder=series_mixer,width=32,epochs=120,patience=15,covariate_encoder=summary,input_mode=scheduled_final,input_normalization=b0,evaluation_seasons=recent_two",42,half,flu_admissions_native,2025-2026,1.1905818709884255,series_mixer_reported
"pilot_method=reported,reporting_missingness=0,reporting_strength=0.5,ed_transform=logit,encoder=series_mixer,width=32,epochs=120,patience=15,covariate_encoder=summary,input_mode=scheduled_final,input_normalization=b0,evaluation_seasons=recent_two",42,half,flu_admissions_native,equal_season_mean,1.180503730611926,series_mixer_reported
"pilot_method=reported,reporting_missingness=0,reporting_strength=0.5,ed_transform=logit,encoder=series_mixer,width=32,epochs=120,patience=15,covariate_encoder=summary,input_mode=scheduled_final,input_normalization=b0,evaluation_seasons=recent_two",42,half,flu_admissions_log,2024-2025,1.3842205911336003,series_mixer_reported
"pilot_method=reported,reporting_missingness=0,reporting_strength=0.5,ed_transform=logit,encoder=series_mixer,width=32,epochs=120,patience=15,covariate_encoder=summary,input_mode=scheduled_final,input_normalization=b0,evaluation_seasons=recent_two",42,half,flu_admissions_log,2025-2026,1.154364105173969,series_mixer_reported
"pilot_method=reported,reporting_missingness=0,reporting_strength=0.5,ed_transform=logit,encoder=series_mixer,width=32,epochs=120,patience=15,covariate_encoder=summary,input_mode=scheduled_final,input_normalization=b0,evaluation_seasons=recent_two",42,half,flu_admissions_log,equal_season_mean,1.2692923481537846,series_mixer_reported
"pilot_method=reported,reporting_missingness=0,reporting_strength=0.5,ed_transform=logit,encoder=series_mixer,width=32,epochs=120,patience=15,covariate_encoder=summary,input_mode=scheduled_final,input_normalization=b0,evaluation_seasons=recent_two",42,raw,six_target_native,2024-2025,1.2418870825347614,series_mixer_reported
"pilot_method=reported,reporting_missingness=0,reporting_strength=0.5,ed_transform=logit,encoder=series_mixer,width=32,epochs=120,patience=15,covariate_encoder=summary,input_mode=scheduled_final,input_normalization=b0,evaluation_seasons=recent_two",42,raw,six_target_native,2025-2026,1.0702387799107906,series_mixer_reported
"pilot_method=reported,reporting_missingness=0,reporting_strength=0.5,ed_transform=logit,encoder=series_mixer,width=32,epochs=120,patience=15,covariate_encoder=summary,input_mode=scheduled_final,input_normalization=b0,evaluation_seasons=recent_two",42,raw,six_target_native,equal_season_mean,1.156062931222776,series_mixer_reported
"pilot_method=reported,reporting_missingness=0,reporting_strength=0.5,ed_transform=logit,encoder=series_mixer,width=32,epochs=120,patience=15,covariate_encoder=summary,input_mode=scheduled_final,input_normalization=b0,evaluation_seasons=recent_two",42,raw,flu_admissions_native,2024-2025,1.1750059253972571,series_mixer_reported
"pilot_method=reported,reporting_missingness=0,reporting_strength=0.5,ed_transform=logit,encoder=series_mixer,width=32,epochs=120,patience=15,covariate_encoder=summary,input_mode=scheduled_final,input_normalization=b0,evaluation_seasons=recent_two",42,raw,flu_admissions_native,2025-2026,1.1702412252356589,series_mixer_reported
"pilot_method=reported,reporting_missingness=0,reporting_strength=0.5,ed_transform=logit,encoder=series_mixer,width=32,epochs=120,patience=15,covariate_encoder=summary,input_mode=scheduled_final,input_normalization=b0,evaluation_seasons=recent_two",42,raw,flu_admissions_native,equal_season_mean,1.172623575316458,series_mixer_reported
"pilot_method=reported,reporting_missingness=0,reporting_strength=0.5,ed_transform=logit,encoder=series_mixer,width=32,epochs=120,patience=15,covariate_encoder=summary,input_mode=scheduled_final,input_normalization=b0,evaluation_seasons=recent_two",42,raw,flu_admissions_log,2024-2025,1.431085821715396,series_mixer_reported
"pilot_method=reported,reporting_missingness=0,reporting_strength=0.5,ed_transform=logit,encoder=series_mixer,width=32,epochs=120,patience=15,covariate_encoder=summary,input_mode=scheduled_final,input_normalization=b0,evaluation_seasons=recent_two",42,raw,flu_admissions_log,2025-2026,1.1714135832749917,series_mixer_reported
"pilot_method=reported,reporting_missingness=0,reporting_strength=0.5,ed_transform=logit,encoder=series_mixer,width=32,epochs=120,patience=15,covariate_encoder=summary,input_mode=scheduled_final,input_normalization=b0,evaluation_seasons=recent_two",42,raw,flu_admissions_log,equal_season_mean,1.3012497024951937,series_mixer_reported
"pilot_method=reported,reporting_missingness=0,reporting_strength=0.5,ed_transform=logit,encoder=series_mixer,width=32,epochs=120,patience=15,covariate_encoder=summary,input_mode=scheduled_final,input_normalization=b0,evaluation_seasons=recent_two",43,corrected,six_target_native,2024-2025,1.2553803169964035,series_mixer_reported
"pilot_method=reported,reporting_missingness=0,reporting_strength=0.5,ed_transform=logit,encoder=series_mixer,width=32,epochs=120,patience=15,covariate_encoder=summary,input_mode=scheduled_final,input_normalization=b0,evaluation_seasons=recent_two",43,corrected,six_target_native,2025-2026,1.1956001363027715,series_mixer_reported
"pilot_method=reported,reporting_missingness=0,reporting_strength=0.5,ed_transform=logit,encoder=series_mixer,width=32,epochs=120,patience=15,covariate_encoder=summary,input_mode=scheduled_final,input_normalization=b0,evaluation_seasons=recent_two",43,corrected,six_target_native,equal_season_mean,1.2254902266495875,series_mixer_reported
"pilot_method=reported,reporting_missingness=0,reporting_strength=0.5,ed_transform=logit,encoder=series_mixer,width=32,epochs=120,patience=15,covariate_encoder=summary,input_mode=scheduled_final,input_normalization=b0,evaluation_seasons=recent_two",43,corrected,flu_admissions_native,2024-2025,1.1927912141491832,series_mixer_reported
"pilot_method=reported,reporting_missingness=0,reporting_strength=0.5,ed_transform=logit,encoder=series_mixer,width=32,epochs=120,patience=15,covariate_encoder=summary,input_mode=scheduled_final,input_normalization=b0,evaluation_seasons=recent_two",43,corrected,flu_admissions_native,2025-2026,1.251227559802265,series_mixer_reported
"pilot_method=reported,reporting_missingness=0,reporting_strength=0.5,ed_transform=logit,encoder=series_mixer,width=32,epochs=120,patience=15,covariate_encoder=summary,input_mode=scheduled_final,input_normalization=b0,evaluation_seasons=recent_two",43,corrected,flu_admissions_native,equal_season_mean,1.2220093869757245,series_mixer_reported
"pilot_method=reported,reporting_missingness=0,reporting_strength=0.5,ed_transform=logit,encoder=series_mixer,width=32,epochs=120,patience=15,covariate_encoder=summary,input_mode=scheduled_final,input_normalization=b0,evaluation_seasons=recent_two",43,corrected,flu_admissions_log,2024-2025,1.4567615846935018,series_mixer_reported
"pilot_method=reported,reporting_missingness=0,reporting_strength=0.5,ed_transform=logit,encoder=series_mixer,width=32,epochs=120,patience=15,covariate_encoder=summary,input_mode=scheduled_final,input_normalization=b0,evaluation_seasons=recent_two",43,corrected,flu_admissions_log,2025-2026,1.7993477870357708,series_mixer_reported
"pilot_method=reported,reporting_missingness=0,reporting_strength=0.5,ed_transform=logit,encoder=series_mixer,width=32,epochs=120,patience=15,covariate_encoder=summary,input_mode=scheduled_final,input_normalization=b0,evaluation_seasons=recent_two",43,corrected,flu_admissions_log,equal_season_mean,1.6280546858646363,series_mixer_reported
"pilot_method=reported,reporting_missingness=0,reporting_strength=0.5,ed_transform=logit,encoder=series_mixer,width=32,epochs=120,patience=15,covariate_encoder=summary,input_mode=scheduled_final,input_normalization=b0,evaluation_seasons=recent_two",43,half,six_target_native,2024-2025,1.269010521222381,series_mixer_reported
"pilot_method=reported,reporting_missingness=0,reporting_strength=0.5,ed_transform=logit,encoder=series_mixer,width=32,epochs=120,patience=15,covariate_encoder=summary,input_mode=scheduled_final,input_normalization=b0,evaluation_seasons=recent_two",43,half,six_target_native,2025-2026,1.2009783624800452,series_mixer_reported
"pilot_method=reported,reporting_missingness=0,reporting_strength=0.5,ed_transform=logit,encoder=series_mixer,width=32,epochs=120,patience=15,covariate_encoder=summary,input_mode=scheduled_final,input_normalization=b0,evaluation_seasons=recent_two",43,half,six_target_native,equal_season_mean,1.234994441851213,series_mixer_reported
"pilot_method=reported,reporting_missingness=0,reporting_strength=0.5,ed_transform=logit,encoder=series_mixer,width=32,epochs=120,patience=15,covariate_encoder=summary,input_mode=scheduled_final,input_normalization=b0,evaluation_seasons=recent_two",43,half,flu_admissions_native,2024-2025,1.192045794365447,series_mixer_reported
"pilot_method=reported,reporting_missingness=0,reporting_strength=0.5,ed_transform=logit,encoder=series_mixer,width=32,epochs=120,patience=15,covariate_encoder=summary,input_mode=scheduled_final,input_normalization=b0,evaluation_seasons=recent_two",43,half,flu_admissions_native,2025-2026,1.2498553337903378,series_mixer_reported
"pilot_method=reported,reporting_missingness=0,reporting_strength=0.5,ed_transform=logit,encoder=series_mixer,width=32,epochs=120,patience=15,covariate_encoder=summary,input_mode=scheduled_final,input_normalization=b0,evaluation_seasons=recent_two",43,half,flu_admissions_native,equal_season_mean,1.2209505640778924,series_mixer_reported
"pilot_method=reported,reporting_missingness=0,reporting_strength=0.5,ed_transform=logit,encoder=series_mixer,width=32,epochs=120,patience=15,covariate_encoder=summary,input_mode=scheduled_final,input_normalization=b0,evaluation_seasons=recent_two",43,half,flu_admissions_log,2024-2025,1.479212878265212,series_mixer_reported
"pilot_method=reported,reporting_missingness=0,reporting_strength=0.5,ed_transform=logit,encoder=series_mixer,width=32,epochs=120,patience=15,covariate_encoder=summary,input_mode=scheduled_final,input_normalization=b0,evaluation_seasons=recent_two",43,half,flu_admissions_log,2025-2026,1.8492745119933944,series_mixer_reported
"pilot_method=reported,reporting_missingness=0,reporting_strength=0.5,ed_transform=logit,encoder=series_mixer,width=32,epochs=120,patience=15,covariate_encoder=summary,input_mode=scheduled_final,input_normalization=b0,evaluation_seasons=recent_two",43,half,flu_admissions_log,equal_season_mean,1.664243695129303,series_mixer_reported
"pilot_method=reported,reporting_missingness=0,reporting_strength=0.5,ed_transform=logit,encoder=series_mixer,width=32,epochs=120,patience=15,covariate_encoder=summary,input_mode=scheduled_final,input_normalization=b0,evaluation_seasons=recent_two",43,raw,six_target_native,2024-2025,1.2920869104216977,series_mixer_reported
"pilot_method=reported,reporting_missingness=0,reporting_strength=0.5,ed_transform=logit,encoder=series_mixer,width=32,epochs=120,patience=15,covariate_encoder=summary,input_mode=scheduled_final,input_normalization=b0,evaluation_seasons=recent_two",43,raw,six_target_native,2025-2026,1.2122933096044564,series_mixer_reported
"pilot_method=reported,reporting_missingness=0,reporting_strength=0.5,ed_transform=logit,encoder=series_mixer,width=32,epochs=120,patience=15,covariate_encoder=summary,input_mode=scheduled_final,input_normalization=b0,evaluation_seasons=recent_two",43,raw,six_target_native,equal_season_mean,1.252190110013077,series_mixer_reported
"pilot_method=reported,reporting_missingness=0,reporting_strength=0.5,ed_transform=logit,encoder=series_mixer,width=32,epochs=120,patience=15,covariate_encoder=summary,input_mode=scheduled_final,input_normalization=b0,evaluation_seasons=recent_two",43,raw,flu_admissions_native,2024-2025,1.1987294687141423,series_mixer_reported
"pilot_method=reported,reporting_missingness=0,reporting_strength=0.5,ed_transform=logit,encoder=series_mixer,width=32,epochs=120,patience=15,covariate_encoder=summary,input_mode=scheduled_final,input_normalization=b0,evaluation_seasons=recent_two",43,raw,flu_admissions_native,2025-2026,1.2533068928052384,series_mixer_reported
"pilot_method=reported,reporting_missingness=0,reporting_strength=0.5,ed_transform=logit,encoder=series_mixer,width=32,epochs=120,patience=15,covariate_encoder=summary,input_mode=scheduled_final,input_normalization=b0,evaluation_seasons=recent_two",43,raw,flu_admissions_native,equal_season_mean,1.2260181807596904,series_mixer_reported
"pilot_method=reported,reporting_missingness=0,reporting_strength=0.5,ed_transform=logit,encoder=series_mixer,width=32,epochs=120,patience=15,covariate_encoder=summary,input_mode=scheduled_final,input_normalization=b0,evaluation_seasons=recent_two",43,raw,flu_admissions_log,2024-2025,1.5239168505452123,series_mixer_reported
"pilot_method=reported,reporting_missingness=0,reporting_strength=0.5,ed_transform=logit,encoder=series_mixer,width=32,epochs=120,patience=15,covariate_encoder=summary,input_mode=scheduled_final,input_normalization=b0,evaluation_seasons=recent_two",43,raw,flu_admissions_log,2025-2026,1.941565639911078,series_mixer_reported
"pilot_method=reported,reporting_missingness=0,reporting_strength=0.5,ed_transform=logit,encoder=series_mixer,width=32,epochs=120,patience=15,covariate_encoder=summary,input_mode=scheduled_final,input_normalization=b0,evaluation_seasons=recent_two",43,raw,flu_admissions_log,equal_season_mean,1.7327412452281452,series_mixer_reported
"pilot_method=reported,reporting_missingness=0,reporting_strength=0.5,ed_transform=logit,encoder=series_mlp,width=32,epochs=120,patience=15,covariate_encoder=summary,input_mode=scheduled_final,input_normalization=b0,evaluation_seasons=recent_two",42,corrected,six_target_native,2024-2025,1.24564217164114,series_mlp_reported
"pilot_method=reported,reporting_missingness=0,reporting_strength=0.5,ed_transform=logit,encoder=series_mlp,width=32,epochs=120,patience=15,covariate_encoder=summary,input_mode=scheduled_final,input_normalization=b0,evaluation_seasons=recent_two",42,corrected,six_target_native,2025-2026,1.0714485963385365,series_mlp_reported
"pilot_method=reported,reporting_missingness=0,reporting_strength=0.5,ed_transform=logit,encoder=series_mlp,width=32,epochs=120,patience=15,covariate_encoder=summary,input_mode=scheduled_final,input_normalization=b0,evaluation_seasons=recent_two",42,corrected,six_target_native,equal_season_mean,1.158545383989838,series_mlp_reported
"pilot_method=reported,reporting_missingness=0,reporting_strength=0.5,ed_transform=logit,encoder=series_mlp,width=32,epochs=120,patience=15,covariate_encoder=summary,input_mode=scheduled_final,input_normalization=b0,evaluation_seasons=recent_two",42,corrected,flu_admissions_native,2024-2025,1.137859833322651,series_mlp_reported
"pilot_method=reported,reporting_missingness=0,reporting_strength=0.5,ed_transform=logit,encoder=series_mlp,width=32,epochs=120,patience=15,covariate_encoder=summary,input_mode=scheduled_final,input_normalization=b0,evaluation_seasons=recent_two",42,corrected,flu_admissions_native,2025-2026,1.0876290618078912,series_mlp_reported
"pilot_method=reported,reporting_missingness=0,reporting_strength=0.5,ed_transform=logit,encoder=series_mlp,width=32,epochs=120,patience=15,covariate_encoder=summary,input_mode=scheduled_final,input_normalization=b0,evaluation_seasons=recent_two",42,corrected,flu_admissions_native,equal_season_mean,1.1127444475652712,series_mlp_reported
"pilot_method=reported,reporting_missingness=0,reporting_strength=0.5,ed_transform=logit,encoder=series_mlp,width=32,epochs=120,patience=15,covariate_encoder=summary,input_mode=scheduled_final,input_normalization=b0,evaluation_seasons=recent_two",42,corrected,flu_admissions_log,2024-2025,1.5240035595984884,series_mlp_reported
"pilot_method=reported,reporting_missingness=0,reporting_strength=0.5,ed_transform=logit,encoder=series_mlp,width=32,epochs=120,patience=15,covariate_encoder=summary,input_mode=scheduled_final,input_normalization=b0,evaluation_seasons=recent_two",42,corrected,flu_admissions_log,2025-2026,1.2582784150120174,series_mlp_reported
"pilot_method=reported,reporting_missingness=0,reporting_strength=0.5,ed_transform=logit,encoder=series_mlp,width=32,epochs=120,patience=15,covariate_encoder=summary,input_mode=scheduled_final,input_normalization=b0,evaluation_seasons=recent_two",42,corrected,flu_admissions_log,equal_season_mean,1.391140987305253,series_mlp_reported
"pilot_method=reported,reporting_missingness=0,reporting_strength=0.5,ed_transform=logit,encoder=series_mlp,width=32,epochs=120,patience=15,covariate_encoder=summary,input_mode=scheduled_final,input_normalization=b0,evaluation_seasons=recent_two",42,half,six_target_native,2024-2025,1.2571643338152665,series_mlp_reported
"pilot_method=reported,reporting_missingness=0,reporting_strength=0.5,ed_transform=logit,encoder=series_mlp,width=32,epochs=120,patience=15,covariate_encoder=summary,input_mode=scheduled_final,input_normalization=b0,evaluation_seasons=recent_two",42,half,six_target_native,2025-2026,1.0722154844372744,series_mlp_reported
"pilot_method=reported,reporting_missingness=0,reporting_strength=0.5,ed_transform=logit,encoder=series_mlp,width=32,epochs=120,patience=15,covariate_encoder=summary,input_mode=scheduled_final,input_normalization=b0,evaluation_seasons=recent_two",42,half,six_target_native,equal_season_mean,1.1646899091262704,series_mlp_reported
"pilot_method=reported,reporting_missingness=0,reporting_strength=0.5,ed_transform=logit,encoder=series_mlp,width=32,epochs=120,patience=15,covariate_encoder=summary,input_mode=scheduled_final,input_normalization=b0,evaluation_seasons=recent_two",42,half,flu_admissions_native,2024-2025,1.1321391080258716,series_mlp_reported
"pilot_method=reported,reporting_missingness=0,reporting_strength=0.5,ed_transform=logit,encoder=series_mlp,width=32,epochs=120,patience=15,covariate_encoder=summary,input_mode=scheduled_final,input_normalization=b0,evaluation_seasons=recent_two",42,half,flu_admissions_native,2025-2026,1.0729285061828746,series_mlp_reported
"pilot_method=reported,reporting_missingness=0,reporting_strength=0.5,ed_transform=logit,encoder=series_mlp,width=32,epochs=120,patience=15,covariate_encoder=summary,input_mode=scheduled_final,input_normalization=b0,evaluation_seasons=recent_two",42,half,flu_admissions_native,equal_season_mean,1.102533807104373,series_mlp_reported
"pilot_method=reported,reporting_missingness=0,reporting_strength=0.5,ed_transform=logit,encoder=series_mlp,width=32,epochs=120,patience=15,covariate_encoder=summary,input_mode=scheduled_final,input_normalization=b0,evaluation_seasons=recent_two",42,half,flu_admissions_log,2024-2025,1.5472458335660753,series_mlp_reported
"pilot_method=reported,reporting_missingness=0,reporting_strength=0.5,ed_transform=logit,encoder=series_mlp,width=32,epochs=120,patience=15,covariate_encoder=summary,input_mode=scheduled_final,input_normalization=b0,evaluation_seasons=recent_two",42,half,flu_admissions_log,2025-2026,1.2776296261559728,series_mlp_reported
"pilot_method=reported,reporting_missingness=0,reporting_strength=0.5,ed_transform=logit,encoder=series_mlp,width=32,epochs=120,patience=15,covariate_encoder=summary,input_mode=scheduled_final,input_normalization=b0,evaluation_seasons=recent_two",42,half,flu_admissions_log,equal_season_mean,1.412437729861024,series_mlp_reported
"pilot_method=reported,reporting_missingness=0,reporting_strength=0.5,ed_transform=logit,encoder=series_mlp,width=32,epochs=120,patience=15,covariate_encoder=summary,input_mode=scheduled_final,input_normalization=b0,evaluation_seasons=recent_two",42,raw,six_target_native,2024-2025,1.2782120421495486,series_mlp_reported
"pilot_method=reported,reporting_missingness=0,reporting_strength=0.5,ed_transform=logit,encoder=series_mlp,width=32,epochs=120,patience=15,covariate_encoder=summary,input_mode=scheduled_final,input_normalization=b0,evaluation_seasons=recent_two",42,raw,six_target_native,2025-2026,1.0786122737871011,series_mlp_reported
"pilot_method=reported,reporting_missingness=0,reporting_strength=0.5,ed_transform=logit,encoder=series_mlp,width=32,epochs=120,patience=15,covariate_encoder=summary,input_mode=scheduled_final,input_normalization=b0,evaluation_seasons=recent_two",42,raw,six_target_native,equal_season_mean,1.1784121579683249,series_mlp_reported
"pilot_method=reported,reporting_missingness=0,reporting_strength=0.5,ed_transform=logit,encoder=series_mlp,width=32,epochs=120,patience=15,covariate_encoder=summary,input_mode=scheduled_final,input_normalization=b0,evaluation_seasons=recent_two",42,raw,flu_admissions_native,2024-2025,1.1345334946757848,series_mlp_reported
"pilot_method=reported,reporting_missingness=0,reporting_strength=0.5,ed_transform=logit,encoder=series_mlp,width=32,epochs=120,patience=15,covariate_encoder=summary,input_mode=scheduled_final,input_normalization=b0,evaluation_seasons=recent_two",42,raw,flu_admissions_native,2025-2026,1.0621556315313838,series_mlp_reported
"pilot_method=reported,reporting_missingness=0,reporting_strength=0.5,ed_transform=logit,encoder=series_mlp,width=32,epochs=120,patience=15,covariate_encoder=summary,input_mode=scheduled_final,input_normalization=b0,evaluation_seasons=recent_two",42,raw,flu_admissions_native,equal_season_mean,1.0983445631035842,series_mlp_reported
"pilot_method=reported,reporting_missingness=0,reporting_strength=0.5,ed_transform=logit,encoder=series_mlp,width=32,epochs=120,patience=15,covariate_encoder=summary,input_mode=scheduled_final,input_normalization=b0,evaluation_seasons=recent_two",42,raw,flu_admissions_log,2024-2025,1.602419413043934,series_mlp_reported
"pilot_method=reported,reporting_missingness=0,reporting_strength=0.5,ed_transform=logit,encoder=series_mlp,width=32,epochs=120,patience=15,covariate_encoder=summary,input_mode=scheduled_final,input_normalization=b0,evaluation_seasons=recent_two",42,raw,flu_admissions_log,2025-2026,1.3189757094755026,series_mlp_reported
"pilot_method=reported,reporting_missingness=0,reporting_strength=0.5,ed_transform=logit,encoder=series_mlp,width=32,epochs=120,patience=15,covariate_encoder=summary,input_mode=scheduled_final,input_normalization=b0,evaluation_seasons=recent_two",42,raw,flu_admissions_log,equal_season_mean,1.4606975612597184,series_mlp_reported
"pilot_method=reported,reporting_missingness=0,reporting_strength=0.5,ed_transform=logit,encoder=series_mlp,width=32,epochs=120,patience=15,covariate_encoder=summary,input_mode=scheduled_final,input_normalization=b0,evaluation_seasons=recent_two",43,corrected,six_target_native,2024-2025,1.1073359644959115,series_mlp_reported
"pilot_method=reported,reporting_missingness=0,reporting_strength=0.5,ed_transform=logit,encoder=series_mlp,width=32,epochs=120,patience=15,covariate_encoder=summary,input_mode=scheduled_final,input_normalization=b0,evaluation_seasons=recent_two",43,corrected,six_target_native,2025-2026,1.0555556701564248,series_mlp_reported
"pilot_method=reported,reporting_missingness=0,reporting_strength=0.5,ed_transform=logit,encoder=series_mlp,width=32,epochs=120,patience=15,covariate_encoder=summary,input_mode=scheduled_final,input_normalization=b0,evaluation_seasons=recent_two",43,corrected,six_target_native,equal_season_mean,1.081445817326168,series_mlp_reported
"pilot_method=reported,reporting_missingness=0,reporting_strength=0.5,ed_transform=logit,encoder=series_mlp,width=32,epochs=120,patience=15,covariate_encoder=summary,input_mode=scheduled_final,input_normalization=b0,evaluation_seasons=recent_two",43,corrected,flu_admissions_native,2024-2025,1.0091887667888535,series_mlp_reported
"pilot_method=reported,reporting_missingness=0,reporting_strength=0.5,ed_transform=logit,encoder=series_mlp,width=32,epochs=120,patience=15,covariate_encoder=summary,input_mode=scheduled_final,input_normalization=b0,evaluation_seasons=recent_two",43,corrected,flu_admissions_native,2025-2026,1.0894220505577406,series_mlp_reported
"pilot_method=reported,reporting_missingness=0,reporting_strength=0.5,ed_transform=logit,encoder=series_mlp,width=32,epochs=120,patience=15,covariate_encoder=summary,input_mode=scheduled_final,input_normalization=b0,evaluation_seasons=recent_two",43,corrected,flu_admissions_native,equal_season_mean,1.049305408673297,series_mlp_reported
"pilot_method=reported,reporting_missingness=0,reporting_strength=0.5,ed_transform=logit,encoder=series_mlp,width=32,epochs=120,patience=15,covariate_encoder=summary,input_mode=scheduled_final,input_normalization=b0,evaluation_seasons=recent_two",43,corrected,flu_admissions_log,2024-2025,1.3495204307908453,series_mlp_reported
"pilot_method=reported,reporting_missingness=0,reporting_strength=0.5,ed_transform=logit,encoder=series_mlp,width=32,epochs=120,patience=15,covariate_encoder=summary,input_mode=scheduled_final,input_normalization=b0,evaluation_seasons=recent_two",43,corrected,flu_admissions_log,2025-2026,1.3023917381949848,series_mlp_reported
"pilot_method=reported,reporting_missingness=0,reporting_strength=0.5,ed_transform=logit,encoder=series_mlp,width=32,epochs=120,patience=15,covariate_encoder=summary,input_mode=scheduled_final,input_normalization=b0,evaluation_seasons=recent_two",43,corrected,flu_admissions_log,equal_season_mean,1.325956084492915,series_mlp_reported
"pilot_method=reported,reporting_missingness=0,reporting_strength=0.5,ed_transform=logit,encoder=series_mlp,width=32,epochs=120,patience=15,covariate_encoder=summary,input_mode=scheduled_final,input_normalization=b0,evaluation_seasons=recent_two",43,half,six_target_native,2024-2025,1.118632905158042,series_mlp_reported
"pilot_method=reported,reporting_missingness=0,reporting_strength=0.5,ed_transform=logit,encoder=series_mlp,width=32,epochs=120,patience=15,covariate_encoder=summary,input_mode=scheduled_final,input_normalization=b0,evaluation_seasons=recent_two",43,half,six_target_native,2025-2026,1.056416319889981,series_mlp_reported
"pilot_method=reported,reporting_missingness=0,reporting_strength=0.5,ed_transform=logit,encoder=series_mlp,width=32,epochs=120,patience=15,covariate_encoder=summary,input_mode=scheduled_final,input_normalization=b0,evaluation_seasons=recent_two",43,half,six_target_native,equal_season_mean,1.0875246125240117,series_mlp_reported
"pilot_method=reported,reporting_missingness=0,reporting_strength=0.5,ed_transform=logit,encoder=series_mlp,width=32,epochs=120,patience=15,covariate_encoder=summary,input_mode=scheduled_final,input_normalization=b0,evaluation_seasons=recent_two",43,half,flu_admissions_native,2024-2025,1.0059949375324586,series_mlp_reported
"pilot_method=reported,reporting_missingness=0,reporting_strength=0.5,ed_transform=logit,encoder=series_mlp,width=32,epochs=120,patience=15,covariate_encoder=summary,input_mode=scheduled_final,input_normalization=b0,evaluation_seasons=recent_two",43,half,flu_admissions_native,2025-2026,1.073354330701004,series_mlp_reported
"pilot_method=reported,reporting_missingness=0,reporting_strength=0.5,ed_transform=logit,encoder=series_mlp,width=32,epochs=120,patience=15,covariate_encoder=summary,input_mode=scheduled_final,input_normalization=b0,evaluation_seasons=recent_two",43,half,flu_admissions_native,equal_season_mean,1.0396746341167311,series_mlp_reported
"pilot_method=reported,reporting_missingness=0,reporting_strength=0.5,ed_transform=logit,encoder=series_mlp,width=32,epochs=120,patience=15,covariate_encoder=summary,input_mode=scheduled_final,input_normalization=b0,evaluation_seasons=recent_two",43,half,flu_admissions_log,2024-2025,1.3661890705213309,series_mlp_reported
"pilot_method=reported,reporting_missingness=0,reporting_strength=0.5,ed_transform=logit,encoder=series_mlp,width=32,epochs=120,patience=15,covariate_encoder=summary,input_mode=scheduled_final,input_normalization=b0,evaluation_seasons=recent_two",43,half,flu_admissions_log,2025-2026,1.3257395282674154,series_mlp_reported
"pilot_method=reported,reporting_missingness=0,reporting_strength=0.5,ed_transform=logit,encoder=series_mlp,width=32,epochs=120,patience=15,covariate_encoder=summary,input_mode=scheduled_final,input_normalization=b0,evaluation_seasons=recent_two",43,half,flu_admissions_log,equal_season_mean,1.345964299394373,series_mlp_reported
"pilot_method=reported,reporting_missingness=0,reporting_strength=0.5,ed_transform=logit,encoder=series_mlp,width=32,epochs=120,patience=15,covariate_encoder=summary,input_mode=scheduled_final,input_normalization=b0,evaluation_seasons=recent_two",43,raw,six_target_native,2024-2025,1.1391305204765638,series_mlp_reported
"pilot_method=reported,reporting_missingness=0,reporting_strength=0.5,ed_transform=logit,encoder=series_mlp,width=32,epochs=120,patience=15,covariate_encoder=summary,input_mode=scheduled_final,input_normalization=b0,evaluation_seasons=recent_two",43,raw,six_target_native,2025-2026,1.0624954119494123,series_mlp_reported
"pilot_method=reported,reporting_missingness=0,reporting_strength=0.5,ed_transform=logit,encoder=series_mlp,width=32,epochs=120,patience=15,covariate_encoder=summary,input_mode=scheduled_final,input_normalization=b0,evaluation_seasons=recent_two",43,raw,six_target_native,equal_season_mean,1.1008129662129882,series_mlp_reported
"pilot_method=reported,reporting_missingness=0,reporting_strength=0.5,ed_transform=logit,encoder=series_mlp,width=32,epochs=120,patience=15,covariate_encoder=summary,input_mode=scheduled_final,input_normalization=b0,evaluation_seasons=recent_two",43,raw,flu_admissions_native,2024-2025,1.0091877330091743,series_mlp_reported
"pilot_method=reported,reporting_missingness=0,reporting_strength=0.5,ed_transform=logit,encoder=series_mlp,width=32,epochs=120,patience=15,covariate_encoder=summary,input_mode=scheduled_final,input_normalization=b0,evaluation_seasons=recent_two",43,raw,flu_admissions_native,2025-2026,1.0612695342041691,series_mlp_reported
"pilot_method=reported,reporting_missingness=0,reporting_strength=0.5,ed_transform=logit,encoder=series_mlp,width=32,epochs=120,patience=15,covariate_encoder=summary,input_mode=scheduled_final,input_normalization=b0,evaluation_seasons=recent_two",43,raw,flu_admissions_native,equal_season_mean,1.0352286336066716,series_mlp_reported
"pilot_method=reported,reporting_missingness=0,reporting_strength=0.5,ed_transform=logit,encoder=series_mlp,width=32,epochs=120,patience=15,covariate_encoder=summary,input_mode=scheduled_final,input_normalization=b0,evaluation_seasons=recent_two",43,raw,flu_admissions_log,2024-2025,1.410413739182748,series_mlp_reported
"pilot_method=reported,reporting_missingness=0,reporting_strength=0.5,ed_transform=logit,encoder=series_mlp,width=32,epochs=120,patience=15,covariate_encoder=summary,input_mode=scheduled_final,input_normalization=b0,evaluation_seasons=recent_two",43,raw,flu_admissions_log,2025-2026,1.3725885534468756,series_mlp_reported
"pilot_method=reported,reporting_missingness=0,reporting_strength=0.5,ed_transform=logit,encoder=series_mlp,width=32,epochs=120,patience=15,covariate_encoder=summary,input_mode=scheduled_final,input_normalization=b0,evaluation_seasons=recent_two",43,raw,flu_admissions_log,equal_season_mean,1.3915011463148117,series_mlp_reported
"pilot_method=reported,reporting_missingness=0,reporting_strength=0.5,ed_transform=logit,spatial=distance,epochs=120,patience=15,fit_partition=pathogen,covariate_encoder=summary,input_mode=scheduled_final,input_normalization=b0,evaluation_seasons=recent_two",42,corrected,six_target_native,2024-2025,0.8677239243926871,pathogen_distance_reported
"pilot_method=reported,reporting_missingness=0,reporting_strength=0.5,ed_transform=logit,spatial=distance,epochs=120,patience=15,fit_partition=pathogen,covariate_encoder=summary,input_mode=scheduled_final,input_normalization=b0,evaluation_seasons=recent_two",42,corrected,six_target_native,2025-2026,1.0763691461193092,pathogen_distance_reported
"pilot_method=reported,reporting_missingness=0,reporting_strength=0.5,ed_transform=logit,spatial=distance,epochs=120,patience=15,fit_partition=pathogen,covariate_encoder=summary,input_mode=scheduled_final,input_normalization=b0,evaluation_seasons=recent_two",42,corrected,six_target_native,equal_season_mean,0.9720465352559982,pathogen_distance_reported
"pilot_method=reported,reporting_missingness=0,reporting_strength=0.5,ed_transform=logit,spatial=distance,epochs=120,patience=15,fit_partition=pathogen,covariate_encoder=summary,input_mode=scheduled_final,input_normalization=b0,evaluation_seasons=recent_two",42,corrected,flu_admissions_native,2024-2025,0.7585283921908529,pathogen_distance_reported
"pilot_method=reported,reporting_missingness=0,reporting_strength=0.5,ed_transform=logit,spatial=distance,epochs=120,patience=15,fit_partition=pathogen,covariate_encoder=summary,input_mode=scheduled_final,input_normalization=b0,evaluation_seasons=recent_two",42,corrected,flu_admissions_native,2025-2026,0.912251884457256,pathogen_distance_reported
"pilot_method=reported,reporting_missingness=0,reporting_strength=0.5,ed_transform=logit,spatial=distance,epochs=120,patience=15,fit_partition=pathogen,covariate_encoder=summary,input_mode=scheduled_final,input_normalization=b0,evaluation_seasons=recent_two",42,corrected,flu_admissions_native,equal_season_mean,0.8353901383240545,pathogen_distance_reported
"pilot_method=reported,reporting_missingness=0,reporting_strength=0.5,ed_transform=logit,spatial=distance,epochs=120,patience=15,fit_partition=pathogen,covariate_encoder=summary,input_mode=scheduled_final,input_normalization=b0,evaluation_seasons=recent_two",42,corrected,flu_admissions_log,2024-2025,0.7932101999065634,pathogen_distance_reported
"pilot_method=reported,reporting_missingness=0,reporting_strength=0.5,ed_transform=logit,spatial=distance,epochs=120,patience=15,fit_partition=pathogen,covariate_encoder=summary,input_mode=scheduled_final,input_normalization=b0,evaluation_seasons=recent_two",42,corrected,flu_admissions_log,2025-2026,0.9272933398188592,pathogen_distance_reported
"pilot_method=reported,reporting_missingness=0,reporting_strength=0.5,ed_transform=logit,spatial=distance,epochs=120,patience=15,fit_partition=pathogen,covariate_encoder=summary,input_mode=scheduled_final,input_normalization=b0,evaluation_seasons=recent_two",42,corrected,flu_admissions_log,equal_season_mean,0.8602517698627112,pathogen_distance_reported
"pilot_method=reported,reporting_missingness=0,reporting_strength=0.5,ed_transform=logit,spatial=distance,epochs=120,patience=15,fit_partition=pathogen,covariate_encoder=summary,input_mode=scheduled_final,input_normalization=b0,evaluation_seasons=recent_two",42,half,six_target_native,2024-2025,0.872257869908181,pathogen_distance_reported
"pilot_method=reported,reporting_missingness=0,reporting_strength=0.5,ed_transform=logit,spatial=distance,epochs=120,patience=15,fit_partition=pathogen,covariate_encoder=summary,input_mode=scheduled_final,input_normalization=b0,evaluation_seasons=recent_two",42,half,six_target_native,2025-2026,1.07273187479233,pathogen_distance_reported
"pilot_method=reported,reporting_missingness=0,reporting_strength=0.5,ed_transform=logit,spatial=distance,epochs=120,patience=15,fit_partition=pathogen,covariate_encoder=summary,input_mode=scheduled_final,input_normalization=b0,evaluation_seasons=recent_two",42,half,six_target_native,equal_season_mean,0.9724948723502556,pathogen_distance_reported
"pilot_method=reported,reporting_missingness=0,reporting_strength=0.5,ed_transform=logit,spatial=distance,epochs=120,patience=15,fit_partition=pathogen,covariate_encoder=summary,input_mode=scheduled_final,input_normalization=b0,evaluation_seasons=recent_two",42,half,flu_admissions_native,2024-2025,0.76003168159098,pathogen_distance_reported
"pilot_method=reported,reporting_missingness=0,reporting_strength=0.5,ed_transform=logit,spatial=distance,epochs=120,patience=15,fit_partition=pathogen,covariate_encoder=summary,input_mode=scheduled_final,input_normalization=b0,evaluation_seasons=recent_two",42,half,flu_admissions_native,2025-2026,0.8973698063534126,pathogen_distance_reported
"pilot_method=reported,reporting_missingness=0,reporting_strength=0.5,ed_transform=logit,spatial=distance,epochs=120,patience=15,fit_partition=pathogen,covariate_encoder=summary,input_mode=scheduled_final,input_normalization=b0,evaluation_seasons=recent_two",42,half,flu_admissions_native,equal_season_mean,0.8287007439721963,pathogen_distance_reported
"pilot_method=reported,reporting_missingness=0,reporting_strength=0.5,ed_transform=logit,spatial=distance,epochs=120,patience=15,fit_partition=pathogen,covariate_encoder=summary,input_mode=scheduled_final,input_normalization=b0,evaluation_seasons=recent_two",42,half,flu_admissions_log,2024-2025,0.8081320069927247,pathogen_distance_reported
"pilot_method=reported,reporting_missingness=0,reporting_strength=0.5,ed_transform=logit,spatial=distance,epochs=120,patience=15,fit_partition=pathogen,covariate_encoder=summary,input_mode=scheduled_final,input_normalization=b0,evaluation_seasons=recent_two",42,half,flu_admissions_log,2025-2026,0.9142161989723324,pathogen_distance_reported
"pilot_method=reported,reporting_missingness=0,reporting_strength=0.5,ed_transform=logit,spatial=distance,epochs=120,patience=15,fit_partition=pathogen,covariate_encoder=summary,input_mode=scheduled_final,input_normalization=b0,evaluation_seasons=recent_two",42,half,flu_admissions_log,equal_season_mean,0.8611741029825286,pathogen_distance_reported
"pilot_method=reported,reporting_missingness=0,reporting_strength=0.5,ed_transform=logit,spatial=distance,epochs=120,patience=15,fit_partition=pathogen,covariate_encoder=summary,input_mode=scheduled_final,input_normalization=b0,evaluation_seasons=recent_two",42,raw,six_target_native,2024-2025,0.8817810606230663,pathogen_distance_reported
"pilot_method=reported,reporting_missingness=0,reporting_strength=0.5,ed_transform=logit,spatial=distance,epochs=120,patience=15,fit_partition=pathogen,covariate_encoder=summary,input_mode=scheduled_final,input_normalization=b0,evaluation_seasons=recent_two",42,raw,six_target_native,2025-2026,1.0750873941923635,pathogen_distance_reported
"pilot_method=reported,reporting_missingness=0,reporting_strength=0.5,ed_transform=logit,spatial=distance,epochs=120,patience=15,fit_partition=pathogen,covariate_encoder=summary,input_mode=scheduled_final,input_normalization=b0,evaluation_seasons=recent_two",42,raw,six_target_native,equal_season_mean,0.9784342274077148,pathogen_distance_reported
"pilot_method=reported,reporting_missingness=0,reporting_strength=0.5,ed_transform=logit,spatial=distance,epochs=120,patience=15,fit_partition=pathogen,covariate_encoder=summary,input_mode=scheduled_final,input_normalization=b0,evaluation_seasons=recent_two",42,raw,flu_admissions_native,2024-2025,0.76541910658273,pathogen_distance_reported
"pilot_method=reported,reporting_missingness=0,reporting_strength=0.5,ed_transform=logit,spatial=distance,epochs=120,patience=15,fit_partition=pathogen,covariate_encoder=summary,input_mode=scheduled_final,input_normalization=b0,evaluation_seasons=recent_two",42,raw,flu_admissions_native,2025-2026,0.8861533257860217,pathogen_distance_reported
"pilot_method=reported,reporting_missingness=0,reporting_strength=0.5,ed_transform=logit,spatial=distance,epochs=120,patience=15,fit_partition=pathogen,covariate_encoder=summary,input_mode=scheduled_final,input_normalization=b0,evaluation_seasons=recent_two",42,raw,flu_admissions_native,equal_season_mean,0.8257862161843759,pathogen_distance_reported
"pilot_method=reported,reporting_missingness=0,reporting_strength=0.5,ed_transform=logit,spatial=distance,epochs=120,patience=15,fit_partition=pathogen,covariate_encoder=summary,input_mode=scheduled_final,input_normalization=b0,evaluation_seasons=recent_two",42,raw,flu_admissions_log,2024-2025,0.829730482162698,pathogen_distance_reported
"pilot_method=reported,reporting_missingness=0,reporting_strength=0.5,ed_transform=logit,spatial=distance,epochs=120,patience=15,fit_partition=pathogen,covariate_encoder=summary,input_mode=scheduled_final,input_normalization=b0,evaluation_seasons=recent_two",42,raw,flu_admissions_log,2025-2026,0.911442190323804,pathogen_distance_reported
"pilot_method=reported,reporting_missingness=0,reporting_strength=0.5,ed_transform=logit,spatial=distance,epochs=120,patience=15,fit_partition=pathogen,covariate_encoder=summary,input_mode=scheduled_final,input_normalization=b0,evaluation_seasons=recent_two",42,raw,flu_admissions_log,equal_season_mean,0.870586336243251,pathogen_distance_reported
"pilot_method=reported,reporting_missingness=0,reporting_strength=0.5,ed_transform=logit,spatial=distance,epochs=120,patience=15,fit_partition=pathogen,covariate_encoder=summary,input_mode=scheduled_final,input_normalization=b0,evaluation_seasons=recent_two",43,corrected,six_target_native,2024-2025,1.0935529282698724,pathogen_distance_reported
"pilot_method=reported,reporting_missingness=0,reporting_strength=0.5,ed_transform=logit,spatial=distance,epochs=120,patience=15,fit_partition=pathogen,covariate_encoder=summary,input_mode=scheduled_final,input_normalization=b0,evaluation_seasons=recent_two",43,corrected,six_target_native,2025-2026,0.9831616729981768,pathogen_distance_reported
"pilot_method=reported,reporting_missingness=0,reporting_strength=0.5,ed_transform=logit,spatial=distance,epochs=120,patience=15,fit_partition=pathogen,covariate_encoder=summary,input_mode=scheduled_final,input_normalization=b0,evaluation_seasons=recent_two",43,corrected,six_target_native,equal_season_mean,1.0383573006340243,pathogen_distance_reported
"pilot_method=reported,reporting_missingness=0,reporting_strength=0.5,ed_transform=logit,spatial=distance,epochs=120,patience=15,fit_partition=pathogen,covariate_encoder=summary,input_mode=scheduled_final,input_normalization=b0,evaluation_seasons=recent_two",43,corrected,flu_admissions_native,2024-2025,0.9007417280665138,pathogen_distance_reported
"pilot_method=reported,reporting_missingness=0,reporting_strength=0.5,ed_transform=logit,spatial=distance,epochs=120,patience=15,fit_partition=pathogen,covariate_encoder=summary,input_mode=scheduled_final,input_normalization=b0,evaluation_seasons=recent_two",43,corrected,flu_admissions_native,2025-2026,0.924970546629315,pathogen_distance_reported
"pilot_method=reported,reporting_missingness=0,reporting_strength=0.5,ed_transform=logit,spatial=distance,epochs=120,patience=15,fit_partition=pathogen,covariate_encoder=summary,input_mode=scheduled_final,input_normalization=b0,evaluation_seasons=recent_two",43,corrected,flu_admissions_native,equal_season_mean,0.9128561373479144,pathogen_distance_reported
"pilot_method=reported,reporting_missingness=0,reporting_strength=0.5,ed_transform=logit,spatial=distance,epochs=120,patience=15,fit_partition=pathogen,covariate_encoder=summary,input_mode=scheduled_final,input_normalization=b0,evaluation_seasons=recent_two",43,corrected,flu_admissions_log,2024-2025,0.9262074350132298,pathogen_distance_reported
"pilot_method=reported,reporting_missingness=0,reporting_strength=0.5,ed_transform=logit,spatial=distance,epochs=120,patience=15,fit_partition=pathogen,covariate_encoder=summary,input_mode=scheduled_final,input_normalization=b0,evaluation_seasons=recent_two",43,corrected,flu_admissions_log,2025-2026,0.8977352100627163,pathogen_distance_reported
"pilot_method=reported,reporting_missingness=0,reporting_strength=0.5,ed_transform=logit,spatial=distance,epochs=120,patience=15,fit_partition=pathogen,covariate_encoder=summary,input_mode=scheduled_final,input_normalization=b0,evaluation_seasons=recent_two",43,corrected,flu_admissions_log,equal_season_mean,0.9119713225379732,pathogen_distance_reported
"pilot_method=reported,reporting_missingness=0,reporting_strength=0.5,ed_transform=logit,spatial=distance,epochs=120,patience=15,fit_partition=pathogen,covariate_encoder=summary,input_mode=scheduled_final,input_normalization=b0,evaluation_seasons=recent_two",43,half,six_target_native,2024-2025,1.1217323193484865,pathogen_distance_reported
"pilot_method=reported,reporting_missingness=0,reporting_strength=0.5,ed_transform=logit,spatial=distance,epochs=120,patience=15,fit_partition=pathogen,covariate_encoder=summary,input_mode=scheduled_final,input_normalization=b0,evaluation_seasons=recent_two",43,half,six_target_native,2025-2026,0.975927656248397,pathogen_distance_reported
"pilot_method=reported,reporting_missingness=0,reporting_strength=0.5,ed_transform=logit,spatial=distance,epochs=120,patience=15,fit_partition=pathogen,covariate_encoder=summary,input_mode=scheduled_final,input_normalization=b0,evaluation_seasons=recent_two",43,half,six_target_native,equal_season_mean,1.0488299877984415,pathogen_distance_reported
"pilot_method=reported,reporting_missingness=0,reporting_strength=0.5,ed_transform=logit,spatial=distance,epochs=120,patience=15,fit_partition=pathogen,covariate_encoder=summary,input_mode=scheduled_final,input_normalization=b0,evaluation_seasons=recent_two",43,half,flu_admissions_native,2024-2025,0.9167394545341108,pathogen_distance_reported
"pilot_method=reported,reporting_missingness=0,reporting_strength=0.5,ed_transform=logit,spatial=distance,epochs=120,patience=15,fit_partition=pathogen,covariate_encoder=summary,input_mode=scheduled_final,input_normalization=b0,evaluation_seasons=recent_two",43,half,flu_admissions_native,2025-2026,0.9069530401871898,pathogen_distance_reported
"pilot_method=reported,reporting_missingness=0,reporting_strength=0.5,ed_transform=logit,spatial=distance,epochs=120,patience=15,fit_partition=pathogen,covariate_encoder=summary,input_mode=scheduled_final,input_normalization=b0,evaluation_seasons=recent_two",43,half,flu_admissions_native,equal_season_mean,0.9118462473606505,pathogen_distance_reported
"pilot_method=reported,reporting_missingness=0,reporting_strength=0.5,ed_transform=logit,spatial=distance,epochs=120,patience=15,fit_partition=pathogen,covariate_encoder=summary,input_mode=scheduled_final,input_normalization=b0,evaluation_seasons=recent_two",43,half,flu_admissions_log,2024-2025,0.9490553421121108,pathogen_distance_reported
"pilot_method=reported,reporting_missingness=0,reporting_strength=0.5,ed_transform=logit,spatial=distance,epochs=120,patience=15,fit_partition=pathogen,covariate_encoder=summary,input_mode=scheduled_final,input_normalization=b0,evaluation_seasons=recent_two",43,half,flu_admissions_log,2025-2026,0.8948651008769496,pathogen_distance_reported
"pilot_method=reported,reporting_missingness=0,reporting_strength=0.5,ed_transform=logit,spatial=distance,epochs=120,patience=15,fit_partition=pathogen,covariate_encoder=summary,input_mode=scheduled_final,input_normalization=b0,evaluation_seasons=recent_two",43,half,flu_admissions_log,equal_season_mean,0.9219602214945302,pathogen_distance_reported
"pilot_method=reported,reporting_missingness=0,reporting_strength=0.5,ed_transform=logit,spatial=distance,epochs=120,patience=15,fit_partition=pathogen,covariate_encoder=summary,input_mode=scheduled_final,input_normalization=b0,evaluation_seasons=recent_two",43,raw,six_target_native,2024-2025,1.1544534720981194,pathogen_distance_reported
"pilot_method=reported,reporting_missingness=0,reporting_strength=0.5,ed_transform=logit,spatial=distance,epochs=120,patience=15,fit_partition=pathogen,covariate_encoder=summary,input_mode=scheduled_final,input_normalization=b0,evaluation_seasons=recent_two",43,raw,six_target_native,2025-2026,0.9732691279925632,pathogen_distance_reported
"pilot_method=reported,reporting_missingness=0,reporting_strength=0.5,ed_transform=logit,spatial=distance,epochs=120,patience=15,fit_partition=pathogen,covariate_encoder=summary,input_mode=scheduled_final,input_normalization=b0,evaluation_seasons=recent_two",43,raw,six_target_native,equal_season_mean,1.0638613000453414,pathogen_distance_reported
"pilot_method=reported,reporting_missingness=0,reporting_strength=0.5,ed_transform=logit,spatial=distance,epochs=120,patience=15,fit_partition=pathogen,covariate_encoder=summary,input_mode=scheduled_final,input_normalization=b0,evaluation_seasons=recent_two",43,raw,flu_admissions_native,2024-2025,0.935191435188657,pathogen_distance_reported
"pilot_method=reported,reporting_missingness=0,reporting_strength=0.5,ed_transform=logit,spatial=distance,epochs=120,patience=15,fit_partition=pathogen,covariate_encoder=summary,input_mode=scheduled_final,input_normalization=b0,evaluation_seasons=recent_two",43,raw,flu_admissions_native,2025-2026,0.892267958360274,pathogen_distance_reported
"pilot_method=reported,reporting_missingness=0,reporting_strength=0.5,ed_transform=logit,spatial=distance,epochs=120,patience=15,fit_partition=pathogen,covariate_encoder=summary,input_mode=scheduled_final,input_normalization=b0,evaluation_seasons=recent_two",43,raw,flu_admissions_native,equal_season_mean,0.9137296967744656,pathogen_distance_reported
"pilot_method=reported,reporting_missingness=0,reporting_strength=0.5,ed_transform=logit,spatial=distance,epochs=120,patience=15,fit_partition=pathogen,covariate_encoder=summary,input_mode=scheduled_final,input_normalization=b0,evaluation_seasons=recent_two",43,raw,flu_admissions_log,2024-2025,0.9757944018384046,pathogen_distance_reported
"pilot_method=reported,reporting_missingness=0,reporting_strength=0.5,ed_transform=logit,spatial=distance,epochs=120,patience=15,fit_partition=pathogen,covariate_encoder=summary,input_mode=scheduled_final,input_normalization=b0,evaluation_seasons=recent_two",43,raw,flu_admissions_log,2025-2026,0.9002768899510284,pathogen_distance_reported
"pilot_method=reported,reporting_missingness=0,reporting_strength=0.5,ed_transform=logit,spatial=distance,epochs=120,patience=15,fit_partition=pathogen,covariate_encoder=summary,input_mode=scheduled_final,input_normalization=b0,evaluation_seasons=recent_two",43,raw,flu_admissions_log,equal_season_mean,0.9380356458947166,pathogen_distance_reported
"pilot_method=reported,reporting_missingness=0,reporting_strength=0.5,ed_transform=logit,spatial=neighbors,epochs=120,patience=15,fit_partition=target,covariate_encoder=summary,covariate_set=kinsa,input_mode=scheduled_final,input_normalization=b0,evaluation_seasons=recent_two",42,corrected,six_target_native,2024-2025,0.9439720744810808,target_neighbors_kinsa_reported
"pilot_method=reported,reporting_missingness=0,reporting_strength=0.5,ed_transform=logit,spatial=neighbors,epochs=120,patience=15,fit_partition=target,covariate_encoder=summary,covariate_set=kinsa,input_mode=scheduled_final,input_normalization=b0,evaluation_seasons=recent_two",42,corrected,six_target_native,2025-2026,0.9033119363290312,target_neighbors_kinsa_reported
"pilot_method=reported,reporting_missingness=0,reporting_strength=0.5,ed_transform=logit,spatial=neighbors,epochs=120,patience=15,fit_partition=target,covariate_encoder=summary,covariate_set=kinsa,input_mode=scheduled_final,input_normalization=b0,evaluation_seasons=recent_two",42,corrected,six_target_native,equal_season_mean,0.923642005405056,target_neighbors_kinsa_reported
"pilot_method=reported,reporting_missingness=0,reporting_strength=0.5,ed_transform=logit,spatial=neighbors,epochs=120,patience=15,fit_partition=target,covariate_encoder=summary,covariate_set=kinsa,input_mode=scheduled_final,input_normalization=b0,evaluation_seasons=recent_two",42,corrected,flu_admissions_native,2024-2025,0.9186524416550762,target_neighbors_kinsa_reported
"pilot_method=reported,reporting_missingness=0,reporting_strength=0.5,ed_transform=logit,spatial=neighbors,epochs=120,patience=15,fit_partition=target,covariate_encoder=summary,covariate_set=kinsa,input_mode=scheduled_final,input_normalization=b0,evaluation_seasons=recent_two",42,corrected,flu_admissions_native,2025-2026,0.8933651457478891,target_neighbors_kinsa_reported
"pilot_method=reported,reporting_missingness=0,reporting_strength=0.5,ed_transform=logit,spatial=neighbors,epochs=120,patience=15,fit_partition=target,covariate_encoder=summary,covariate_set=kinsa,input_mode=scheduled_final,input_normalization=b0,evaluation_seasons=recent_two",42,corrected,flu_admissions_native,equal_season_mean,0.9060087937014828,target_neighbors_kinsa_reported
"pilot_method=reported,reporting_missingness=0,reporting_strength=0.5,ed_transform=logit,spatial=neighbors,epochs=120,patience=15,fit_partition=target,covariate_encoder=summary,covariate_set=kinsa,input_mode=scheduled_final,input_normalization=b0,evaluation_seasons=recent_two",42,corrected,flu_admissions_log,2024-2025,0.913388820432037,target_neighbors_kinsa_reported
"pilot_method=reported,reporting_missingness=0,reporting_strength=0.5,ed_transform=logit,spatial=neighbors,epochs=120,patience=15,fit_partition=target,covariate_encoder=summary,covariate_set=kinsa,input_mode=scheduled_final,input_normalization=b0,evaluation_seasons=recent_two",42,corrected,flu_admissions_log,2025-2026,0.9733993959921444,target_neighbors_kinsa_reported
"pilot_method=reported,reporting_missingness=0,reporting_strength=0.5,ed_transform=logit,spatial=neighbors,epochs=120,patience=15,fit_partition=target,covariate_encoder=summary,covariate_set=kinsa,input_mode=scheduled_final,input_normalization=b0,evaluation_seasons=recent_two",42,corrected,flu_admissions_log,equal_season_mean,0.9433941082120908,target_neighbors_kinsa_reported
"pilot_method=reported,reporting_missingness=0,reporting_strength=0.5,ed_transform=logit,spatial=neighbors,epochs=120,patience=15,fit_partition=target,covariate_encoder=summary,covariate_set=kinsa,input_mode=scheduled_final,input_normalization=b0,evaluation_seasons=recent_two",42,half,six_target_native,2024-2025,0.9638270796613664,target_neighbors_kinsa_reported
"pilot_method=reported,reporting_missingness=0,reporting_strength=0.5,ed_transform=logit,spatial=neighbors,epochs=120,patience=15,fit_partition=target,covariate_encoder=summary,covariate_set=kinsa,input_mode=scheduled_final,input_normalization=b0,evaluation_seasons=recent_two",42,half,six_target_native,2025-2026,0.9009438153445806,target_neighbors_kinsa_reported
"pilot_method=reported,reporting_missingness=0,reporting_strength=0.5,ed_transform=logit,spatial=neighbors,epochs=120,patience=15,fit_partition=target,covariate_encoder=summary,covariate_set=kinsa,input_mode=scheduled_final,input_normalization=b0,evaluation_seasons=recent_two",42,half,six_target_native,equal_season_mean,0.9323854475029736,target_neighbors_kinsa_reported
"pilot_method=reported,reporting_missingness=0,reporting_strength=0.5,ed_transform=logit,spatial=neighbors,epochs=120,patience=15,fit_partition=target,covariate_encoder=summary,covariate_set=kinsa,input_mode=scheduled_final,input_normalization=b0,evaluation_seasons=recent_two",42,half,flu_admissions_native,2024-2025,0.9311648136764128,target_neighbors_kinsa_reported
"pilot_method=reported,reporting_missingness=0,reporting_strength=0.5,ed_transform=logit,spatial=neighbors,epochs=120,patience=15,fit_partition=target,covariate_encoder=summary,covariate_set=kinsa,input_mode=scheduled_final,input_normalization=b0,evaluation_seasons=recent_two",42,half,flu_admissions_native,2025-2026,0.8827109766825887,target_neighbors_kinsa_reported
"pilot_method=reported,reporting_missingness=0,reporting_strength=0.5,ed_transform=logit,spatial=neighbors,epochs=120,patience=15,fit_partition=target,covariate_encoder=summary,covariate_set=kinsa,input_mode=scheduled_final,input_normalization=b0,evaluation_seasons=recent_two",42,half,flu_admissions_native,equal_season_mean,0.9069378951795006,target_neighbors_kinsa_reported
"pilot_method=reported,reporting_missingness=0,reporting_strength=0.5,ed_transform=logit,spatial=neighbors,epochs=120,patience=15,fit_partition=target,covariate_encoder=summary,covariate_set=kinsa,input_mode=scheduled_final,input_normalization=b0,evaluation_seasons=recent_two",42,half,flu_admissions_log,2024-2025,0.92579232890755,target_neighbors_kinsa_reported
"pilot_method=reported,reporting_missingness=0,reporting_strength=0.5,ed_transform=logit,spatial=neighbors,epochs=120,patience=15,fit_partition=target,covariate_encoder=summary,covariate_set=kinsa,input_mode=scheduled_final,input_normalization=b0,evaluation_seasons=recent_two",42,half,flu_admissions_log,2025-2026,0.971575214817592,target_neighbors_kinsa_reported
"pilot_method=reported,reporting_missingness=0,reporting_strength=0.5,ed_transform=logit,spatial=neighbors,epochs=120,patience=15,fit_partition=target,covariate_encoder=summary,covariate_set=kinsa,input_mode=scheduled_final,input_normalization=b0,evaluation_seasons=recent_two",42,half,flu_admissions_log,equal_season_mean,0.9486837718625712,target_neighbors_kinsa_reported
"pilot_method=reported,reporting_missingness=0,reporting_strength=0.5,ed_transform=logit,spatial=neighbors,epochs=120,patience=15,fit_partition=target,covariate_encoder=summary,covariate_set=kinsa,input_mode=scheduled_final,input_normalization=b0,evaluation_seasons=recent_two",42,raw,six_target_native,2024-2025,0.9892899165353236,target_neighbors_kinsa_reported
"pilot_method=reported,reporting_missingness=0,reporting_strength=0.5,ed_transform=logit,spatial=neighbors,epochs=120,patience=15,fit_partition=target,covariate_encoder=summary,covariate_set=kinsa,input_mode=scheduled_final,input_normalization=b0,evaluation_seasons=recent_two",42,raw,six_target_native,2025-2026,0.9048614728405068,target_neighbors_kinsa_reported
"pilot_method=reported,reporting_missingness=0,reporting_strength=0.5,ed_transform=logit,spatial=neighbors,epochs=120,patience=15,fit_partition=target,covariate_encoder=summary,covariate_set=kinsa,input_mode=scheduled_final,input_normalization=b0,evaluation_seasons=recent_two",42,raw,six_target_native,equal_season_mean,0.9470756946879152,target_neighbors_kinsa_reported
"pilot_method=reported,reporting_missingness=0,reporting_strength=0.5,ed_transform=logit,spatial=neighbors,epochs=120,patience=15,fit_partition=target,covariate_encoder=summary,covariate_set=kinsa,input_mode=scheduled_final,input_normalization=b0,evaluation_seasons=recent_two",42,raw,flu_admissions_native,2024-2025,0.9478219734160586,target_neighbors_kinsa_reported
"pilot_method=reported,reporting_missingness=0,reporting_strength=0.5,ed_transform=logit,spatial=neighbors,epochs=120,patience=15,fit_partition=target,covariate_encoder=summary,covariate_set=kinsa,input_mode=scheduled_final,input_normalization=b0,evaluation_seasons=recent_two",42,raw,flu_admissions_native,2025-2026,0.8747868302488951,target_neighbors_kinsa_reported
"pilot_method=reported,reporting_missingness=0,reporting_strength=0.5,ed_transform=logit,spatial=neighbors,epochs=120,patience=15,fit_partition=target,covariate_encoder=summary,covariate_set=kinsa,input_mode=scheduled_final,input_normalization=b0,evaluation_seasons=recent_two",42,raw,flu_admissions_native,equal_season_mean,0.9113044018324769,target_neighbors_kinsa_reported
"pilot_method=reported,reporting_missingness=0,reporting_strength=0.5,ed_transform=logit,spatial=neighbors,epochs=120,patience=15,fit_partition=target,covariate_encoder=summary,covariate_set=kinsa,input_mode=scheduled_final,input_normalization=b0,evaluation_seasons=recent_two",42,raw,flu_admissions_log,2024-2025,0.946361571662572,target_neighbors_kinsa_reported
"pilot_method=reported,reporting_missingness=0,reporting_strength=0.5,ed_transform=logit,spatial=neighbors,epochs=120,patience=15,fit_partition=target,covariate_encoder=summary,covariate_set=kinsa,input_mode=scheduled_final,input_normalization=b0,evaluation_seasons=recent_two",42,raw,flu_admissions_log,2025-2026,0.9774771386422202,target_neighbors_kinsa_reported
"pilot_method=reported,reporting_missingness=0,reporting_strength=0.5,ed_transform=logit,spatial=neighbors,epochs=120,patience=15,fit_partition=target,covariate_encoder=summary,covariate_set=kinsa,input_mode=scheduled_final,input_normalization=b0,evaluation_seasons=recent_two",42,raw,flu_admissions_log,equal_season_mean,0.961919355152396,target_neighbors_kinsa_reported
"pilot_method=reported,reporting_missingness=0,reporting_strength=0.5,ed_transform=logit,spatial=neighbors,epochs=120,patience=15,fit_partition=target,covariate_encoder=summary,covariate_set=kinsa,input_mode=scheduled_final,input_normalization=b0,evaluation_seasons=recent_two",43,corrected,six_target_native,2024-2025,0.958358714747207,target_neighbors_kinsa_reported
"pilot_method=reported,reporting_missingness=0,reporting_strength=0.5,ed_transform=logit,spatial=neighbors,epochs=120,patience=15,fit_partition=target,covariate_encoder=summary,covariate_set=kinsa,input_mode=scheduled_final,input_normalization=b0,evaluation_seasons=recent_two",43,corrected,six_target_native,2025-2026,1.0030804367903985,target_neighbors_kinsa_reported
"pilot_method=reported,reporting_missingness=0,reporting_strength=0.5,ed_transform=logit,spatial=neighbors,epochs=120,patience=15,fit_partition=target,covariate_encoder=summary,covariate_set=kinsa,input_mode=scheduled_final,input_normalization=b0,evaluation_seasons=recent_two",43,corrected,six_target_native,equal_season_mean,0.9807195757688026,target_neighbors_kinsa_reported
"pilot_method=reported,reporting_missingness=0,reporting_strength=0.5,ed_transform=logit,spatial=neighbors,epochs=120,patience=15,fit_partition=target,covariate_encoder=summary,covariate_set=kinsa,input_mode=scheduled_final,input_normalization=b0,evaluation_seasons=recent_two",43,corrected,flu_admissions_native,2024-2025,0.8896165653626349,target_neighbors_kinsa_reported
"pilot_method=reported,reporting_missingness=0,reporting_strength=0.5,ed_transform=logit,spatial=neighbors,epochs=120,patience=15,fit_partition=target,covariate_encoder=summary,covariate_set=kinsa,input_mode=scheduled_final,input_normalization=b0,evaluation_seasons=recent_two",43,corrected,flu_admissions_native,2025-2026,0.900835700446999,target_neighbors_kinsa_reported
"pilot_method=reported,reporting_missingness=0,reporting_strength=0.5,ed_transform=logit,spatial=neighbors,epochs=120,patience=15,fit_partition=target,covariate_encoder=summary,covariate_set=kinsa,input_mode=scheduled_final,input_normalization=b0,evaluation_seasons=recent_two",43,corrected,flu_admissions_native,equal_season_mean,0.895226132904817,target_neighbors_kinsa_reported
"pilot_method=reported,reporting_missingness=0,reporting_strength=0.5,ed_transform=logit,spatial=neighbors,epochs=120,patience=15,fit_partition=target,covariate_encoder=summary,covariate_set=kinsa,input_mode=scheduled_final,input_normalization=b0,evaluation_seasons=recent_two",43,corrected,flu_admissions_log,2024-2025,0.8775061587454782,target_neighbors_kinsa_reported
"pilot_method=reported,reporting_missingness=0,reporting_strength=0.5,ed_transform=logit,spatial=neighbors,epochs=120,patience=15,fit_partition=target,covariate_encoder=summary,covariate_set=kinsa,input_mode=scheduled_final,input_normalization=b0,evaluation_seasons=recent_two",43,corrected,flu_admissions_log,2025-2026,0.9448766279356396,target_neighbors_kinsa_reported
"pilot_method=reported,reporting_missingness=0,reporting_strength=0.5,ed_transform=logit,spatial=neighbors,epochs=120,patience=15,fit_partition=target,covariate_encoder=summary,covariate_set=kinsa,input_mode=scheduled_final,input_normalization=b0,evaluation_seasons=recent_two",43,corrected,flu_admissions_log,equal_season_mean,0.9111913933405588,target_neighbors_kinsa_reported
"pilot_method=reported,reporting_missingness=0,reporting_strength=0.5,ed_transform=logit,spatial=neighbors,epochs=120,patience=15,fit_partition=target,covariate_encoder=summary,covariate_set=kinsa,input_mode=scheduled_final,input_normalization=b0,evaluation_seasons=recent_two",43,half,six_target_native,2024-2025,0.9769342052719688,target_neighbors_kinsa_reported
"pilot_method=reported,reporting_missingness=0,reporting_strength=0.5,ed_transform=logit,spatial=neighbors,epochs=120,patience=15,fit_partition=target,covariate_encoder=summary,covariate_set=kinsa,input_mode=scheduled_final,input_normalization=b0,evaluation_seasons=recent_two",43,half,six_target_native,2025-2026,0.9932081466954776,target_neighbors_kinsa_reported
"pilot_method=reported,reporting_missingness=0,reporting_strength=0.5,ed_transform=logit,spatial=neighbors,epochs=120,patience=15,fit_partition=target,covariate_encoder=summary,covariate_set=kinsa,input_mode=scheduled_final,input_normalization=b0,evaluation_seasons=recent_two",43,half,six_target_native,equal_season_mean,0.9850711759837232,target_neighbors_kinsa_reported
"pilot_method=reported,reporting_missingness=0,reporting_strength=0.5,ed_transform=logit,spatial=neighbors,epochs=120,patience=15,fit_partition=target,covariate_encoder=summary,covariate_set=kinsa,input_mode=scheduled_final,input_normalization=b0,evaluation_seasons=recent_two",43,half,flu_admissions_native,2024-2025,0.9090960502936472,target_neighbors_kinsa_reported
"pilot_method=reported,reporting_missingness=0,reporting_strength=0.5,ed_transform=logit,spatial=neighbors,epochs=120,patience=15,fit_partition=target,covariate_encoder=summary,covariate_set=kinsa,input_mode=scheduled_final,input_normalization=b0,evaluation_seasons=recent_two",43,half,flu_admissions_native,2025-2026,0.8952461216220968,target_neighbors_kinsa_reported
"pilot_method=reported,reporting_missingness=0,reporting_strength=0.5,ed_transform=logit,spatial=neighbors,epochs=120,patience=15,fit_partition=target,covariate_encoder=summary,covariate_set=kinsa,input_mode=scheduled_final,input_normalization=b0,evaluation_seasons=recent_two",43,half,flu_admissions_native,equal_season_mean,0.902171085957872,target_neighbors_kinsa_reported
"pilot_method=reported,reporting_missingness=0,reporting_strength=0.5,ed_transform=logit,spatial=neighbors,epochs=120,patience=15,fit_partition=target,covariate_encoder=summary,covariate_set=kinsa,input_mode=scheduled_final,input_normalization=b0,evaluation_seasons=recent_two",43,half,flu_admissions_log,2024-2025,0.9009938757093536,target_neighbors_kinsa_reported
"pilot_method=reported,reporting_missingness=0,reporting_strength=0.5,ed_transform=logit,spatial=neighbors,epochs=120,patience=15,fit_partition=target,covariate_encoder=summary,covariate_set=kinsa,input_mode=scheduled_final,input_normalization=b0,evaluation_seasons=recent_two",43,half,flu_admissions_log,2025-2026,0.9472548168469512,target_neighbors_kinsa_reported
"pilot_method=reported,reporting_missingness=0,reporting_strength=0.5,ed_transform=logit,spatial=neighbors,epochs=120,patience=15,fit_partition=target,covariate_encoder=summary,covariate_set=kinsa,input_mode=scheduled_final,input_normalization=b0,evaluation_seasons=recent_two",43,half,flu_admissions_log,equal_season_mean,0.9241243462781524,target_neighbors_kinsa_reported
"pilot_method=reported,reporting_missingness=0,reporting_strength=0.5,ed_transform=logit,spatial=neighbors,epochs=120,patience=15,fit_partition=target,covariate_encoder=summary,covariate_set=kinsa,input_mode=scheduled_final,input_normalization=b0,evaluation_seasons=recent_two",43,raw,six_target_native,2024-2025,1.000535635054277,target_neighbors_kinsa_reported
"pilot_method=reported,reporting_missingness=0,reporting_strength=0.5,ed_transform=logit,spatial=neighbors,epochs=120,patience=15,fit_partition=target,covariate_encoder=summary,covariate_set=kinsa,input_mode=scheduled_final,input_normalization=b0,evaluation_seasons=recent_two",43,raw,six_target_native,2025-2026,0.9881437548729168,target_neighbors_kinsa_reported
"pilot_method=reported,reporting_missingness=0,reporting_strength=0.5,ed_transform=logit,spatial=neighbors,epochs=120,patience=15,fit_partition=target,covariate_encoder=summary,covariate_set=kinsa,input_mode=scheduled_final,input_normalization=b0,evaluation_seasons=recent_two",43,raw,six_target_native,equal_season_mean,0.9943396949635968,target_neighbors_kinsa_reported
"pilot_method=reported,reporting_missingness=0,reporting_strength=0.5,ed_transform=logit,spatial=neighbors,epochs=120,patience=15,fit_partition=target,covariate_encoder=summary,covariate_set=kinsa,input_mode=scheduled_final,input_normalization=b0,evaluation_seasons=recent_two",43,raw,flu_admissions_native,2024-2025,0.9320691609393416,target_neighbors_kinsa_reported
"pilot_method=reported,reporting_missingness=0,reporting_strength=0.5,ed_transform=logit,spatial=neighbors,epochs=120,patience=15,fit_partition=target,covariate_encoder=summary,covariate_set=kinsa,input_mode=scheduled_final,input_normalization=b0,evaluation_seasons=recent_two",43,raw,flu_admissions_native,2025-2026,0.892989681141676,target_neighbors_kinsa_reported
"pilot_method=reported,reporting_missingness=0,reporting_strength=0.5,ed_transform=logit,spatial=neighbors,epochs=120,patience=15,fit_partition=target,covariate_encoder=summary,covariate_set=kinsa,input_mode=scheduled_final,input_normalization=b0,evaluation_seasons=recent_two",43,raw,flu_admissions_native,equal_season_mean,0.9125294210405088,target_neighbors_kinsa_reported
"pilot_method=reported,reporting_missingness=0,reporting_strength=0.5,ed_transform=logit,spatial=neighbors,epochs=120,patience=15,fit_partition=target,covariate_encoder=summary,covariate_set=kinsa,input_mode=scheduled_final,input_normalization=b0,evaluation_seasons=recent_two",43,raw,flu_admissions_log,2024-2025,0.930755714329212,target_neighbors_kinsa_reported
"pilot_method=reported,reporting_missingness=0,reporting_strength=0.5,ed_transform=logit,spatial=neighbors,epochs=120,patience=15,fit_partition=target,covariate_encoder=summary,covariate_set=kinsa,input_mode=scheduled_final,input_normalization=b0,evaluation_seasons=recent_two",43,raw,flu_admissions_log,2025-2026,0.9563962569400524,target_neighbors_kinsa_reported
"pilot_method=reported,reporting_missingness=0,reporting_strength=0.5,ed_transform=logit,spatial=neighbors,epochs=120,patience=15,fit_partition=target,covariate_encoder=summary,covariate_set=kinsa,input_mode=scheduled_final,input_normalization=b0,evaluation_seasons=recent_two",43,raw,flu_admissions_log,equal_season_mean,0.9435759856346322,target_neighbors_kinsa_reported
"pilot_method=two_stage,pilot_nowcaster=real_tree,reporting_missingness=0,reporting_strength=0.5,ed_transform=logit,spatial=distance,epochs=120,patience=15,fit_partition=pathogen,covariate_encoder=summary,input_mode=scheduled_final,input_normalization=b0,evaluation_seasons=recent_two",42,corrected,six_target_native,2024-2025,0.9795820365907816,pathogen_distance_real_tree_pipeline
"pilot_method=two_stage,pilot_nowcaster=real_tree,reporting_missingness=0,reporting_strength=0.5,ed_transform=logit,spatial=distance,epochs=120,patience=15,fit_partition=pathogen,covariate_encoder=summary,input_mode=scheduled_final,input_normalization=b0,evaluation_seasons=recent_two",42,corrected,six_target_native,2025-2026,1.024417502620204,pathogen_distance_real_tree_pipeline
"pilot_method=two_stage,pilot_nowcaster=real_tree,reporting_missingness=0,reporting_strength=0.5,ed_transform=logit,spatial=distance,epochs=120,patience=15,fit_partition=pathogen,covariate_encoder=summary,input_mode=scheduled_final,input_normalization=b0,evaluation_seasons=recent_two",42,corrected,six_target_native,equal_season_mean,1.0019997696054928,pathogen_distance_real_tree_pipeline
"pilot_method=two_stage,pilot_nowcaster=real_tree,reporting_missingness=0,reporting_strength=0.5,ed_transform=logit,spatial=distance,epochs=120,patience=15,fit_partition=pathogen,covariate_encoder=summary,input_mode=scheduled_final,input_normalization=b0,evaluation_seasons=recent_two",42,corrected,flu_admissions_native,2024-2025,0.724823851383763,pathogen_distance_real_tree_pipeline
"pilot_method=two_stage,pilot_nowcaster=real_tree,reporting_missingness=0,reporting_strength=0.5,ed_transform=logit,spatial=distance,epochs=120,patience=15,fit_partition=pathogen,covariate_encoder=summary,input_mode=scheduled_final,input_normalization=b0,evaluation_seasons=recent_two",42,corrected,flu_admissions_native,2025-2026,0.936004461494239,pathogen_distance_real_tree_pipeline
"pilot_method=two_stage,pilot_nowcaster=real_tree,reporting_missingness=0,reporting_strength=0.5,ed_transform=logit,spatial=distance,epochs=120,patience=15,fit_partition=pathogen,covariate_encoder=summary,input_mode=scheduled_final,input_normalization=b0,evaluation_seasons=recent_two",42,corrected,flu_admissions_native,equal_season_mean,0.8304141564390011,pathogen_distance_real_tree_pipeline
"pilot_method=two_stage,pilot_nowcaster=real_tree,reporting_missingness=0,reporting_strength=0.5,ed_transform=logit,spatial=distance,epochs=120,patience=15,fit_partition=pathogen,covariate_encoder=summary,input_mode=scheduled_final,input_normalization=b0,evaluation_seasons=recent_two",42,corrected,flu_admissions_log,2024-2025,0.7792746619090213,pathogen_distance_real_tree_pipeline
"pilot_method=two_stage,pilot_nowcaster=real_tree,reporting_missingness=0,reporting_strength=0.5,ed_transform=logit,spatial=distance,epochs=120,patience=15,fit_partition=pathogen,covariate_encoder=summary,input_mode=scheduled_final,input_normalization=b0,evaluation_seasons=recent_two",42,corrected,flu_admissions_log,2025-2026,0.9400594981385366,pathogen_distance_real_tree_pipeline
"pilot_method=two_stage,pilot_nowcaster=real_tree,reporting_missingness=0,reporting_strength=0.5,ed_transform=logit,spatial=distance,epochs=120,patience=15,fit_partition=pathogen,covariate_encoder=summary,input_mode=scheduled_final,input_normalization=b0,evaluation_seasons=recent_two",42,corrected,flu_admissions_log,equal_season_mean,0.8596670800237789,pathogen_distance_real_tree_pipeline
"pilot_method=two_stage,pilot_nowcaster=real_tree,reporting_missingness=0,reporting_strength=0.5,ed_transform=logit,spatial=distance,epochs=120,patience=15,fit_partition=pathogen,covariate_encoder=summary,input_mode=scheduled_final,input_normalization=b0,evaluation_seasons=recent_two",42,half,six_target_native,2024-2025,1.0459522439966302,pathogen_distance_real_tree_pipeline
"pilot_method=two_stage,pilot_nowcaster=real_tree,reporting_missingness=0,reporting_strength=0.5,ed_transform=logit,spatial=distance,epochs=120,patience=15,fit_partition=pathogen,covariate_encoder=summary,input_mode=scheduled_final,input_normalization=b0,evaluation_seasons=recent_two",42,half,six_target_native,2025-2026,1.0290826552860477,pathogen_distance_real_tree_pipeline
"pilot_method=two_stage,pilot_nowcaster=real_tree,reporting_missingness=0,reporting_strength=0.5,ed_transform=logit,spatial=distance,epochs=120,patience=15,fit_partition=pathogen,covariate_encoder=summary,input_mode=scheduled_final,input_normalization=b0,evaluation_seasons=recent_two",42,half,six_target_native,equal_season_mean,1.0375174496413389,pathogen_distance_real_tree_pipeline
"pilot_method=two_stage,pilot_nowcaster=real_tree,reporting_missingness=0,reporting_strength=0.5,ed_transform=logit,spatial=distance,epochs=120,patience=15,fit_partition=pathogen,covariate_encoder=summary,input_mode=scheduled_final,input_normalization=b0,evaluation_seasons=recent_two",42,half,flu_admissions_native,2024-2025,0.7562456821069075,pathogen_distance_real_tree_pipeline
"pilot_method=two_stage,pilot_nowcaster=real_tree,reporting_missingness=0,reporting_strength=0.5,ed_transform=logit,spatial=distance,epochs=120,patience=15,fit_partition=pathogen,covariate_encoder=summary,input_mode=scheduled_final,input_normalization=b0,evaluation_seasons=recent_two",42,half,flu_admissions_native,2025-2026,0.9215221162156249,pathogen_distance_real_tree_pipeline
"pilot_method=two_stage,pilot_nowcaster=real_tree,reporting_missingness=0,reporting_strength=0.5,ed_transform=logit,spatial=distance,epochs=120,patience=15,fit_partition=pathogen,covariate_encoder=summary,input_mode=scheduled_final,input_normalization=b0,evaluation_seasons=recent_two",42,half,flu_admissions_native,equal_season_mean,0.8388838991612662,pathogen_distance_real_tree_pipeline
"pilot_method=two_stage,pilot_nowcaster=real_tree,reporting_missingness=0,reporting_strength=0.5,ed_transform=logit,spatial=distance,epochs=120,patience=15,fit_partition=pathogen,covariate_encoder=summary,input_mode=scheduled_final,input_normalization=b0,evaluation_seasons=recent_two",42,half,flu_admissions_log,2024-2025,0.8389014101044938,pathogen_distance_real_tree_pipeline
"pilot_method=two_stage,pilot_nowcaster=real_tree,reporting_missingness=0,reporting_strength=0.5,ed_transform=logit,spatial=distance,epochs=120,patience=15,fit_partition=pathogen,covariate_encoder=summary,input_mode=scheduled_final,input_normalization=b0,evaluation_seasons=recent_two",42,half,flu_admissions_log,2025-2026,0.946777022444103,pathogen_distance_real_tree_pipeline
"pilot_method=two_stage,pilot_nowcaster=real_tree,reporting_missingness=0,reporting_strength=0.5,ed_transform=logit,spatial=distance,epochs=120,patience=15,fit_partition=pathogen,covariate_encoder=summary,input_mode=scheduled_final,input_normalization=b0,evaluation_seasons=recent_two",42,half,flu_admissions_log,equal_season_mean,0.8928392162742984,pathogen_distance_real_tree_pipeline
"pilot_method=two_stage,pilot_nowcaster=real_tree,reporting_missingness=0,reporting_strength=0.5,ed_transform=logit,spatial=distance,epochs=120,patience=15,fit_partition=pathogen,covariate_encoder=summary,input_mode=scheduled_final,input_normalization=b0,evaluation_seasons=recent_two",42,raw,six_target_native,2024-2025,1.137285979150696,pathogen_distance_real_tree_pipeline
"pilot_method=two_stage,pilot_nowcaster=real_tree,reporting_missingness=0,reporting_strength=0.5,ed_transform=logit,spatial=distance,epochs=120,patience=15,fit_partition=pathogen,covariate_encoder=summary,input_mode=scheduled_final,input_normalization=b0,evaluation_seasons=recent_two",42,raw,six_target_native,2025-2026,1.0431858846015605,pathogen_distance_real_tree_pipeline
"pilot_method=two_stage,pilot_nowcaster=real_tree,reporting_missingness=0,reporting_strength=0.5,ed_transform=logit,spatial=distance,epochs=120,patience=15,fit_partition=pathogen,covariate_encoder=summary,input_mode=scheduled_final,input_normalization=b0,evaluation_seasons=recent_two",42,raw,six_target_native,equal_season_mean,1.090235931876128,pathogen_distance_real_tree_pipeline
"pilot_method=two_stage,pilot_nowcaster=real_tree,reporting_missingness=0,reporting_strength=0.5,ed_transform=logit,spatial=distance,epochs=120,patience=15,fit_partition=pathogen,covariate_encoder=summary,input_mode=scheduled_final,input_normalization=b0,evaluation_seasons=recent_two",42,raw,flu_admissions_native,2024-2025,0.807610111916647,pathogen_distance_real_tree_pipeline
"pilot_method=two_stage,pilot_nowcaster=real_tree,reporting_missingness=0,reporting_strength=0.5,ed_transform=logit,spatial=distance,epochs=120,patience=15,fit_partition=pathogen,covariate_encoder=summary,input_mode=scheduled_final,input_normalization=b0,evaluation_seasons=recent_two",42,raw,flu_admissions_native,2025-2026,0.9162475043843288,pathogen_distance_real_tree_pipeline
"pilot_method=two_stage,pilot_nowcaster=real_tree,reporting_missingness=0,reporting_strength=0.5,ed_transform=logit,spatial=distance,epochs=120,patience=15,fit_partition=pathogen,covariate_encoder=summary,input_mode=scheduled_final,input_normalization=b0,evaluation_seasons=recent_two",42,raw,flu_admissions_native,equal_season_mean,0.8619288081504879,pathogen_distance_real_tree_pipeline
"pilot_method=two_stage,pilot_nowcaster=real_tree,reporting_missingness=0,reporting_strength=0.5,ed_transform=logit,spatial=distance,epochs=120,patience=15,fit_partition=pathogen,covariate_encoder=summary,input_mode=scheduled_final,input_normalization=b0,evaluation_seasons=recent_two",42,raw,flu_admissions_log,2024-2025,0.92687491103146,pathogen_distance_real_tree_pipeline
"pilot_method=two_stage,pilot_nowcaster=real_tree,reporting_missingness=0,reporting_strength=0.5,ed_transform=logit,spatial=distance,epochs=120,patience=15,fit_partition=pathogen,covariate_encoder=summary,input_mode=scheduled_final,input_normalization=b0,evaluation_seasons=recent_two",42,raw,flu_admissions_log,2025-2026,0.965339445598142,pathogen_distance_real_tree_pipeline
"pilot_method=two_stage,pilot_nowcaster=real_tree,reporting_missingness=0,reporting_strength=0.5,ed_transform=logit,spatial=distance,epochs=120,patience=15,fit_partition=pathogen,covariate_encoder=summary,input_mode=scheduled_final,input_normalization=b0,evaluation_seasons=recent_two",42,raw,flu_admissions_log,equal_season_mean,0.946107178314801,pathogen_distance_real_tree_pipeline
"pilot_method=two_stage,pilot_nowcaster=real_tree,reporting_missingness=0,reporting_strength=0.5,ed_transform=logit,spatial=distance,epochs=120,patience=15,fit_partition=pathogen,covariate_encoder=summary,input_mode=scheduled_final,input_normalization=b0,evaluation_seasons=recent_two",43,corrected,six_target_native,2024-2025,0.9352956742106008,pathogen_distance_real_tree_pipeline
"pilot_method=two_stage,pilot_nowcaster=real_tree,reporting_missingness=0,reporting_strength=0.5,ed_transform=logit,spatial=distance,epochs=120,patience=15,fit_partition=pathogen,covariate_encoder=summary,input_mode=scheduled_final,input_normalization=b0,evaluation_seasons=recent_two",43,corrected,six_target_native,2025-2026,0.916299261348322,pathogen_distance_real_tree_pipeline
"pilot_method=two_stage,pilot_nowcaster=real_tree,reporting_missingness=0,reporting_strength=0.5,ed_transform=logit,spatial=distance,epochs=120,patience=15,fit_partition=pathogen,covariate_encoder=summary,input_mode=scheduled_final,input_normalization=b0,evaluation_seasons=recent_two",43,corrected,six_target_native,equal_season_mean,0.9257974677794614,pathogen_distance_real_tree_pipeline
"pilot_method=two_stage,pilot_nowcaster=real_tree,reporting_missingness=0,reporting_strength=0.5,ed_transform=logit,spatial=distance,epochs=120,patience=15,fit_partition=pathogen,covariate_encoder=summary,input_mode=scheduled_final,input_normalization=b0,evaluation_seasons=recent_two",43,corrected,flu_admissions_native,2024-2025,0.77214645705777,pathogen_distance_real_tree_pipeline
"pilot_method=two_stage,pilot_nowcaster=real_tree,reporting_missingness=0,reporting_strength=0.5,ed_transform=logit,spatial=distance,epochs=120,patience=15,fit_partition=pathogen,covariate_encoder=summary,input_mode=scheduled_final,input_normalization=b0,evaluation_seasons=recent_two",43,corrected,flu_admissions_native,2025-2026,0.9877310298644826,pathogen_distance_real_tree_pipeline
"pilot_method=two_stage,pilot_nowcaster=real_tree,reporting_missingness=0,reporting_strength=0.5,ed_transform=logit,spatial=distance,epochs=120,patience=15,fit_partition=pathogen,covariate_encoder=summary,input_mode=scheduled_final,input_normalization=b0,evaluation_seasons=recent_two",43,corrected,flu_admissions_native,equal_season_mean,0.8799387434611263,pathogen_distance_real_tree_pipeline
"pilot_method=two_stage,pilot_nowcaster=real_tree,reporting_missingness=0,reporting_strength=0.5,ed_transform=logit,spatial=distance,epochs=120,patience=15,fit_partition=pathogen,covariate_encoder=summary,input_mode=scheduled_final,input_normalization=b0,evaluation_seasons=recent_two",43,corrected,flu_admissions_log,2024-2025,0.8582386633245513,pathogen_distance_real_tree_pipeline
"pilot_method=two_stage,pilot_nowcaster=real_tree,reporting_missingness=0,reporting_strength=0.5,ed_transform=logit,spatial=distance,epochs=120,patience=15,fit_partition=pathogen,covariate_encoder=summary,input_mode=scheduled_final,input_normalization=b0,evaluation_seasons=recent_two",43,corrected,flu_admissions_log,2025-2026,0.9543745351672824,pathogen_distance_real_tree_pipeline
"pilot_method=two_stage,pilot_nowcaster=real_tree,reporting_missingness=0,reporting_strength=0.5,ed_transform=logit,spatial=distance,epochs=120,patience=15,fit_partition=pathogen,covariate_encoder=summary,input_mode=scheduled_final,input_normalization=b0,evaluation_seasons=recent_two",43,corrected,flu_admissions_log,equal_season_mean,0.9063065992459168,pathogen_distance_real_tree_pipeline
"pilot_method=two_stage,pilot_nowcaster=real_tree,reporting_missingness=0,reporting_strength=0.5,ed_transform=logit,spatial=distance,epochs=120,patience=15,fit_partition=pathogen,covariate_encoder=summary,input_mode=scheduled_final,input_normalization=b0,evaluation_seasons=recent_two",43,half,six_target_native,2024-2025,1.001883290784829,pathogen_distance_real_tree_pipeline
"pilot_method=two_stage,pilot_nowcaster=real_tree,reporting_missingness=0,reporting_strength=0.5,ed_transform=logit,spatial=distance,epochs=120,patience=15,fit_partition=pathogen,covariate_encoder=summary,input_mode=scheduled_final,input_normalization=b0,evaluation_seasons=recent_two",43,half,six_target_native,2025-2026,0.9125792732654388,pathogen_distance_real_tree_pipeline
"pilot_method=two_stage,pilot_nowcaster=real_tree,reporting_missingness=0,reporting_strength=0.5,ed_transform=logit,spatial=distance,epochs=120,patience=15,fit_partition=pathogen,covariate_encoder=summary,input_mode=scheduled_final,input_normalization=b0,evaluation_seasons=recent_two",43,half,six_target_native,equal_season_mean,0.957231282025134,pathogen_distance_real_tree_pipeline
"pilot_method=two_stage,pilot_nowcaster=real_tree,reporting_missingness=0,reporting_strength=0.5,ed_transform=logit,spatial=distance,epochs=120,patience=15,fit_partition=pathogen,covariate_encoder=summary,input_mode=scheduled_final,input_normalization=b0,evaluation_seasons=recent_two",43,half,flu_admissions_native,2024-2025,0.8182305167439706,pathogen_distance_real_tree_pipeline
"pilot_method=two_stage,pilot_nowcaster=real_tree,reporting_missingness=0,reporting_strength=0.5,ed_transform=logit,spatial=distance,epochs=120,patience=15,fit_partition=pathogen,covariate_encoder=summary,input_mode=scheduled_final,input_normalization=b0,evaluation_seasons=recent_two",43,half,flu_admissions_native,2025-2026,0.9518567489661824,pathogen_distance_real_tree_pipeline
"pilot_method=two_stage,pilot_nowcaster=real_tree,reporting_missingness=0,reporting_strength=0.5,ed_transform=logit,spatial=distance,epochs=120,patience=15,fit_partition=pathogen,covariate_encoder=summary,input_mode=scheduled_final,input_normalization=b0,evaluation_seasons=recent_two",43,half,flu_admissions_native,equal_season_mean,0.8850436328550766,pathogen_distance_real_tree_pipeline
"pilot_method=two_stage,pilot_nowcaster=real_tree,reporting_missingness=0,reporting_strength=0.5,ed_transform=logit,spatial=distance,epochs=120,patience=15,fit_partition=pathogen,covariate_encoder=summary,input_mode=scheduled_final,input_normalization=b0,evaluation_seasons=recent_two",43,half,flu_admissions_log,2024-2025,0.9336750106633424,pathogen_distance_real_tree_pipeline
"pilot_method=two_stage,pilot_nowcaster=real_tree,reporting_missingness=0,reporting_strength=0.5,ed_transform=logit,spatial=distance,epochs=120,patience=15,fit_partition=pathogen,covariate_encoder=summary,input_mode=scheduled_final,input_normalization=b0,evaluation_seasons=recent_two",43,half,flu_admissions_log,2025-2026,0.9409945213914892,pathogen_distance_real_tree_pipeline
"pilot_method=two_stage,pilot_nowcaster=real_tree,reporting_missingness=0,reporting_strength=0.5,ed_transform=logit,spatial=distance,epochs=120,patience=15,fit_partition=pathogen,covariate_encoder=summary,input_mode=scheduled_final,input_normalization=b0,evaluation_seasons=recent_two",43,half,flu_admissions_log,equal_season_mean,0.9373347660274158,pathogen_distance_real_tree_pipeline
"pilot_method=two_stage,pilot_nowcaster=real_tree,reporting_missingness=0,reporting_strength=0.5,ed_transform=logit,spatial=distance,epochs=120,patience=15,fit_partition=pathogen,covariate_encoder=summary,input_mode=scheduled_final,input_normalization=b0,evaluation_seasons=recent_two",43,raw,six_target_native,2024-2025,1.0937805398478142,pathogen_distance_real_tree_pipeline
"pilot_method=two_stage,pilot_nowcaster=real_tree,reporting_missingness=0,reporting_strength=0.5,ed_transform=logit,spatial=distance,epochs=120,patience=15,fit_partition=pathogen,covariate_encoder=summary,input_mode=scheduled_final,input_normalization=b0,evaluation_seasons=recent_two",43,raw,six_target_native,2025-2026,0.919180441718231,pathogen_distance_real_tree_pipeline
"pilot_method=two_stage,pilot_nowcaster=real_tree,reporting_missingness=0,reporting_strength=0.5,ed_transform=logit,spatial=distance,epochs=120,patience=15,fit_partition=pathogen,covariate_encoder=summary,input_mode=scheduled_final,input_normalization=b0,evaluation_seasons=recent_two",43,raw,six_target_native,equal_season_mean,1.0064804907830225,pathogen_distance_real_tree_pipeline
"pilot_method=two_stage,pilot_nowcaster=real_tree,reporting_missingness=0,reporting_strength=0.5,ed_transform=logit,spatial=distance,epochs=120,patience=15,fit_partition=pathogen,covariate_encoder=summary,input_mode=scheduled_final,input_normalization=b0,evaluation_seasons=recent_two",43,raw,flu_admissions_native,2024-2025,0.879608714486028,pathogen_distance_real_tree_pipeline
"pilot_method=two_stage,pilot_nowcaster=real_tree,reporting_missingness=0,reporting_strength=0.5,ed_transform=logit,spatial=distance,epochs=120,patience=15,fit_partition=pathogen,covariate_encoder=summary,input_mode=scheduled_final,input_normalization=b0,evaluation_seasons=recent_two",43,raw,flu_admissions_native,2025-2026,0.9278024336492758,pathogen_distance_real_tree_pipeline
"pilot_method=two_stage,pilot_nowcaster=real_tree,reporting_missingness=0,reporting_strength=0.5,ed_transform=logit,spatial=distance,epochs=120,patience=15,fit_partition=pathogen,covariate_encoder=summary,input_mode=scheduled_final,input_normalization=b0,evaluation_seasons=recent_two",43,raw,flu_admissions_native,equal_season_mean,0.9037055740676518,pathogen_distance_real_tree_pipeline
"pilot_method=two_stage,pilot_nowcaster=real_tree,reporting_missingness=0,reporting_strength=0.5,ed_transform=logit,spatial=distance,epochs=120,patience=15,fit_partition=pathogen,covariate_encoder=summary,input_mode=scheduled_final,input_normalization=b0,evaluation_seasons=recent_two",43,raw,flu_admissions_log,2024-2025,1.0363886572860206,pathogen_distance_real_tree_pipeline
"pilot_method=two_stage,pilot_nowcaster=real_tree,reporting_missingness=0,reporting_strength=0.5,ed_transform=logit,spatial=distance,epochs=120,patience=15,fit_partition=pathogen,covariate_encoder=summary,input_mode=scheduled_final,input_normalization=b0,evaluation_seasons=recent_two",43,raw,flu_admissions_log,2025-2026,0.9440966494537236,pathogen_distance_real_tree_pipeline
"pilot_method=two_stage,pilot_nowcaster=real_tree,reporting_missingness=0,reporting_strength=0.5,ed_transform=logit,spatial=distance,epochs=120,patience=15,fit_partition=pathogen,covariate_encoder=summary,input_mode=scheduled_final,input_normalization=b0,evaluation_seasons=recent_two",43,raw,flu_admissions_log,equal_season_mean,0.9902426533698722,pathogen_distance_real_tree_pipeline
"pilot_method=two_stage,pilot_nowcaster=real_tree,reporting_missingness=0,reporting_strength=0.5,ed_transform=logit,spatial=neighbors,epochs=120,patience=15,fit_partition=target,covariate_encoder=summary,covariate_set=kinsa,input_mode=scheduled_final,input_normalization=b0,evaluation_seasons=recent_two",42,corrected,six_target_native,2024-2025,0.9661827868469404,target_neighbors_kinsa_real_tree_pipeline
"pilot_method=two_stage,pilot_nowcaster=real_tree,reporting_missingness=0,reporting_strength=0.5,ed_transform=logit,spatial=neighbors,epochs=120,patience=15,fit_partition=target,covariate_encoder=summary,covariate_set=kinsa,input_mode=scheduled_final,input_normalization=b0,evaluation_seasons=recent_two",42,corrected,six_target_native,2025-2026,0.9521387088579892,target_neighbors_kinsa_real_tree_pipeline
"pilot_method=two_stage,pilot_nowcaster=real_tree,reporting_missingness=0,reporting_strength=0.5,ed_transform=logit,spatial=neighbors,epochs=120,patience=15,fit_partition=target,covariate_encoder=summary,covariate_set=kinsa,input_mode=scheduled_final,input_normalization=b0,evaluation_seasons=recent_two",42,corrected,six_target_native,equal_season_mean,0.9591607478524647,target_neighbors_kinsa_real_tree_pipeline
"pilot_method=two_stage,pilot_nowcaster=real_tree,reporting_missingness=0,reporting_strength=0.5,ed_transform=logit,spatial=neighbors,epochs=120,patience=15,fit_partition=target,covariate_encoder=summary,covariate_set=kinsa,input_mode=scheduled_final,input_normalization=b0,evaluation_seasons=recent_two",42,corrected,flu_admissions_native,2024-2025,0.8051415786861182,target_neighbors_kinsa_real_tree_pipeline
"pilot_method=two_stage,pilot_nowcaster=real_tree,reporting_missingness=0,reporting_strength=0.5,ed_transform=logit,spatial=neighbors,epochs=120,patience=15,fit_partition=target,covariate_encoder=summary,covariate_set=kinsa,input_mode=scheduled_final,input_normalization=b0,evaluation_seasons=recent_two",42,corrected,flu_admissions_native,2025-2026,0.9445134084737236,target_neighbors_kinsa_real_tree_pipeline
"pilot_method=two_stage,pilot_nowcaster=real_tree,reporting_missingness=0,reporting_strength=0.5,ed_transform=logit,spatial=neighbors,epochs=120,patience=15,fit_partition=target,covariate_encoder=summary,covariate_set=kinsa,input_mode=scheduled_final,input_normalization=b0,evaluation_seasons=recent_two",42,corrected,flu_admissions_native,equal_season_mean,0.874827493579921,target_neighbors_kinsa_real_tree_pipeline
"pilot_method=two_stage,pilot_nowcaster=real_tree,reporting_missingness=0,reporting_strength=0.5,ed_transform=logit,spatial=neighbors,epochs=120,patience=15,fit_partition=target,covariate_encoder=summary,covariate_set=kinsa,input_mode=scheduled_final,input_normalization=b0,evaluation_seasons=recent_two",42,corrected,flu_admissions_log,2024-2025,0.8756056586462295,target_neighbors_kinsa_real_tree_pipeline
"pilot_method=two_stage,pilot_nowcaster=real_tree,reporting_missingness=0,reporting_strength=0.5,ed_transform=logit,spatial=neighbors,epochs=120,patience=15,fit_partition=target,covariate_encoder=summary,covariate_set=kinsa,input_mode=scheduled_final,input_normalization=b0,evaluation_seasons=recent_two",42,corrected,flu_admissions_log,2025-2026,0.9542723791349365,target_neighbors_kinsa_real_tree_pipeline
"pilot_method=two_stage,pilot_nowcaster=real_tree,reporting_missingness=0,reporting_strength=0.5,ed_transform=logit,spatial=neighbors,epochs=120,patience=15,fit_partition=target,covariate_encoder=summary,covariate_set=kinsa,input_mode=scheduled_final,input_normalization=b0,evaluation_seasons=recent_two",42,corrected,flu_admissions_log,equal_season_mean,0.9149390188905828,target_neighbors_kinsa_real_tree_pipeline
"pilot_method=two_stage,pilot_nowcaster=real_tree,reporting_missingness=0,reporting_strength=0.5,ed_transform=logit,spatial=neighbors,epochs=120,patience=15,fit_partition=target,covariate_encoder=summary,covariate_set=kinsa,input_mode=scheduled_final,input_normalization=b0,evaluation_seasons=recent_two",42,half,six_target_native,2024-2025,1.019400808543628,target_neighbors_kinsa_real_tree_pipeline
"pilot_method=two_stage,pilot_nowcaster=real_tree,reporting_missingness=0,reporting_strength=0.5,ed_transform=logit,spatial=neighbors,epochs=120,patience=15,fit_partition=target,covariate_encoder=summary,covariate_set=kinsa,input_mode=scheduled_final,input_normalization=b0,evaluation_seasons=recent_two",42,half,six_target_native,2025-2026,0.9595330127958276,target_neighbors_kinsa_real_tree_pipeline
"pilot_method=two_stage,pilot_nowcaster=real_tree,reporting_missingness=0,reporting_strength=0.5,ed_transform=logit,spatial=neighbors,epochs=120,patience=15,fit_partition=target,covariate_encoder=summary,covariate_set=kinsa,input_mode=scheduled_final,input_normalization=b0,evaluation_seasons=recent_two",42,half,six_target_native,equal_season_mean,0.9894669106697276,target_neighbors_kinsa_real_tree_pipeline
"pilot_method=two_stage,pilot_nowcaster=real_tree,reporting_missingness=0,reporting_strength=0.5,ed_transform=logit,spatial=neighbors,epochs=120,patience=15,fit_partition=target,covariate_encoder=summary,covariate_set=kinsa,input_mode=scheduled_final,input_normalization=b0,evaluation_seasons=recent_two",42,half,flu_admissions_native,2024-2025,0.839682522386679,target_neighbors_kinsa_real_tree_pipeline
"pilot_method=two_stage,pilot_nowcaster=real_tree,reporting_missingness=0,reporting_strength=0.5,ed_transform=logit,spatial=neighbors,epochs=120,patience=15,fit_partition=target,covariate_encoder=summary,covariate_set=kinsa,input_mode=scheduled_final,input_normalization=b0,evaluation_seasons=recent_two",42,half,flu_admissions_native,2025-2026,0.9183277488572236,target_neighbors_kinsa_real_tree_pipeline
"pilot_method=two_stage,pilot_nowcaster=real_tree,reporting_missingness=0,reporting_strength=0.5,ed_transform=logit,spatial=neighbors,epochs=120,patience=15,fit_partition=target,covariate_encoder=summary,covariate_set=kinsa,input_mode=scheduled_final,input_normalization=b0,evaluation_seasons=recent_two",42,half,flu_admissions_native,equal_season_mean,0.8790051356219513,target_neighbors_kinsa_real_tree_pipeline
"pilot_method=two_stage,pilot_nowcaster=real_tree,reporting_missingness=0,reporting_strength=0.5,ed_transform=logit,spatial=neighbors,epochs=120,patience=15,fit_partition=target,covariate_encoder=summary,covariate_set=kinsa,input_mode=scheduled_final,input_normalization=b0,evaluation_seasons=recent_two",42,half,flu_admissions_log,2024-2025,0.9495236126569152,target_neighbors_kinsa_real_tree_pipeline
"pilot_method=two_stage,pilot_nowcaster=real_tree,reporting_missingness=0,reporting_strength=0.5,ed_transform=logit,spatial=neighbors,epochs=120,patience=15,fit_partition=target,covariate_encoder=summary,covariate_set=kinsa,input_mode=scheduled_final,input_normalization=b0,evaluation_seasons=recent_two",42,half,flu_admissions_log,2025-2026,0.9537985404884488,target_neighbors_kinsa_real_tree_pipeline
"pilot_method=two_stage,pilot_nowcaster=real_tree,reporting_missingness=0,reporting_strength=0.5,ed_transform=logit,spatial=neighbors,epochs=120,patience=15,fit_partition=target,covariate_encoder=summary,covariate_set=kinsa,input_mode=scheduled_final,input_normalization=b0,evaluation_seasons=recent_two",42,half,flu_admissions_log,equal_season_mean,0.951661076572682,target_neighbors_kinsa_real_tree_pipeline
"pilot_method=two_stage,pilot_nowcaster=real_tree,reporting_missingness=0,reporting_strength=0.5,ed_transform=logit,spatial=neighbors,epochs=120,patience=15,fit_partition=target,covariate_encoder=summary,covariate_set=kinsa,input_mode=scheduled_final,input_normalization=b0,evaluation_seasons=recent_two",42,raw,six_target_native,2024-2025,1.093125701772823,target_neighbors_kinsa_real_tree_pipeline
"pilot_method=two_stage,pilot_nowcaster=real_tree,reporting_missingness=0,reporting_strength=0.5,ed_transform=logit,spatial=neighbors,epochs=120,patience=15,fit_partition=target,covariate_encoder=summary,covariate_set=kinsa,input_mode=scheduled_final,input_normalization=b0,evaluation_seasons=recent_two",42,raw,six_target_native,2025-2026,0.977039260909547,target_neighbors_kinsa_real_tree_pipeline
"pilot_method=two_stage,pilot_nowcaster=real_tree,reporting_missingness=0,reporting_strength=0.5,ed_transform=logit,spatial=neighbors,epochs=120,patience=15,fit_partition=target,covariate_encoder=summary,covariate_set=kinsa,input_mode=scheduled_final,input_normalization=b0,evaluation_seasons=recent_two",42,raw,six_target_native,equal_season_mean,1.035082481341185,target_neighbors_kinsa_real_tree_pipeline
"pilot_method=two_stage,pilot_nowcaster=real_tree,reporting_missingness=0,reporting_strength=0.5,ed_transform=logit,spatial=neighbors,epochs=120,patience=15,fit_partition=target,covariate_encoder=summary,covariate_set=kinsa,input_mode=scheduled_final,input_normalization=b0,evaluation_seasons=recent_two",42,raw,flu_admissions_native,2024-2025,0.8924069201857623,target_neighbors_kinsa_real_tree_pipeline
"pilot_method=two_stage,pilot_nowcaster=real_tree,reporting_missingness=0,reporting_strength=0.5,ed_transform=logit,spatial=neighbors,epochs=120,patience=15,fit_partition=target,covariate_encoder=summary,covariate_set=kinsa,input_mode=scheduled_final,input_normalization=b0,evaluation_seasons=recent_two",42,raw,flu_admissions_native,2025-2026,0.9023869548762228,target_neighbors_kinsa_real_tree_pipeline
"pilot_method=two_stage,pilot_nowcaster=real_tree,reporting_missingness=0,reporting_strength=0.5,ed_transform=logit,spatial=neighbors,epochs=120,patience=15,fit_partition=target,covariate_encoder=summary,covariate_set=kinsa,input_mode=scheduled_final,input_normalization=b0,evaluation_seasons=recent_two",42,raw,flu_admissions_native,equal_season_mean,0.8973969375309925,target_neighbors_kinsa_real_tree_pipeline
"pilot_method=two_stage,pilot_nowcaster=real_tree,reporting_missingness=0,reporting_strength=0.5,ed_transform=logit,spatial=neighbors,epochs=120,patience=15,fit_partition=target,covariate_encoder=summary,covariate_set=kinsa,input_mode=scheduled_final,input_normalization=b0,evaluation_seasons=recent_two",42,raw,flu_admissions_log,2024-2025,1.0539260571031417,target_neighbors_kinsa_real_tree_pipeline
"pilot_method=two_stage,pilot_nowcaster=real_tree,reporting_missingness=0,reporting_strength=0.5,ed_transform=logit,spatial=neighbors,epochs=120,patience=15,fit_partition=target,covariate_encoder=summary,covariate_set=kinsa,input_mode=scheduled_final,input_normalization=b0,evaluation_seasons=recent_two",42,raw,flu_admissions_log,2025-2026,0.9665964802256436,target_neighbors_kinsa_real_tree_pipeline
"pilot_method=two_stage,pilot_nowcaster=real_tree,reporting_missingness=0,reporting_strength=0.5,ed_transform=logit,spatial=neighbors,epochs=120,patience=15,fit_partition=target,covariate_encoder=summary,covariate_set=kinsa,input_mode=scheduled_final,input_normalization=b0,evaluation_seasons=recent_two",42,raw,flu_admissions_log,equal_season_mean,1.0102612686643924,target_neighbors_kinsa_real_tree_pipeline
"pilot_method=two_stage,pilot_nowcaster=real_tree,reporting_missingness=0,reporting_strength=0.5,ed_transform=logit,spatial=neighbors,epochs=120,patience=15,fit_partition=target,covariate_encoder=summary,covariate_set=kinsa,input_mode=scheduled_final,input_normalization=b0,evaluation_seasons=recent_two",43,corrected,six_target_native,2024-2025,0.9089715257061028,target_neighbors_kinsa_real_tree_pipeline
"pilot_method=two_stage,pilot_nowcaster=real_tree,reporting_missingness=0,reporting_strength=0.5,ed_transform=logit,spatial=neighbors,epochs=120,patience=15,fit_partition=target,covariate_encoder=summary,covariate_set=kinsa,input_mode=scheduled_final,input_normalization=b0,evaluation_seasons=recent_two",43,corrected,six_target_native,2025-2026,0.9300276539158856,target_neighbors_kinsa_real_tree_pipeline
"pilot_method=two_stage,pilot_nowcaster=real_tree,reporting_missingness=0,reporting_strength=0.5,ed_transform=logit,spatial=neighbors,epochs=120,patience=15,fit_partition=target,covariate_encoder=summary,covariate_set=kinsa,input_mode=scheduled_final,input_normalization=b0,evaluation_seasons=recent_two",43,corrected,six_target_native,equal_season_mean,0.9194995898109942,target_neighbors_kinsa_real_tree_pipeline
"pilot_method=two_stage,pilot_nowcaster=real_tree,reporting_missingness=0,reporting_strength=0.5,ed_transform=logit,spatial=neighbors,epochs=120,patience=15,fit_partition=target,covariate_encoder=summary,covariate_set=kinsa,input_mode=scheduled_final,input_normalization=b0,evaluation_seasons=recent_two",43,corrected,flu_admissions_native,2024-2025,0.7530464745385669,target_neighbors_kinsa_real_tree_pipeline
"pilot_method=two_stage,pilot_nowcaster=real_tree,reporting_missingness=0,reporting_strength=0.5,ed_transform=logit,spatial=neighbors,epochs=120,patience=15,fit_partition=target,covariate_encoder=summary,covariate_set=kinsa,input_mode=scheduled_final,input_normalization=b0,evaluation_seasons=recent_two",43,corrected,flu_admissions_native,2025-2026,0.835029238165475,target_neighbors_kinsa_real_tree_pipeline
"pilot_method=two_stage,pilot_nowcaster=real_tree,reporting_missingness=0,reporting_strength=0.5,ed_transform=logit,spatial=neighbors,epochs=120,patience=15,fit_partition=target,covariate_encoder=summary,covariate_set=kinsa,input_mode=scheduled_final,input_normalization=b0,evaluation_seasons=recent_two",43,corrected,flu_admissions_native,equal_season_mean,0.794037856352021,target_neighbors_kinsa_real_tree_pipeline
"pilot_method=two_stage,pilot_nowcaster=real_tree,reporting_missingness=0,reporting_strength=0.5,ed_transform=logit,spatial=neighbors,epochs=120,patience=15,fit_partition=target,covariate_encoder=summary,covariate_set=kinsa,input_mode=scheduled_final,input_normalization=b0,evaluation_seasons=recent_two",43,corrected,flu_admissions_log,2024-2025,0.7716715596299216,target_neighbors_kinsa_real_tree_pipeline
"pilot_method=two_stage,pilot_nowcaster=real_tree,reporting_missingness=0,reporting_strength=0.5,ed_transform=logit,spatial=neighbors,epochs=120,patience=15,fit_partition=target,covariate_encoder=summary,covariate_set=kinsa,input_mode=scheduled_final,input_normalization=b0,evaluation_seasons=recent_two",43,corrected,flu_admissions_log,2025-2026,0.9183103759743708,target_neighbors_kinsa_real_tree_pipeline
"pilot_method=two_stage,pilot_nowcaster=real_tree,reporting_missingness=0,reporting_strength=0.5,ed_transform=logit,spatial=neighbors,epochs=120,patience=15,fit_partition=target,covariate_encoder=summary,covariate_set=kinsa,input_mode=scheduled_final,input_normalization=b0,evaluation_seasons=recent_two",43,corrected,flu_admissions_log,equal_season_mean,0.8449909678021461,target_neighbors_kinsa_real_tree_pipeline
"pilot_method=two_stage,pilot_nowcaster=real_tree,reporting_missingness=0,reporting_strength=0.5,ed_transform=logit,spatial=neighbors,epochs=120,patience=15,fit_partition=target,covariate_encoder=summary,covariate_set=kinsa,input_mode=scheduled_final,input_normalization=b0,evaluation_seasons=recent_two",43,half,six_target_native,2024-2025,0.9641987058090336,target_neighbors_kinsa_real_tree_pipeline
"pilot_method=two_stage,pilot_nowcaster=real_tree,reporting_missingness=0,reporting_strength=0.5,ed_transform=logit,spatial=neighbors,epochs=120,patience=15,fit_partition=target,covariate_encoder=summary,covariate_set=kinsa,input_mode=scheduled_final,input_normalization=b0,evaluation_seasons=recent_two",43,half,six_target_native,2025-2026,0.93856637708749,target_neighbors_kinsa_real_tree_pipeline
"pilot_method=two_stage,pilot_nowcaster=real_tree,reporting_missingness=0,reporting_strength=0.5,ed_transform=logit,spatial=neighbors,epochs=120,patience=15,fit_partition=target,covariate_encoder=summary,covariate_set=kinsa,input_mode=scheduled_final,input_normalization=b0,evaluation_seasons=recent_two",43,half,six_target_native,equal_season_mean,0.9513825414482616,target_neighbors_kinsa_real_tree_pipeline
"pilot_method=two_stage,pilot_nowcaster=real_tree,reporting_missingness=0,reporting_strength=0.5,ed_transform=logit,spatial=neighbors,epochs=120,patience=15,fit_partition=target,covariate_encoder=summary,covariate_set=kinsa,input_mode=scheduled_final,input_normalization=b0,evaluation_seasons=recent_two",43,half,flu_admissions_native,2024-2025,0.7754168709798561,target_neighbors_kinsa_real_tree_pipeline
"pilot_method=two_stage,pilot_nowcaster=real_tree,reporting_missingness=0,reporting_strength=0.5,ed_transform=logit,spatial=neighbors,epochs=120,patience=15,fit_partition=target,covariate_encoder=summary,covariate_set=kinsa,input_mode=scheduled_final,input_normalization=b0,evaluation_seasons=recent_two",43,half,flu_admissions_native,2025-2026,0.8281581572872265,target_neighbors_kinsa_real_tree_pipeline
"pilot_method=two_stage,pilot_nowcaster=real_tree,reporting_missingness=0,reporting_strength=0.5,ed_transform=logit,spatial=neighbors,epochs=120,patience=15,fit_partition=target,covariate_encoder=summary,covariate_set=kinsa,input_mode=scheduled_final,input_normalization=b0,evaluation_seasons=recent_two",43,half,flu_admissions_native,equal_season_mean,0.8017875141335413,target_neighbors_kinsa_real_tree_pipeline
"pilot_method=two_stage,pilot_nowcaster=real_tree,reporting_missingness=0,reporting_strength=0.5,ed_transform=logit,spatial=neighbors,epochs=120,patience=15,fit_partition=target,covariate_encoder=summary,covariate_set=kinsa,input_mode=scheduled_final,input_normalization=b0,evaluation_seasons=recent_two",43,half,flu_admissions_log,2024-2025,0.799104664733692,target_neighbors_kinsa_real_tree_pipeline
"pilot_method=two_stage,pilot_nowcaster=real_tree,reporting_missingness=0,reporting_strength=0.5,ed_transform=logit,spatial=neighbors,epochs=120,patience=15,fit_partition=target,covariate_encoder=summary,covariate_set=kinsa,input_mode=scheduled_final,input_normalization=b0,evaluation_seasons=recent_two",43,half,flu_admissions_log,2025-2026,0.9425013025712992,target_neighbors_kinsa_real_tree_pipeline
"pilot_method=two_stage,pilot_nowcaster=real_tree,reporting_missingness=0,reporting_strength=0.5,ed_transform=logit,spatial=neighbors,epochs=120,patience=15,fit_partition=target,covariate_encoder=summary,covariate_set=kinsa,input_mode=scheduled_final,input_normalization=b0,evaluation_seasons=recent_two",43,half,flu_admissions_log,equal_season_mean,0.8708029836524956,target_neighbors_kinsa_real_tree_pipeline
"pilot_method=two_stage,pilot_nowcaster=real_tree,reporting_missingness=0,reporting_strength=0.5,ed_transform=logit,spatial=neighbors,epochs=120,patience=15,fit_partition=target,covariate_encoder=summary,covariate_set=kinsa,input_mode=scheduled_final,input_normalization=b0,evaluation_seasons=recent_two",43,raw,six_target_native,2024-2025,1.050440978357918,target_neighbors_kinsa_real_tree_pipeline
"pilot_method=two_stage,pilot_nowcaster=real_tree,reporting_missingness=0,reporting_strength=0.5,ed_transform=logit,spatial=neighbors,epochs=120,patience=15,fit_partition=target,covariate_encoder=summary,covariate_set=kinsa,input_mode=scheduled_final,input_normalization=b0,evaluation_seasons=recent_two",43,raw,six_target_native,2025-2026,0.9560466786572372,target_neighbors_kinsa_real_tree_pipeline
"pilot_method=two_stage,pilot_nowcaster=real_tree,reporting_missingness=0,reporting_strength=0.5,ed_transform=logit,spatial=neighbors,epochs=120,patience=15,fit_partition=target,covariate_encoder=summary,covariate_set=kinsa,input_mode=scheduled_final,input_normalization=b0,evaluation_seasons=recent_two",43,raw,six_target_native,equal_season_mean,1.0032438285075775,target_neighbors_kinsa_real_tree_pipeline
"pilot_method=two_stage,pilot_nowcaster=real_tree,reporting_missingness=0,reporting_strength=0.5,ed_transform=logit,spatial=neighbors,epochs=120,patience=15,fit_partition=target,covariate_encoder=summary,covariate_set=kinsa,input_mode=scheduled_final,input_normalization=b0,evaluation_seasons=recent_two",43,raw,flu_admissions_native,2024-2025,0.8175494625349533,target_neighbors_kinsa_real_tree_pipeline
"pilot_method=two_stage,pilot_nowcaster=real_tree,reporting_missingness=0,reporting_strength=0.5,ed_transform=logit,spatial=neighbors,epochs=120,patience=15,fit_partition=target,covariate_encoder=summary,covariate_set=kinsa,input_mode=scheduled_final,input_normalization=b0,evaluation_seasons=recent_two",43,raw,flu_admissions_native,2025-2026,0.8288017602334867,target_neighbors_kinsa_real_tree_pipeline
"pilot_method=two_stage,pilot_nowcaster=real_tree,reporting_missingness=0,reporting_strength=0.5,ed_transform=logit,spatial=neighbors,epochs=120,patience=15,fit_partition=target,covariate_encoder=summary,covariate_set=kinsa,input_mode=scheduled_final,input_normalization=b0,evaluation_seasons=recent_two",43,raw,flu_admissions_native,equal_season_mean,0.82317561138422,target_neighbors_kinsa_real_tree_pipeline
"pilot_method=two_stage,pilot_nowcaster=real_tree,reporting_missingness=0,reporting_strength=0.5,ed_transform=logit,spatial=neighbors,epochs=120,patience=15,fit_partition=target,covariate_encoder=summary,covariate_set=kinsa,input_mode=scheduled_final,input_normalization=b0,evaluation_seasons=recent_two",43,raw,flu_admissions_log,2024-2025,0.8553486916634095,target_neighbors_kinsa_real_tree_pipeline
"pilot_method=two_stage,pilot_nowcaster=real_tree,reporting_missingness=0,reporting_strength=0.5,ed_transform=logit,spatial=neighbors,epochs=120,patience=15,fit_partition=target,covariate_encoder=summary,covariate_set=kinsa,input_mode=scheduled_final,input_normalization=b0,evaluation_seasons=recent_two",43,raw,flu_admissions_log,2025-2026,0.9781427164986856,target_neighbors_kinsa_real_tree_pipeline
"pilot_method=two_stage,pilot_nowcaster=real_tree,reporting_missingness=0,reporting_strength=0.5,ed_transform=logit,spatial=neighbors,epochs=120,patience=15,fit_partition=target,covariate_encoder=summary,covariate_set=kinsa,input_mode=scheduled_final,input_normalization=b0,evaluation_seasons=recent_two",43,raw,flu_admissions_log,equal_season_mean,0.9167457040810476,target_neighbors_kinsa_real_tree_pipeline
