config_id,seed,target,season,geography,locations,us_weight_used,n,model_wis,model_dispersion,model_underprediction,model_overprediction,model_ae_median,model_covered_50,model_covered_80,model_covered_90,model_covered_95,ensemble_wis,ensemble_dispersion,ensemble_underprediction,ensemble_overprediction,ensemble_ae_median,ensemble_covered_50,ensemble_covered_80,ensemble_covered_90,ensemble_covered_95,wis_ratio,model_dispersion_ratio,model_underprediction_ratio,model_overprediction_ratio,ensemble_dispersion_ratio,ensemble_underprediction_ratio,ensemble_overprediction_ratio,model_coverage_50,model_coverage_80,model_coverage_90,model_coverage_95,ensemble_coverage_50,ensemble_coverage_80,ensemble_coverage_90,ensemble_coverage_95
current,42,wk inc covid hosp,2024-2025,all,52,0.20000000000000007,6968.0,209240.9447826087,76948.42304347827,98608.17391304347,33684.34782608696,321532.0,3285.0,5104.0,5681.0,6022.0,294095.7264372725,135467.5071866996,122015.56154699085,36612.65770358205,459783.4153206482,3786.0,5746.0,6312.0,6600.0,0.7747572335638768,0.27387104445059174,0.3730120304915131,0.12787415862177176,0.43807851857461183,0.40762840559217406,0.15429307583321417,0.4519461515949665,0.7143985952589992,0.8080772607550485,0.8617500731635941,0.5601112086625696,0.845946736903717,0.9204565408252854,0.9555458004097162
current,42,wk inc covid hosp,2024-2025,states_dc,51,0.0,6834.0,131664.16826086957,49285.16826086957,63902.217391304344,18476.782608695652,200265.0,3236.0,5019.0,5577.0,5908.0,177711.5257127561,72412.19438985428,79788.8120383263,25510.51928457551,270242.3766800353,3701.0,5620.0,6180.0,6467.0,0.801807135491582,0.28291653301593717,0.39171463456801836,0.1271759679076263,0.4121516864040481,0.4188300047704274,0.1690183088255246,0.4735147790459468,0.7344161545215102,0.8160667251975418,0.8645010242903133,0.5415569212759731,0.8223587942639744,0.9043020193151889,0.9462979221539364
current,42,wk inc covid hosp,2024-2025,US,1,1.0,134.0,77576.77652173914,27663.254782608696,34705.95652173913,15207.565217391304,121267.0,49.0,85.0,104.0,114.0,116384.20072451644,63055.312796845334,42226.74950866455,11102.138419006547,189541.03864061285,85.0,126.0,132.0,133.0,0.6665576258530556,0.2376890901892099,0.2982016141854921,0.13066692147835335,0.5417858472568663,0.3628220088791609,0.0953921438639727,0.3656716417910448,0.6343283582089553,0.7761194029850746,0.8507462686567164,0.6343283582089553,0.9402985074626866,0.9850746268656716,0.9925373134328358
current,42,wk inc covid hosp,2025-2026,all,52,0.20000000000000007,9048.0,218599.67521739128,81830.28391304347,25989.086956521744,110780.30434782608,338128.0,3513.0,5644.0,6587.0,7182.0,251503.70978939498,102039.96804152087,70756.4623304223,78707.27941745178,396424.6389596296,4576.0,7150.0,7993.0,8484.0,0.9597105136490834,0.3176187629777223,0.16217651391806007,0.4799152367533013,0.4039583179592176,0.30598357647482927,0.29005810556595324,0.41097588460671636,0.6518142889339645,0.7569528961009695,0.8127112914131172,0.5195176921343252,0.7918187964841109,0.8741717376605818,0.9417399143565475
current,42,wk inc covid hosp,2025-2026,states_dc,51,0.0,8874.0,121400.16913043478,46040.86478260869,20216.52173913044,55142.782608695656,187728.0,3424.0,5509.0,6433.0,7026.0,137533.1523161514,55676.68777243521,42712.03193647525,39144.43260724092,215812.05818140364,4475.0,7011.0,7848.0,8317.0,0.9864262647092242,0.31851760992377326,0.19005823785781817,0.4778504169276327,0.4032477713441502,0.32096263893170385,0.2757895897241462,0.3858462925400045,0.6208023439260762,0.7249267523101196,0.7917511832319135,0.5042821726391706,0.7900608519269777,0.8843813387423937,0.937232364210052
current,42,wk inc covid hosp,2025-2026,US,1,1.0,174.0,97199.50608695652,35789.419130434784,5772.565217391304,55637.52173913043,150400.0,89.0,135.0,154.0,156.0,113970.55747324359,46363.28026908566,28044.430393947056,39562.84681021086,180612.58077822594,101.0,139.0,145.0,167.0,0.8528475094085212,0.31402337519351803,0.05064961815902766,0.4881745160559755,0.4068005044194873,0.2460673266473311,0.34713216893318144,0.5114942528735632,0.7758620689655172,0.8850574712643678,0.896551724137931,0.5804597701149425,0.7988505747126436,0.8333333333333334,0.9597701149425287
current,42,wk inc covid prop ed visits,2025-2026,all,52,0.20000000000000007,5586.0,2.7437502807930034,0.7791828273373419,0.37549913103680194,1.58906832241884,4.1684679237737114,1492.0,2789.0,3445.0,3957.0,2.497840451560441,1.156219767170679,0.6581087464717353,0.683511937918007,3.786811202370366,2935.0,4515.0,4987.0,5231.0,1.2174950483555496,0.3418917991675324,0.11354577405657444,0.7620574751314332,0.5391906708735537,0.2297971920394452,0.23101213708699175,0.24343224633882077,0.49256859249938845,0.6198257080610023,0.7258898092808129,0.5674912912283157,0.8383349061549756,0.9090629478172731,0.9467491524238931
current,42,wk inc covid prop ed visits,2025-2026,states_dc,51,0.0,5476.0,2.7045586477356265,0.7684019128274348,0.37509817949580543,1.561058555412367,4.103551621755285,1476.0,2737.0,3374.0,3868.0,2.4713671885012656,1.136099226909532,0.6552800338668678,0.6799879277248464,3.7540446838962405,2849.0,4405.0,4877.0,5121.0,1.1517630081320032,0.3255552885444995,0.13814583562660107,0.6880618839608937,0.4839802140157255,0.2605335703145489,0.2554862156697166,0.2679266715598896,0.49752892244241725,0.6134184987126164,0.7050895343282888,0.5139095685808489,0.7979186326937193,0.8863286847715913,0.9334364405298664
current,42,wk inc covid prop ed visits,2025-2026,US,1,1.0,110.0,0.0391916330573769,0.0107809145099071,0.00040095154099648256,0.028009767006473,0.0649163020184262,16.0,52.0,71.0,89.0,0.026473263059175398,0.020120540261147,0.0028287126048675,0.0035240101931606,0.0327665184741256,86.0,110.0,110.0,110.0,1.480423209249735,0.40723784165966387,0.015145527776467901,1.0580398398135913,0.7600324983048661,0.10685167893903028,0.13311582275609238,0.14545454545454545,0.4727272727272727,0.6454545454545455,0.8090909090909091,0.7818181818181819,1.0,1.0,1.0
current,42,wk inc flu hosp,2023-2024,all,52,0.20000000000000007,6234.0,364836.5404347826,128397.23608695652,128327.47826086957,108111.82608695653,567690.0,2278.0,3804.0,4518.0,5005.0,393119.194762158,131720.98634605427,185716.16682836536,75682.04158773835,620754.5171976062,3024.0,4757.0,5382.0,5728.0,0.9847837691140828,0.3083422536837225,0.3887726400956409,0.2876688753347194,0.3526672245819764,0.44683510505362256,0.20049767036440122,0.3948407910172617,0.6360197754315403,0.7570806100217866,0.82848081112787,0.46780878163231115,0.7560507792860736,0.8716247695659463,0.9214982403217699
current,42,wk inc flu hosp,2023-2024,states_dc,51,0.0,6114.0,222181.17304347825,68937.47739130433,88219.56521739131,65024.130434782615,340683.0,2215.0,3714.0,4410.0,4892.0,216945.88649337352,75382.4111622646,102632.95431514291,38930.521015966006,336315.5148954264,2977.0,4670.0,5273.0,5616.0,1.0285435864297094,0.3010510189393268,0.4290503776903396,0.29844218980004306,0.3608863704697729,0.4406440511304033,0.19846957839982407,0.362300988771577,0.6075247192894252,0.7213507625272331,0.8001843472431709,0.4868443103737223,0.7638134741075917,0.8624476286240995,0.9185394670688792
current,42,wk inc flu hosp,2023-2024,US,1,1.0,120.0,142655.36739130435,59459.75869565218,40107.913043478264,43087.69565217391,227007.0,63.0,90.0,108.0,113.0,176173.30826878446,56338.57518378966,83083.21251322246,36751.520571772344,284439.0023021797,47.0,87.0,109.0,112.0,0.8097444998515757,0.33750719266130536,0.22766168971684597,0.24457561747342446,0.3197906410307906,0.47159932074649974,0.20861003822270968,0.525,0.75,0.9,0.9416666666666667,0.39166666666666666,0.725,0.9083333333333333,0.9333333333333333
current,42,wk inc flu hosp,2024-2025,all,52,0.20000000000000007,5616.0,708271.0700000001,190855.54826086957,479047.04347826086,38368.47826086956,1026723.0,2289.0,3765.0,4391.0,4796.0,997209.4752173913,214134.4317391304,732659.1304347826,50415.91304347826,1363610.0,2943.0,4023.0,4381.0,4604.0,0.7500279081909085,0.19330902806671246,0.49347383082237545,0.06324504930182052,0.2210839685595471,0.7136002994462362,0.0653157319942169,0.4297385620915034,0.6936092955700801,0.8015976761074802,0.8655410312273059,0.5315541031227307,0.7208424110384897,0.7796659404502544,0.8137618010167031
current,42,wk inc flu hosp,2024-2025,states_dc,51,0.0,5508.0,413143.90130434785,101661.2491304348,280326.6956521739,31155.95652173913,602455.0,2232.0,3679.0,4295.0,4697.0,545536.7908695652,116470.22565217389,390693.86956521735,38372.69565217391,755891.0,2882.0,3943.0,4297.0,4519.0,0.7741825402092983,0.19226740457469702,0.5068509415235446,0.07506419411105665,0.22229800226947322,0.7027232314120876,0.07497876631843926,0.40522875816993476,0.6679375453885259,0.7797748729121279,0.8527596223674656,0.5232389251997096,0.7158678286129269,0.7801379811183734,0.8204429920116196
current,42,wk inc flu hosp,2024-2025,US,1,1.0,108.0,295127.16869565216,89194.29913043478,198720.34782608695,7212.521739130434,424268.0,57.0,86.0,96.0,99.0,451672.6843478261,97664.20608695652,341965.26086956525,12043.217391304348,607719.0,61.0,80.0,84.0,85.0,0.6534093801173492,0.19747552203477428,0.43996538801769886,0.015968470064875968,0.2162278337198422,0.7571085715828304,0.02666359469732744,0.5277777777777778,0.7962962962962963,0.8888888888888888,0.9166666666666666,0.5648148148148148,0.7407407407407407,0.7777777777777778,0.7870370370370371
current,42,wk inc flu hosp,2025-2026,all,52,0.20000000000000007,5824.0,650170.46,151588.11217391305,309226.2173913043,189356.13043478262,977310.0,2003.0,3333.0,3975.0,4414.0,681987.2230434783,182493.35347826086,344539.7391304348,154954.13043478262,1021199.0,3056.0,4510.0,4990.0,5252.0,0.9656812216645534,0.21994200538622943,0.49810071644677767,0.2476384998315463,0.2795215027822053,0.5126519392462101,0.2078265579715848,0.3809173669467788,0.6083333333333336,0.7114145658263306,0.779481792717087,0.5267507002801123,0.7781162464985996,0.8568627450980393,0.8984943977591037
current,42,wk inc flu hosp,2025-2026,states_dc,51,0.0,5712.0,354708.4986956522,80757.19434782608,174171.34782608695,99779.95652173915,527398.0,1942.0,3247.0,3881.0,4316.0,369731.63260869565,98349.24130434783,189960.8260869565,81421.56521739133,551635.0,2996.0,4421.0,4894.0,5153.0,0.9705469461899634,0.21821841969333422,0.5144974314874462,0.2378310950091828,0.2820338995276028,0.5170549996731875,0.2009111007992099,0.3399859943977591,0.5684523809523809,0.6794467787114846,0.7556022408963585,0.5245098039215687,0.7739845938375353,0.8567927170868351,0.9021358543417369
current,42,wk inc flu hosp,2025-2026,US,1,1.0,112.0,295461.96130434785,70830.91782608695,135054.8695652174,89576.17391304347,449912.0,61.0,86.0,94.0,98.0,312255.5904347826,84144.11217391305,154578.91304347827,73532.5652173913,469564.0,60.0,89.0,96.0,99.0,0.9462183235629139,0.22683634815781026,0.4325138562841034,0.2868681191210002,0.26947191580061497,0.4950396975383006,0.2354883866610844,0.5446428571428571,0.7678571428571429,0.8392857142857143,0.875,0.5357142857142857,0.7946428571428571,0.8571428571428571,0.8839285714285714
current,42,wk inc flu prop ed visits,2025-2026,all,52,0.20000000000000007,5768.0,37.280808122298694,8.346656209300058,19.968661460203293,8.965490452795322,54.39815393464846,1707.0,3087.0,3779.0,4255.0,37.45877191682501,10.32540181251476,18.66849846028443,8.464871644025802,55.69990942461097,3125.0,4505.0,4944.0,5205.0,0.9910898457717062,0.23554922269020817,0.5126660293634249,0.2428745937180725,0.29592406594377124,0.4861518031545085,0.21792413090171991,0.29397759103641463,0.5473739495798321,0.6759803921568628,0.77296918767507,0.563200280112045,0.7810574229691878,0.8550420168067228,0.8988795518207282
current,42,wk inc flu prop ed visits,2025-2026,states_dc,51,0.0,5656.0,36.705060967497474,8.20139841839641,19.714541546679424,8.789121002421618,53.50166426364092,1675.0,3020.0,3693.0,4151.0,36.85597054744329,10.13762192450928,18.3753233456567,8.343025277277297,54.80314218169003,3050.0,4416.0,4848.0,5105.0,1.0000825100686188,0.23419371942030726,0.5354413056821462,0.2304474849661646,0.29202707088916097,0.4861011471818258,0.22187178192901272,0.2960434173669468,0.5346638655462184,0.6530112044817927,0.7340686274509806,0.5365896358543417,0.7776610644257704,0.8545168067226894,0.9003851540616248
current,42,wk inc flu prop ed visits,2025-2026,US,1,1.0,112.0,0.5757471548012226,0.1452577909036469,0.2541199135238707,0.1763694503737045,0.8964896710075436,32.0,67.0,86.0,104.0,0.6028013693817165,0.1877798880054818,0.29317511462773,0.1218463667485042,0.8967672429209468,75.0,89.0,96.0,100.0,0.9551191885840556,0.24097123576981164,0.4215649240885391,0.2925830287257041,0.31151204616221184,0.4863544270452387,0.20213352679254865,0.2857142857142857,0.5982142857142857,0.7678571428571429,0.9285714285714286,0.6696428571428571,0.7946428571428571,0.8571428571428571,0.8928571428571429
current,42,wk inc rsv hosp,2025-2026,all,52,0.20000000000000007,6032.0,145727.33217391305,58898.810434782616,82013.86956521739,4814.652173913044,241402.0,2311.0,4162.0,4844.0,5173.0,174064.93092191094,53052.087440608055,105063.50795633462,15949.335524968266,270304.41698893777,2589.0,4305.0,4948.0,5364.0,0.9373543784981375,0.32184031138693964,0.5619007763919581,0.053613290719239606,0.30674063025043297,0.5745971360277672,0.11866223372180024,0.39036511156186626,0.7217038539553755,0.8361730899256257,0.8838404327248142,0.4406693711967547,0.7187964841108859,0.8279918864097365,0.8953684922244762
current,42,wk inc rsv hosp,2025-2026,states_dc,51,0.0,5916.0,87168.5239130435,30841.523913043482,52853.739130434784,3473.2608695652175,142043.0,2262.0,4062.0,4730.0,5057.0,94740.19007535864,28170.04025877443,55907.86834298157,10662.281473602627,146919.94591427944,2532.0,4219.0,4848.0,5257.0,0.987138924675961,0.3138749931267593,0.6104748494664617,0.06278908208273974,0.30500748188385424,0.5633274152930453,0.13166510282310062,0.38235294117647056,0.6866125760649088,0.799526707234618,0.8548005409060178,0.4279918864097364,0.7131507775524004,0.8194726166328601,0.8886071670047331
current,42,wk inc rsv hosp,2025-2026,US,1,1.0,116.0,58558.80826086956,28057.28652173913,29160.130434782608,1341.391304347826,99359.0,49.0,100.0,114.0,116.0,79324.7408465523,24882.04718183363,49155.63961335304,5287.05405136564,123384.47107465833,57.0,86.0,100.0,107.0,0.7382161937868431,0.35370158442766075,0.36760448409394325,0.016910125265239072,0.31367322371674766,0.6196760189666538,0.06665075731659867,0.4224137931034483,0.8620689655172413,0.9827586206896551,1.0,0.49137931034482757,0.7413793103448276,0.8620689655172413,0.9224137931034483
current,42,wk inc rsv prop ed visits,2025-2026,all,51,0.2,5586.0,3.478917943598989,1.2419592403364548,1.9327012058135984,0.3042574974489154,5.458178036027019,2419.0,4119.0,4756.0,5044.0,4.530466181091006,1.2624880197885668,3.0078391482014353,0.2601390131009845,6.751646223879154,2706.0,4144.0,4680.0,5001.0,0.8094472280117249,0.3283926949365803,0.4143685809231583,0.06668595215197944,0.3535959682986677,0.586054512720714,0.06034951898061302,0.46040829671484823,0.7723992954569106,0.8753878329541301,0.9192854257989802,0.5147666229916434,0.7725612543865138,0.86154240300846,0.9086279020936869
current,42,wk inc rsv prop ed visits,2025-2026,states_dc,50,0.0,5475.0,3.4391803122751194,1.2218561112684179,1.916148449490906,0.30117575151577547,5.393278935045436,2354.0,4015.0,4646.0,4933.0,4.481922043258964,1.2402717937371133,2.9831665637207228,0.25848368580110964,6.672332609887618,2633.0,4042.0,4572.0,4893.0,0.8071621244991228,0.30696071052067103,0.43271481870800904,0.06748659527043684,0.32758245330440744,0.6055055048001255,0.06691204189546196,0.42911397449716393,0.731264885086904,0.846487043444915,0.8991067822487255,0.47904386432514,0.7359718382534124,0.8336847605173314,0.8925416343738655
current,42,wk inc rsv prop ed visits,2025-2026,US,1,1.0,111.0,0.0397376313238697,0.020103129068037,0.0165527563226923,0.0030817459331399003,0.0648991009815827,65.0,104.0,110.0,111.0,0.0485441378320411,0.0222162260514535,0.024672584480712398,0.0016553272998748388,0.0793136139915364,73.0,102.0,108.0,108.0,0.8185876420621329,0.4141206326002173,0.34098362978375546,0.06348337967814979,0.4576500282757085,0.5082505444030668,0.03409942732121726,0.5855855855855856,0.9369369369369369,0.990990990990991,1.0,0.6576576576576577,0.918918918918919,0.972972972972973,0.972972972972973
current,43,wk inc covid hosp,2024-2025,all,52,0.20000000000000007,6968.0,181167.28913043477,78447.59347826088,80859.39130434782,21860.304347826084,275929.0,3659.0,5424.0,5955.0,6260.0,294095.7264372725,135467.5071866996,122015.56154699085,36612.65770358205,459783.4153206482,3786.0,5746.0,6312.0,6600.0,0.7159873274633433,0.2759157656246814,0.3428988712877601,0.0971726905509019,0.43807851857461183,0.40762840559217406,0.15429307583321417,0.5397424641498392,0.7972490488732809,0.8717881182323678,0.9116183786947616,0.5601112086625696,0.845946736903717,0.9204565408252854,0.9555458004097162
current,43,wk inc covid hosp,2024-2025,states_dc,51,0.0,6834.0,124571.11347826087,50166.33086956522,60383.17391304347,14021.608695652172,190002.0,3578.0,5306.0,5828.0,6130.0,177711.5257127561,72412.19438985428,79788.8120383263,25510.51928457551,270242.3766800353,3701.0,5620.0,6180.0,6467.0,0.7734122979857779,0.2841449179000272,0.3846394888971379,0.10462789118861285,0.4121516864040481,0.4188300047704274,0.1690183088255246,0.5235586772022242,0.7764120573602578,0.8527948492829969,0.8969856599356162,0.5415569212759731,0.8223587942639744,0.9043020193151889,0.9462979221539364
current,43,wk inc covid hosp,2024-2025,US,1,1.0,134.0,56596.17565217391,28281.26260869565,20476.217391304348,7838.695652173913,85927.0,81.0,118.0,127.0,130.0,116384.20072451644,63055.312796845334,42226.74950866455,11102.138419006547,189541.03864061285,85.0,126.0,132.0,133.0,0.48628744537360447,0.24299915652329757,0.17593640085024886,0.0673518880000581,0.5417858472568663,0.3628220088791609,0.0953921438639727,0.6044776119402985,0.8805970149253731,0.9477611940298507,0.9701492537313433,0.6343283582089553,0.9402985074626866,0.9850746268656716,0.9925373134328358
current,43,wk inc covid hosp,2025-2026,all,52,0.20000000000000007,9048.0,202242.15695652174,65666.20043478262,44974.739130434784,91601.21739130435,298863.0,4159.0,6483.0,7274.0,7739.0,251503.70978939498,102039.96804152087,70756.4623304223,78707.27941745178,396424.6389596296,4576.0,7150.0,7993.0,8484.0,0.8674842568389954,0.28819259813762493,0.23636006592078002,0.3429315927805905,0.4039583179592176,0.30598357647482927,0.29005810556595324,0.4681541582150103,0.7221546089700249,0.8072346179851253,0.8544512057696644,0.5195176921343252,0.7918187964841109,0.8741717376605818,0.9417399143565475
current,43,wk inc covid hosp,2025-2026,states_dc,51,0.0,8874.0,112170.31391304349,42933.87913043479,32933.65217391305,36302.78260869565,171980.0,4071.0,6353.0,7131.0,7591.0,137533.1523161514,55676.68777243521,42712.03193647525,39144.43260724092,215812.05818140364,4475.0,7011.0,7848.0,8317.0,0.886778321689449,0.31037628748088797,0.26903736839949133,0.3073646658090697,0.4032477713441502,0.32096263893170385,0.2757895897241462,0.4587559161595674,0.7159116520171288,0.8035835023664639,0.8554203290511608,0.5042821726391706,0.7900608519269777,0.8843813387423937,0.937232364210052
current,43,wk inc covid hosp,2025-2026,US,1,1.0,174.0,90071.84304347826,22732.321304347824,12041.08695652174,55298.434782608696,126883.0,88.0,130.0,143.0,148.0,113970.55747324359,46363.28026908566,28044.430393947056,39562.84681021086,180612.58077822594,101.0,139.0,145.0,167.0,0.7903079974371808,0.1994578407645729,0.10565085600593449,0.4851993006666734,0.4068005044194873,0.2460673266473311,0.34713216893318144,0.5057471264367817,0.7471264367816092,0.8218390804597702,0.8505747126436781,0.5804597701149425,0.7988505747126436,0.8333333333333334,0.9597701149425287
current,43,wk inc covid prop ed visits,2025-2026,all,52,0.20000000000000007,5586.0,2.546507739146871,0.7443361142833276,0.5535934311426807,1.2485781937208418,3.778892026156375,1749.0,2978.0,3550.0,3916.0,2.497840451560441,1.156219767170679,0.6581087464717353,0.683511937918007,3.786811202370366,2935.0,4515.0,4987.0,5231.0,1.1300148208979126,0.3152323248556421,0.1962795774660041,0.6185029185762572,0.5391906708735537,0.2297971920394452,0.23101213708699175,0.29597823680868673,0.5153987394125804,0.6260270525322429,0.6895303671082219,0.5674912912283157,0.8383349061549756,0.9090629478172731,0.9467491524238931
current,43,wk inc covid prop ed visits,2025-2026,states_dc,51,0.0,5476.0,2.507014849982631,0.7357388217210615,0.5498969242732624,1.2213791039882862,3.7203999548866435,1724.0,2929.0,3485.0,3845.0,2.4713671885012656,1.136099226909532,0.6552800338668678,0.6799879277248464,3.7540446838962405,2849.0,4405.0,4877.0,5121.0,1.03956781472008,0.3128519580961335,0.21044154547341368,0.5162743111505231,0.4839802140157255,0.2605335703145489,0.2554862156697166,0.31315461419267654,0.5328847879020892,0.634806542938031,0.7005493225216411,0.5139095685808489,0.7979186326937193,0.8863286847715913,0.9334364405298664
current,43,wk inc covid prop ed visits,2025-2026,US,1,1.0,110.0,0.0394928891642399,0.008597292562266,0.0036965068694182,0.027199089732555498,0.0584920712697317,25.0,49.0,65.0,71.0,0.026473263059175398,0.020120540261147,0.0028287126048675,0.0035240101931606,0.0327665184741256,86.0,110.0,110.0,110.0,1.4918028456092427,0.3247537918936765,0.1396317054363657,1.0274173482791928,0.7600324983048661,0.10685167893903028,0.13311582275609238,0.22727272727272727,0.44545454545454544,0.5909090909090909,0.6454545454545455,0.7818181818181819,1.0,1.0,1.0
current,43,wk inc flu hosp,2023-2024,all,52,0.20000000000000007,6234.0,413967.69521739124,133616.6952173913,71953.91304347826,208397.08695652173,624681.0,2615.0,4161.0,4799.0,5235.0,393119.194762158,131720.98634605427,185716.16682836536,75682.04158773835,620754.5171976062,3024.0,4757.0,5382.0,5728.0,1.0793266741128118,0.33250057595456495,0.24891895136529524,0.49790714679295167,0.3526672245819764,0.44683510505362256,0.20049767036440122,0.4436014747779455,0.6873210993799231,0.7877090665325961,0.8509234120998829,0.46780878163231115,0.7560507792860736,0.8716247695659463,0.9214982403217699
current,43,wk inc flu hosp,2023-2024,states_dc,51,0.0,6114.0,233491.09739130433,75175.31478260871,51759.78260869565,106555.99999999999,351711.0,2549.0,4068.0,4695.0,5127.0,216945.88649337352,75382.4111622646,102632.95431514291,38930.521015966006,336315.5148954264,2977.0,4670.0,5273.0,5616.0,1.0930517286488184,0.33269405877234975,0.2824920631926874,0.47786560668378153,0.3608863704697729,0.4406440511304033,0.19846957839982407,0.4170018434724318,0.6654013742249036,0.7679696664990785,0.8386542651248536,0.4868443103737223,0.7638134741075917,0.8624476286240995,0.9185394670688792
current,43,wk inc flu hosp,2023-2024,US,1,1.0,120.0,180476.59782608695,58441.38043478261,20194.130434782608,101841.08695652173,272970.0,66.0,93.0,104.0,108.0,176173.30826878446,56338.57518378966,83083.21251322246,36751.520571772344,284439.0023021797,47.0,87.0,109.0,112.0,1.0244264559687841,0.3317266446834253,0.11462650405572668,0.5780733072296321,0.3197906410307906,0.47159932074649974,0.20861003822270968,0.55,0.775,0.8666666666666667,0.9,0.39166666666666666,0.725,0.9083333333333333,0.9333333333333333
current,43,wk inc flu hosp,2024-2025,all,52,0.20000000000000007,5616.0,820997.9569565218,341515.5221739131,426282.7391304348,53199.69565217392,1173698.0,2609.0,4011.0,4581.0,4920.0,997209.4752173913,214134.4317391304,732659.1304347826,50415.91304347826,1363610.0,2943.0,4023.0,4381.0,4604.0,0.8376973918489694,0.32609903168076493,0.44461077899616175,0.06698758117204266,0.2210839685595471,0.7136002994462362,0.0653157319942169,0.4762164124909225,0.7156862745098043,0.8240740740740743,0.8869644153957883,0.5315541031227307,0.7208424110384897,0.7796659404502544,0.8137618010167031
current,43,wk inc flu hosp,2024-2025,states_dc,51,0.0,5508.0,461233.52956521744,172561.74695652176,253940.26086956525,34731.52173913044,674145.0,2552.0,3933.0,4488.0,4819.0,545536.7908695652,116470.22565217389,390693.86956521735,38372.69565217391,755891.0,2882.0,3943.0,4297.0,4519.0,0.8479927909847117,0.31410818578414296,0.4603722290268524,0.07351237617371634,0.22229800226947322,0.7027232314120876,0.07497876631843926,0.4633260711692085,0.7140522875816995,0.8148148148148149,0.8749092229484386,0.5232389251997096,0.7158678286129269,0.7801379811183734,0.8204429920116196
current,43,wk inc flu hosp,2024-2025,US,1,1.0,108.0,359764.42739130434,168953.77521739132,172342.47826086957,18468.17391304348,499553.0,57.0,78.0,93.0,101.0,451672.6843478261,97664.20608695652,341965.26086956525,12043.217391304348,607719.0,61.0,80.0,84.0,85.0,0.7965157953059994,0.37406241526725276,0.38156497887339874,0.04088840116534793,0.2162278337198422,0.7571085715828304,0.02666359469732744,0.5277777777777778,0.7222222222222222,0.8611111111111112,0.9351851851851852,0.5648148148148148,0.7407407407407407,0.7777777777777778,0.7870370370370371
current,43,wk inc flu hosp,2025-2026,all,52,0.20000000000000007,5824.0,575542.8386956523,159783.01260869566,227763.39130434784,187996.4347826087,880594.0,2411.0,3929.0,4508.0,4937.0,681987.2230434783,182493.35347826086,344539.7391304348,154954.13043478262,1021199.0,3056.0,4510.0,4990.0,5252.0,0.86746283940644,0.2498193516653144,0.3751230936563058,0.24252039408481962,0.2795215027822053,0.5126519392462101,0.2078265579715848,0.428186274509804,0.6852240896358545,0.7827731092436976,0.8576680672268908,0.5267507002801123,0.7781162464985996,0.8568627450980393,0.8984943977591037
current,43,wk inc flu hosp,2025-2026,states_dc,51,0.0,5712.0,322527.0982608696,93683.1852173913,133005.08695652173,95838.82608695651,488452.0,2356.0,3847.0,4416.0,4836.0,369731.63260869565,98349.24130434783,189960.8260869565,81421.56521739133,551635.0,2996.0,4421.0,4894.0,5153.0,0.8817575239623257,0.25935293739583953,0.39303788800505524,0.22936669856143066,0.2820338995276028,0.5170549996731875,0.2009111007992099,0.41246498599439785,0.6734943977591037,0.7731092436974789,0.8466386554621852,0.5245098039215687,0.7739845938375353,0.8567927170868351,0.9021358543417369
current,43,wk inc flu hosp,2025-2026,US,1,1.0,112.0,253015.74043478264,66099.82739130434,94758.3043478261,92157.60869565218,392142.0,55.0,82.0,92.0,101.0,312255.5904347826,84144.11217391305,154578.91304347827,73532.5652173913,469564.0,60.0,89.0,96.0,99.0,0.810284101182897,0.21168500874321378,0.3034639162613078,0.2951351761783753,0.26947191580061497,0.4950396975383006,0.2354883866610844,0.49107142857142855,0.7321428571428571,0.8214285714285714,0.9017857142857143,0.5357142857142857,0.7946428571428571,0.8571428571428571,0.8839285714285714
current,43,wk inc flu prop ed visits,2025-2026,all,52,0.20000000000000007,5768.0,34.278874322839826,8.502971076471624,13.678595052205525,12.097308194162665,51.76268792241544,1852.0,3360.0,4045.0,4518.0,37.45877191682501,10.32540181251476,18.66849846028443,8.464871644025802,55.69990942461097,3125.0,4505.0,4944.0,5205.0,0.9071639354920583,0.23393882702072966,0.3392046184690056,0.3340204900023226,0.29592406594377124,0.4861518031545085,0.21792413090171991,0.32787114845938387,0.5887605042016809,0.7082983193277311,0.7980042016806723,0.563200280112045,0.7810574229691878,0.8550420168067228,0.8988795518207282
current,43,wk inc flu prop ed visits,2025-2026,states_dc,51,0.0,5656.0,33.766959517157865,8.382554255046577,13.52657737202316,11.857827890088114,50.96224778961178,1812.0,3291.0,3962.0,4421.0,36.85597054744329,10.13762192450928,18.3753233456567,8.343025277277297,54.80314218169003,3050.0,4416.0,4848.0,5105.0,0.9216483322852256,0.24248302785579579,0.3609594331541303,0.3182058712752988,0.29202707088916097,0.4861011471818258,0.22187178192901272,0.32055322128851543,0.5819327731092436,0.7001050420168069,0.7809873949579834,0.5365896358543417,0.7776610644257704,0.8545168067226894,0.9003851540616248
current,43,wk inc flu prop ed visits,2025-2026,US,1,1.0,112.0,0.5119148056819627,0.1204168214250474,0.1520176801823645,0.2394803040745504,0.8004401328036561,40.0,69.0,83.0,97.0,0.6028013693817165,0.1877798880054818,0.29317511462773,0.1218463667485042,0.8967672429209468,75.0,89.0,96.0,100.0,0.8492263483193898,0.19976202368046536,0.25218535972850653,0.39727896491041725,0.31151204616221184,0.4863544270452387,0.20213352679254865,0.35714285714285715,0.6160714285714286,0.7410714285714286,0.8660714285714286,0.6696428571428571,0.7946428571428571,0.8571428571428571,0.8928571428571429
current,43,wk inc rsv hosp,2025-2026,all,52,0.20000000000000007,6032.0,118779.9091304348,66866.6047826087,38731.52173913043,13181.782608695652,174994.0,2953.0,4480.0,4963.0,5273.0,174064.93092191094,53052.087440608055,105063.50795633462,15949.335524968266,270304.41698893777,2589.0,4305.0,4948.0,5364.0,0.8101773977379311,0.36529989410885644,0.3228155016528841,0.12206200197619056,0.30674063025043297,0.5745971360277672,0.11866223372180024,0.5232589587559163,0.7837728194726168,0.8554428668018933,0.8973630831643005,0.4406693711967547,0.7187964841108859,0.8279918864097365,0.8953684922244762
current,43,wk inc rsv hosp,2025-2026,states_dc,51,0.0,5916.0,72936.07739130435,34841.72956521739,29501.5652173913,8592.782608695652,111196.0,2875.0,4368.0,4847.0,5157.0,94740.19007535864,28170.04025877443,55907.86834298157,10662.281473602627,146919.94591427944,2532.0,4219.0,4848.0,5257.0,0.8682402422538794,0.3556952116560371,0.3744302290170942,0.1381148015807481,0.30500748188385424,0.5633274152930453,0.13166510282310062,0.48597025016903317,0.7383367139959433,0.8193035835023667,0.8717038539553755,0.4279918864097364,0.7131507775524004,0.8194726166328601,0.8886071670047331
current,43,wk inc rsv hosp,2025-2026,US,1,1.0,116.0,45843.83173913044,32024.875217391305,9229.95652173913,4589.0,63798.0,78.0,112.0,116.0,116.0,79324.7408465523,24882.04718183363,49155.63961335304,5287.05405136564,123384.47107465833,57.0,86.0,100.0,107.0,0.5779260196741374,0.4037186239201335,0.11635659219604362,0.05785080355796021,0.31367322371674766,0.6196760189666538,0.06665075731659867,0.6724137931034483,0.9655172413793104,1.0,1.0,0.49137931034482757,0.7413793103448276,0.8620689655172413,0.9224137931034483
current,43,wk inc rsv prop ed visits,2025-2026,all,51,0.2,5586.0,3.2684813225182716,1.172679709627534,1.6986760258339075,0.39712558705680895,5.026292704926509,2463.0,4076.0,4643.0,4915.0,4.530466181091006,1.2624880197885668,3.0078391482014353,0.2601390131009845,6.751646223879154,2706.0,4144.0,4680.0,5001.0,0.7420642730025095,0.31368119990807364,0.34353657761547873,0.08484649547895058,0.3535959682986677,0.586054512720714,0.06034951898061302,0.47376280373778507,0.771634524145613,0.8595887952749469,0.8997488321519341,0.5147666229916434,0.7725612543865138,0.86154240300846,0.9086279020936869
current,43,wk inc rsv prop ed visits,2025-2026,states_dc,50,0.0,5475.0,3.2348470340856377,1.1529648163672046,1.6885245599268992,0.3933576577915133,4.972104729075832,2394.0,3969.0,4533.0,4805.0,4.481922043258964,1.2402717937371133,2.9831665637207228,0.25848368580110964,6.672332609887618,2633.0,4042.0,4572.0,4893.0,0.7543653562172202,0.29057073767163283,0.3771411556269465,0.08665346291863513,0.32758245330440744,0.6055055048001255,0.06691204189546196,0.43679809926682595,0.723552164191025,0.8267382463459357,0.8769382924421701,0.47904386432514,0.7359718382534124,0.8336847605173314,0.8925416343738655
current,43,wk inc rsv prop ed visits,2025-2026,US,1,1.0,111.0,0.0336342884326339,0.0197148932603294,0.0101514659070084,0.0037679292652956,0.0541879758506778,69.0,107.0,110.0,110.0,0.0485441378320411,0.0222162260514535,0.024672584480712398,0.0016553272998748388,0.0793136139915364,73.0,102.0,108.0,108.0,0.6928599401436667,0.40612304885383654,0.2091182655696075,0.07761862572021237,0.4576500282757085,0.5082505444030668,0.03409942732121726,0.6216216216216216,0.963963963963964,0.990990990990991,0.990990990990991,0.6576576576576577,0.918918918918919,0.972972972972973,0.972972972972973
current,44,wk inc covid hosp,2024-2025,all,52,0.20000000000000007,6968.0,252589.59608695656,81241.68304347826,150742.30434782608,20605.608695652176,389182.0,2841.0,4588.0,5308.0,5718.0,294095.7264372725,135467.5071866996,122015.56154699085,36612.65770358205,459783.4153206482,3786.0,5746.0,6312.0,6600.0,0.890501706823438,0.2707394788956655,0.5370102573816229,0.0827519705461496,0.43807851857461183,0.40762840559217406,0.15429307583321417,0.3985952589991221,0.6388645010242904,0.753409423470881,0.8316652033947909,0.5601112086625696,0.845946736903717,0.9204565408252854,0.9555458004097162
current,44,wk inc covid hosp,2024-2025,states_dc,51,0.0,6834.0,153481.70478260872,48408.61782608696,93560.17391304347,11512.913043478262,233855.0,2793.0,4514.0,5212.0,5600.0,177711.5257127561,72412.19438985428,79788.8120383263,25510.51928457551,270242.3766800353,3701.0,5620.0,6180.0,6467.0,0.900237646194719,0.2678970240063644,0.5484322955928719,0.08390832659548285,0.4121516864040481,0.4188300047704274,0.1690183088255246,0.40869183494293243,0.6605209247878256,0.762657301726661,0.8194322505121454,0.5415569212759731,0.8223587942639744,0.9043020193151889,0.9462979221539364
current,44,wk inc covid hosp,2024-2025,US,1,1.0,134.0,99107.89130434782,32833.065217391304,57182.13043478261,9092.695652173912,155327.0,48.0,74.0,96.0,118.0,116384.20072451644,63055.312796845334,42226.74950866455,11102.138419006547,189541.03864061285,85.0,126.0,132.0,133.0,0.851557949338313,0.2821092984528697,0.49132210453662667,0.07812654634881663,0.5417858472568663,0.3628220088791609,0.0953921438639727,0.3582089552238806,0.5522388059701493,0.7164179104477612,0.8805970149253731,0.6343283582089553,0.9402985074626866,0.9850746268656716,0.9925373134328358
current,44,wk inc covid hosp,2025-2026,all,52,0.20000000000000007,9048.0,193994.03478260868,62345.034782608695,48019.47826086956,83629.52173913043,289745.0,3822.0,6113.0,7001.0,7534.0,251503.70978939498,102039.96804152087,70756.4623304223,78707.27941745178,396424.6389596296,4576.0,7150.0,7993.0,8484.0,0.8494100629670069,0.26753932917820145,0.24446908195793815,0.3374016518308673,0.4039583179592176,0.30598357647482927,0.29005810556595324,0.43141762452107296,0.6919765607392384,0.7836826684696869,0.8370295244534598,0.5195176921343252,0.7918187964841109,0.8741717376605818,0.9417399143565475
current,44,wk inc covid hosp,2025-2026,states_dc,51,0.0,8874.0,110502.82086956521,39718.690434782606,34946.1304347826,35837.99999999999,169307.0,3740.0,5980.0,6857.0,7385.0,137533.1523161514,55676.68777243521,42712.03193647525,39144.43260724092,215812.05818140364,4475.0,7011.0,7848.0,8317.0,0.8786205116607747,0.2847921669264015,0.27690932366927506,0.3169190210650981,0.4032477713441502,0.32096263893170385,0.2757895897241462,0.42145593869731807,0.6738787469010594,0.7727067838629705,0.8322064457967095,0.5042821726391706,0.7900608519269777,0.8843813387423937,0.937232364210052
current,44,wk inc covid hosp,2025-2026,US,1,1.0,174.0,83491.21391304348,22626.34434782609,13073.347826086958,47791.52173913043,120438.0,82.0,133.0,144.0,149.0,113970.55747324359,46363.28026908566,28044.430393947056,39562.84681021086,180612.58077822594,101.0,139.0,145.0,167.0,0.7325682681919352,0.19852797818540094,0.11470811511259067,0.4193321748939436,0.4068005044194873,0.2460673266473311,0.34713216893318144,0.47126436781609193,0.764367816091954,0.8275862068965517,0.8563218390804598,0.5804597701149425,0.7988505747126436,0.8333333333333334,0.9597701149425287
current,44,wk inc covid prop ed visits,2025-2026,all,52,0.20000000000000007,5586.0,2.6443845040161977,0.7321253103737154,0.46992814132938665,1.4423310523130746,3.9000065367136045,1600.0,2812.0,3397.0,3831.0,2.497840451560441,1.156219767170679,0.6581087464717353,0.683511937918007,3.786811202370366,2935.0,4515.0,4987.0,5231.0,1.1392428300223967,0.31960421808762035,0.15171465782666824,0.667923954108097,0.5391906708735537,0.2297971920394452,0.23101213708699175,0.27181969638717046,0.4893222886302471,0.6015865692682303,0.6859632076241073,0.5674912912283157,0.8383349061549756,0.9090629478172731,0.9467491524238931
current,44,wk inc covid prop ed visits,2025-2026,states_dc,51,0.0,5476.0,2.6085981210378835,0.7225917371314508,0.46829577185154647,1.4177106120548655,3.845731619944041,1577.0,2764.0,3334.0,3755.0,2.4713671885012656,1.136099226909532,0.6552800338668678,0.6799879277248464,3.7540446838962405,2849.0,4405.0,4877.0,5121.0,1.0861051809321223,0.30947506721933227,0.17422805713268727,0.6024020565800928,0.4839802140157255,0.2605335703145489,0.2554862156697166,0.28750189321123576,0.5025619516968999,0.6088013934034697,0.6847267368028614,0.5139095685808489,0.7979186326937193,0.8863286847715913,0.9334364405298664
current,44,wk inc covid prop ed visits,2025-2026,US,1,1.0,110.0,0.0357863829783143,0.0095335732422647,0.001632369477840173,0.024620440258209,0.0542749167695639,23.0,48.0,63.0,76.0,0.026473263059175398,0.020120540261147,0.0028287126048675,0.0035240101931606,0.0327665184741256,86.0,110.0,110.0,110.0,1.3517934263834945,0.36012082156077274,0.06166106060259195,0.9300115442201136,0.7600324983048661,0.10685167893903028,0.13311582275609238,0.20909090909090908,0.43636363636363634,0.5727272727272728,0.6909090909090909,0.7818181818181819,1.0,1.0,1.0
current,44,wk inc flu hosp,2023-2024,all,52,0.20000000000000007,6234.0,460827.97652173915,169335.49826086956,67106.82608695651,224385.65217391303,711603.0,2663.0,4250.0,4964.0,5415.0,393119.194762158,131720.98634605427,185716.16682836536,75682.04158773835,620754.5171976062,3024.0,4757.0,5382.0,5728.0,1.201279573822654,0.42437426195159966,0.2254512897937581,0.5514540220772961,0.3526672245819764,0.44683510505362256,0.20049767036440122,0.4359854198089494,0.7019901122842302,0.8139056477291773,0.8790740740740742,0.46780878163231115,0.7560507792860736,0.8716247695659463,0.9214982403217699
current,44,wk inc flu hosp,2023-2024,states_dc,51,0.0,6114.0,258435.77913043482,94427.12695652174,47658.69565217391,116349.95652173912,393565.0,2606.0,4155.0,4857.0,5304.0,216945.88649337352,75382.4111622646,102632.95431514291,38930.521015966006,336315.5148954264,2977.0,4670.0,5273.0,5616.0,1.2143933641231814,0.4241685644574174,0.25421610289291674,0.536008696772847,0.3608863704697729,0.4406440511304033,0.19846957839982407,0.4262317747611865,0.6795709736886206,0.7944653929948051,0.8675925925925929,0.4868443103737223,0.7638134741075917,0.8624476286240995,0.9185394670688792
current,44,wk inc flu hosp,2023-2024,US,1,1.0,120.0,202392.19739130436,74908.37130434782,19448.130434782608,108035.69565217392,318038.0,57.0,95.0,107.0,111.0,176173.30826878446,56338.57518378966,83083.21251322246,36751.520571772344,284439.0023021797,47.0,87.0,109.0,112.0,1.1488244126205442,0.4251970519283288,0.11039203739712343,0.6132353232950919,0.3197906410307906,0.47159932074649974,0.20861003822270968,0.475,0.7916666666666666,0.8916666666666667,0.925,0.39166666666666666,0.725,0.9083333333333333,0.9333333333333333
current,44,wk inc flu hosp,2024-2025,all,52,0.20000000000000007,5616.0,771323.5243478261,352305.8286956522,343277.17391304346,75740.52173913045,1142829.0,2957.0,4454.0,4924.0,5175.0,997209.4752173913,214134.4317391304,732659.1304347826,50415.91304347826,1363610.0,2943.0,4023.0,4381.0,4604.0,0.7952163758680246,0.33908252811929884,0.3695615320635676,0.08657231568515834,0.2210839685595471,0.7136002994462362,0.0653157319942169,0.535294117647059,0.8124546114742195,0.8909586056644883,0.93082788671024,0.5315541031227307,0.7208424110384897,0.7796659404502544,0.8137618010167031
current,44,wk inc flu hosp,2024-2025,states_dc,51,0.0,5508.0,430048.6421739131,180055.59869565218,206792.43478260873,43200.60869565218,644036.0,2895.0,4357.0,4821.0,5070.0,545536.7908695652,116470.22565217389,390693.86956521735,38372.69565217391,755891.0,2882.0,3943.0,4297.0,4519.0,0.8051254502775151,0.32851297467348783,0.38640786301468477,0.09020461258934247,0.22229800226947322,0.7027232314120876,0.07497876631843926,0.525599128540305,0.7910312273057373,0.8752723311546842,0.920479302832244,0.5232389251997096,0.7158678286129269,0.7801379811183734,0.8204429920116196
current,44,wk inc flu hosp,2024-2025,US,1,1.0,108.0,341274.88217391307,172250.23,136484.73913043475,32539.91304347826,498793.0,62.0,97.0,103.0,105.0,451672.6843478261,97664.20608695652,341965.26086956525,12043.217391304348,607719.0,61.0,80.0,84.0,85.0,0.7555800782300631,0.3813607419025428,0.30217620825909847,0.07204312806842172,0.2162278337198422,0.7571085715828304,0.02666359469732744,0.5740740740740741,0.8981481481481481,0.9537037037037037,0.9722222222222222,0.5648148148148148,0.7407407407407407,0.7777777777777778,0.7870370370370371
current,44,wk inc flu hosp,2025-2026,all,52,0.20000000000000007,5824.0,670210.0678260869,153537.58956521738,308738.652173913,207933.82608695654,994215.0,1959.0,3292.0,3937.0,4348.0,681987.2230434783,182493.35347826086,344539.7391304348,154954.13043478262,1021199.0,3056.0,4510.0,4990.0,5252.0,0.9922426913207342,0.2193841974978893,0.49992060854159387,0.2729378852812509,0.2795215027822053,0.5126519392462101,0.2078265579715848,0.3747549019607844,0.5927170868347341,0.7011554621848741,0.7718837535014006,0.5267507002801123,0.7781162464985996,0.8568627450980393,0.8984943977591037
current,44,wk inc flu hosp,2025-2026,states_dc,51,0.0,5712.0,360778.5143478261,81138.0795652174,170280.6956521739,109359.7391304348,529754.0,1898.0,3212.0,3846.0,4249.0,369731.63260869565,98349.24130434783,189960.8260869565,81421.56521739133,551635.0,2996.0,4421.0,4894.0,5153.0,0.9925643620665909,0.21626530387551132,0.5140476961017902,0.2622513620892893,0.2820338995276028,0.5170549996731875,0.2009111007992099,0.33228291316526615,0.5623249299719888,0.6733193277310923,0.7438725490196079,0.5245098039215687,0.7739845938375353,0.8567927170868351,0.9021358543417369
current,44,wk inc flu hosp,2025-2026,US,1,1.0,112.0,309431.5534782609,72399.51,138457.95652173914,98574.08695652174,464461.0,61.0,80.0,91.0,99.0,312255.5904347826,84144.11217391305,154578.91304347827,73532.5652173913,469564.0,60.0,89.0,96.0,99.0,0.9909560083373061,0.23185977198740107,0.443412258300808,0.31568397804909704,0.26947191580061497,0.4950396975383006,0.2354883866610844,0.5446428571428571,0.7142857142857143,0.8125,0.8839285714285714,0.5357142857142857,0.7946428571428571,0.8571428571428571,0.8839285714285714
current,44,wk inc flu prop ed visits,2025-2026,all,52,0.20000000000000007,5768.0,36.38676785921656,8.245711457469842,19.293455633174514,8.84760076857219,52.63386776715665,1610.0,2999.0,3659.0,4138.0,37.45877191682501,10.32540181251476,18.66849846028443,8.464871644025802,55.69990942461097,3125.0,4505.0,4944.0,5205.0,0.972910222117324,0.23373963290768382,0.4980052442235018,0.24116534498613773,0.29592406594377124,0.4861518031545085,0.21792413090171991,0.2838235294117648,0.5347689075630253,0.6509453781512606,0.7402661064425771,0.563200280112045,0.7810574229691878,0.8550420168067228,0.8988795518207282
current,44,wk inc flu prop ed visits,2025-2026,states_dc,51,0.0,5656.0,35.82051192583859,8.098408274999462,19.043266249334764,8.678837401504344,51.78187412166166,1576.0,2932.0,3578.0,4044.0,36.85597054744329,10.13762192450928,18.3753233456567,8.343025277277297,54.80314218169003,3050.0,4416.0,4848.0,5105.0,0.981294277722801,0.23108344630951114,0.5187454340594777,0.23146539735381166,0.29202707088916097,0.4861011471818258,0.22187178192901272,0.27888655462184875,0.5189075630252102,0.6328781512605043,0.7155112044817928,0.5365896358543417,0.7776610644257704,0.8545168067226894,0.9003851540616248
current,44,wk inc flu prop ed visits,2025-2026,US,1,1.0,112.0,0.5662559333779764,0.1473031824703789,0.2501893838397509,0.1687633670678462,0.8519936454949899,34.0,67.0,81.0,94.0,0.6028013693817165,0.1877798880054818,0.29317511462773,0.1218463667485042,0.8967672429209468,75.0,89.0,96.0,100.0,0.9393739996954152,0.24436437930037447,0.4150444848795982,0.2799651355154419,0.31151204616221184,0.4863544270452387,0.20213352679254865,0.30357142857142855,0.5982142857142857,0.7232142857142857,0.8392857142857143,0.6696428571428571,0.7946428571428571,0.8571428571428571,0.8928571428571429
current,44,wk inc rsv hosp,2025-2026,all,52,0.20000000000000007,6032.0,98022.16478260868,41139.208260869564,19378.130434782608,37504.82608695652,144722.0,2815.0,4226.0,4797.0,5125.0,174064.93092191094,53052.087440608055,105063.50795633462,15949.335524968266,270304.41698893777,2589.0,4305.0,4948.0,5364.0,0.739306472211477,0.2626938329758296,0.2189791641118471,0.25763347512380025,0.30674063025043297,0.5745971360277672,0.11866223372180024,0.5077755240027046,0.7303583502366465,0.8171061528059501,0.8614604462474647,0.4406693711967547,0.7187964841108859,0.8279918864097365,0.8953684922244762
current,44,wk inc rsv hosp,2025-2026,states_dc,51,0.0,5916.0,63698.79608695652,25753.317826086957,16795.130434782608,21150.347826086956,96248.0,2735.0,4126.0,4691.0,5019.0,94740.19007535864,28170.04025877443,55907.86834298157,10662.281473602627,146919.94591427944,2532.0,4219.0,4848.0,5257.0,0.815959497986093,0.2798770904621651,0.26558336756134887,0.270499039962579,0.30500748188385424,0.5633274152930453,0.13166510282310062,0.46230561189993247,0.6974306964164978,0.7929344151453687,0.8483772819472618,0.4279918864097364,0.7131507775524004,0.8194726166328601,0.8886071670047331
current,44,wk inc rsv hosp,2025-2026,US,1,1.0,116.0,34323.36869565217,15385.890434782608,2583.0,16354.478260869564,48474.0,80.0,100.0,106.0,106.0,79324.7408465523,24882.04718183363,49155.63961335304,5287.05405136564,123384.47107465833,57.0,86.0,100.0,107.0,0.4326943691130126,0.19396080303048763,0.03256235031383989,0.2061712157686851,0.31367322371674766,0.6196760189666538,0.06665075731659867,0.6896551724137931,0.8620689655172413,0.9137931034482759,0.9137931034482759,0.49137931034482757,0.7413793103448276,0.8620689655172413,0.9224137931034483
current,44,wk inc rsv prop ed visits,2025-2026,all,51,0.2,5586.0,2.7360518135121676,0.9678721038817479,1.0980997706762825,0.6700799389541177,4.127431332314696,2679.0,4261.0,4743.0,5000.0,4.530466181091006,1.2624880197885668,3.0078391482014353,0.2601390131009845,6.751646223879154,2706.0,4144.0,4680.0,5001.0,0.5880134024046175,0.22879606948407774,0.19498832807882893,0.16422900484170566,0.3535959682986677,0.586054512720714,0.06034951898061302,0.48483861659410626,0.7758374514562518,0.8565053986212203,0.9021327742546805,0.5147666229916434,0.7725612543865138,0.86154240300846,0.9086279020936869
current,44,wk inc rsv prop ed visits,2025-2026,states_dc,50,0.0,5475.0,2.7140704609031383,0.9586468992180983,1.0934811693200435,0.6619423923649772,4.09276542293181,2622.0,4167.0,4643.0,4895.0,4.481922043258964,1.2402717937371133,2.9831665637207228,0.25848368580110964,6.672332609887618,2633.0,4042.0,4572.0,4893.0,0.6218138329895433,0.2384857217924809,0.21994983287694098,0.16337827832011592,0.32758245330440744,0.6055055048001255,0.06691204189546196,0.4776698923642544,0.7580851026086033,0.8454065230513002,0.8911794813318643,0.47904386432514,0.7359718382534124,0.8336847605173314,0.8925416343738655
current,44,wk inc rsv prop ed visits,2025-2026,US,1,1.0,111.0,0.0219813526090293,0.0092252046636496,0.0046186013562391,0.0081375465891404,0.0346659093828869,57.0,94.0,100.0,105.0,0.0485441378320411,0.0222162260514535,0.024672584480712398,0.0016553272998748388,0.0793136139915364,73.0,102.0,108.0,108.0,0.45281168006491435,0.19003746025046492,0.09514230888638084,0.1676319109280645,0.4576500282757085,0.5082505444030668,0.03409942732121726,0.5135135135135135,0.8468468468468469,0.9009009009009009,0.9459459459459459,0.6576576576576577,0.918918918918919,0.972972972972973,0.972972972972973
draws,42,wk inc covid hosp,2024-2025,all,52,0.20000000000000007,6968.0,209240.9447826087,76948.42304347827,98608.17391304347,33684.34782608696,321532.0,3285.0,5104.0,5681.0,6022.0,294095.7264372725,135467.5071866996,122015.56154699085,36612.65770358205,459783.4153206482,3786.0,5746.0,6312.0,6600.0,0.7747572335638768,0.27387104445059174,0.3730120304915131,0.12787415862177176,0.43807851857461183,0.40762840559217406,0.15429307583321417,0.4519461515949665,0.7143985952589992,0.8080772607550485,0.8617500731635941,0.5601112086625696,0.845946736903717,0.9204565408252854,0.9555458004097162
draws,42,wk inc covid hosp,2024-2025,states_dc,51,0.0,6834.0,131664.16826086957,49285.16826086957,63902.217391304344,18476.782608695652,200265.0,3236.0,5019.0,5577.0,5908.0,177711.5257127561,72412.19438985428,79788.8120383263,25510.51928457551,270242.3766800353,3701.0,5620.0,6180.0,6467.0,0.801807135491582,0.28291653301593717,0.39171463456801836,0.1271759679076263,0.4121516864040481,0.4188300047704274,0.1690183088255246,0.4735147790459468,0.7344161545215102,0.8160667251975418,0.8645010242903133,0.5415569212759731,0.8223587942639744,0.9043020193151889,0.9462979221539364
draws,42,wk inc covid hosp,2024-2025,US,1,1.0,134.0,77576.77652173914,27663.254782608696,34705.95652173913,15207.565217391304,121267.0,49.0,85.0,104.0,114.0,116384.20072451644,63055.312796845334,42226.74950866455,11102.138419006547,189541.03864061285,85.0,126.0,132.0,133.0,0.6665576258530556,0.2376890901892099,0.2982016141854921,0.13066692147835335,0.5417858472568663,0.3628220088791609,0.0953921438639727,0.3656716417910448,0.6343283582089553,0.7761194029850746,0.8507462686567164,0.6343283582089553,0.9402985074626866,0.9850746268656716,0.9925373134328358
draws,42,wk inc covid hosp,2025-2026,all,52,0.20000000000000007,9048.0,218599.67521739128,81830.28391304347,25989.086956521744,110780.30434782608,338128.0,3513.0,5644.0,6587.0,7182.0,251503.70978939498,102039.96804152087,70756.4623304223,78707.27941745178,396424.6389596296,4576.0,7150.0,7993.0,8484.0,0.9597105136490834,0.3176187629777223,0.16217651391806007,0.4799152367533013,0.4039583179592176,0.30598357647482927,0.29005810556595324,0.41097588460671636,0.6518142889339645,0.7569528961009695,0.8127112914131172,0.5195176921343252,0.7918187964841109,0.8741717376605818,0.9417399143565475
draws,42,wk inc covid hosp,2025-2026,states_dc,51,0.0,8874.0,121400.16913043478,46040.86478260869,20216.52173913044,55142.782608695656,187728.0,3424.0,5509.0,6433.0,7026.0,137533.1523161514,55676.68777243521,42712.03193647525,39144.43260724092,215812.05818140364,4475.0,7011.0,7848.0,8317.0,0.9864262647092242,0.31851760992377326,0.19005823785781817,0.4778504169276327,0.4032477713441502,0.32096263893170385,0.2757895897241462,0.3858462925400045,0.6208023439260762,0.7249267523101196,0.7917511832319135,0.5042821726391706,0.7900608519269777,0.8843813387423937,0.937232364210052
draws,42,wk inc covid hosp,2025-2026,US,1,1.0,174.0,97199.50608695652,35789.419130434784,5772.565217391304,55637.52173913043,150400.0,89.0,135.0,154.0,156.0,113970.55747324359,46363.28026908566,28044.430393947056,39562.84681021086,180612.58077822594,101.0,139.0,145.0,167.0,0.8528475094085212,0.31402337519351803,0.05064961815902766,0.4881745160559755,0.4068005044194873,0.2460673266473311,0.34713216893318144,0.5114942528735632,0.7758620689655172,0.8850574712643678,0.896551724137931,0.5804597701149425,0.7988505747126436,0.8333333333333334,0.9597701149425287
draws,42,wk inc covid prop ed visits,2025-2026,all,52,0.20000000000000007,5586.0,2.7437502807930034,0.7791828273373419,0.37549913103680194,1.58906832241884,4.1684679237737114,1492.0,2789.0,3445.0,3957.0,2.497840451560441,1.156219767170679,0.6581087464717353,0.683511937918007,3.786811202370366,2935.0,4515.0,4987.0,5231.0,1.2174950483555496,0.3418917991675324,0.11354577405657444,0.7620574751314332,0.5391906708735537,0.2297971920394452,0.23101213708699175,0.24343224633882077,0.49256859249938845,0.6198257080610023,0.7258898092808129,0.5674912912283157,0.8383349061549756,0.9090629478172731,0.9467491524238931
draws,42,wk inc covid prop ed visits,2025-2026,states_dc,51,0.0,5476.0,2.7045586477356265,0.7684019128274348,0.37509817949580543,1.561058555412367,4.103551621755285,1476.0,2737.0,3374.0,3868.0,2.4713671885012656,1.136099226909532,0.6552800338668678,0.6799879277248464,3.7540446838962405,2849.0,4405.0,4877.0,5121.0,1.1517630081320032,0.3255552885444995,0.13814583562660107,0.6880618839608937,0.4839802140157255,0.2605335703145489,0.2554862156697166,0.2679266715598896,0.49752892244241725,0.6134184987126164,0.7050895343282888,0.5139095685808489,0.7979186326937193,0.8863286847715913,0.9334364405298664
draws,42,wk inc covid prop ed visits,2025-2026,US,1,1.0,110.0,0.0391916330573769,0.0107809145099071,0.00040095154099648256,0.028009767006473,0.0649163020184262,16.0,52.0,71.0,89.0,0.026473263059175398,0.020120540261147,0.0028287126048675,0.0035240101931606,0.0327665184741256,86.0,110.0,110.0,110.0,1.480423209249735,0.40723784165966387,0.015145527776467901,1.0580398398135913,0.7600324983048661,0.10685167893903028,0.13311582275609238,0.14545454545454545,0.4727272727272727,0.6454545454545455,0.8090909090909091,0.7818181818181819,1.0,1.0,1.0
draws,42,wk inc flu hosp,2023-2024,all,52,0.20000000000000007,6234.0,364836.5404347826,128397.23608695652,128327.47826086957,108111.82608695653,567690.0,2278.0,3804.0,4518.0,5005.0,393119.194762158,131720.98634605427,185716.16682836536,75682.04158773835,620754.5171976062,3024.0,4757.0,5382.0,5728.0,0.9847837691140828,0.3083422536837225,0.3887726400956409,0.2876688753347194,0.3526672245819764,0.44683510505362256,0.20049767036440122,0.3948407910172617,0.6360197754315403,0.7570806100217866,0.82848081112787,0.46780878163231115,0.7560507792860736,0.8716247695659463,0.9214982403217699
draws,42,wk inc flu hosp,2023-2024,states_dc,51,0.0,6114.0,222181.17304347825,68937.47739130433,88219.56521739131,65024.130434782615,340683.0,2215.0,3714.0,4410.0,4892.0,216945.88649337352,75382.4111622646,102632.95431514291,38930.521015966006,336315.5148954264,2977.0,4670.0,5273.0,5616.0,1.0285435864297094,0.3010510189393268,0.4290503776903396,0.29844218980004306,0.3608863704697729,0.4406440511304033,0.19846957839982407,0.362300988771577,0.6075247192894252,0.7213507625272331,0.8001843472431709,0.4868443103737223,0.7638134741075917,0.8624476286240995,0.9185394670688792
draws,42,wk inc flu hosp,2023-2024,US,1,1.0,120.0,142655.36739130435,59459.75869565218,40107.913043478264,43087.69565217391,227007.0,63.0,90.0,108.0,113.0,176173.30826878446,56338.57518378966,83083.21251322246,36751.520571772344,284439.0023021797,47.0,87.0,109.0,112.0,0.8097444998515757,0.33750719266130536,0.22766168971684597,0.24457561747342446,0.3197906410307906,0.47159932074649974,0.20861003822270968,0.525,0.75,0.9,0.9416666666666667,0.39166666666666666,0.725,0.9083333333333333,0.9333333333333333
draws,42,wk inc flu hosp,2024-2025,all,52,0.20000000000000007,5616.0,708271.0700000001,190855.54826086957,479047.04347826086,38368.47826086956,1026723.0,2289.0,3765.0,4391.0,4796.0,997209.4752173913,214134.4317391304,732659.1304347826,50415.91304347826,1363610.0,2943.0,4023.0,4381.0,4604.0,0.7500279081909085,0.19330902806671246,0.49347383082237545,0.06324504930182052,0.2210839685595471,0.7136002994462362,0.0653157319942169,0.4297385620915034,0.6936092955700801,0.8015976761074802,0.8655410312273059,0.5315541031227307,0.7208424110384897,0.7796659404502544,0.8137618010167031
draws,42,wk inc flu hosp,2024-2025,states_dc,51,0.0,5508.0,413143.90130434785,101661.2491304348,280326.6956521739,31155.95652173913,602455.0,2232.0,3679.0,4295.0,4697.0,545536.7908695652,116470.22565217389,390693.86956521735,38372.69565217391,755891.0,2882.0,3943.0,4297.0,4519.0,0.7741825402092983,0.19226740457469702,0.5068509415235446,0.07506419411105665,0.22229800226947322,0.7027232314120876,0.07497876631843926,0.40522875816993476,0.6679375453885259,0.7797748729121279,0.8527596223674656,0.5232389251997096,0.7158678286129269,0.7801379811183734,0.8204429920116196
draws,42,wk inc flu hosp,2024-2025,US,1,1.0,108.0,295127.16869565216,89194.29913043478,198720.34782608695,7212.521739130434,424268.0,57.0,86.0,96.0,99.0,451672.6843478261,97664.20608695652,341965.26086956525,12043.217391304348,607719.0,61.0,80.0,84.0,85.0,0.6534093801173492,0.19747552203477428,0.43996538801769886,0.015968470064875968,0.2162278337198422,0.7571085715828304,0.02666359469732744,0.5277777777777778,0.7962962962962963,0.8888888888888888,0.9166666666666666,0.5648148148148148,0.7407407407407407,0.7777777777777778,0.7870370370370371
draws,42,wk inc flu hosp,2025-2026,all,52,0.20000000000000007,5824.0,650170.46,151588.11217391305,309226.2173913043,189356.13043478262,977310.0,2003.0,3333.0,3975.0,4414.0,681987.2230434783,182493.35347826086,344539.7391304348,154954.13043478262,1021199.0,3056.0,4510.0,4990.0,5252.0,0.9656812216645534,0.21994200538622943,0.49810071644677767,0.2476384998315463,0.2795215027822053,0.5126519392462101,0.2078265579715848,0.3809173669467788,0.6083333333333336,0.7114145658263306,0.779481792717087,0.5267507002801123,0.7781162464985996,0.8568627450980393,0.8984943977591037
draws,42,wk inc flu hosp,2025-2026,states_dc,51,0.0,5712.0,354708.4986956522,80757.19434782608,174171.34782608695,99779.95652173915,527398.0,1942.0,3247.0,3881.0,4316.0,369731.63260869565,98349.24130434783,189960.8260869565,81421.56521739133,551635.0,2996.0,4421.0,4894.0,5153.0,0.9705469461899634,0.21821841969333422,0.5144974314874462,0.2378310950091828,0.2820338995276028,0.5170549996731875,0.2009111007992099,0.3399859943977591,0.5684523809523809,0.6794467787114846,0.7556022408963585,0.5245098039215687,0.7739845938375353,0.8567927170868351,0.9021358543417369
draws,42,wk inc flu hosp,2025-2026,US,1,1.0,112.0,295461.96130434785,70830.91782608695,135054.8695652174,89576.17391304347,449912.0,61.0,86.0,94.0,98.0,312255.5904347826,84144.11217391305,154578.91304347827,73532.5652173913,469564.0,60.0,89.0,96.0,99.0,0.9462183235629139,0.22683634815781026,0.4325138562841034,0.2868681191210002,0.26947191580061497,0.4950396975383006,0.2354883866610844,0.5446428571428571,0.7678571428571429,0.8392857142857143,0.875,0.5357142857142857,0.7946428571428571,0.8571428571428571,0.8839285714285714
draws,42,wk inc flu prop ed visits,2025-2026,all,52,0.20000000000000007,5768.0,37.280808122298694,8.346656209300058,19.968661460203293,8.965490452795322,54.39815393464846,1707.0,3087.0,3779.0,4255.0,37.45877191682501,10.32540181251476,18.66849846028443,8.464871644025802,55.69990942461097,3125.0,4505.0,4944.0,5205.0,0.9910898457717062,0.23554922269020817,0.5126660293634249,0.2428745937180725,0.29592406594377124,0.4861518031545085,0.21792413090171991,0.29397759103641463,0.5473739495798321,0.6759803921568628,0.77296918767507,0.563200280112045,0.7810574229691878,0.8550420168067228,0.8988795518207282
draws,42,wk inc flu prop ed visits,2025-2026,states_dc,51,0.0,5656.0,36.705060967497474,8.20139841839641,19.714541546679424,8.789121002421618,53.50166426364092,1675.0,3020.0,3693.0,4151.0,36.85597054744329,10.13762192450928,18.3753233456567,8.343025277277297,54.80314218169003,3050.0,4416.0,4848.0,5105.0,1.0000825100686188,0.23419371942030726,0.5354413056821462,0.2304474849661646,0.29202707088916097,0.4861011471818258,0.22187178192901272,0.2960434173669468,0.5346638655462184,0.6530112044817927,0.7340686274509806,0.5365896358543417,0.7776610644257704,0.8545168067226894,0.9003851540616248
draws,42,wk inc flu prop ed visits,2025-2026,US,1,1.0,112.0,0.5757471548012226,0.1452577909036469,0.2541199135238707,0.1763694503737045,0.8964896710075436,32.0,67.0,86.0,104.0,0.6028013693817165,0.1877798880054818,0.29317511462773,0.1218463667485042,0.8967672429209468,75.0,89.0,96.0,100.0,0.9551191885840556,0.24097123576981164,0.4215649240885391,0.2925830287257041,0.31151204616221184,0.4863544270452387,0.20213352679254865,0.2857142857142857,0.5982142857142857,0.7678571428571429,0.9285714285714286,0.6696428571428571,0.7946428571428571,0.8571428571428571,0.8928571428571429
draws,42,wk inc rsv hosp,2025-2026,all,52,0.20000000000000007,6032.0,145727.33217391305,58898.810434782616,82013.86956521739,4814.652173913044,241402.0,2311.0,4162.0,4844.0,5173.0,174064.93092191094,53052.087440608055,105063.50795633462,15949.335524968266,270304.41698893777,2589.0,4305.0,4948.0,5364.0,0.9373543784981375,0.32184031138693964,0.5619007763919581,0.053613290719239606,0.30674063025043297,0.5745971360277672,0.11866223372180024,0.39036511156186626,0.7217038539553755,0.8361730899256257,0.8838404327248142,0.4406693711967547,0.7187964841108859,0.8279918864097365,0.8953684922244762
draws,42,wk inc rsv hosp,2025-2026,states_dc,51,0.0,5916.0,87168.5239130435,30841.523913043482,52853.739130434784,3473.2608695652175,142043.0,2262.0,4062.0,4730.0,5057.0,94740.19007535864,28170.04025877443,55907.86834298157,10662.281473602627,146919.94591427944,2532.0,4219.0,4848.0,5257.0,0.987138924675961,0.3138749931267593,0.6104748494664617,0.06278908208273974,0.30500748188385424,0.5633274152930453,0.13166510282310062,0.38235294117647056,0.6866125760649088,0.799526707234618,0.8548005409060178,0.4279918864097364,0.7131507775524004,0.8194726166328601,0.8886071670047331
draws,42,wk inc rsv hosp,2025-2026,US,1,1.0,116.0,58558.80826086956,28057.28652173913,29160.130434782608,1341.391304347826,99359.0,49.0,100.0,114.0,116.0,79324.7408465523,24882.04718183363,49155.63961335304,5287.05405136564,123384.47107465833,57.0,86.0,100.0,107.0,0.7382161937868431,0.35370158442766075,0.36760448409394325,0.016910125265239072,0.31367322371674766,0.6196760189666538,0.06665075731659867,0.4224137931034483,0.8620689655172413,0.9827586206896551,1.0,0.49137931034482757,0.7413793103448276,0.8620689655172413,0.9224137931034483
draws,42,wk inc rsv prop ed visits,2025-2026,all,51,0.2,5586.0,3.478917943598989,1.2419592403364548,1.9327012058135984,0.3042574974489154,5.458178036027019,2419.0,4119.0,4756.0,5044.0,4.530466181091006,1.2624880197885668,3.0078391482014353,0.2601390131009845,6.751646223879154,2706.0,4144.0,4680.0,5001.0,0.8094472280117249,0.3283926949365803,0.4143685809231583,0.06668595215197944,0.3535959682986677,0.586054512720714,0.06034951898061302,0.46040829671484823,0.7723992954569106,0.8753878329541301,0.9192854257989802,0.5147666229916434,0.7725612543865138,0.86154240300846,0.9086279020936869
draws,42,wk inc rsv prop ed visits,2025-2026,states_dc,50,0.0,5475.0,3.4391803122751194,1.2218561112684179,1.916148449490906,0.30117575151577547,5.393278935045436,2354.0,4015.0,4646.0,4933.0,4.481922043258964,1.2402717937371133,2.9831665637207228,0.25848368580110964,6.672332609887618,2633.0,4042.0,4572.0,4893.0,0.8071621244991228,0.30696071052067103,0.43271481870800904,0.06748659527043684,0.32758245330440744,0.6055055048001255,0.06691204189546196,0.42911397449716393,0.731264885086904,0.846487043444915,0.8991067822487255,0.47904386432514,0.7359718382534124,0.8336847605173314,0.8925416343738655
draws,42,wk inc rsv prop ed visits,2025-2026,US,1,1.0,111.0,0.0397376313238697,0.020103129068037,0.0165527563226923,0.0030817459331399003,0.0648991009815827,65.0,104.0,110.0,111.0,0.0485441378320411,0.0222162260514535,0.024672584480712398,0.0016553272998748388,0.0793136139915364,73.0,102.0,108.0,108.0,0.8185876420621329,0.4141206326002173,0.34098362978375546,0.06348337967814979,0.4576500282757085,0.5082505444030668,0.03409942732121726,0.5855855855855856,0.9369369369369369,0.990990990990991,1.0,0.6576576576576577,0.918918918918919,0.972972972972973,0.972972972972973
draws,43,wk inc covid hosp,2024-2025,all,52,0.20000000000000007,6968.0,181167.28913043477,78447.59347826088,80859.39130434782,21860.304347826084,275929.0,3659.0,5424.0,5955.0,6260.0,294095.7264372725,135467.5071866996,122015.56154699085,36612.65770358205,459783.4153206482,3786.0,5746.0,6312.0,6600.0,0.7159873274633433,0.2759157656246814,0.3428988712877601,0.0971726905509019,0.43807851857461183,0.40762840559217406,0.15429307583321417,0.5397424641498392,0.7972490488732809,0.8717881182323678,0.9116183786947616,0.5601112086625696,0.845946736903717,0.9204565408252854,0.9555458004097162
draws,43,wk inc covid hosp,2024-2025,states_dc,51,0.0,6834.0,124571.11347826087,50166.33086956522,60383.17391304347,14021.608695652172,190002.0,3578.0,5306.0,5828.0,6130.0,177711.5257127561,72412.19438985428,79788.8120383263,25510.51928457551,270242.3766800353,3701.0,5620.0,6180.0,6467.0,0.7734122979857779,0.2841449179000272,0.3846394888971379,0.10462789118861285,0.4121516864040481,0.4188300047704274,0.1690183088255246,0.5235586772022242,0.7764120573602578,0.8527948492829969,0.8969856599356162,0.5415569212759731,0.8223587942639744,0.9043020193151889,0.9462979221539364
draws,43,wk inc covid hosp,2024-2025,US,1,1.0,134.0,56596.17565217391,28281.26260869565,20476.217391304348,7838.695652173913,85927.0,81.0,118.0,127.0,130.0,116384.20072451644,63055.312796845334,42226.74950866455,11102.138419006547,189541.03864061285,85.0,126.0,132.0,133.0,0.48628744537360447,0.24299915652329757,0.17593640085024886,0.0673518880000581,0.5417858472568663,0.3628220088791609,0.0953921438639727,0.6044776119402985,0.8805970149253731,0.9477611940298507,0.9701492537313433,0.6343283582089553,0.9402985074626866,0.9850746268656716,0.9925373134328358
draws,43,wk inc covid hosp,2025-2026,all,52,0.20000000000000007,9048.0,202242.15695652174,65666.20043478262,44974.739130434784,91601.21739130435,298863.0,4159.0,6483.0,7274.0,7739.0,251503.70978939498,102039.96804152087,70756.4623304223,78707.27941745178,396424.6389596296,4576.0,7150.0,7993.0,8484.0,0.8674842568389954,0.28819259813762493,0.23636006592078002,0.3429315927805905,0.4039583179592176,0.30598357647482927,0.29005810556595324,0.4681541582150103,0.7221546089700249,0.8072346179851253,0.8544512057696644,0.5195176921343252,0.7918187964841109,0.8741717376605818,0.9417399143565475
draws,43,wk inc covid hosp,2025-2026,states_dc,51,0.0,8874.0,112170.31391304349,42933.87913043479,32933.65217391305,36302.78260869565,171980.0,4071.0,6353.0,7131.0,7591.0,137533.1523161514,55676.68777243521,42712.03193647525,39144.43260724092,215812.05818140364,4475.0,7011.0,7848.0,8317.0,0.886778321689449,0.31037628748088797,0.26903736839949133,0.3073646658090697,0.4032477713441502,0.32096263893170385,0.2757895897241462,0.4587559161595674,0.7159116520171288,0.8035835023664639,0.8554203290511608,0.5042821726391706,0.7900608519269777,0.8843813387423937,0.937232364210052
draws,43,wk inc covid hosp,2025-2026,US,1,1.0,174.0,90071.84304347826,22732.321304347824,12041.08695652174,55298.434782608696,126883.0,88.0,130.0,143.0,148.0,113970.55747324359,46363.28026908566,28044.430393947056,39562.84681021086,180612.58077822594,101.0,139.0,145.0,167.0,0.7903079974371808,0.1994578407645729,0.10565085600593449,0.4851993006666734,0.4068005044194873,0.2460673266473311,0.34713216893318144,0.5057471264367817,0.7471264367816092,0.8218390804597702,0.8505747126436781,0.5804597701149425,0.7988505747126436,0.8333333333333334,0.9597701149425287
draws,43,wk inc covid prop ed visits,2025-2026,all,52,0.20000000000000007,5586.0,2.546507739146871,0.7443361142833276,0.5535934311426807,1.2485781937208418,3.778892026156375,1749.0,2978.0,3550.0,3916.0,2.497840451560441,1.156219767170679,0.6581087464717353,0.683511937918007,3.786811202370366,2935.0,4515.0,4987.0,5231.0,1.1300148208979126,0.3152323248556421,0.1962795774660041,0.6185029185762572,0.5391906708735537,0.2297971920394452,0.23101213708699175,0.29597823680868673,0.5153987394125804,0.6260270525322429,0.6895303671082219,0.5674912912283157,0.8383349061549756,0.9090629478172731,0.9467491524238931
draws,43,wk inc covid prop ed visits,2025-2026,states_dc,51,0.0,5476.0,2.507014849982631,0.7357388217210615,0.5498969242732624,1.2213791039882862,3.7203999548866435,1724.0,2929.0,3485.0,3845.0,2.4713671885012656,1.136099226909532,0.6552800338668678,0.6799879277248464,3.7540446838962405,2849.0,4405.0,4877.0,5121.0,1.03956781472008,0.3128519580961335,0.21044154547341368,0.5162743111505231,0.4839802140157255,0.2605335703145489,0.2554862156697166,0.31315461419267654,0.5328847879020892,0.634806542938031,0.7005493225216411,0.5139095685808489,0.7979186326937193,0.8863286847715913,0.9334364405298664
draws,43,wk inc covid prop ed visits,2025-2026,US,1,1.0,110.0,0.0394928891642399,0.008597292562266,0.0036965068694182,0.027199089732555498,0.0584920712697317,25.0,49.0,65.0,71.0,0.026473263059175398,0.020120540261147,0.0028287126048675,0.0035240101931606,0.0327665184741256,86.0,110.0,110.0,110.0,1.4918028456092427,0.3247537918936765,0.1396317054363657,1.0274173482791928,0.7600324983048661,0.10685167893903028,0.13311582275609238,0.22727272727272727,0.44545454545454544,0.5909090909090909,0.6454545454545455,0.7818181818181819,1.0,1.0,1.0
draws,43,wk inc flu hosp,2023-2024,all,52,0.20000000000000007,6234.0,413967.69521739124,133616.6952173913,71953.91304347826,208397.08695652173,624681.0,2615.0,4161.0,4799.0,5235.0,393119.194762158,131720.98634605427,185716.16682836536,75682.04158773835,620754.5171976062,3024.0,4757.0,5382.0,5728.0,1.0793266741128118,0.33250057595456495,0.24891895136529524,0.49790714679295167,0.3526672245819764,0.44683510505362256,0.20049767036440122,0.4436014747779455,0.6873210993799231,0.7877090665325961,0.8509234120998829,0.46780878163231115,0.7560507792860736,0.8716247695659463,0.9214982403217699
draws,43,wk inc flu hosp,2023-2024,states_dc,51,0.0,6114.0,233491.09739130433,75175.31478260871,51759.78260869565,106555.99999999999,351711.0,2549.0,4068.0,4695.0,5127.0,216945.88649337352,75382.4111622646,102632.95431514291,38930.521015966006,336315.5148954264,2977.0,4670.0,5273.0,5616.0,1.0930517286488184,0.33269405877234975,0.2824920631926874,0.47786560668378153,0.3608863704697729,0.4406440511304033,0.19846957839982407,0.4170018434724318,0.6654013742249036,0.7679696664990785,0.8386542651248536,0.4868443103737223,0.7638134741075917,0.8624476286240995,0.9185394670688792
draws,43,wk inc flu hosp,2023-2024,US,1,1.0,120.0,180476.59782608695,58441.38043478261,20194.130434782608,101841.08695652173,272970.0,66.0,93.0,104.0,108.0,176173.30826878446,56338.57518378966,83083.21251322246,36751.520571772344,284439.0023021797,47.0,87.0,109.0,112.0,1.0244264559687841,0.3317266446834253,0.11462650405572668,0.5780733072296321,0.3197906410307906,0.47159932074649974,0.20861003822270968,0.55,0.775,0.8666666666666667,0.9,0.39166666666666666,0.725,0.9083333333333333,0.9333333333333333
draws,43,wk inc flu hosp,2024-2025,all,52,0.20000000000000007,5616.0,820997.9569565218,341515.5221739131,426282.7391304348,53199.69565217392,1173698.0,2609.0,4011.0,4581.0,4920.0,997209.4752173913,214134.4317391304,732659.1304347826,50415.91304347826,1363610.0,2943.0,4023.0,4381.0,4604.0,0.8376973918489694,0.32609903168076493,0.44461077899616175,0.06698758117204266,0.2210839685595471,0.7136002994462362,0.0653157319942169,0.4762164124909225,0.7156862745098043,0.8240740740740743,0.8869644153957883,0.5315541031227307,0.7208424110384897,0.7796659404502544,0.8137618010167031
draws,43,wk inc flu hosp,2024-2025,states_dc,51,0.0,5508.0,461233.52956521744,172561.74695652176,253940.26086956525,34731.52173913044,674145.0,2552.0,3933.0,4488.0,4819.0,545536.7908695652,116470.22565217389,390693.86956521735,38372.69565217391,755891.0,2882.0,3943.0,4297.0,4519.0,0.8479927909847117,0.31410818578414296,0.4603722290268524,0.07351237617371634,0.22229800226947322,0.7027232314120876,0.07497876631843926,0.4633260711692085,0.7140522875816995,0.8148148148148149,0.8749092229484386,0.5232389251997096,0.7158678286129269,0.7801379811183734,0.8204429920116196
draws,43,wk inc flu hosp,2024-2025,US,1,1.0,108.0,359764.42739130434,168953.77521739132,172342.47826086957,18468.17391304348,499553.0,57.0,78.0,93.0,101.0,451672.6843478261,97664.20608695652,341965.26086956525,12043.217391304348,607719.0,61.0,80.0,84.0,85.0,0.7965157953059994,0.37406241526725276,0.38156497887339874,0.04088840116534793,0.2162278337198422,0.7571085715828304,0.02666359469732744,0.5277777777777778,0.7222222222222222,0.8611111111111112,0.9351851851851852,0.5648148148148148,0.7407407407407407,0.7777777777777778,0.7870370370370371
draws,43,wk inc flu hosp,2025-2026,all,52,0.20000000000000007,5824.0,575542.8386956523,159783.01260869566,227763.39130434784,187996.4347826087,880594.0,2411.0,3929.0,4508.0,4937.0,681987.2230434783,182493.35347826086,344539.7391304348,154954.13043478262,1021199.0,3056.0,4510.0,4990.0,5252.0,0.86746283940644,0.2498193516653144,0.3751230936563058,0.24252039408481962,0.2795215027822053,0.5126519392462101,0.2078265579715848,0.428186274509804,0.6852240896358545,0.7827731092436976,0.8576680672268908,0.5267507002801123,0.7781162464985996,0.8568627450980393,0.8984943977591037
draws,43,wk inc flu hosp,2025-2026,states_dc,51,0.0,5712.0,322527.0982608696,93683.1852173913,133005.08695652173,95838.82608695651,488452.0,2356.0,3847.0,4416.0,4836.0,369731.63260869565,98349.24130434783,189960.8260869565,81421.56521739133,551635.0,2996.0,4421.0,4894.0,5153.0,0.8817575239623257,0.25935293739583953,0.39303788800505524,0.22936669856143066,0.2820338995276028,0.5170549996731875,0.2009111007992099,0.41246498599439785,0.6734943977591037,0.7731092436974789,0.8466386554621852,0.5245098039215687,0.7739845938375353,0.8567927170868351,0.9021358543417369
draws,43,wk inc flu hosp,2025-2026,US,1,1.0,112.0,253015.74043478264,66099.82739130434,94758.3043478261,92157.60869565218,392142.0,55.0,82.0,92.0,101.0,312255.5904347826,84144.11217391305,154578.91304347827,73532.5652173913,469564.0,60.0,89.0,96.0,99.0,0.810284101182897,0.21168500874321378,0.3034639162613078,0.2951351761783753,0.26947191580061497,0.4950396975383006,0.2354883866610844,0.49107142857142855,0.7321428571428571,0.8214285714285714,0.9017857142857143,0.5357142857142857,0.7946428571428571,0.8571428571428571,0.8839285714285714
draws,43,wk inc flu prop ed visits,2025-2026,all,52,0.20000000000000007,5768.0,34.278874322839826,8.502971076471624,13.678595052205525,12.097308194162665,51.76268792241544,1852.0,3360.0,4045.0,4518.0,37.45877191682501,10.32540181251476,18.66849846028443,8.464871644025802,55.69990942461097,3125.0,4505.0,4944.0,5205.0,0.9071639354920583,0.23393882702072966,0.3392046184690056,0.3340204900023226,0.29592406594377124,0.4861518031545085,0.21792413090171991,0.32787114845938387,0.5887605042016809,0.7082983193277311,0.7980042016806723,0.563200280112045,0.7810574229691878,0.8550420168067228,0.8988795518207282
draws,43,wk inc flu prop ed visits,2025-2026,states_dc,51,0.0,5656.0,33.766959517157865,8.382554255046577,13.52657737202316,11.857827890088114,50.96224778961178,1812.0,3291.0,3962.0,4421.0,36.85597054744329,10.13762192450928,18.3753233456567,8.343025277277297,54.80314218169003,3050.0,4416.0,4848.0,5105.0,0.9216483322852256,0.24248302785579579,0.3609594331541303,0.3182058712752988,0.29202707088916097,0.4861011471818258,0.22187178192901272,0.32055322128851543,0.5819327731092436,0.7001050420168069,0.7809873949579834,0.5365896358543417,0.7776610644257704,0.8545168067226894,0.9003851540616248
draws,43,wk inc flu prop ed visits,2025-2026,US,1,1.0,112.0,0.5119148056819627,0.1204168214250474,0.1520176801823645,0.2394803040745504,0.8004401328036561,40.0,69.0,83.0,97.0,0.6028013693817165,0.1877798880054818,0.29317511462773,0.1218463667485042,0.8967672429209468,75.0,89.0,96.0,100.0,0.8492263483193898,0.19976202368046536,0.25218535972850653,0.39727896491041725,0.31151204616221184,0.4863544270452387,0.20213352679254865,0.35714285714285715,0.6160714285714286,0.7410714285714286,0.8660714285714286,0.6696428571428571,0.7946428571428571,0.8571428571428571,0.8928571428571429
draws,43,wk inc rsv hosp,2025-2026,all,52,0.20000000000000007,6032.0,118779.9091304348,66866.6047826087,38731.52173913043,13181.782608695652,174994.0,2953.0,4480.0,4963.0,5273.0,174064.93092191094,53052.087440608055,105063.50795633462,15949.335524968266,270304.41698893777,2589.0,4305.0,4948.0,5364.0,0.8101773977379311,0.36529989410885644,0.3228155016528841,0.12206200197619056,0.30674063025043297,0.5745971360277672,0.11866223372180024,0.5232589587559163,0.7837728194726168,0.8554428668018933,0.8973630831643005,0.4406693711967547,0.7187964841108859,0.8279918864097365,0.8953684922244762
draws,43,wk inc rsv hosp,2025-2026,states_dc,51,0.0,5916.0,72936.07739130435,34841.72956521739,29501.5652173913,8592.782608695652,111196.0,2875.0,4368.0,4847.0,5157.0,94740.19007535864,28170.04025877443,55907.86834298157,10662.281473602627,146919.94591427944,2532.0,4219.0,4848.0,5257.0,0.8682402422538794,0.3556952116560371,0.3744302290170942,0.1381148015807481,0.30500748188385424,0.5633274152930453,0.13166510282310062,0.48597025016903317,0.7383367139959433,0.8193035835023667,0.8717038539553755,0.4279918864097364,0.7131507775524004,0.8194726166328601,0.8886071670047331
draws,43,wk inc rsv hosp,2025-2026,US,1,1.0,116.0,45843.83173913044,32024.875217391305,9229.95652173913,4589.0,63798.0,78.0,112.0,116.0,116.0,79324.7408465523,24882.04718183363,49155.63961335304,5287.05405136564,123384.47107465833,57.0,86.0,100.0,107.0,0.5779260196741374,0.4037186239201335,0.11635659219604362,0.05785080355796021,0.31367322371674766,0.6196760189666538,0.06665075731659867,0.6724137931034483,0.9655172413793104,1.0,1.0,0.49137931034482757,0.7413793103448276,0.8620689655172413,0.9224137931034483
draws,43,wk inc rsv prop ed visits,2025-2026,all,51,0.2,5586.0,3.2684813225182716,1.172679709627534,1.6986760258339075,0.39712558705680895,5.026292704926509,2463.0,4076.0,4643.0,4915.0,4.530466181091006,1.2624880197885668,3.0078391482014353,0.2601390131009845,6.751646223879154,2706.0,4144.0,4680.0,5001.0,0.7420642730025095,0.31368119990807364,0.34353657761547873,0.08484649547895058,0.3535959682986677,0.586054512720714,0.06034951898061302,0.47376280373778507,0.771634524145613,0.8595887952749469,0.8997488321519341,0.5147666229916434,0.7725612543865138,0.86154240300846,0.9086279020936869
draws,43,wk inc rsv prop ed visits,2025-2026,states_dc,50,0.0,5475.0,3.2348470340856377,1.1529648163672046,1.6885245599268992,0.3933576577915133,4.972104729075832,2394.0,3969.0,4533.0,4805.0,4.481922043258964,1.2402717937371133,2.9831665637207228,0.25848368580110964,6.672332609887618,2633.0,4042.0,4572.0,4893.0,0.7543653562172202,0.29057073767163283,0.3771411556269465,0.08665346291863513,0.32758245330440744,0.6055055048001255,0.06691204189546196,0.43679809926682595,0.723552164191025,0.8267382463459357,0.8769382924421701,0.47904386432514,0.7359718382534124,0.8336847605173314,0.8925416343738655
draws,43,wk inc rsv prop ed visits,2025-2026,US,1,1.0,111.0,0.0336342884326339,0.0197148932603294,0.0101514659070084,0.0037679292652956,0.0541879758506778,69.0,107.0,110.0,110.0,0.0485441378320411,0.0222162260514535,0.024672584480712398,0.0016553272998748388,0.0793136139915364,73.0,102.0,108.0,108.0,0.6928599401436667,0.40612304885383654,0.2091182655696075,0.07761862572021237,0.4576500282757085,0.5082505444030668,0.03409942732121726,0.6216216216216216,0.963963963963964,0.990990990990991,0.990990990990991,0.6576576576576577,0.918918918918919,0.972972972972973,0.972972972972973
draws,44,wk inc covid hosp,2024-2025,all,52,0.20000000000000007,6968.0,252589.59608695656,81241.68304347826,150742.30434782608,20605.608695652176,389182.0,2841.0,4588.0,5308.0,5718.0,294095.7264372725,135467.5071866996,122015.56154699085,36612.65770358205,459783.4153206482,3786.0,5746.0,6312.0,6600.0,0.890501706823438,0.2707394788956655,0.5370102573816229,0.0827519705461496,0.43807851857461183,0.40762840559217406,0.15429307583321417,0.3985952589991221,0.6388645010242904,0.753409423470881,0.8316652033947909,0.5601112086625696,0.845946736903717,0.9204565408252854,0.9555458004097162
draws,44,wk inc covid hosp,2024-2025,states_dc,51,0.0,6834.0,153481.70478260872,48408.61782608696,93560.17391304347,11512.913043478262,233855.0,2793.0,4514.0,5212.0,5600.0,177711.5257127561,72412.19438985428,79788.8120383263,25510.51928457551,270242.3766800353,3701.0,5620.0,6180.0,6467.0,0.900237646194719,0.2678970240063644,0.5484322955928719,0.08390832659548285,0.4121516864040481,0.4188300047704274,0.1690183088255246,0.40869183494293243,0.6605209247878256,0.762657301726661,0.8194322505121454,0.5415569212759731,0.8223587942639744,0.9043020193151889,0.9462979221539364
draws,44,wk inc covid hosp,2024-2025,US,1,1.0,134.0,99107.89130434782,32833.065217391304,57182.13043478261,9092.695652173912,155327.0,48.0,74.0,96.0,118.0,116384.20072451644,63055.312796845334,42226.74950866455,11102.138419006547,189541.03864061285,85.0,126.0,132.0,133.0,0.851557949338313,0.2821092984528697,0.49132210453662667,0.07812654634881663,0.5417858472568663,0.3628220088791609,0.0953921438639727,0.3582089552238806,0.5522388059701493,0.7164179104477612,0.8805970149253731,0.6343283582089553,0.9402985074626866,0.9850746268656716,0.9925373134328358
draws,44,wk inc covid hosp,2025-2026,all,52,0.20000000000000007,9048.0,193994.03478260868,62345.034782608695,48019.47826086956,83629.52173913043,289745.0,3822.0,6113.0,7001.0,7534.0,251503.70978939498,102039.96804152087,70756.4623304223,78707.27941745178,396424.6389596296,4576.0,7150.0,7993.0,8484.0,0.8494100629670069,0.26753932917820145,0.24446908195793815,0.3374016518308673,0.4039583179592176,0.30598357647482927,0.29005810556595324,0.43141762452107296,0.6919765607392384,0.7836826684696869,0.8370295244534598,0.5195176921343252,0.7918187964841109,0.8741717376605818,0.9417399143565475
draws,44,wk inc covid hosp,2025-2026,states_dc,51,0.0,8874.0,110502.82086956521,39718.690434782606,34946.1304347826,35837.99999999999,169307.0,3740.0,5980.0,6857.0,7385.0,137533.1523161514,55676.68777243521,42712.03193647525,39144.43260724092,215812.05818140364,4475.0,7011.0,7848.0,8317.0,0.8786205116607747,0.2847921669264015,0.27690932366927506,0.3169190210650981,0.4032477713441502,0.32096263893170385,0.2757895897241462,0.42145593869731807,0.6738787469010594,0.7727067838629705,0.8322064457967095,0.5042821726391706,0.7900608519269777,0.8843813387423937,0.937232364210052
draws,44,wk inc covid hosp,2025-2026,US,1,1.0,174.0,83491.21391304348,22626.34434782609,13073.347826086958,47791.52173913043,120438.0,82.0,133.0,144.0,149.0,113970.55747324359,46363.28026908566,28044.430393947056,39562.84681021086,180612.58077822594,101.0,139.0,145.0,167.0,0.7325682681919352,0.19852797818540094,0.11470811511259067,0.4193321748939436,0.4068005044194873,0.2460673266473311,0.34713216893318144,0.47126436781609193,0.764367816091954,0.8275862068965517,0.8563218390804598,0.5804597701149425,0.7988505747126436,0.8333333333333334,0.9597701149425287
draws,44,wk inc covid prop ed visits,2025-2026,all,52,0.20000000000000007,5586.0,2.6443845040161977,0.7321253103737154,0.46992814132938665,1.4423310523130746,3.9000065367136045,1600.0,2812.0,3397.0,3831.0,2.497840451560441,1.156219767170679,0.6581087464717353,0.683511937918007,3.786811202370366,2935.0,4515.0,4987.0,5231.0,1.1392428300223967,0.31960421808762035,0.15171465782666824,0.667923954108097,0.5391906708735537,0.2297971920394452,0.23101213708699175,0.27181969638717046,0.4893222886302471,0.6015865692682303,0.6859632076241073,0.5674912912283157,0.8383349061549756,0.9090629478172731,0.9467491524238931
draws,44,wk inc covid prop ed visits,2025-2026,states_dc,51,0.0,5476.0,2.6085981210378835,0.7225917371314508,0.46829577185154647,1.4177106120548655,3.845731619944041,1577.0,2764.0,3334.0,3755.0,2.4713671885012656,1.136099226909532,0.6552800338668678,0.6799879277248464,3.7540446838962405,2849.0,4405.0,4877.0,5121.0,1.0861051809321223,0.30947506721933227,0.17422805713268727,0.6024020565800928,0.4839802140157255,0.2605335703145489,0.2554862156697166,0.28750189321123576,0.5025619516968999,0.6088013934034697,0.6847267368028614,0.5139095685808489,0.7979186326937193,0.8863286847715913,0.9334364405298664
draws,44,wk inc covid prop ed visits,2025-2026,US,1,1.0,110.0,0.0357863829783143,0.0095335732422647,0.001632369477840173,0.024620440258209,0.0542749167695639,23.0,48.0,63.0,76.0,0.026473263059175398,0.020120540261147,0.0028287126048675,0.0035240101931606,0.0327665184741256,86.0,110.0,110.0,110.0,1.3517934263834945,0.36012082156077274,0.06166106060259195,0.9300115442201136,0.7600324983048661,0.10685167893903028,0.13311582275609238,0.20909090909090908,0.43636363636363634,0.5727272727272728,0.6909090909090909,0.7818181818181819,1.0,1.0,1.0
draws,44,wk inc flu hosp,2023-2024,all,52,0.20000000000000007,6234.0,460827.97652173915,169335.49826086956,67106.82608695651,224385.65217391303,711603.0,2663.0,4250.0,4964.0,5415.0,393119.194762158,131720.98634605427,185716.16682836536,75682.04158773835,620754.5171976062,3024.0,4757.0,5382.0,5728.0,1.201279573822654,0.42437426195159966,0.2254512897937581,0.5514540220772961,0.3526672245819764,0.44683510505362256,0.20049767036440122,0.4359854198089494,0.7019901122842302,0.8139056477291773,0.8790740740740742,0.46780878163231115,0.7560507792860736,0.8716247695659463,0.9214982403217699
draws,44,wk inc flu hosp,2023-2024,states_dc,51,0.0,6114.0,258435.77913043482,94427.12695652174,47658.69565217391,116349.95652173912,393565.0,2606.0,4155.0,4857.0,5304.0,216945.88649337352,75382.4111622646,102632.95431514291,38930.521015966006,336315.5148954264,2977.0,4670.0,5273.0,5616.0,1.2143933641231814,0.4241685644574174,0.25421610289291674,0.536008696772847,0.3608863704697729,0.4406440511304033,0.19846957839982407,0.4262317747611865,0.6795709736886206,0.7944653929948051,0.8675925925925929,0.4868443103737223,0.7638134741075917,0.8624476286240995,0.9185394670688792
draws,44,wk inc flu hosp,2023-2024,US,1,1.0,120.0,202392.19739130436,74908.37130434782,19448.130434782608,108035.69565217392,318038.0,57.0,95.0,107.0,111.0,176173.30826878446,56338.57518378966,83083.21251322246,36751.520571772344,284439.0023021797,47.0,87.0,109.0,112.0,1.1488244126205442,0.4251970519283288,0.11039203739712343,0.6132353232950919,0.3197906410307906,0.47159932074649974,0.20861003822270968,0.475,0.7916666666666666,0.8916666666666667,0.925,0.39166666666666666,0.725,0.9083333333333333,0.9333333333333333
draws,44,wk inc flu hosp,2024-2025,all,52,0.20000000000000007,5616.0,771323.5243478261,352305.8286956522,343277.17391304346,75740.52173913045,1142829.0,2957.0,4454.0,4924.0,5175.0,997209.4752173913,214134.4317391304,732659.1304347826,50415.91304347826,1363610.0,2943.0,4023.0,4381.0,4604.0,0.7952163758680246,0.33908252811929884,0.3695615320635676,0.08657231568515834,0.2210839685595471,0.7136002994462362,0.0653157319942169,0.535294117647059,0.8124546114742195,0.8909586056644883,0.93082788671024,0.5315541031227307,0.7208424110384897,0.7796659404502544,0.8137618010167031
draws,44,wk inc flu hosp,2024-2025,states_dc,51,0.0,5508.0,430048.6421739131,180055.59869565218,206792.43478260873,43200.60869565218,644036.0,2895.0,4357.0,4821.0,5070.0,545536.7908695652,116470.22565217389,390693.86956521735,38372.69565217391,755891.0,2882.0,3943.0,4297.0,4519.0,0.8051254502775151,0.32851297467348783,0.38640786301468477,0.09020461258934247,0.22229800226947322,0.7027232314120876,0.07497876631843926,0.525599128540305,0.7910312273057373,0.8752723311546842,0.920479302832244,0.5232389251997096,0.7158678286129269,0.7801379811183734,0.8204429920116196
draws,44,wk inc flu hosp,2024-2025,US,1,1.0,108.0,341274.88217391307,172250.23,136484.73913043475,32539.91304347826,498793.0,62.0,97.0,103.0,105.0,451672.6843478261,97664.20608695652,341965.26086956525,12043.217391304348,607719.0,61.0,80.0,84.0,85.0,0.7555800782300631,0.3813607419025428,0.30217620825909847,0.07204312806842172,0.2162278337198422,0.7571085715828304,0.02666359469732744,0.5740740740740741,0.8981481481481481,0.9537037037037037,0.9722222222222222,0.5648148148148148,0.7407407407407407,0.7777777777777778,0.7870370370370371
draws,44,wk inc flu hosp,2025-2026,all,52,0.20000000000000007,5824.0,670210.0678260869,153537.58956521738,308738.652173913,207933.82608695654,994215.0,1959.0,3292.0,3937.0,4348.0,681987.2230434783,182493.35347826086,344539.7391304348,154954.13043478262,1021199.0,3056.0,4510.0,4990.0,5252.0,0.9922426913207342,0.2193841974978893,0.49992060854159387,0.2729378852812509,0.2795215027822053,0.5126519392462101,0.2078265579715848,0.3747549019607844,0.5927170868347341,0.7011554621848741,0.7718837535014006,0.5267507002801123,0.7781162464985996,0.8568627450980393,0.8984943977591037
draws,44,wk inc flu hosp,2025-2026,states_dc,51,0.0,5712.0,360778.5143478261,81138.0795652174,170280.6956521739,109359.7391304348,529754.0,1898.0,3212.0,3846.0,4249.0,369731.63260869565,98349.24130434783,189960.8260869565,81421.56521739133,551635.0,2996.0,4421.0,4894.0,5153.0,0.9925643620665909,0.21626530387551132,0.5140476961017902,0.2622513620892893,0.2820338995276028,0.5170549996731875,0.2009111007992099,0.33228291316526615,0.5623249299719888,0.6733193277310923,0.7438725490196079,0.5245098039215687,0.7739845938375353,0.8567927170868351,0.9021358543417369
draws,44,wk inc flu hosp,2025-2026,US,1,1.0,112.0,309431.5534782609,72399.51,138457.95652173914,98574.08695652174,464461.0,61.0,80.0,91.0,99.0,312255.5904347826,84144.11217391305,154578.91304347827,73532.5652173913,469564.0,60.0,89.0,96.0,99.0,0.9909560083373061,0.23185977198740107,0.443412258300808,0.31568397804909704,0.26947191580061497,0.4950396975383006,0.2354883866610844,0.5446428571428571,0.7142857142857143,0.8125,0.8839285714285714,0.5357142857142857,0.7946428571428571,0.8571428571428571,0.8839285714285714
draws,44,wk inc flu prop ed visits,2025-2026,all,52,0.20000000000000007,5768.0,36.38676785921656,8.245711457469842,19.293455633174514,8.84760076857219,52.63386776715665,1610.0,2999.0,3659.0,4138.0,37.45877191682501,10.32540181251476,18.66849846028443,8.464871644025802,55.69990942461097,3125.0,4505.0,4944.0,5205.0,0.972910222117324,0.23373963290768382,0.4980052442235018,0.24116534498613773,0.29592406594377124,0.4861518031545085,0.21792413090171991,0.2838235294117648,0.5347689075630253,0.6509453781512606,0.7402661064425771,0.563200280112045,0.7810574229691878,0.8550420168067228,0.8988795518207282
draws,44,wk inc flu prop ed visits,2025-2026,states_dc,51,0.0,5656.0,35.82051192583859,8.098408274999462,19.043266249334764,8.678837401504344,51.78187412166166,1576.0,2932.0,3578.0,4044.0,36.85597054744329,10.13762192450928,18.3753233456567,8.343025277277297,54.80314218169003,3050.0,4416.0,4848.0,5105.0,0.981294277722801,0.23108344630951114,0.5187454340594777,0.23146539735381166,0.29202707088916097,0.4861011471818258,0.22187178192901272,0.27888655462184875,0.5189075630252102,0.6328781512605043,0.7155112044817928,0.5365896358543417,0.7776610644257704,0.8545168067226894,0.9003851540616248
draws,44,wk inc flu prop ed visits,2025-2026,US,1,1.0,112.0,0.5662559333779764,0.1473031824703789,0.2501893838397509,0.1687633670678462,0.8519936454949899,34.0,67.0,81.0,94.0,0.6028013693817165,0.1877798880054818,0.29317511462773,0.1218463667485042,0.8967672429209468,75.0,89.0,96.0,100.0,0.9393739996954152,0.24436437930037447,0.4150444848795982,0.2799651355154419,0.31151204616221184,0.4863544270452387,0.20213352679254865,0.30357142857142855,0.5982142857142857,0.7232142857142857,0.8392857142857143,0.6696428571428571,0.7946428571428571,0.8571428571428571,0.8928571428571429
draws,44,wk inc rsv hosp,2025-2026,all,52,0.20000000000000007,6032.0,98022.16478260868,41139.208260869564,19378.130434782608,37504.82608695652,144722.0,2815.0,4226.0,4797.0,5125.0,174064.93092191094,53052.087440608055,105063.50795633462,15949.335524968266,270304.41698893777,2589.0,4305.0,4948.0,5364.0,0.739306472211477,0.2626938329758296,0.2189791641118471,0.25763347512380025,0.30674063025043297,0.5745971360277672,0.11866223372180024,0.5077755240027046,0.7303583502366465,0.8171061528059501,0.8614604462474647,0.4406693711967547,0.7187964841108859,0.8279918864097365,0.8953684922244762
draws,44,wk inc rsv hosp,2025-2026,states_dc,51,0.0,5916.0,63698.79608695652,25753.317826086957,16795.130434782608,21150.347826086956,96248.0,2735.0,4126.0,4691.0,5019.0,94740.19007535864,28170.04025877443,55907.86834298157,10662.281473602627,146919.94591427944,2532.0,4219.0,4848.0,5257.0,0.815959497986093,0.2798770904621651,0.26558336756134887,0.270499039962579,0.30500748188385424,0.5633274152930453,0.13166510282310062,0.46230561189993247,0.6974306964164978,0.7929344151453687,0.8483772819472618,0.4279918864097364,0.7131507775524004,0.8194726166328601,0.8886071670047331
draws,44,wk inc rsv hosp,2025-2026,US,1,1.0,116.0,34323.36869565217,15385.890434782608,2583.0,16354.478260869564,48474.0,80.0,100.0,106.0,106.0,79324.7408465523,24882.04718183363,49155.63961335304,5287.05405136564,123384.47107465833,57.0,86.0,100.0,107.0,0.4326943691130126,0.19396080303048763,0.03256235031383989,0.2061712157686851,0.31367322371674766,0.6196760189666538,0.06665075731659867,0.6896551724137931,0.8620689655172413,0.9137931034482759,0.9137931034482759,0.49137931034482757,0.7413793103448276,0.8620689655172413,0.9224137931034483
draws,44,wk inc rsv prop ed visits,2025-2026,all,51,0.2,5586.0,2.7360518135121676,0.9678721038817479,1.0980997706762825,0.6700799389541177,4.127431332314696,2679.0,4261.0,4743.0,5000.0,4.530466181091006,1.2624880197885668,3.0078391482014353,0.2601390131009845,6.751646223879154,2706.0,4144.0,4680.0,5001.0,0.5880134024046175,0.22879606948407774,0.19498832807882893,0.16422900484170566,0.3535959682986677,0.586054512720714,0.06034951898061302,0.48483861659410626,0.7758374514562518,0.8565053986212203,0.9021327742546805,0.5147666229916434,0.7725612543865138,0.86154240300846,0.9086279020936869
draws,44,wk inc rsv prop ed visits,2025-2026,states_dc,50,0.0,5475.0,2.7140704609031383,0.9586468992180983,1.0934811693200435,0.6619423923649772,4.09276542293181,2622.0,4167.0,4643.0,4895.0,4.481922043258964,1.2402717937371133,2.9831665637207228,0.25848368580110964,6.672332609887618,2633.0,4042.0,4572.0,4893.0,0.6218138329895433,0.2384857217924809,0.21994983287694098,0.16337827832011592,0.32758245330440744,0.6055055048001255,0.06691204189546196,0.4776698923642544,0.7580851026086033,0.8454065230513002,0.8911794813318643,0.47904386432514,0.7359718382534124,0.8336847605173314,0.8925416343738655
draws,44,wk inc rsv prop ed visits,2025-2026,US,1,1.0,111.0,0.0219813526090293,0.0092252046636496,0.0046186013562391,0.0081375465891404,0.0346659093828869,57.0,94.0,100.0,105.0,0.0485441378320411,0.0222162260514535,0.024672584480712398,0.0016553272998748388,0.0793136139915364,73.0,102.0,108.0,108.0,0.45281168006491435,0.19003746025046492,0.09514230888638084,0.1676319109280645,0.4576500282757085,0.5082505444030668,0.03409942732121726,0.5135135135135135,0.8468468468468469,0.9009009009009009,0.9459459459459459,0.6576576576576577,0.918918918918919,0.972972972972973,0.972972972972973
split,42,wk inc covid hosp,2024-2025,all,52,0.20000000000000007,6968.0,173758.40739130432,59298.84217391304,83756.21739130435,30703.347826086952,268288.0,3325.0,5155.0,5830.0,6214.0,294095.7264372725,135467.5071866996,122015.56154699085,36612.65770358205,459783.4153206482,3786.0,5746.0,6312.0,6600.0,0.6880316204958637,0.23230237482702665,0.32100291507517753,0.13472633059365963,0.43807851857461183,0.40762840559217406,0.15429307583321417,0.45387767047117356,0.7244951712028097,0.8268949370793095,0.8952297336845187,0.5601112086625696,0.845946736903717,0.9204565408252854,0.9555458004097162
split,42,wk inc covid hosp,2024-2025,states_dc,51,0.0,6834.0,117044.86739130433,41077.47608695652,55511.21739130435,20456.173913043476,178500.0,3278.0,5067.0,5725.0,6092.0,177711.5257127561,72412.19438985428,79788.8120383263,25510.51928457551,270242.3766800353,3701.0,5620.0,6180.0,6467.0,0.7382155588637189,0.25123741944394834,0.34058174889566944,0.1463963905241011,0.4121516864040481,0.4188300047704274,0.1690183088255246,0.47966052092478795,0.7414398595259,0.8377231489610771,0.8914252268071409,0.5415569212759731,0.8223587942639744,0.9043020193151889,0.9462979221539364
split,42,wk inc covid hosp,2024-2025,US,1,1.0,134.0,56713.54000000001,18221.36608695652,28245.0,10247.173913043478,89788.0,47.0,88.0,105.0,122.0,116384.20072451644,63055.312796845334,42226.74950866455,11102.138419006547,189541.03864061285,85.0,126.0,132.0,133.0,0.48729586702444266,0.15656219635933946,0.24268757979320954,0.08804609087189359,0.5417858472568663,0.3628220088791609,0.0953921438639727,0.35074626865671643,0.6567164179104478,0.7835820895522388,0.9104477611940298,0.6343283582089553,0.9402985074626866,0.9850746268656716,0.9925373134328358
split,42,wk inc covid hosp,2025-2026,all,52,0.20000000000000007,9048.0,224286.27086956525,45789.183913043475,59081.65217391305,119415.4347826087,312131.0,3714.0,6013.0,6935.0,7504.0,251503.70978939498,102039.96804152087,70756.4623304223,78707.27941745178,396424.6389596296,4576.0,7150.0,7993.0,8484.0,0.9273661726498278,0.22725432330274775,0.259475846682366,0.4406360026647142,0.4039583179592176,0.30598357647482927,0.29005810556595324,0.38354744196529195,0.645886860491323,0.752310119450079,0.8173766058147399,0.5195176921343252,0.7918187964841109,0.8741717376605818,0.9417399143565475
split,42,wk inc covid hosp,2025-2026,states_dc,51,0.0,8874.0,123571.31130434784,33854.74608695652,34761.52173913044,54955.04347826087,182843.0,3668.0,5915.0,6815.0,7371.0,137533.1523161514,55676.68777243521,42712.03193647525,39144.43260724092,215812.05818140364,4475.0,7011.0,7848.0,8317.0,0.9382845190716226,0.25788913021814486,0.27099741106464426,0.4093979777888334,0.4032477713441502,0.32096263893170385,0.2757895897241462,0.4133423484336264,0.6665539779130044,0.7679738562091505,0.8306288032454361,0.5042821726391706,0.7900608519269777,0.8843813387423937,0.937232364210052
split,42,wk inc covid hosp,2025-2026,US,1,1.0,174.0,100714.9595652174,11934.437826086956,24320.130434782608,64460.391304347824,129288.0,46.0,98.0,120.0,133.0,113970.55747324359,46363.28026908566,28044.430393947056,39562.84681021086,180612.58077822594,101.0,139.0,145.0,167.0,0.8836927869626491,0.1047150956411594,0.21338958915325257,0.565588102168237,0.4068005044194873,0.2460673266473311,0.34713216893318144,0.26436781609195403,0.5632183908045977,0.6896551724137931,0.764367816091954,0.5804597701149425,0.7988505747126436,0.8333333333333334,0.9597701149425287
split,42,wk inc covid prop ed visits,2025-2026,all,52,0.20000000000000007,5586.0,2.6601174633358196,0.6877499207437983,0.49565850010400914,1.476709042487992,3.8961741605935694,1444.0,2558.0,3118.0,3511.0,2.497840451560441,1.156219767170679,0.6581087464717353,0.683511937918007,3.786811202370366,2935.0,4515.0,4987.0,5231.0,1.1734673833606646,0.27837426003027027,0.18706370131915956,0.7080294220112252,0.5391906708735537,0.2297971920394452,0.23101213708699175,0.23332424591940165,0.4160865867440263,0.5210117320843966,0.5966134237414515,0.5674912912283157,0.8383349061549756,0.9090629478172731,0.9467491524238931
split,42,wk inc covid prop ed visits,2025-2026,states_dc,51,0.0,5476.0,2.6196867339689036,0.681241835975229,0.4910616945556328,1.4473832034380218,3.840654975355983,1430.0,2532.0,3078.0,3461.0,2.4713671885012656,1.136099226909532,0.6552800338668678,0.6799879277248464,3.7540446838962405,2849.0,4405.0,4877.0,5121.0,1.0850270330446399,0.28650879036933324,0.1904197385469321,0.6080985041283653,0.4839802140157255,0.2605335703145489,0.2554862156697166,0.2598371255810703,0.4610173243391237,0.5603555741964047,0.6321304160404507,0.5139095685808489,0.7979186326937193,0.8863286847715913,0.9334364405298664
split,42,wk inc covid prop ed visits,2025-2026,US,1,1.0,110.0,0.0404307293669161,0.0065080847685692,0.0045968055483763,0.0293258390499703,0.055519185237586394,14.0,26.0,40.0,50.0,0.026473263059175398,0.020120540261147,0.0028287126048675,0.0035240101931606,0.0327665184741256,86.0,110.0,110.0,110.0,1.5272287846247639,0.24583613867401796,0.1736395524080696,1.107753093542665,0.7600324983048661,0.10685167893903028,0.13311582275609238,0.12727272727272726,0.23636363636363636,0.36363636363636365,0.45454545454545453,0.7818181818181819,1.0,1.0,1.0
split,42,wk inc flu hosp,2023-2024,all,52,0.20000000000000007,6234.0,364836.5404347826,128397.23608695652,128327.47826086957,108111.82608695653,567690.0,2278.0,3804.0,4518.0,5005.0,393119.194762158,131720.98634605427,185716.16682836536,75682.04158773835,620754.5171976062,3024.0,4757.0,5382.0,5728.0,0.9847837691140828,0.3083422536837225,0.3887726400956409,0.2876688753347194,0.3526672245819764,0.44683510505362256,0.20049767036440122,0.3948407910172617,0.6360197754315403,0.7570806100217866,0.82848081112787,0.46780878163231115,0.7560507792860736,0.8716247695659463,0.9214982403217699
split,42,wk inc flu hosp,2023-2024,states_dc,51,0.0,6114.0,222181.17304347825,68937.47739130433,88219.56521739131,65024.130434782615,340683.0,2215.0,3714.0,4410.0,4892.0,216945.88649337352,75382.4111622646,102632.95431514291,38930.521015966006,336315.5148954264,2977.0,4670.0,5273.0,5616.0,1.0285435864297094,0.3010510189393268,0.4290503776903396,0.29844218980004306,0.3608863704697729,0.4406440511304033,0.19846957839982407,0.362300988771577,0.6075247192894252,0.7213507625272331,0.8001843472431709,0.4868443103737223,0.7638134741075917,0.8624476286240995,0.9185394670688792
split,42,wk inc flu hosp,2023-2024,US,1,1.0,120.0,142655.36739130435,59459.75869565218,40107.913043478264,43087.69565217391,227007.0,63.0,90.0,108.0,113.0,176173.30826878446,56338.57518378966,83083.21251322246,36751.520571772344,284439.0023021797,47.0,87.0,109.0,112.0,0.8097444998515757,0.33750719266130536,0.22766168971684597,0.24457561747342446,0.3197906410307906,0.47159932074649974,0.20861003822270968,0.525,0.75,0.9,0.9416666666666667,0.39166666666666666,0.725,0.9083333333333333,0.9333333333333333
split,42,wk inc flu hosp,2024-2025,all,52,0.20000000000000007,5616.0,817290.84,323543.62260869564,178147.8695652174,315599.3478260869,1275320.0,2197.0,3758.0,4421.0,4887.0,997209.4752173913,214134.4317391304,732659.1304347826,50415.91304347826,1363610.0,2943.0,4023.0,4381.0,4604.0,0.8649843800149961,0.3157051054711539,0.20775996032165048,0.34151931422219195,0.2210839685595471,0.7136002994462362,0.0653157319942169,0.4129629629629631,0.6874727668845317,0.8042483660130719,0.8941176470588237,0.5315541031227307,0.7208424110384897,0.7796659404502544,0.8137618010167031
split,42,wk inc flu hosp,2024-2025,states_dc,51,0.0,5508.0,455776.7643478261,166064.98173913042,116798.26086956522,172913.5217391304,702785.0,2142.0,3675.0,4326.0,4779.0,545536.7908695652,116470.22565217389,390693.86956521735,38372.69565217391,755891.0,2882.0,3943.0,4297.0,4519.0,0.8811330990980787,0.30746724377680235,0.22574305483274423,0.3479228004885323,0.22229800226947322,0.7027232314120876,0.07497876631843926,0.38888888888888895,0.6672113289760351,0.7854030501089325,0.8676470588235297,0.5232389251997096,0.7158678286129269,0.7801379811183734,0.8204429920116196
split,42,wk inc flu hosp,2024-2025,US,1,1.0,108.0,361514.0756521739,157478.6408695652,61349.608695652176,142685.82608695654,572535.0,55.0,83.0,95.0,108.0,451672.6843478261,97664.20608695652,341965.26086956525,12043.217391304348,607719.0,61.0,80.0,84.0,85.0,0.8003895036826657,0.34865655224856,0.13582758227727537,0.31590536915683043,0.2162278337198422,0.7571085715828304,0.02666359469732744,0.5092592592592593,0.7685185185185185,0.8796296296296297,1.0,0.5648148148148148,0.7407407407407407,0.7777777777777778,0.7870370370370371
split,42,wk inc flu hosp,2025-2026,all,52,0.20000000000000007,5824.0,575856.0047826087,157138.8743478261,287484.4347826087,131232.6956521739,862642.0,2619.0,4094.0,4690.0,5034.0,681987.2230434783,182493.35347826086,344539.7391304348,154954.13043478262,1021199.0,3056.0,4510.0,4990.0,5252.0,0.8595701676214846,0.24230356504730116,0.44312440388534197,0.17414219868884162,0.2795215027822053,0.5126519392462101,0.2078265579715848,0.47377450980392155,0.7182072829131654,0.8214285714285714,0.8794817927170868,0.5267507002801123,0.7781162464985996,0.8568627450980393,0.8984943977591037
split,42,wk inc flu hosp,2025-2026,states_dc,51,0.0,5712.0,325645.6291304348,89110.67260869565,164354.95652173914,72179.99999999999,483884.0,2554.0,4006.0,4590.0,4928.0,369731.63260869565,98349.24130434783,189960.8260869565,81421.56521739133,551635.0,2996.0,4421.0,4894.0,5153.0,0.8741377327155658,0.2484142971390308,0.45532482124952006,0.17039861432701492,0.2820338995276028,0.5170549996731875,0.2009111007992099,0.4471288515406164,0.7013305322128851,0.8035714285714288,0.8627450980392161,0.5245098039215687,0.7739845938375353,0.8567927170868351,0.9021358543417369
split,42,wk inc flu hosp,2025-2026,US,1,1.0,112.0,250210.3756521739,68028.20173913044,123129.47826086955,59052.69565217391,378758.0,65.0,88.0,100.0,106.0,312255.5904347826,84144.11217391305,154578.91304347827,73532.5652173913,469564.0,60.0,89.0,96.0,99.0,0.8012999072451598,0.21786063668038233,0.3943227344286291,0.18911653613614837,0.26947191580061497,0.4950396975383006,0.2354883866610844,0.5803571428571429,0.7857142857142857,0.8928571428571429,0.9464285714285714,0.5357142857142857,0.7946428571428571,0.8571428571428571,0.8839285714285714
split,42,wk inc flu prop ed visits,2025-2026,all,52,0.20000000000000007,5768.0,33.42451968813312,8.164685935426728,17.441491659524726,7.818342093181641,49.20708318325935,2178.0,3671.0,4309.0,4735.0,37.45877191682501,10.32540181251476,18.66849846028443,8.464871644025802,55.69990942461097,3125.0,4505.0,4944.0,5205.0,0.8748949710592487,0.22522536790324618,0.4431118186674751,0.2065577844885267,0.29592406594377124,0.4861518031545085,0.21792413090171991,0.3872549019607844,0.6539915966386556,0.7685924369747898,0.836764705882353,0.563200280112045,0.7810574229691878,0.8550420168067228,0.8988795518207282
split,42,wk inc flu prop ed visits,2025-2026,states_dc,51,0.0,5656.0,32.94466459540244,8.044848346532829,17.220845614673088,7.678970634196504,48.465903878476304,2130.0,3589.0,4212.0,4633.0,36.85597054744329,10.13762192450928,18.3753233456567,8.343025277277297,54.80314218169003,3050.0,4416.0,4848.0,5105.0,0.8946082614992534,0.2318314292473071,0.46238117031061904,0.20039566194132663,0.29202707088916097,0.4861011471818258,0.22187178192901272,0.37692577030812335,0.6344537815126052,0.7442226890756305,0.8182773109243701,0.5365896358543417,0.7776610644257704,0.8545168067226894,0.9003851540616248
split,42,wk inc flu prop ed visits,2025-2026,US,1,1.0,112.0,0.4798550927306748,0.1198375888938994,0.2206460448516369,0.139371458985138,0.7411793047830461,48.0,82.0,97.0,102.0,0.6028013693817165,0.1877798880054818,0.29317511462773,0.1218463667485042,0.8967672429209468,75.0,89.0,96.0,100.0,0.7960418092992295,0.1988011225270023,0.36603441209489945,0.23120627467732702,0.31151204616221184,0.4863544270452387,0.20213352679254865,0.42857142857142855,0.7321428571428571,0.8660714285714286,0.9107142857142857,0.6696428571428571,0.7946428571428571,0.8571428571428571,0.8928571428571429
split,42,wk inc rsv hosp,2025-2026,all,52,0.20000000000000007,6032.0,116250.76434782607,37798.45999999999,67785.78260869565,10666.521739130436,176923.0,2683.0,4256.0,4814.0,5142.0,174064.93092191094,53052.087440608055,105063.50795633462,15949.335524968266,270304.41698893777,2589.0,4305.0,4948.0,5364.0,0.8025913185011573,0.2707333626351501,0.4425805089156451,0.08927744695036195,0.30674063025043297,0.5745971360277672,0.11866223372180024,0.41048005409060195,0.6835699797160245,0.7828600405679516,0.8367478025693037,0.4406693711967547,0.7187964841108859,0.8279918864097365,0.8953684922244762
split,42,wk inc rsv hosp,2025-2026,states_dc,51,0.0,5916.0,71845.29739130434,26563.73217391304,38489.69565217391,6791.869565217392,110412.0,2653.0,4188.0,4731.0,5053.0,94740.19007535864,28170.04025877443,55907.86834298157,10662.281473602627,146919.94591427944,2532.0,4219.0,4848.0,5257.0,0.8632907963177064,0.30300931429338707,0.46089603429564274,0.09938544772867659,0.30500748188385424,0.5633274152930453,0.13166510282310062,0.4484448951994592,0.7079107505070995,0.7996957403651117,0.8541244083840435,0.4279918864097364,0.7131507775524004,0.8194726166328601,0.8886071670047331
split,42,wk inc rsv hosp,2025-2026,US,1,1.0,116.0,44405.46695652174,11234.727826086955,29296.08695652174,3874.6521739130435,66511.0,30.0,68.0,83.0,89.0,79324.7408465523,24882.04718183363,49155.63961335304,5287.05405136564,123384.47107465833,57.0,86.0,100.0,107.0,0.5597934072349603,0.1416295560022022,0.36931840739565475,0.048845443837103285,0.31367322371674766,0.6196760189666538,0.06665075731659867,0.25862068965517243,0.5862068965517241,0.7155172413793104,0.7672413793103449,0.49137931034482757,0.7413793103448276,0.8620689655172413,0.9224137931034483
split,42,wk inc rsv prop ed visits,2025-2026,all,51,0.2,5586.0,3.0595797533090696,1.1504394981641082,1.305185378300366,0.603954876844575,4.627173151470891,2729.0,4258.0,4751.0,5015.0,4.530466181091006,1.2624880197885668,3.0078391482014353,0.2601390131009845,6.751646223879154,2706.0,4144.0,4680.0,5001.0,0.7038155616287036,0.2630061881175768,0.2983659960836575,0.14244337742746382,0.3535959682986677,0.586054512720714,0.06034951898061302,0.4763638915460503,0.7369240598236746,0.8221804805808093,0.8693303149436101,0.5147666229916434,0.7725612543865138,0.86154240300846,0.9086279020936869
split,42,wk inc rsv prop ed visits,2025-2026,states_dc,50,0.0,5475.0,3.0272442768935175,1.1422867257155414,1.288227562518027,0.5967299886599289,4.580411101193268,2681.0,4187.0,4672.0,4931.0,4.481922043258964,1.2402717937371133,2.9831665637207228,0.25848368580110964,6.672332609887618,2633.0,4042.0,4572.0,4893.0,0.7132432870876497,0.2867713449633877,0.28562555071505763,0.14084639140919908,0.32758245330440744,0.6055055048001255,0.06691204189546196,0.48734675632445473,0.7612451648696833,0.8497976727980838,0.8974737044903236,0.47904386432514,0.7359718382534124,0.8336847605173314,0.8925416343738655
split,42,wk inc rsv prop ed visits,2025-2026,US,1,1.0,111.0,0.0323354764155523,0.0081527724485669,0.0169578157823389,0.0072248881846462,0.046762050277623105,48.0,71.0,79.0,84.0,0.0485441378320411,0.0222162260514535,0.024672584480712398,0.0016553272998748388,0.0793136139915364,73.0,102.0,108.0,108.0,0.666104659792919,0.1679455607343332,0.3493277775580568,0.14883132150052278,0.4576500282757085,0.5082505444030668,0.03409942732121726,0.43243243243243246,0.6396396396396397,0.7117117117117117,0.7567567567567568,0.6576576576576577,0.918918918918919,0.972972972972973,0.972972972972973
split,43,wk inc covid hosp,2024-2025,all,52,0.20000000000000007,6968.0,185490.00782608695,58440.74695652175,101995.47826086957,25053.782608695656,275095.0,3572.0,5304.0,5895.0,6245.0,294095.7264372725,135467.5071866996,122015.56154699085,36612.65770358205,459783.4153206482,3786.0,5746.0,6312.0,6600.0,0.7115251111936838,0.23522422580069308,0.3707696295226323,0.10553125587035855,0.43807851857461183,0.40762840559217406,0.15429307583321417,0.4814164471758854,0.7295580918934741,0.8152472929470298,0.8754755633596725,0.5601112086625696,0.845946736903717,0.9204565408252854,0.9555458004097162
split,43,wk inc covid hosp,2024-2025,states_dc,51,0.0,6834.0,120396.5647826087,42367.78217391305,62521.391304347824,15507.391304347828,180548.0,3526.0,5225.0,5804.0,6140.0,177711.5257127561,72412.19438985428,79788.8120383263,25510.51928457551,270242.3766800353,3701.0,5620.0,6180.0,6467.0,0.7495819054319272,0.25950462352195147,0.3786694131820568,0.11140786872791884,0.4121516864040481,0.4188300047704274,0.1690183088255246,0.5159496634474686,0.7645595551653498,0.849282996780802,0.8984489318115308,0.5415569212759731,0.8223587942639744,0.9043020193151889,0.9462979221539364
split,43,wk inc covid hosp,2024-2025,US,1,1.0,134.0,65093.443043478255,16072.964782608695,39474.08695652174,9546.391304347826,94547.0,46.0,79.0,91.0,105.0,116384.20072451644,63055.312796845334,42226.74950866455,11102.138419006547,189541.03864061285,85.0,126.0,132.0,133.0,0.5592979342407105,0.13810263491565922,0.33917049488493406,0.08202480444011735,0.5417858472568663,0.3628220088791609,0.0953921438639727,0.34328358208955223,0.5895522388059702,0.6791044776119403,0.7835820895522388,0.6343283582089553,0.9402985074626866,0.9850746268656716,0.9925373134328358
split,43,wk inc covid hosp,2025-2026,all,52,0.20000000000000007,9048.0,218074.52695652173,51337.918260869556,55788.65217391304,110947.95652173914,303914.0,3990.0,6200.0,7005.0,7536.0,251503.70978939498,102039.96804152087,70756.4623304223,78707.27941745178,396424.6389596296,4576.0,7150.0,7993.0,8484.0,0.9178245665226782,0.24852707777337654,0.2606488586459592,0.4086486301033424,0.4039583179592176,0.30598357647482927,0.29005810556595324,0.42855533017804837,0.6691007437457746,0.7617985125084518,0.8223799864773498,0.5195176921343252,0.7918187964841109,0.8741717376605818,0.9417399143565475
split,43,wk inc covid hosp,2025-2026,states_dc,51,0.0,8874.0,122904.00043478262,37099.696086956516,35675.13043478261,50129.17391304348,180455.0,3925.0,6096.0,6882.0,7401.0,137533.1523161514,55676.68777243521,42712.03193647525,39144.43260724092,215812.05818140364,4475.0,7011.0,7848.0,8317.0,0.9385194968552412,0.27942660950204656,0.2816910782292193,0.37740180912397525,0.4032477713441502,0.32096263893170385,0.2757895897241462,0.4423033581248592,0.686950642325896,0.7755240027045304,0.8340094658553077,0.5042821726391706,0.7900608519269777,0.8843813387423937,0.937232364210052
split,43,wk inc covid hosp,2025-2026,US,1,1.0,174.0,95170.52652173913,14238.222173913044,20113.521739130432,60818.78260869565,123459.0,65.0,104.0,123.0,135.0,113970.55747324359,46363.28026908566,28044.430393947056,39562.84681021086,180612.58077822594,101.0,139.0,145.0,167.0,0.8350448451924255,0.12492895085869606,0.176479980312919,0.5336359140208105,0.4068005044194873,0.2460673266473311,0.34713216893318144,0.3735632183908046,0.5977011494252874,0.7068965517241379,0.7758620689655172,0.5804597701149425,0.7988505747126436,0.8333333333333334,0.9597701149425287
split,43,wk inc covid prop ed visits,2025-2026,all,52,0.20000000000000007,5586.0,2.60602318012801,0.7086029678642815,0.5365288871747612,1.3608913250889474,3.8456384062708078,1560.0,2736.0,3299.0,3692.0,2.497840451560441,1.156219767170679,0.6581087464717353,0.683511937918007,3.786811202370366,2935.0,4515.0,4987.0,5231.0,1.1919114290918822,0.29075980793724426,0.20010166353152972,0.7010499576230982,0.5391906708735537,0.2297971920394452,0.23101213708699175,0.24715575594468334,0.4483483042652594,0.5503964675590974,0.6238115876178161,0.5674912912283157,0.8383349061549756,0.9090629478172731,0.9467491524238931
split,43,wk inc covid prop ed visits,2025-2026,states_dc,51,0.0,5476.0,2.560678163063174,0.701567323962831,0.5314987144318561,1.3276121246684676,3.7819500388920964,1548.0,2706.0,3258.0,3641.0,2.4713671885012656,1.136099226909532,0.6552800338668678,0.6799879277248464,3.7540446838962405,2849.0,4405.0,4877.0,5121.0,1.0616740625418906,0.2970087257569738,0.2026246924621387,0.5620406443227691,0.4839802140157255,0.2605335703145489,0.2554862156697166,0.28167196765812685,0.492253562149756,0.5948137662670537,0.6638553936131791,0.5139095685808489,0.7979186326937193,0.8863286847715913,0.9334364405298664
split,43,wk inc covid prop ed visits,2025-2026,US,1,1.0,110.0,0.045345017064835805,0.0070356439014505005,0.0050301727429051,0.0332792004204798,0.0636883673787116,12.0,30.0,41.0,51.0,0.026473263059175398,0.020120540261147,0.0028287126048675,0.0035240101931606,0.0327665184741256,86.0,110.0,110.0,110.0,1.712860895291849,0.2657641366583259,0.19000954780909363,1.2570872108244142,0.7600324983048661,0.10685167893903028,0.13311582275609238,0.10909090909090909,0.2727272727272727,0.37272727272727274,0.4636363636363636,0.7818181818181819,1.0,1.0,1.0
split,43,wk inc flu hosp,2023-2024,all,52,0.20000000000000007,6234.0,413967.69521739124,133616.6952173913,71953.91304347826,208397.08695652173,624681.0,2615.0,4161.0,4799.0,5235.0,393119.194762158,131720.98634605427,185716.16682836536,75682.04158773835,620754.5171976062,3024.0,4757.0,5382.0,5728.0,1.0793266741128118,0.33250057595456495,0.24891895136529524,0.49790714679295167,0.3526672245819764,0.44683510505362256,0.20049767036440122,0.4436014747779455,0.6873210993799231,0.7877090665325961,0.8509234120998829,0.46780878163231115,0.7560507792860736,0.8716247695659463,0.9214982403217699
split,43,wk inc flu hosp,2023-2024,states_dc,51,0.0,6114.0,233491.09739130433,75175.31478260871,51759.78260869565,106555.99999999999,351711.0,2549.0,4068.0,4695.0,5127.0,216945.88649337352,75382.4111622646,102632.95431514291,38930.521015966006,336315.5148954264,2977.0,4670.0,5273.0,5616.0,1.0930517286488184,0.33269405877234975,0.2824920631926874,0.47786560668378153,0.3608863704697729,0.4406440511304033,0.19846957839982407,0.4170018434724318,0.6654013742249036,0.7679696664990785,0.8386542651248536,0.4868443103737223,0.7638134741075917,0.8624476286240995,0.9185394670688792
split,43,wk inc flu hosp,2023-2024,US,1,1.0,120.0,180476.59782608695,58441.38043478261,20194.130434782608,101841.08695652173,272970.0,66.0,93.0,104.0,108.0,176173.30826878446,56338.57518378966,83083.21251322246,36751.520571772344,284439.0023021797,47.0,87.0,109.0,112.0,1.0244264559687841,0.3317266446834253,0.11462650405572668,0.5780733072296321,0.3197906410307906,0.47159932074649974,0.20861003822270968,0.55,0.775,0.8666666666666667,0.9,0.39166666666666666,0.725,0.9083333333333333,0.9333333333333333
split,43,wk inc flu hosp,2024-2025,all,52,0.20000000000000007,5616.0,760514.6630434782,164714.1413043478,567970.2608695652,27830.26086956522,1055170.0,2328.0,3833.0,4430.0,4767.0,997209.4752173913,214134.4317391304,732659.1304347826,50415.91304347826,1363610.0,2943.0,4023.0,4381.0,4604.0,0.7783161257082309,0.17689650534364804,0.5554808706484102,0.0459387497161724,0.2210839685595471,0.7136002994462362,0.0653157319942169,0.4319898329702252,0.7000726216412494,0.8004357298474946,0.8562091503267975,0.5315541031227307,0.7208424110384897,0.7796659404502544,0.8137618010167031
split,43,wk inc flu hosp,2024-2025,states_dc,51,0.0,5508.0,426201.45521739125,94541.4552173913,307647.2608695651,24012.739130434784,609916.0,2273.0,3749.0,4338.0,4671.0,545536.7908695652,116470.22565217389,390693.86956521735,38372.69565217391,755891.0,2882.0,3943.0,4297.0,4519.0,0.7878534115243021,0.18228017900292798,0.5502627866369888,0.05531044588438545,0.22229800226947322,0.7027232314120876,0.07497876631843926,0.41267247639796667,0.6806463326071172,0.7875816993464053,0.8480392156862747,0.5232389251997096,0.7158678286129269,0.7801379811183734,0.8204429920116196
split,43,wk inc flu hosp,2024-2025,US,1,1.0,108.0,334313.2078260869,70172.68608695651,260323.0,3817.521739130435,445254.0,55.0,84.0,92.0,96.0,451672.6843478261,97664.20608695652,341965.26086956525,12043.217391304348,607719.0,61.0,80.0,84.0,85.0,0.740166982443945,0.1553618107065284,0.5763532066940964,0.008451965043320221,0.2162278337198422,0.7571085715828304,0.02666359469732744,0.5092592592592593,0.7777777777777778,0.8518518518518519,0.8888888888888888,0.5648148148148148,0.7407407407407407,0.7777777777777778,0.7870370370370371
split,43,wk inc flu hosp,2025-2026,all,52,0.20000000000000007,5824.0,579706.9756521739,161613.58434782608,249366.08695652173,168727.30434782608,879054.0,2264.0,3673.0,4295.0,4695.0,681987.2230434783,182493.35347826086,344539.7391304348,154954.13043478262,1021199.0,3056.0,4510.0,4990.0,5252.0,0.8548727950030768,0.23775669306416794,0.40169151482853394,0.21542458711037504,0.2795215027822053,0.5126519392462101,0.2078265579715848,0.41253501400560233,0.6493697478991598,0.7595238095238095,0.8254201680672268,0.5267507002801123,0.7781162464985996,0.8568627450980393,0.8984943977591037
split,43,wk inc flu hosp,2025-2026,states_dc,51,0.0,5712.0,309801.89347826084,87637.32826086957,138086.65217391303,84077.91304347826,465825.0,2206.0,3591.0,4199.0,4593.0,369731.63260869565,98349.24130434783,189960.8260869565,81421.56521739133,551635.0,2996.0,4421.0,4894.0,5153.0,0.8524979193287419,0.23796853913972432,0.4130211649503408,0.20150821523867687,0.2820338995276028,0.5170549996731875,0.2009111007992099,0.38620448179271716,0.6286764705882353,0.7351190476190477,0.8040966386554624,0.5245098039215687,0.7739845938375353,0.8567927170868351,0.9021358543417369
split,43,wk inc flu hosp,2025-2026,US,1,1.0,112.0,269905.082173913,73976.25608695652,111279.4347826087,84649.39130434782,413229.0,58.0,82.0,96.0,102.0,312255.5904347826,84144.11217391305,154578.91304347827,73532.5652173913,469564.0,60.0,89.0,96.0,99.0,0.8643722977004158,0.23690930876194233,0.35637291434130597,0.27109007459716755,0.26947191580061497,0.4950396975383006,0.2354883866610844,0.5178571428571429,0.7321428571428571,0.8571428571428571,0.9107142857142857,0.5357142857142857,0.7946428571428571,0.8571428571428571,0.8839285714285714
split,43,wk inc flu prop ed visits,2025-2026,all,52,0.20000000000000007,5768.0,32.56532730705841,7.774867882336398,18.730459247146058,6.060000177575933,47.10546668545169,1917.0,3407.0,4035.0,4455.0,37.45877191682501,10.32540181251476,18.66849846028443,8.464871644025802,55.69990942461097,3125.0,4505.0,4944.0,5205.0,0.8764964109617888,0.21821448782175637,0.49485076373704473,0.16343115940298686,0.29592406594377124,0.4861518031545085,0.21792413090171991,0.3462885154061625,0.6098739495798321,0.7230742296918768,0.7956232492997198,0.563200280112045,0.7810574229691878,0.8550420168067228,0.8988795518207282
split,43,wk inc flu prop ed visits,2025-2026,states_dc,51,0.0,5656.0,32.04939907092268,7.6475303579948815,18.451911166687147,5.949957546240632,46.34157549633033,1871.0,3329.0,3942.0,4354.0,36.85597054744329,10.13762192450928,18.3753233456567,8.343025277277297,54.80314218169003,3050.0,4416.0,4848.0,5105.0,0.8816494353580909,0.21995737857724595,0.5030411223545199,0.15865093442632452,0.29202707088916097,0.4861011471818258,0.22187178192901272,0.3301820728291317,0.5882352941176471,0.6962535014005604,0.7690826330532214,0.5365896358543417,0.7776610644257704,0.8545168067226894,0.9003851540616248
split,43,wk inc flu prop ed visits,2025-2026,US,1,1.0,112.0,0.5159282361357318,0.1273375243415171,0.278548080458913,0.1100426313353011,0.7638911891213617,46.0,78.0,93.0,101.0,0.6028013693817165,0.1877798880054818,0.29317511462773,0.1218463667485042,0.8967672429209468,75.0,89.0,96.0,100.0,0.8558843133765787,0.21124292479979787,0.4620893292671435,0.1825520593096363,0.31151204616221184,0.4863544270452387,0.20213352679254865,0.4107142857142857,0.6964285714285714,0.8303571428571429,0.9017857142857143,0.6696428571428571,0.7946428571428571,0.8571428571428571,0.8928571428571429
split,43,wk inc rsv hosp,2025-2026,all,52,0.20000000000000007,6032.0,106252.72913043479,37368.38130434783,53051.86956521739,15832.478260869566,164010.0,2700.0,4268.0,4848.0,5163.0,174064.93092191094,53052.087440608055,105063.50795633462,15949.335524968266,270304.41698893777,2589.0,4305.0,4948.0,5364.0,0.7606566573341564,0.26120077744202747,0.3604425511386079,0.13901332875352104,0.30674063025043297,0.5745971360277672,0.11866223372180024,0.42390128465179183,0.7026707234617986,0.7954022988505749,0.8491210277214336,0.4406693711967547,0.7187964841108859,0.8279918864097365,0.8953684922244762
split,43,wk inc rsv hosp,2025-2026,states_dc,51,0.0,5916.0,66558.84739130436,25657.412608695657,30059.956521739132,10841.478260869566,102563.0,2663.0,4189.0,4760.0,5068.0,94740.19007535864,28170.04025877443,55907.86834298157,10662.281473602627,146919.94591427944,2532.0,4219.0,4848.0,5257.0,0.8257215105463543,0.28959266119643295,0.37809183324119594,0.15803701610872523,0.30500748188385424,0.5633274152930453,0.13166510282310062,0.4501352265043949,0.7080797836375929,0.8045977011494255,0.856659905341447,0.4279918864097364,0.7131507775524004,0.8194726166328601,0.8886071670047331
split,43,wk inc rsv hosp,2025-2026,US,1,1.0,116.0,39693.88173913043,11710.968695652175,22991.91304347826,4991.0,61447.0,37.0,79.0,88.0,95.0,79324.7408465523,24882.04718183363,49155.63961335304,5287.05405136564,123384.47107465833,57.0,86.0,100.0,107.0,0.5003972444853647,0.1476332424244052,0.2898454227282554,0.06291857933270417,0.31367322371674766,0.6196760189666538,0.06665075731659867,0.31896551724137934,0.6810344827586207,0.7586206896551724,0.8189655172413793,0.49137931034482757,0.7413793103448276,0.8620689655172413,0.9224137931034483
split,43,wk inc rsv prop ed visits,2025-2026,all,51,0.2,5586.0,3.3138269201921844,0.9358111274477472,1.7634596669232563,0.6145561258211627,4.97213245782034,2172.0,3673.0,4296.0,4658.0,4.530466181091006,1.2624880197885668,3.0078391482014353,0.2601390131009845,6.751646223879154,2706.0,4144.0,4680.0,5001.0,0.7616506784661041,0.21575286639375063,0.4128517357227134,0.13304607634963458,0.3535959682986677,0.586054512720714,0.06034951898061302,0.39413541665085156,0.642486713957791,0.7529139287738335,0.8109196352138045,0.5147666229916434,0.7725612543865138,0.86154240300846,0.9086279020936869
split,43,wk inc rsv prop ed visits,2025-2026,states_dc,50,0.0,5475.0,3.2780992773157065,0.9284301462143651,1.7395432160330109,0.6101259150683128,4.921658104317394,2125.0,3608.0,4219.0,4578.0,4.481922043258964,1.2402717937371133,2.9831665637207228,0.25848368580110964,6.672332609887618,2633.0,4042.0,4572.0,4893.0,0.7680676872672471,0.23167938084331294,0.3928960855650589,0.14349222085887026,0.32758245330440744,0.6055055048001255,0.06691204189546196,0.38681341495770866,0.6567119960508424,0.7677189875438685,0.8334693638370756,0.47904386432514,0.7359718382534124,0.8336847605173314,0.8925416343738655
split,43,wk inc rsv prop ed visits,2025-2026,US,1,1.0,111.0,0.0357276428764778,0.0073809812333819995,0.0239164508902455,0.0044302107528499,0.0504743535029468,47.0,65.0,77.0,80.0,0.0485441378320411,0.0222162260514535,0.024672584480712398,0.0016553272998748388,0.0793136139915364,73.0,102.0,108.0,108.0,0.7359826432615332,0.15204680859550157,0.4926743363533315,0.09126149831269187,0.4576500282757085,0.5082505444030668,0.03409942732121726,0.42342342342342343,0.5855855855855856,0.6936936936936937,0.7207207207207207,0.6576576576576577,0.918918918918919,0.972972972972973,0.972972972972973
split,44,wk inc covid hosp,2024-2025,all,52,0.20000000000000007,6968.0,194617.83652173914,75269.61913043479,103941.04347826086,15407.173913043478,301523.0,3657.0,5494.0,6092.0,6420.0,294095.7264372725,135467.5071866996,122015.56154699085,36612.65770358205,459783.4153206482,3786.0,5746.0,6312.0,6600.0,0.7317206577948158,0.2777650161821961,0.37654210896146467,0.07741353265115485,0.43807851857461183,0.40762840559217406,0.15429307583321417,0.49549312262218326,0.7724319578577703,0.8671934445419961,0.9179689786362308,0.5601112086625696,0.845946736903717,0.9204565408252854,0.9555458004097162
split,44,wk inc covid hosp,2024-2025,states_dc,51,0.0,6834.0,123137.59956521739,50714.729999999996,61304.913043478264,11117.95652173913,189402.0,3608.0,5400.0,5980.0,6299.0,177711.5257127561,72412.19438985428,79788.8120383263,25510.51928457551,270242.3766800353,3701.0,5620.0,6180.0,6467.0,0.7611071356616166,0.29446094702756986,0.37909276005592013,0.08755342857812662,0.4121516864040481,0.4188300047704274,0.1690183088255246,0.5279484928299678,0.7901668129938544,0.875036581796898,0.921714954638572,0.5415569212759731,0.8223587942639744,0.9043020193151889,0.9462979221539364
split,44,wk inc covid hosp,2024-2025,US,1,1.0,134.0,71480.23695652174,24554.889130434785,42636.13043478261,4289.217391304348,112121.0,49.0,94.0,112.0,121.0,116384.20072451644,63055.312796845334,42226.74950866455,11102.138419006547,189541.03864061285,85.0,126.0,132.0,133.0,0.6141747463276118,0.21098129280070121,0.3663395045836429,0.0368539489432677,0.5417858472568663,0.3628220088791609,0.0953921438639727,0.3656716417910448,0.7014925373134329,0.835820895522388,0.9029850746268657,0.6343283582089553,0.9402985074626866,0.9850746268656716,0.9925373134328358
split,44,wk inc covid hosp,2025-2026,all,52,0.20000000000000007,9048.0,207502.2491304348,53739.37956521739,50524.956521739135,103237.91304347827,297772.0,3966.0,6202.0,7085.0,7640.0,251503.70978939498,102039.96804152087,70756.4623304223,78707.27941745178,396424.6389596296,4576.0,7150.0,7993.0,8484.0,0.8824252813014749,0.2593992831982572,0.22928587600568182,0.39374012209753584,0.4039583179592176,0.30598357647482927,0.29005810556595324,0.42956952896100986,0.6862294343024569,0.7753662384494029,0.8328149650664866,0.5195176921343252,0.7918187964841109,0.8741717376605818,0.9417399143565475
split,44,wk inc covid hosp,2025-2026,states_dc,51,0.0,8874.0,117265.95000000001,38429.77608695652,31551.91304347826,47284.26086956522,176934.0,3898.0,6082.0,6956.0,7504.0,137533.1523161514,55676.68777243521,42712.03193647525,39144.43260724092,215812.05818140364,4475.0,7011.0,7848.0,8317.0,0.9050938597858879,0.29066673891670164,0.24498904485375975,0.36943807601542633,0.4032477713441502,0.32096263893170385,0.2757895897241462,0.4392607617759749,0.6853729997746225,0.7838629704755468,0.8456164074825334,0.5042821726391706,0.7900608519269777,0.8843813387423937,0.937232364210052
split,44,wk inc covid hosp,2025-2026,US,1,1.0,174.0,90236.29913043478,15309.60347826087,18973.04347826087,55953.65217391304,120838.0,68.0,120.0,129.0,136.0,113970.55747324359,46363.28026908566,28044.430393947056,39562.84681021086,180612.58077822594,101.0,139.0,145.0,167.0,0.7917509673638228,0.13432946032447934,0.1664732006133698,0.4909483064259737,0.4068005044194873,0.2460673266473311,0.34713216893318144,0.39080459770114945,0.6896551724137931,0.7413793103448276,0.7816091954022989,0.5804597701149425,0.7988505747126436,0.8333333333333334,0.9597701149425287
split,44,wk inc covid prop ed visits,2025-2026,all,52,0.20000000000000007,5586.0,2.674829526535427,0.6905286078823565,0.5075748712632273,1.4767260473898223,3.901829529551687,1578.0,2733.0,3283.0,3698.0,2.497840451560441,1.156219767170679,0.6581087464717353,0.683511937918007,3.786811202370366,2935.0,4515.0,4987.0,5231.0,1.1424823936040978,0.2867880531527555,0.18867099528188927,0.6670233451694416,0.5391906708735537,0.2297971920394452,0.23101213708699175,0.2699176307480806,0.4717309193433762,0.5716146470471731,0.6481253131080122,0.5674912912283157,0.8383349061549756,0.9090629478172731,0.9467491524238931
split,44,wk inc covid prop ed visits,2025-2026,states_dc,51,0.0,5476.0,2.6383859779685466,0.6830156517759748,0.5035312726646071,1.451839053527944,3.849887710211045,1554.0,2689.0,3227.0,3633.0,2.4713671885012656,1.136099226909532,0.6552800338668678,0.6799879277248464,3.7540446838962405,2849.0,4405.0,4877.0,5121.0,1.0839486986203308,0.28753653915146676,0.19765306040347655,0.5987590990653782,0.4839802140157255,0.2605335703145489,0.2554862156697166,0.28285158388964615,0.4896636491792202,0.5872455815362391,0.6624293686577425,0.5139095685808489,0.7979186326937193,0.8863286847715913,0.9334364405298664
split,44,wk inc covid prop ed visits,2025-2026,US,1,1.0,110.0,0.0364435485668808,0.0075129561063817,0.0040435985986202,0.0248869938618784,0.0519418193406424,24.0,44.0,56.0,65.0,0.026473263059175398,0.020120540261147,0.0028287126048675,0.0035240101931606,0.0327665184741256,86.0,110.0,110.0,110.0,1.3766171735391641,0.2837941091579104,0.15274273479554024,0.9400803295856947,0.7600324983048661,0.10685167893903028,0.13311582275609238,0.21818181818181817,0.4,0.509090909090909,0.5909090909090909,0.7818181818181819,1.0,1.0,1.0
split,44,wk inc flu hosp,2023-2024,all,52,0.20000000000000007,6234.0,460827.97652173915,169335.49826086956,67106.82608695651,224385.65217391303,711603.0,2663.0,4250.0,4964.0,5415.0,393119.194762158,131720.98634605427,185716.16682836536,75682.04158773835,620754.5171976062,3024.0,4757.0,5382.0,5728.0,1.201279573822654,0.42437426195159966,0.2254512897937581,0.5514540220772961,0.3526672245819764,0.44683510505362256,0.20049767036440122,0.4359854198089494,0.7019901122842302,0.8139056477291773,0.8790740740740742,0.46780878163231115,0.7560507792860736,0.8716247695659463,0.9214982403217699
split,44,wk inc flu hosp,2023-2024,states_dc,51,0.0,6114.0,258435.77913043482,94427.12695652174,47658.69565217391,116349.95652173912,393565.0,2606.0,4155.0,4857.0,5304.0,216945.88649337352,75382.4111622646,102632.95431514291,38930.521015966006,336315.5148954264,2977.0,4670.0,5273.0,5616.0,1.2143933641231814,0.4241685644574174,0.25421610289291674,0.536008696772847,0.3608863704697729,0.4406440511304033,0.19846957839982407,0.4262317747611865,0.6795709736886206,0.7944653929948051,0.8675925925925929,0.4868443103737223,0.7638134741075917,0.8624476286240995,0.9185394670688792
split,44,wk inc flu hosp,2023-2024,US,1,1.0,120.0,202392.19739130436,74908.37130434782,19448.130434782608,108035.69565217392,318038.0,57.0,95.0,107.0,111.0,176173.30826878446,56338.57518378966,83083.21251322246,36751.520571772344,284439.0023021797,47.0,87.0,109.0,112.0,1.1488244126205442,0.4251970519283288,0.11039203739712343,0.6132353232950919,0.3197906410307906,0.47159932074649974,0.20861003822270968,0.475,0.7916666666666666,0.8916666666666667,0.925,0.39166666666666666,0.725,0.9083333333333333,0.9333333333333333
split,44,wk inc flu hosp,2024-2025,all,52,0.20000000000000007,5616.0,767538.404347826,253469.88260869565,260654.4347826087,253414.08695652173,1216898.0,2634.0,4177.0,4788.0,5094.0,997209.4752173913,214134.4317391304,732659.1304347826,50415.91304347826,1363610.0,2943.0,4023.0,4381.0,4604.0,0.7742145060913223,0.26369380458351493,0.27885309419732707,0.23166760731048042,0.2210839685595471,0.7136002994462362,0.0653157319942169,0.46107480029048664,0.7415032679738565,0.8507262164124911,0.9088235294117648,0.5315541031227307,0.7208424110384897,0.7796659404502544,0.8137618010167031
split,44,wk inc flu hosp,2024-2025,states_dc,51,0.0,5508.0,417624.84695652174,139762.4991304348,156200.47826086957,121661.86956521739,660292.0,2588.0,4098.0,4697.0,4995.0,545536.7908695652,116470.22565217389,390693.86956521735,38372.69565217391,755891.0,2882.0,3943.0,4297.0,4519.0,0.7740916222134036,0.2666804281224486,0.29075129493980917,0.2166598991511459,0.22229800226947322,0.7027232314120876,0.07497876631843926,0.4698620188816268,0.74400871459695,0.8527596223674657,0.9068627450980394,0.5232389251997096,0.7158678286129269,0.7801379811183734,0.8204429920116196
split,44,wk inc flu hosp,2024-2025,US,1,1.0,108.0,349913.55739130435,113707.38347826088,104453.95652173914,131752.21739130435,556606.0,46.0,79.0,91.0,99.0,451672.6843478261,97664.20608695652,341965.26086956525,12043.217391304348,607719.0,61.0,80.0,84.0,85.0,0.774706041602997,0.25174731042778004,0.23126029122739858,0.2916984399478185,0.2162278337198422,0.7571085715828304,0.02666359469732744,0.42592592592592593,0.7314814814814815,0.8425925925925926,0.9166666666666666,0.5648148148148148,0.7407407407407407,0.7777777777777778,0.7870370370370371
split,44,wk inc flu hosp,2025-2026,all,52,0.20000000000000007,5824.0,678482.7339130435,136128.51652173913,310688.39130434784,231665.8260869565,982189.0,1953.0,3235.0,3849.0,4288.0,681987.2230434783,182493.35347826086,344539.7391304348,154954.13043478262,1021199.0,3056.0,4510.0,4990.0,5252.0,0.9861092892133712,0.20032832971545317,0.47376015484784395,0.3120208046500741,0.2795215027822053,0.5126519392462101,0.2078265579715848,0.3722689075630252,0.5765056022408965,0.6806022408963586,0.7536064425770308,0.5267507002801123,0.7781162464985996,0.8568627450980393,0.8984943977591037
split,44,wk inc flu hosp,2025-2026,states_dc,51,0.0,5712.0,362088.9047826087,73202.25260869565,165937.08695652176,122949.5652173913,525375.0,1893.0,3160.0,3763.0,4195.0,369731.63260869565,98349.24130434783,189960.8260869565,81421.56521739133,551635.0,2996.0,4421.0,4894.0,5153.0,0.9793234292852203,0.20002999795747567,0.4763085099663459,0.30298492136139876,0.2820338995276028,0.5170549996731875,0.2009111007992099,0.3314075630252101,0.5532212885154062,0.6587885154061623,0.7344187675070029,0.5245098039215687,0.7739845938375353,0.8567927170868351,0.9021358543417369
split,44,wk inc flu hosp,2025-2026,US,1,1.0,112.0,316393.8291304348,62926.263913043476,144751.30434782608,108716.26086956522,456814.0,60.0,75.0,86.0,93.0,312255.5904347826,84144.11217391305,154578.91304347827,73532.5652173913,469564.0,60.0,89.0,96.0,99.0,1.013252728925974,0.20152165674736316,0.4635667343738356,0.3481643378047753,0.26947191580061497,0.4950396975383006,0.2354883866610844,0.5357142857142857,0.6696428571428571,0.7678571428571429,0.8303571428571429,0.5357142857142857,0.7946428571428571,0.8571428571428571,0.8839285714285714
split,44,wk inc flu prop ed visits,2025-2026,all,52,0.20000000000000007,5768.0,35.121846803172375,7.303066414420209,18.44567255435859,9.373107834393558,50.125905700858794,1648.0,2998.0,3627.0,4124.0,37.45877191682501,10.32540181251476,18.66849846028443,8.464871644025802,55.69990942461097,3125.0,4505.0,4944.0,5205.0,0.9479433164419268,0.203291332425114,0.4866232299125614,0.2580287541042508,0.29592406594377124,0.4861518031545085,0.21792413090171991,0.3010854341736695,0.5409313725490198,0.6463235294117649,0.7329481792717087,0.563200280112045,0.7810574229691878,0.8550420168067228,0.8988795518207282
split,44,wk inc flu prop ed visits,2025-2026,states_dc,51,0.0,5656.0,34.5596777610109,7.184801349896882,18.173577964516124,9.201298446597882,49.31200341329148,1607.0,2927.0,3546.0,4033.0,36.85597054744329,10.13762192450928,18.3753233456567,8.343025277277297,54.80314218169003,3050.0,4416.0,4848.0,5105.0,0.9517806032979019,0.20506605842248318,0.49543316325078807,0.2512813816246302,0.29202707088916097,0.4861011471818258,0.22187178192901272,0.2848389355742298,0.5176820728291318,0.6271008403361347,0.713060224089636,0.5365896358543417,0.7776610644257704,0.8545168067226894,0.9003851540616248
split,44,wk inc flu prop ed visits,2025-2026,US,1,1.0,112.0,0.5621690421614692,0.1182650645233264,0.2720945898424671,0.1718093877956755,0.8139022875673136,41.0,71.0,81.0,91.0,0.6028013693817165,0.1877798880054818,0.29317511462773,0.1218463667485042,0.8967672429209468,75.0,89.0,96.0,100.0,0.9325941690180247,0.196192428435637,0.4513834965596546,0.28501824402273274,0.31151204616221184,0.4863544270452387,0.20213352679254865,0.36607142857142855,0.6339285714285714,0.7232142857142857,0.8125,0.6696428571428571,0.7946428571428571,0.8571428571428571,0.8928571428571429
split,44,wk inc rsv hosp,2025-2026,all,52,0.20000000000000007,6032.0,99426.90434782609,37804.6,44244.956521739135,17377.347826086956,152237.0,2827.0,4415.0,5013.0,5353.0,174064.93092191094,53052.087440608055,105063.50795633462,15949.335524968266,270304.41698893777,2589.0,4305.0,4948.0,5364.0,0.736753113581482,0.26929402502683053,0.3291580730699201,0.1383010154847314,0.30674063025043297,0.5745971360277672,0.11866223372180024,0.4601419878296147,0.7177822853279244,0.8256592292089251,0.8827586206896553,0.4406693711967547,0.7187964841108859,0.8279918864097365,0.8953684922244762
split,44,wk inc rsv hosp,2025-2026,states_dc,51,0.0,5916.0,63934.67652173914,26177.198260869565,26498.17391304348,11259.304347826086,98492.0,2778.0,4339.0,4920.0,5253.0,94740.19007535864,28170.04025877443,55907.86834298157,10662.281473602627,146919.94591427944,2532.0,4219.0,4848.0,5257.0,0.8090840211007724,0.2999725904522067,0.3555167984369057,0.1535946322116601,0.30500748188385424,0.5633274152930453,0.13166510282310062,0.46957403651115626,0.7334347532116297,0.8316430020283977,0.8879310344827587,0.4279918864097364,0.7131507775524004,0.8194726166328601,0.8886071670047331
split,44,wk inc rsv hosp,2025-2026,US,1,1.0,116.0,35492.22782608696,11627.401739130435,17746.782608695652,6118.04347826087,53745.0,49.0,76.0,93.0,100.0,79324.7408465523,24882.04718183363,49155.63961335304,5287.05405136564,123384.47107465833,57.0,86.0,100.0,107.0,0.4474294835043203,0.14657976332532574,0.22372317160197797,0.0771265485770166,0.31367322371674766,0.6196760189666538,0.06665075731659867,0.4224137931034483,0.6551724137931034,0.8017241379310345,0.8620689655172413,0.49137931034482757,0.7413793103448276,0.8620689655172413,0.9224137931034483
split,44,wk inc rsv prop ed visits,2025-2026,all,51,0.2,5586.0,3.1208929688097307,1.0854176350046254,1.3448956208656242,0.6905797129394622,4.750081368249349,2562.0,4149.0,4704.0,4988.0,4.530466181091006,1.2624880197885668,3.0078391482014353,0.2601390131009845,6.751646223879154,2706.0,4144.0,4680.0,5001.0,0.7572408403136637,0.2520038878477192,0.30100475907266105,0.20423219339327803,0.3535959682986677,0.586054512720714,0.06034951898061302,0.40904077764075336,0.6980617155219893,0.7936950483998473,0.8434963645743861,0.5147666229916434,0.7725612543865138,0.86154240300846,0.9086279020936869
split,44,wk inc rsv prop ed visits,2025-2026,states_dc,50,0.0,5475.0,3.0783427486695545,1.077331709304403,1.3265719537126057,0.6744390856525269,4.689275217083396,2540.0,4092.0,4638.0,4917.0,4.481922043258964,1.2402717937371133,2.9831665637207228,0.25848368580110964,6.672332609887618,2633.0,4042.0,4572.0,4893.0,0.7274194413016226,0.2733627271993272,0.2818899348824734,0.1721667792198168,0.32758245330440744,0.6055055048001255,0.06691204189546196,0.4617514225013922,0.7441987660241081,0.8434701618511605,0.8944605458080729,0.47904386432514,0.7359718382534124,0.8336847605173314,0.8925416343738655
split,44,wk inc rsv prop ed visits,2025-2026,US,1,1.0,111.0,0.0425502201401764,0.0080859257002224,0.0183236671530184,0.0161406272869353,0.0608061511659527,22.0,57.0,66.0,71.0,0.0485441378320411,0.0222162260514535,0.024672584480712398,0.0016553272998748388,0.0793136139915364,73.0,102.0,108.0,108.0,0.8765264363618285,0.16656853044128764,0.3774640558334118,0.3324938500871228,0.4576500282757085,0.5082505444030668,0.03409942732121726,0.1981981981981982,0.5135135135135135,0.5945945945945946,0.6396396396396397,0.6576576576576577,0.918918918918919,0.972972972972973,0.972972972972973
split-draws,42,wk inc covid hosp,2024-2025,all,52,0.20000000000000007,6968.0,173758.40739130432,59298.84217391304,83756.21739130435,30703.347826086952,268288.0,3325.0,5155.0,5830.0,6214.0,294095.7264372725,135467.5071866996,122015.56154699085,36612.65770358205,459783.4153206482,3786.0,5746.0,6312.0,6600.0,0.6880316204958637,0.23230237482702665,0.32100291507517753,0.13472633059365963,0.43807851857461183,0.40762840559217406,0.15429307583321417,0.45387767047117356,0.7244951712028097,0.8268949370793095,0.8952297336845187,0.5601112086625696,0.845946736903717,0.9204565408252854,0.9555458004097162
split-draws,42,wk inc covid hosp,2024-2025,states_dc,51,0.0,6834.0,117044.86739130433,41077.47608695652,55511.21739130435,20456.173913043476,178500.0,3278.0,5067.0,5725.0,6092.0,177711.5257127561,72412.19438985428,79788.8120383263,25510.51928457551,270242.3766800353,3701.0,5620.0,6180.0,6467.0,0.7382155588637189,0.25123741944394834,0.34058174889566944,0.1463963905241011,0.4121516864040481,0.4188300047704274,0.1690183088255246,0.47966052092478795,0.7414398595259,0.8377231489610771,0.8914252268071409,0.5415569212759731,0.8223587942639744,0.9043020193151889,0.9462979221539364
split-draws,42,wk inc covid hosp,2024-2025,US,1,1.0,134.0,56713.54000000001,18221.36608695652,28245.0,10247.173913043478,89788.0,47.0,88.0,105.0,122.0,116384.20072451644,63055.312796845334,42226.74950866455,11102.138419006547,189541.03864061285,85.0,126.0,132.0,133.0,0.48729586702444266,0.15656219635933946,0.24268757979320954,0.08804609087189359,0.5417858472568663,0.3628220088791609,0.0953921438639727,0.35074626865671643,0.6567164179104478,0.7835820895522388,0.9104477611940298,0.6343283582089553,0.9402985074626866,0.9850746268656716,0.9925373134328358
split-draws,42,wk inc covid hosp,2025-2026,all,52,0.20000000000000007,9048.0,224286.27086956525,45789.183913043475,59081.65217391305,119415.4347826087,312131.0,3714.0,6013.0,6935.0,7504.0,251503.70978939498,102039.96804152087,70756.4623304223,78707.27941745178,396424.6389596296,4576.0,7150.0,7993.0,8484.0,0.9273661726498278,0.22725432330274775,0.259475846682366,0.4406360026647142,0.4039583179592176,0.30598357647482927,0.29005810556595324,0.38354744196529195,0.645886860491323,0.752310119450079,0.8173766058147399,0.5195176921343252,0.7918187964841109,0.8741717376605818,0.9417399143565475
split-draws,42,wk inc covid hosp,2025-2026,states_dc,51,0.0,8874.0,123571.31130434784,33854.74608695652,34761.52173913044,54955.04347826087,182843.0,3668.0,5915.0,6815.0,7371.0,137533.1523161514,55676.68777243521,42712.03193647525,39144.43260724092,215812.05818140364,4475.0,7011.0,7848.0,8317.0,0.9382845190716226,0.25788913021814486,0.27099741106464426,0.4093979777888334,0.4032477713441502,0.32096263893170385,0.2757895897241462,0.4133423484336264,0.6665539779130044,0.7679738562091505,0.8306288032454361,0.5042821726391706,0.7900608519269777,0.8843813387423937,0.937232364210052
split-draws,42,wk inc covid hosp,2025-2026,US,1,1.0,174.0,100714.9595652174,11934.437826086956,24320.130434782608,64460.391304347824,129288.0,46.0,98.0,120.0,133.0,113970.55747324359,46363.28026908566,28044.430393947056,39562.84681021086,180612.58077822594,101.0,139.0,145.0,167.0,0.8836927869626491,0.1047150956411594,0.21338958915325257,0.565588102168237,0.4068005044194873,0.2460673266473311,0.34713216893318144,0.26436781609195403,0.5632183908045977,0.6896551724137931,0.764367816091954,0.5804597701149425,0.7988505747126436,0.8333333333333334,0.9597701149425287
split-draws,42,wk inc covid prop ed visits,2025-2026,all,52,0.20000000000000007,5586.0,2.6601174633358196,0.6877499207437983,0.49565850010400914,1.476709042487992,3.8961741605935694,1444.0,2558.0,3118.0,3511.0,2.497840451560441,1.156219767170679,0.6581087464717353,0.683511937918007,3.786811202370366,2935.0,4515.0,4987.0,5231.0,1.1734673833606646,0.27837426003027027,0.18706370131915956,0.7080294220112252,0.5391906708735537,0.2297971920394452,0.23101213708699175,0.23332424591940165,0.4160865867440263,0.5210117320843966,0.5966134237414515,0.5674912912283157,0.8383349061549756,0.9090629478172731,0.9467491524238931
split-draws,42,wk inc covid prop ed visits,2025-2026,states_dc,51,0.0,5476.0,2.6196867339689036,0.681241835975229,0.4910616945556328,1.4473832034380218,3.840654975355983,1430.0,2532.0,3078.0,3461.0,2.4713671885012656,1.136099226909532,0.6552800338668678,0.6799879277248464,3.7540446838962405,2849.0,4405.0,4877.0,5121.0,1.0850270330446399,0.28650879036933324,0.1904197385469321,0.6080985041283653,0.4839802140157255,0.2605335703145489,0.2554862156697166,0.2598371255810703,0.4610173243391237,0.5603555741964047,0.6321304160404507,0.5139095685808489,0.7979186326937193,0.8863286847715913,0.9334364405298664
split-draws,42,wk inc covid prop ed visits,2025-2026,US,1,1.0,110.0,0.0404307293669161,0.0065080847685692,0.0045968055483763,0.0293258390499703,0.055519185237586394,14.0,26.0,40.0,50.0,0.026473263059175398,0.020120540261147,0.0028287126048675,0.0035240101931606,0.0327665184741256,86.0,110.0,110.0,110.0,1.5272287846247639,0.24583613867401796,0.1736395524080696,1.107753093542665,0.7600324983048661,0.10685167893903028,0.13311582275609238,0.12727272727272726,0.23636363636363636,0.36363636363636365,0.45454545454545453,0.7818181818181819,1.0,1.0,1.0
split-draws,42,wk inc flu hosp,2023-2024,all,52,0.20000000000000007,6234.0,364836.5404347826,128397.23608695652,128327.47826086957,108111.82608695653,567690.0,2278.0,3804.0,4518.0,5005.0,393119.194762158,131720.98634605427,185716.16682836536,75682.04158773835,620754.5171976062,3024.0,4757.0,5382.0,5728.0,0.9847837691140828,0.3083422536837225,0.3887726400956409,0.2876688753347194,0.3526672245819764,0.44683510505362256,0.20049767036440122,0.3948407910172617,0.6360197754315403,0.7570806100217866,0.82848081112787,0.46780878163231115,0.7560507792860736,0.8716247695659463,0.9214982403217699
split-draws,42,wk inc flu hosp,2023-2024,states_dc,51,0.0,6114.0,222181.17304347825,68937.47739130433,88219.56521739131,65024.130434782615,340683.0,2215.0,3714.0,4410.0,4892.0,216945.88649337352,75382.4111622646,102632.95431514291,38930.521015966006,336315.5148954264,2977.0,4670.0,5273.0,5616.0,1.0285435864297094,0.3010510189393268,0.4290503776903396,0.29844218980004306,0.3608863704697729,0.4406440511304033,0.19846957839982407,0.362300988771577,0.6075247192894252,0.7213507625272331,0.8001843472431709,0.4868443103737223,0.7638134741075917,0.8624476286240995,0.9185394670688792
split-draws,42,wk inc flu hosp,2023-2024,US,1,1.0,120.0,142655.36739130435,59459.75869565218,40107.913043478264,43087.69565217391,227007.0,63.0,90.0,108.0,113.0,176173.30826878446,56338.57518378966,83083.21251322246,36751.520571772344,284439.0023021797,47.0,87.0,109.0,112.0,0.8097444998515757,0.33750719266130536,0.22766168971684597,0.24457561747342446,0.3197906410307906,0.47159932074649974,0.20861003822270968,0.525,0.75,0.9,0.9416666666666667,0.39166666666666666,0.725,0.9083333333333333,0.9333333333333333
split-draws,42,wk inc flu hosp,2024-2025,all,52,0.20000000000000007,5616.0,817290.84,323543.62260869564,178147.8695652174,315599.3478260869,1275320.0,2197.0,3758.0,4421.0,4887.0,997209.4752173913,214134.4317391304,732659.1304347826,50415.91304347826,1363610.0,2943.0,4023.0,4381.0,4604.0,0.8649843800149961,0.3157051054711539,0.20775996032165048,0.34151931422219195,0.2210839685595471,0.7136002994462362,0.0653157319942169,0.4129629629629631,0.6874727668845317,0.8042483660130719,0.8941176470588237,0.5315541031227307,0.7208424110384897,0.7796659404502544,0.8137618010167031
split-draws,42,wk inc flu hosp,2024-2025,states_dc,51,0.0,5508.0,455776.7643478261,166064.98173913042,116798.26086956522,172913.5217391304,702785.0,2142.0,3675.0,4326.0,4779.0,545536.7908695652,116470.22565217389,390693.86956521735,38372.69565217391,755891.0,2882.0,3943.0,4297.0,4519.0,0.8811330990980787,0.30746724377680235,0.22574305483274423,0.3479228004885323,0.22229800226947322,0.7027232314120876,0.07497876631843926,0.38888888888888895,0.6672113289760351,0.7854030501089325,0.8676470588235297,0.5232389251997096,0.7158678286129269,0.7801379811183734,0.8204429920116196
split-draws,42,wk inc flu hosp,2024-2025,US,1,1.0,108.0,361514.0756521739,157478.6408695652,61349.608695652176,142685.82608695654,572535.0,55.0,83.0,95.0,108.0,451672.6843478261,97664.20608695652,341965.26086956525,12043.217391304348,607719.0,61.0,80.0,84.0,85.0,0.8003895036826657,0.34865655224856,0.13582758227727537,0.31590536915683043,0.2162278337198422,0.7571085715828304,0.02666359469732744,0.5092592592592593,0.7685185185185185,0.8796296296296297,1.0,0.5648148148148148,0.7407407407407407,0.7777777777777778,0.7870370370370371
split-draws,42,wk inc flu hosp,2025-2026,all,52,0.20000000000000007,5824.0,575856.0047826087,157138.8743478261,287484.4347826087,131232.6956521739,862642.0,2619.0,4094.0,4690.0,5034.0,681987.2230434783,182493.35347826086,344539.7391304348,154954.13043478262,1021199.0,3056.0,4510.0,4990.0,5252.0,0.8595701676214846,0.24230356504730116,0.44312440388534197,0.17414219868884162,0.2795215027822053,0.5126519392462101,0.2078265579715848,0.47377450980392155,0.7182072829131654,0.8214285714285714,0.8794817927170868,0.5267507002801123,0.7781162464985996,0.8568627450980393,0.8984943977591037
split-draws,42,wk inc flu hosp,2025-2026,states_dc,51,0.0,5712.0,325645.6291304348,89110.67260869565,164354.95652173914,72179.99999999999,483884.0,2554.0,4006.0,4590.0,4928.0,369731.63260869565,98349.24130434783,189960.8260869565,81421.56521739133,551635.0,2996.0,4421.0,4894.0,5153.0,0.8741377327155658,0.2484142971390308,0.45532482124952006,0.17039861432701492,0.2820338995276028,0.5170549996731875,0.2009111007992099,0.4471288515406164,0.7013305322128851,0.8035714285714288,0.8627450980392161,0.5245098039215687,0.7739845938375353,0.8567927170868351,0.9021358543417369
split-draws,42,wk inc flu hosp,2025-2026,US,1,1.0,112.0,250210.3756521739,68028.20173913044,123129.47826086955,59052.69565217391,378758.0,65.0,88.0,100.0,106.0,312255.5904347826,84144.11217391305,154578.91304347827,73532.5652173913,469564.0,60.0,89.0,96.0,99.0,0.8012999072451598,0.21786063668038233,0.3943227344286291,0.18911653613614837,0.26947191580061497,0.4950396975383006,0.2354883866610844,0.5803571428571429,0.7857142857142857,0.8928571428571429,0.9464285714285714,0.5357142857142857,0.7946428571428571,0.8571428571428571,0.8839285714285714
split-draws,42,wk inc flu prop ed visits,2025-2026,all,52,0.20000000000000007,5768.0,33.42451968813312,8.164685935426728,17.441491659524726,7.818342093181641,49.20708318325935,2178.0,3671.0,4309.0,4735.0,37.45877191682501,10.32540181251476,18.66849846028443,8.464871644025802,55.69990942461097,3125.0,4505.0,4944.0,5205.0,0.8748949710592487,0.22522536790324618,0.4431118186674751,0.2065577844885267,0.29592406594377124,0.4861518031545085,0.21792413090171991,0.3872549019607844,0.6539915966386556,0.7685924369747898,0.836764705882353,0.563200280112045,0.7810574229691878,0.8550420168067228,0.8988795518207282
split-draws,42,wk inc flu prop ed visits,2025-2026,states_dc,51,0.0,5656.0,32.94466459540244,8.044848346532829,17.220845614673088,7.678970634196504,48.465903878476304,2130.0,3589.0,4212.0,4633.0,36.85597054744329,10.13762192450928,18.3753233456567,8.343025277277297,54.80314218169003,3050.0,4416.0,4848.0,5105.0,0.8946082614992534,0.2318314292473071,0.46238117031061904,0.20039566194132663,0.29202707088916097,0.4861011471818258,0.22187178192901272,0.37692577030812335,0.6344537815126052,0.7442226890756305,0.8182773109243701,0.5365896358543417,0.7776610644257704,0.8545168067226894,0.9003851540616248
split-draws,42,wk inc flu prop ed visits,2025-2026,US,1,1.0,112.0,0.4798550927306748,0.1198375888938994,0.2206460448516369,0.139371458985138,0.7411793047830461,48.0,82.0,97.0,102.0,0.6028013693817165,0.1877798880054818,0.29317511462773,0.1218463667485042,0.8967672429209468,75.0,89.0,96.0,100.0,0.7960418092992295,0.1988011225270023,0.36603441209489945,0.23120627467732702,0.31151204616221184,0.4863544270452387,0.20213352679254865,0.42857142857142855,0.7321428571428571,0.8660714285714286,0.9107142857142857,0.6696428571428571,0.7946428571428571,0.8571428571428571,0.8928571428571429
split-draws,42,wk inc rsv hosp,2025-2026,all,52,0.20000000000000007,6032.0,116250.76434782607,37798.45999999999,67785.78260869565,10666.521739130436,176923.0,2683.0,4256.0,4814.0,5142.0,174064.93092191094,53052.087440608055,105063.50795633462,15949.335524968266,270304.41698893777,2589.0,4305.0,4948.0,5364.0,0.8025913185011573,0.2707333626351501,0.4425805089156451,0.08927744695036195,0.30674063025043297,0.5745971360277672,0.11866223372180024,0.41048005409060195,0.6835699797160245,0.7828600405679516,0.8367478025693037,0.4406693711967547,0.7187964841108859,0.8279918864097365,0.8953684922244762
split-draws,42,wk inc rsv hosp,2025-2026,states_dc,51,0.0,5916.0,71845.29739130434,26563.73217391304,38489.69565217391,6791.869565217392,110412.0,2653.0,4188.0,4731.0,5053.0,94740.19007535864,28170.04025877443,55907.86834298157,10662.281473602627,146919.94591427944,2532.0,4219.0,4848.0,5257.0,0.8632907963177064,0.30300931429338707,0.46089603429564274,0.09938544772867659,0.30500748188385424,0.5633274152930453,0.13166510282310062,0.4484448951994592,0.7079107505070995,0.7996957403651117,0.8541244083840435,0.4279918864097364,0.7131507775524004,0.8194726166328601,0.8886071670047331
split-draws,42,wk inc rsv hosp,2025-2026,US,1,1.0,116.0,44405.46695652174,11234.727826086955,29296.08695652174,3874.6521739130435,66511.0,30.0,68.0,83.0,89.0,79324.7408465523,24882.04718183363,49155.63961335304,5287.05405136564,123384.47107465833,57.0,86.0,100.0,107.0,0.5597934072349603,0.1416295560022022,0.36931840739565475,0.048845443837103285,0.31367322371674766,0.6196760189666538,0.06665075731659867,0.25862068965517243,0.5862068965517241,0.7155172413793104,0.7672413793103449,0.49137931034482757,0.7413793103448276,0.8620689655172413,0.9224137931034483
split-draws,42,wk inc rsv prop ed visits,2025-2026,all,51,0.2,5586.0,3.0595797533090696,1.1504394981641082,1.305185378300366,0.603954876844575,4.627173151470891,2729.0,4258.0,4751.0,5015.0,4.530466181091006,1.2624880197885668,3.0078391482014353,0.2601390131009845,6.751646223879154,2706.0,4144.0,4680.0,5001.0,0.7038155616287036,0.2630061881175768,0.2983659960836575,0.14244337742746382,0.3535959682986677,0.586054512720714,0.06034951898061302,0.4763638915460503,0.7369240598236746,0.8221804805808093,0.8693303149436101,0.5147666229916434,0.7725612543865138,0.86154240300846,0.9086279020936869
split-draws,42,wk inc rsv prop ed visits,2025-2026,states_dc,50,0.0,5475.0,3.0272442768935175,1.1422867257155414,1.288227562518027,0.5967299886599289,4.580411101193268,2681.0,4187.0,4672.0,4931.0,4.481922043258964,1.2402717937371133,2.9831665637207228,0.25848368580110964,6.672332609887618,2633.0,4042.0,4572.0,4893.0,0.7132432870876497,0.2867713449633877,0.28562555071505763,0.14084639140919908,0.32758245330440744,0.6055055048001255,0.06691204189546196,0.48734675632445473,0.7612451648696833,0.8497976727980838,0.8974737044903236,0.47904386432514,0.7359718382534124,0.8336847605173314,0.8925416343738655
split-draws,42,wk inc rsv prop ed visits,2025-2026,US,1,1.0,111.0,0.0323354764155523,0.0081527724485669,0.0169578157823389,0.0072248881846462,0.046762050277623105,48.0,71.0,79.0,84.0,0.0485441378320411,0.0222162260514535,0.024672584480712398,0.0016553272998748388,0.0793136139915364,73.0,102.0,108.0,108.0,0.666104659792919,0.1679455607343332,0.3493277775580568,0.14883132150052278,0.4576500282757085,0.5082505444030668,0.03409942732121726,0.43243243243243246,0.6396396396396397,0.7117117117117117,0.7567567567567568,0.6576576576576577,0.918918918918919,0.972972972972973,0.972972972972973
split-draws,43,wk inc covid hosp,2024-2025,all,52,0.20000000000000007,6968.0,185490.00782608695,58440.74695652175,101995.47826086957,25053.782608695656,275095.0,3572.0,5304.0,5895.0,6245.0,294095.7264372725,135467.5071866996,122015.56154699085,36612.65770358205,459783.4153206482,3786.0,5746.0,6312.0,6600.0,0.7115251111936838,0.23522422580069308,0.3707696295226323,0.10553125587035855,0.43807851857461183,0.40762840559217406,0.15429307583321417,0.4814164471758854,0.7295580918934741,0.8152472929470298,0.8754755633596725,0.5601112086625696,0.845946736903717,0.9204565408252854,0.9555458004097162
split-draws,43,wk inc covid hosp,2024-2025,states_dc,51,0.0,6834.0,120396.5647826087,42367.78217391305,62521.391304347824,15507.391304347828,180548.0,3526.0,5225.0,5804.0,6140.0,177711.5257127561,72412.19438985428,79788.8120383263,25510.51928457551,270242.3766800353,3701.0,5620.0,6180.0,6467.0,0.7495819054319272,0.25950462352195147,0.3786694131820568,0.11140786872791884,0.4121516864040481,0.4188300047704274,0.1690183088255246,0.5159496634474686,0.7645595551653498,0.849282996780802,0.8984489318115308,0.5415569212759731,0.8223587942639744,0.9043020193151889,0.9462979221539364
split-draws,43,wk inc covid hosp,2024-2025,US,1,1.0,134.0,65093.443043478255,16072.964782608695,39474.08695652174,9546.391304347826,94547.0,46.0,79.0,91.0,105.0,116384.20072451644,63055.312796845334,42226.74950866455,11102.138419006547,189541.03864061285,85.0,126.0,132.0,133.0,0.5592979342407105,0.13810263491565922,0.33917049488493406,0.08202480444011735,0.5417858472568663,0.3628220088791609,0.0953921438639727,0.34328358208955223,0.5895522388059702,0.6791044776119403,0.7835820895522388,0.6343283582089553,0.9402985074626866,0.9850746268656716,0.9925373134328358
split-draws,43,wk inc covid hosp,2025-2026,all,52,0.20000000000000007,9048.0,218074.52695652173,51337.918260869556,55788.65217391304,110947.95652173914,303914.0,3990.0,6200.0,7005.0,7536.0,251503.70978939498,102039.96804152087,70756.4623304223,78707.27941745178,396424.6389596296,4576.0,7150.0,7993.0,8484.0,0.9178245665226782,0.24852707777337654,0.2606488586459592,0.4086486301033424,0.4039583179592176,0.30598357647482927,0.29005810556595324,0.42855533017804837,0.6691007437457746,0.7617985125084518,0.8223799864773498,0.5195176921343252,0.7918187964841109,0.8741717376605818,0.9417399143565475
split-draws,43,wk inc covid hosp,2025-2026,states_dc,51,0.0,8874.0,122904.00043478262,37099.696086956516,35675.13043478261,50129.17391304348,180455.0,3925.0,6096.0,6882.0,7401.0,137533.1523161514,55676.68777243521,42712.03193647525,39144.43260724092,215812.05818140364,4475.0,7011.0,7848.0,8317.0,0.9385194968552412,0.27942660950204656,0.2816910782292193,0.37740180912397525,0.4032477713441502,0.32096263893170385,0.2757895897241462,0.4423033581248592,0.686950642325896,0.7755240027045304,0.8340094658553077,0.5042821726391706,0.7900608519269777,0.8843813387423937,0.937232364210052
split-draws,43,wk inc covid hosp,2025-2026,US,1,1.0,174.0,95170.52652173913,14238.222173913044,20113.521739130432,60818.78260869565,123459.0,65.0,104.0,123.0,135.0,113970.55747324359,46363.28026908566,28044.430393947056,39562.84681021086,180612.58077822594,101.0,139.0,145.0,167.0,0.8350448451924255,0.12492895085869606,0.176479980312919,0.5336359140208105,0.4068005044194873,0.2460673266473311,0.34713216893318144,0.3735632183908046,0.5977011494252874,0.7068965517241379,0.7758620689655172,0.5804597701149425,0.7988505747126436,0.8333333333333334,0.9597701149425287
split-draws,43,wk inc covid prop ed visits,2025-2026,all,52,0.20000000000000007,5586.0,2.60602318012801,0.7086029678642815,0.5365288871747612,1.3608913250889474,3.8456384062708078,1560.0,2736.0,3299.0,3692.0,2.497840451560441,1.156219767170679,0.6581087464717353,0.683511937918007,3.786811202370366,2935.0,4515.0,4987.0,5231.0,1.1919114290918822,0.29075980793724426,0.20010166353152972,0.7010499576230982,0.5391906708735537,0.2297971920394452,0.23101213708699175,0.24715575594468334,0.4483483042652594,0.5503964675590974,0.6238115876178161,0.5674912912283157,0.8383349061549756,0.9090629478172731,0.9467491524238931
split-draws,43,wk inc covid prop ed visits,2025-2026,states_dc,51,0.0,5476.0,2.560678163063174,0.701567323962831,0.5314987144318561,1.3276121246684676,3.7819500388920964,1548.0,2706.0,3258.0,3641.0,2.4713671885012656,1.136099226909532,0.6552800338668678,0.6799879277248464,3.7540446838962405,2849.0,4405.0,4877.0,5121.0,1.0616740625418906,0.2970087257569738,0.2026246924621387,0.5620406443227691,0.4839802140157255,0.2605335703145489,0.2554862156697166,0.28167196765812685,0.492253562149756,0.5948137662670537,0.6638553936131791,0.5139095685808489,0.7979186326937193,0.8863286847715913,0.9334364405298664
split-draws,43,wk inc covid prop ed visits,2025-2026,US,1,1.0,110.0,0.045345017064835805,0.0070356439014505005,0.0050301727429051,0.0332792004204798,0.0636883673787116,12.0,30.0,41.0,51.0,0.026473263059175398,0.020120540261147,0.0028287126048675,0.0035240101931606,0.0327665184741256,86.0,110.0,110.0,110.0,1.712860895291849,0.2657641366583259,0.19000954780909363,1.2570872108244142,0.7600324983048661,0.10685167893903028,0.13311582275609238,0.10909090909090909,0.2727272727272727,0.37272727272727274,0.4636363636363636,0.7818181818181819,1.0,1.0,1.0
split-draws,43,wk inc flu hosp,2023-2024,all,52,0.20000000000000007,6234.0,413967.69521739124,133616.6952173913,71953.91304347826,208397.08695652173,624681.0,2615.0,4161.0,4799.0,5235.0,393119.194762158,131720.98634605427,185716.16682836536,75682.04158773835,620754.5171976062,3024.0,4757.0,5382.0,5728.0,1.0793266741128118,0.33250057595456495,0.24891895136529524,0.49790714679295167,0.3526672245819764,0.44683510505362256,0.20049767036440122,0.4436014747779455,0.6873210993799231,0.7877090665325961,0.8509234120998829,0.46780878163231115,0.7560507792860736,0.8716247695659463,0.9214982403217699
split-draws,43,wk inc flu hosp,2023-2024,states_dc,51,0.0,6114.0,233491.09739130433,75175.31478260871,51759.78260869565,106555.99999999999,351711.0,2549.0,4068.0,4695.0,5127.0,216945.88649337352,75382.4111622646,102632.95431514291,38930.521015966006,336315.5148954264,2977.0,4670.0,5273.0,5616.0,1.0930517286488184,0.33269405877234975,0.2824920631926874,0.47786560668378153,0.3608863704697729,0.4406440511304033,0.19846957839982407,0.4170018434724318,0.6654013742249036,0.7679696664990785,0.8386542651248536,0.4868443103737223,0.7638134741075917,0.8624476286240995,0.9185394670688792
split-draws,43,wk inc flu hosp,2023-2024,US,1,1.0,120.0,180476.59782608695,58441.38043478261,20194.130434782608,101841.08695652173,272970.0,66.0,93.0,104.0,108.0,176173.30826878446,56338.57518378966,83083.21251322246,36751.520571772344,284439.0023021797,47.0,87.0,109.0,112.0,1.0244264559687841,0.3317266446834253,0.11462650405572668,0.5780733072296321,0.3197906410307906,0.47159932074649974,0.20861003822270968,0.55,0.775,0.8666666666666667,0.9,0.39166666666666666,0.725,0.9083333333333333,0.9333333333333333
split-draws,43,wk inc flu hosp,2024-2025,all,52,0.20000000000000007,5616.0,759849.6813043477,290484.2465217391,388022.1304347826,81343.30434782608,1153399.0,2572.0,4157.0,4684.0,4975.0,997209.4752173913,214134.4317391304,732659.1304347826,50415.91304347826,1363610.0,2943.0,4023.0,4381.0,4604.0,0.7906430727147703,0.27811457867050793,0.4147094454170229,0.09781904862723946,0.2210839685595471,0.7136002994462362,0.0653157319942169,0.4657225853304286,0.7590777051561368,0.8526870007262166,0.9000726216412492,0.5315541031227307,0.7208424110384897,0.7796659404502544,0.8137618010167031
split-draws,43,wk inc flu hosp,2024-2025,states_dc,51,0.0,5508.0,428002.9282608695,147084.92826086955,233230.13043478262,47687.86956521739,646498.0,2518.0,4066.0,4583.0,4871.0,545536.7908695652,116470.22565217389,390693.86956521735,38372.69565217391,755891.0,2882.0,3943.0,4297.0,4519.0,0.8046272734679638,0.2682719644430319,0.43270971948875603,0.10364558953617596,0.22229800226947322,0.7027232314120876,0.07497876631843926,0.4571532316630356,0.7381989832970227,0.8320624546114744,0.8843500363108208,0.5232389251997096,0.7158678286129269,0.7801379811183734,0.8204429920116196
split-draws,43,wk inc flu hosp,2024-2025,US,1,1.0,108.0,331846.75304347824,143399.31826086956,154792.0,33655.434782608696,506901.0,54.0,91.0,101.0,104.0,451672.6843478261,97664.20608695652,341965.26086956525,12043.217391304348,607719.0,61.0,80.0,84.0,85.0,0.7347062697019956,0.3174850355804115,0.3427083491300906,0.07451288499149346,0.2162278337198422,0.7571085715828304,0.02666359469732744,0.5,0.8425925925925926,0.9351851851851852,0.9629629629629629,0.5648148148148148,0.7407407407407407,0.7777777777777778,0.7870370370370371
split-draws,43,wk inc flu hosp,2025-2026,all,52,0.20000000000000007,5824.0,579706.9756521739,161613.58434782608,249366.08695652173,168727.30434782608,879054.0,2264.0,3673.0,4295.0,4695.0,681987.2230434783,182493.35347826086,344539.7391304348,154954.13043478262,1021199.0,3056.0,4510.0,4990.0,5252.0,0.8548727950030768,0.23775669306416794,0.40169151482853394,0.21542458711037504,0.2795215027822053,0.5126519392462101,0.2078265579715848,0.41253501400560233,0.6493697478991598,0.7595238095238095,0.8254201680672268,0.5267507002801123,0.7781162464985996,0.8568627450980393,0.8984943977591037
split-draws,43,wk inc flu hosp,2025-2026,states_dc,51,0.0,5712.0,309801.89347826084,87637.32826086957,138086.65217391303,84077.91304347826,465825.0,2206.0,3591.0,4199.0,4593.0,369731.63260869565,98349.24130434783,189960.8260869565,81421.56521739133,551635.0,2996.0,4421.0,4894.0,5153.0,0.8524979193287419,0.23796853913972432,0.4130211649503408,0.20150821523867687,0.2820338995276028,0.5170549996731875,0.2009111007992099,0.38620448179271716,0.6286764705882353,0.7351190476190477,0.8040966386554624,0.5245098039215687,0.7739845938375353,0.8567927170868351,0.9021358543417369
split-draws,43,wk inc flu hosp,2025-2026,US,1,1.0,112.0,269905.082173913,73976.25608695652,111279.4347826087,84649.39130434782,413229.0,58.0,82.0,96.0,102.0,312255.5904347826,84144.11217391305,154578.91304347827,73532.5652173913,469564.0,60.0,89.0,96.0,99.0,0.8643722977004158,0.23690930876194233,0.35637291434130597,0.27109007459716755,0.26947191580061497,0.4950396975383006,0.2354883866610844,0.5178571428571429,0.7321428571428571,0.8571428571428571,0.9107142857142857,0.5357142857142857,0.7946428571428571,0.8571428571428571,0.8839285714285714
split-draws,43,wk inc flu prop ed visits,2025-2026,all,52,0.20000000000000007,5768.0,32.56532730705841,7.774867882336398,18.730459247146058,6.060000177575933,47.10546668545169,1917.0,3407.0,4035.0,4455.0,37.45877191682501,10.32540181251476,18.66849846028443,8.464871644025802,55.69990942461097,3125.0,4505.0,4944.0,5205.0,0.8764964109617888,0.21821448782175637,0.49485076373704473,0.16343115940298686,0.29592406594377124,0.4861518031545085,0.21792413090171991,0.3462885154061625,0.6098739495798321,0.7230742296918768,0.7956232492997198,0.563200280112045,0.7810574229691878,0.8550420168067228,0.8988795518207282
split-draws,43,wk inc flu prop ed visits,2025-2026,states_dc,51,0.0,5656.0,32.04939907092268,7.6475303579948815,18.451911166687147,5.949957546240632,46.34157549633033,1871.0,3329.0,3942.0,4354.0,36.85597054744329,10.13762192450928,18.3753233456567,8.343025277277297,54.80314218169003,3050.0,4416.0,4848.0,5105.0,0.8816494353580909,0.21995737857724595,0.5030411223545199,0.15865093442632452,0.29202707088916097,0.4861011471818258,0.22187178192901272,0.3301820728291317,0.5882352941176471,0.6962535014005604,0.7690826330532214,0.5365896358543417,0.7776610644257704,0.8545168067226894,0.9003851540616248
split-draws,43,wk inc flu prop ed visits,2025-2026,US,1,1.0,112.0,0.5159282361357318,0.1273375243415171,0.278548080458913,0.1100426313353011,0.7638911891213617,46.0,78.0,93.0,101.0,0.6028013693817165,0.1877798880054818,0.29317511462773,0.1218463667485042,0.8967672429209468,75.0,89.0,96.0,100.0,0.8558843133765787,0.21124292479979787,0.4620893292671435,0.1825520593096363,0.31151204616221184,0.4863544270452387,0.20213352679254865,0.4107142857142857,0.6964285714285714,0.8303571428571429,0.9017857142857143,0.6696428571428571,0.7946428571428571,0.8571428571428571,0.8928571428571429
split-draws,43,wk inc rsv hosp,2025-2026,all,52,0.20000000000000007,6032.0,106252.72913043479,37368.38130434783,53051.86956521739,15832.478260869566,164010.0,2700.0,4268.0,4848.0,5163.0,174064.93092191094,53052.087440608055,105063.50795633462,15949.335524968266,270304.41698893777,2589.0,4305.0,4948.0,5364.0,0.7606566573341564,0.26120077744202747,0.3604425511386079,0.13901332875352104,0.30674063025043297,0.5745971360277672,0.11866223372180024,0.42390128465179183,0.7026707234617986,0.7954022988505749,0.8491210277214336,0.4406693711967547,0.7187964841108859,0.8279918864097365,0.8953684922244762
split-draws,43,wk inc rsv hosp,2025-2026,states_dc,51,0.0,5916.0,66558.84739130436,25657.412608695657,30059.956521739132,10841.478260869566,102563.0,2663.0,4189.0,4760.0,5068.0,94740.19007535864,28170.04025877443,55907.86834298157,10662.281473602627,146919.94591427944,2532.0,4219.0,4848.0,5257.0,0.8257215105463543,0.28959266119643295,0.37809183324119594,0.15803701610872523,0.30500748188385424,0.5633274152930453,0.13166510282310062,0.4501352265043949,0.7080797836375929,0.8045977011494255,0.856659905341447,0.4279918864097364,0.7131507775524004,0.8194726166328601,0.8886071670047331
split-draws,43,wk inc rsv hosp,2025-2026,US,1,1.0,116.0,39693.88173913043,11710.968695652175,22991.91304347826,4991.0,61447.0,37.0,79.0,88.0,95.0,79324.7408465523,24882.04718183363,49155.63961335304,5287.05405136564,123384.47107465833,57.0,86.0,100.0,107.0,0.5003972444853647,0.1476332424244052,0.2898454227282554,0.06291857933270417,0.31367322371674766,0.6196760189666538,0.06665075731659867,0.31896551724137934,0.6810344827586207,0.7586206896551724,0.8189655172413793,0.49137931034482757,0.7413793103448276,0.8620689655172413,0.9224137931034483
split-draws,43,wk inc rsv prop ed visits,2025-2026,all,51,0.2,5586.0,3.3138269201921844,0.9358111274477472,1.7634596669232563,0.6145561258211627,4.97213245782034,2172.0,3673.0,4296.0,4658.0,4.530466181091006,1.2624880197885668,3.0078391482014353,0.2601390131009845,6.751646223879154,2706.0,4144.0,4680.0,5001.0,0.7616506784661041,0.21575286639375063,0.4128517357227134,0.13304607634963458,0.3535959682986677,0.586054512720714,0.06034951898061302,0.39413541665085156,0.642486713957791,0.7529139287738335,0.8109196352138045,0.5147666229916434,0.7725612543865138,0.86154240300846,0.9086279020936869
split-draws,43,wk inc rsv prop ed visits,2025-2026,states_dc,50,0.0,5475.0,3.2780992773157065,0.9284301462143651,1.7395432160330109,0.6101259150683128,4.921658104317394,2125.0,3608.0,4219.0,4578.0,4.481922043258964,1.2402717937371133,2.9831665637207228,0.25848368580110964,6.672332609887618,2633.0,4042.0,4572.0,4893.0,0.7680676872672471,0.23167938084331294,0.3928960855650589,0.14349222085887026,0.32758245330440744,0.6055055048001255,0.06691204189546196,0.38681341495770866,0.6567119960508424,0.7677189875438685,0.8334693638370756,0.47904386432514,0.7359718382534124,0.8336847605173314,0.8925416343738655
split-draws,43,wk inc rsv prop ed visits,2025-2026,US,1,1.0,111.0,0.0357276428764778,0.0073809812333819995,0.0239164508902455,0.0044302107528499,0.0504743535029468,47.0,65.0,77.0,80.0,0.0485441378320411,0.0222162260514535,0.024672584480712398,0.0016553272998748388,0.0793136139915364,73.0,102.0,108.0,108.0,0.7359826432615332,0.15204680859550157,0.4926743363533315,0.09126149831269187,0.4576500282757085,0.5082505444030668,0.03409942732121726,0.42342342342342343,0.5855855855855856,0.6936936936936937,0.7207207207207207,0.6576576576576577,0.918918918918919,0.972972972972973,0.972972972972973
split-draws,44,wk inc covid hosp,2024-2025,all,52,0.20000000000000007,6968.0,191042.26608695652,90382.44,79006.91304347826,21652.913043478264,297904.0,4001.0,5771.0,6279.0,6556.0,294095.7264372725,135467.5071866996,122015.56154699085,36612.65770358205,459783.4153206482,3786.0,5746.0,6312.0,6600.0,0.7304332514759184,0.32029551977087767,0.3101966143927307,0.09994111731231009,0.43807851857461183,0.40762840559217406,0.15429307583321417,0.5701492537313434,0.8392449517120284,0.9028387474392743,0.9476441322797778,0.5601112086625696,0.845946736903717,0.9204565408252854,0.9555458004097162
split-draws,44,wk inc covid hosp,2024-2025,states_dc,51,0.0,6834.0,123986.89695652173,58516.02739130434,50327.739130434784,15143.13043478261,190686.0,3927.0,5652.0,6157.0,6425.0,177711.5257127561,72412.19438985428,79788.8120383263,25510.51928457551,270242.3766800353,3701.0,5620.0,6180.0,6467.0,0.7690027499847856,0.33191850085808133,0.3261412423454445,0.11094300678125966,0.4121516864040481,0.4188300047704274,0.1690183088255246,0.5746268656716419,0.8270412642669009,0.9009364940005854,0.9401521802750952,0.5415569212759731,0.8223587942639744,0.9043020193151889,0.9462979221539364
split-draws,44,wk inc covid hosp,2024-2025,US,1,1.0,134.0,67055.36913043479,31866.412608695653,28679.173913043476,6509.782608695653,107218.0,74.0,119.0,122.0,131.0,116384.20072451644,63055.312796845334,42226.74950866455,11102.138419006547,189541.03864061285,85.0,126.0,132.0,133.0,0.57615525744045,0.27380359542206284,0.24641810258187546,0.05593355943651174,0.5417858472568663,0.3628220088791609,0.0953921438639727,0.5522388059701493,0.8880597014925373,0.9104477611940298,0.9776119402985075,0.6343283582089553,0.9402985074626866,0.9850746268656716,0.9925373134328358
split-draws,44,wk inc covid hosp,2025-2026,all,52,0.20000000000000007,9048.0,207502.2491304348,53739.37956521739,50524.956521739135,103237.91304347827,297772.0,3966.0,6202.0,7085.0,7640.0,251503.70978939498,102039.96804152087,70756.4623304223,78707.27941745178,396424.6389596296,4576.0,7150.0,7993.0,8484.0,0.8824252813014749,0.2593992831982572,0.22928587600568182,0.39374012209753584,0.4039583179592176,0.30598357647482927,0.29005810556595324,0.42956952896100986,0.6862294343024569,0.7753662384494029,0.8328149650664866,0.5195176921343252,0.7918187964841109,0.8741717376605818,0.9417399143565475
split-draws,44,wk inc covid hosp,2025-2026,states_dc,51,0.0,8874.0,117265.95000000001,38429.77608695652,31551.91304347826,47284.26086956522,176934.0,3898.0,6082.0,6956.0,7504.0,137533.1523161514,55676.68777243521,42712.03193647525,39144.43260724092,215812.05818140364,4475.0,7011.0,7848.0,8317.0,0.9050938597858879,0.29066673891670164,0.24498904485375975,0.36943807601542633,0.4032477713441502,0.32096263893170385,0.2757895897241462,0.4392607617759749,0.6853729997746225,0.7838629704755468,0.8456164074825334,0.5042821726391706,0.7900608519269777,0.8843813387423937,0.937232364210052
split-draws,44,wk inc covid hosp,2025-2026,US,1,1.0,174.0,90236.29913043478,15309.60347826087,18973.04347826087,55953.65217391304,120838.0,68.0,120.0,129.0,136.0,113970.55747324359,46363.28026908566,28044.430393947056,39562.84681021086,180612.58077822594,101.0,139.0,145.0,167.0,0.7917509673638228,0.13432946032447934,0.1664732006133698,0.4909483064259737,0.4068005044194873,0.2460673266473311,0.34713216893318144,0.39080459770114945,0.6896551724137931,0.7413793103448276,0.7816091954022989,0.5804597701149425,0.7988505747126436,0.8333333333333334,0.9597701149425287
split-draws,44,wk inc covid prop ed visits,2025-2026,all,52,0.20000000000000007,5586.0,2.674829526535427,0.6905286078823565,0.5075748712632273,1.4767260473898223,3.901829529551687,1578.0,2733.0,3283.0,3698.0,2.497840451560441,1.156219767170679,0.6581087464717353,0.683511937918007,3.786811202370366,2935.0,4515.0,4987.0,5231.0,1.1424823936040978,0.2867880531527555,0.18867099528188927,0.6670233451694416,0.5391906708735537,0.2297971920394452,0.23101213708699175,0.2699176307480806,0.4717309193433762,0.5716146470471731,0.6481253131080122,0.5674912912283157,0.8383349061549756,0.9090629478172731,0.9467491524238931
split-draws,44,wk inc covid prop ed visits,2025-2026,states_dc,51,0.0,5476.0,2.6383859779685466,0.6830156517759748,0.5035312726646071,1.451839053527944,3.849887710211045,1554.0,2689.0,3227.0,3633.0,2.4713671885012656,1.136099226909532,0.6552800338668678,0.6799879277248464,3.7540446838962405,2849.0,4405.0,4877.0,5121.0,1.0839486986203308,0.28753653915146676,0.19765306040347655,0.5987590990653782,0.4839802140157255,0.2605335703145489,0.2554862156697166,0.28285158388964615,0.4896636491792202,0.5872455815362391,0.6624293686577425,0.5139095685808489,0.7979186326937193,0.8863286847715913,0.9334364405298664
split-draws,44,wk inc covid prop ed visits,2025-2026,US,1,1.0,110.0,0.0364435485668808,0.0075129561063817,0.0040435985986202,0.0248869938618784,0.0519418193406424,24.0,44.0,56.0,65.0,0.026473263059175398,0.020120540261147,0.0028287126048675,0.0035240101931606,0.0327665184741256,86.0,110.0,110.0,110.0,1.3766171735391641,0.2837941091579104,0.15274273479554024,0.9400803295856947,0.7600324983048661,0.10685167893903028,0.13311582275609238,0.21818181818181817,0.4,0.509090909090909,0.5909090909090909,0.7818181818181819,1.0,1.0,1.0
split-draws,44,wk inc flu hosp,2023-2024,all,52,0.20000000000000007,6234.0,460827.97652173915,169335.49826086956,67106.82608695651,224385.65217391303,711603.0,2663.0,4250.0,4964.0,5415.0,393119.194762158,131720.98634605427,185716.16682836536,75682.04158773835,620754.5171976062,3024.0,4757.0,5382.0,5728.0,1.201279573822654,0.42437426195159966,0.2254512897937581,0.5514540220772961,0.3526672245819764,0.44683510505362256,0.20049767036440122,0.4359854198089494,0.7019901122842302,0.8139056477291773,0.8790740740740742,0.46780878163231115,0.7560507792860736,0.8716247695659463,0.9214982403217699
split-draws,44,wk inc flu hosp,2023-2024,states_dc,51,0.0,6114.0,258435.77913043482,94427.12695652174,47658.69565217391,116349.95652173912,393565.0,2606.0,4155.0,4857.0,5304.0,216945.88649337352,75382.4111622646,102632.95431514291,38930.521015966006,336315.5148954264,2977.0,4670.0,5273.0,5616.0,1.2143933641231814,0.4241685644574174,0.25421610289291674,0.536008696772847,0.3608863704697729,0.4406440511304033,0.19846957839982407,0.4262317747611865,0.6795709736886206,0.7944653929948051,0.8675925925925929,0.4868443103737223,0.7638134741075917,0.8624476286240995,0.9185394670688792
split-draws,44,wk inc flu hosp,2023-2024,US,1,1.0,120.0,202392.19739130436,74908.37130434782,19448.130434782608,108035.69565217392,318038.0,57.0,95.0,107.0,111.0,176173.30826878446,56338.57518378966,83083.21251322246,36751.520571772344,284439.0023021797,47.0,87.0,109.0,112.0,1.1488244126205442,0.4251970519283288,0.11039203739712343,0.6132353232950919,0.3197906410307906,0.47159932074649974,0.20861003822270968,0.475,0.7916666666666666,0.8916666666666667,0.925,0.39166666666666666,0.725,0.9083333333333333,0.9333333333333333
split-draws,44,wk inc flu hosp,2024-2025,all,52,0.20000000000000007,5616.0,767538.404347826,253469.88260869565,260654.4347826087,253414.08695652173,1216898.0,2634.0,4177.0,4788.0,5094.0,997209.4752173913,214134.4317391304,732659.1304347826,50415.91304347826,1363610.0,2943.0,4023.0,4381.0,4604.0,0.7742145060913223,0.26369380458351493,0.27885309419732707,0.23166760731048042,0.2210839685595471,0.7136002994462362,0.0653157319942169,0.46107480029048664,0.7415032679738565,0.8507262164124911,0.9088235294117648,0.5315541031227307,0.7208424110384897,0.7796659404502544,0.8137618010167031
split-draws,44,wk inc flu hosp,2024-2025,states_dc,51,0.0,5508.0,417624.84695652174,139762.4991304348,156200.47826086957,121661.86956521739,660292.0,2588.0,4098.0,4697.0,4995.0,545536.7908695652,116470.22565217389,390693.86956521735,38372.69565217391,755891.0,2882.0,3943.0,4297.0,4519.0,0.7740916222134036,0.2666804281224486,0.29075129493980917,0.2166598991511459,0.22229800226947322,0.7027232314120876,0.07497876631843926,0.4698620188816268,0.74400871459695,0.8527596223674657,0.9068627450980394,0.5232389251997096,0.7158678286129269,0.7801379811183734,0.8204429920116196
split-draws,44,wk inc flu hosp,2024-2025,US,1,1.0,108.0,349913.55739130435,113707.38347826088,104453.95652173914,131752.21739130435,556606.0,46.0,79.0,91.0,99.0,451672.6843478261,97664.20608695652,341965.26086956525,12043.217391304348,607719.0,61.0,80.0,84.0,85.0,0.774706041602997,0.25174731042778004,0.23126029122739858,0.2916984399478185,0.2162278337198422,0.7571085715828304,0.02666359469732744,0.42592592592592593,0.7314814814814815,0.8425925925925926,0.9166666666666666,0.5648148148148148,0.7407407407407407,0.7777777777777778,0.7870370370370371
split-draws,44,wk inc flu hosp,2025-2026,all,52,0.20000000000000007,5824.0,678482.7339130435,136128.51652173913,310688.39130434784,231665.8260869565,982189.0,1953.0,3235.0,3849.0,4288.0,681987.2230434783,182493.35347826086,344539.7391304348,154954.13043478262,1021199.0,3056.0,4510.0,4990.0,5252.0,0.9861092892133712,0.20032832971545317,0.47376015484784395,0.3120208046500741,0.2795215027822053,0.5126519392462101,0.2078265579715848,0.3722689075630252,0.5765056022408965,0.6806022408963586,0.7536064425770308,0.5267507002801123,0.7781162464985996,0.8568627450980393,0.8984943977591037
split-draws,44,wk inc flu hosp,2025-2026,states_dc,51,0.0,5712.0,362088.9047826087,73202.25260869565,165937.08695652176,122949.5652173913,525375.0,1893.0,3160.0,3763.0,4195.0,369731.63260869565,98349.24130434783,189960.8260869565,81421.56521739133,551635.0,2996.0,4421.0,4894.0,5153.0,0.9793234292852203,0.20002999795747567,0.4763085099663459,0.30298492136139876,0.2820338995276028,0.5170549996731875,0.2009111007992099,0.3314075630252101,0.5532212885154062,0.6587885154061623,0.7344187675070029,0.5245098039215687,0.7739845938375353,0.8567927170868351,0.9021358543417369
split-draws,44,wk inc flu hosp,2025-2026,US,1,1.0,112.0,316393.8291304348,62926.263913043476,144751.30434782608,108716.26086956522,456814.0,60.0,75.0,86.0,93.0,312255.5904347826,84144.11217391305,154578.91304347827,73532.5652173913,469564.0,60.0,89.0,96.0,99.0,1.013252728925974,0.20152165674736316,0.4635667343738356,0.3481643378047753,0.26947191580061497,0.4950396975383006,0.2354883866610844,0.5357142857142857,0.6696428571428571,0.7678571428571429,0.8303571428571429,0.5357142857142857,0.7946428571428571,0.8571428571428571,0.8839285714285714
split-draws,44,wk inc flu prop ed visits,2025-2026,all,52,0.20000000000000007,5768.0,35.121846803172375,7.303066414420209,18.44567255435859,9.373107834393558,50.125905700858794,1648.0,2998.0,3627.0,4124.0,37.45877191682501,10.32540181251476,18.66849846028443,8.464871644025802,55.69990942461097,3125.0,4505.0,4944.0,5205.0,0.9479433164419268,0.203291332425114,0.4866232299125614,0.2580287541042508,0.29592406594377124,0.4861518031545085,0.21792413090171991,0.3010854341736695,0.5409313725490198,0.6463235294117649,0.7329481792717087,0.563200280112045,0.7810574229691878,0.8550420168067228,0.8988795518207282
split-draws,44,wk inc flu prop ed visits,2025-2026,states_dc,51,0.0,5656.0,34.5596777610109,7.184801349896882,18.173577964516124,9.201298446597882,49.31200341329148,1607.0,2927.0,3546.0,4033.0,36.85597054744329,10.13762192450928,18.3753233456567,8.343025277277297,54.80314218169003,3050.0,4416.0,4848.0,5105.0,0.9517806032979019,0.20506605842248318,0.49543316325078807,0.2512813816246302,0.29202707088916097,0.4861011471818258,0.22187178192901272,0.2848389355742298,0.5176820728291318,0.6271008403361347,0.713060224089636,0.5365896358543417,0.7776610644257704,0.8545168067226894,0.9003851540616248
split-draws,44,wk inc flu prop ed visits,2025-2026,US,1,1.0,112.0,0.5621690421614692,0.1182650645233264,0.2720945898424671,0.1718093877956755,0.8139022875673136,41.0,71.0,81.0,91.0,0.6028013693817165,0.1877798880054818,0.29317511462773,0.1218463667485042,0.8967672429209468,75.0,89.0,96.0,100.0,0.9325941690180247,0.196192428435637,0.4513834965596546,0.28501824402273274,0.31151204616221184,0.4863544270452387,0.20213352679254865,0.36607142857142855,0.6339285714285714,0.7232142857142857,0.8125,0.6696428571428571,0.7946428571428571,0.8571428571428571,0.8928571428571429
split-draws,44,wk inc rsv hosp,2025-2026,all,52,0.20000000000000007,6032.0,99426.90434782609,37804.6,44244.956521739135,17377.347826086956,152237.0,2827.0,4415.0,5013.0,5353.0,174064.93092191094,53052.087440608055,105063.50795633462,15949.335524968266,270304.41698893777,2589.0,4305.0,4948.0,5364.0,0.736753113581482,0.26929402502683053,0.3291580730699201,0.1383010154847314,0.30674063025043297,0.5745971360277672,0.11866223372180024,0.4601419878296147,0.7177822853279244,0.8256592292089251,0.8827586206896553,0.4406693711967547,0.7187964841108859,0.8279918864097365,0.8953684922244762
split-draws,44,wk inc rsv hosp,2025-2026,states_dc,51,0.0,5916.0,63934.67652173914,26177.198260869565,26498.17391304348,11259.304347826086,98492.0,2778.0,4339.0,4920.0,5253.0,94740.19007535864,28170.04025877443,55907.86834298157,10662.281473602627,146919.94591427944,2532.0,4219.0,4848.0,5257.0,0.8090840211007724,0.2999725904522067,0.3555167984369057,0.1535946322116601,0.30500748188385424,0.5633274152930453,0.13166510282310062,0.46957403651115626,0.7334347532116297,0.8316430020283977,0.8879310344827587,0.4279918864097364,0.7131507775524004,0.8194726166328601,0.8886071670047331
split-draws,44,wk inc rsv hosp,2025-2026,US,1,1.0,116.0,35492.22782608696,11627.401739130435,17746.782608695652,6118.04347826087,53745.0,49.0,76.0,93.0,100.0,79324.7408465523,24882.04718183363,49155.63961335304,5287.05405136564,123384.47107465833,57.0,86.0,100.0,107.0,0.4474294835043203,0.14657976332532574,0.22372317160197797,0.0771265485770166,0.31367322371674766,0.6196760189666538,0.06665075731659867,0.4224137931034483,0.6551724137931034,0.8017241379310345,0.8620689655172413,0.49137931034482757,0.7413793103448276,0.8620689655172413,0.9224137931034483
split-draws,44,wk inc rsv prop ed visits,2025-2026,all,51,0.2,5586.0,3.1208929688097307,1.0854176350046254,1.3448956208656242,0.6905797129394622,4.750081368249349,2562.0,4149.0,4704.0,4988.0,4.530466181091006,1.2624880197885668,3.0078391482014353,0.2601390131009845,6.751646223879154,2706.0,4144.0,4680.0,5001.0,0.7572408403136637,0.2520038878477192,0.30100475907266105,0.20423219339327803,0.3535959682986677,0.586054512720714,0.06034951898061302,0.40904077764075336,0.6980617155219893,0.7936950483998473,0.8434963645743861,0.5147666229916434,0.7725612543865138,0.86154240300846,0.9086279020936869
split-draws,44,wk inc rsv prop ed visits,2025-2026,states_dc,50,0.0,5475.0,3.0783427486695545,1.077331709304403,1.3265719537126057,0.6744390856525269,4.689275217083396,2540.0,4092.0,4638.0,4917.0,4.481922043258964,1.2402717937371133,2.9831665637207228,0.25848368580110964,6.672332609887618,2633.0,4042.0,4572.0,4893.0,0.7274194413016226,0.2733627271993272,0.2818899348824734,0.1721667792198168,0.32758245330440744,0.6055055048001255,0.06691204189546196,0.4617514225013922,0.7441987660241081,0.8434701618511605,0.8944605458080729,0.47904386432514,0.7359718382534124,0.8336847605173314,0.8925416343738655
split-draws,44,wk inc rsv prop ed visits,2025-2026,US,1,1.0,111.0,0.0425502201401764,0.0080859257002224,0.0183236671530184,0.0161406272869353,0.0608061511659527,22.0,57.0,66.0,71.0,0.0485441378320411,0.0222162260514535,0.024672584480712398,0.0016553272998748388,0.0793136139915364,73.0,102.0,108.0,108.0,0.8765264363618285,0.16656853044128764,0.3774640558334118,0.3324938500871228,0.4576500282757085,0.5082505444030668,0.03409942732121726,0.1981981981981982,0.5135135135135135,0.5945945945945946,0.6396396396396397,0.6576576576576577,0.918918918918919,0.972972972972973,0.972972972972973
