config_id,seed,target,season,geography,locations,us_weight_used,n,model_wis,model_dispersion,model_underprediction,model_overprediction,model_ae_median,model_covered_50,model_covered_80,model_covered_90,model_covered_95,ensemble_wis,ensemble_dispersion,ensemble_underprediction,ensemble_overprediction,ensemble_ae_median,ensemble_covered_50,ensemble_covered_80,ensemble_covered_90,ensemble_covered_95,wis_ratio,model_dispersion_ratio,model_underprediction_ratio,model_overprediction_ratio,ensemble_dispersion_ratio,ensemble_underprediction_ratio,ensemble_overprediction_ratio,model_coverage_50,model_coverage_80,model_coverage_90,model_coverage_95,ensemble_coverage_50,ensemble_coverage_80,ensemble_coverage_90,ensemble_coverage_95
b0-pathogen300,42,wk inc covid hosp,2024-2025,all,52,0.20000000000000007,6968.0,188796.2491304348,60088.857826086954,105992.91304347826,22714.478260869568,289638.0,3317.0,5162.0,5828.0,6188.0,294095.7264372725,135467.5071866996,122015.56154699085,36612.65770358205,459783.4153206482,3786.0,5746.0,6312.0,6600.0,0.7175505822866659,0.23237835959589068,0.3797941681928375,0.1053780544979377,0.43807851857461183,0.40762840559217417,0.15429307583321422,0.44881474978050934,0.7198127011998832,0.8252853380158035,0.8825577992390989,0.5601112086625697,0.845946736903717,0.9204565408252856,0.9555458004097164
b0-pathogen300,42,wk inc covid hosp,2024-2025,states_dc,51,0.0,6834.0,122760.53434782609,41089.83869565217,66022.86956521739,15647.826086956522,186670.0,3273.0,5078.0,5724.0,6073.0,177711.5257127561,72412.19438985428,79788.8120383263,25510.51928457551,270242.3766800353,3701.0,5620.0,6180.0,6467.0,0.7550896900595538,0.24966195665356303,0.3888847432029119,0.11654299020307904,0.4121516864040482,0.4188300047704274,0.16901830882552457,0.4789288849868306,0.743049458589406,0.8375768217734856,0.8886450102429033,0.5415569212759732,0.8223587942639744,0.9043020193151889,0.9462979221539363
b0-pathogen300,42,wk inc covid hosp,2024-2025,US,1,1.0,134.0,66035.7147826087,18999.019130434783,39970.043478260865,7066.652173913044,102968.0,44.0,84.0,104.0,115.0,116384.20072451643,63055.312796845334,42226.74950866455,11102.138419006547,189541.03864061285,85.0,126.0,132.0,133.0,0.5673941511951134,0.16324397136520116,0.3434318681525399,0.060718311677372266,0.5417858472568664,0.36282200887916094,0.0953921438639727,0.3283582089552239,0.6268656716417911,0.7761194029850746,0.8582089552238806,0.6343283582089553,0.9402985074626866,0.9850746268656716,0.9925373134328358
b0-pathogen300,42,wk inc covid hosp,2025-2026,all,52,0.20000000000000007,9048.0,219893.20956521737,66312.47043478262,27166.217391304348,126414.52173913043,319965.0,3904.0,6250.0,7167.0,7751.0,251503.70978939498,102039.96804152087,70756.4623304223,78707.27941745178,396424.6389596296,4576.0,7150.0,7993.0,8484.0,0.9376178650520564,0.29353765309052454,0.16225842781514674,0.4818217841463851,0.40395831795921766,0.3059835764748293,0.2900581055659533,0.43669145819247246,0.7022086995717829,0.7986477349560516,0.8544737435203968,0.5195176921343252,0.7918187964841111,0.8741717376605818,0.9417399143565476
b0-pathogen300,42,wk inc covid hosp,2025-2026,states_dc,51,0.0,8874.0,123926.12086956522,43311.68608695653,21874.17391304348,58740.260869565216,189640.0,3824.0,6119.0,7023.0,7604.0,137533.1523161514,55676.68777243521,42712.03193647525,39144.43260724092,215812.05818140364,4475.0,7011.0,7848.0,8317.0,0.9615138218735377,0.31646871933704784,0.19121467819951143,0.4538304243369784,0.40324777134415013,0.32096263893170385,0.27578958972414624,0.43092179400495834,0.6895424836601308,0.7914131169709264,0.8568852828487719,0.5042821726391706,0.7900608519269778,0.8843813387423937,0.937232364210052
b0-pathogen300,42,wk inc covid hosp,2025-2026,US,1,1.0,174.0,95967.08869565217,23000.784347826087,5292.043478260869,67674.26086956522,130325.0,80.0,131.0,144.0,147.0,113970.55747324359,46363.28026908566,28044.430393947056,39562.84681021086,180612.58077822594,101.0,139.0,145.0,167.0,0.8420340377661307,0.20181338810443117,0.04643342627768808,0.5937872233840115,0.4068005044194873,0.2460673266473311,0.34713216893318144,0.45977011494252873,0.7528735632183908,0.8275862068965517,0.8448275862068966,0.5804597701149425,0.7988505747126436,0.8333333333333334,0.9597701149425287
b0-pathogen300,42,wk inc covid prop ed visits,2025-2026,all,52,0.20000000000000007,5586.0,2.775189169632919,0.7347592667184779,0.3916924029827826,1.6487374999316378,4.103401445534045,1373.0,2471.0,3041.0,3468.0,2.497840451560441,1.156219767170679,0.6581087464717353,0.683511937918007,3.786811202370366,2935.0,4515.0,4987.0,5231.0,1.194371772996283,0.30898917558160544,0.12730480831805405,0.7580777890966143,0.5391906708735537,0.22979719203944518,0.23101213708699175,0.22913121992706773,0.43020097165425897,0.5307548378828657,0.6073892325795442,0.5674912912283157,0.8383349061549756,0.9090629478172733,0.9467491524238932
b0-pathogen300,42,wk inc covid prop ed visits,2025-2026,states_dc,51,0.0,5476.0,2.738508655478107,0.726188518506595,0.3903477298134149,1.6219724071580766,4.049197859326156,1356.0,2429.0,2989.0,3408.0,2.4713671885012656,1.136099226909532,0.6552800338668678,0.6799879277248464,3.7540446838962405,2849.0,4405.0,4877.0,5121.0,1.1465726406555363,0.3052986928160338,0.1464326025137159,0.6948413453257776,0.48398021401572555,0.26053357031454893,0.2554862156697165,0.247777661272471,0.44229666911327814,0.5452617291717639,0.6228729043607938,0.5139095685808489,0.7979186326937193,0.8863286847715915,0.9334364405298663
b0-pathogen300,42,wk inc covid prop ed visits,2025-2026,US,1,1.0,110.0,0.036680514154812,0.0085707482118829,0.0013446731693676458,0.026765092773561202,0.0542035862078888,17.0,42.0,52.0,60.0,0.026473263059175398,0.020120540261147,0.0028287126048675,0.0035240101931606,0.0327665184741256,86.0,110.0,110.0,110.0,1.3855683023592689,0.32375110664389195,0.050793631535406586,1.0110235641799608,0.7600324983048661,0.10685167893903028,0.13311582275609238,0.15454545454545454,0.38181818181818183,0.4727272727272727,0.5454545454545454,0.7818181818181819,1.0,1.0,1.0
b0-pathogen300,42,wk inc flu hosp,2023-2024,all,52,0.20000000000000007,6234.0,369010.67347826087,129350.84739130434,128029.30434782608,111630.52173913043,573586.0,2289.0,3786.0,4494.0,4977.0,393119.194762158,131720.98634605427,185716.16682836536,75682.04158773835,620754.5171976062,3024.0,4757.0,5382.0,5728.0,0.9953402637977586,0.3109048429394586,0.3882694347764951,0.29616598608180494,0.3526672245819764,0.4468351050536226,0.20049767036440125,0.39628540305010906,0.6352027819674879,0.7539366515837107,0.8232813809284398,0.4678087816323111,0.7560507792860736,0.8716247695659463,0.92149824032177
b0-pathogen300,42,wk inc flu hosp,2023-2024,states_dc,51,0.0,6114.0,224258.25260869565,69545.0352173913,87884.52173913043,66828.69565217392,343530.0,2226.0,3695.0,4386.0,4865.0,216945.88649337352,75382.4111622646,102632.95431514291,38930.521015966006,336315.5148954264,2977.0,4670.0,5273.0,5616.0,1.0387633659656033,0.3037631858321238,0.4283690510197484,0.30663112911373114,0.36088637046977284,0.44064405113040317,0.1984695783998241,0.36410675381263624,0.6044201441260266,0.7174208144796381,0.7957683928272165,0.4868443103737222,0.7638134741075919,0.8624476286240994,0.918539467068879
b0-pathogen300,42,wk inc flu hosp,2023-2024,US,1,1.0,120.0,144752.42086956522,59805.812173913044,40144.782608695656,44801.82608695652,230056.0,63.0,91.0,108.0,112.0,176173.30826878446,56338.57518378966,83083.21251322246,36751.520571772344,284439.0023021797,47.0,87.0,109.0,112.0,0.8216478551263796,0.33947147136879774,0.2278709698034817,0.2543054139541001,0.3197906410307906,0.47159932074649974,0.20861003822270968,0.525,0.7583333333333333,0.9,0.9333333333333333,0.39166666666666666,0.725,0.9083333333333333,0.9333333333333333
b0-pathogen300,42,wk inc flu hosp,2024-2025,all,52,0.20000000000000007,5616.0,821956.8104347826,328912.94086956524,176219.08695652176,316824.7826086957,1293615.0,2239.0,3801.0,4465.0,4896.0,997209.4752173913,214134.4317391304,732659.1304347826,50415.91304347826,1363610.0,2943.0,4023.0,4381.0,4604.0,0.8705987127622501,0.3206897745575733,0.20596759257719258,0.34394134562748424,0.22108396855954704,0.7136002994462363,0.0653157319942169,0.41564996368917945,0.6954248366013074,0.8140522875816995,0.8937182280319537,0.5315541031227307,0.7208424110384897,0.7796659404502544,0.8137618010167031
b0-pathogen300,42,wk inc flu hosp,2024-2025,states_dc,51,0.0,5508.0,457947.4252173913,168675.03391304347,115441.56521739131,173830.8260869565,711521.0,2186.0,3717.0,4368.0,4789.0,545536.7908695652,116470.22565217389,390693.86956521735,38372.69565217391,755891.0,2882.0,3943.0,4297.0,4519.0,0.886769865777559,0.3121708314309667,0.2238192442303355,0.3507797901162568,0.22229800226947322,0.7027232314120877,0.07497876631843926,0.3968772694262891,0.6748366013071897,0.7930283224400874,0.8694625998547568,0.5232389251997096,0.7158678286129267,0.7801379811183734,0.8204429920116196
b0-pathogen300,42,wk inc flu hosp,2024-2025,US,1,1.0,108.0,364009.3852173913,160237.90695652174,60777.52173913044,142993.95652173914,582094.0,53.0,84.0,97.0,107.0,451672.6843478261,97664.20608695652,341965.26086956525,12043.217391304348,607719.0,61.0,80.0,84.0,85.0,0.8059141007010141,0.3547655470639996,0.13456098596462082,0.3165875676723937,0.2162278337198422,0.7571085715828304,0.02666359469732744,0.49074074074074076,0.7777777777777778,0.8981481481481481,0.9907407407407407,0.5648148148148148,0.7407407407407407,0.7777777777777778,0.7870370370370371
b0-pathogen300,42,wk inc flu hosp,2025-2026,all,52,0.20000000000000007,5824.0,599394.3595652174,128767.18565217391,285467.6086956522,185159.5652173913,893075.0,2002.0,3419.0,4061.0,4575.0,681987.2230434783,182493.35347826086,344539.7391304348,154954.13043478262,1021199.0,3056.0,4510.0,4990.0,5252.0,0.8777303254256373,0.20330112650358445,0.4380930838443114,0.23633611507774155,0.2795215027822053,0.5126519392462101,0.20782655797158484,0.3577380952380953,0.5891106442577032,0.7070028011204484,0.790511204481793,0.5267507002801122,0.7781162464985996,0.8568627450980395,0.8984943977591038
b0-pathogen300,42,wk inc flu hosp,2025-2026,states_dc,51,0.0,5712.0,328050.4643478261,75027.94260869564,159393.95652173914,93628.56521739131,487770.0,1955.0,3352.0,3977.0,4484.0,369731.63260869565,98349.24130434783,189960.8260869565,81421.56521739133,551635.0,2996.0,4421.0,4894.0,5153.0,0.8799178809687587,0.21110136335073687,0.44667848849019454,0.22213802912782726,0.2820338995276028,0.5170549996731875,0.2009111007992099,0.3422619047619048,0.5868347338935576,0.6962535014005603,0.785014005602241,0.5245098039215688,0.7739845938375352,0.8567927170868349,0.9021358543417369
b0-pathogen300,42,wk inc flu hosp,2025-2026,US,1,1.0,112.0,271343.8952173913,53739.243043478265,126073.65217391305,91531.0,405305.0,47.0,67.0,84.0,91.0,312255.5904347826,84144.11217391305,154578.91304347827,73532.5652173913,469564.0,60.0,89.0,96.0,99.0,0.8689801032531519,0.1721001791149747,0.40375146526077865,0.29312845887739863,0.26947191580061497,0.4950396975383006,0.2354883866610844,0.41964285714285715,0.5982142857142857,0.75,0.8125,0.5357142857142857,0.7946428571428571,0.8571428571428571,0.8839285714285714
b0-pathogen300,42,wk inc flu prop ed visits,2025-2026,all,52,0.20000000000000007,5768.0,32.46711976628427,8.000201850904208,14.688395031971288,9.778522883408751,48.861344131404486,1768.0,3221.0,3917.0,4419.0,37.45877191682501,10.32540181251476,18.66849846028443,8.464871644025802,55.69990942461097,3125.0,4505.0,4944.0,5205.0,0.8585663574203771,0.21807808731036094,0.3734473924665407,0.267040877643475,0.29592406594377124,0.48615180315450846,0.21792413090171991,0.2894957983193278,0.5630952380952382,0.677871148459384,0.7732843137254904,0.5632002801120448,0.781057422969188,0.855042016806723,0.8988795518207284
b0-pathogen300,42,wk inc flu prop ed visits,2025-2026,states_dc,51,0.0,5656.0,31.984178300592777,7.891470382219247,14.503506588401043,9.589201329972465,48.11242174887568,1744.0,3155.0,3841.0,4328.0,36.85597054744329,10.13762192450928,18.3753233456567,8.343025277277297,54.80314218169003,3050.0,4416.0,4848.0,5105.0,0.8729174820296646,0.22750337320560543,0.3901303986953908,0.25528371012866785,0.292027070889161,0.48610114718182584,0.2218717819290127,0.30829831932773116,0.5565476190476192,0.6776960784313726,0.7634803921568629,0.5365896358543418,0.7776610644257704,0.8545168067226891,0.9003851540616248
b0-pathogen300,42,wk inc flu prop ed visits,2025-2026,US,1,1.0,112.0,0.4829414656914908,0.1087314686849607,0.1848884435702437,0.18932155343628598,0.7489223825288004,24.0,66.0,76.0,91.0,0.6028013693817165,0.1877798880054818,0.29317511462773,0.1218463667485042,0.8967672429209468,75.0,89.0,96.0,100.0,0.8011618589832269,0.18037694372938268,0.30671536755114004,0.3140695477027035,0.31151204616221184,0.4863544270452387,0.20213352679254865,0.21428571428571427,0.5892857142857143,0.6785714285714286,0.8125,0.6696428571428571,0.7946428571428571,0.8571428571428571,0.8928571428571429
b0-pathogen300,42,wk inc rsv hosp,2025-2026,all,52,0.20000000000000007,6032.0,101440.65695652174,40485.178695652176,45086.34782608696,15869.130434782608,156920.0,2861.0,4433.0,4989.0,5281.0,174064.93092191094,53052.087440608055,105063.50795633462,15949.335524968266,270304.41698893777,2589.0,4305.0,4948.0,5364.0,0.74992379591396,0.28443768584093904,0.3456272756948182,0.1198588343782028,0.30674063025043297,0.5745971360277671,0.11866223372180022,0.4536173089925626,0.732927653820149,0.8240027045300881,0.8730223123732254,0.44066937119675464,0.7187964841108859,0.8279918864097365,0.8953684922244761
b0-pathogen300,42,wk inc rsv hosp,2025-2026,states_dc,51,0.0,5916.0,66911.05956521738,27919.494347826087,29514.260869565216,9477.304347826086,102702.0,2819.0,4349.0,4895.0,5181.0,94740.19007535864,28170.04025877443,55907.86834298157,10662.281473602627,146919.94591427944,2532.0,4219.0,4848.0,5257.0,0.8285812018754635,0.315945073264487,0.38295707655853073,0.12967905205244584,0.30500748188385424,0.5633274152930453,0.1316651028231006,0.47650439486139284,0.7351250845165653,0.8274171737660583,0.8757606490872212,0.4279918864097364,0.7131507775524004,0.8194726166328602,0.8886071670047331
b0-pathogen300,42,wk inc rsv hosp,2025-2026,US,1,1.0,116.0,34529.59739130435,12565.684347826087,15572.08695652174,6391.826086956522,54218.0,42.0,84.0,94.0,100.0,79324.7408465523,24882.04718183363,49155.63961335304,5287.05405136564,123384.47107465833,57.0,86.0,100.0,107.0,0.43529417206794585,0.1584081361467471,0.19630807223996813,0.08057796368123062,0.31367322371674766,0.6196760189666538,0.06665075731659867,0.3620689655172414,0.7241379310344828,0.8103448275862069,0.8620689655172413,0.49137931034482757,0.7413793103448276,0.8620689655172413,0.9224137931034483
b0-pathogen300,42,wk inc rsv prop ed visits,2025-2026,all,51,0.2,5586.0,2.979480387047348,1.1589109753699522,1.2046242325119956,0.61594517916538,4.520260377552234,2825.0,4370.0,4813.0,5068.0,4.530466181091006,1.2624880197885668,3.0078391482014353,0.2601390131009845,6.751646223879154,2706.0,4144.0,4680.0,5001.0,0.6765797484834739,0.26569111333037926,0.26209344205809787,0.14879519309499079,0.3535959682986677,0.5860545127207138,0.060349518980613026,0.4957388985280076,0.7565707789882679,0.8380380313376083,0.8854137644164933,0.5147666229916434,0.7725612543865138,0.8615424030084597,0.9086279020936869
b0-pathogen300,42,wk inc rsv prop ed visits,2025-2026,states_dc,50,0.0,5475.0,2.9503403109855735,1.1506623510914151,1.1915392657689285,0.6081386941252103,4.476701557574808,2774.0,4297.0,4730.0,4979.0,4.481922043258964,1.2402717937371133,2.9831665637207228,0.25848368580110964,6.672332609887618,2633.0,4042.0,4572.0,4893.0,0.6956546804340129,0.2896338691158815,0.26022984645682906,0.14579096486129683,0.3275824533044075,0.6055055048001257,0.06691204189546196,0.5048087582951446,0.7812990593209204,0.8606106022350735,0.9063167550701663,0.4790438643251399,0.7359718382534125,0.8336847605173316,0.8925416343738655
b0-pathogen300,42,wk inc rsv prop ed visits,2025-2026,US,1,1.0,111.0,0.0291400760617744,0.008248624278537101,0.013084966743067099,0.0078064850401698,0.0435588199774266,51.0,73.0,83.0,89.0,0.0485441378320411,0.0222162260514535,0.024672584480712398,0.0016553272998748388,0.0793136139915364,73.0,102.0,108.0,108.0,0.6002800206813184,0.1699200901883703,0.2695478244631732,0.16081210602976667,0.4576500282757085,0.5082505444030668,0.03409942732121726,0.4594594594594595,0.6576576576576577,0.7477477477477478,0.8018018018018018,0.6576576576576577,0.918918918918919,0.972972972972973,0.972972972972973
b0-pathogen300,43,wk inc covid hosp,2024-2025,all,52,0.20000000000000007,6968.0,179991.28000000003,60191.32347826086,87108.52173913043,32691.434782608696,269935.0,3636.0,5368.0,5967.0,6318.0,294095.7264372725,135467.5071866996,122015.56154699085,36612.65770358205,459783.4153206482,3786.0,5746.0,6312.0,6600.0,0.6973010290151326,0.24162974130903947,0.3251873945309658,0.13048389317512726,0.43807851857461183,0.40762840559217417,0.15429307583321422,0.4916593503072872,0.7398009950248758,0.8333040678958152,0.8908984489318118,0.5601112086625697,0.845946736903717,0.9204565408252856,0.9555458004097164
b0-pathogen300,43,wk inc covid hosp,2024-2025,states_dc,51,0.0,6834.0,116778.2843478261,43559.284347826084,54147.39130434783,19071.608695652176,176021.0,3588.0,5287.0,5869.0,6208.0,177711.5257127561,72412.19438985428,79788.8120383263,25510.51928457551,270242.3766800353,3701.0,5620.0,6180.0,6467.0,0.7358411125540566,0.2663105938465031,0.3356818270505394,0.13384869165701402,0.4121516864040482,0.4188300047704274,0.16901830882552457,0.5250219490781388,0.7736318407960201,0.8587942639742465,0.9083991805677496,0.5415569212759732,0.8223587942639744,0.9043020193151889,0.9462979221539363
b0-pathogen300,43,wk inc covid hosp,2024-2025,US,1,1.0,134.0,63212.995652173915,16632.039130434783,32961.13043478261,13619.826086956522,93914.0,48.0,81.0,98.0,110.0,116384.20072451643,63055.312796845334,42226.74950866455,11102.138419006547,189541.03864061285,85.0,126.0,132.0,133.0,0.543140694859436,0.14290633115918483,0.28320966445267104,0.11702469924758004,0.5417858472568664,0.36282200887916094,0.0953921438639727,0.3582089552238806,0.6044776119402985,0.7313432835820896,0.8208955223880597,0.6343283582089553,0.9402985074626866,0.9850746268656716,0.9925373134328358
b0-pathogen300,43,wk inc covid hosp,2025-2026,all,52,0.20000000000000007,9048.0,226174.9552173913,53542.47695652174,49588.043478260865,123044.43478260869,315157.0,4079.0,6278.0,7095.0,7602.0,251503.70978939498,102039.96804152087,70756.4623304223,78707.27941745178,396424.6389596296,4576.0,7150.0,7993.0,8484.0,0.9423707958774667,0.25740428392038983,0.2340323330200016,0.45093417893707544,0.40395831795921766,0.3059835764748293,0.2900581055659533,0.44187514086094215,0.6771917962587335,0.7709713770565698,0.8272706783862973,0.5195176921343252,0.7918187964841111,0.8741717376605818,0.9417399143565476
b0-pathogen300,43,wk inc covid hosp,2025-2026,states_dc,51,0.0,8874.0,125700.49086956521,38396.6647826087,31514.913043478256,55788.91304347826,185308.0,4009.0,6173.0,6971.0,7468.0,137533.1523161514,55676.68777243521,42712.03193647525,39144.43260724092,215812.05818140364,4475.0,7011.0,7848.0,8317.0,0.9575678361447733,0.28853227406781523,0.2528961194595162,0.41613944261744185,0.40324777134415013,0.32096263893170385,0.27578958972414624,0.45176921343249954,0.6956276763578997,0.7855533017804825,0.8415596123506875,0.5042821726391706,0.7900608519269778,0.8843813387423937,0.937232364210052
b0-pathogen300,43,wk inc covid hosp,2025-2026,US,1,1.0,174.0,100474.46434782608,15145.812173913044,18073.130434782608,67255.52173913043,129849.0,70.0,105.0,124.0,134.0,113970.55747324359,46363.28026908566,28044.430393947056,39562.84681021086,180612.58077822594,101.0,139.0,145.0,167.0,0.8815826348082404,0.13289232333068798,0.1585771872619432,0.5901131242156092,0.4068005044194873,0.2460673266473311,0.34713216893318144,0.40229885057471265,0.603448275862069,0.7126436781609196,0.7701149425287356,0.5804597701149425,0.7988505747126436,0.8333333333333334,0.9597701149425287
b0-pathogen300,43,wk inc covid prop ed visits,2025-2026,all,52,0.20000000000000007,5586.0,2.5383791731992873,0.6644388507754502,0.5808774579121193,1.2930628645116982,3.7470157474627723,1602.0,2770.0,3341.0,3735.0,2.497840451560441,1.156219767170679,0.6581087464717353,0.683511937918007,3.786811202370366,2935.0,4515.0,4987.0,5231.0,1.1386806318956126,0.2729652594810421,0.22937248080492917,0.6363428916096304,0.5391906708735537,0.22979719203944518,0.23101213708699175,0.25444409492852404,0.4585758391294724,0.5612780632157796,0.6421371733482462,0.5674912912283157,0.8383349061549756,0.9090629478172733,0.9467491524238932
b0-pathogen300,43,wk inc covid prop ed visits,2025-2026,states_dc,51,0.0,5476.0,2.496648499226275,0.6577680374888997,0.5744102885982133,1.2644701731391428,3.687689547396452,1589.0,2737.0,3296.0,3677.0,2.4713671885012656,1.136099226909532,0.6552800338668678,0.6799879277248464,3.7540446838962405,2849.0,4405.0,4877.0,5121.0,1.0292675795779445,0.2782108145195876,0.2256429510323935,0.5254138140259546,0.48398021401572555,0.26053357031454893,0.2554862156697165,0.28850966411520046,0.49821979891184043,0.5993248517469971,0.6708532848671258,0.5139095685808489,0.7979186326937193,0.8863286847715915,0.9334364405298663
b0-pathogen300,43,wk inc covid prop ed visits,2025-2026,US,1,1.0,110.0,0.0417306739730124,0.0066708132865505,0.006467169313906,0.0285926913725554,0.0593262000663204,13.0,33.0,45.0,58.0,0.026473263059175398,0.020120540261147,0.0028287126048675,0.0035240101931606,0.0327665184741256,86.0,110.0,110.0,110.0,1.5763328411662847,0.25198303932685984,0.24429059989507174,1.080059201944334,0.7600324983048661,0.10685167893903028,0.13311582275609238,0.11818181818181818,0.3,0.4090909090909091,0.5272727272727272,0.7818181818181819,1.0,1.0,1.0
b0-pathogen300,43,wk inc flu hosp,2023-2024,all,52,0.20000000000000007,6234.0,457166.25565217395,113346.56000000001,87257.17391304347,256562.52173913043,648427.0,2572.0,4053.0,4640.0,5086.0,393119.194762158,131720.98634605427,185716.16682836536,75682.04158773835,620754.5171976062,3024.0,4757.0,5382.0,5728.0,1.1523777603577194,0.30416144749106167,0.27800565904220265,0.5702106538244551,0.3526672245819764,0.4468351050536226,0.20049767036440125,0.41955253896430383,0.6532193732193734,0.746900452488688,0.8129679906150497,0.4678087816323111,0.7560507792860736,0.8716247695659463,0.92149824032177
b0-pathogen300,43,wk inc flu hosp,2023-2024,states_dc,51,0.0,6114.0,245606.08782608696,70009.69652173914,56552.521739130425,119043.86956521742,358127.0,2518.0,3973.0,4549.0,4990.0,216945.88649337352,75382.4111622646,102632.95431514291,38930.521015966006,336315.5148954264,2977.0,4670.0,5273.0,5616.0,1.140256222917634,0.31870432160004136,0.30393541633142473,0.5176164849861679,0.36088637046977284,0.44064405113040317,0.1984695783998241,0.4119406737053796,0.6498575498575498,0.7440422322775265,0.8162099882688119,0.4868443103737222,0.7638134741075919,0.8624476286240994,0.918539467068879
b0-pathogen300,43,wk inc flu hosp,2023-2024,US,1,1.0,120.0,211560.16782608698,43336.86347826087,30704.652173913044,137518.65217391303,290300.0,54.0,80.0,91.0,96.0,176173.30826878446,56338.57518378966,83083.21251322246,36751.520571772344,284439.0023021797,47.0,87.0,109.0,112.0,1.2008639101180607,0.2459899510551428,0.17428662988531446,0.7805873291776032,0.3197906410307906,0.47159932074649974,0.20861003822270968,0.45,0.6666666666666666,0.7583333333333333,0.8,0.39166666666666666,0.725,0.9083333333333333,0.9333333333333333
b0-pathogen300,43,wk inc flu hosp,2024-2025,all,52,0.20000000000000007,5616.0,757527.7339130435,287365.82086956524,390267.0,79894.91304347826,1138924.0,2550.0,4141.0,4650.0,4959.0,997209.4752173913,214134.4317391304,732659.1304347826,50415.91304347826,1363610.0,2943.0,4023.0,4381.0,4604.0,0.7896516616422675,0.27533436346871193,0.41702198049110895,0.0972953176824467,0.22108396855954704,0.7136002994462363,0.0653157319942169,0.4574074074074075,0.7584604212055194,0.8477487291212784,0.8960421205519246,0.5315541031227307,0.7208424110384897,0.7796659404502544,0.8137618010167031
b0-pathogen300,43,wk inc flu hosp,2024-2025,states_dc,51,0.0,5508.0,427387.31000000006,145513.7447826087,234659.56521739127,47213.99999999999,639960.0,2499.0,4049.0,4549.0,4856.0,545536.7908695652,116470.22565217389,390693.86956521735,38372.69565217391,755891.0,2882.0,3943.0,4297.0,4519.0,0.8043324596624858,0.26565309113811986,0.43514904667906384,0.10353032184530203,0.22229800226947322,0.7027232314120877,0.07497876631843926,0.4537037037037038,0.7351125635439362,0.8258896151053015,0.8816267247639799,0.5232389251997096,0.7158678286129267,0.7801379811183734,0.8204429920116196
b0-pathogen300,43,wk inc flu hosp,2024-2025,US,1,1.0,108.0,330140.42391304346,141852.0760869565,155607.4347826087,32680.91304347826,498964.0,51.0,92.0,101.0,103.0,451672.6843478261,97664.20608695652,341965.26086956525,12043.217391304348,607719.0,61.0,80.0,84.0,85.0,0.7309284695613947,0.3140594527910801,0.3445137157392893,0.07235530103102537,0.2162278337198422,0.7571085715828304,0.02666359469732744,0.4722222222222222,0.8518518518518519,0.9351851851851852,0.9537037037037037,0.5648148148148148,0.7407407407407407,0.7777777777777778,0.7870370370370371
b0-pathogen300,43,wk inc flu hosp,2025-2026,all,52,0.20000000000000007,5824.0,572419.4,163238.4,251544.86956521738,157636.1304347826,866491.0,2286.0,3720.0,4317.0,4716.0,681987.2230434783,182493.35347826086,344539.7391304348,154954.13043478262,1021199.0,3056.0,4510.0,4990.0,5252.0,0.8474039876196362,0.23965432559680563,0.4056582336066523,0.20209142841617816,0.2795215027822053,0.5126519392462101,0.20782655797158484,0.41397058823529426,0.6592436974789917,0.7642507002801124,0.82671568627451,0.5267507002801122,0.7781162464985996,0.8568627450980395,0.8984943977591038
b0-pathogen300,43,wk inc flu hosp,2025-2026,states_dc,51,0.0,5712.0,307027.4726086957,88391.47260869565,139685.3913043478,78950.60869565218,461192.0,2229.0,3636.0,4220.0,4615.0,369731.63260869565,98349.24130434783,189960.8260869565,81421.56521739133,551635.0,2996.0,4421.0,4894.0,5153.0,0.8467752599647907,0.239643497566629,0.4175151654297831,0.18961659696837865,0.2820338995276028,0.5170549996731875,0.2009111007992099,0.39023109243697485,0.6365546218487396,0.7387955182072831,0.8079481792717088,0.5245098039215688,0.7739845938375352,0.8567927170868349,0.9021358543417369
b0-pathogen300,43,wk inc flu hosp,2025-2026,US,1,1.0,112.0,265391.92739130434,74846.92739130434,111859.47826086957,78685.52173913043,405299.0,57.0,84.0,97.0,101.0,312255.5904347826,84144.11217391305,154578.91304347827,73532.5652173913,469564.0,60.0,89.0,96.0,99.0,0.8499188982390176,0.23969763771751204,0.3582305063141293,0.2519907542073762,0.26947191580061497,0.4950396975383006,0.2354883866610844,0.5089285714285714,0.75,0.8660714285714286,0.9017857142857143,0.5357142857142857,0.7946428571428571,0.8571428571428571,0.8839285714285714
b0-pathogen300,43,wk inc flu prop ed visits,2025-2026,all,52,0.20000000000000007,5768.0,32.48396684617652,7.798360527200978,18.818741995276238,5.866864323699276,46.969535184843856,1935.0,3401.0,4043.0,4461.0,37.45877191682501,10.32540181251476,18.66849846028443,8.464871644025802,55.69990942461097,3125.0,4505.0,4944.0,5205.0,0.8734435959370523,0.21908512565042584,0.4964035597228219,0.15795491056380379,0.29592406594377124,0.48615180315450846,0.21792413090171991,0.3505952380952382,0.6106792717086836,0.7259803921568629,0.796463585434174,0.5632002801120448,0.781057422969188,0.855042016806723,0.8988795518207284
b0-pathogen300,43,wk inc flu prop ed visits,2025-2026,states_dc,51,0.0,5656.0,31.973384517134733,7.670032543323181,18.542200945694205,5.761151028117319,46.21334310925903,1888.0,3322.0,3949.0,4360.0,36.85597054744329,10.13762192450928,18.3753233456567,8.343025277277297,54.80314218169003,3050.0,4416.0,4848.0,5105.0,0.8800505262941858,0.22063490227057458,0.5058144938785112,0.15360113014509932,0.292027070889161,0.48610114718182584,0.2218717819290127,0.33333333333333337,0.5870098039215688,0.69765406162465,0.7701330532212887,0.5365896358543418,0.7776610644257704,0.8545168067226891,0.9003851540616248
b0-pathogen300,43,wk inc flu prop ed visits,2025-2026,US,1,1.0,112.0,0.5105823290417867,0.12832798387779631,0.2765410495820332,0.1057132955819569,0.7561920755848287,47.0,79.0,94.0,101.0,0.6028013693817165,0.1877798880054818,0.29317511462773,0.1218463667485042,0.8967672429209468,75.0,89.0,96.0,100.0,0.8470158745085179,0.21288601916983074,0.458759823100065,0.17537003223862166,0.31151204616221184,0.4863544270452387,0.20213352679254865,0.41964285714285715,0.7053571428571429,0.8392857142857143,0.9017857142857143,0.6696428571428571,0.7946428571428571,0.8571428571428571,0.8928571428571429
b0-pathogen300,43,wk inc rsv hosp,2025-2026,all,52,0.20000000000000007,6032.0,117580.35999999999,46111.620869565224,47950.69565217391,23518.04347826087,183625.0,2993.0,4646.0,5162.0,5462.0,174064.93092191094,53052.087440608055,105063.50795633462,15949.335524968266,270304.41698893777,2589.0,4305.0,4948.0,5364.0,0.8106982461266563,0.3278624766363269,0.3313356590710851,0.15150011041924427,0.30674063025043297,0.5745971360277671,0.11866223372180022,0.45240027045300885,0.7378972278566601,0.8299188640973633,0.8831981068289386,0.44066937119675464,0.7187964841108859,0.8279918864097365,0.8953684922244761
b0-pathogen300,43,wk inc rsv hosp,2025-2026,states_dc,51,0.0,5916.0,71378.87652173912,32543.18086956522,27303.260869565216,11532.434782608696,110707.0,2963.0,4577.0,5079.0,5371.0,94740.19007535864,28170.04025877443,55907.86834298157,10662.281473602627,146919.94591427944,2532.0,4219.0,4848.0,5257.0,0.8677641268570992,0.3670657751902675,0.3490970801809521,0.1516012714858796,0.30500748188385424,0.5633274152930453,0.1316651028231006,0.500845165652468,0.7736646382691008,0.8585192697768764,0.9078769438810008,0.4279918864097364,0.7131507775524004,0.8194726166328602,0.8886071670047331
b0-pathogen300,43,wk inc rsv hosp,2025-2026,US,1,1.0,116.0,46201.48347826087,13568.44,20647.434782608696,11985.608695652174,72918.0,30.0,69.0,83.0,91.0,79324.7408465523,24882.04718183363,49155.63961335304,5287.05405136564,123384.47107465833,57.0,86.0,100.0,107.0,0.5824347232048842,0.17104928242056433,0.26028997463161707,0.15109546615270292,0.31367322371674766,0.6196760189666538,0.06665075731659867,0.25862068965517243,0.5948275862068966,0.7155172413793104,0.7844827586206896,0.49137931034482757,0.7413793103448276,0.8620689655172413,0.9224137931034483
b0-pathogen300,43,wk inc rsv prop ed visits,2025-2026,all,51,0.2,5586.0,3.432650428457603,1.2058837615108846,1.0692884968976053,1.1574781700490937,5.252511757700915,2575.0,4055.0,4645.0,4966.0,4.530466181091006,1.2624880197885668,3.0078391482014353,0.2601390131009845,6.751646223879154,2706.0,4144.0,4680.0,5001.0,0.8223674162318153,0.2768862300312077,0.22645963219043727,0.3190215540101645,0.3535959682986677,0.5860545127207138,0.060349518980613026,0.45979818990907995,0.6982203602959014,0.8060887696910842,0.8594442275121109,0.5147666229916434,0.7725612543865138,0.8615424030084597,0.9086279020936869
b0-pathogen300,43,wk inc rsv prop ed visits,2025-2026,states_dc,50,0.0,5475.0,3.391635964469693,1.1971406323306413,1.0576569296998317,1.1368384024392009,5.194548330001837,2524.0,3990.0,4567.0,4884.0,4.481922043258964,1.2402717937371133,2.9831665637207228,0.25848368580110964,6.672332609887618,2633.0,4042.0,4572.0,4893.0,0.8167367323088861,0.30108108827774227,0.22317252262462273,0.2924831214065158,0.3275824533044075,0.6055055048001257,0.06691204189546196,0.4598828725214851,0.7263790539734802,0.8319352864381795,0.889620599705454,0.4790438643251399,0.7359718382534125,0.8336847605173316,0.8925416343738655
b0-pathogen300,43,wk inc rsv prop ed visits,2025-2026,US,1,1.0,111.0,0.0410144639879101,0.0087431291802433,0.0116315671977736,0.0206397676098928,0.0579634276990776,51.0,65.0,78.0,82.0,0.0485441378320411,0.0222162260514535,0.024672584480712398,0.0016553272998748388,0.0793136139915364,73.0,102.0,108.0,108.0,0.8448901519235325,0.18010679704506938,0.23960807045369534,0.42517528442475944,0.4576500282757085,0.5082505444030668,0.03409942732121726,0.4594594594594595,0.5855855855855856,0.7027027027027027,0.7387387387387387,0.6576576576576577,0.918918918918919,0.972972972972973,0.972972972972973
b0-pathogen300,44,wk inc covid hosp,2024-2025,all,52,0.20000000000000007,6968.0,174643.24347826088,73411.80869565217,72008.34782608695,29223.086956521736,271379.0,3720.0,5519.0,6069.0,6418.0,294095.7264372725,135467.5071866996,122015.56154699085,36612.65770358205,459783.4153206482,3786.0,5746.0,6312.0,6600.0,0.6880395003127071,0.27319451695304287,0.28790471949005203,0.1269402638696121,0.43807851857461183,0.40762840559217417,0.15429307583321422,0.5193737196371087,0.797366110623354,0.874129353233831,0.9232367573895232,0.5601112086625697,0.845946736903717,0.9204565408252856,0.9555458004097164
b0-pathogen300,44,wk inc covid hosp,2024-2025,states_dc,51,0.0,6834.0,116912.27913043479,49995.19217391304,47258.34782608695,19658.73913043478,179029.0,3659.0,5409.0,5950.0,6293.0,177711.5257127561,72412.19438985428,79788.8120383263,25510.51928457551,270242.3766800353,3701.0,5620.0,6180.0,6467.0,0.7360399222425213,0.29119289844297147,0.3067164667206643,0.1381305570788855,0.4121516864040482,0.4188300047704274,0.16901830882552457,0.535411179397132,0.7914837576821774,0.8706467661691544,0.9208369915130232,0.5415569212759732,0.8223587942639744,0.9043020193151889,0.9462979221539363
b0-pathogen300,44,wk inc covid hosp,2024-2025,US,1,1.0,134.0,57730.964347826084,23416.61652173913,24750.0,9564.347826086956,92350.0,61.0,110.0,119.0,125.0,116384.20072451643,63055.312796845334,42226.74950866455,11102.138419006547,189541.03864061285,85.0,126.0,132.0,133.0,0.4960378125934495,0.2012009909933282,0.21265773056760265,0.08217909103251862,0.5417858472568664,0.36282200887916094,0.0953921438639727,0.4552238805970149,0.8208955223880597,0.8880597014925373,0.9328358208955224,0.6343283582089553,0.9402985074626866,0.9850746268656716,0.9925373134328358
b0-pathogen300,44,wk inc covid hosp,2025-2026,all,52,0.20000000000000007,9048.0,209193.44869565216,53520.75304347826,50723.82608695653,104948.86956521739,301220.0,3910.0,6199.0,7081.0,7640.0,251503.70978939498,102039.96804152087,70756.4623304223,78707.27941745178,396424.6389596296,4576.0,7150.0,7993.0,8484.0,0.8876224244369271,0.2588205763048893,0.22943014859255528,0.39937169953948254,0.40395831795921766,0.3059835764748293,0.2900581055659533,0.42452107279693496,0.6838404327248142,0.7760649087221096,0.833874239350913,0.5195176921343252,0.7918187964841111,0.8741717376605818,0.9417399143565476
b0-pathogen300,44,wk inc covid hosp,2025-2026,states_dc,51,0.0,8874.0,118038.07739130434,38333.077391304345,31593.956521739132,48111.043478260865,178895.0,3842.0,6081.0,6951.0,7503.0,137533.1523161514,55676.68777243521,42712.03193647525,39144.43260724092,215812.05818140364,4475.0,7011.0,7848.0,8317.0,0.9095742588763396,0.2902108099584363,0.24482537988440212,0.3745380690335012,0.40324777134415013,0.32096263893170385,0.27578958972414624,0.4329501915708813,0.6852603110209603,0.7832995267072347,0.845503718728871,0.5042821726391706,0.7900608519269778,0.8843813387423937,0.937232364210052
b0-pathogen300,44,wk inc covid hosp,2025-2026,US,1,1.0,174.0,91155.37130434782,15187.675652173913,19129.869565217392,56837.82608695653,122325.0,68.0,118.0,130.0,137.0,113970.55747324359,46363.28026908566,28044.430393947056,39562.84681021086,180612.58077822594,101.0,139.0,145.0,167.0,0.7998150866792768,0.13325964169070123,0.1678492234251678,0.4987062215634078,0.4068005044194873,0.2460673266473311,0.34713216893318144,0.39080459770114945,0.6781609195402298,0.7471264367816092,0.7873563218390804,0.5804597701149425,0.7988505747126436,0.8333333333333334,0.9597701149425287
b0-pathogen300,44,wk inc covid prop ed visits,2025-2026,all,52,0.20000000000000007,5586.0,2.6822307154628326,0.6918753761402707,0.4951066492059452,1.4952486901165962,3.9258618260416402,1570.0,2727.0,3281.0,3726.0,2.497840451560441,1.156219767170679,0.6581087464717353,0.683511937918007,3.786811202370366,2935.0,4515.0,4987.0,5231.0,1.148270940634947,0.2872931896729282,0.18450531763652828,0.6764724333254808,0.5391906708735537,0.22979719203944518,0.23101213708699175,0.26469679493900955,0.4707872263581607,0.5720582992555312,0.6537056842939197,0.5674912912283157,0.8383349061549756,0.9090629478172733,0.9467491524238932
b0-pathogen300,44,wk inc covid prop ed visits,2025-2026,states_dc,51,0.0,5476.0,2.64549127263449,0.6843512157757812,0.4911475395132588,1.4699925173454296,3.873119321987705,1548.0,2683.0,3225.0,3660.0,2.4713671885012656,1.136099226909532,0.6552800338668678,0.6799879277248464,3.7540446838962405,2849.0,4405.0,4877.0,5121.0,1.0883901078534608,0.288062152500154,0.19324383350113578,0.6070841218521621,0.48398021401572555,0.26053357031454893,0.2554862156697165,0.2808709936737619,0.4884840329477008,0.5878001467966867,0.6671321053673995,0.5139095685808489,0.7979186326937193,0.8863286847715915,0.9334364405298663
b0-pathogen300,44,wk inc covid prop ed visits,2025-2026,US,1,1.0,110.0,0.0367394428283428,0.0075241603644895,0.0039591096926864,0.025256172771166603,0.0527425040539353,22.0,44.0,56.0,66.0,0.026473263059175398,0.020120540261147,0.0028287126048675,0.0035240101931606,0.0327665184741256,86.0,110.0,110.0,110.0,1.3877942717608904,0.2842173383640251,0.1495512541780983,0.9540256792187557,0.7600324983048661,0.10685167893903028,0.13311582275609238,0.2,0.4,0.509090909090909,0.6,0.7818181818181819,1.0,1.0,1.0
b0-pathogen300,44,wk inc flu hosp,2023-2024,all,52,0.20000000000000007,6234.0,362961.6526086957,123955.47869565216,158373.04347826086,80633.13043478261,578528.0,1981.0,3466.0,4198.0,4719.0,393119.194762158,131720.98634605427,185716.16682836536,75682.04158773835,620754.5171976062,3024.0,4757.0,5382.0,5728.0,0.9785770953045775,0.2948355964342194,0.4648791457581047,0.21886235311225327,0.3526672245819764,0.4468351050536226,0.20049767036440125,0.32677057147645394,0.5902337858220214,0.7182621082621083,0.7956561085972853,0.4678087816323111,0.7560507792860736,0.8716247695659463,0.92149824032177
b0-pathogen300,44,wk inc flu hosp,2023-2024,states_dc,51,0.0,6114.0,220040.57304347827,64836.74695652173,108259.04347826086,46944.78260869565,342422.0,1937.0,3377.0,4088.0,4603.0,216945.88649337352,75382.4111622646,102632.95431514291,38930.521015966006,336315.5148954264,2977.0,4670.0,5273.0,5616.0,1.0204081833966416,0.2846516341325003,0.5099843001167852,0.22577224914735597,0.36088637046977284,0.44064405113040317,0.1984695783998241,0.31679654767890064,0.5523755656108599,0.6686609686609688,0.7529034690799398,0.4868443103737222,0.7638134741075919,0.8624476286240994,0.918539467068879
b0-pathogen300,44,wk inc flu hosp,2023-2024,US,1,1.0,120.0,142921.0795652174,59118.73173913043,50114.0,33688.34782608696,236106.0,44.0,89.0,110.0,116.0,176173.30826878446,56338.57518378966,83083.21251322246,36751.520571772344,284439.0023021797,47.0,87.0,109.0,112.0,0.8112527429363208,0.33557144564109587,0.28445852832338236,0.19122276897184248,0.3197906410307906,0.47159932074649974,0.20861003822270968,0.36666666666666664,0.7416666666666667,0.9166666666666666,0.9666666666666667,0.39166666666666666,0.725,0.9083333333333333,0.9333333333333333
b0-pathogen300,44,wk inc flu hosp,2024-2025,all,52,0.20000000000000007,5616.0,703944.8447826088,247499.0186956522,348626.69565217383,107819.13043478262,1102742.0,2343.0,3874.0,4522.0,4880.0,997209.4752173913,214134.4317391304,732659.1304347826,50415.91304347826,1363610.0,2943.0,4023.0,4381.0,4604.0,0.7463643876440018,0.24179707236493964,0.378291510978816,0.1262758043002462,0.22108396855954704,0.7136002994462363,0.0653157319942169,0.418809005083515,0.7145606390704431,0.827450980392157,0.8862745098039218,0.5315541031227307,0.7208424110384897,0.7796659404502544,0.8137618010167031
b0-pathogen300,44,wk inc flu hosp,2024-2025,states_dc,51,0.0,5508.0,401066.3973913044,128266.00608695654,208964.82608695648,63835.56521739131,618947.0,2297.0,3785.0,4422.0,4776.0,545536.7908695652,116470.22565217389,390693.86956521735,38372.69565217391,755891.0,2882.0,3943.0,4297.0,4519.0,0.7653128210249767,0.23625108728912877,0.39556180080696474,0.13349993292888312,0.22229800226947322,0.7027232314120877,0.07497876631843926,0.41702977487291215,0.6871822803195353,0.8028322440087148,0.8671023965141614,0.5232389251997096,0.7158678286129267,0.7801379811183734,0.8204429920116196
b0-pathogen300,44,wk inc flu hosp,2024-2025,US,1,1.0,108.0,302878.44739130436,119233.01260869566,139661.86956521738,43983.565217391304,483795.0,46.0,89.0,100.0,104.0,451672.6843478261,97664.20608695652,341965.26086956525,12043.217391304348,607719.0,61.0,80.0,84.0,85.0,0.6705706541201025,0.2639810126681829,0.3092103516662211,0.09737928978569854,0.2162278337198422,0.7571085715828304,0.02666359469732744,0.42592592592592593,0.8240740740740741,0.9259259259259259,0.9629629629629629,0.5648148148148148,0.7407407407407407,0.7777777777777778,0.7870370370370371
b0-pathogen300,44,wk inc flu hosp,2025-2026,all,52,0.20000000000000007,5824.0,674761.3186956521,153690.36217391305,306455.8695652174,214615.08695652173,1004174.0,1936.0,3302.0,3928.0,4327.0,681987.2230434783,182493.35347826086,344539.7391304348,154954.13043478262,1021199.0,3056.0,4510.0,4990.0,5252.0,0.9974959416108351,0.21964618947049291,0.4957127321352747,0.2821370200050676,0.2795215027822053,0.5126519392462101,0.20782655797158484,0.36988795518207296,0.5941176470588236,0.6998949579831935,0.765651260504202,0.5267507002801122,0.7781162464985996,0.8568627450980395,0.8984943977591038
b0-pathogen300,44,wk inc flu hosp,2025-2026,states_dc,51,0.0,5712.0,363059.3078260869,81255.61217391305,168721.86956521744,113081.82608695651,535333.0,1876.0,3222.0,3837.0,4230.0,369731.63260869565,98349.24130434783,189960.8260869565,81421.56521739133,551635.0,2996.0,4421.0,4894.0,5153.0,0.9973131373051887,0.21656457977474514,0.5093674691370943,0.2713810883933494,0.2820338995276028,0.5170549996731875,0.2009111007992099,0.32843137254901966,0.564075630252101,0.6717436974789917,0.740546218487395,0.5245098039215688,0.7739845938375352,0.8567927170868349,0.9021358543417369
b0-pathogen300,44,wk inc flu hosp,2025-2026,US,1,1.0,112.0,311702.0108695652,72434.75,137734.0,101533.26086956522,468841.0,60.0,80.0,91.0,97.0,312255.5904347826,84144.11217391305,154578.91304347827,73532.5652173913,469564.0,60.0,89.0,96.0,99.0,0.9982271588334203,0.23197262825348405,0.4410937841279962,0.32516074645194015,0.26947191580061497,0.4950396975383006,0.2354883866610844,0.5357142857142857,0.7142857142857143,0.8125,0.8660714285714286,0.5357142857142857,0.7946428571428571,0.8571428571428571,0.8839285714285714
b0-pathogen300,44,wk inc flu prop ed visits,2025-2026,all,52,0.20000000000000007,5768.0,36.65105444637913,8.279691232119276,19.04175985988993,9.329603354369905,53.025386377712906,1600.0,2993.0,3653.0,4153.0,37.45877191682501,10.32540181251476,18.66849846028443,8.464871644025802,55.69990942461097,3125.0,4505.0,4944.0,5205.0,0.9805610769409734,0.23469068084451386,0.4910645467541035,0.2548058493423554,0.29592406594377124,0.48615180315450846,0.21792413090171991,0.28228291316526616,0.5322829131652662,0.6533963585434175,0.7453781512605044,0.5632002801120448,0.781057422969188,0.855042016806723,0.8988795518207284
b0-pathogen300,44,wk inc flu prop ed visits,2025-2026,states_dc,51,0.0,5656.0,36.07848464775449,8.131763876315265,18.795854871364735,9.150865900074471,52.16650369012263,1566.0,2927.0,3570.0,4057.0,36.85597054744329,10.13762192450928,18.3753233456567,8.343025277277297,54.80314218169003,3050.0,4416.0,4848.0,5105.0,0.988239294948665,0.2320133926291469,0.5118464308282844,0.24437947149123326,0.292027070889161,0.48610114718182584,0.2218717819290127,0.27696078431372556,0.5180322128851541,0.6314775910364148,0.7174369747899161,0.5365896358543418,0.7776610644257704,0.8545168067226891,0.9003851540616248
b0-pathogen300,44,wk inc flu prop ed visits,2025-2026,US,1,1.0,112.0,0.5725697986246374,0.1479273558040112,0.2459049885251921,0.17873745429543358,0.858882687590271,34.0,66.0,83.0,96.0,0.6028013693817165,0.1877798880054818,0.29317511462773,0.1218463667485042,0.8967672429209468,75.0,89.0,96.0,100.0,0.949848204910206,0.2453998337059816,0.40793701045737973,0.2965113607468438,0.31151204616221184,0.4863544270452387,0.20213352679254865,0.30357142857142855,0.5892857142857143,0.7410714285714286,0.8571428571428571,0.6696428571428571,0.7946428571428571,0.8571428571428571,0.8928571428571429
b0-pathogen300,44,wk inc rsv hosp,2025-2026,all,52,0.20000000000000007,6032.0,100059.2356521739,41547.40956521739,36437.69565217391,22074.13043478261,149782.0,2831.0,4304.0,4889.0,5209.0,174064.93092191094,53052.087440608055,105063.50795633462,15949.335524968266,270304.41698893777,2589.0,4305.0,4948.0,5364.0,0.7428187101606005,0.27763969954155066,0.28836137529167194,0.17681763532737782,0.30674063025043297,0.5745971360277671,0.11866223372180022,0.4702163624070319,0.7170723461798514,0.8136578769438811,0.8632860040567953,0.44066937119675464,0.7187964841108859,0.8279918864097365,0.8953684922244761
b0-pathogen300,44,wk inc rsv hosp,2025-2026,states_dc,51,0.0,5916.0,64361.43608695651,26594.65347826087,22937.739130434784,14829.043478260872,97316.0,2776.0,4219.0,4793.0,5109.0,94740.19007535864,28170.04025877443,55907.86834298157,10662.281473602627,146919.94591427944,2532.0,4219.0,4848.0,5257.0,0.8160181365513264,0.2999244906812085,0.3179052311662278,0.19818841470388998,0.30500748188385424,0.5633274152930453,0.1316651028231006,0.4692359702501691,0.7131507775524004,0.8101757944557134,0.8635902636916837,0.4279918864097364,0.7131507775524004,0.8194726166328602,0.8886071670047331
b0-pathogen300,44,wk inc rsv hosp,2025-2026,US,1,1.0,116.0,35697.79956521739,14952.756086956522,13499.95652173913,7245.086956521739,52466.0,55.0,85.0,96.0,100.0,79324.7408465523,24882.04718183363,49155.63961335304,5287.05405136564,123384.47107465833,57.0,86.0,100.0,107.0,0.45002100459769645,0.18850053498291908,0.1701859517934483,0.09133451782132904,0.31367322371674766,0.6196760189666538,0.06665075731659867,0.47413793103448276,0.7327586206896551,0.8275862068965517,0.8620689655172413,0.49137931034482757,0.7413793103448276,0.8620689655172413,0.9224137931034483
b0-pathogen300,44,wk inc rsv prop ed visits,2025-2026,all,51,0.2,5586.0,3.2397750516724924,1.072796497978676,1.3165506323805123,0.8504279213132824,4.961643174602428,2432.0,4032.0,4594.0,4945.0,4.530466181091006,1.2624880197885668,3.0078391482014353,0.2601390131009845,6.751646223879154,2706.0,4144.0,4680.0,5001.0,0.766504681374026,0.25275121950261165,0.28781222498917375,0.2259412368822333,0.3535959682986677,0.5860545127207138,0.060349518980613026,0.4084911129971164,0.6960517988918206,0.7878638606083548,0.8556404137878829,0.5147666229916434,0.7725612543865138,0.8615424030084597,0.9086279020936869
b0-pathogen300,44,wk inc rsv prop ed visits,2025-2026,states_dc,50,0.0,5475.0,3.2001572291794225,1.0634723082241067,1.3003218246300072,0.836363096325287,4.9017390382293256,2399.0,3966.0,4522.0,4863.0,4.481922043258964,1.2402717937371133,2.9831665637207228,0.25848368580110964,6.672332609887618,2633.0,4042.0,4572.0,4893.0,0.7541009509798542,0.26791989080733697,0.2761876935231196,0.2099933666493915,0.3275824533044075,0.6055055048001257,0.06691204189546196,0.4362895669220711,0.721416099966127,0.8226676635982813,0.8848658325501688,0.4790438643251399,0.7359718382534125,0.8336847605173316,0.8925416343738655
b0-pathogen300,44,wk inc rsv prop ed visits,2025-2026,US,1,1.0,111.0,0.039617822493070096,0.0093241897545692,0.016228807750505,0.0140648249879953,0.059904136373102504,33.0,66.0,72.0,82.0,0.0485441378320411,0.0222162260514535,0.024672584480712398,0.0016553272998748388,0.0793136139915364,73.0,102.0,108.0,108.0,0.8161196029507136,0.19207653428371033,0.33431035085339034,0.28973271781360066,0.4576500282757085,0.5082505444030668,0.03409942732121726,0.2972972972972973,0.5945945945945946,0.6486486486486487,0.7387387387387387,0.6576576576576577,0.918918918918919,0.972972972972973,0.972972972972973
b0-target100,42,wk inc covid hosp,2024-2025,all,52,0.20000000000000007,6968.0,204770.29391304345,59859.946086956516,128911.60869565219,15998.739130434782,306472.0,3255.0,5109.0,5720.0,6114.0,294095.7264372725,135467.5071866996,122015.56154699085,36612.65770358205,459783.4153206482,3786.0,5746.0,6312.0,6600.0,0.7609978056678033,0.2355678432759945,0.44725529319165785,0.0781746692001509,0.43807851857461183,0.40762840559217417,0.15429307583321422,0.4388059701492538,0.69435177055897,0.7851331577407085,0.8463857184664914,0.5601112086625697,0.845946736903717,0.9204565408252856,0.9555458004097164
b0-target100,42,wk inc covid hosp,2024-2025,states_dc,51,0.0,6834.0,131360.8265217391,43020.30478260869,76646.56521739131,11693.95652173913,199698.0,3213.0,5039.0,5636.0,6019.0,177711.5257127561,72412.19438985428,79788.8120383263,25510.51928457551,270242.3766800353,3701.0,5620.0,6180.0,6467.0,0.7935594718563579,0.25828727981867927,0.44680077776124866,0.08847141427643,0.4121516864040482,0.4188300047704274,0.16901830882552457,0.47014925373134336,0.7373426982733393,0.8247000292654376,0.8807433421129647,0.5415569212759732,0.8223587942639744,0.9043020193151889,0.9462979221539363
b0-target100,42,wk inc covid hosp,2024-2025,US,1,1.0,134.0,73409.46739130435,16839.641304347824,52265.04347826087,4304.782608695652,106774.0,42.0,70.0,84.0,95.0,116384.20072451643,63055.312796845334,42226.74950866455,11102.138419006547,189541.03864061285,85.0,126.0,132.0,133.0,0.6307511409135844,0.14469009710525546,0.4490733549132945,0.03698768889503441,0.5417858472568664,0.36282200887916094,0.0953921438639727,0.31343283582089554,0.5223880597014925,0.6268656716417911,0.7089552238805971,0.6343283582089553,0.9402985074626866,0.9850746268656716,0.9925373134328358
b0-target100,42,wk inc covid hosp,2025-2026,all,52,0.20000000000000007,9048.0,198308.80217391305,49637.41086956522,59072.608695652176,89598.78260869565,283630.0,3879.0,6211.0,7099.0,7680.0,251503.70978939498,102039.96804152087,70756.4623304223,78707.27941745178,396424.6389596296,4576.0,7150.0,7993.0,8484.0,0.8529659264120466,0.23877168586565892,0.26982845507564623,0.3443657854707415,0.40395831795921766,0.3059835764748293,0.2900581055659533,0.4217263917061078,0.6796258733378411,0.777687626774848,0.8385395537525356,0.5195176921343252,0.7918187964841111,0.8741717376605818,0.9417399143565476
b0-target100,42,wk inc covid hosp,2025-2026,states_dc,51,0.0,8874.0,111952.44782608695,34922.578260869566,37617.608695652176,39412.260869565216,168935.0,3811.0,6098.0,6969.0,7542.0,137533.1523161514,55676.68777243521,42712.03193647525,39144.43260724092,215812.05818140364,4475.0,7011.0,7848.0,8317.0,0.8767805150912001,0.2661869012847241,0.290222975496629,0.320370638309847,0.40324777134415013,0.32096263893170385,0.27578958972414624,0.42945684020734737,0.6871760198332207,0.7853279242731577,0.849898580121704,0.5042821726391706,0.7900608519269778,0.8843813387423937,0.937232364210052
b0-target100,42,wk inc covid hosp,2025-2026,US,1,1.0,174.0,86356.35434782608,14714.832608695651,21455.0,50186.52173913043,114695.0,68.0,113.0,130.0,138.0,113970.55747324359,46363.28026908566,28044.430393947056,39562.84681021086,180612.58077822594,101.0,139.0,145.0,167.0,0.7577075716954321,0.12911082418939815,0.18825037339171483,0.44034637411431915,0.4068005044194873,0.2460673266473311,0.34713216893318144,0.39080459770114945,0.6494252873563219,0.7471264367816092,0.7931034482758621,0.5804597701149425,0.7988505747126436,0.8333333333333334,0.9597701149425287
b0-target100,42,wk inc covid prop ed visits,2025-2026,all,52,0.20000000000000007,5586.0,2.819583521807216,0.6372454963922887,0.46402077860698165,1.718317246807926,4.019836926072645,1397.0,2455.0,2964.0,3325.0,2.497840451560441,1.156219767170679,0.6581087464717353,0.683511937918007,3.786811202370366,2935.0,4515.0,4987.0,5231.0,1.2293462382671883,0.28987382959783925,0.15142195060675723,0.7880504580625802,0.5391906708735537,0.22979719203944518,0.23101213708699175,0.2355061573054653,0.43023569023569036,0.5291232975662042,0.5994745610662566,0.5674912912283157,0.8383349061549756,0.9090629478172733,0.9467491524238932
b0-target100,42,wk inc covid prop ed visits,2025-2026,states_dc,51,0.0,5476.0,2.7776682335398934,0.6273546666651145,0.4624050408045073,1.6879085260702529,3.956110960238143,1377.0,2412.0,2906.0,3256.0,2.4713671885012656,1.136099226909532,0.6552800338668678,0.6799879277248464,3.7540446838962405,2849.0,4405.0,4877.0,5121.0,1.1408561842651417,0.2689383334965044,0.17401923417096082,0.6978986165976675,0.48398021401572555,0.26053357031454893,0.2554862156697165,0.24892815117728617,0.4400673400673401,0.5295859401395734,0.592525019514639,0.5139095685808489,0.7979186326937193,0.8863286847715915,0.9334364405298663
b0-target100,42,wk inc covid prop ed visits,2025-2026,US,1,1.0,110.0,0.0419152882673222,0.0098908297271741,0.0016157378024743787,0.0304087207376732,0.06372596583450191,20.0,43.0,58.0,69.0,0.026473263059175398,0.020120540261147,0.0028287126048675,0.0035240101931606,0.0327665184741256,86.0,110.0,110.0,110.0,1.5833064542753725,0.37361581400317884,0.06103281634994287,1.1486578239222311,0.7600324983048661,0.10685167893903028,0.13311582275609238,0.18181818181818182,0.39090909090909093,0.5272727272727272,0.6272727272727273,0.7818181818181819,1.0,1.0,1.0
b0-target100,42,wk inc flu hosp,2023-2024,all,52,0.20000000000000007,6234.0,420984.5365217391,130067.71043478261,124323.0,166593.8260869565,647221.0,2278.0,3751.0,4438.0,4882.0,393119.194762158,131720.98634605427,185716.16682836536,75682.04158773835,620754.5171976062,3024.0,4757.0,5382.0,5728.0,1.1033776101944932,0.32167190816516966,0.36662190805736206,0.41508379397196155,0.3526672245819764,0.4468351050536226,0.20049767036440125,0.3794913691972516,0.6167940338528575,0.7282017764370707,0.7970429026311382,0.4678087816323111,0.7560507792860736,0.8716247695659463,0.92149824032177
b0-target100,42,wk inc flu hosp,2023-2024,states_dc,51,0.0,6114.0,245797.32521739128,71191.45565217391,82417.73913043478,92188.1304347826,371547.0,2225.0,3669.0,4342.0,4779.0,216945.88649337352,75382.4111622646,102632.95431514291,38930.521015966006,336315.5148954264,2977.0,4670.0,5273.0,5616.0,1.1306213407317414,0.3185411124650456,0.398811423284757,0.41326880498193874,0.36088637046977284,0.44064405113040317,0.1984695783998241,0.36394754482989783,0.6001592089827386,0.7102522205463383,0.7817202949555893,0.4868443103737222,0.7638134741075919,0.8624476286240994,0.918539467068879
b0-target100,42,wk inc flu hosp,2023-2024,US,1,1.0,120.0,175187.21130434785,58876.254782608696,41905.260869565216,74405.69565217392,275674.0,53.0,82.0,96.0,103.0,176173.30826878446,56338.57518378966,83083.21251322246,36751.520571772344,284439.0023021797,47.0,87.0,109.0,112.0,0.9944026880455004,0.33419509096566574,0.23786384714778194,0.4223437499320526,0.3197906410307906,0.47159932074649974,0.20861003822270968,0.44166666666666665,0.6833333333333333,0.8,0.8583333333333333,0.39166666666666666,0.725,0.9083333333333333,0.9333333333333333
b0-target100,42,wk inc flu hosp,2024-2025,all,52,0.20000000000000007,5616.0,649856.3439130435,205379.56130434782,358953.30434782605,85523.47826086957,944800.0,2431.0,3960.0,4548.0,4891.0,997209.4752173913,214134.4317391304,732659.1304347826,50415.91304347826,1363610.0,2943.0,4023.0,4381.0,4604.0,0.7101208089410367,0.20814390432009938,0.38656277141816753,0.11541413320276978,0.22108396855954704,0.7136002994462363,0.0653157319942169,0.4571895424836602,0.7372912127814091,0.8346405228758171,0.886165577342048,0.5315541031227307,0.7208424110384897,0.7796659404502544,0.8137618010167031
b0-target100,42,wk inc flu hosp,2024-2025,states_dc,51,0.0,5508.0,385479.9386956522,108630.37347826087,219922.60869565216,56926.95652173913,564808.0,2370.0,3865.0,4446.0,4788.0,545536.7908695652,116470.22565217389,390693.86956521735,38372.69565217391,755891.0,2882.0,3943.0,4297.0,4519.0,0.7413191571705977,0.20662938289451135,0.4062502299560705,0.1284395443200158,0.22229800226947322,0.7027232314120877,0.07497876631843926,0.4302832244008715,0.7017066085693537,0.8071895424836601,0.8692810457516342,0.5232389251997096,0.7158678286129267,0.7801379811183734,0.8204429920116196
b0-target100,42,wk inc flu hosp,2024-2025,US,1,1.0,108.0,264376.4052173913,96749.18782608696,139030.69565217392,28596.521739130432,379992.0,61.0,95.0,102.0,103.0,451672.6843478261,97664.20608695652,341965.26086956525,12043.217391304348,607719.0,61.0,80.0,84.0,85.0,0.5853274160227923,0.21420199002245155,0.30781293726655506,0.06331248873378559,0.2162278337198422,0.7571085715828304,0.02666359469732744,0.5648148148148148,0.8796296296296297,0.9444444444444444,0.9537037037037037,0.5648148148148148,0.7407407407407407,0.7777777777777778,0.7870370370370371
b0-target100,42,wk inc flu hosp,2025-2026,all,52,0.20000000000000007,5824.0,612870.4217391305,150444.63913043478,286921.04347826086,175504.73913043478,923307.0,2354.0,3809.0,4412.0,4808.0,681987.2230434783,182493.35347826086,344539.7391304348,154954.13043478262,1021199.0,3056.0,4510.0,4990.0,5252.0,0.9077586971303946,0.22757498653723662,0.45164591510444363,0.22853779548871428,0.2795215027822053,0.5126519392462101,0.20782655797158484,0.4267857142857144,0.6733543417366948,0.7709733893557426,0.8346638655462186,0.5267507002801122,0.7781162464985996,0.8568627450980395,0.8984943977591038
b0-target100,42,wk inc flu hosp,2025-2026,states_dc,51,0.0,5712.0,340554.0095652174,83209.22695652174,162747.95652173914,94596.82608695653,507672.0,2295.0,3724.0,4319.0,4710.0,369731.63260869565,98349.24130434783,189960.8260869565,81421.56521739133,551635.0,2996.0,4421.0,4894.0,5153.0,0.9166747230655435,0.23063830208118888,0.4651411698318321,0.22089525115252256,0.2820338995276028,0.5170549996731875,0.2009111007992099,0.40178571428571436,0.6519607843137256,0.7561274509803922,0.8245798319327733,0.5245098039215688,0.7739845938375352,0.8567927170868349,0.9021358543417369
b0-target100,42,wk inc flu hosp,2025-2026,US,1,1.0,112.0,272316.41217391304,67235.41217391304,124173.08695652174,80907.91304347826,415635.0,59.0,85.0,93.0,98.0,312255.5904347826,84144.11217391305,154578.91304347827,73532.5652173913,469564.0,60.0,89.0,96.0,99.0,0.872094593389798,0.2153217243614274,0.39766489619488943,0.2591079728334811,0.26947191580061497,0.4950396975383006,0.2354883866610844,0.5267857142857143,0.7589285714285714,0.8303571428571429,0.875,0.5357142857142857,0.7946428571428571,0.8571428571428571,0.8839285714285714
b0-target100,42,wk inc flu prop ed visits,2025-2026,all,52,0.20000000000000007,5768.0,34.87385217996274,8.929979946699273,14.668341030768273,11.275531202495175,52.03220431635303,1672.0,2954.0,3607.0,4105.0,37.45877191682501,10.32540181251476,18.66849846028443,8.464871644025802,55.69990942461097,3125.0,4505.0,4944.0,5205.0,0.921829075928908,0.2520650894248309,0.37050957814960495,0.2992544083544717,0.29592406594377124,0.48615180315450846,0.21792413090171991,0.3007352941176471,0.537780112044818,0.6466736694677873,0.7466036414565828,0.5632002801120448,0.781057422969188,0.855042016806723,0.8988795518207284
b0-target100,42,wk inc flu prop ed visits,2025-2026,states_dc,51,0.0,5656.0,34.36835751137137,8.777013134860669,14.499096700173746,11.092247676336937,51.22516936775751,1633.0,2881.0,3524.0,4004.0,36.85597054744329,10.13762192450928,18.3753233456567,8.343025277277297,54.80314218169003,3050.0,4416.0,4848.0,5105.0,0.9426423832899771,0.25164138818098714,0.3929462186546631,0.2980547764543262,0.292027070889161,0.48610114718182584,0.2218717819290127,0.2888655462184874,0.5092787114845939,0.6230742296918769,0.7078081232492999,0.5365896358543418,0.7776610644257704,0.8545168067226891,0.9003851540616248
b0-target100,42,wk inc flu prop ed visits,2025-2026,US,1,1.0,112.0,0.5054946685913682,0.1529668118386039,0.1692443305945265,0.1832835261582375,0.8070349485955199,39.0,73.0,83.0,101.0,0.6028013693817165,0.1877798880054818,0.29317511462773,0.1218463667485042,0.8967672429209468,75.0,89.0,96.0,100.0,0.8385758464846319,0.2537598944002059,0.2807630161293722,0.3040529359550534,0.31151204616221184,0.4863544270452387,0.20213352679254865,0.3482142857142857,0.6517857142857143,0.7410714285714286,0.9017857142857143,0.6696428571428571,0.7946428571428571,0.8571428571428571,0.8928571428571429
b0-target100,42,wk inc rsv hosp,2025-2026,all,52,0.20000000000000007,6032.0,121355.19782608694,42201.458695652174,59089.82608695652,20063.91304347826,189918.0,2892.0,4351.0,4948.0,5293.0,174064.93092191094,53052.087440608055,105063.50795633462,15949.335524968266,270304.41698893777,2589.0,4305.0,4948.0,5364.0,0.8194353247586849,0.27039311218914697,0.4130804557595242,0.13596175681001368,0.30674063025043297,0.5745971360277671,0.11866223372180022,0.4864097363083165,0.731372549019608,0.8279918864097364,0.8825895875591617,0.44066937119675464,0.7187964841108859,0.8279918864097365,0.8953684922244761
b0-target100,42,wk inc rsv hosp,2025-2026,states_dc,51,0.0,5916.0,72346.92130434781,27065.747391304347,35165.739130434784,10115.434782608694,112793.0,2832.0,4261.0,4848.0,5188.0,94740.19007535864,28170.04025877443,55907.86834298157,10662.281473602627,146919.94591427944,2532.0,4219.0,4848.0,5257.0,0.8698395809988395,0.2902896544891127,0.4409513729885043,0.1385985535212225,0.30500748188385424,0.5633274152930453,0.1316651028231006,0.4787018255578094,0.7202501690331307,0.8194726166328601,0.8769438810006762,0.4279918864097364,0.7131507775524004,0.8194726166328602,0.8886071670047331
b0-target100,42,wk inc rsv hosp,2025-2026,US,1,1.0,116.0,49008.27652173913,15135.711304347826,23924.086956521736,9948.478260869566,77125.0,60.0,90.0,100.0,105.0,79324.7408465523,24882.04718183363,49155.63961335304,5287.05405136564,123384.47107465833,57.0,86.0,100.0,107.0,0.6178182997980658,0.1908069429892839,0.3015967868436037,0.12541456996517825,0.31367322371674766,0.6196760189666538,0.06665075731659867,0.5172413793103449,0.7758620689655172,0.8620689655172413,0.9051724137931034,0.49137931034482757,0.7413793103448276,0.8620689655172413,0.9224137931034483
b0-target100,42,wk inc rsv prop ed visits,2025-2026,all,51,0.2,5586.0,3.118571063836863,1.199144141015802,1.0749141218199332,0.8445128010011081,4.70094775262295,2506.0,4014.0,4561.0,4884.0,4.530466181091006,1.2624880197885668,3.0078391482014353,0.2601390131009845,6.751646223879154,2706.0,4144.0,4680.0,5001.0,0.740733217233724,0.3000272981844825,0.2115716810648014,0.2291342379844352,0.3535959682986677,0.5860545127207138,0.060349518980613026,0.4488610569845717,0.7334586705548811,0.8313699155668602,0.883480182894387,0.5147666229916434,0.7725612543865138,0.8615424030084597,0.9086279020936869
b0-target100,42,wk inc rsv prop ed visits,2025-2026,states_dc,50,0.0,5475.0,3.081896265100502,1.1834142639960077,1.0674847516578512,0.8309972494466238,4.642138551812053,2455.0,3924.0,4460.0,4780.0,4.481922043258964,1.2402717937371133,2.9831665637207228,0.25848368580110964,6.672332609887618,2633.0,4042.0,4572.0,4893.0,0.7370430531160964,0.2940260045402129,0.22620369850177066,0.21681335007410765,0.3275824533044075,0.6055055048001257,0.06691204189546196,0.4462114563658497,0.7141206354908987,0.8117349169810978,0.8701159943837495,0.4790438643251399,0.7359718382534125,0.8336847605173316,0.8925416343738655
b0-target100,42,wk inc rsv prop ed visits,2025-2026,US,1,1.0,111.0,0.036674798736361,0.0157298770197943,0.0074293701620821,0.0135155515544844,0.058809200810897,51.0,90.0,101.0,104.0,0.0485441378320411,0.0222162260514535,0.024672584480712398,0.0016553272998748388,0.0793136139915364,73.0,102.0,108.0,108.0,0.7554938737042344,0.3240324727615606,0.15304361131692434,0.27841778962574526,0.4576500282757085,0.5082505444030668,0.03409942732121726,0.4594594594594595,0.8108108108108109,0.9099099099099099,0.9369369369369369,0.6576576576576577,0.918918918918919,0.972972972972973,0.972972972972973
b0-target100,43,wk inc covid hosp,2024-2025,all,52,0.20000000000000007,6968.0,225127.98826086958,77819.55347826087,140256.2608695652,7052.173913043479,353894.0,3670.0,5544.0,6101.0,6444.0,294095.7264372725,135467.5071866996,122015.56154699085,36612.65770358205,459783.4153206482,3786.0,5746.0,6312.0,6600.0,0.8085411977780486,0.28970696990723255,0.47223375391397054,0.04660047395684544,0.43807851857461183,0.40762840559217417,0.15429307583321422,0.5011413520632134,0.7810359964881477,0.8682470002926546,0.9221539362013464,0.5601112086625697,0.845946736903717,0.9204565408252856,0.9555458004097164
b0-target100,43,wk inc covid hosp,2024-2025,states_dc,51,0.0,6834.0,140761.6647826087,51885.09956521739,82487.78260869563,6388.782608695653,219707.0,3618.0,5448.0,5989.0,6322.0,177711.5257127561,72412.19438985428,79788.8120383263,25510.51928457551,270242.3766800353,3701.0,5620.0,6180.0,6467.0,0.8294527508870131,0.306425004175375,0.46620215718740843,0.05682558952422963,0.4121516864040482,0.4188300047704274,0.16901830882552457,0.5294117647058825,0.7971905179982443,0.8763535264852211,0.9250804799531754,0.5415569212759732,0.8223587942639744,0.9043020193151889,0.9462979221539363
b0-target100,43,wk inc covid hosp,2024-2025,US,1,1.0,134.0,84366.32347826086,25934.45391304348,57768.47826086957,663.391304347826,134187.0,52.0,96.0,112.0,122.0,116384.20072451643,63055.312796845334,42226.74950866455,11102.138419006547,189541.03864061285,85.0,126.0,132.0,133.0,0.7248949853421902,0.22283483283466296,0.4963601408202187,0.005700011687308706,0.5417858472568664,0.36282200887916094,0.0953921438639727,0.3880597014925373,0.7164179104477612,0.835820895522388,0.9104477611940298,0.6343283582089553,0.9402985074626866,0.9850746268656716,0.9925373134328358
b0-target100,43,wk inc covid hosp,2025-2026,all,52,0.20000000000000007,9048.0,215913.13739130436,70114.78956521739,42795.30434782609,103003.04347826086,312256.0,4671.0,6878.0,7581.0,8004.0,251503.70978939498,102039.96804152087,70756.4623304223,78707.27941745178,396424.6389596296,4576.0,7150.0,7993.0,8484.0,0.9047346677987457,0.31652528582845363,0.21429259156346503,0.373916790406827,0.40395831795921766,0.3059835764748293,0.2900581055659533,0.5164300202839758,0.7620013522650441,0.8338517016001805,0.8794004958305164,0.5195176921343252,0.7918187964841111,0.8741717376605818,0.9417399143565476
b0-target100,43,wk inc covid hosp,2025-2026,states_dc,51,0.0,8874.0,120717.1839130435,47508.705652173914,29616.695652173912,43591.782608695656,182821.0,4581.0,6744.0,7439.0,7855.0,137533.1523161514,55676.68777243521,42712.03193647525,39144.43260724092,215812.05818140364,4475.0,7011.0,7848.0,8317.0,0.922101348175804,0.34606905499525153,0.23895781580320302,0.3370744773773495,0.40324777134415013,0.32096263893170385,0.27578958972414624,0.5162271805273835,0.7599729546991212,0.8382916384944785,0.8851701600180303,0.5042821726391706,0.7900608519269778,0.8843813387423937,0.937232364210052
b0-target100,43,wk inc covid hosp,2025-2026,US,1,1.0,174.0,95195.95347826087,22606.08391304348,13178.608695652174,59411.260869565216,129435.0,90.0,134.0,142.0,149.0,113970.55747324359,46363.28026908566,28044.430393947056,39562.84681021086,180612.58077822594,101.0,139.0,145.0,167.0,0.8352679462905114,0.19835020916126184,0.11563169460451277,0.5212860425247368,0.4068005044194873,0.2460673266473311,0.34713216893318144,0.5172413793103449,0.7701149425287356,0.8160919540229885,0.8563218390804598,0.5804597701149425,0.7988505747126436,0.8333333333333334,0.9597701149425287
b0-target100,43,wk inc covid prop ed visits,2025-2026,all,52,0.20000000000000007,5586.0,2.5668472779945923,0.6330318007212364,0.528823426705269,1.4049920505680655,3.709891523965857,1592.0,2701.0,3236.0,3578.0,2.497840451560441,1.156219767170679,0.6581087464717353,0.683511937918007,3.786811202370366,2935.0,4515.0,4987.0,5231.0,1.1253541073457236,0.2920548204395246,0.18670962530526225,0.6465896616009276,0.5391906708735537,0.22979719203944518,0.23101213708699175,0.27592347931448286,0.48215977537776855,0.5918096769307843,0.6527491757249544,0.5674912912283157,0.8383349061549756,0.9090629478172733,0.9467491524238932
b0-target100,43,wk inc covid prop ed visits,2025-2026,states_dc,51,0.0,5476.0,2.528439874576929,0.6226945808012689,0.5257251447039639,1.3800201490716753,3.6498205650842186,1565.0,2648.0,3164.0,3499.0,2.4713671885012656,1.136099226909532,0.6552800338668678,0.6799879277248464,3.7540446838962405,2849.0,4405.0,4877.0,5121.0,1.0439926967791653,0.26744909064199707,0.20412843594600302,0.5724151701911555,0.48398021401572555,0.26053357031454893,0.2554862156697165,0.28354071277946713,0.4822451737676652,0.5761257325271167,0.6363910151107384,0.5139095685808489,0.7979186326937193,0.8863286847715915,0.9334364405298663
b0-target100,43,wk inc covid prop ed visits,2025-2026,US,1,1.0,110.0,0.038407403417663105,0.0103372199199675,0.0030982820013051,0.0249719014963903,0.0600709588816388,27.0,53.0,72.0,79.0,0.026473263059175398,0.020120540261147,0.0028287126048675,0.0035240101931606,0.0327665184741256,86.0,110.0,110.0,110.0,1.4507997496119558,0.390477739629634,0.11703438274229905,0.943287627240015,0.7600324983048661,0.10685167893903028,0.13311582275609238,0.24545454545454545,0.4818181818181818,0.6545454545454545,0.7181818181818181,0.7818181818181819,1.0,1.0,1.0
b0-target100,43,wk inc flu hosp,2023-2024,all,52,0.20000000000000007,6234.0,368632.6913043478,167998.82173913042,70034.04347826086,130599.8260869565,574751.0,2791.0,4462.0,5076.0,5444.0,393119.194762158,131720.98634605427,185716.16682836536,75682.04158773835,620754.5171976062,3024.0,4757.0,5382.0,5728.0,0.9708200529611826,0.396155708237071,0.24232583219261836,0.33233851253149327,0.3526672245819764,0.4468351050536226,0.20049767036440125,0.47738310708898957,0.7390690464219878,0.8362761856879505,0.8951625607507963,0.4678087816323111,0.7560507792860736,0.8716247695659463,0.92149824032177
b0-target100,43,wk inc flu hosp,2023-2024,states_dc,51,0.0,6114.0,209310.61869565217,86064.61869565217,55632.95652173912,67613.04347826085,327050.0,2718.0,4361.0,4964.0,5325.0,216945.88649337352,75382.4111622646,102632.95431514291,38930.521015966006,336315.5148954264,2977.0,4670.0,5273.0,5616.0,0.9874379333458857,0.3789253152605352,0.2824713242337229,0.32604129385162767,0.36088637046977284,0.44064405113040317,0.1984695783998241,0.44464555052790355,0.713419641360818,0.8120118987766047,0.8710365342718285,0.4868443103737222,0.7638134741075919,0.8624476286240994,0.918539467068879
b0-target100,43,wk inc flu hosp,2023-2024,US,1,1.0,120.0,159322.07260869566,81934.20304347826,14401.08695652174,62986.78260869565,247701.0,73.0,101.0,112.0,119.0,176173.30826878446,56338.57518378966,83083.21251322246,36751.520571772344,284439.0023021797,47.0,87.0,109.0,112.0,0.9043485314223698,0.465077280143214,0.08174386402820034,0.3575273872509554,0.3197906410307906,0.47159932074649974,0.20861003822270968,0.6083333333333333,0.8416666666666667,0.9333333333333333,0.9916666666666667,0.39166666666666666,0.725,0.9083333333333333,0.9333333333333333
b0-target100,43,wk inc flu hosp,2024-2025,all,52,0.20000000000000007,5616.0,736474.3308695653,279073.06999999995,263786.3478260869,193614.91304347827,1157647.0,2400.0,3870.0,4481.0,4834.0,997209.4752173913,214134.4317391304,732659.1304347826,50415.91304347826,1363610.0,2943.0,4023.0,4381.0,4604.0,0.7803290193353889,0.2744143834286412,0.28968107087742373,0.21623356502932395,0.22108396855954704,0.7136002994462363,0.0653157319942169,0.44756717501815557,0.7088598402323895,0.8146695715323169,0.8795933188090053,0.5315541031227307,0.7208424110384897,0.7796659404502544,0.8137618010167031
b0-target100,43,wk inc flu hosp,2024-2025,states_dc,51,0.0,5508.0,417267.6330434783,143501.76347826087,163585.8260869565,110180.04347826086,646657.0,2342.0,3784.0,4385.0,4730.0,545536.7908695652,116470.22565217389,390693.86956521735,38372.69565217391,755891.0,2882.0,3943.0,4297.0,4519.0,0.7987309540570113,0.26797951048981283,0.30664053411852626,0.22411090944867218,0.22229800226947322,0.7027232314120877,0.07497876631843926,0.42519970951343505,0.6870007262164126,0.7961147421931737,0.8587509077705158,0.5232389251997096,0.7158678286129267,0.7801379811183734,0.8204429920116196
b0-target100,43,wk inc flu hosp,2024-2025,US,1,1.0,108.0,319206.6978260869,135571.3065217391,100200.52173913043,83434.86956521739,510990.0,58.0,86.0,96.0,104.0,451672.6843478261,97664.20608695652,341965.26086956525,12043.217391304348,607719.0,61.0,80.0,84.0,85.0,0.7067212804488986,0.3001538751839546,0.22184321791301323,0.18472418735193094,0.2162278337198422,0.7571085715828304,0.02666359469732744,0.5370370370370371,0.7962962962962963,0.8888888888888888,0.9629629629629629,0.5648148148148148,0.7407407407407407,0.7777777777777778,0.7870370370370371
b0-target100,43,wk inc flu hosp,2025-2026,all,52,0.20000000000000007,5824.0,527013.0,152741.86956521738,216463.4347826087,157807.6956521739,801528.0,2620.0,4181.0,4738.0,5095.0,681987.2230434783,182493.35347826086,344539.7391304348,154954.13043478262,1021199.0,3056.0,4510.0,4990.0,5252.0,0.8037155212856366,0.24907413540883544,0.3372986381711083,0.21734274770569284,0.2795215027822053,0.5126519392462101,0.20782655797158484,0.4804971988795519,0.733683473389356,0.8215686274509806,0.8765056022408965,0.5267507002801122,0.7781162464985996,0.8568627450980395,0.8984943977591038
b0-target100,43,wk inc flu hosp,2025-2026,states_dc,51,0.0,5712.0,302129.9173913044,92114.74347826086,123445.86956521739,86569.30434782608,462235.0,2551.0,4091.0,4642.0,4996.0,369731.63260869565,98349.24130434783,189960.8260869565,81421.56521739133,551635.0,2996.0,4421.0,4894.0,5153.0,0.824597118630006,0.262803005005122,0.34715099996584964,0.21464311365903432,0.2820338995276028,0.5170549996731875,0.2009111007992099,0.4466036414565827,0.7162114845938377,0.8126750700280113,0.8746498599439778,0.5245098039215688,0.7739845938375352,0.8567927170868349,0.9021358543417369
b0-target100,43,wk inc flu hosp,2025-2026,US,1,1.0,112.0,224883.08260869567,60627.12608695652,93017.5652173913,71238.39130434782,339293.0,69.0,90.0,96.0,99.0,312255.5904347826,84144.11217391305,154578.91304347827,73532.5652173913,469564.0,60.0,89.0,96.0,99.0,0.7201891319081588,0.1941586570236892,0.29788919099214284,0.22814128389232666,0.26947191580061497,0.4950396975383006,0.2354883866610844,0.6160714285714286,0.8035714285714286,0.8571428571428571,0.8839285714285714,0.5357142857142857,0.7946428571428571,0.8571428571428571,0.8839285714285714
b0-target100,43,wk inc flu prop ed visits,2025-2026,all,52,0.20000000000000007,5768.0,34.706807265433795,7.233442323311062,13.268934626354097,14.20443031576861,50.766833025976936,1647.0,2963.0,3577.0,4038.0,37.45877191682501,10.32540181251476,18.66849846028443,8.464871644025802,55.69990942461097,3125.0,4505.0,4944.0,5205.0,0.9144125524086004,0.2002486576272946,0.3244075298507514,0.38975636493055366,0.29592406594377124,0.48615180315450846,0.21792413090171991,0.3036764705882354,0.5298319327731094,0.6365546218487397,0.7099089635854343,0.5632002801120448,0.781057422969188,0.855042016806723,0.8988795518207284
b0-target100,43,wk inc flu prop ed visits,2025-2026,states_dc,51,0.0,5656.0,34.19614612934222,7.130211123379472,13.132857380962013,13.933077625000708,50.024448474906585,1604.0,2895.0,3497.0,3953.0,36.85597054744329,10.13762192450928,18.3753233456567,8.343025277277297,54.80314218169003,3050.0,4416.0,4848.0,5105.0,0.9312290382112742,0.2074977142779631,0.3490740538753623,0.37465727005794824,0.292027070889161,0.48610114718182584,0.2218717819290127,0.28361344537815136,0.5105042016806725,0.6171218487394958,0.69765406162465,0.5365896358543418,0.7776610644257704,0.8545168067226891,0.9003851540616248
b0-target100,43,wk inc flu prop ed visits,2025-2026,US,1,1.0,112.0,0.5106611360915745,0.1032311999315892,0.1360772453920833,0.2713526907679016,0.7423845510703511,43.0,68.0,80.0,85.0,0.6028013693817165,0.1877798880054818,0.29317511462773,0.1218463667485042,0.8967672429209468,75.0,89.0,96.0,100.0,0.8471466091979043,0.17125243102462054,0.225741433752308,0.450152744420975,0.31151204616221184,0.4863544270452387,0.20213352679254865,0.38392857142857145,0.6071428571428571,0.7142857142857143,0.7589285714285714,0.6696428571428571,0.7946428571428571,0.8571428571428571,0.8928571428571429
b0-target100,43,wk inc rsv hosp,2025-2026,all,52,0.20000000000000007,6032.0,102738.62217391303,49156.75260869565,30251.60869565217,23330.260869565216,158257.0,2867.0,4323.0,4838.0,5161.0,174064.93092191094,53052.087440608055,105063.50795633462,15949.335524968266,270304.41698893777,2589.0,4305.0,4948.0,5364.0,0.7490320063044467,0.2898700785701808,0.2720309061528673,0.18713102158139855,0.30674063025043297,0.5745971360277671,0.11866223372180022,0.5148073022312375,0.7530087897227858,0.829006085192698,0.8774509803921571,0.44066937119675464,0.7187964841108859,0.8279918864097365,0.8953684922244761
b0-target100,43,wk inc rsv hosp,2025-2026,states_dc,51,0.0,5916.0,65783.87999999999,28097.836521739133,23186.86956521739,14499.173913043478,101097.0,2787.0,4217.0,4728.0,5048.0,94740.19007535864,28170.04025877443,55907.86834298157,10662.281473602627,146919.94591427944,2532.0,4219.0,4848.0,5257.0,0.8198233740802688,0.29596827931481307,0.31777338777808467,0.2060817069873712,0.30500748188385424,0.5633274152930453,0.1316651028231006,0.47109533468559844,0.7128127112914132,0.799188640973631,0.8532792427315754,0.4279918864097364,0.7131507775524004,0.8194726166328602,0.8886071670047331
b0-target100,43,wk inc rsv hosp,2025-2026,US,1,1.0,116.0,36954.74217391304,21058.91608695652,7064.739130434782,8831.08695652174,57160.0,80.0,106.0,110.0,113.0,79324.7408465523,24882.04718183363,49155.63961335304,5287.05405136564,123384.47107465833,57.0,86.0,100.0,107.0,0.4658665352011573,0.26547727559165174,0.08906097965199766,0.11132827995750794,0.31367322371674766,0.6196760189666538,0.06665075731659867,0.6896551724137931,0.9137931034482759,0.9482758620689655,0.9741379310344828,0.49137931034482757,0.7413793103448276,0.8620689655172413,0.9224137931034483
b0-target100,43,wk inc rsv prop ed visits,2025-2026,all,51,0.2,5586.0,3.315095379644611,1.1516243004753717,1.608121811010838,0.5553492681583817,4.986795422966809,2401.0,3894.0,4485.0,4851.0,4.530466181091006,1.2624880197885668,3.0078391482014353,0.2601390131009845,6.751646223879154,2706.0,4144.0,4680.0,5001.0,0.8181594198944591,0.2713727281390905,0.3574957013101761,0.1892909904451855,0.3535959682986677,0.5860545127207138,0.060349518980613026,0.393855679152737,0.6774900592509476,0.7886673007629053,0.8486461538158299,0.5147666229916434,0.7725612543865138,0.8615424030084597,0.9086279020936869
b0-target100,43,wk inc rsv prop ed visits,2025-2026,states_dc,50,0.0,5475.0,3.267935343405009,1.1402075352827408,1.5891633186577363,0.5385644894645129,4.916697276580132,2374.0,3827.0,4403.0,4765.0,4.481922043258964,1.2402717937371133,2.9831665637207228,0.25848368580110964,6.672332609887618,2633.0,4042.0,4572.0,4893.0,0.7798273322105889,0.2804201126661805,0.3492342931052934,0.15017292643910948,0.3275824533044075,0.6055055048001257,0.06691204189546196,0.4315087881301105,0.6959616731627836,0.8011494412689468,0.8671139985760936,0.4790438643251399,0.7359718382534125,0.8336847605173316,0.8925416343738655
b0-target100,43,wk inc rsv prop ed visits,2025-2026,US,1,1.0,111.0,0.0471600362396021,0.0114167651926309,0.0189584923531017,0.0167847786938689,0.07009814638667711,27.0,67.0,82.0,86.0,0.0485441378320411,0.0222162260514535,0.024672584480712398,0.0016553272998748388,0.0793136139915364,73.0,102.0,108.0,108.0,0.9714877706299393,0.2351831900307306,0.39054133412970676,0.3457632464694896,0.4576500282757085,0.5082505444030668,0.03409942732121726,0.24324324324324326,0.6036036036036037,0.7387387387387387,0.7747747747747747,0.6576576576576577,0.918918918918919,0.972972972972973,0.972972972972973
b0-target100,44,wk inc covid hosp,2024-2025,all,52,0.20000000000000007,6968.0,189810.9204347826,78818.00739130435,79995.08695652173,30997.82608695652,300771.0,3811.0,5661.0,6245.0,6541.0,294095.7264372725,135467.5071866996,122015.56154699085,36612.65770358205,459783.4153206482,3786.0,5746.0,6312.0,6600.0,0.7177340624756389,0.29569044672045025,0.30008382625376406,0.1219597895014246,0.43807851857461183,0.40762840559217417,0.15429307583321422,0.5107696810067313,0.7947322212467078,0.8933567456833482,0.9417617793386013,0.5601112086625697,0.845946736903717,0.9204565408252856,0.9555458004097164
b0-target100,44,wk inc covid hosp,2024-2025,states_dc,51,0.0,6834.0,119927.31652173912,53902.35999999999,48084.95652173912,17940.0,184944.0,3764.0,5565.0,6127.0,6413.0,177711.5257127561,72412.19438985428,79788.8120383263,25510.51928457551,270242.3766800353,3701.0,5620.0,6180.0,6467.0,0.7470535517103761,0.31609280557372044,0.3065599755406691,0.12440077059598664,0.4121516864040482,0.4188300047704274,0.16901830882552457,0.5507755340942349,0.8143107989464444,0.8965466783728417,0.9383962540239978,0.5415569212759732,0.8223587942639744,0.9043020193151889,0.9462979221539363
b0-target100,44,wk inc covid hosp,2024-2025,US,1,1.0,134.0,69883.60391304348,24915.64739130435,31910.130434782608,13057.826086956522,115827.0,47.0,96.0,118.0,128.0,116384.20072451643,63055.312796845334,42226.74950866455,11102.138419006547,189541.03864061285,85.0,126.0,132.0,133.0,0.6004561055366894,0.21408101130736937,0.27417922910614373,0.1121958651231763,0.5417858472568664,0.36282200887916094,0.0953921438639727,0.35074626865671643,0.7164179104477612,0.8805970149253731,0.9552238805970149,0.6343283582089553,0.9402985074626866,0.9850746268656716,0.9925373134328358
b0-target100,44,wk inc covid hosp,2025-2026,all,52,0.20000000000000007,9048.0,217113.15608695653,46056.15608695653,57456.913043478264,113600.08695652176,302611.0,3714.0,5932.0,6835.0,7387.0,251503.70978939498,102039.96804152087,70756.4623304223,78707.27941745178,396424.6389596296,4576.0,7150.0,7993.0,8484.0,0.916839727207657,0.22676475806955193,0.2539734270979429,0.4361015420401622,0.40395831795921766,0.3059835764748293,0.2900581055659533,0.40261437908496744,0.6459995492449855,0.7485913905792204,0.8078882127563671,0.5195176921343252,0.7918187964841111,0.8741717376605818,0.9417399143565476
b0-target100,44,wk inc covid hosp,2025-2026,states_dc,51,0.0,8874.0,121290.0543478261,33539.83695652174,34102.739130434784,53647.478260869575,179359.0,3650.0,5827.0,6710.0,7253.0,137533.1523161514,55676.68777243521,42712.03193647525,39144.43260724092,215812.05818140364,4475.0,7011.0,7848.0,8317.0,0.9358569920095294,0.25600078853550423,0.26623825952629154,0.41361794394773366,0.40324777134415013,0.32096263893170385,0.27578958972414624,0.4113139508677035,0.6566373675907146,0.7561415370746001,0.8173315303132749,0.5042821726391706,0.7900608519269778,0.8843813387423937,0.937232364210052
b0-target100,44,wk inc covid hosp,2025-2026,US,1,1.0,174.0,95823.10173913043,12516.319130434782,23354.17391304348,59952.608695652176,123252.0,64.0,105.0,125.0,134.0,113970.55747324359,46363.28026908566,28044.430393947056,39562.84681021086,180612.58077822594,101.0,139.0,145.0,167.0,0.840770668000167,0.10982063620574277,0.20491409738454816,0.5260359344098761,0.4068005044194873,0.2460673266473311,0.34713216893318144,0.367816091954023,0.603448275862069,0.7183908045977011,0.7701149425287356,0.5804597701149425,0.7988505747126436,0.8333333333333334,0.9597701149425287
b0-target100,44,wk inc covid prop ed visits,2025-2026,all,52,0.20000000000000007,5586.0,2.543116344857253,0.6329503598825466,0.5153056200288751,1.39486036494581,3.686675664543071,1521.0,2633.0,3174.0,3560.0,2.497840451560441,1.156219767170679,0.6581087464717353,0.683511937918007,3.786811202370366,2935.0,4515.0,4987.0,5231.0,1.1035138421799857,0.29094605471732615,0.1592173181180575,0.653350469344592,0.5391906708735537,0.22979719203944518,0.23101213708699175,0.24745540759381593,0.4677420106485851,0.5586051984667902,0.6498300187573545,0.5674912912283157,0.8383349061549756,0.9090629478172733,0.9467491524238932
b0-target100,44,wk inc covid prop ed visits,2025-2026,states_dc,51,0.0,5476.0,2.5062754773910156,0.6227574749077285,0.514522219434007,1.3689957830492594,3.628446900671617,1505.0,2582.0,3116.0,3481.0,2.4713671885012656,1.136099226909532,0.6552800338668678,0.6799879277248464,3.7540446838962405,2849.0,4405.0,4877.0,5121.0,1.0314859322117653,0.26742615912786016,0.19162361181499396,0.5724361612689017,0.48398021401572555,0.26053357031454893,0.2554862156697165,0.27295562312863353,0.4687684224016405,0.5664383162653059,0.6327420689012386,0.5139095685808489,0.7979186326937193,0.8863286847715915,0.9334364405298663
b0-target100,44,wk inc covid prop ed visits,2025-2026,US,1,1.0,110.0,0.0368408674662373,0.0101928849748181,0.0007834005948681656,0.0258645818965507,0.0582287638714536,16.0,51.0,58.0,79.0,0.026473263059175398,0.020120540261147,0.0028287126048675,0.0035240101931606,0.0327665184741256,86.0,110.0,110.0,110.0,1.3916254820528662,0.38502563707519,0.029592143330311748,0.977007701647352,0.7600324983048661,0.10685167893903028,0.13311582275609238,0.14545454545454545,0.4636363636363636,0.5272727272727272,0.7181818181818181,0.7818181818181819,1.0,1.0,1.0
b0-target100,44,wk inc flu hosp,2023-2024,all,52,0.20000000000000007,6234.0,359424.12,112246.5547826087,201563.08695652173,45614.47826086957,546598.0,2023.0,3456.0,4145.0,4629.0,393119.194762158,131720.98634605427,185716.16682836536,75682.04158773835,620754.5171976062,3024.0,4757.0,5382.0,5728.0,0.9657906580576419,0.2647801830486434,0.5622214472436703,0.13878902776532814,0.3526672245819764,0.4468351050536226,0.20049767036440125,0.35533014915367866,0.5889098374392494,0.6913532763532766,0.7669624601977545,0.4678087816323111,0.7560507792860736,0.8716247695659463,0.92149824032177
b0-target100,44,wk inc flu hosp,2023-2024,states_dc,51,0.0,6114.0,218764.14956521738,57758.540869565215,130468.47826086957,30537.13043478261,333275.0,1964.0,3367.0,4048.0,4524.0,216945.88649337352,75382.4111622646,102632.95431514291,38930.521015966006,336315.5148954264,2977.0,4670.0,5273.0,5616.0,1.0076337800096506,0.2536536208321539,0.6018894933279846,0.15209066584951225,0.36088637046977284,0.44064405113040317,0.1984695783998241,0.3212460197754316,0.5507206301323949,0.6621082621082621,0.739953075247193,0.4868443103737222,0.7638134741075919,0.8624476286240994,0.918539467068879
b0-target100,44,wk inc flu hosp,2023-2024,US,1,1.0,120.0,140659.97043478262,54488.013913043476,71094.60869565218,15077.347826086956,213323.0,59.0,89.0,97.0,105.0,176173.30826878446,56338.57518378966,83083.21251322246,36751.520571772344,284439.0023021797,47.0,87.0,109.0,112.0,0.7984181702496057,0.3092864319146013,0.40354926290641263,0.0855824754285917,0.3197906410307906,0.47159932074649974,0.20861003822270968,0.49166666666666664,0.7416666666666667,0.8083333333333333,0.875,0.39166666666666666,0.725,0.9083333333333333,0.9333333333333333
b0-target100,44,wk inc flu hosp,2024-2025,all,52,0.20000000000000007,5616.0,663574.8808695653,230725.4895652174,290260.0869565217,142589.3043478261,1000020.0,2378.0,3867.0,4436.0,4782.0,997209.4752173913,214134.4317391304,732659.1304347826,50415.91304347826,1363610.0,2943.0,4023.0,4381.0,4604.0,0.7168557271946643,0.22801261346488935,0.31783749392728744,0.17100561980248757,0.22108396855954704,0.7136002994462363,0.0653157319942169,0.4529048656499638,0.7169571532316632,0.8115468409586059,0.870334059549746,0.5315541031227307,0.7208424110384897,0.7796659404502544,0.8137618010167031
b0-target100,44,wk inc flu hosp,2024-2025,states_dc,51,0.0,5508.0,383842.03130434785,119223.2052173913,177111.4347826087,87507.39130434784,578959.0,2315.0,3776.0,4338.0,4679.0,545536.7908695652,116470.22565217389,390693.86956521735,38372.69565217391,755891.0,2882.0,3943.0,4297.0,4519.0,0.7412380412870669,0.22329945753690167,0.3346692965514154,0.18326928719874996,0.22229800226947322,0.7027232314120877,0.07497876631843926,0.42029774872912135,0.6855482933914308,0.7875816993464053,0.8494916485112565,0.5232389251997096,0.7158678286129267,0.7801379811183734,0.8204429920116196
b0-target100,44,wk inc flu hosp,2024-2025,US,1,1.0,108.0,279732.8495652174,111502.28434782609,113148.65217391305,55081.91304347826,421061.0,63.0,91.0,98.0,103.0,451672.6843478261,97664.20608695652,341965.26086956525,12043.217391304348,607719.0,61.0,80.0,84.0,85.0,0.6193264708250532,0.24686523717684003,0.25051028343077536,0.12195095021743783,0.2162278337198422,0.7571085715828304,0.02666359469732744,0.5833333333333334,0.8425925925925926,0.9074074074074074,0.9537037037037037,0.5648148148148148,0.7407407407407407,0.7777777777777778,0.7870370370370371
b0-target100,44,wk inc flu hosp,2025-2026,all,52,0.20000000000000007,5824.0,598012.4460869564,181692.40260869567,261125.5652173913,155194.47826086957,939509.0,2213.0,3703.0,4332.0,4755.0,681987.2230434783,182493.35347826086,344539.7391304348,154954.13043478262,1021199.0,3056.0,4510.0,4990.0,5252.0,0.908327675434013,0.25225093189505127,0.4498076909110654,0.20626905262789635,0.2795215027822053,0.5126519392462101,0.20782655797158484,0.41855742296918785,0.6733193277310926,0.7795168067226893,0.8469887955182076,0.5267507002801122,0.7781162464985996,0.8568627450980395,0.8984943977591038
b0-target100,44,wk inc flu hosp,2025-2026,states_dc,51,0.0,5712.0,333328.73913043475,93151.78260869566,158306.04347826086,81870.91304347829,508462.0,2147.0,3609.0,4227.0,4645.0,369731.63260869565,98349.24130434783,189960.8260869565,81421.56521739133,551635.0,2996.0,4421.0,4894.0,5153.0,0.9234968895528045,0.24442572666031262,0.479939612901643,0.1991315499908489,0.2820338995276028,0.5170549996731875,0.2009111007992099,0.3758753501400561,0.6318277310924372,0.7400210084033615,0.813200280112045,0.5245098039215688,0.7739845938375352,0.8567927170868349,0.9021358543417369
b0-target100,44,wk inc flu hosp,2025-2026,US,1,1.0,112.0,264683.7069565217,88540.62,102819.52173913043,73323.5652173913,431047.0,66.0,94.0,105.0,110.0,312255.5904347826,84144.11217391305,154578.91304347827,73532.5652173913,469564.0,60.0,89.0,96.0,99.0,0.8476508189588468,0.2835517528340057,0.3292800029487549,0.23481906317608614,0.26947191580061497,0.4950396975383006,0.2354883866610844,0.5892857142857143,0.8392857142857143,0.9375,0.9821428571428571,0.5357142857142857,0.7946428571428571,0.8571428571428571,0.8839285714285714
b0-target100,44,wk inc flu prop ed visits,2025-2026,all,52,0.20000000000000007,5768.0,38.117774147832314,8.254482270341038,14.421331902772492,15.441959974718765,56.15956692916099,1670.0,2929.0,3554.0,4027.0,37.45877191682501,10.32540181251476,18.66849846028443,8.464871644025802,55.69990942461097,3125.0,4505.0,4944.0,5205.0,1.0084621119120825,0.2316736471285636,0.3600498719269961,0.41673859285652204,0.29592406594377124,0.48615180315450846,0.21792413090171991,0.30031512605042027,0.5242647058823531,0.63718487394958,0.7218137254901963,0.5632002801120448,0.781057422969188,0.855042016806723,0.8988795518207284
b0-target100,44,wk inc flu prop ed visits,2025-2026,states_dc,51,0.0,5656.0,37.53029920065859,8.119550828476498,14.259213479360358,15.151534892821717,55.25311280490532,1631.0,2862.0,3472.0,3934.0,36.85597054744329,10.13762192450928,18.3753233456567,8.343025277277297,54.80314218169003,3050.0,4416.0,4848.0,5105.0,1.0169339717543269,0.23363189992710096,0.3828269155854664,0.40047515624175883,0.292027070889161,0.48610114718182584,0.2218717819290127,0.2883403361344538,0.5057773109243698,0.6134453781512605,0.6946778711484596,0.5365896358543418,0.7776610644257704,0.8545168067226891,0.9003851540616248
b0-target100,44,wk inc flu prop ed visits,2025-2026,US,1,1.0,112.0,0.5874749471737212,0.1349314418645391,0.1621184234121327,0.29042508189704896,0.9064541242556645,39.0,67.0,82.0,93.0,0.6028013693817165,0.1877798880054818,0.29317511462773,0.1218463667485042,0.8967672429209468,75.0,89.0,96.0,100.0,0.9745746725431043,0.22384063593441414,0.26894169729311485,0.4817923393155746,0.31151204616221184,0.4863544270452387,0.20213352679254865,0.3482142857142857,0.5982142857142857,0.7321428571428571,0.8303571428571429,0.6696428571428571,0.7946428571428571,0.8571428571428571,0.8928571428571429
b0-target100,44,wk inc rsv hosp,2025-2026,all,52,0.20000000000000007,6032.0,129302.23347826087,58430.58130434783,62992.78260869565,7878.869565217392,207172.0,2625.0,4295.0,4899.0,5224.0,174064.93092191094,53052.087440608055,105063.50795633462,15949.335524968266,270304.41698893777,2589.0,4305.0,4948.0,5364.0,0.8688854151341927,0.3181067279668359,0.4714013857033694,0.07937730146398728,0.30674063025043297,0.5745971360277671,0.11866223372180022,0.4630155510480055,0.7619337390128467,0.8467883705206222,0.8907369844489522,0.44066937119675464,0.7187964841108859,0.8279918864097365,0.8953684922244761
b0-target100,44,wk inc rsv hosp,2025-2026,states_dc,51,0.0,5916.0,79661.44695652173,30494.14260869565,43614.78260869565,5552.521739130435,127874.0,2557.0,4181.0,4783.0,5108.0,94740.19007535864,28170.04025877443,55907.86834298157,10662.281473602627,146919.94591427944,2532.0,4219.0,4848.0,5257.0,0.9296587742821028,0.3095888780838896,0.5281799914805871,0.09188990471762606,0.30500748188385424,0.5633274152930453,0.1316651028231006,0.4322177146720758,0.7067275185936444,0.8084854631507776,0.8634212305611901,0.4279918864097364,0.7131507775524004,0.8194726166328602,0.8886071670047331
b0-target100,44,wk inc rsv hosp,2025-2026,US,1,1.0,116.0,49640.78652173913,27936.438695652174,19378.0,2326.3478260869565,79298.0,68.0,114.0,116.0,116.0,79324.7408465523,24882.04718183363,49155.63961335304,5287.05405136564,123384.47107465833,57.0,86.0,100.0,107.0,0.6257919785425516,0.3521781274986211,0.24428696259449836,0.029326888449432188,0.31367322371674766,0.6196760189666538,0.06665075731659867,0.5862068965517241,0.9827586206896551,1.0,1.0,0.49137931034482757,0.7413793103448276,0.8620689655172413,0.9224137931034483
b0-target100,44,wk inc rsv prop ed visits,2025-2026,all,51,0.2,5586.0,2.8993429977782497,1.1438359821059343,1.2871782417841517,0.4683287738881436,4.393374329286183,2672.0,4226.0,4748.0,5045.0,4.530466181091006,1.2624880197885668,3.0078391482014353,0.2601390131009845,6.751646223879154,2706.0,4144.0,4680.0,5001.0,0.6428404829766129,0.283429136808275,0.24449432953268607,0.11491701663564569,0.3535959682986677,0.5860545127207138,0.060349518980613026,0.49632965461092726,0.7842600345410116,0.8705591869546966,0.916017710692033,0.5147666229916434,0.7725612543865138,0.8615424030084597,0.9086279020936869
b0-target100,44,wk inc rsv prop ed visits,2025-2026,states_dc,50,0.0,5475.0,2.8727939216711844,1.1293520051846722,1.2804579046338442,0.4629840118526481,4.35271027675322,2607.0,4124.0,4640.0,4936.0,4.481922043258964,1.2402717937371133,2.9831665637207228,0.25848368580110964,6.672332609887618,2633.0,4042.0,4572.0,4893.0,0.6668241250318092,0.2796946290447746,0.2710084953599428,0.11612100062708623,0.3275824533044075,0.6055055048001257,0.06691204189546196,0.4740156718672627,0.7505953134465347,0.8449557404501273,0.8995266428695459,0.4790438643251399,0.7359718382534125,0.8336847605173316,0.8925416343738655
b0-target100,44,wk inc rsv prop ed visits,2025-2026,US,1,1.0,111.0,0.0265490761070654,0.0144839769212621,0.0067203371503074,0.0053447620354955,0.0406640525329623,65.0,102.0,108.0,109.0,0.0485441378320411,0.0222162260514535,0.024672584480712398,0.0016553272998748388,0.0793136139915364,73.0,102.0,108.0,108.0,0.5469059147558273,0.2983671678622766,0.13843766622365894,0.1101010806698835,0.4576500282757085,0.5082505444030668,0.03409942732121726,0.5855855855855856,0.918918918918919,0.972972972972973,0.9819819819819819,0.6576576576576577,0.918918918918919,0.972972972972973,0.972972972972973
latest-best,42,wk inc covid hosp,2024-2025,all,52,0.20000000000000007,6968.0,287661.60391304345,113335.56043478262,159049.73913043478,15276.304347826086,428959.0,3369.0,5204.0,5797.0,6128.0,294095.7264372725,135467.5071866996,122015.56154699085,36612.65770358205,459783.4153206482,3786.0,5746.0,6312.0,6600.0,0.958215783491871,0.3438684113408226,0.5076776875662495,0.10666968458479895,0.43807851857461183,0.40762840559217417,0.15429307583321422,0.5291776412057361,0.7811237928007024,0.8519168861574482,0.8947907521217444,0.5601112086625697,0.845946736903717,0.9204565408252856,0.9555458004097164
latest-best,42,wk inc covid hosp,2024-2025,states_dc,51,0.0,6834.0,165215.72782608695,57641.42347826087,94328.34782608696,13245.95652173913,251719.0,3271.0,5079.0,5671.0,5999.0,177711.5257127561,72412.19438985428,79788.8120383263,25510.51928457551,270242.3766800353,3701.0,5620.0,6180.0,6467.0,0.9347488998091411,0.31020128416496595,0.4955718145693231,0.12897580107485204,0.4121516864040482,0.4188300047704274,0.16901830882552457,0.47863623061164773,0.7431957857769975,0.8298214808311386,0.8778167983611357,0.5415569212759732,0.8223587942639744,0.9043020193151889,0.9462979221539363
latest-best,42,wk inc covid hosp,2024-2025,US,1,1.0,134.0,122445.87608695652,55694.13695652174,64721.391304347824,2030.3478260869565,177240.0,98.0,125.0,126.0,129.0,116384.20072451643,63055.312796845334,42226.74950866455,11102.138419006547,189541.03864061285,85.0,126.0,132.0,133.0,1.0520833182227902,0.47853692004424897,0.5561011795539548,0.017445218624586575,0.5417858472568664,0.36282200887916094,0.0953921438639727,0.7313432835820896,0.9328358208955224,0.9402985074626866,0.9626865671641791,0.6343283582089553,0.9402985074626866,0.9850746268656716,0.9925373134328358
latest-best,42,wk inc covid hosp,2025-2026,all,52,0.20000000000000007,9048.0,322270.8326086956,74491.09347826088,75429.95652173914,172349.78260869562,476650.0,2622.0,4434.0,5459.0,6165.0,251503.70978939498,102039.96804152087,70756.4623304223,78707.27941745178,396424.6389596296,4576.0,7150.0,7993.0,8484.0,1.2640368454303714,0.2679458113132465,0.34021898220571944,0.6558720519114053,0.40395831795921766,0.3059835764748293,0.2900581055659533,0.2893396439035385,0.5098940725715575,0.6308992562542259,0.7114942528735634,0.5195176921343252,0.7918187964841111,0.8741717376605818,0.9417399143565476
latest-best,42,wk inc covid hosp,2025-2026,states_dc,51,0.0,8874.0,172619.36173913043,38970.14434782609,46301.30434782609,87347.91304347826,252550.0,2572.0,4330.0,5328.0,6018.0,137533.1523161514,55676.68777243521,42712.03193647525,39144.43260724092,215812.05818140364,4475.0,7011.0,7848.0,8317.0,1.2517782256318817,0.2570153224376144,0.3613786025166865,0.6333843006775808,0.40324777134415013,0.32096263893170385,0.27578958972414624,0.28983547441965296,0.48794230335812494,0.6004056795131847,0.67816091954023,0.5042821726391706,0.7900608519269778,0.8843813387423937,0.937232364210052
latest-best,42,wk inc covid hosp,2025-2026,US,1,1.0,174.0,149651.4708695652,35520.94913043478,29128.652173913044,85001.86956521738,224100.0,50.0,104.0,131.0,147.0,113970.55747324359,46363.28026908566,28044.430393947056,39562.84681021086,180612.58077822594,101.0,139.0,145.0,167.0,1.3130713246243293,0.3116677668157751,0.25558050096185114,0.7458230568467029,0.4068005044194873,0.2460673266473311,0.34713216893318144,0.28735632183908044,0.5977011494252874,0.7528735632183908,0.8448275862068966,0.5804597701149425,0.7988505747126436,0.8333333333333334,0.9597701149425287
latest-best,42,wk inc covid prop ed visits,2025-2026,all,52,0.20000000000000007,5586.0,4.4634761724797745,0.7722079417157361,0.27960759289174836,3.4116606378722714,6.378016667899455,951.0,1802.0,2333.0,2808.0,2.497840451560441,1.156219767170679,0.6581087464717353,0.683511937918007,3.786811202370366,2935.0,4515.0,4987.0,5231.0,1.9891152975261863,0.3459311766991274,0.10559341189551724,1.5375907089315326,0.5391906708735537,0.22979719203944518,0.23101213708699175,0.16132350028543802,0.30563466265888417,0.401903929723999,0.5004634581105171,0.5674912912283157,0.8383349061549756,0.9090629478172733,0.9467491524238932
latest-best,42,wk inc covid prop ed visits,2025-2026,states_dc,51,0.0,5476.0,4.3913373089657854,0.7600573158965402,0.2784900865018374,3.35278990656739,6.272753551485542,937.0,1777.0,2296.0,2754.0,2.4713671885012656,1.136099226909532,0.6552800338668678,0.6799879277248464,3.7540446838962405,2849.0,4405.0,4877.0,5121.0,1.8051514719864006,0.3176696551464171,0.12143860423886668,1.3660432126011086,0.48398021401572555,0.26053357031454893,0.2554862156697165,0.1698361935386157,0.3252251465054234,0.41828900306408967,0.5028520499108735,0.5139095685808489,0.7979186326937193,0.8863286847715915,0.9334364405298663
latest-best,42,wk inc covid prop ed visits,2025-2026,US,1,1.0,110.0,0.0721388635139886,0.0121506258191959,0.001117506389911,0.0588707313048814,0.1052631164139135,14.0,25.0,37.0,54.0,0.026473263059175398,0.020120540261147,0.0028287126048675,0.0035240101931606,0.0327665184741256,86.0,110.0,110.0,110.0,2.724970599685327,0.4589772629099684,0.0422126425221194,2.223780694253228,0.7600324983048661,0.10685167893903028,0.13311582275609238,0.12727272727272726,0.22727272727272727,0.33636363636363636,0.4909090909090909,0.7818181818181819,1.0,1.0,1.0
latest-best,42,wk inc flu hosp,2023-2024,all,52,0.20000000000000007,6234.0,452877.66869565216,107724.23391304348,326808.0,18345.434782608696,664515.0,2456.0,4020.0,4649.0,5052.0,393119.194762158,131720.98634605427,185716.16682836536,75682.04158773835,620754.5171976062,3024.0,4757.0,5382.0,5728.0,1.1175538191122651,0.254576479402911,0.7951001775246349,0.06787716218471923,0.3526672245819764,0.4468351050536226,0.20049767036440125,0.4135143288084465,0.6673470755823698,0.7665518686106924,0.8223504273504275,0.4678087816323111,0.7560507792860736,0.8716247695659463,0.92149824032177
latest-best,42,wk inc flu hosp,2023-2024,states_dc,51,0.0,6114.0,249557.4786956522,54185.95695652173,182465.13043478262,12906.391304347826,364157.0,2396.0,3928.0,4546.0,4947.0,216945.88649337352,75382.4111622646,102632.95431514291,38930.521015966006,336315.5148954264,2977.0,4670.0,5273.0,5616.0,1.108419296150426,0.2422467223329089,0.7890444348478074,0.07712813896970964,0.36088637046977284,0.44064405113040317,0.1984695783998241,0.3918929110105581,0.6425171778112955,0.743606502430032,0.8091880341880343,0.4868443103737222,0.7638134741075919,0.8624476286240994,0.918539467068879
latest-best,42,wk inc flu hosp,2023-2024,US,1,1.0,120.0,203320.19,53538.276956521746,144342.86956521738,5439.04347826087,300358.0,60.0,92.0,103.0,105.0,176173.30826878446,56338.57518378966,83083.21251322246,36751.520571772344,284439.0023021797,47.0,87.0,109.0,112.0,1.154091910959622,0.30389550768291956,0.8193231482319447,0.030873255044757512,0.3197906410307906,0.47159932074649974,0.20861003822270968,0.5,0.7666666666666667,0.8583333333333333,0.875,0.39166666666666666,0.725,0.9083333333333333,0.9333333333333333
latest-best,42,wk inc flu hosp,2024-2025,all,52,0.20000000000000007,5616.0,683952.6060869566,266936.3452173913,304023.17391304346,112993.08695652173,1077434.0,2362.0,3923.0,4568.0,4919.0,997209.4752173913,214134.4317391304,732659.1304347826,50415.91304347826,1363610.0,2943.0,4023.0,4381.0,4604.0,0.7267594672863776,0.2634708248429637,0.31937387270273887,0.14391476974067513,0.22108396855954704,0.7136002994462363,0.0653157319942169,0.4249818445896878,0.7285039941902689,0.8392519970951345,0.8953522149600583,0.5315541031227307,0.7208424110384897,0.7796659404502544,0.8137618010167031
latest-best,42,wk inc flu hosp,2024-2025,states_dc,51,0.0,5508.0,384636.9665217391,136733.79260869566,179483.2608695652,68419.91304347826,603491.0,2314.0,3830.0,4465.0,4813.0,545536.7908695652,116470.22565217389,390693.86956521735,38372.69565217391,755891.0,2882.0,3943.0,4297.0,4519.0,0.7427786781564162,0.25727165767353977,0.3302847280820008,0.1552222924008756,0.22229800226947322,0.7027232314120877,0.07497876631843926,0.4201161946259986,0.6953522149600582,0.8106390704429922,0.8738198983297024,0.5232389251997096,0.7158678286129267,0.7801379811183734,0.8204429920116196
latest-best,42,wk inc flu hosp,2024-2025,US,1,1.0,108.0,299315.6395652174,130202.55260869565,124539.91304347826,44573.17391304348,473943.0,48.0,93.0,103.0,106.0,451672.6843478261,97664.20608695652,341965.26086956525,12043.217391304348,607719.0,61.0,80.0,84.0,85.0,0.6626826238062231,0.28826749352065906,0.27573045118569095,0.09868467909987307,0.2162278337198422,0.7571085715828304,0.02666359469732744,0.4444444444444444,0.8611111111111112,0.9537037037037037,0.9814814814814815,0.5648148148148148,0.7407407407407407,0.7777777777777778,0.7870370370370371
latest-best,42,wk inc flu hosp,2025-2026,all,52,0.20000000000000007,5824.0,756115.9382608696,167519.46000000002,384700.6956521739,203895.78260869565,1081095.0,2121.0,3562.0,4218.0,4591.0,681987.2230434783,182493.35347826086,344539.7391304348,154954.13043478262,1021199.0,3056.0,4510.0,4990.0,5252.0,1.1261420143355632,0.25083680560929245,0.5614476638652227,0.313857544861048,0.2795215027822053,0.5126519392462101,0.20782655797158484,0.4007352941176472,0.6387605042016808,0.7470938375350142,0.8075630252100843,0.5267507002801122,0.7781162464985996,0.8568627450980395,0.8984943977591038
latest-best,42,wk inc flu hosp,2025-2026,states_dc,51,0.0,5712.0,425711.29695652175,89159.94913043479,209724.30434782605,126827.04347826086,603745.0,2058.0,3477.0,4123.0,4491.0,369731.63260869565,98349.24130434783,189960.8260869565,81421.56521739133,551635.0,2996.0,4421.0,4894.0,5153.0,1.1431469126832958,0.25080933129633215,0.5617189003814728,0.33061868100549074,0.2820338995276028,0.5170549996731875,0.2009111007992099,0.3602941176470589,0.608718487394958,0.7218137254901962,0.7862394957983194,0.5245098039215688,0.7739845938375352,0.8567927170868349,0.9021358543417369
latest-best,42,wk inc flu hosp,2025-2026,US,1,1.0,112.0,330404.64130434784,78359.51086956522,174976.39130434784,77068.73913043478,477350.0,63.0,85.0,95.0,100.0,312255.5904347826,84144.11217391305,154578.91304347827,73532.5652173913,469564.0,60.0,89.0,96.0,99.0,1.0581224209446325,0.2509467028611336,0.5603627178002222,0.24681300028327685,0.26947191580061497,0.4950396975383006,0.2354883866610844,0.5625,0.7589285714285714,0.8482142857142857,0.8928571428571429,0.5357142857142857,0.7946428571428571,0.8571428571428571,0.8839285714285714
latest-best,42,wk inc flu prop ed visits,2025-2026,all,52,0.20000000000000007,5768.0,47.69852125064386,10.212031192941218,18.756091963317537,18.73039809438508,68.77807429319549,2141.0,3565.0,4195.0,4542.0,37.45877191682501,10.32540181251476,18.66849846028443,8.464871644025802,55.69990942461097,3125.0,4505.0,4944.0,5205.0,1.2390144946544153,0.2842527251654767,0.49222649274566455,0.4625352767432735,0.29592406594377124,0.48615180315450846,0.21792413090171991,0.41428571428571437,0.6450280112044819,0.7507002801120449,0.8013655462184877,0.5632002801120448,0.781057422969188,0.855042016806723,0.8988795518207284
latest-best,42,wk inc flu prop ed visits,2025-2026,states_dc,51,0.0,5656.0,47.04226516540382,10.052471240557537,18.478831187664415,18.510962737181842,67.84436475977351,2073.0,3479.0,4099.0,4445.0,36.85597054744329,10.13762192450928,18.3753233456567,8.343025277277297,54.80314218169003,3050.0,4416.0,4848.0,5105.0,1.276598827332021,0.28914155762144955,0.5002946679390441,0.487162601771527,0.292027070889161,0.48610114718182584,0.2218717819290127,0.3660714285714286,0.6143207282913166,0.7240896358543418,0.7851890756302522,0.5365896358543418,0.7776610644257704,0.8545168067226891,0.9003851540616248
latest-best,42,wk inc flu prop ed visits,2025-2026,US,1,1.0,112.0,0.6562560852400415,0.1595599523836811,0.2772607756531229,0.2194353572032371,0.9337095334219746,68.0,86.0,96.0,97.0,0.6028013693817165,0.1877798880054818,0.29317511462773,0.1218463667485042,0.8967672429209468,75.0,89.0,96.0,100.0,1.0886771639439916,0.26469739534158515,0.45995379197214625,0.36402597663025943,0.31151204616221184,0.4863544270452387,0.20213352679254865,0.6071428571428571,0.7678571428571429,0.8571428571428571,0.8660714285714286,0.6696428571428571,0.7946428571428571,0.8571428571428571,0.8928571428571429
latest-best,42,wk inc rsv hosp,2025-2026,all,52,0.20000000000000007,6032.0,196890.9947826087,52567.77739130435,139355.04347826086,4968.173913043478,320736.0,2152.0,3694.0,4438.0,4909.0,174064.93092191094,53052.087440608055,105063.50795633462,15949.335524968266,270304.41698893777,2589.0,4305.0,4948.0,5364.0,1.1573725532997927,0.28859988082572857,0.8183951175864697,0.05037755488759449,0.30674063025043297,0.5745971360277671,0.11866223372180022,0.35456389452332665,0.6282285327924275,0.7574374577417176,0.835429344151454,0.44066937119675464,0.7187964841108859,0.8279918864097365,0.8953684922244761
latest-best,42,wk inc rsv hosp,2025-2026,states_dc,51,0.0,5916.0,108114.11826086955,27646.292173913043,76707.99999999999,3759.826086956522,170684.0,2112.0,3613.0,4339.0,4801.0,94740.19007535864,28170.04025877443,55907.86834298157,10662.281473602627,146919.94591427944,2532.0,4219.0,4848.0,5257.0,1.1669263233447003,0.2822072521171512,0.8255553588621531,0.059163712365396096,0.30500748188385424,0.5633274152930453,0.1316651028231006,0.3569979716024341,0.6107167004732929,0.7334347532116295,0.811528059499662,0.4279918864097364,0.7131507775524004,0.8194726166328602,0.8886071670047331
latest-best,42,wk inc rsv hosp,2025-2026,US,1,1.0,116.0,88776.87652173913,24921.485217391302,62647.043478260865,1208.3478260869565,150052.0,40.0,81.0,99.0,108.0,79324.7408465523,24882.04718183363,49155.63961335304,5287.05405136564,123384.47107465833,57.0,86.0,100.0,107.0,1.1191574731201615,0.31417039566003785,0.7897541524837355,0.015232924976388057,0.31367322371674766,0.6196760189666538,0.06665075731659867,0.3448275862068966,0.6982758620689655,0.853448275862069,0.9310344827586207,0.49137931034482757,0.7413793103448276,0.8620689655172413,0.9224137931034483
latest-best,42,wk inc rsv prop ed visits,2025-2026,all,51,0.2,5586.0,3.9143363198788625,1.2804728886187207,2.445105833346093,0.1887575979140304,6.024599128256518,2591.0,4194.0,4741.0,5074.0,4.530466181091006,1.2624880197885668,3.0078391482014353,0.2601390131009845,6.751646223879154,2706.0,4144.0,4680.0,5001.0,0.9348229950790379,0.3417372823151804,0.5568139832549306,0.036271729508921505,0.3535959682986677,0.5860545127207138,0.060349518980613026,0.490371901572474,0.7766416900510631,0.8666806627043511,0.924075250597332,0.5147666229916434,0.7725612543865138,0.8615424030084597,0.9086279020936869
latest-best,42,wk inc rsv prop ed visits,2025-2026,states_dc,50,0.0,5475.0,3.8644220633338247,1.2598751226068698,2.4162798396718093,0.18826710105512776,5.942356768641214,2523.0,4095.0,4636.0,4964.0,4.481922043258964,1.2402717937371133,2.9831665637207228,0.25848368580110964,6.672332609887618,2633.0,4042.0,4572.0,4893.0,0.9114726976700749,0.3210940880191746,0.5475649832491912,0.04281362640170405,0.3275824533044075,0.6055055048001257,0.06691204189546196,0.4598117238124393,0.7478291395908558,0.8468643418939522,0.9073463154989172,0.4790438643251399,0.7359718382534125,0.8336847605173316,0.8925416343738655
latest-best,42,wk inc rsv prop ed visits,2025-2026,US,1,1.0,111.0,0.0499142565450377,0.0205977660118509,0.0288259936742838,0.000490496858902648,0.0822423596153033,68.0,99.0,105.0,110.0,0.0485441378320411,0.0222162260514535,0.024672584480712398,0.0016553272998748388,0.0793136139915364,73.0,102.0,108.0,108.0,1.0282241847148899,0.4243100594992036,0.5938099832778877,0.010104141937791307,0.4576500282757085,0.5082505444030668,0.03409942732121726,0.6126126126126126,0.8918918918918919,0.9459459459459459,0.990990990990991,0.6576576576576577,0.918918918918919,0.972972972972973,0.972972972972973
latest-best,43,wk inc covid hosp,2024-2025,all,52,0.20000000000000007,6968.0,271463.7343478261,94785.43,142269.8260869565,34408.47826086957,394541.0,3073.0,4814.0,5453.0,5816.0,294095.7264372725,135467.5071866996,122015.56154699085,36612.65770358205,459783.4153206482,3786.0,5746.0,6312.0,6600.0,0.9314795904371121,0.3066693006030041,0.43920527552314675,0.18560501431096124,0.43807851857461183,0.40762840559217417,0.15429307583321422,0.47389522973368464,0.7148375768217736,0.8006438396254025,0.8486391571553996,0.5601112086625697,0.845946736903717,0.9204565408252856,0.9555458004097164
latest-best,43,wk inc covid hosp,2024-2025,states_dc,51,0.0,6834.0,164898.33608695655,52359.29260869564,85709.86956521738,26829.17391304348,241154.0,2990.0,4704.0,5335.0,5694.0,177711.5257127561,72412.19438985428,79788.8120383263,25510.51928457551,270242.3766800353,3701.0,5620.0,6180.0,6467.0,0.9354408440949832,0.2922028268205824,0.42751253384923316,0.21572548342516756,0.4121516864040482,0.4188300047704274,0.16901830882552457,0.437518290898449,0.688323090430202,0.7806555458004099,0.833187006145742,0.5415569212759732,0.8223587942639744,0.9043020193151889,0.9462979221539363
latest-best,43,wk inc covid hosp,2024-2025,US,1,1.0,134.0,106565.39826086957,42426.13739130435,56559.95652173913,7579.304347826087,153387.0,83.0,110.0,118.0,122.0,116384.20072451643,63055.312796845334,42226.74950866455,11102.138419006547,189541.03864061285,85.0,126.0,132.0,133.0,0.9156345758056271,0.3645351957326906,0.4859762422188008,0.06512313785413573,0.5417858472568664,0.36282200887916094,0.0953921438639727,0.6194029850746269,0.8208955223880597,0.8805970149253731,0.9104477611940298,0.6343283582089553,0.9402985074626866,0.9850746268656716,0.9925373134328358
latest-best,43,wk inc covid hosp,2025-2026,all,52,0.20000000000000007,9048.0,319833.15347826085,88730.76217391304,100167.21739130435,130935.17391304349,482067.0,2957.0,5062.0,6050.0,6738.0,251503.70978939498,102039.96804152087,70756.4623304223,78707.27941745178,396424.6389596296,4576.0,7150.0,7993.0,8484.0,1.2498976813347826,0.31644506957519347,0.47614382652750925,0.45730878523207996,0.40395831795921766,0.3059835764748293,0.2900581055659533,0.3237773270227632,0.5760423709713772,0.6905341446923599,0.7684471489745326,0.5195176921343252,0.7918187964841111,0.8741717376605818,0.9417399143565476
latest-best,43,wk inc covid hosp,2025-2026,states_dc,51,0.0,8874.0,172072.38956521737,45701.69391304348,66291.91304347826,60078.782608695656,255568.0,2903.0,4949.0,5913.0,6586.0,137533.1523161514,55676.68777243521,42712.03193647525,39144.43260724092,215812.05818140364,4475.0,7011.0,7848.0,8317.0,1.2382516288267693,0.30116996821105324,0.5208726438883979,0.416209016727318,0.40324777134415013,0.32096263893170385,0.27578958972414624,0.32713545188190224,0.557696641875141,0.6663286004056796,0.7421681316204644,0.5042821726391706,0.7900608519269778,0.8843813387423937,0.937232364210052
latest-best,43,wk inc covid hosp,2025-2026,US,1,1.0,174.0,147760.76391304348,43029.068260869564,33875.30434782609,70856.39130434782,226499.0,54.0,113.0,137.0,152.0,113970.55747324359,46363.28026908566,28044.430393947056,39562.84681021086,180612.58077822594,101.0,139.0,145.0,167.0,1.2964818913668354,0.3775454750317539,0.2972285570839544,0.6217078592511271,0.4068005044194873,0.2460673266473311,0.34713216893318144,0.3103448275862069,0.6494252873563219,0.7873563218390804,0.8735632183908046,0.5804597701149425,0.7988505747126436,0.8333333333333334,0.9597701149425287
latest-best,43,wk inc covid prop ed visits,2025-2026,all,52,0.20000000000000007,5586.0,4.829732223914559,0.8494910454022006,0.20939805415844884,3.7708431243538927,6.788655831177832,834.0,1625.0,2083.0,2427.0,2.497840451560441,1.156219767170679,0.6581087464717353,0.683511937918007,3.786811202370366,2935.0,4515.0,4987.0,5231.0,2.334385865670411,0.37697428315600595,0.07262314791103716,1.8847884346033594,0.5391906708735537,0.22979719203944518,0.23101213708699175,0.135360758682558,0.26725362040240935,0.3457280999149512,0.40609415958896933,0.5674912912283157,0.8383349061549756,0.9090629478172733,0.9467491524238932
latest-best,43,wk inc covid prop ed visits,2025-2026,states_dc,51,0.0,5476.0,4.7325734956962675,0.8367896379544397,0.20913895983236014,3.6866448979094515,6.6554371306561135,827.0,1608.0,2059.0,2397.0,2.4713671885012656,1.136099226909532,0.6552800338668678,0.6799879277248464,3.7540446838962405,2849.0,4405.0,4877.0,5121.0,2.000464835273273,0.35127223731125995,0.08833218016206001,1.5608604177999452,0.48398021401572555,0.26053357031454893,0.2554862156697165,0.15329185744410662,0.29543066186664807,0.3776146703482345,0.4394358813043935,0.5139095685808489,0.7979186326937193,0.8863286847715915,0.9334364405298663
latest-best,43,wk inc covid prop ed visits,2025-2026,US,1,1.0,110.0,0.097158728218291,0.0127014074477608,0.00025909432608870007,0.08419822644444121,0.1332187005217185,7.0,17.0,24.0,30.0,0.026473263059175398,0.020120540261147,0.0028287126048675,0.0035240101931606,0.0327665184741256,86.0,110.0,110.0,110.0,3.670069987258962,0.47978246653498974,0.009787018906945824,3.1805005018170154,0.7600324983048661,0.10685167893903028,0.13311582275609238,0.06363636363636363,0.15454545454545454,0.21818181818181817,0.2727272727272727,0.7818181818181819,1.0,1.0,1.0
latest-best,43,wk inc flu hosp,2023-2024,all,52,0.20000000000000007,6234.0,365253.4073913044,211718.27695652173,103926.13043478262,49609.0,519368.0,3553.0,5081.0,5492.0,5737.0,393119.194762158,131720.98634605427,185716.16682836536,75682.04158773835,620754.5171976062,3024.0,4757.0,5382.0,5728.0,0.9632950866333542,0.4969235943122561,0.30272414540194625,0.1636473469191519,0.3526672245819764,0.4468351050536226,0.20049767036440125,0.6062577509636334,0.8338377744260099,0.8906854365677896,0.9288721300486009,0.4678087816323111,0.7560507792860736,0.8716247695659463,0.92149824032177
latest-best,43,wk inc flu hosp,2023-2024,states_dc,51,0.0,6114.0,205260.0695652174,105096.85217391304,69261.4347826087,30901.782608695652,306322.0,3461.0,4971.0,5380.0,5621.0,216945.88649337352,75382.4111622646,102632.95431514291,38930.521015966006,336315.5148954264,2977.0,4670.0,5273.0,5616.0,0.9770791617021445,0.4698525933143378,0.32921399610573054,0.17801257228207618,0.36088637046977284,0.44064405113040317,0.1984695783998241,0.5661555220378751,0.8131305513658456,0.8800234623764037,0.9194234958940843,0.4868443103737222,0.7638134741075919,0.8624476286240994,0.918539467068879
latest-best,43,wk inc flu hosp,2023-2024,US,1,1.0,120.0,159993.33782608696,106621.4247826087,34664.69565217391,18707.217391304348,213046.0,92.0,110.0,112.0,116.0,176173.30826878446,56338.57518378966,83083.21251322246,36751.520571772344,284439.0023021797,47.0,87.0,109.0,112.0,0.9081587863581922,0.6052075983039287,0.19676474258680893,0.1061864454674546,0.3197906410307906,0.47159932074649974,0.20861003822270968,0.7666666666666667,0.9166666666666666,0.9333333333333333,0.9666666666666667,0.39166666666666666,0.725,0.9083333333333333,0.9333333333333333
latest-best,43,wk inc flu hosp,2024-2025,all,52,0.20000000000000007,5616.0,861546.8660869565,239465.6052173913,455997.7826086957,166083.47826086957,1350731.0,2063.0,3516.0,4221.0,4655.0,997209.4752173913,214134.4317391304,732659.1304347826,50415.91304347826,1363610.0,2943.0,4023.0,4381.0,4604.0,0.8697686188681757,0.23227927973824425,0.45931452598584477,0.1781748131440867,0.22108396855954704,0.7136002994462363,0.0653157319942169,0.3781408859840233,0.6369644153957881,0.7615468409586059,0.8450617283950619,0.5315541031227307,0.7208424110384897,0.7796659404502544,0.8137618010167031
latest-best,43,wk inc flu hosp,2024-2025,states_dc,51,0.0,5508.0,472656.702173913,120572.18043478261,261852.65217391308,90231.86956521738,726184.0,2017.0,3442.0,4134.0,4556.0,545536.7908695652,116470.22565217389,390693.86956521735,38372.69565217391,755891.0,2882.0,3943.0,4297.0,4519.0,0.8719607831665134,0.22454180774287608,0.46668418488851804,0.18073479053511932,0.22229800226947322,0.7027232314120877,0.07497876631843926,0.36619462599854763,0.6249092229484388,0.7505446623093683,0.8271604938271606,0.5232389251997096,0.7158678286129267,0.7801379811183734,0.8204429920116196
latest-best,43,wk inc flu hosp,2024-2025,US,1,1.0,108.0,388890.16391304345,118893.4247826087,194145.13043478262,75851.60869565218,624547.0,46.0,74.0,87.0,99.0,451672.6843478261,97664.20608695652,341965.26086956525,12043.217391304348,607719.0,61.0,80.0,84.0,85.0,0.8609999616748246,0.26322916771971694,0.4298358903751516,0.16793490357995622,0.2162278337198422,0.7571085715828304,0.02666359469732744,0.42592592592592593,0.6851851851851852,0.8055555555555556,0.9166666666666666,0.5648148148148148,0.7407407407407407,0.7777777777777778,0.7870370370370371
latest-best,43,wk inc flu hosp,2025-2026,all,52,0.20000000000000007,5824.0,713942.7995652175,148620.6691304348,452563.13043478265,112758.99999999997,993315.0,2186.0,3490.0,4109.0,4511.0,681987.2230434783,182493.35347826086,344539.7391304348,154954.13043478262,1021199.0,3056.0,4510.0,4990.0,5252.0,1.0565466797270378,0.21521336289230542,0.6479624346049682,0.19337088222976395,0.2795215027822053,0.5126519392462101,0.20782655797158484,0.4131302521008404,0.641841736694678,0.7400560224089638,0.7996498599439777,0.5267507002801122,0.7781162464985996,0.8568627450980395,0.8984943977591038
latest-best,43,wk inc flu hosp,2025-2026,states_dc,51,0.0,5712.0,401764.8439130435,75989.06130434784,245750.86956521744,80024.91304347824,556969.0,2121.0,3397.0,4009.0,4409.0,369731.63260869565,98349.24130434783,189960.8260869565,81421.56521739133,551635.0,2996.0,4421.0,4894.0,5153.0,1.0707455060980944,0.21086593702305656,0.6443737332256025,0.21550583584943528,0.2820338995276028,0.5170549996731875,0.2009111007992099,0.3713235294117648,0.5947128851540617,0.7018557422969188,0.7718837535014007,0.5245098039215688,0.7739845938375352,0.8567927170868349,0.9021358543417369
latest-best,43,wk inc flu hosp,2025-2026,US,1,1.0,112.0,312177.95565217396,72631.60782608695,206812.26086956522,32734.086956521736,436346.0,65.0,93.0,100.0,102.0,312255.5904347826,84144.11217391305,154578.91304347827,73532.5652173913,469564.0,60.0,89.0,96.0,99.0,0.99975137424281,0.2326030663693008,0.6623172401224304,0.10483106775107856,0.26947191580061497,0.4950396975383006,0.2354883866610844,0.5803571428571429,0.8303571428571429,0.8928571428571429,0.9107142857142857,0.5357142857142857,0.7946428571428571,0.8571428571428571,0.8839285714285714
latest-best,43,wk inc flu prop ed visits,2025-2026,all,52,0.20000000000000007,5768.0,43.64311838878481,8.671829643044553,21.103168794490998,13.868119951249248,62.64079520478944,1815.0,3231.0,3917.0,4402.0,37.45877191682501,10.32540181251476,18.66849846028443,8.464871644025802,55.69990942461097,3125.0,4505.0,4944.0,5205.0,1.1293082148547668,0.2471206682378089,0.5481916141339239,0.33399593248303333,0.29592406594377124,0.48615180315450846,0.21792413090171991,0.3311624649859945,0.6059173669467788,0.7161414565826332,0.7924719887955185,0.5632002801120448,0.781057422969188,0.855042016806723,0.8988795518207284
latest-best,43,wk inc flu prop ed visits,2025-2026,states_dc,51,0.0,5656.0,43.04845818536172,8.519032145550062,20.80594590952126,13.72348013029038,61.73071170017819,1769.0,3140.0,3818.0,4299.0,36.85597054744329,10.13762192450928,18.3753233456567,8.343025277277297,54.80314218169003,3050.0,4416.0,4848.0,5105.0,1.1650116568665512,0.24553108148797,0.5619721778492348,0.3575083975293458,0.292027070889161,0.48610114718182584,0.2218717819290127,0.31127450980392163,0.5542717086834734,0.6741946778711486,0.7606792717086835,0.5365896358543418,0.7776610644257704,0.8545168067226891,0.9003851540616248
latest-best,43,wk inc flu prop ed visits,2025-2026,US,1,1.0,112.0,0.5946602034230971,0.15279749749449162,0.2972228849697371,0.1446398209588681,0.9100835046112536,46.0,91.0,99.0,103.0,0.6028013693817165,0.1877798880054818,0.29317511462773,0.1218463667485042,0.8967672429209468,75.0,89.0,96.0,100.0,0.9864944468076282,0.2534790152371643,0.4930693592726801,0.23994607229778328,0.31151204616221184,0.4863544270452387,0.20213352679254865,0.4107142857142857,0.8125,0.8839285714285714,0.9196428571428571,0.6696428571428571,0.7946428571428571,0.8571428571428571,0.8928571428571429
latest-best,43,wk inc rsv hosp,2025-2026,all,52,0.20000000000000007,6032.0,152418.65304347826,46152.392173913046,81340.52173913043,24925.73913043478,232174.0,2262.0,3586.0,4181.0,4580.0,174064.93092191094,53052.087440608055,105063.50795633462,15949.335524968266,270304.41698893777,2589.0,4305.0,4948.0,5364.0,0.9795215797993614,0.24612781744105386,0.5469536069276565,0.18644015543065096,0.30674063025043297,0.5745971360277671,0.11866223372180022,0.41869506423258973,0.6215686274509805,0.7242731575388779,0.7909398242055445,0.44066937119675464,0.7187964841108859,0.8279918864097365,0.8953684922244761
latest-best,43,wk inc rsv hosp,2025-2026,states_dc,51,0.0,5916.0,88325.48695652174,23511.573913043478,50392.434782608696,14421.478260869564,133058.0,2191.0,3500.0,4081.0,4472.0,94740.19007535864,28170.04025877443,55907.86834298157,10662.281473602627,146919.94591427944,2532.0,4219.0,4848.0,5257.0,1.022405833939426,0.2363049270856361,0.5861559605545146,0.19994494629927545,0.30500748188385424,0.5633274152930453,0.1316651028231006,0.3703515889114267,0.5916159567275187,0.6898242055442867,0.7559161595672752,0.4279918864097364,0.7131507775524004,0.8194726166328602,0.8886071670047331
latest-best,43,wk inc rsv hosp,2025-2026,US,1,1.0,116.0,64093.166086956524,22640.818260869564,30948.08695652174,10504.260869565216,99116.0,71.0,86.0,100.0,108.0,79324.7408465523,24882.04718183363,49155.63961335304,5287.05405136564,123384.47107465833,57.0,86.0,100.0,107.0,0.8079845632391021,0.28541937886272467,0.39014419242022447,0.1324209919561529,0.31367322371674766,0.6196760189666538,0.06665075731659867,0.6120689655172413,0.7413793103448276,0.8620689655172413,0.9310344827586207,0.49137931034482757,0.7413793103448276,0.8620689655172413,0.9224137931034483
latest-best,43,wk inc rsv prop ed visits,2025-2026,all,51,0.2,5586.0,3.529517493417606,1.0059146233000302,1.8532607685270106,0.6703421015905446,5.253427229657398,2220.0,3654.0,4189.0,4595.0,4.530466181091006,1.2624880197885668,3.0078391482014353,0.2601390131009845,6.751646223879154,2706.0,4144.0,4680.0,5001.0,0.8079566248083152,0.27257568525689624,0.3810561824022827,0.15432475714913008,0.3535959682986677,0.5860545127207138,0.060349518980613026,0.4193192879125346,0.692582448745641,0.7821548876618046,0.851048577882166,0.5147666229916434,0.7725612543865138,0.8615424030084597,0.9086279020936869
latest-best,43,wk inc rsv prop ed visits,2025-2026,states_dc,50,0.0,5475.0,3.4917409092152787,0.9890438576438794,1.8385030523350072,0.6641939992363716,5.1935548927173265,2163.0,3559.0,4087.0,4487.0,4.481922043258964,1.2402717937371133,2.9831665637207228,0.25848368580110964,6.672332609887618,2633.0,4042.0,4572.0,4893.0,0.8153981698599416,0.2538359661894416,0.4003186918180732,0.16124351185242092,0.3275824533044075,0.6055055048001257,0.06691204189546196,0.3957707315122897,0.6517640969680871,0.7479638798475261,0.8205674791094643,0.4790438643251399,0.7359718382534125,0.8336847605173316,0.8925416343738655
latest-best,43,wk inc rsv prop ed visits,2025-2026,US,1,1.0,111.0,0.0377765842023276,0.0168707656561508,0.0147577161920033,0.0061481023541731,0.059872336940071394,57.0,95.0,102.0,108.0,0.0485441378320411,0.0222162260514535,0.024672584480712398,0.0016553272998748388,0.0793136139915364,73.0,102.0,108.0,108.0,0.7781904446018099,0.3475345615267146,0.30400614473912047,0.12664973833596654,0.4576500282757085,0.5082505444030668,0.03409942732121726,0.5135135135135135,0.8558558558558559,0.918918918918919,0.972972972972973,0.6576576576576577,0.918918918918919,0.972972972972973,0.972972972972973
latest-best,44,wk inc covid hosp,2024-2025,all,52,0.20000000000000007,6968.0,316564.9517391304,111416.03869565218,189938.2608695652,15210.652173913044,481331.0,3221.0,5013.0,5722.0,6106.0,294095.7264372725,135467.5071866996,122015.56154699085,36612.65770358205,459783.4153206482,3786.0,5746.0,6312.0,6600.0,1.0348822984760373,0.3363381905711745,0.6073207011474343,0.09122340675742863,0.43807851857461183,0.40762840559217417,0.15429307583321422,0.4870939420544339,0.7518876207199299,0.8417617793386014,0.8894644424934155,0.5601112086625697,0.845946736903717,0.9204565408252856,0.9555458004097164
latest-best,44,wk inc covid hosp,2024-2025,states_dc,51,0.0,6834.0,179303.72652173913,56578.07434782609,110297.73913043477,12427.913043478262,274500.0,3141.0,4893.0,5597.0,5979.0,177711.5257127561,72412.19438985428,79788.8120383263,25510.51928457551,270242.3766800353,3701.0,5620.0,6180.0,6467.0,0.9987578160277837,0.3026276165255256,0.5880784257851686,0.10805177371708954,0.4121516864040482,0.4188300047704274,0.16901830882552457,0.45961369622475867,0.7159789288849869,0.8189932689493709,0.8748902546093065,0.5415569212759732,0.8223587942639744,0.9043020193151889,0.9462979221539363
latest-best,44,wk inc covid hosp,2024-2025,US,1,1.0,134.0,137261.22521739133,54837.964347826084,79640.52173913043,2782.7391304347825,206831.0,80.0,120.0,125.0,127.0,116384.20072451643,63055.312796845334,42226.74950866455,11102.138419006547,189541.03864061285,85.0,126.0,132.0,133.0,1.1793802282690518,0.47118048675376967,0.6842898025964971,0.023909938918784842,0.5417858472568664,0.36282200887916094,0.0953921438639727,0.5970149253731343,0.8955223880597015,0.9328358208955224,0.9477611940298507,0.6343283582089553,0.9402985074626866,0.9850746268656716,0.9925373134328358
latest-best,44,wk inc covid hosp,2025-2026,all,52,0.20000000000000007,9048.0,292896.5686956522,72918.09043478261,74585.26086956522,145393.21739130435,440791.0,2997.0,5067.0,6100.0,6778.0,251503.70978939498,102039.96804152087,70756.4623304223,78707.27941745178,396424.6389596296,4576.0,7150.0,7993.0,8484.0,1.1618037923502604,0.2900652067737107,0.3171010716398251,0.5546375139367248,0.40395831795921766,0.3059835764748293,0.2900581055659533,0.3273833671399595,0.5606040117196306,0.6749154834347533,0.7572233491097591,0.5195176921343252,0.7918187964841111,0.8741717376605818,0.9417399143565476
latest-best,44,wk inc covid hosp,2025-2026,states_dc,51,0.0,8874.0,157230.80826086955,43154.98217391304,42295.13043478261,71780.69565217392,239056.0,2943.0,4969.0,5982.0,6640.0,137533.1523161514,55676.68777243521,42712.03193647525,39144.43260724092,215812.05818140364,4475.0,7011.0,7848.0,8317.0,1.1546652501288213,0.2972946727248087,0.32554635689754413,0.5318242205064685,0.40324777134415013,0.32096263893170385,0.27578958972414624,0.3316430020283976,0.5599504169483887,0.6741041244083842,0.7482533243182332,0.5042821726391706,0.7900608519269778,0.8843813387423937,0.937232364210052
latest-best,44,wk inc covid hosp,2025-2026,US,1,1.0,174.0,135665.7604347826,29763.108260869565,32290.130434782608,73612.52173913043,201735.0,54.0,98.0,118.0,138.0,113970.55747324359,46363.28026908566,28044.430393947056,39562.84681021086,180612.58077822594,101.0,139.0,145.0,167.0,1.1903579612360176,0.26114734296931846,0.283319930608949,0.64589068765775,0.4068005044194873,0.2460673266473311,0.34713216893318144,0.3103448275862069,0.5632183908045977,0.6781609195402298,0.7931034482758621,0.5804597701149425,0.7988505747126436,0.8333333333333334,0.9597701149425287
latest-best,44,wk inc covid prop ed visits,2025-2026,all,52,0.20000000000000007,5586.0,4.610882164053818,0.9349304710471201,0.20772937926922064,3.4682223137374577,6.672934691082537,945.0,1879.0,2399.0,2856.0,2.497840451560441,1.156219767170679,0.6581087464717353,0.683511937918007,3.786811202370366,2935.0,4515.0,4987.0,5231.0,2.1465904321012133,0.40052589335675215,0.07257899955592029,1.6734855391885315,0.5391906708735537,0.22979719203944518,0.23101213708699175,0.15725117379096623,0.30944811436160924,0.4027837778010789,0.47899968543567173,0.5674912912283157,0.8383349061549756,0.9090629478172733,0.9467491524238932
latest-best,44,wk inc covid prop ed visits,2025-2026,states_dc,51,0.0,5476.0,4.5263214804461365,0.9226402017470635,0.20751896294821778,3.3961623157508365,6.557400714568086,934.0,1858.0,2368.0,2819.0,2.4713671885012656,1.136099226909532,0.6552800338668678,0.6799879277248464,3.7540446838962405,2849.0,4405.0,4877.0,5121.0,1.8846900540068652,0.3845943291268248,0.08873668498166717,1.411359039898365,0.48398021401572555,0.26053357031454893,0.2554862156697165,0.17156396723870776,0.3390828702247388,0.43302517679680314,0.5146586977036804,0.5139095685808489,0.7979186326937193,0.8863286847715915,0.9334364405298663
latest-best,44,wk inc covid prop ed visits,2025-2026,US,1,1.0,110.0,0.0845606836076811,0.0122902693000566,0.00021041632100284437,0.0720599979866213,0.115533976514451,11.0,21.0,31.0,37.0,0.026473263059175398,0.020120540261147,0.0028287126048675,0.0035240101931606,0.0327665184741256,86.0,110.0,110.0,110.0,3.1941919444786055,0.4642521502764618,0.007948257852932714,2.7219915363491975,0.7600324983048661,0.10685167893903028,0.13311582275609238,0.1,0.19090909090909092,0.2818181818181818,0.33636363636363636,0.7818181818181819,1.0,1.0,1.0
latest-best,44,wk inc flu hosp,2023-2024,all,52,0.20000000000000007,6234.0,384677.692173913,138849.9965217391,174616.60869565216,71211.08695652174,584531.0,2614.0,4168.0,4856.0,5255.0,393119.194762158,131720.98634605427,185716.16682836536,75682.04158773835,620754.5171976062,3024.0,4757.0,5382.0,5728.0,0.9773232716663252,0.3264175397306409,0.43036549572451854,0.2205402362111657,0.3526672245819764,0.4468351050536226,0.20049767036440125,0.44651248533601484,0.6882662979721805,0.7890497737556563,0.8550703871292109,0.4678087816323111,0.7560507792860736,0.8716247695659463,0.92149824032177
latest-best,44,wk inc flu hosp,2023-2024,states_dc,51,0.0,6114.0,211024.96695652173,69411.35826086957,97242.0,44371.608695652176,324257.0,2546.0,4075.0,4756.0,5146.0,216945.88649337352,75382.4111622646,102632.95431514291,38930.521015966006,336315.5148954264,2977.0,4670.0,5273.0,5616.0,0.9752309410880554,0.30948452569062546,0.42815787476817757,0.23758854062925241,0.36088637046977284,0.44064405113040317,0.1984695783998241,0.4164739400033518,0.6665828724652256,0.7779788838612369,0.8417546505781802,0.4868443103737222,0.7638134741075919,0.8624476286240994,0.918539467068879
latest-best,44,wk inc flu hosp,2023-2024,US,1,1.0,120.0,173652.7252173913,69438.63826086956,77374.60869565218,26839.478260869568,260274.0,68.0,93.0,100.0,109.0,176173.30826878446,56338.57518378966,83083.21251322246,36751.520571772344,284439.0023021797,47.0,87.0,109.0,112.0,0.9856925939794038,0.39414959589070253,0.4391959795498823,0.15234701853881893,0.3197906410307906,0.47159932074649974,0.20861003822270968,0.5666666666666667,0.775,0.8333333333333334,0.9083333333333333,0.39166666666666666,0.725,0.9083333333333333,0.9333333333333333
latest-best,44,wk inc flu hosp,2024-2025,all,52,0.20000000000000007,5616.0,712761.565652174,295780.3917391305,360301.8695652174,56679.30434782608,1093321.0,2785.0,4295.0,4812.0,5061.0,997209.4752173913,214134.4317391304,732659.1304347826,50415.91304347826,1363610.0,2943.0,4023.0,4381.0,4604.0,0.7491880604158863,0.28573474975778385,0.3735039690037413,0.08994934165436108,0.22108396855954704,0.7136002994462363,0.0653157319942169,0.5188453159041396,0.7944807552650692,0.8763979665940452,0.9142701525054469,0.5315541031227307,0.7208424110384897,0.7796659404502544,0.8137618010167031
latest-best,44,wk inc flu hosp,2024-2025,states_dc,51,0.0,5508.0,397499.10000000003,147526.9695652174,211751.91304347827,38220.217391304344,606623.0,2718.0,4195.0,4708.0,4956.0,545536.7908695652,116470.22565217389,390693.86956521735,38372.69565217391,755891.0,2882.0,3943.0,4297.0,4519.0,0.7619878806610496,0.2751104407146788,0.3846578335560359,0.102219606390335,0.22229800226947322,0.7027232314120877,0.07497876631843926,0.4934640522875818,0.7616194625998549,0.8547567175018158,0.8997821350762529,0.5232389251997096,0.7158678286129267,0.7801379811183734,0.8204429920116196
latest-best,44,wk inc flu hosp,2024-2025,US,1,1.0,108.0,315262.4656521739,148253.42217391304,148549.95652173914,18459.08695652174,486698.0,67.0,100.0,104.0,105.0,451672.6843478261,97664.20608695652,341965.26086956525,12043.217391304348,607719.0,61.0,80.0,84.0,85.0,0.6979887794352319,0.3282319859302038,0.3288885107945627,0.04086828271046536,0.2162278337198422,0.7571085715828304,0.02666359469732744,0.6203703703703703,0.9259259259259259,0.9629629629629629,0.9722222222222222,0.5648148148148148,0.7407407407407407,0.7777777777777778,0.7870370370370371
latest-best,44,wk inc flu hosp,2025-2026,all,52,0.20000000000000007,5824.0,777928.0086956522,137493.44347826086,582473.1304347827,57961.43478260869,1061149.0,2060.0,3414.0,3995.0,4393.0,681987.2230434783,182493.35347826086,344539.7391304348,154954.13043478262,1021199.0,3056.0,4510.0,4990.0,5252.0,1.1184998880455865,0.19722316146677155,0.817699680649673,0.10357704592914205,0.2795215027822053,0.5126519392462101,0.20782655797158484,0.36092436974789927,0.6130952380952381,0.7158613445378154,0.778186274509804,0.5267507002801122,0.7781162464985996,0.8568627450980395,0.8984943977591038
latest-best,44,wk inc flu hosp,2025-2026,states_dc,51,0.0,5712.0,424305.8873913044,69607.49608695651,310275.7391304349,44422.65217391304,573291.0,2016.0,3332.0,3900.0,4294.0,369731.63260869565,98349.24130434783,189960.8260869565,81421.56521739133,551635.0,2996.0,4421.0,4894.0,5153.0,1.1150057325403493,0.19217768521820508,0.804196243688571,0.11863180363357337,0.2820338995276028,0.5170549996731875,0.2009111007992099,0.3529411764705883,0.5833333333333335,0.6827731092436976,0.7517507002801121,0.5245098039215688,0.7739845938375352,0.8567927170868349,0.9021358543417369
latest-best,44,wk inc flu hosp,2025-2026,US,1,1.0,112.0,353622.1213043478,67885.94739130435,272197.39130434784,13538.782608695652,487858.0,44.0,82.0,95.0,99.0,312255.5904347826,84144.11217391305,154578.91304347827,73532.5652173913,469564.0,60.0,89.0,96.0,99.0,1.1324765100665346,0.21740506646103727,0.8717134284940807,0.04335801511141671,0.26947191580061497,0.4950396975383006,0.2354883866610844,0.39285714285714285,0.7321428571428571,0.8482142857142857,0.8839285714285714,0.5357142857142857,0.7946428571428571,0.8571428571428571,0.8839285714285714
latest-best,44,wk inc flu prop ed visits,2025-2026,all,52,0.20000000000000007,5768.0,44.347859460636556,7.604156568979386,29.609894342644985,7.133808549012172,62.75506770268249,1736.0,3158.0,3896.0,4366.0,37.45877191682501,10.32540181251476,18.66849846028443,8.464871644025802,55.69990942461097,3125.0,4505.0,4944.0,5205.0,1.192956627104963,0.216285333706245,0.8100750423390756,0.16659625105964185,0.29592406594377124,0.48615180315450846,0.21792413090171991,0.3009103641456583,0.5730742296918769,0.7000700280112047,0.7830532212885156,0.5632002801120448,0.781057422969188,0.855042016806723,0.8988795518207284
latest-best,44,wk inc flu prop ed visits,2025-2026,states_dc,51,0.0,5656.0,43.63670108391305,7.472581889504715,29.100227538312712,7.063891656095609,61.697216637585626,1702.0,3081.0,3806.0,4266.0,36.85597054744329,10.13762192450928,18.3753233456567,8.343025277277297,54.80314218169003,3050.0,4416.0,4848.0,5105.0,1.1962568484185447,0.21578865926247554,0.801219530145139,0.17924865901092946,0.292027070889161,0.48610114718182584,0.2218717819290127,0.30024509803921573,0.544467787114846,0.6741946778711485,0.7556022408963586,0.5365896358543418,0.7776610644257704,0.8545168067226891,0.9003851540616248
latest-best,44,wk inc flu prop ed visits,2025-2026,US,1,1.0,112.0,0.7111583767235059,0.1315746794746704,0.5096668043322718,0.0699168929165632,1.0578510650968642,34.0,77.0,90.0,100.0,0.6028013693817165,0.1877798880054818,0.29317511462773,0.1218463667485042,0.8967672429209468,75.0,89.0,96.0,100.0,1.1797557418506355,0.2182720314813226,0.8454970911148207,0.11598661925449143,0.31151204616221184,0.4863544270452387,0.20213352679254865,0.30357142857142855,0.6875,0.8035714285714286,0.8928571428571429,0.6696428571428571,0.7946428571428571,0.8571428571428571,0.8928571428571429
latest-best,44,wk inc rsv hosp,2025-2026,all,52,0.20000000000000007,6032.0,131520.55826086958,63554.25391304349,37184.434782608696,30781.86956521739,203971.0,2984.0,4531.0,5018.0,5321.0,174064.93092191094,53052.087440608055,105063.50795633462,15949.335524968266,270304.41698893777,2589.0,4305.0,4948.0,5364.0,0.867310843662136,0.3551907966940515,0.27343484997680567,0.23868519699127883,0.30674063025043297,0.5745971360277671,0.11866223372180022,0.5290398918187966,0.7779580797836378,0.8581135902636919,0.9038539553752538,0.44066937119675464,0.7187964841108859,0.8279918864097365,0.8953684922244761
latest-best,44,wk inc rsv hosp,2025-2026,states_dc,51,0.0,5916.0,76173.83869565217,34113.49086956523,23377.130434782608,18683.217391304344,118522.0,2905.0,4427.0,4905.0,5205.0,94740.19007535864,28170.04025877443,55907.86834298157,10662.281473602627,146919.94591427944,2532.0,4219.0,4848.0,5257.0,0.9097077308064286,0.3512029325953528,0.29827843654536657,0.26022636166570934,0.30500748188385424,0.5633274152930453,0.1316651028231006,0.49104124408384053,0.7483096686950643,0.829107505070994,0.8798174442190672,0.4279918864097364,0.7131507775524004,0.8194726166328602,0.8886071670047331
latest-best,44,wk inc rsv hosp,2025-2026,US,1,1.0,116.0,55346.7195652174,29440.763043478262,13807.304347826088,12098.652173913044,85449.0,79.0,104.0,113.0,116.0,79324.7408465523,24882.04718183363,49155.63961335304,5287.05405136564,123384.47107465833,57.0,86.0,100.0,107.0,0.6977232950849651,0.37114225308884635,0.17406050370256199,0.15252053829355672,0.31367322371674766,0.6196760189666538,0.06665075731659867,0.6810344827586207,0.896551724137931,0.9741379310344828,1.0,0.49137931034482757,0.7413793103448276,0.8620689655172413,0.9224137931034483
latest-best,44,wk inc rsv prop ed visits,2025-2026,all,51,0.2,5586.0,3.8864614020348855,1.662508187383622,0.696152902629957,1.5278003120212864,6.07279595057158,2652.0,4291.0,4806.0,5096.0,4.530466181091006,1.2624880197885668,3.0078391482014353,0.2601390131009845,6.751646223879154,2706.0,4144.0,4680.0,5001.0,0.9399735086920318,0.4402681352785175,0.11094228160022683,0.3887630918132814,0.3535959682986677,0.5860545127207138,0.060349518980613026,0.4845048555667756,0.786153272775358,0.8819404329364917,0.9273973457295073,0.5147666229916434,0.7725612543865138,0.8615424030084597,0.9086279020936869
latest-best,44,wk inc rsv prop ed visits,2025-2026,states_dc,50,0.0,5475.0,3.8396197688902887,1.6369593607093555,0.6941863529533167,1.5084740552275968,5.998866818435297,2593.0,4195.0,4698.0,4986.0,4.481922043258964,1.2402717937371133,2.9831665637207228,0.25848368580110964,6.672332609887618,2633.0,4042.0,4572.0,4893.0,0.9337347039965244,0.4187599273940741,0.12855021473827052,0.38642456186417434,0.3275824533044075,0.6055055048001257,0.06691204189546196,0.47274818657558654,0.7664753747529812,0.8591822979273714,0.9114989344141363,0.4790438643251399,0.7359718382534125,0.8336847605173316,0.8925416343738655
latest-best,44,wk inc rsv prop ed visits,2025-2026,US,1,1.0,111.0,0.0468416331445969,0.0255488266742665,0.0019665496766403,0.0193262567936896,0.0739291321362832,59.0,96.0,108.0,110.0,0.0485441378320411,0.0222162260514535,0.024672584480712398,0.0016553272998748388,0.0793136139915364,73.0,102.0,108.0,108.0,0.9649287274740622,0.5263009668162907,0.04051054904805205,0.3981172116097093,0.4576500282757085,0.5082505444030668,0.03409942732121726,0.5315315315315315,0.8648648648648649,0.972972972972973,0.990990990990991,0.6576576576576577,0.918918918918919,0.972972972972973,0.972972972972973
latest-control,42,wk inc covid hosp,2024-2025,all,52,0.20000000000000007,6968.0,472909.1717391304,109287.12826086958,361021.347826087,2600.695652173913,747623.0,1962.0,3976.0,4909.0,5556.0,294095.7264372725,135467.5071866996,122015.56154699085,36612.65770358205,459783.4153206482,3786.0,5746.0,6312.0,6600.0,1.4148281847309367,0.33768375536575146,1.0522021658663292,0.02494226349885604,0.43807851857461183,0.40762840559217417,0.15429307583321422,0.2530582382206615,0.5617208077260756,0.7177055896985662,0.8140766754462981,0.5601112086625697,0.845946736903717,0.9204565408252856,0.9555458004097164
latest-control,42,wk inc covid hosp,2024-2025,states_dc,51,0.0,6834.0,261308.37,57300.02217391305,201472.6086956522,2535.7391304347825,399978.0,1945.0,3906.0,4805.0,5437.0,177711.5257127561,72412.19438985428,79788.8120383263,25510.51928457551,270242.3766800353,3701.0,5620.0,6180.0,6467.0,1.3140044603669159,0.31043338108366025,0.9725327802783587,0.03103829900489723,0.4121516864040482,0.4188300047704274,0.16901830882552457,0.284606379865379,0.5715539947322212,0.703102136376939,0.7955809189347383,0.5415569212759732,0.8223587942639744,0.9043020193151889,0.9462979221539363
latest-control,42,wk inc covid hosp,2024-2025,US,1,1.0,134.0,211600.80173913043,51987.106086956526,159548.73913043478,64.95652173913044,347645.0,17.0,70.0,104.0,119.0,116384.20072451643,63055.312796845334,42226.74950866455,11102.138419006547,189541.03864061285,85.0,126.0,132.0,133.0,1.8181230821870185,0.4466852524941162,1.370879708218211,0.0005581214746912576,0.5417858472568664,0.36282200887916094,0.0953921438639727,0.12686567164179105,0.5223880597014925,0.7761194029850746,0.8880597014925373,0.6343283582089553,0.9402985074626866,0.9850746268656716,0.9925373134328358
latest-control,42,wk inc covid hosp,2025-2026,all,52,0.20000000000000007,9048.0,319412.2534782608,67526.81869565218,104963.39130434782,146922.04347826086,465057.0,2521.0,4552.0,5611.0,6325.0,251503.70978939498,102039.96804152087,70756.4623304223,78707.27941745178,396424.6389596296,4576.0,7150.0,7993.0,8484.0,1.239416129955953,0.2661333486919498,0.42779716508030685,0.5454856161836962,0.40395831795921766,0.3059835764748293,0.2900581055659533,0.2749380211854857,0.5025242280820374,0.619179625873338,0.7057922019382468,0.5195176921343252,0.7918187964841111,0.8741717376605818,0.9417399143565476
latest-control,42,wk inc covid hosp,2025-2026,states_dc,51,0.0,8874.0,167294.67826086955,39311.41739130435,60021.434782608696,67961.82608695653,247499.0,2476.0,4465.0,5504.0,6197.0,137533.1523161514,55676.68777243521,42712.03193647525,39144.43260724092,215812.05818140364,4475.0,7011.0,7848.0,8317.0,1.215592810614177,0.2707748211371285,0.43616407350056297,0.5086539159764856,0.40324777134415013,0.32096263893170385,0.27578958972414624,0.27901735406806405,0.5031552851025469,0.6202389001577644,0.6983322064457969,0.5042821726391706,0.7900608519269778,0.8843813387423937,0.937232364210052
latest-control,42,wk inc covid hosp,2025-2026,US,1,1.0,174.0,152117.5752173913,28215.401304347826,44941.95652173913,78960.21739130435,217558.0,45.0,87.0,107.0,128.0,113970.55747324359,46363.28026908566,28044.430393947056,39562.84681021086,180612.58077822594,101.0,139.0,145.0,167.0,1.3347094073230565,0.2475674589112354,0.3943295313992824,0.6928124170125387,0.4068005044194873,0.2460673266473311,0.34713216893318144,0.25862068965517243,0.5,0.6149425287356322,0.735632183908046,0.5804597701149425,0.7988505747126436,0.8333333333333334,0.9597701149425287
latest-control,42,wk inc covid prop ed visits,2025-2026,all,52,0.20000000000000007,5586.0,5.187580611468642,1.0108067896864543,0.25862752968067254,3.9181462921014942,7.26521066796679,1001.0,1825.0,2270.0,2654.0,2.497840451560441,1.156219767170679,0.6581087464717353,0.683511937918007,3.786811202370366,2935.0,4515.0,4987.0,5231.0,2.2939626622123788,0.43678522230501443,0.11296238626986649,1.7442150536374892,0.5391906708735537,0.22979719203944518,0.23101213708699175,0.17112229562056555,0.3175566507054397,0.3979930795847752,0.46309228385352963,0.5674912912283157,0.8383349061549756,0.9090629478172733,0.9467491524238932
latest-control,42,wk inc covid prop ed visits,2025-2026,states_dc,51,0.0,5476.0,5.105886281023778,0.9966364288117757,0.25608643982108803,3.853163412390894,7.154163126434032,986.0,1795.0,2231.0,2610.0,2.4713671885012656,1.136099226909532,0.6552800338668678,0.6799879277248464,3.7540446838962405,2849.0,4405.0,4877.0,5121.0,2.095973719620332,0.41216386397066745,0.11720622567611305,1.5666036299735424,0.48398021401572555,0.26053357031454893,0.2554862156697165,0.17981196043479783,0.3287639951999814,0.4088549858446053,0.478865354816912,0.5139095685808489,0.7979186326937193,0.8863286847715915,0.9334364405298663
latest-control,42,wk inc covid prop ed visits,2025-2026,US,1,1.0,110.0,0.0816943304448635,0.0141703608746786,0.0025410898595845184,0.0649828797106002,0.1110475415327585,15.0,30.0,39.0,44.0,0.026473263059175398,0.020120540261147,0.0028287126048675,0.0035240101931606,0.0327665184741256,86.0,110.0,110.0,110.0,3.0859184325805646,0.5352706556424022,0.09598702864488022,2.454660748293275,0.7600324983048661,0.10685167893903028,0.13311582275609238,0.13636363636363635,0.2727272727272727,0.35454545454545455,0.4,0.7818181818181819,1.0,1.0,1.0
latest-control,42,wk inc flu hosp,2023-2024,all,52,0.20000000000000007,6234.0,377323.95304347825,215507.86608695652,141209.34782608697,20606.739130434784,576906.0,3870.0,5547.0,5899.0,6005.0,393119.194762158,131720.98634605427,185716.16682836536,75682.04158773835,620754.5171976062,3024.0,4757.0,5382.0,5728.0,0.9633160163151933,0.5281278331946865,0.35510078846472237,0.08008739465578445,0.3526672245819764,0.4468351050536226,0.20049767036440125,0.6446539299480478,0.9055446623093684,0.956195743254567,0.9700553041729514,0.4678087816323111,0.7560507792860736,0.8716247695659463,0.92149824032177
latest-control,42,wk inc flu hosp,2023-2024,states_dc,51,0.0,6114.0,209949.6908695652,110391.51695652174,84790.60869565219,14767.565217391304,324922.0,3780.0,5430.0,5779.0,5885.0,216945.88649337352,75382.4111622646,102632.95431514291,38930.521015966006,336315.5148954264,2977.0,4670.0,5273.0,5616.0,0.9666313700308032,0.5109936803449249,0.3638145680982418,0.09182312158763654,0.36088637046977284,0.44064405113040317,0.1984695783998241,0.6183174124350596,0.8881808278867104,0.9452446790682085,0.9625691302161893,0.4868443103737222,0.7638134741075919,0.8624476286240994,0.918539467068879
latest-control,42,wk inc flu hosp,2023-2024,US,1,1.0,120.0,167374.26217391304,105116.34913043478,56418.739130434784,5839.173913043478,251984.0,90.0,117.0,120.0,120.0,176173.30826878446,56338.57518378966,83083.21251322246,36751.520571772344,284439.0023021797,47.0,87.0,109.0,112.0,0.9500546014527531,0.596664444593733,0.32024566993064424,0.03314448692837598,0.3197906410307906,0.47159932074649974,0.20861003822270968,0.75,0.975,1.0,1.0,0.39166666666666666,0.725,0.9083333333333333,0.9333333333333333
latest-control,42,wk inc flu hosp,2024-2025,all,52,0.20000000000000007,5616.0,744550.8934782608,289228.4586956522,388096.652173913,67225.78260869565,1103754.0,2790.0,4227.0,4724.0,5018.0,997209.4752173913,214134.4317391304,732659.1304347826,50415.91304347826,1363610.0,2943.0,4023.0,4381.0,4604.0,0.7720375107581143,0.2818496293122359,0.39759267508284546,0.09259520636303295,0.22108396855954704,0.7136002994462363,0.0653157319942169,0.5144517066085694,0.7794843863471316,0.8567901234567903,0.9063180827886713,0.5315541031227307,0.7208424110384897,0.7796659404502544,0.8137618010167031
latest-control,42,wk inc flu hosp,2024-2025,states_dc,51,0.0,5508.0,425342.26,143965.65130434785,239440.6956521739,41935.913043478264,631470.0,2726.0,4130.0,4624.0,4914.0,545536.7908695652,116470.22565217389,390693.86956521735,38372.69565217391,755891.0,2882.0,3943.0,4297.0,4519.0,0.7883654969555001,0.2719093399391148,0.41471004534988776,0.10174611166649764,0.22229800226947322,0.7027232314120877,0.07497876631843926,0.4949164851125636,0.7498184458968774,0.8395061728395063,0.8921568627450982,0.5232389251997096,0.7158678286129267,0.7801379811183734,0.8204429920116196
latest-control,42,wk inc flu hosp,2024-2025,US,1,1.0,108.0,319208.6334782609,145262.80739130435,148655.95652173914,25289.869565217392,472284.0,64.0,97.0,100.0,104.0,451672.6843478261,97664.20608695652,341965.26086956525,12043.217391304348,607719.0,61.0,80.0,84.0,85.0,0.7067255659685705,0.3216107868047201,0.3291231940146761,0.05599158514917421,0.2162278337198422,0.7571085715828304,0.02666359469732744,0.5925925925925926,0.8981481481481481,0.9259259259259259,0.9629629629629629,0.5648148148148148,0.7407407407407407,0.7777777777777778,0.7870370370370371
latest-control,42,wk inc flu hosp,2025-2026,all,52,0.20000000000000007,5824.0,714068.1895652174,218726.58086956522,383659.0,111682.60869565218,1074613.0,2737.0,4312.0,4860.0,5180.0,681987.2230434783,182493.35347826086,344539.7391304348,154954.13043478262,1021199.0,3056.0,4510.0,4990.0,5252.0,1.0230918276086165,0.3210668827717237,0.5440032862600948,0.15802165857679798,0.2795215027822053,0.5126519392462101,0.20782655797158484,0.5001750700280114,0.7684873949579833,0.8501750700280113,0.8999299719887957,0.5267507002801122,0.7781162464985996,0.8568627450980395,0.8984943977591038
latest-control,42,wk inc flu hosp,2025-2026,states_dc,51,0.0,5712.0,382169.2369565217,113021.06304347827,207326.69565217392,61821.47826086957,570968.0,2666.0,4212.0,4757.0,5074.0,369731.63260869565,98349.24130434783,189960.8260869565,81421.56521739133,551635.0,2996.0,4421.0,4894.0,5153.0,1.01313779452593,0.3167029987099861,0.5388278488970539,0.15760694691889002,0.2820338995276028,0.5170549996731875,0.2009111007992099,0.4667366946778712,0.7373949579831934,0.8328081232492999,0.8883053221288517,0.5245098039215688,0.7739845938375352,0.8567927170868349,0.9021358543417369
latest-control,42,wk inc flu hosp,2025-2026,US,1,1.0,112.0,331898.95260869566,105705.51782608696,176332.30434782608,49861.13043478261,503645.0,71.0,100.0,103.0,106.0,312255.5904347826,84144.11217391305,154578.91304347827,73532.5652173913,469564.0,60.0,89.0,96.0,99.0,1.0629079599393618,0.3385224190186741,0.5647050357122578,0.15968050520842975,0.26947191580061497,0.4950396975383006,0.2354883866610844,0.6339285714285714,0.8928571428571429,0.9196428571428571,0.9464285714285714,0.5357142857142857,0.7946428571428571,0.8571428571428571,0.8839285714285714
latest-control,42,wk inc flu prop ed visits,2025-2026,all,52,0.20000000000000007,5768.0,41.37984393172829,13.118322885520108,15.263390384881163,12.998130661326998,63.23397291366955,2644.0,4255.0,4805.0,5146.0,37.45877191682501,10.32540181251476,18.66849846028443,8.464871644025802,55.69990942461097,3125.0,4505.0,4944.0,5205.0,1.1171342010352656,0.3799787789479216,0.3893235887756321,0.3478318333117112,0.29592406594377124,0.48615180315450846,0.21792413090171991,0.4992647058823531,0.7575980392156865,0.8476890756302522,0.9013655462184875,0.5632002801120448,0.781057422969188,0.855042016806723,0.8988795518207284
latest-control,42,wk inc flu prop ed visits,2025-2026,states_dc,51,0.0,5656.0,40.715030408788245,12.878248353015072,15.062120156981093,12.774661898792061,62.23766404031127,2567.0,4160.0,4703.0,5041.0,36.85597054744329,10.13762192450928,18.3753233456567,8.343025277277297,54.80314218169003,3050.0,4416.0,4848.0,5105.0,1.1206994315008088,0.37540728791492095,0.40318162155546705,0.34211052203042014,0.292027070889161,0.48610114718182584,0.2218717819290127,0.45220588235294124,0.7349439775910366,0.8319327731092439,0.8923319327731094,0.5365896358543418,0.7776610644257704,0.8545168067226891,0.9003851540616248
latest-control,42,wk inc flu prop ed visits,2025-2026,US,1,1.0,112.0,0.6648135229400441,0.2400745325050357,0.20127022790007032,0.2234687625349376,0.9963088733582757,77.0,95.0,102.0,105.0,0.6028013693817165,0.1877798880054818,0.29317511462773,0.1218463667485042,0.8967672429209468,75.0,89.0,96.0,100.0,1.1028732791730924,0.39826474307992404,0.3338914576562922,0.3707170784368753,0.31151204616221184,0.4863544270452387,0.20213352679254865,0.6875,0.8482142857142857,0.9107142857142857,0.9375,0.6696428571428571,0.7946428571428571,0.8571428571428571,0.8928571428571429
latest-control,42,wk inc rsv hosp,2025-2026,all,52,0.20000000000000007,6032.0,194583.63652173913,51989.114782608696,136448.4347826087,6146.086956521738,310866.0,2034.0,3522.0,4169.0,4680.0,174064.93092191094,53052.087440608055,105063.50795633462,15949.335524968266,270304.41698893777,2589.0,4305.0,4948.0,5364.0,1.1698721695332777,0.2746592928062277,0.836509881785727,0.058702994941322965,0.30674063025043297,0.5745971360277671,0.11866223372180022,0.3417849898580122,0.6192697768762678,0.7226504394861393,0.8044624746450306,0.44066937119675464,0.7187964841108859,0.8279918864097365,0.8953684922244761
latest-control,42,wk inc rsv hosp,2025-2026,states_dc,51,0.0,5916.0,110089.28217391304,25877.0647826087,80137.91304347827,4074.3043478260865,169041.0,1992.0,3432.0,4069.0,4572.0,94740.19007535864,28170.04025877443,55907.86834298157,10662.281473602627,146919.94591427944,2532.0,4219.0,4848.0,5257.0,1.1960476484423777,0.2610293309214022,0.8681690077466127,0.06684930977436288,0.30500748188385424,0.5633274152930453,0.1316651028231006,0.33671399594320495,0.5801217038539555,0.6877958079783639,0.772819472616633,0.4279918864097364,0.7131507775524004,0.8194726166328602,0.8886071670047331
latest-control,42,wk inc rsv hosp,2025-2026,US,1,1.0,116.0,84494.35434782608,26112.05,56310.52173913043,2071.782608695652,141825.0,42.0,90.0,100.0,108.0,79324.7408465523,24882.04718183363,49155.63961335304,5287.05405136564,123384.47107465833,57.0,86.0,100.0,107.0,1.065170253896877,0.32917914034552953,0.7098733779421841,0.02611773560916333,0.31367322371674766,0.6196760189666538,0.06665075731659867,0.3620689655172414,0.7758620689655172,0.8620689655172413,0.9310344827586207,0.49137931034482757,0.7413793103448276,0.8620689655172413,0.9224137931034483
latest-control,42,wk inc rsv prop ed visits,2025-2026,all,51,0.2,5586.0,3.842577532435465,1.4420378385765413,2.2386732337931643,0.16186646006574013,5.910479052633776,2911.0,4501.0,4966.0,5223.0,4.530466181091006,1.2624880197885668,3.0078391482014353,0.2601390131009845,6.751646223879154,2706.0,4144.0,4680.0,5001.0,0.9060838617464515,0.3983974227375626,0.4723762409248536,0.03531019808403035,0.3535959682986677,0.5860545127207138,0.060349518980613026,0.5504237928378874,0.8268369213202594,0.9051539034355545,0.9457315601545601,0.5147666229916434,0.7725612543865138,0.8615424030084597,0.9086279020936869
latest-control,42,wk inc rsv prop ed visits,2025-2026,states_dc,50,0.0,5475.0,3.7972720992131483,1.4161429133447103,2.2204622520592214,0.16066693380919772,5.839809674415559,2834.0,4397.0,4856.0,5112.0,4.481922043258964,1.2402717937371133,2.9831665637207228,0.25848368580110964,6.672332609887618,2633.0,4042.0,4572.0,4893.0,0.8992840018185798,0.3646391456145409,0.496684611744137,0.03796024445989677,0.3275824533044075,0.6055055048001257,0.06691204189546196,0.5146063176239359,0.7993119174160901,0.8836946315466954,0.9321644501932,0.4790438643251399,0.7359718382534125,0.8336847605173316,0.8925416343738655
latest-control,42,wk inc rsv prop ed visits,2025-2026,US,1,1.0,111.0,0.0453054332223165,0.025894925231831,0.0182109817339429,0.0011995262565424,0.0706693782182175,77.0,104.0,110.0,111.0,0.0485441378320411,0.0222162260514535,0.024672584480712398,0.0016553272998748388,0.0793136139915364,73.0,102.0,108.0,108.0,0.9332833014579379,0.5334305312296493,0.3751427576477198,0.024710012580564652,0.4576500282757085,0.5082505444030668,0.03409942732121726,0.6936936936936937,0.9369369369369369,0.990990990990991,1.0,0.6576576576576577,0.918918918918919,0.972972972972973,0.972972972972973
latest-control,43,wk inc covid hosp,2024-2025,all,52,0.20000000000000007,6968.0,304685.0947826087,114101.7904347826,155172.69565217392,35410.608695652176,467416.0,2932.0,4792.0,5512.0,5899.0,294095.7264372725,135467.5071866996,122015.56154699085,36612.65770358205,459783.4153206482,3786.0,5746.0,6312.0,6600.0,1.0326270715802095,0.35618728413288225,0.49161850344669666,0.18482128400063041,0.43807851857461183,0.40762840559217417,0.15429307583321422,0.4243781094527364,0.7191395961369624,0.8226807140766756,0.86798361135499,0.5601112086625697,0.845946736903717,0.9204565408252856,0.9555458004097164
latest-control,43,wk inc covid hosp,2024-2025,states_dc,51,0.0,6834.0,179843.69,59664.77695652174,94804.3043478261,25374.608695652176,272973.0,2873.0,4677.0,5383.0,5770.0,177711.5257127561,72412.19438985428,79788.8120383263,25510.51928457551,270242.3766800353,3701.0,5620.0,6180.0,6467.0,1.0226172756172716,0.32830024915433553,0.4848483303912031,0.20946869607173285,0.4121516864040482,0.4188300047704274,0.16901830882552457,0.4203980099502488,0.6843722563652328,0.7876792508047996,0.8443078724026926,0.5415569212759732,0.8223587942639744,0.9043020193151889,0.9462979221539363
latest-control,43,wk inc covid hosp,2024-2025,US,1,1.0,134.0,124841.40478260869,54437.013478260866,60368.391304347824,10036.0,194443.0,59.0,115.0,129.0,129.0,116384.20072451643,63055.312796845334,42226.74950866455,11102.138419006547,189541.03864061285,85.0,126.0,132.0,133.0,1.0726662554319604,0.4677354240470688,0.518699195668671,0.08623163571622061,0.5417858472568664,0.36282200887916094,0.0953921438639727,0.44029850746268656,0.8582089552238806,0.9626865671641791,0.9626865671641791,0.6343283582089553,0.9402985074626866,0.9850746268656716,0.9925373134328358
latest-control,43,wk inc covid hosp,2025-2026,all,52,0.20000000000000007,9048.0,342749.10652173916,77913.0195652174,66575.04347826086,198261.04347826086,503592.0,2376.0,3980.0,4791.0,5458.0,251503.70978939498,102039.96804152087,70756.4623304223,78707.27941745178,396424.6389596296,4576.0,7150.0,7993.0,8484.0,1.3710402196420257,0.274030693465269,0.30733992795171405,0.7896695982250426,0.40395831795921766,0.3059835764748293,0.2900581055659533,0.2724588686049133,0.4657876943881002,0.5579670948839307,0.6286905566824432,0.5195176921343252,0.7918187964841111,0.8741717376605818,0.9417399143565476
latest-control,43,wk inc covid hosp,2025-2026,states_dc,51,0.0,8874.0,185831.31217391303,38820.92086956522,43451.60869565217,103558.78260869565,268253.0,2321.0,3879.0,4672.0,5329.0,137533.1523161514,55676.68777243521,42712.03193647525,39144.43260724092,215812.05818140364,4475.0,7011.0,7848.0,8317.0,1.3695934069484468,0.25678793364442365,0.3334525231775236,0.7793529501264995,0.40324777134415013,0.32096263893170385,0.27578958972414624,0.2615505972503944,0.4371196754563895,0.5264818571106604,0.600518368266847,0.5042821726391706,0.7900608519269778,0.8843813387423937,0.937232364210052
latest-control,43,wk inc covid hosp,2025-2026,US,1,1.0,174.0,156917.7943478261,39092.098695652174,23123.434782608696,94702.26086956522,235339.0,55.0,101.0,119.0,129.0,113970.55747324359,46363.28026908566,28044.430393947056,39562.84681021086,180612.58077822594,101.0,139.0,145.0,167.0,1.3768274704163403,0.3430017327486502,0.20288954704847603,0.830936190619214,0.4068005044194873,0.2460673266473311,0.34713216893318144,0.3160919540229885,0.5804597701149425,0.6839080459770115,0.7413793103448276,0.5804597701149425,0.7988505747126436,0.8333333333333334,0.9597701149425287
latest-control,43,wk inc covid prop ed visits,2025-2026,all,52,0.20000000000000007,5586.0,5.146920306407604,0.6630850036349543,0.2740431319496026,4.209792170823027,6.546111590777606,814.0,1480.0,1796.0,2075.0,2.497840451560441,1.156219767170679,0.6581087464717353,0.683511937918007,3.786811202370366,2935.0,4515.0,4987.0,5231.0,2.268974560556577,0.31390987326084263,0.10035257785470716,1.8547121094410188,0.5391906708735537,0.22979719203944518,0.23101213708699175,0.1420511924318153,0.25766453461955197,0.30874675241457256,0.36559924504561186,0.5674912912283157,0.8383349061549756,0.9090629478172733,0.9467491524238932
latest-control,43,wk inc covid prop ed visits,2025-2026,states_dc,51,0.0,5476.0,5.065442400349339,0.6508063530377105,0.2735233265612193,4.14111272075039,6.439578843570583,800.0,1456.0,1769.0,2039.0,2.4713671885012656,1.136099226909532,0.6552800338668678,0.6799879277248464,3.7540446838962405,2849.0,4405.0,4877.0,5121.0,2.066782394122329,0.27643402511297244,0.1205319452324103,1.6698164237769375,0.48398021401572555,0.26053357031454893,0.2554862156697165,0.14574580872158727,0.26753521372898537,0.32456980415457926,0.375180874488833,0.5139095685808489,0.7979186326937193,0.8863286847715915,0.9334364405298663
latest-control,43,wk inc covid prop ed visits,2025-2026,US,1,1.0,110.0,0.0814779060582649,0.0122786505972438,0.00051980538838333,0.0686794500726375,0.10653274720702299,14.0,24.0,27.0,36.0,0.026473263059175398,0.020120540261147,0.0028287126048675,0.0035240101931606,0.0327665184741256,86.0,110.0,110.0,110.0,3.077743226293571,0.46381326585232296,0.01963510834389454,2.594294852097343,0.7600324983048661,0.10685167893903028,0.13311582275609238,0.12727272727272726,0.21818181818181817,0.24545454545454545,0.32727272727272727,0.7818181818181819,1.0,1.0,1.0
latest-control,43,wk inc flu hosp,2023-2024,all,52,0.20000000000000007,6234.0,381125.0739130435,163334.76956521743,202836.91304347827,14953.391304347826,603173.0,3090.0,4898.0,5470.0,5755.0,393119.194762158,131720.98634605427,185716.16682836536,75682.04158773835,620754.5171976062,3024.0,4757.0,5382.0,5728.0,0.9631530776290768,0.3879552621187957,0.5150162007353318,0.06018161477494924,0.3526672245819764,0.4468351050536226,0.20049767036440125,0.5149321266968327,0.8113884699178819,0.8954223227752641,0.9342701525054468,0.4678087816323111,0.7560507792860736,0.8716247695659463,0.92149824032177
latest-control,43,wk inc flu hosp,2023-2024,states_dc,51,0.0,6114.0,214290.82391304345,80864.34565217393,123310.30434782611,10116.173913043478,341021.0,3018.0,4787.0,5353.0,5637.0,216945.88649337352,75382.4111622646,102632.95431514291,38930.521015966006,336315.5148954264,2977.0,4670.0,5273.0,5616.0,0.9671940048318957,0.36791382953165186,0.5309174449561866,0.06836273034405717,0.36088637046977284,0.44064405113040317,0.1984695783998241,0.4936651583710408,0.7829855873973522,0.87552790346908,0.9220043572984751,0.4868443103737222,0.7638134741075919,0.8624476286240994,0.918539467068879
latest-control,43,wk inc flu hosp,2023-2024,US,1,1.0,120.0,166834.25,82470.42391304349,79526.60869565218,4837.217391304348,262152.0,72.0,111.0,117.0,118.0,176173.30826878446,56338.57518378966,83083.21251322246,36751.520571772344,284439.0023021797,47.0,87.0,109.0,112.0,0.9469893688178006,0.46812099246737104,0.45141122385191207,0.027457152498517493,0.3197906410307906,0.47159932074649974,0.20861003822270968,0.6,0.925,0.975,0.9833333333333333,0.39166666666666666,0.725,0.9083333333333333,0.9333333333333333
latest-control,43,wk inc flu hosp,2024-2025,all,52,0.20000000000000007,5616.0,769741.3795652175,258459.85782608698,475905.60869565216,35375.913043478264,1153065.0,2815.0,4217.0,4688.0,4958.0,997209.4752173913,214134.4317391304,732659.1304347826,50415.91304347826,1363610.0,2943.0,4023.0,4381.0,4604.0,0.7860275042822817,0.2516132523661536,0.4787723837691885,0.05564186814693952,0.22108396855954704,0.7136002994462363,0.0653157319942169,0.5436819172113292,0.7780319535221498,0.8532679738562093,0.8958968772694265,0.5315541031227307,0.7208424110384897,0.7796659404502544,0.8137618010167031
latest-control,43,wk inc flu hosp,2024-2025,states_dc,51,0.0,5508.0,441712.2426086957,128232.85130434785,290172.652173913,23306.739130434784,661298.0,2736.0,4120.0,4587.0,4855.0,545536.7908695652,116470.22565217389,390693.86956521735,38372.69565217391,755891.0,2882.0,3943.0,4297.0,4519.0,0.8009708564095314,0.24243615688163714,0.49566262990559107,0.06287206962230318,0.22229800226947322,0.7027232314120877,0.07497876631843926,0.496732026143791,0.74800290486565,0.8327886710239654,0.8814451706608571,0.5232389251997096,0.7158678286129267,0.7801379811183734,0.8204429920116196
latest-control,43,wk inc flu hosp,2024-2025,US,1,1.0,108.0,328029.1369565218,130227.00652173912,185732.95652173914,12069.173913043478,491767.0,79.0,97.0,101.0,103.0,451672.6843478261,97664.20608695652,341965.26086956525,12043.217391304348,607719.0,61.0,80.0,84.0,85.0,0.7262540957732827,0.2883216343042196,0.4112113992235782,0.026721062245484817,0.2162278337198422,0.7571085715828304,0.02666359469732744,0.7314814814814815,0.8981481481481481,0.9351851851851852,0.9537037037037037,0.5648148148148148,0.7407407407407407,0.7777777777777778,0.7870370370370371
latest-control,43,wk inc flu hosp,2025-2026,all,52,0.20000000000000007,5824.0,774352.0330434784,122807.51130434783,562140.9130434783,89403.60869565216,1072842.0,1860.0,3136.0,3769.0,4231.0,681987.2230434783,182493.35347826086,344539.7391304348,154954.13043478262,1021199.0,3056.0,4510.0,4990.0,5252.0,1.0852478843592341,0.1910779303417787,0.764721980480396,0.12944797353705942,0.2795215027822053,0.5126519392462101,0.20782655797158484,0.31151960784313737,0.5461834733893558,0.6611694677871149,0.7406862745098042,0.5267507002801122,0.7781162464985996,0.8568627450980395,0.8984943977591038
latest-control,43,wk inc flu hosp,2025-2026,states_dc,51,0.0,5712.0,409031.1773913044,67217.74260869565,290876.5217391305,50936.91304347826,567731.0,1829.0,3071.0,3688.0,4141.0,369731.63260869565,98349.24130434783,189960.8260869565,81421.56521739133,551635.0,2996.0,4421.0,4894.0,5153.0,1.064074414961409,0.19434078886786754,0.738721102701261,0.13101252339228037,0.2820338995276028,0.5170549996731875,0.2009111007992099,0.3202030812324931,0.537640056022409,0.6456582633053223,0.7249649859943978,0.5245098039215688,0.7739845938375352,0.8567927170868349,0.9021358543417369
latest-control,43,wk inc flu hosp,2025-2026,US,1,1.0,112.0,365320.8556521739,55589.76869565218,271264.39130434784,38466.69565217391,505111.0,31.0,65.0,81.0,90.0,312255.5904347826,84144.11217391305,154578.91304347827,73532.5652173913,469564.0,60.0,89.0,96.0,99.0,1.1699417619505341,0.17802649623742317,0.8687254915969354,0.1231897741161756,0.26947191580061497,0.4950396975383006,0.2354883866610844,0.2767857142857143,0.5803571428571429,0.7232142857142857,0.8035714285714286,0.5357142857142857,0.7946428571428571,0.8571428571428571,0.8839285714285714
latest-control,43,wk inc flu prop ed visits,2025-2026,all,52,0.20000000000000007,5768.0,45.830248165423804,5.660096477927034,32.49461294116147,7.675538746335287,61.07614445645796,1058.0,2026.0,2584.0,3055.0,37.45877191682501,10.32540181251476,18.66849846028443,8.464871644025802,55.69990942461097,3125.0,4505.0,4944.0,5205.0,1.2519755196549678,0.15554265402468598,0.8999935176364763,0.196439347993805,0.29592406594377124,0.48615180315450846,0.21792413090171991,0.17209383753501406,0.34499299719887966,0.4334383753501401,0.5119047619047621,0.5632002801120448,0.781057422969188,0.855042016806723,0.8988795518207284
latest-control,43,wk inc flu prop ed visits,2025-2026,states_dc,51,0.0,5656.0,45.02448738805079,5.579805955277855,31.90210149395451,7.542579938818408,60.01216019874137,1045.0,1991.0,2543.0,3007.0,36.85597054744329,10.13762192450928,18.3753233456567,8.343025277277297,54.80314218169003,3050.0,4416.0,4848.0,5105.0,1.2307959809683688,0.16112940402161505,0.8792594396796263,0.19040713726712705,0.292027070889161,0.48610114718182584,0.2218717819290127,0.1860994397759104,0.3531162464985995,0.450280112044818,0.5327380952380953,0.5365896358543418,0.7776610644257704,0.8545168067226891,0.9003851540616248
latest-control,43,wk inc flu prop ed visits,2025-2026,US,1,1.0,112.0,0.8057607773730197,0.0802905226491786,0.5925114472069614,0.1329588075168792,1.0639842577165923,13.0,35.0,41.0,48.0,0.6028013693817165,0.1877798880054818,0.29317511462773,0.1218463667485042,0.8967672429209468,75.0,89.0,96.0,100.0,1.3366936744013627,0.13319565403696956,0.9829298294638757,0.2205681909005165,0.31151204616221184,0.4863544270452387,0.20213352679254865,0.11607142857142858,0.3125,0.36607142857142855,0.42857142857142855,0.6696428571428571,0.7946428571428571,0.8571428571428571,0.8928571428571429
latest-control,43,wk inc rsv hosp,2025-2026,all,52,0.20000000000000007,6032.0,221489.39739130434,51083.83217391304,168466.8695652174,1938.695652173913,360706.0,1586.0,3255.0,4087.0,4625.0,174064.93092191094,53052.087440608055,105063.50795633462,15949.335524968266,270304.41698893777,2589.0,4305.0,4948.0,5364.0,1.2795928435476442,0.27425753013707505,0.9748820368200686,0.030453276590500625,0.30674063025043297,0.5745971360277671,0.11866223372180022,0.24465855307640302,0.5434415145368493,0.7115618661257609,0.8033806626098717,0.44066937119675464,0.7187964841108859,0.8279918864097365,0.8953684922244761
latest-control,43,wk inc rsv hosp,2025-2026,states_dc,51,0.0,5916.0,123726.34086956522,25884.99304347826,95964.60869565218,1876.7391304347825,194935.0,1567.0,3190.0,3987.0,4513.0,94740.19007535864,28170.04025877443,55907.86834298157,10662.281473602627,146919.94591427944,2532.0,4219.0,4848.0,5257.0,1.291380824642395,0.2634052046508914,0.9901042865419081,0.03787133344959533,0.30500748188385424,0.5633274152930453,0.1316651028231006,0.2648749154834348,0.5392156862745099,0.6739350912778905,0.7628465179175119,0.4279918864097364,0.7131507775524004,0.8194726166328602,0.8886071670047331
latest-control,43,wk inc rsv hosp,2025-2026,US,1,1.0,116.0,97763.05652173913,25198.839130434782,72502.26086956522,61.95652173913044,165771.0,19.0,65.0,100.0,112.0,79324.7408465523,24882.04718183363,49155.63961335304,5287.05405136564,123384.47107465833,57.0,86.0,100.0,107.0,1.2324409191686405,0.31766683208180946,0.9139930379327094,0.000781049154121797,0.31367322371674766,0.6196760189666538,0.06665075731659867,0.16379310344827586,0.5603448275862069,0.8620689655172413,0.9655172413793104,0.49137931034482757,0.7413793103448276,0.8620689655172413,0.9224137931034483
latest-control,43,wk inc rsv prop ed visits,2025-2026,all,51,0.2,5586.0,5.166715730112452,1.2310113434642935,3.888788238417418,0.046916148230727456,8.34832289004215,1476.0,3450.0,4421.0,4865.0,4.530466181091006,1.2624880197885668,3.0078391482014353,0.2601390131009845,6.751646223879154,2706.0,4144.0,4680.0,5001.0,1.250968585063959,0.34025017461035734,0.9024309685482541,0.008287441905344108,0.3535959682986677,0.5860545127207138,0.060349518980613026,0.26047019916817415,0.6406786256375555,0.8254528759498025,0.8911995779155408,0.5147666229916434,0.7725612543865138,0.8615424030084597,0.9086279020936869
latest-control,43,wk inc rsv prop ed visits,2025-2026,states_dc,50,0.0,5475.0,5.098012626626445,1.2091713387745848,3.842035142536759,0.04680614531508831,8.22636307790151,1449.0,3367.0,4312.0,4756.0,4.481922043258964,1.2402717937371133,2.9831665637207228,0.25848368580110964,6.672332609887618,2633.0,4042.0,4572.0,4893.0,1.2098930174191844,0.31283773330557907,0.8872624915132867,0.009792792600315042,0.3275824533044075,0.6055055048001257,0.06691204189546196,0.26477693814940695,0.6139113451100076,0.7863205994417577,0.8685039768989307,0.4790438643251399,0.7359718382534125,0.8336847605173316,0.8925416343738655
latest-control,43,wk inc rsv prop ed visits,2025-2026,US,1,1.0,111.0,0.0687031034860073,0.0218400046897088,0.0467530958806592,0.0001100029156391466,0.1219598121406392,27.0,83.0,109.0,109.0,0.0485441378320411,0.0222162260514535,0.024672584480712398,0.0016553272998748388,0.0793136139915364,73.0,102.0,108.0,108.0,1.415270855643057,0.44989993982947024,0.9631048766881233,0.002266039125460381,0.4576500282757085,0.5082505444030668,0.03409942732121726,0.24324324324324326,0.7477477477477478,0.9819819819819819,0.9819819819819819,0.6576576576576577,0.918918918918919,0.972972972972973,0.972972972972973
latest-control,44,wk inc covid hosp,2024-2025,all,52,0.20000000000000007,6968.0,308163.7191304348,151631.45826086955,120937.21739130435,35595.04347826087,457850.0,3622.0,5463.0,6070.0,6301.0,294095.7264372725,135467.5071866996,122015.56154699085,36612.65770358205,459783.4153206482,3786.0,5746.0,6312.0,6600.0,1.0305539070300775,0.45891747884455014,0.3956917424967812,0.17594468568874627,0.43807851857461183,0.40762840559217417,0.15429307583321422,0.5560433128475272,0.8169446883230908,0.8893766461808605,0.9164179104477614,0.5601112086625697,0.845946736903717,0.9204565408252856,0.9555458004097164
latest-control,44,wk inc covid hosp,2024-2025,states_dc,51,0.0,6834.0,176825.4130434783,75351.8043478261,77668.17391304349,23805.434782608696,268139.0,3526.0,5334.0,5940.0,6171.0,177711.5257127561,72412.19438985428,79788.8120383263,25510.51928457551,270242.3766800353,3701.0,5620.0,6180.0,6467.0,1.006070099857846,0.4097937365392232,0.40167026812180584,0.19460609519681704,0.4121516864040482,0.4188300047704274,0.16901830882552457,0.5159496634474686,0.7805092186128184,0.8691834942932399,0.9029850746268658,0.5415569212759732,0.8223587942639744,0.9043020193151889,0.9462979221539363
latest-control,44,wk inc covid hosp,2024-2025,US,1,1.0,134.0,131338.30608695652,76279.65391304347,43269.043478260865,11789.608695652174,189711.0,96.0,129.0,130.0,130.0,116384.20072451643,63055.312796845334,42226.74950866455,11102.138419006547,189541.03864061285,85.0,126.0,132.0,133.0,1.1284891357190032,0.6554124480658576,0.3717776399966822,0.10129904765646325,0.5417858472568664,0.36282200887916094,0.0953921438639727,0.7164179104477612,0.9626865671641791,0.9701492537313433,0.9701492537313433,0.6343283582089553,0.9402985074626866,0.9850746268656716,0.9925373134328358
latest-control,44,wk inc covid hosp,2025-2026,all,52,0.20000000000000007,9048.0,382175.0691304348,74635.11260869565,55347.39130434784,252192.5652173913,548521.0,2546.0,4413.0,5482.0,6206.0,251503.70978939498,102039.96804152087,70756.4623304223,78707.27941745178,396424.6389596296,4576.0,7150.0,7993.0,8484.0,1.4193688275268899,0.29673773248853463,0.2610250413449827,0.8616060536933725,0.40395831795921766,0.3059835764748293,0.2900581055659533,0.26977687626774854,0.4709263015551049,0.5958981293666894,0.6749380211854858,0.5195176921343252,0.7918187964841111,0.8741717376605818,0.9417399143565476
latest-control,44,wk inc covid hosp,2025-2026,states_dc,51,0.0,8874.0,188053.11000000002,44045.327391304345,36491.17391304349,107516.60869565218,277853.0,2508.0,4344.0,5386.0,6097.0,137533.1523161514,55676.68777243521,42712.03193647525,39144.43260724092,215812.05818140364,4475.0,7011.0,7848.0,8317.0,1.348395009125047,0.3038219734742633,0.28491926527166894,0.7596537703791149,0.40324777134415013,0.32096263893170385,0.27578958972414624,0.2826233941852604,0.4895199459093983,0.606941627225603,0.6870633310795584,0.5042821726391706,0.7900608519269778,0.8843813387423937,0.937232364210052
latest-control,44,wk inc covid hosp,2025-2026,US,1,1.0,174.0,194121.95913043479,30589.785217391305,18856.217391304348,144675.95652173914,270668.0,38.0,69.0,96.0,109.0,113970.55747324359,46363.28026908566,28044.430393947056,39562.84681021086,180612.58077822594,101.0,139.0,145.0,167.0,1.7032641011342602,0.26840076854561973,0.16544814563823773,1.2694151869504027,0.4068005044194873,0.2460673266473311,0.34713216893318144,0.21839080459770116,0.39655172413793105,0.5517241379310345,0.6264367816091954,0.5804597701149425,0.7988505747126436,0.8333333333333334,0.9597701149425287
latest-control,44,wk inc covid prop ed visits,2025-2026,all,52,0.20000000000000007,5586.0,6.110793374792406,0.941305044612484,0.22942012739444848,4.940068202785457,8.166387934366814,841.0,1543.0,1943.0,2295.0,2.497840451560441,1.156219767170679,0.6581087464717353,0.683511937918007,3.786811202370366,2935.0,4515.0,4987.0,5231.0,2.787842057245832,0.40288220345871373,0.08929761417849064,2.2956622396086197,0.5391906708735537,0.22979719203944518,0.23101213708699175,0.14447263872869415,0.2657017697156106,0.32834434308482763,0.3919033471974649,0.5674912912283157,0.8383349061549756,0.9090629478172733,0.9467491524238932
latest-control,44,wk inc covid prop ed visits,2025-2026,states_dc,51,0.0,5476.0,6.003745564781392,0.9291691345158901,0.22869288832171272,4.845883541943772,8.030196249911482,829.0,1520.0,1918.0,2263.0,2.4713671885012656,1.136099226909532,0.6552800338668678,0.6799879277248464,3.7540446838962405,2849.0,4405.0,4877.0,5121.0,2.4738976278435936,0.3889974063779327,0.10475434267385542,1.9801458787917978,0.48398021401572555,0.26053357031454893,0.2554862156697165,0.15331807113814036,0.279854484871786,0.3536122470378526,0.4171519112695584,0.5139095685808489,0.7979186326937193,0.8863286847715915,0.9334364405298663
latest-control,44,wk inc covid prop ed visits,2025-2026,US,1,1.0,110.0,0.1070478100110143,0.0121359100965939,0.000727239072735756,0.09418466084168439,0.1361916844553313,12.0,23.0,25.0,32.0,0.026473263059175398,0.020120540261147,0.0028287126048675,0.0035240101931606,0.0327665184741256,86.0,110.0,110.0,110.0,4.043619774854784,0.45842139178183783,0.027470700197031486,3.5577276828759055,0.7600324983048661,0.10685167893903028,0.13311582275609238,0.10909090909090909,0.20909090909090908,0.22727272727272727,0.2909090909090909,0.7818181818181819,1.0,1.0,1.0
latest-control,44,wk inc flu hosp,2023-2024,all,52,0.20000000000000007,6234.0,521417.3586956522,239649.09782608695,143673.39130434784,138094.8695652174,811200.0,2761.0,4522.0,5186.0,5514.0,393119.194762158,131720.98634605427,185716.16682836536,75682.04158773835,620754.5171976062,3024.0,4757.0,5382.0,5728.0,1.303380410877085,0.5997411920541027,0.306874970207176,0.396764248615806,0.3526672245819764,0.4468351050536226,0.20049767036440125,0.43966733702027827,0.7176587900117313,0.8229612870789345,0.8781682587564943,0.4678087816323111,0.7560507792860736,0.8716247695659463,0.92149824032177
latest-control,44,wk inc flu hosp,2023-2024,states_dc,51,0.0,6114.0,272987.0469565218,127028.00347826086,65519.65217391305,80439.39130434782,422090.0,2710.0,4440.0,5092.0,5412.0,216945.88649337352,75382.4111622646,102632.95431514291,38930.521015966006,336315.5148954264,2977.0,4670.0,5273.0,5616.0,1.2766886932056858,0.5898607162501752,0.2726890872251221,0.4141388897303886,0.36088637046977284,0.44064405113040317,0.1984695783998241,0.4433341712753478,0.7262401541813308,0.8328682755153345,0.8852103234456177,0.4868443103737222,0.7638134741075919,0.8624476286240994,0.918539467068879
latest-control,44,wk inc flu hosp,2023-2024,US,1,1.0,120.0,248430.31173913044,112621.09434782609,78153.73913043478,57655.47826086957,389110.0,51.0,82.0,94.0,102.0,176173.30826878446,56338.57518378966,83083.21251322246,36751.520571772344,284439.0023021797,47.0,87.0,109.0,112.0,1.41014728156268,0.639263095269813,0.4436185021353917,0.3272656841574754,0.3197906410307906,0.47159932074649974,0.20861003822270968,0.425,0.6833333333333333,0.7833333333333333,0.85,0.39166666666666666,0.725,0.9083333333333333,0.9333333333333333
latest-control,44,wk inc flu hosp,2024-2025,all,52,0.20000000000000007,5616.0,752975.52,306733.17217391304,396526.9130434783,49715.434782608696,1161554.0,2872.0,4400.0,4886.0,5125.0,997209.4752173913,214134.4317391304,732659.1304347826,50415.91304347826,1363610.0,2943.0,4023.0,4381.0,4604.0,0.7621289386665386,0.29521595331859196,0.39666069470768506,0.07025229064026153,0.22108396855954704,0.7136002994462363,0.0653157319942169,0.5417211328976036,0.8080246913580249,0.8837327523602037,0.9252723311546843,0.5315541031227307,0.7208424110384897,0.7796659404502544,0.8137618010167031
latest-control,44,wk inc flu hosp,2024-2025,states_dc,51,0.0,5508.0,422522.53086956526,150615.35695652175,242482.5652173913,29424.608695652176,645501.0,2799.0,4301.0,4784.0,5019.0,545536.7908695652,116470.22565217389,390693.86956521735,38372.69565217391,755891.0,2882.0,3943.0,4297.0,4519.0,0.7697560516699169,0.28260901808153643,0.41056260520514654,0.0765844283832339,0.22229800226947322,0.7027232314120877,0.07497876631843926,0.5081699346405231,0.7808641975308643,0.8685548293391432,0.9112200435729849,0.5232389251997096,0.7158678286129267,0.7801379811183734,0.8204429920116196
latest-control,44,wk inc flu hosp,2024-2025,US,1,1.0,108.0,330452.98913043475,156117.8152173913,154044.34782608695,20290.82608695652,516053.0,73.0,99.0,102.0,106.0,451672.6843478261,97664.20608695652,341965.26086956525,12043.217391304348,607719.0,61.0,80.0,84.0,85.0,0.7316204866530251,0.34564369426681424,0.34105305271783887,0.04492373966837204,0.2162278337198422,0.7571085715828304,0.02666359469732744,0.6759259259259259,0.9166666666666666,0.9444444444444444,0.9814814814814815,0.5648148148148148,0.7407407407407407,0.7777777777777778,0.7870370370370371
latest-control,44,wk inc flu hosp,2025-2026,all,52,0.20000000000000007,5824.0,833585.2639130433,128391.87260869564,619726.8695652173,85466.52173913043,1109840.0,1893.0,3259.0,3865.0,4226.0,681987.2230434783,182493.35347826086,344539.7391304348,154954.13043478262,1021199.0,3056.0,4510.0,4990.0,5252.0,1.1796603520209423,0.18593276784749466,0.8626166117904053,0.13111097238304226,0.2795215027822053,0.5126519392462101,0.20782655797158484,0.33424369747899174,0.5913865546218489,0.6943627450980394,0.7498599439775913,0.5267507002801122,0.7781162464985996,0.8568627450980395,0.8984943977591038
latest-control,44,wk inc flu hosp,2025-2026,states_dc,51,0.0,5712.0,443582.54130434775,66043.01956521739,323557.17391304346,53982.34782608696,589735.0,1851.0,3177.0,3772.0,4130.0,369731.63260869565,98349.24130434783,189960.8260869565,81421.56521739133,551635.0,2996.0,4421.0,4894.0,5153.0,1.1623290507256223,0.18249783588029458,0.8411495532011777,0.13868166164414994,0.2820338995276028,0.5170549996731875,0.2009111007992099,0.32405462184873957,0.5561974789915968,0.6603641456582634,0.7230392156862746,0.5245098039215688,0.7739845938375352,0.8567927170868349,0.9021358543417369
latest-control,44,wk inc flu hosp,2025-2026,US,1,1.0,112.0,390002.7226086956,62348.85304347826,296169.6956521739,31484.17391304348,520105.0,42.0,82.0,93.0,96.0,312255.5904347826,84144.11217391305,154578.91304347827,73532.5652173913,469564.0,60.0,89.0,96.0,99.0,1.2489855572022215,0.19967249571629486,0.9484848461473153,0.1008282153386113,0.26947191580061497,0.4950396975383006,0.2354883866610844,0.375,0.7321428571428571,0.8303571428571429,0.8571428571428571,0.5357142857142857,0.7946428571428571,0.8571428571428571,0.8839285714285714
latest-control,44,wk inc flu prop ed visits,2025-2026,all,52,0.20000000000000007,5768.0,42.86463408373488,7.063292486886625,27.939355780797168,7.861985816051062,59.95284059316716,1688.0,3051.0,3759.0,4171.0,37.45877191682501,10.32540181251476,18.66849846028443,8.464871644025802,55.69990942461097,3125.0,4505.0,4944.0,5205.0,1.1693975781449315,0.20205664573255488,0.767878118233406,0.19946281417897005,0.29592406594377124,0.48615180315450846,0.21792413090171991,0.2940476190476191,0.5530112044817929,0.6724789915966388,0.7441876750700283,0.5632002801120448,0.781057422969188,0.855042016806723,0.8988795518207284
latest-control,44,wk inc flu prop ed visits,2025-2026,states_dc,51,0.0,5656.0,42.130899717097584,6.9403950222368636,27.44833257371157,7.742172121149128,58.8958653705562,1654.0,2977.0,3673.0,4077.0,36.85597054744329,10.13762192450928,18.3753233456567,8.343025277277297,54.80314218169003,3050.0,4416.0,4848.0,5105.0,1.1574450898777662,0.20160150330702134,0.7562054399160394,0.19963814665470475,0.292027070889161,0.48610114718182584,0.2218717819290127,0.29166666666666674,0.5260854341736696,0.6486344537815127,0.7204131652661065,0.5365896358543418,0.7776610644257704,0.8545168067226891,0.9003851540616248
latest-control,44,wk inc flu prop ed visits,2025-2026,US,1,1.0,112.0,0.733734366637292,0.1228974646497618,0.49102320708559566,0.1198136949019341,1.0569752226109617,34.0,74.0,86.0,94.0,0.6028013693817165,0.1877798880054818,0.29317511462773,0.1218463667485042,0.8967672429209468,75.0,89.0,96.0,100.0,1.2172075312135926,0.2038772154346891,0.8145688315028716,0.19876148427603116,0.31151204616221184,0.4863544270452387,0.20213352679254865,0.30357142857142855,0.6607142857142857,0.7678571428571429,0.8392857142857143,0.6696428571428571,0.7946428571428571,0.8571428571428571,0.8928571428571429
latest-control,44,wk inc rsv hosp,2025-2026,all,52,0.20000000000000007,6032.0,206774.61739130435,53857.443478260866,149190.73913043478,3726.434782608696,334501.0,2051.0,3747.0,4466.0,4926.0,174064.93092191094,53052.087440608055,105063.50795633462,15949.335524968266,270304.41698893777,2589.0,4305.0,4948.0,5364.0,1.1973759181716253,0.2964429402366715,0.856382556686525,0.04455042124842872,0.30674063025043297,0.5745971360277671,0.11866223372180022,0.3170723461798513,0.6449290060851929,0.764401622718053,0.8393171061528062,0.44066937119675464,0.7187964841108859,0.8279918864097365,0.8953684922244761
latest-control,44,wk inc rsv hosp,2025-2026,states_dc,51,0.0,5916.0,114069.34217391306,27787.037826086955,83328.95652173914,2953.3478260869565,178937.0,2026.0,3660.0,4365.0,4817.0,94740.19007535864,28170.04025877443,55907.86834298157,10662.281473602627,146919.94591427944,2532.0,4219.0,4848.0,5257.0,1.2045497808378727,0.2883901366131062,0.8629080799465886,0.05325156427817806,0.30500748188385424,0.5633274152930453,0.1316651028231006,0.3424611223799865,0.6186612576064909,0.7378296146044626,0.8142325895875593,0.4279918864097364,0.7131507775524004,0.8194726166328602,0.8886071670047331
latest-control,44,wk inc rsv hosp,2025-2026,US,1,1.0,116.0,92705.2752173913,26070.40565217391,65861.78260869565,773.0869565217392,155564.0,25.0,87.0,101.0,109.0,79324.7408465523,24882.04718183363,49155.63961335304,5287.05405136564,123384.47107465833,57.0,86.0,100.0,107.0,1.1686804675066336,0.32865415473093235,0.8302804636462698,0.00974584912943135,0.31367322371674766,0.6196760189666538,0.06665075731659867,0.21551724137931033,0.75,0.8706896551724138,0.9396551724137931,0.49137931034482757,0.7413793103448276,0.8620689655172413,0.9224137931034483
latest-control,44,wk inc rsv prop ed visits,2025-2026,all,51,0.2,5586.0,3.849547453645512,1.505716342827682,2.1545024141639364,0.18932869665387342,5.930295047308405,3052.0,4566.0,5032.0,5225.0,4.530466181091006,1.2624880197885668,3.0078391482014353,0.2601390131009845,6.751646223879154,2706.0,4144.0,4680.0,5001.0,0.9077474209519616,0.41433773558139486,0.452833924410426,0.040575760960134676,0.3535959682986677,0.5860545127207138,0.060349518980613026,0.5755386792446044,0.8405488555489826,0.9194937449786176,0.9477186606137991,0.5147666229916434,0.7725612543865138,0.8615424030084597,0.9086279020936869
latest-control,44,wk inc rsv prop ed visits,2025-2026,states_dc,50,0.0,5475.0,3.802406302600142,1.4793030387555526,2.1350894021340228,0.18801386171054693,5.8545597762752495,2973.0,4461.0,4921.0,5114.0,4.481922043258964,1.2402717937371133,2.9831665637207228,0.25848368580110964,6.672332609887618,2633.0,4042.0,4572.0,4893.0,0.8919095913841637,0.38189491030737976,0.4660663172720532,0.04394836380472564,0.3275824533044075,0.6055055048001257,0.06691204189546196,0.5414954211278278,0.8141995829497419,0.899367181223272,0.9346483257672489,0.4790438643251399,0.7359718382534125,0.8336847605173316,0.8925416343738655
latest-control,44,wk inc rsv prop ed visits,2025-2026,US,1,1.0,111.0,0.0471411510453701,0.0264133040721295,0.0194130120299136,0.0013148349433265,0.0757352710331555,79.0,105.0,111.0,111.0,0.0485441378320411,0.0222162260514535,0.024672584480712398,0.0016553272998748388,0.0793136139915364,73.0,102.0,108.0,108.0,0.9710987392231536,0.5441090366774554,0.399904352963917,0.027085349581770835,0.4576500282757085,0.5082505444030668,0.03409942732121726,0.7117117117117117,0.9459459459459459,1.0,1.0,0.6576576576576577,0.918918918918919,0.972972972972973,0.972972972972973
