config_id,history,metric,season,mean,std,count
"pilot_method=joint,forecast_targets=flu,pathogen_inputs=flu,correction_weeks=2,joint_weight=0.1,correction_penalty=3.0,reporting_missingness=0,nowcast_weeks=4,ed_transform=logit,loss_weights=flu_hosp_ed,spatial=neighbors,sum_wis_weight=0.25,width=96,epochs=240,patience=25,lr=0.0005,fit_partition=pathogen,covariate_encoder=summary,input_mode=scheduled_final,input_normalization=b0,evaluation_seasons=recent_two",corrected,flu_admissions_log,2024-2025,0.7655498024630646,0.06822313329297529,2
"pilot_method=joint,forecast_targets=flu,pathogen_inputs=flu,correction_weeks=2,joint_weight=0.1,correction_penalty=3.0,reporting_missingness=0,nowcast_weeks=4,ed_transform=logit,loss_weights=flu_hosp_ed,spatial=neighbors,decoder=quantile,width=96,epochs=240,patience=25,batch_size=16,lr=0.0005,fit_partition=pathogen,covariate_encoder=summary,input_mode=scheduled_final,input_normalization=b0,evaluation_seasons=recent_two,actual_share=1.0",corrected,flu_admissions_log,2024-2025,0.7742088902152322,0.0024843924666992047,2
"pilot_method=joint,forecast_targets=flu,pathogen_inputs=flu,correction_weeks=2,joint_weight=0.1,correction_penalty=3.0,reporting_missingness=0,nowcast_weeks=4,ed_transform=logit,loss_weights=flu_hosp_ed,spatial=neighbors,decoder=quantile,width=96,epochs=240,patience=25,lr=0.0005,fit_partition=pathogen,covariate_encoder=summary,input_mode=scheduled_final,input_normalization=b0,evaluation_seasons=recent_two,actual_share=1.0",corrected,flu_admissions_log,2024-2025,0.775547829126461,0.04079732273617592,2
"pilot_method=joint,forecast_targets=flu,pathogen_inputs=flu,correction_weeks=2,joint_weight=0.1,correction_penalty=3.0,reporting_missingness=0,nowcast_weeks=4,ed_transform=logit,loss_weights=flu_hosp_ed,spatial=neighbors,decoder=quantile,width=96,epochs=240,patience=25,batch_size=16,lr=0.0005,fit_partition=pathogen,covariate_encoder=summary,input_mode=scheduled_final,input_normalization=b0,evaluation_seasons=recent_two,actual_share=1.0",calibrated,flu_admissions_log,2024-2025,0.7758440720901982,0.0032425119655575666,2
"pilot_method=joint,forecast_targets=flu,pathogen_inputs=flu,correction_weeks=2,reporting_random_strength=1,joint_weight=0.1,correction_penalty=300.0,reporting_missingness=0,nowcast_weeks=4,ed_transform=logit,loss_weights=flu_hosp_ed,spatial=neighbors,sum_wis_weight=0.25,width=96,epochs=240,patience=25,lr=0.0005,fit_partition=pathogen,covariate_encoder=summary,input_mode=scheduled_final,input_normalization=b0,evaluation_seasons=recent_two,actual_share=0.5,log_loss_weight=0.25",corrected,flu_admissions_log,2024-2025,0.7789257321803418,0.03474887219432112,2
"pilot_method=two_stage,pilot_nowcaster=real_tree,forecast_targets=flu,pathogen_inputs=flu,correction_weeks=2,joint_weight=0.05,correction_penalty=100.0,count_transform=sqrt,ed_transform=logit,loss_weights=flu_hosp_ed,spatial=distance,width=128,epochs=160,patience=25,lr=0.002,fit_partition=pathogen,weight_decay=3e-05,covariate_encoder=summary,covariate_set=kinsa,input_mode=scheduled_final,input_normalization=b0,evaluation_seasons=recent_two,actual_share=0.25,correction_realizations=4,uncorrected_share=0.1,log_loss_weight=1.0",corrected,flu_admissions_log,2024-2025,0.7854928541444581,0.013877649227211164,2
"pilot_method=joint,forecast_targets=flu,pathogen_inputs=flu,correction_weeks=2,joint_weight=0.1,correction_penalty=3.0,reporting_missingness=0,nowcast_weeks=4,ed_transform=logit,loss_weights=flu_hosp_ed,spatial=neighbors,sum_wis_weight=0.25,width=96,epochs=240,patience=25,lr=0.0005,fit_partition=pathogen,covariate_encoder=summary,input_mode=scheduled_final,input_normalization=b0,evaluation_seasons=recent_two",calibrated,flu_admissions_log,2024-2025,0.7871728405408196,0.0626470790796435,2
"pilot_method=joint,forecast_targets=flu,pathogen_inputs=flu,correction_weeks=2,joint_weight=0.1,correction_penalty=3.0,reporting_missingness=0,nowcast_weeks=4,ed_transform=logit,loss_weights=flu_hosp_ed,spatial=neighbors,decoder=quantile,width=96,epochs=240,patience=25,batch_size=16,lr=0.0005,fit_partition=pathogen,covariate_encoder=summary,input_mode=scheduled_final,input_normalization=b0,evaluation_seasons=recent_two,actual_share=1.0",half,flu_admissions_log,2024-2025,0.788434092560512,0.008370601070199123,2
"pilot_method=joint,pilot_nowcaster=real_tree,forecast_targets=flu,pathogen_inputs=flu,ili_units=flu_scaled,ili_steps=1200,correction_weeks=3,ili_training=pretrain,joint_weight=0.1,correction_penalty=3.0,reporting_strength=1.5,nowcast_weeks=4,lookback=10,ed_transform=logit,loss_weights=flu_hosp_ed,spatial=neighbors,decoder=quantile,latent=32,epochs=240,patience=25,lr=0.0005,fit_partition=pathogen,covariate_encoder=summary,input_mode=scheduled_final,input_normalization=b0,evaluation_seasons=recent_two,actual_share=0.5,nowcast_noise=1.0",corrected,flu_admissions_log,2024-2025,0.7930976636281697,0.009995767881889975,2
"pilot_method=joint,forecast_targets=flu,pathogen_inputs=flu,correction_weeks=2,joint_weight=0.1,correction_penalty=3.0,reporting_missingness=0,nowcast_weeks=4,ed_transform=logit,loss_weights=flu_hosp_ed,spatial=neighbors,decoder=quantile,width=96,epochs=240,patience=25,lr=0.0005,fit_partition=pathogen,covariate_encoder=summary,input_mode=scheduled_final,input_normalization=b0,evaluation_seasons=recent_two,actual_share=1.0",half,flu_admissions_log,2024-2025,0.7955660542442159,0.041021468455035334,2
"pilot_method=joint,pilot_nowcaster=real_tree,forecast_targets=flu,pathogen_inputs=flu,ili_units=flu_scaled,ili_steps=1200,correction_weeks=3,ili_training=pretrain,joint_weight=0.1,correction_penalty=3.0,reporting_strength=1.5,nowcast_weeks=4,lookback=10,ed_transform=logit,loss_weights=flu_hosp_ed,spatial=neighbors,decoder=quantile,latent=32,epochs=240,patience=25,lr=0.0005,fit_partition=pathogen,covariate_encoder=summary,input_mode=scheduled_final,input_normalization=b0,evaluation_seasons=recent_two,actual_share=0.5,nowcast_noise=1.0",calibrated,flu_admissions_log,2024-2025,0.7979624851302622,0.0247962014708135,2
"pilot_method=joint,forecast_targets=flu,pathogen_inputs=flu,correction_weeks=2,joint_weight=0.1,correction_penalty=3.0,reporting_missingness=0,nowcast_weeks=4,ed_transform=logit,loss_weights=flu_hosp_ed,spatial=neighbors,sum_wis_weight=0.25,width=96,epochs=240,patience=25,lr=0.0005,fit_partition=pathogen,covariate_encoder=summary,input_mode=scheduled_final,input_normalization=b0,evaluation_seasons=recent_two",half,flu_admissions_log,2024-2025,0.7996228518430694,0.07976074519301607,2
"pilot_method=joint,forecast_targets=flu,pathogen_inputs=flu,correction_weeks=2,reporting_random_strength=1,joint_weight=0.1,correction_penalty=300.0,reporting_missingness=0,nowcast_weeks=4,ed_transform=logit,loss_weights=flu_hosp_ed,spatial=neighbors,sum_wis_weight=0.25,width=96,epochs=240,patience=25,lr=0.0005,fit_partition=pathogen,covariate_encoder=summary,input_mode=scheduled_final,input_normalization=b0,evaluation_seasons=recent_two,actual_share=0.5,log_loss_weight=0.25",half,flu_admissions_log,2024-2025,0.8040627576096105,0.03599539927121816,2
"pilot_method=joint,forecast_targets=flu,pathogen_inputs=flu,correction_weeks=2,joint_weight=0.1,correction_penalty=3.0,reporting_missingness=0,nowcast_weeks=4,ed_transform=logit,loss_weights=flu_hosp_ed,spatial=neighbors,decoder=quantile,width=96,epochs=240,patience=25,batch_size=16,lr=0.0005,fit_partition=pathogen,covariate_encoder=summary,input_mode=scheduled_final,input_normalization=b0,evaluation_seasons=recent_two,actual_share=1.0",raw,flu_admissions_log,2024-2025,0.8087056474225007,0.013934885932916705,2
"pilot_method=joint,pilot_nowcaster=real_tree,forecast_targets=flu,pathogen_inputs=flu,ili_units=flu_scaled,ili_steps=1200,correction_weeks=3,ili_training=pretrain,joint_weight=0.1,correction_penalty=3.0,reporting_strength=1.5,nowcast_weeks=4,lookback=10,ed_transform=logit,loss_weights=flu_hosp_ed,spatial=neighbors,decoder=quantile,latent=32,epochs=240,patience=25,lr=0.0005,fit_partition=pathogen,covariate_encoder=summary,input_mode=scheduled_final,input_normalization=b0,evaluation_seasons=recent_two,actual_share=0.5,nowcast_noise=1.0",sampled,flu_admissions_log,2024-2025,0.8096681814608798,0.016430315398949614,2
"pilot_method=two_stage,pilot_nowcaster=real_tree,forecast_targets=flu,pathogen_inputs=flu,correction_weeks=2,joint_weight=0.05,correction_penalty=30.0,reporting_missingness=0,count_transform=sqrt,ed_transform=logit,loss_weights=flu_hosp_ed,width=96,epochs=160,patience=25,lr=0.002,fit_partition=pathogen,covariate_encoder=summary,covariate_set=kinsa,input_mode=scheduled_final,input_normalization=b0,evaluation_seasons=recent_two",corrected,flu_admissions_log,2024-2025,0.8098005282812903,0.11702382685623104,2
"pilot_method=joint,pilot_nowcaster=real_tree,forecast_targets=flu,pathogen_inputs=flu,ili_units=flu_scaled,ili_steps=1200,correction_weeks=3,ili_training=pretrain,joint_weight=0.1,correction_penalty=3.0,reporting_strength=1.5,nowcast_weeks=4,lookback=10,ed_transform=logit,loss_weights=flu_hosp_ed,spatial=neighbors,decoder=quantile,latent=32,epochs=240,patience=25,lr=0.0005,fit_partition=pathogen,covariate_encoder=summary,input_mode=scheduled_final,input_normalization=b0,evaluation_seasons=recent_two,actual_share=0.5,nowcast_noise=1.0",half,flu_admissions_log,2024-2025,0.8138112391759487,0.015517962934252645,2
"pilot_method=two_stage,pilot_nowcaster=real_tree,forecast_targets=flu,pathogen_inputs=flu,correction_weeks=2,joint_weight=0.05,correction_penalty=100.0,count_transform=sqrt,ed_transform=logit,loss_weights=flu_hosp_ed,spatial=distance,width=128,epochs=160,patience=25,lr=0.002,fit_partition=pathogen,weight_decay=3e-05,covariate_encoder=summary,covariate_set=kinsa,input_mode=scheduled_final,input_normalization=b0,evaluation_seasons=recent_two,actual_share=0.25,correction_realizations=4,uncorrected_share=0.1,log_loss_weight=1.0",calibrated,flu_admissions_log,2024-2025,0.8198033996777025,0.01893780106902676,2
"pilot_method=joint,forecast_targets=flu,pathogen_inputs=flu,correction_weeks=2,joint_weight=0.1,correction_penalty=3.0,reporting_missingness=0,nowcast_weeks=4,ed_transform=logit,loss_weights=flu_hosp_ed,spatial=neighbors,decoder=quantile,width=96,epochs=240,patience=25,lr=0.0005,fit_partition=pathogen,covariate_encoder=summary,input_mode=scheduled_final,input_normalization=b0,evaluation_seasons=recent_two,actual_share=1.0",raw,flu_admissions_log,2024-2025,0.8218192016335035,0.04028931459862538,2
"pilot_method=two_stage,pilot_nowcaster=real_tree,forecast_targets=flu,pathogen_inputs=flu,ili_units=flu_scaled,ili_steps=1200,correction_weeks=1,ili_training=pretrain,joint_weight=0.05,correction_penalty=30.0,correction_strength=0.75,reporting_strength=2.0,lookback=10,count_transform=sqrt,ed_transform=logit,loss_weights=flu_hosp_ed,width=96,epochs=160,patience=25,batch_size=16,fit_partition=pathogen,covariate_encoder=summary,signal_features=multiscale,covariate_set=kinsa,input_mode=scheduled_final,input_normalization=b0,evaluation_seasons=recent_two,correction_realizations=2,uncorrected_share=0.1",corrected,flu_admissions_log,2024-2025,0.824203715561377,0.10177857064612893,2
"pilot_method=two_stage,pilot_nowcaster=real_tree,forecast_targets=flu,pathogen_inputs=flu,correction_weeks=2,joint_weight=0.05,correction_penalty=30.0,reporting_missingness=0,count_transform=sqrt,ed_transform=logit,loss_weights=flu_hosp_ed,width=96,epochs=160,patience=25,lr=0.002,fit_partition=pathogen,covariate_encoder=summary,covariate_set=kinsa,input_mode=scheduled_final,input_normalization=b0,evaluation_seasons=recent_two,log_loss_weight=0.5",corrected,flu_admissions_log,2024-2025,0.8261544162203471,0.02347562212242579,2
"pilot_method=two_stage,pilot_nowcaster=real_tree,forecast_targets=flu,pathogen_inputs=flu,ili_units=flu_scaled,ili_steps=1200,correction_weeks=1,ili_training=pretrain,joint_weight=0.05,correction_penalty=30.0,correction_strength=0.75,reporting_strength=2.0,lookback=10,count_transform=sqrt,ed_transform=logit,loss_weights=flu_hosp_ed,width=96,epochs=160,patience=25,batch_size=16,fit_partition=pathogen,covariate_encoder=summary,signal_features=multiscale,covariate_set=kinsa,input_mode=scheduled_final,input_normalization=b0,evaluation_seasons=recent_two,correction_realizations=2,uncorrected_share=0.1",calibrated,flu_admissions_log,2024-2025,0.8295892644885211,0.10744797139813986,2
"pilot_method=two_stage,pilot_nowcaster=real_tree,forecast_targets=flu,pathogen_inputs=flu,correction_weeks=2,joint_weight=0.05,correction_penalty=30.0,reporting_missingness=0,count_transform=sqrt,ed_transform=logit,loss_weights=flu_hosp_ed,width=96,epochs=160,patience=25,lr=0.002,fit_partition=pathogen,covariate_encoder=summary,covariate_set=kinsa,input_mode=scheduled_final,input_normalization=b0,evaluation_seasons=recent_two,actual_share=0.5",corrected,flu_admissions_log,2024-2025,0.8308749908780216,0.13924352949610008,2
"pilot_method=two_stage,pilot_nowcaster=real_tree,forecast_targets=flu,pathogen_inputs=flu,correction_weeks=2,joint_weight=0.05,correction_penalty=30.0,reporting_missingness=0,count_transform=sqrt,ed_transform=logit,loss_weights=flu_hosp_ed,width=96,epochs=160,patience=25,lr=0.002,fit_partition=pathogen,covariate_encoder=summary,covariate_set=kinsa,input_mode=scheduled_final,input_normalization=b0,evaluation_seasons=recent_two",calibrated,flu_admissions_log,2024-2025,0.8315957991412638,0.14147885509166983,2
"pilot_method=joint,forecast_targets=flu,pathogen_inputs=flu,correction_weeks=2,reporting_random_strength=1,joint_weight=0.1,correction_penalty=300.0,reporting_missingness=0,nowcast_weeks=4,ed_transform=logit,loss_weights=flu_hosp_ed,spatial=neighbors,sum_wis_weight=0.25,width=96,epochs=240,patience=25,lr=0.0005,fit_partition=pathogen,covariate_encoder=summary,input_mode=scheduled_final,input_normalization=b0,evaluation_seasons=recent_two,actual_share=0.5,log_loss_weight=0.25",calibrated,flu_admissions_log,2024-2025,0.8337905948910769,0.02139753913086372,2
"pilot_method=joint,forecast_targets=flu,pathogen_inputs=flu,correction_weeks=2,reporting_random_strength=1,joint_weight=0.1,correction_penalty=300.0,reporting_missingness=0,nowcast_weeks=4,ed_transform=logit,loss_weights=flu_hosp_ed,spatial=neighbors,sum_wis_weight=0.25,width=96,epochs=240,patience=25,lr=0.0005,fit_partition=pathogen,covariate_encoder=summary,input_mode=scheduled_final,input_normalization=b0,evaluation_seasons=recent_two,actual_share=0.5,log_loss_weight=0.25",raw,flu_admissions_log,2024-2025,0.8357625174074844,0.03837747755431496,2
"pilot_method=joint,forecast_targets=flu,pathogen_inputs=flu,correction_weeks=3,reporting_random_strength=1,joint_weight=0.1,correction_penalty=3.0,reporting_strength=2.0,nowcast_weeks=4,ed_transform=logit,loss_weights=flu_hosp_ed,spatial=neighbors,decoder=quantile,width=96,epochs=240,patience=25,fit_partition=pathogen,covariate_encoder=summary,input_mode=scheduled_final,input_normalization=b0,evaluation_seasons=recent_two,actual_share=1.0,log_loss_weight=0.25",corrected,flu_admissions_log,2024-2025,0.839395776756636,0.04586117860963394,2
"pilot_method=two_stage,pilot_nowcaster=real_tree,forecast_targets=flu,pathogen_inputs=flu,correction_weeks=2,joint_weight=0.05,correction_penalty=100.0,count_transform=sqrt,ed_transform=logit,loss_weights=flu_hosp_ed,spatial=distance,width=128,epochs=160,patience=25,lr=0.002,fit_partition=pathogen,weight_decay=3e-05,covariate_encoder=summary,covariate_set=kinsa,input_mode=scheduled_final,input_normalization=b0,evaluation_seasons=recent_two,actual_share=0.25,correction_realizations=4,uncorrected_share=0.1,log_loss_weight=1.0",half,flu_admissions_log,2024-2025,0.8423038957650104,0.0021815168399855335,2
"pilot_method=joint,forecast_targets=flu,pathogen_inputs=flu,correction_weeks=2,joint_weight=0.1,correction_penalty=3.0,reporting_missingness=0,nowcast_weeks=4,ed_transform=logit,loss_weights=flu_hosp_ed,spatial=neighbors,decoder=quantile,width=96,epochs=240,patience=25,lr=0.0005,fit_partition=pathogen,covariate_encoder=summary,input_mode=scheduled_final,input_normalization=b0,evaluation_seasons=recent_two,actual_share=1.0",calibrated,flu_admissions_log,2024-2025,0.8501720721190236,0.10054092558414987,2
"pilot_method=joint,forecast_targets=flu,pathogen_inputs=flu,correction_weeks=2,joint_weight=0.1,correction_penalty=3.0,reporting_missingness=0,nowcast_weeks=4,ed_transform=logit,loss_weights=flu_hosp_ed,spatial=neighbors,sum_wis_weight=0.25,width=96,epochs=240,patience=25,lr=0.0005,fit_partition=pathogen,covariate_encoder=summary,input_mode=scheduled_final,input_normalization=b0,evaluation_seasons=recent_two",raw,flu_admissions_log,2024-2025,0.8502996485272905,0.09118960731738918,2
"pilot_method=two_stage,pilot_nowcaster=real_tree,forecast_targets=flu,pathogen_inputs=flu,ili_units=flu_scaled,ili_steps=1200,correction_weeks=1,ili_training=pretrain,joint_weight=0.05,correction_penalty=30.0,correction_strength=0.75,reporting_strength=2.0,lookback=10,count_transform=sqrt,ed_transform=logit,loss_weights=flu_hosp_ed,width=96,epochs=160,patience=25,batch_size=16,fit_partition=pathogen,covariate_encoder=summary,signal_features=multiscale,covariate_set=kinsa,input_mode=scheduled_final,input_normalization=b0,evaluation_seasons=recent_two,correction_realizations=2,uncorrected_share=0.1",half,flu_admissions_log,2024-2025,0.8504536825145573,0.1280680686293759,2
"pilot_method=joint,forecast_targets=flu,pathogen_inputs=flu,correction_weeks=2,reporting_random_strength=1,joint_weight=0.1,correction_penalty=3.0,reporting_missingness=0,nowcast_weeks=4,ed_transform=logit,loss_weights=flu_hosp_ed,spatial=neighbors,sum_wis_weight=0.25,width=96,epochs=240,patience=25,lr=0.0005,fit_partition=pathogen,covariate_encoder=summary,signal_features=multiscale,input_mode=scheduled_final,input_normalization=b0,evaluation_seasons=recent_two,actual_share=0.25",corrected,flu_admissions_log,2024-2025,0.8541607769891602,0.1768766658987194,2
"pilot_method=joint,pilot_nowcaster=real_tree,forecast_targets=flu,pathogen_inputs=flu,ili_units=flu_scaled,ili_steps=1200,correction_weeks=3,ili_training=pretrain,joint_weight=0.1,correction_penalty=3.0,reporting_strength=1.5,nowcast_weeks=4,lookback=10,ed_transform=logit,loss_weights=flu_hosp_ed,spatial=neighbors,decoder=quantile,latent=32,epochs=240,patience=25,lr=0.0005,fit_partition=pathogen,covariate_encoder=summary,input_mode=scheduled_final,input_normalization=b0,evaluation_seasons=recent_two,actual_share=0.5,nowcast_noise=1.0",raw,flu_admissions_log,2024-2025,0.8556722138653632,0.02091561840482084,2
"pilot_method=two_stage,pilot_nowcaster=real_tree,forecast_targets=flu,pathogen_inputs=flu,correction_weeks=2,joint_weight=0.05,correction_penalty=30.0,reporting_missingness=0,count_transform=sqrt,ed_transform=logit,loss_weights=flu_hosp_ed,width=96,epochs=160,patience=25,batch_size=16,lr=0.002,fit_partition=pathogen,covariate_encoder=summary,covariate_set=kinsa,input_mode=scheduled_final,input_normalization=b0,evaluation_seasons=recent_two,actual_share=0.5,log_loss_weight=0.5",corrected,flu_admissions_log,2024-2025,0.862990669060901,0.014096137256326045,2
"pilot_method=joint,forecast_targets=flu,pathogen_inputs=flu,correction_weeks=3,reporting_random_strength=1,joint_weight=0.1,correction_penalty=3.0,reporting_strength=2.0,nowcast_weeks=4,ed_transform=logit,loss_weights=flu_hosp_ed,spatial=neighbors,decoder=quantile,width=96,epochs=240,patience=25,fit_partition=pathogen,covariate_encoder=summary,input_mode=scheduled_final,input_normalization=b0,evaluation_seasons=recent_two,actual_share=1.0,log_loss_weight=0.25",half,flu_admissions_log,2024-2025,0.8640901989355246,0.04820989212932838,2
"pilot_method=two_stage,pilot_nowcaster=real_tree,forecast_targets=flu,pathogen_inputs=flu,correction_weeks=2,joint_weight=0.05,correction_penalty=30.0,reporting_missingness=0,count_transform=sqrt,ed_transform=logit,loss_weights=flu_hosp_ed,width=96,epochs=160,patience=25,lr=0.002,fit_partition=pathogen,covariate_encoder=summary,covariate_set=kinsa,input_mode=scheduled_final,input_normalization=b0,evaluation_seasons=recent_two,log_loss_weight=0.5",calibrated,flu_admissions_log,2024-2025,0.8643630546410803,0.06837135198593067,2
"pilot_method=two_stage,pilot_nowcaster=real_tree,forecast_targets=flu,pathogen_inputs=flu,correction_weeks=2,joint_weight=0.05,correction_penalty=30.0,reporting_missingness=0,count_transform=sqrt,ed_transform=logit,loss_weights=flu_hosp_ed,width=96,epochs=160,patience=25,lr=0.002,fit_partition=pathogen,covariate_encoder=summary,covariate_set=kinsa,input_mode=scheduled_final,input_normalization=b0,evaluation_seasons=recent_two",half,flu_admissions_log,2024-2025,0.8659355318407429,0.15040985135335716,2
"pilot_method=joint,forecast_targets=flu,pathogen_inputs=flu,correction_weeks=2,reporting_random_strength=1,joint_weight=0.1,correction_penalty=3.0,reporting_missingness=0,nowcast_weeks=4,ed_transform=logit,loss_weights=flu_hosp_ed,spatial=neighbors,sum_wis_weight=0.25,width=96,epochs=240,patience=25,lr=0.0005,fit_partition=pathogen,covariate_encoder=summary,signal_features=multiscale,input_mode=scheduled_final,input_normalization=b0,evaluation_seasons=recent_two,actual_share=0.25",half,flu_admissions_log,2024-2025,0.8777424900657049,0.1901138412133886,2
"pilot_method=joint,forecast_targets=flu,pathogen_inputs=flu,correction_weeks=2,reporting_random_strength=1,joint_weight=0.1,correction_penalty=3.0,reporting_missingness=0,nowcast_weeks=4,ed_transform=logit,loss_weights=flu_hosp_ed,spatial=neighbors,sum_wis_weight=0.25,width=96,epochs=240,patience=25,lr=0.0005,fit_partition=pathogen,covariate_encoder=summary,signal_features=multiscale,input_mode=scheduled_final,input_normalization=b0,evaluation_seasons=recent_two,actual_share=0.25",calibrated,flu_admissions_log,2024-2025,0.8782353367325298,0.20419074975548213,2
"pilot_method=two_stage,pilot_nowcaster=real_tree,forecast_targets=flu,pathogen_inputs=flu,correction_weeks=2,joint_weight=0.05,correction_penalty=30.0,reporting_missingness=0,count_transform=sqrt,ed_transform=logit,loss_weights=flu_hosp_ed,width=96,epochs=160,patience=25,lr=0.002,fit_partition=pathogen,covariate_encoder=summary,covariate_set=kinsa,input_mode=scheduled_final,input_normalization=b0,evaluation_seasons=recent_two,actual_share=0.5",calibrated,flu_admissions_log,2024-2025,0.8793248834087095,0.171452414974941,2
"pilot_method=two_stage,pilot_nowcaster=real_tree,forecast_targets=flu,pathogen_inputs=flu,ili_units=flu_scaled,ili_steps=1200,correction_weeks=1,ili_training=pretrain,joint_weight=0.05,correction_penalty=30.0,correction_strength=0.75,reporting_strength=2.0,lookback=10,count_transform=sqrt,ed_transform=logit,loss_weights=flu_hosp_ed,width=96,epochs=160,patience=25,batch_size=16,fit_partition=pathogen,covariate_encoder=summary,signal_features=multiscale,covariate_set=kinsa,input_mode=scheduled_final,input_normalization=b0,evaluation_seasons=recent_two,correction_realizations=2,uncorrected_share=0.1",raw,flu_admissions_log,2024-2025,0.8894917240244649,0.15229339755834667,2
"pilot_method=two_stage,pilot_nowcaster=real_tree,forecast_targets=flu,pathogen_inputs=flu,correction_weeks=2,joint_weight=0.05,correction_penalty=30.0,reporting_missingness=0,count_transform=sqrt,ed_transform=logit,loss_weights=flu_hosp_ed,width=96,epochs=160,patience=25,lr=0.002,fit_partition=pathogen,covariate_encoder=summary,covariate_set=kinsa,input_mode=scheduled_final,input_normalization=b0,evaluation_seasons=recent_two,actual_share=0.5",half,flu_admissions_log,2024-2025,0.8924682287176366,0.17281685638709254,2
"pilot_method=two_stage,pilot_nowcaster=real_tree,forecast_targets=flu,pathogen_inputs=flu,correction_weeks=2,joint_weight=0.05,correction_penalty=30.0,reporting_missingness=0,count_transform=sqrt,ed_transform=logit,loss_weights=flu_hosp_ed,width=96,epochs=160,patience=25,lr=0.002,fit_partition=pathogen,covariate_encoder=summary,covariate_set=kinsa,input_mode=scheduled_final,input_normalization=b0,evaluation_seasons=recent_two,log_loss_weight=0.5",half,flu_admissions_log,2024-2025,0.8938818407683348,0.03605225223422629,2
"pilot_method=joint,forecast_targets=flu,pathogen_inputs=flu,correction_weeks=3,reporting_random_strength=1,joint_weight=0.1,correction_penalty=3.0,reporting_strength=2.0,nowcast_weeks=4,ed_transform=logit,loss_weights=flu_hosp_ed,spatial=neighbors,decoder=quantile,width=96,epochs=240,patience=25,fit_partition=pathogen,covariate_encoder=summary,input_mode=scheduled_final,input_normalization=b0,evaluation_seasons=recent_two,actual_share=1.0,log_loss_weight=0.25",calibrated,flu_admissions_log,2024-2025,0.8948083589121445,0.09914374236007237,2
"pilot_method=joint,forecast_targets=flu,pathogen_inputs=flu,correction_weeks=3,reporting_random_strength=1,joint_weight=0.1,correction_penalty=3.0,reporting_strength=2.0,nowcast_weeks=4,ed_transform=logit,loss_weights=flu_hosp_ed,spatial=neighbors,decoder=quantile,width=96,epochs=240,patience=25,fit_partition=pathogen,covariate_encoder=summary,input_mode=scheduled_final,input_normalization=b0,evaluation_seasons=recent_two,actual_share=1.0,log_loss_weight=0.25",raw,flu_admissions_log,2024-2025,0.8949119988169238,0.04973450221964861,2
"pilot_method=joint,forecast_targets=flu,pathogen_inputs=flu,correction_weeks=2,reporting_random_strength=1,joint_weight=0.1,correction_penalty=3.0,reporting_missingness=0,nowcast_weeks=4,ed_transform=logit,loss_weights=flu_hosp_ed,spatial=neighbors,sum_wis_weight=0.25,width=96,epochs=240,patience=25,lr=0.0005,fit_partition=pathogen,covariate_encoder=summary,signal_features=multiscale,input_mode=scheduled_final,input_normalization=b0,evaluation_seasons=recent_two,actual_share=0.25",raw,flu_admissions_log,2024-2025,0.9075616402254003,0.20330165267568767,2
"pilot_method=two_stage,pilot_nowcaster=real_tree,forecast_targets=flu,pathogen_inputs=flu,correction_weeks=2,joint_weight=0.05,correction_penalty=30.0,reporting_missingness=0,count_transform=sqrt,ed_transform=logit,loss_weights=flu_hosp_ed,width=96,epochs=160,patience=25,batch_size=16,lr=0.002,fit_partition=pathogen,covariate_encoder=summary,covariate_set=kinsa,input_mode=scheduled_final,input_normalization=b0,evaluation_seasons=recent_two,actual_share=0.5,log_loss_weight=0.5",calibrated,flu_admissions_log,2024-2025,0.9152268514409341,0.036421935276052086,2
"pilot_method=two_stage,pilot_nowcaster=real_tree,forecast_targets=flu,pathogen_inputs=flu,correction_weeks=2,joint_weight=0.05,correction_penalty=100.0,count_transform=sqrt,ed_transform=logit,loss_weights=flu_hosp_ed,spatial=distance,width=128,epochs=160,patience=25,lr=0.002,fit_partition=pathogen,weight_decay=3e-05,covariate_encoder=summary,covariate_set=kinsa,input_mode=scheduled_final,input_normalization=b0,evaluation_seasons=recent_two,actual_share=0.25,correction_realizations=4,uncorrected_share=0.1,log_loss_weight=1.0",raw,flu_admissions_log,2024-2025,0.9254702448076477,0.009455664844164295,2
"pilot_method=joint,forecast_targets=flu,pathogen_inputs=flu,correction_weeks=2,joint_weight=0.1,correction_penalty=3.0,reporting_missingness=0,nowcast_weeks=4,ed_transform=logit,loss_weights=flu_hosp_ed,spatial=neighbors,decoder=quantile,width=96,epochs=240,patience=25,lr=0.0005,fit_partition=pathogen,covariate_encoder=summary,input_mode=scheduled_final,input_normalization=b0,evaluation_seasons=recent_two",corrected,flu_admissions_log,2024-2025,0.9381887226882903,0.20900316425796792,2
"pilot_method=two_stage,pilot_nowcaster=real_tree,forecast_targets=flu,pathogen_inputs=flu,correction_weeks=2,joint_weight=0.05,correction_penalty=30.0,reporting_missingness=0,count_transform=sqrt,ed_transform=logit,loss_weights=flu_hosp_ed,width=96,epochs=160,patience=25,batch_size=16,lr=0.002,fit_partition=pathogen,covariate_encoder=summary,covariate_set=kinsa,input_mode=scheduled_final,input_normalization=b0,evaluation_seasons=recent_two,actual_share=0.5,log_loss_weight=0.5",half,flu_admissions_log,2024-2025,0.9399363430198657,0.018811368280155987,2
"pilot_method=two_stage,pilot_nowcaster=real_tree,forecast_targets=flu,pathogen_inputs=flu,correction_weeks=2,joint_weight=0.05,correction_penalty=30.0,reporting_missingness=0,count_transform=sqrt,ed_transform=logit,loss_weights=flu_hosp_ed,width=96,epochs=160,patience=25,lr=0.002,fit_partition=pathogen,covariate_encoder=summary,covariate_set=kinsa,input_mode=scheduled_final,input_normalization=b0,evaluation_seasons=recent_two",raw,flu_admissions_log,2024-2025,0.9480311533681509,0.17870272401110282,2
"pilot_method=joint,forecast_targets=flu,pathogen_inputs=flu,correction_weeks=2,joint_weight=0.1,correction_penalty=3.0,reporting_missingness=0,nowcast_weeks=4,ed_transform=logit,loss_weights=flu_hosp_ed,spatial=neighbors,decoder=quantile,width=96,epochs=240,patience=25,lr=0.0005,fit_partition=pathogen,covariate_encoder=summary,input_mode=scheduled_final,input_normalization=b0,evaluation_seasons=recent_two",calibrated,flu_admissions_log,2024-2025,0.9789641972900511,0.24051045979562793,2
"pilot_method=two_stage,pilot_nowcaster=real_tree,forecast_targets=flu,pathogen_inputs=flu,correction_weeks=2,joint_weight=0.05,correction_penalty=30.0,reporting_missingness=0,count_transform=sqrt,ed_transform=logit,loss_weights=flu_hosp_ed,width=96,epochs=160,patience=25,lr=0.002,fit_partition=pathogen,covariate_encoder=summary,covariate_set=kinsa,input_mode=scheduled_final,input_normalization=b0,evaluation_seasons=recent_two,actual_share=0.5",raw,flu_admissions_log,2024-2025,0.979504406607224,0.20200308913315318,2
"pilot_method=two_stage,pilot_nowcaster=real_tree,forecast_targets=flu,pathogen_inputs=flu,correction_weeks=2,joint_weight=0.05,correction_penalty=30.0,reporting_missingness=0,count_transform=sqrt,ed_transform=logit,loss_weights=flu_hosp_ed,width=96,epochs=160,patience=25,lr=0.002,fit_partition=pathogen,covariate_encoder=summary,covariate_set=kinsa,input_mode=scheduled_final,input_normalization=b0,evaluation_seasons=recent_two,log_loss_weight=0.5",raw,flu_admissions_log,2024-2025,0.9855955005088566,0.04541382269210744,2
"pilot_method=joint,forecast_targets=flu,pathogen_inputs=flu,correction_weeks=2,joint_weight=0.1,correction_penalty=3.0,reporting_missingness=0,nowcast_weeks=4,ed_transform=logit,loss_weights=flu_hosp_ed,spatial=neighbors,decoder=quantile,width=96,epochs=240,patience=25,lr=0.0005,fit_partition=pathogen,covariate_encoder=summary,input_mode=scheduled_final,input_normalization=b0,evaluation_seasons=recent_two",half,flu_admissions_log,2024-2025,0.9865237719488277,0.23407959274428702,2
"pilot_method=two_stage,pilot_nowcaster=real_tree,forecast_targets=flu,pathogen_inputs=flu,correction_weeks=2,joint_weight=0.05,correction_penalty=30.0,reporting_missingness=0,count_transform=sqrt,ed_transform=logit,loss_weights=flu_hosp_ed,width=96,epochs=160,patience=25,batch_size=16,lr=0.002,fit_partition=pathogen,covariate_encoder=summary,covariate_set=kinsa,input_mode=scheduled_final,input_normalization=b0,evaluation_seasons=recent_two,actual_share=0.5,log_loss_weight=0.5",raw,flu_admissions_log,2024-2025,1.041000314441172,0.023080950693929094,2
"pilot_method=joint,forecast_targets=flu,pathogen_inputs=flu,correction_weeks=2,joint_weight=0.1,correction_penalty=3.0,reporting_missingness=0,nowcast_weeks=4,ed_transform=logit,loss_weights=flu_hosp_ed,spatial=neighbors,decoder=quantile,width=96,epochs=240,patience=25,lr=0.0005,fit_partition=pathogen,covariate_encoder=summary,input_mode=scheduled_final,input_normalization=b0,evaluation_seasons=recent_two",raw,flu_admissions_log,2024-2025,1.0506937338921385,0.258701486439512,2
"pilot_method=joint,forecast_targets=flu,pathogen_inputs=flu,correction_weeks=3,growth_anchor=1,joint_weight=0.1,correction_penalty=3.0,reporting_missingness=0,reporting_method=synchronous_log,reporting_strength=2.0,nowcast_weeks=4,lookback=10,ed_transform=logit,loss_weights=flu_hosp_ed,spatial=neighbors,decoder=residual2,sum_wis_weight=0.5,us_error=shared_factor,width=96,epochs=240,patience=25,batch_size=4,lr=0.0005,fit_partition=pathogen,covariate_encoder=summary,input_mode=scheduled_final,input_normalization=b0,evaluation_seasons=recent_two,actual_share=0.5",corrected,flu_admissions_log,2024-2025,1.2887535035272122,0.12168057706083958,2
"pilot_method=joint,forecast_targets=flu,pathogen_inputs=flu,correction_weeks=3,growth_anchor=1,joint_weight=0.1,correction_penalty=3.0,reporting_missingness=0,reporting_method=synchronous_log,reporting_strength=2.0,nowcast_weeks=4,lookback=10,ed_transform=logit,loss_weights=flu_hosp_ed,spatial=neighbors,decoder=residual2,sum_wis_weight=0.5,us_error=shared_factor,width=96,epochs=240,patience=25,batch_size=4,lr=0.0005,fit_partition=pathogen,covariate_encoder=summary,input_mode=scheduled_final,input_normalization=b0,evaluation_seasons=recent_two,actual_share=0.5",calibrated,flu_admissions_log,2024-2025,1.3048865698966066,0.14036571385910387,2
"pilot_method=joint,forecast_targets=flu,pathogen_inputs=flu,correction_weeks=3,growth_anchor=1,joint_weight=0.1,correction_penalty=3.0,reporting_missingness=0,reporting_method=synchronous_log,reporting_strength=2.0,nowcast_weeks=4,lookback=10,ed_transform=logit,loss_weights=flu_hosp_ed,spatial=neighbors,decoder=residual2,sum_wis_weight=0.5,us_error=shared_factor,width=96,epochs=240,patience=25,batch_size=4,lr=0.0005,fit_partition=pathogen,covariate_encoder=summary,input_mode=scheduled_final,input_normalization=b0,evaluation_seasons=recent_two,actual_share=0.5",half,flu_admissions_log,2024-2025,1.3999170456900143,0.13941612550780305,2
"pilot_method=joint,forecast_targets=flu,pathogen_inputs=flu,correction_weeks=3,growth_anchor=1,joint_weight=0.1,correction_penalty=3.0,reporting_missingness=0,reporting_method=synchronous_log,reporting_strength=2.0,nowcast_weeks=4,lookback=10,ed_transform=logit,loss_weights=flu_hosp_ed,spatial=neighbors,decoder=residual2,sum_wis_weight=0.5,us_error=shared_factor,width=96,epochs=240,patience=25,batch_size=4,lr=0.0005,fit_partition=pathogen,covariate_encoder=summary,input_mode=scheduled_final,input_normalization=b0,evaluation_seasons=recent_two,actual_share=0.5",raw,flu_admissions_log,2024-2025,1.5405455066075544,0.15815675688256772,2
"pilot_method=two_stage,pilot_nowcaster=real_tree,forecast_targets=flu,pathogen_inputs=flu,correction_weeks=2,joint_weight=0.05,correction_penalty=100.0,count_transform=sqrt,ed_transform=logit,loss_weights=flu_hosp_ed,spatial=distance,width=128,epochs=160,patience=25,lr=0.002,fit_partition=pathogen,weight_decay=3e-05,covariate_encoder=summary,covariate_set=kinsa,input_mode=scheduled_final,input_normalization=b0,evaluation_seasons=recent_two,actual_share=0.25,correction_realizations=4,uncorrected_share=0.1,log_loss_weight=1.0",calibrated,flu_admissions_log,2025-2026,0.8678055208514666,0.001983741651512975,2
"pilot_method=joint,forecast_targets=flu,pathogen_inputs=flu,correction_weeks=2,joint_weight=0.1,correction_penalty=3.0,reporting_missingness=0,nowcast_weeks=4,ed_transform=logit,loss_weights=flu_hosp_ed,spatial=neighbors,sum_wis_weight=0.25,width=96,epochs=240,patience=25,lr=0.0005,fit_partition=pathogen,covariate_encoder=summary,input_mode=scheduled_final,input_normalization=b0,evaluation_seasons=recent_two",calibrated,flu_admissions_log,2025-2026,0.8725608486540551,0.015350375606643561,2
"pilot_method=joint,forecast_targets=flu,pathogen_inputs=flu,correction_weeks=2,joint_weight=0.1,correction_penalty=3.0,reporting_missingness=0,nowcast_weeks=4,ed_transform=logit,loss_weights=flu_hosp_ed,spatial=neighbors,sum_wis_weight=0.25,width=96,epochs=240,patience=25,lr=0.0005,fit_partition=pathogen,covariate_encoder=summary,input_mode=scheduled_final,input_normalization=b0,evaluation_seasons=recent_two",half,flu_admissions_log,2025-2026,0.8768450213851626,0.0038253667973830387,2
"pilot_method=two_stage,pilot_nowcaster=real_tree,forecast_targets=flu,pathogen_inputs=flu,correction_weeks=2,joint_weight=0.05,correction_penalty=100.0,count_transform=sqrt,ed_transform=logit,loss_weights=flu_hosp_ed,spatial=distance,width=128,epochs=160,patience=25,lr=0.002,fit_partition=pathogen,weight_decay=3e-05,covariate_encoder=summary,covariate_set=kinsa,input_mode=scheduled_final,input_normalization=b0,evaluation_seasons=recent_two,actual_share=0.25,correction_realizations=4,uncorrected_share=0.1,log_loss_weight=1.0",corrected,flu_admissions_log,2025-2026,0.8775805979470853,0.00268147306786117,2
"pilot_method=joint,forecast_targets=flu,pathogen_inputs=flu,correction_weeks=2,joint_weight=0.1,correction_penalty=3.0,reporting_missingness=0,nowcast_weeks=4,ed_transform=logit,loss_weights=flu_hosp_ed,spatial=neighbors,sum_wis_weight=0.25,width=96,epochs=240,patience=25,lr=0.0005,fit_partition=pathogen,covariate_encoder=summary,input_mode=scheduled_final,input_normalization=b0,evaluation_seasons=recent_two",corrected,flu_admissions_log,2025-2026,0.8783276100051611,0.011676264612005167,2
"pilot_method=two_stage,pilot_nowcaster=real_tree,forecast_targets=flu,pathogen_inputs=flu,correction_weeks=2,joint_weight=0.05,correction_penalty=30.0,reporting_missingness=0,count_transform=sqrt,ed_transform=logit,loss_weights=flu_hosp_ed,width=96,epochs=160,patience=25,batch_size=16,lr=0.002,fit_partition=pathogen,covariate_encoder=summary,covariate_set=kinsa,input_mode=scheduled_final,input_normalization=b0,evaluation_seasons=recent_two,actual_share=0.5,log_loss_weight=0.5",corrected,flu_admissions_log,2025-2026,0.882063014714572,0.0009495028733070039,2
"pilot_method=joint,forecast_targets=flu,pathogen_inputs=flu,correction_weeks=2,reporting_random_strength=1,joint_weight=0.1,correction_penalty=3.0,reporting_missingness=0,nowcast_weeks=4,ed_transform=logit,loss_weights=flu_hosp_ed,spatial=neighbors,sum_wis_weight=0.25,width=96,epochs=240,patience=25,lr=0.0005,fit_partition=pathogen,covariate_encoder=summary,signal_features=multiscale,input_mode=scheduled_final,input_normalization=b0,evaluation_seasons=recent_two,actual_share=0.25",corrected,flu_admissions_log,2025-2026,0.8848541389253786,0.032250265374085305,2
"pilot_method=two_stage,pilot_nowcaster=real_tree,forecast_targets=flu,pathogen_inputs=flu,correction_weeks=2,joint_weight=0.05,correction_penalty=100.0,count_transform=sqrt,ed_transform=logit,loss_weights=flu_hosp_ed,spatial=distance,width=128,epochs=160,patience=25,lr=0.002,fit_partition=pathogen,weight_decay=3e-05,covariate_encoder=summary,covariate_set=kinsa,input_mode=scheduled_final,input_normalization=b0,evaluation_seasons=recent_two,actual_share=0.25,correction_realizations=4,uncorrected_share=0.1,log_loss_weight=1.0",half,flu_admissions_log,2025-2026,0.8853293985077482,0.0015057519578584393,2
"pilot_method=two_stage,pilot_nowcaster=real_tree,forecast_targets=flu,pathogen_inputs=flu,ili_units=flu_scaled,ili_steps=1200,correction_weeks=1,ili_training=pretrain,joint_weight=0.05,correction_penalty=30.0,correction_strength=0.75,reporting_strength=2.0,lookback=10,count_transform=sqrt,ed_transform=logit,loss_weights=flu_hosp_ed,width=96,epochs=160,patience=25,batch_size=16,fit_partition=pathogen,covariate_encoder=summary,signal_features=multiscale,covariate_set=kinsa,input_mode=scheduled_final,input_normalization=b0,evaluation_seasons=recent_two,correction_realizations=2,uncorrected_share=0.1",half,flu_admissions_log,2025-2026,0.8862965217308449,0.006589902649660503,2
"pilot_method=joint,forecast_targets=flu,pathogen_inputs=flu,correction_weeks=2,joint_weight=0.1,correction_penalty=3.0,reporting_missingness=0,nowcast_weeks=4,ed_transform=logit,loss_weights=flu_hosp_ed,spatial=neighbors,decoder=quantile,width=96,epochs=240,patience=25,lr=0.0005,fit_partition=pathogen,covariate_encoder=summary,input_mode=scheduled_final,input_normalization=b0,evaluation_seasons=recent_two",calibrated,flu_admissions_log,2025-2026,0.888746566524373,0.06696664350669909,2
"pilot_method=two_stage,pilot_nowcaster=real_tree,forecast_targets=flu,pathogen_inputs=flu,ili_units=flu_scaled,ili_steps=1200,correction_weeks=1,ili_training=pretrain,joint_weight=0.05,correction_penalty=30.0,correction_strength=0.75,reporting_strength=2.0,lookback=10,count_transform=sqrt,ed_transform=logit,loss_weights=flu_hosp_ed,width=96,epochs=160,patience=25,batch_size=16,fit_partition=pathogen,covariate_encoder=summary,signal_features=multiscale,covariate_set=kinsa,input_mode=scheduled_final,input_normalization=b0,evaluation_seasons=recent_two,correction_realizations=2,uncorrected_share=0.1",corrected,flu_admissions_log,2025-2026,0.8894707915607777,0.0033414148661590846,2
"pilot_method=two_stage,pilot_nowcaster=real_tree,forecast_targets=flu,pathogen_inputs=flu,correction_weeks=2,joint_weight=0.05,correction_penalty=30.0,reporting_missingness=0,count_transform=sqrt,ed_transform=logit,loss_weights=flu_hosp_ed,width=96,epochs=160,patience=25,batch_size=16,lr=0.002,fit_partition=pathogen,covariate_encoder=summary,covariate_set=kinsa,input_mode=scheduled_final,input_normalization=b0,evaluation_seasons=recent_two,actual_share=0.5,log_loss_weight=0.5",calibrated,flu_admissions_log,2025-2026,0.890175474949485,0.001971757816724352,2
"pilot_method=two_stage,pilot_nowcaster=real_tree,forecast_targets=flu,pathogen_inputs=flu,ili_units=flu_scaled,ili_steps=1200,correction_weeks=1,ili_training=pretrain,joint_weight=0.05,correction_penalty=30.0,correction_strength=0.75,reporting_strength=2.0,lookback=10,count_transform=sqrt,ed_transform=logit,loss_weights=flu_hosp_ed,width=96,epochs=160,patience=25,batch_size=16,fit_partition=pathogen,covariate_encoder=summary,signal_features=multiscale,covariate_set=kinsa,input_mode=scheduled_final,input_normalization=b0,evaluation_seasons=recent_two,correction_realizations=2,uncorrected_share=0.1",raw,flu_admissions_log,2025-2026,0.8908893437960154,0.008910942837323061,2
"pilot_method=joint,forecast_targets=flu,pathogen_inputs=flu,correction_weeks=2,joint_weight=0.1,correction_penalty=3.0,reporting_missingness=0,nowcast_weeks=4,ed_transform=logit,loss_weights=flu_hosp_ed,spatial=neighbors,decoder=quantile,width=96,epochs=240,patience=25,lr=0.0005,fit_partition=pathogen,covariate_encoder=summary,input_mode=scheduled_final,input_normalization=b0,evaluation_seasons=recent_two",corrected,flu_admissions_log,2025-2026,0.8916036136785501,0.06505161389007112,2
"pilot_method=joint,forecast_targets=flu,pathogen_inputs=flu,correction_weeks=2,reporting_random_strength=1,joint_weight=0.1,correction_penalty=3.0,reporting_missingness=0,nowcast_weeks=4,ed_transform=logit,loss_weights=flu_hosp_ed,spatial=neighbors,sum_wis_weight=0.25,width=96,epochs=240,patience=25,lr=0.0005,fit_partition=pathogen,covariate_encoder=summary,signal_features=multiscale,input_mode=scheduled_final,input_normalization=b0,evaluation_seasons=recent_two,actual_share=0.25",half,flu_admissions_log,2025-2026,0.8980796939602909,0.019200221328096966,2
"pilot_method=joint,pilot_nowcaster=real_tree,forecast_targets=flu,pathogen_inputs=flu,ili_units=flu_scaled,ili_steps=1200,correction_weeks=3,ili_training=pretrain,joint_weight=0.1,correction_penalty=3.0,reporting_strength=1.5,nowcast_weeks=4,lookback=10,ed_transform=logit,loss_weights=flu_hosp_ed,spatial=neighbors,decoder=quantile,latent=32,epochs=240,patience=25,lr=0.0005,fit_partition=pathogen,covariate_encoder=summary,input_mode=scheduled_final,input_normalization=b0,evaluation_seasons=recent_two,actual_share=0.5,nowcast_noise=1.0",corrected,flu_admissions_log,2025-2026,0.899304202551678,0.011397069429401347,2
"pilot_method=two_stage,pilot_nowcaster=real_tree,forecast_targets=flu,pathogen_inputs=flu,correction_weeks=2,joint_weight=0.05,correction_penalty=30.0,reporting_missingness=0,count_transform=sqrt,ed_transform=logit,loss_weights=flu_hosp_ed,width=96,epochs=160,patience=25,batch_size=16,lr=0.002,fit_partition=pathogen,covariate_encoder=summary,covariate_set=kinsa,input_mode=scheduled_final,input_normalization=b0,evaluation_seasons=recent_two,actual_share=0.5,log_loss_weight=0.5",half,flu_admissions_log,2025-2026,0.8995741419739273,0.005394903099054729,2
"pilot_method=joint,pilot_nowcaster=real_tree,forecast_targets=flu,pathogen_inputs=flu,ili_units=flu_scaled,ili_steps=1200,correction_weeks=3,ili_training=pretrain,joint_weight=0.1,correction_penalty=3.0,reporting_strength=1.5,nowcast_weeks=4,lookback=10,ed_transform=logit,loss_weights=flu_hosp_ed,spatial=neighbors,decoder=quantile,latent=32,epochs=240,patience=25,lr=0.0005,fit_partition=pathogen,covariate_encoder=summary,input_mode=scheduled_final,input_normalization=b0,evaluation_seasons=recent_two,actual_share=0.5,nowcast_noise=1.0",calibrated,flu_admissions_log,2025-2026,0.8999567923046536,0.012029466921309347,2
"pilot_method=joint,pilot_nowcaster=real_tree,forecast_targets=flu,pathogen_inputs=flu,ili_units=flu_scaled,ili_steps=1200,correction_weeks=3,ili_training=pretrain,joint_weight=0.1,correction_penalty=3.0,reporting_strength=1.5,nowcast_weeks=4,lookback=10,ed_transform=logit,loss_weights=flu_hosp_ed,spatial=neighbors,decoder=quantile,latent=32,epochs=240,patience=25,lr=0.0005,fit_partition=pathogen,covariate_encoder=summary,input_mode=scheduled_final,input_normalization=b0,evaluation_seasons=recent_two,actual_share=0.5,nowcast_noise=1.0",half,flu_admissions_log,2025-2026,0.900883969986352,0.008692838755498252,2
"pilot_method=joint,forecast_targets=flu,pathogen_inputs=flu,correction_weeks=2,reporting_random_strength=1,joint_weight=0.1,correction_penalty=300.0,reporting_missingness=0,nowcast_weeks=4,ed_transform=logit,loss_weights=flu_hosp_ed,spatial=neighbors,sum_wis_weight=0.25,width=96,epochs=240,patience=25,lr=0.0005,fit_partition=pathogen,covariate_encoder=summary,input_mode=scheduled_final,input_normalization=b0,evaluation_seasons=recent_two,actual_share=0.5,log_loss_weight=0.25",calibrated,flu_admissions_log,2025-2026,0.9020702354601664,0.00441589838054779,2
"pilot_method=two_stage,pilot_nowcaster=real_tree,forecast_targets=flu,pathogen_inputs=flu,ili_units=flu_scaled,ili_steps=1200,correction_weeks=1,ili_training=pretrain,joint_weight=0.05,correction_penalty=30.0,correction_strength=0.75,reporting_strength=2.0,lookback=10,count_transform=sqrt,ed_transform=logit,loss_weights=flu_hosp_ed,width=96,epochs=160,patience=25,batch_size=16,fit_partition=pathogen,covariate_encoder=summary,signal_features=multiscale,covariate_set=kinsa,input_mode=scheduled_final,input_normalization=b0,evaluation_seasons=recent_two,correction_realizations=2,uncorrected_share=0.1",calibrated,flu_admissions_log,2025-2026,0.9028003401344259,0.014201275338108037,2
"pilot_method=joint,pilot_nowcaster=real_tree,forecast_targets=flu,pathogen_inputs=flu,ili_units=flu_scaled,ili_steps=1200,correction_weeks=3,ili_training=pretrain,joint_weight=0.1,correction_penalty=3.0,reporting_strength=1.5,nowcast_weeks=4,lookback=10,ed_transform=logit,loss_weights=flu_hosp_ed,spatial=neighbors,decoder=quantile,latent=32,epochs=240,patience=25,lr=0.0005,fit_partition=pathogen,covariate_encoder=summary,input_mode=scheduled_final,input_normalization=b0,evaluation_seasons=recent_two,actual_share=0.5,nowcast_noise=1.0",sampled,flu_admissions_log,2025-2026,0.9054211069023279,0.026612502353446855,2
"pilot_method=joint,forecast_targets=flu,pathogen_inputs=flu,correction_weeks=2,reporting_random_strength=1,joint_weight=0.1,correction_penalty=300.0,reporting_missingness=0,nowcast_weeks=4,ed_transform=logit,loss_weights=flu_hosp_ed,spatial=neighbors,sum_wis_weight=0.25,width=96,epochs=240,patience=25,lr=0.0005,fit_partition=pathogen,covariate_encoder=summary,input_mode=scheduled_final,input_normalization=b0,evaluation_seasons=recent_two,actual_share=0.5,log_loss_weight=0.25",corrected,flu_admissions_log,2025-2026,0.9073379391930523,0.009857061274149164,2
"pilot_method=joint,forecast_targets=flu,pathogen_inputs=flu,correction_weeks=2,joint_weight=0.1,correction_penalty=3.0,reporting_missingness=0,nowcast_weeks=4,ed_transform=logit,loss_weights=flu_hosp_ed,spatial=neighbors,decoder=quantile,width=96,epochs=240,patience=25,lr=0.0005,fit_partition=pathogen,covariate_encoder=summary,input_mode=scheduled_final,input_normalization=b0,evaluation_seasons=recent_two",half,flu_admissions_log,2025-2026,0.907668764273263,0.06373572391370239,2
"pilot_method=joint,forecast_targets=flu,pathogen_inputs=flu,correction_weeks=2,reporting_random_strength=1,joint_weight=0.1,correction_penalty=3.0,reporting_missingness=0,nowcast_weeks=4,ed_transform=logit,loss_weights=flu_hosp_ed,spatial=neighbors,sum_wis_weight=0.25,width=96,epochs=240,patience=25,lr=0.0005,fit_partition=pathogen,covariate_encoder=summary,signal_features=multiscale,input_mode=scheduled_final,input_normalization=b0,evaluation_seasons=recent_two,actual_share=0.25",calibrated,flu_admissions_log,2025-2026,0.9102390124369715,0.07578589060510618,2
"pilot_method=two_stage,pilot_nowcaster=real_tree,forecast_targets=flu,pathogen_inputs=flu,correction_weeks=2,joint_weight=0.05,correction_penalty=100.0,count_transform=sqrt,ed_transform=logit,loss_weights=flu_hosp_ed,spatial=distance,width=128,epochs=160,patience=25,lr=0.002,fit_partition=pathogen,weight_decay=3e-05,covariate_encoder=summary,covariate_set=kinsa,input_mode=scheduled_final,input_normalization=b0,evaluation_seasons=recent_two,actual_share=0.25,correction_realizations=4,uncorrected_share=0.1,log_loss_weight=1.0",raw,flu_admissions_log,2025-2026,0.9125413759679316,0.0008770097870764915,2
"pilot_method=joint,forecast_targets=flu,pathogen_inputs=flu,correction_weeks=2,joint_weight=0.1,correction_penalty=3.0,reporting_missingness=0,nowcast_weeks=4,ed_transform=logit,loss_weights=flu_hosp_ed,spatial=neighbors,sum_wis_weight=0.25,width=96,epochs=240,patience=25,lr=0.0005,fit_partition=pathogen,covariate_encoder=summary,input_mode=scheduled_final,input_normalization=b0,evaluation_seasons=recent_two",raw,flu_admissions_log,2025-2026,0.9145339523192616,0.009092127966138537,2
"pilot_method=joint,pilot_nowcaster=real_tree,forecast_targets=flu,pathogen_inputs=flu,ili_units=flu_scaled,ili_steps=1200,correction_weeks=3,ili_training=pretrain,joint_weight=0.1,correction_penalty=3.0,reporting_strength=1.5,nowcast_weeks=4,lookback=10,ed_transform=logit,loss_weights=flu_hosp_ed,spatial=neighbors,decoder=quantile,latent=32,epochs=240,patience=25,lr=0.0005,fit_partition=pathogen,covariate_encoder=summary,input_mode=scheduled_final,input_normalization=b0,evaluation_seasons=recent_two,actual_share=0.5,nowcast_noise=1.0",raw,flu_admissions_log,2025-2026,0.9171212214068034,0.02855231198656363,2
"pilot_method=two_stage,pilot_nowcaster=real_tree,forecast_targets=flu,pathogen_inputs=flu,correction_weeks=2,joint_weight=0.05,correction_penalty=30.0,reporting_missingness=0,count_transform=sqrt,ed_transform=logit,loss_weights=flu_hosp_ed,width=96,epochs=160,patience=25,lr=0.002,fit_partition=pathogen,covariate_encoder=summary,covariate_set=kinsa,input_mode=scheduled_final,input_normalization=b0,evaluation_seasons=recent_two",corrected,flu_admissions_log,2025-2026,0.9211628947447219,0.08063340712415488,2
"pilot_method=joint,forecast_targets=flu,pathogen_inputs=flu,correction_weeks=2,reporting_random_strength=1,joint_weight=0.1,correction_penalty=3.0,reporting_missingness=0,nowcast_weeks=4,ed_transform=logit,loss_weights=flu_hosp_ed,spatial=neighbors,sum_wis_weight=0.25,width=96,epochs=240,patience=25,lr=0.0005,fit_partition=pathogen,covariate_encoder=summary,signal_features=multiscale,input_mode=scheduled_final,input_normalization=b0,evaluation_seasons=recent_two,actual_share=0.25",raw,flu_admissions_log,2025-2026,0.9222886513056525,0.006474304316216142,2
"pilot_method=joint,forecast_targets=flu,pathogen_inputs=flu,correction_weeks=3,reporting_random_strength=1,joint_weight=0.1,correction_penalty=3.0,reporting_strength=2.0,nowcast_weeks=4,ed_transform=logit,loss_weights=flu_hosp_ed,spatial=neighbors,decoder=quantile,width=96,epochs=240,patience=25,fit_partition=pathogen,covariate_encoder=summary,input_mode=scheduled_final,input_normalization=b0,evaluation_seasons=recent_two,actual_share=1.0,log_loss_weight=0.25",calibrated,flu_admissions_log,2025-2026,0.9274363572060054,0.02463743154126448,2
"pilot_method=joint,forecast_targets=flu,pathogen_inputs=flu,correction_weeks=2,reporting_random_strength=1,joint_weight=0.1,correction_penalty=300.0,reporting_missingness=0,nowcast_weeks=4,ed_transform=logit,loss_weights=flu_hosp_ed,spatial=neighbors,sum_wis_weight=0.25,width=96,epochs=240,patience=25,lr=0.0005,fit_partition=pathogen,covariate_encoder=summary,input_mode=scheduled_final,input_normalization=b0,evaluation_seasons=recent_two,actual_share=0.5,log_loss_weight=0.25",half,flu_admissions_log,2025-2026,0.9279932196669434,0.0009659375292504122,2
"pilot_method=two_stage,pilot_nowcaster=real_tree,forecast_targets=flu,pathogen_inputs=flu,correction_weeks=2,joint_weight=0.05,correction_penalty=30.0,reporting_missingness=0,count_transform=sqrt,ed_transform=logit,loss_weights=flu_hosp_ed,width=96,epochs=160,patience=25,batch_size=16,lr=0.002,fit_partition=pathogen,covariate_encoder=summary,covariate_set=kinsa,input_mode=scheduled_final,input_normalization=b0,evaluation_seasons=recent_two,actual_share=0.5,log_loss_weight=0.5",raw,flu_admissions_log,2025-2026,0.9284022078795457,0.011401941763752255,2
"pilot_method=joint,forecast_targets=flu,pathogen_inputs=flu,correction_weeks=3,reporting_random_strength=1,joint_weight=0.1,correction_penalty=3.0,reporting_strength=2.0,nowcast_weeks=4,ed_transform=logit,loss_weights=flu_hosp_ed,spatial=neighbors,decoder=quantile,width=96,epochs=240,patience=25,fit_partition=pathogen,covariate_encoder=summary,input_mode=scheduled_final,input_normalization=b0,evaluation_seasons=recent_two,actual_share=1.0,log_loss_weight=0.25",corrected,flu_admissions_log,2025-2026,0.9313551014204808,0.022395573145685695,2
"pilot_method=two_stage,pilot_nowcaster=real_tree,forecast_targets=flu,pathogen_inputs=flu,correction_weeks=2,joint_weight=0.05,correction_penalty=30.0,reporting_missingness=0,count_transform=sqrt,ed_transform=logit,loss_weights=flu_hosp_ed,width=96,epochs=160,patience=25,lr=0.002,fit_partition=pathogen,covariate_encoder=summary,covariate_set=kinsa,input_mode=scheduled_final,input_normalization=b0,evaluation_seasons=recent_two",half,flu_admissions_log,2025-2026,0.9399243460480833,0.10860998379391812,2
"pilot_method=two_stage,pilot_nowcaster=real_tree,forecast_targets=flu,pathogen_inputs=flu,correction_weeks=2,joint_weight=0.05,correction_penalty=30.0,reporting_missingness=0,count_transform=sqrt,ed_transform=logit,loss_weights=flu_hosp_ed,width=96,epochs=160,patience=25,lr=0.002,fit_partition=pathogen,covariate_encoder=summary,covariate_set=kinsa,input_mode=scheduled_final,input_normalization=b0,evaluation_seasons=recent_two",calibrated,flu_admissions_log,2025-2026,0.94240073829606,0.11097697187921803,2
"pilot_method=joint,forecast_targets=flu,pathogen_inputs=flu,correction_weeks=3,reporting_random_strength=1,joint_weight=0.1,correction_penalty=3.0,reporting_strength=2.0,nowcast_weeks=4,ed_transform=logit,loss_weights=flu_hosp_ed,spatial=neighbors,decoder=quantile,width=96,epochs=240,patience=25,fit_partition=pathogen,covariate_encoder=summary,input_mode=scheduled_final,input_normalization=b0,evaluation_seasons=recent_two,actual_share=1.0,log_loss_weight=0.25",half,flu_admissions_log,2025-2026,0.9424829081036172,0.023571189877626363,2
"pilot_method=joint,forecast_targets=flu,pathogen_inputs=flu,correction_weeks=2,joint_weight=0.1,correction_penalty=3.0,reporting_missingness=0,nowcast_weeks=4,ed_transform=logit,loss_weights=flu_hosp_ed,spatial=neighbors,decoder=quantile,width=96,epochs=240,patience=25,lr=0.0005,fit_partition=pathogen,covariate_encoder=summary,input_mode=scheduled_final,input_normalization=b0,evaluation_seasons=recent_two,actual_share=1.0",corrected,flu_admissions_log,2025-2026,0.9487347939162082,0.007592447443480891,2
"pilot_method=joint,forecast_targets=flu,pathogen_inputs=flu,correction_weeks=2,joint_weight=0.1,correction_penalty=3.0,reporting_missingness=0,nowcast_weeks=4,ed_transform=logit,loss_weights=flu_hosp_ed,spatial=neighbors,decoder=quantile,width=96,epochs=240,patience=25,lr=0.0005,fit_partition=pathogen,covariate_encoder=summary,input_mode=scheduled_final,input_normalization=b0,evaluation_seasons=recent_two,actual_share=1.0",calibrated,flu_admissions_log,2025-2026,0.9545452703240425,0.005525320047753993,2
"pilot_method=joint,forecast_targets=flu,pathogen_inputs=flu,correction_weeks=2,joint_weight=0.1,correction_penalty=3.0,reporting_missingness=0,nowcast_weeks=4,ed_transform=logit,loss_weights=flu_hosp_ed,spatial=neighbors,decoder=quantile,width=96,epochs=240,patience=25,lr=0.0005,fit_partition=pathogen,covariate_encoder=summary,input_mode=scheduled_final,input_normalization=b0,evaluation_seasons=recent_two",raw,flu_admissions_log,2025-2026,0.9575497865450477,0.057685867442812,2
"pilot_method=joint,forecast_targets=flu,pathogen_inputs=flu,correction_weeks=3,reporting_random_strength=1,joint_weight=0.1,correction_penalty=3.0,reporting_strength=2.0,nowcast_weeks=4,ed_transform=logit,loss_weights=flu_hosp_ed,spatial=neighbors,decoder=quantile,width=96,epochs=240,patience=25,fit_partition=pathogen,covariate_encoder=summary,input_mode=scheduled_final,input_normalization=b0,evaluation_seasons=recent_two,actual_share=1.0,log_loss_weight=0.25",raw,flu_admissions_log,2025-2026,0.957754257197439,0.024991878804510342,2
"pilot_method=joint,forecast_targets=flu,pathogen_inputs=flu,correction_weeks=2,reporting_random_strength=1,joint_weight=0.1,correction_penalty=300.0,reporting_missingness=0,nowcast_weeks=4,ed_transform=logit,loss_weights=flu_hosp_ed,spatial=neighbors,sum_wis_weight=0.25,width=96,epochs=240,patience=25,lr=0.0005,fit_partition=pathogen,covariate_encoder=summary,input_mode=scheduled_final,input_normalization=b0,evaluation_seasons=recent_two,actual_share=0.5,log_loss_weight=0.25",raw,flu_admissions_log,2025-2026,0.9586922479194284,0.01010233796728278,2
"pilot_method=joint,forecast_targets=flu,pathogen_inputs=flu,correction_weeks=2,joint_weight=0.1,correction_penalty=3.0,reporting_missingness=0,nowcast_weeks=4,ed_transform=logit,loss_weights=flu_hosp_ed,spatial=neighbors,decoder=quantile,width=96,epochs=240,patience=25,lr=0.0005,fit_partition=pathogen,covariate_encoder=summary,input_mode=scheduled_final,input_normalization=b0,evaluation_seasons=recent_two,actual_share=1.0",half,flu_admissions_log,2025-2026,0.9628988482410593,0.013360458036615131,2
"pilot_method=two_stage,pilot_nowcaster=real_tree,forecast_targets=flu,pathogen_inputs=flu,correction_weeks=2,joint_weight=0.05,correction_penalty=30.0,reporting_missingness=0,count_transform=sqrt,ed_transform=logit,loss_weights=flu_hosp_ed,width=96,epochs=160,patience=25,lr=0.002,fit_partition=pathogen,covariate_encoder=summary,covariate_set=kinsa,input_mode=scheduled_final,input_normalization=b0,evaluation_seasons=recent_two,actual_share=0.5",corrected,flu_admissions_log,2025-2026,0.965363609080572,0.032761827937604064,2
"pilot_method=two_stage,pilot_nowcaster=real_tree,forecast_targets=flu,pathogen_inputs=flu,correction_weeks=2,joint_weight=0.05,correction_penalty=30.0,reporting_missingness=0,count_transform=sqrt,ed_transform=logit,loss_weights=flu_hosp_ed,width=96,epochs=160,patience=25,lr=0.002,fit_partition=pathogen,covariate_encoder=summary,covariate_set=kinsa,input_mode=scheduled_final,input_normalization=b0,evaluation_seasons=recent_two",raw,flu_admissions_log,2025-2026,0.969981517650341,0.13431290229971135,2
"pilot_method=joint,forecast_targets=flu,pathogen_inputs=flu,correction_weeks=2,joint_weight=0.1,correction_penalty=3.0,reporting_missingness=0,nowcast_weeks=4,ed_transform=logit,loss_weights=flu_hosp_ed,spatial=neighbors,decoder=quantile,width=96,epochs=240,patience=25,lr=0.0005,fit_partition=pathogen,covariate_encoder=summary,input_mode=scheduled_final,input_normalization=b0,evaluation_seasons=recent_two,actual_share=1.0",raw,flu_admissions_log,2025-2026,0.9814320878058713,0.01895670567510554,2
"pilot_method=two_stage,pilot_nowcaster=real_tree,forecast_targets=flu,pathogen_inputs=flu,correction_weeks=2,joint_weight=0.05,correction_penalty=30.0,reporting_missingness=0,count_transform=sqrt,ed_transform=logit,loss_weights=flu_hosp_ed,width=96,epochs=160,patience=25,lr=0.002,fit_partition=pathogen,covariate_encoder=summary,covariate_set=kinsa,input_mode=scheduled_final,input_normalization=b0,evaluation_seasons=recent_two,actual_share=0.5",calibrated,flu_admissions_log,2025-2026,0.9838079599733975,0.05702199683033254,2
"pilot_method=two_stage,pilot_nowcaster=real_tree,forecast_targets=flu,pathogen_inputs=flu,correction_weeks=2,joint_weight=0.05,correction_penalty=30.0,reporting_missingness=0,count_transform=sqrt,ed_transform=logit,loss_weights=flu_hosp_ed,width=96,epochs=160,patience=25,lr=0.002,fit_partition=pathogen,covariate_encoder=summary,covariate_set=kinsa,input_mode=scheduled_final,input_normalization=b0,evaluation_seasons=recent_two,actual_share=0.5",half,flu_admissions_log,2025-2026,1.0083012064268673,0.03154596705318518,2
"pilot_method=two_stage,pilot_nowcaster=real_tree,forecast_targets=flu,pathogen_inputs=flu,correction_weeks=2,joint_weight=0.05,correction_penalty=30.0,reporting_missingness=0,count_transform=sqrt,ed_transform=logit,loss_weights=flu_hosp_ed,width=96,epochs=160,patience=25,lr=0.002,fit_partition=pathogen,covariate_encoder=summary,covariate_set=kinsa,input_mode=scheduled_final,input_normalization=b0,evaluation_seasons=recent_two,log_loss_weight=0.5",corrected,flu_admissions_log,2025-2026,1.023833514401027,0.2210675150433832,2
"pilot_method=joint,forecast_targets=flu,pathogen_inputs=flu,correction_weeks=2,joint_weight=0.1,correction_penalty=3.0,reporting_missingness=0,nowcast_weeks=4,ed_transform=logit,loss_weights=flu_hosp_ed,spatial=neighbors,decoder=quantile,width=96,epochs=240,patience=25,batch_size=16,lr=0.0005,fit_partition=pathogen,covariate_encoder=summary,input_mode=scheduled_final,input_normalization=b0,evaluation_seasons=recent_two,actual_share=1.0",calibrated,flu_admissions_log,2025-2026,1.0304802462732106,0.1606886194637843,2
"pilot_method=two_stage,pilot_nowcaster=real_tree,forecast_targets=flu,pathogen_inputs=flu,correction_weeks=2,joint_weight=0.05,correction_penalty=30.0,reporting_missingness=0,count_transform=sqrt,ed_transform=logit,loss_weights=flu_hosp_ed,width=96,epochs=160,patience=25,lr=0.002,fit_partition=pathogen,covariate_encoder=summary,covariate_set=kinsa,input_mode=scheduled_final,input_normalization=b0,evaluation_seasons=recent_two,log_loss_weight=0.5",calibrated,flu_admissions_log,2025-2026,1.0306785934415905,0.23142791980895477,2
"pilot_method=joint,forecast_targets=flu,pathogen_inputs=flu,correction_weeks=2,joint_weight=0.1,correction_penalty=3.0,reporting_missingness=0,nowcast_weeks=4,ed_transform=logit,loss_weights=flu_hosp_ed,spatial=neighbors,decoder=quantile,width=96,epochs=240,patience=25,batch_size=16,lr=0.0005,fit_partition=pathogen,covariate_encoder=summary,input_mode=scheduled_final,input_normalization=b0,evaluation_seasons=recent_two,actual_share=1.0",corrected,flu_admissions_log,2025-2026,1.0318747823297416,0.1640525235118989,2
"pilot_method=joint,forecast_targets=flu,pathogen_inputs=flu,correction_weeks=2,joint_weight=0.1,correction_penalty=3.0,reporting_missingness=0,nowcast_weeks=4,ed_transform=logit,loss_weights=flu_hosp_ed,spatial=neighbors,decoder=quantile,width=96,epochs=240,patience=25,batch_size=16,lr=0.0005,fit_partition=pathogen,covariate_encoder=summary,input_mode=scheduled_final,input_normalization=b0,evaluation_seasons=recent_two,actual_share=1.0",half,flu_admissions_log,2025-2026,1.0492937194267125,0.17476500436066467,2
"pilot_method=joint,forecast_targets=flu,pathogen_inputs=flu,correction_weeks=3,growth_anchor=1,joint_weight=0.1,correction_penalty=3.0,reporting_missingness=0,reporting_method=synchronous_log,reporting_strength=2.0,nowcast_weeks=4,lookback=10,ed_transform=logit,loss_weights=flu_hosp_ed,spatial=neighbors,decoder=residual2,sum_wis_weight=0.5,us_error=shared_factor,width=96,epochs=240,patience=25,batch_size=4,lr=0.0005,fit_partition=pathogen,covariate_encoder=summary,input_mode=scheduled_final,input_normalization=b0,evaluation_seasons=recent_two,actual_share=0.5",corrected,flu_admissions_log,2025-2026,1.0548912624646554,0.07969111331611828,2
"pilot_method=two_stage,pilot_nowcaster=real_tree,forecast_targets=flu,pathogen_inputs=flu,correction_weeks=2,joint_weight=0.05,correction_penalty=30.0,reporting_missingness=0,count_transform=sqrt,ed_transform=logit,loss_weights=flu_hosp_ed,width=96,epochs=160,patience=25,lr=0.002,fit_partition=pathogen,covariate_encoder=summary,covariate_set=kinsa,input_mode=scheduled_final,input_normalization=b0,evaluation_seasons=recent_two,log_loss_weight=0.5",half,flu_admissions_log,2025-2026,1.0556162344535962,0.24616869797036076,2
"pilot_method=joint,forecast_targets=flu,pathogen_inputs=flu,correction_weeks=3,growth_anchor=1,joint_weight=0.1,correction_penalty=3.0,reporting_missingness=0,reporting_method=synchronous_log,reporting_strength=2.0,nowcast_weeks=4,lookback=10,ed_transform=logit,loss_weights=flu_hosp_ed,spatial=neighbors,decoder=residual2,sum_wis_weight=0.5,us_error=shared_factor,width=96,epochs=240,patience=25,batch_size=4,lr=0.0005,fit_partition=pathogen,covariate_encoder=summary,input_mode=scheduled_final,input_normalization=b0,evaluation_seasons=recent_two,actual_share=0.5",half,flu_admissions_log,2025-2026,1.0615601533978936,0.008079138938120818,2
"pilot_method=two_stage,pilot_nowcaster=real_tree,forecast_targets=flu,pathogen_inputs=flu,correction_weeks=2,joint_weight=0.05,correction_penalty=30.0,reporting_missingness=0,count_transform=sqrt,ed_transform=logit,loss_weights=flu_hosp_ed,width=96,epochs=160,patience=25,lr=0.002,fit_partition=pathogen,covariate_encoder=summary,covariate_set=kinsa,input_mode=scheduled_final,input_normalization=b0,evaluation_seasons=recent_two,actual_share=0.5",raw,flu_admissions_log,2025-2026,1.064214744972301,0.030304527774283257,2
"pilot_method=joint,forecast_targets=flu,pathogen_inputs=flu,correction_weeks=2,joint_weight=0.1,correction_penalty=3.0,reporting_missingness=0,nowcast_weeks=4,ed_transform=logit,loss_weights=flu_hosp_ed,spatial=neighbors,decoder=quantile,width=96,epochs=240,patience=25,batch_size=16,lr=0.0005,fit_partition=pathogen,covariate_encoder=summary,input_mode=scheduled_final,input_normalization=b0,evaluation_seasons=recent_two,actual_share=1.0",raw,flu_admissions_log,2025-2026,1.0713350733965659,0.18571794647757453,2
"pilot_method=joint,forecast_targets=flu,pathogen_inputs=flu,correction_weeks=3,growth_anchor=1,joint_weight=0.1,correction_penalty=3.0,reporting_missingness=0,reporting_method=synchronous_log,reporting_strength=2.0,nowcast_weeks=4,lookback=10,ed_transform=logit,loss_weights=flu_hosp_ed,spatial=neighbors,decoder=residual2,sum_wis_weight=0.5,us_error=shared_factor,width=96,epochs=240,patience=25,batch_size=4,lr=0.0005,fit_partition=pathogen,covariate_encoder=summary,input_mode=scheduled_final,input_normalization=b0,evaluation_seasons=recent_two,actual_share=0.5",calibrated,flu_admissions_log,2025-2026,1.089202519784465,0.12032735144466225,2
"pilot_method=two_stage,pilot_nowcaster=real_tree,forecast_targets=flu,pathogen_inputs=flu,correction_weeks=2,joint_weight=0.05,correction_penalty=30.0,reporting_missingness=0,count_transform=sqrt,ed_transform=logit,loss_weights=flu_hosp_ed,width=96,epochs=160,patience=25,lr=0.002,fit_partition=pathogen,covariate_encoder=summary,covariate_set=kinsa,input_mode=scheduled_final,input_normalization=b0,evaluation_seasons=recent_two,log_loss_weight=0.5",raw,flu_admissions_log,2025-2026,1.0968972305599043,0.2714462384675894,2
"pilot_method=joint,forecast_targets=flu,pathogen_inputs=flu,correction_weeks=3,growth_anchor=1,joint_weight=0.1,correction_penalty=3.0,reporting_missingness=0,reporting_method=synchronous_log,reporting_strength=2.0,nowcast_weeks=4,lookback=10,ed_transform=logit,loss_weights=flu_hosp_ed,spatial=neighbors,decoder=residual2,sum_wis_weight=0.5,us_error=shared_factor,width=96,epochs=240,patience=25,batch_size=4,lr=0.0005,fit_partition=pathogen,covariate_encoder=summary,input_mode=scheduled_final,input_normalization=b0,evaluation_seasons=recent_two,actual_share=0.5",raw,flu_admissions_log,2025-2026,1.120856874244127,0.06087934800249479,2
"pilot_method=joint,forecast_targets=flu,pathogen_inputs=flu,correction_weeks=2,joint_weight=0.1,correction_penalty=3.0,reporting_missingness=0,nowcast_weeks=4,ed_transform=logit,loss_weights=flu_hosp_ed,spatial=neighbors,sum_wis_weight=0.25,width=96,epochs=240,patience=25,lr=0.0005,fit_partition=pathogen,covariate_encoder=summary,input_mode=scheduled_final,input_normalization=b0,evaluation_seasons=recent_two",corrected,flu_admissions_log,equal_season_mean,0.8219387062341128,0.02827343434048506,2
"pilot_method=joint,forecast_targets=flu,pathogen_inputs=flu,correction_weeks=2,joint_weight=0.1,correction_penalty=3.0,reporting_missingness=0,nowcast_weeks=4,ed_transform=logit,loss_weights=flu_hosp_ed,spatial=neighbors,sum_wis_weight=0.25,width=96,epochs=240,patience=25,lr=0.0005,fit_partition=pathogen,covariate_encoder=summary,input_mode=scheduled_final,input_normalization=b0,evaluation_seasons=recent_two",calibrated,flu_admissions_log,equal_season_mean,0.8298668445974373,0.02364835173649987,2
"pilot_method=two_stage,pilot_nowcaster=real_tree,forecast_targets=flu,pathogen_inputs=flu,correction_weeks=2,joint_weight=0.05,correction_penalty=100.0,count_transform=sqrt,ed_transform=logit,loss_weights=flu_hosp_ed,spatial=distance,width=128,epochs=160,patience=25,lr=0.002,fit_partition=pathogen,weight_decay=3e-05,covariate_encoder=summary,covariate_set=kinsa,input_mode=scheduled_final,input_normalization=b0,evaluation_seasons=recent_two,actual_share=0.25,correction_realizations=4,uncorrected_share=0.1,log_loss_weight=1.0",corrected,flu_admissions_log,equal_season_mean,0.8315367260457718,0.008279561147536186,2
"pilot_method=joint,forecast_targets=flu,pathogen_inputs=flu,correction_weeks=2,joint_weight=0.1,correction_penalty=3.0,reporting_missingness=0,nowcast_weeks=4,ed_transform=logit,loss_weights=flu_hosp_ed,spatial=neighbors,sum_wis_weight=0.25,width=96,epochs=240,patience=25,lr=0.0005,fit_partition=pathogen,covariate_encoder=summary,input_mode=scheduled_final,input_normalization=b0,evaluation_seasons=recent_two",half,flu_admissions_log,equal_season_mean,0.838233936614116,0.03796768919781652,2
"pilot_method=joint,forecast_targets=flu,pathogen_inputs=flu,correction_weeks=2,reporting_random_strength=1,joint_weight=0.1,correction_penalty=300.0,reporting_missingness=0,nowcast_weeks=4,ed_transform=logit,loss_weights=flu_hosp_ed,spatial=neighbors,sum_wis_weight=0.25,width=96,epochs=240,patience=25,lr=0.0005,fit_partition=pathogen,covariate_encoder=summary,input_mode=scheduled_final,input_normalization=b0,evaluation_seasons=recent_two,actual_share=0.5,log_loss_weight=0.25",corrected,flu_admissions_log,equal_season_mean,0.843131835686697,0.022302966734235142,2
"pilot_method=two_stage,pilot_nowcaster=real_tree,forecast_targets=flu,pathogen_inputs=flu,correction_weeks=2,joint_weight=0.05,correction_penalty=100.0,count_transform=sqrt,ed_transform=logit,loss_weights=flu_hosp_ed,spatial=distance,width=128,epochs=160,patience=25,lr=0.002,fit_partition=pathogen,weight_decay=3e-05,covariate_encoder=summary,covariate_set=kinsa,input_mode=scheduled_final,input_normalization=b0,evaluation_seasons=recent_two,actual_share=0.25,correction_realizations=4,uncorrected_share=0.1,log_loss_weight=1.0",calibrated,flu_admissions_log,equal_season_mean,0.8438044602645846,0.010460771360269946,2
"pilot_method=joint,pilot_nowcaster=real_tree,forecast_targets=flu,pathogen_inputs=flu,ili_units=flu_scaled,ili_steps=1200,correction_weeks=3,ili_training=pretrain,joint_weight=0.1,correction_penalty=3.0,reporting_strength=1.5,nowcast_weeks=4,lookback=10,ed_transform=logit,loss_weights=flu_hosp_ed,spatial=neighbors,decoder=quantile,latent=32,epochs=240,patience=25,lr=0.0005,fit_partition=pathogen,covariate_encoder=summary,input_mode=scheduled_final,input_normalization=b0,evaluation_seasons=recent_two,actual_share=0.5,nowcast_noise=1.0",corrected,flu_admissions_log,equal_season_mean,0.8462009330899238,0.010696418655645681,2
"pilot_method=joint,pilot_nowcaster=real_tree,forecast_targets=flu,pathogen_inputs=flu,ili_units=flu_scaled,ili_steps=1200,correction_weeks=3,ili_training=pretrain,joint_weight=0.1,correction_penalty=3.0,reporting_strength=1.5,nowcast_weeks=4,lookback=10,ed_transform=logit,loss_weights=flu_hosp_ed,spatial=neighbors,decoder=quantile,latent=32,epochs=240,patience=25,lr=0.0005,fit_partition=pathogen,covariate_encoder=summary,input_mode=scheduled_final,input_normalization=b0,evaluation_seasons=recent_two,actual_share=0.5,nowcast_noise=1.0",calibrated,flu_admissions_log,equal_season_mean,0.848959638717458,0.018412834196061347,2
"pilot_method=two_stage,pilot_nowcaster=real_tree,forecast_targets=flu,pathogen_inputs=flu,ili_units=flu_scaled,ili_steps=1200,correction_weeks=1,ili_training=pretrain,joint_weight=0.05,correction_penalty=30.0,correction_strength=0.75,reporting_strength=2.0,lookback=10,count_transform=sqrt,ed_transform=logit,loss_weights=flu_hosp_ed,width=96,epochs=160,patience=25,batch_size=16,fit_partition=pathogen,covariate_encoder=summary,signal_features=multiscale,covariate_set=kinsa,input_mode=scheduled_final,input_normalization=b0,evaluation_seasons=recent_two,correction_realizations=2,uncorrected_share=0.1",corrected,flu_admissions_log,equal_season_mean,0.8568372535610773,0.04921857788998485,2
"pilot_method=joint,pilot_nowcaster=real_tree,forecast_targets=flu,pathogen_inputs=flu,ili_units=flu_scaled,ili_steps=1200,correction_weeks=3,ili_training=pretrain,joint_weight=0.1,correction_penalty=3.0,reporting_strength=1.5,nowcast_weeks=4,lookback=10,ed_transform=logit,loss_weights=flu_hosp_ed,spatial=neighbors,decoder=quantile,latent=32,epochs=240,patience=25,lr=0.0005,fit_partition=pathogen,covariate_encoder=summary,input_mode=scheduled_final,input_normalization=b0,evaluation_seasons=recent_two,actual_share=0.5,nowcast_noise=1.0",half,flu_admissions_log,equal_season_mean,0.8573476045811503,0.0034125620893772158,2
"pilot_method=joint,pilot_nowcaster=real_tree,forecast_targets=flu,pathogen_inputs=flu,ili_units=flu_scaled,ili_steps=1200,correction_weeks=3,ili_training=pretrain,joint_weight=0.1,correction_penalty=3.0,reporting_strength=1.5,nowcast_weeks=4,lookback=10,ed_transform=logit,loss_weights=flu_hosp_ed,spatial=neighbors,decoder=quantile,latent=32,epochs=240,patience=25,lr=0.0005,fit_partition=pathogen,covariate_encoder=summary,input_mode=scheduled_final,input_normalization=b0,evaluation_seasons=recent_two,actual_share=0.5,nowcast_noise=1.0",sampled,flu_admissions_log,equal_season_mean,0.8575446441816039,0.021521408876198213,2
"pilot_method=joint,forecast_targets=flu,pathogen_inputs=flu,correction_weeks=2,joint_weight=0.1,correction_penalty=3.0,reporting_missingness=0,nowcast_weeks=4,ed_transform=logit,loss_weights=flu_hosp_ed,spatial=neighbors,decoder=quantile,width=96,epochs=240,patience=25,lr=0.0005,fit_partition=pathogen,covariate_encoder=summary,input_mode=scheduled_final,input_normalization=b0,evaluation_seasons=recent_two,actual_share=1.0",corrected,flu_admissions_log,equal_season_mean,0.8621413115213346,0.016602437646347477,2
"pilot_method=two_stage,pilot_nowcaster=real_tree,forecast_targets=flu,pathogen_inputs=flu,correction_weeks=2,joint_weight=0.05,correction_penalty=100.0,count_transform=sqrt,ed_transform=logit,loss_weights=flu_hosp_ed,spatial=distance,width=128,epochs=160,patience=25,lr=0.002,fit_partition=pathogen,weight_decay=3e-05,covariate_encoder=summary,covariate_set=kinsa,input_mode=scheduled_final,input_normalization=b0,evaluation_seasons=recent_two,actual_share=0.25,correction_realizations=4,uncorrected_share=0.1,log_loss_weight=1.0",half,flu_admissions_log,equal_season_mean,0.8638166471363793,0.0018436343989219669,2
"pilot_method=two_stage,pilot_nowcaster=real_tree,forecast_targets=flu,pathogen_inputs=flu,correction_weeks=2,joint_weight=0.05,correction_penalty=30.0,reporting_missingness=0,count_transform=sqrt,ed_transform=logit,loss_weights=flu_hosp_ed,width=96,epochs=160,patience=25,lr=0.002,fit_partition=pathogen,covariate_encoder=summary,covariate_set=kinsa,input_mode=scheduled_final,input_normalization=b0,evaluation_seasons=recent_two",corrected,flu_admissions_log,equal_season_mean,0.8654817115130061,0.09882861699019288,2
"pilot_method=joint,forecast_targets=flu,pathogen_inputs=flu,correction_weeks=2,reporting_random_strength=1,joint_weight=0.1,correction_penalty=300.0,reporting_missingness=0,nowcast_weeks=4,ed_transform=logit,loss_weights=flu_hosp_ed,spatial=neighbors,sum_wis_weight=0.25,width=96,epochs=240,patience=25,lr=0.0005,fit_partition=pathogen,covariate_encoder=summary,input_mode=scheduled_final,input_normalization=b0,evaluation_seasons=recent_two,actual_share=0.5,log_loss_weight=0.25",half,flu_admissions_log,equal_season_mean,0.8660279886382769,0.018480668400234226,2
"pilot_method=two_stage,pilot_nowcaster=real_tree,forecast_targets=flu,pathogen_inputs=flu,ili_units=flu_scaled,ili_steps=1200,correction_weeks=1,ili_training=pretrain,joint_weight=0.05,correction_penalty=30.0,correction_strength=0.75,reporting_strength=2.0,lookback=10,count_transform=sqrt,ed_transform=logit,loss_weights=flu_hosp_ed,width=96,epochs=160,patience=25,batch_size=16,fit_partition=pathogen,covariate_encoder=summary,signal_features=multiscale,covariate_set=kinsa,input_mode=scheduled_final,input_normalization=b0,evaluation_seasons=recent_two,correction_realizations=2,uncorrected_share=0.1",calibrated,flu_admissions_log,equal_season_mean,0.8661948023114735,0.06082462336812394,2
"pilot_method=joint,forecast_targets=flu,pathogen_inputs=flu,correction_weeks=2,reporting_random_strength=1,joint_weight=0.1,correction_penalty=300.0,reporting_missingness=0,nowcast_weeks=4,ed_transform=logit,loss_weights=flu_hosp_ed,spatial=neighbors,sum_wis_weight=0.25,width=96,epochs=240,patience=25,lr=0.0005,fit_partition=pathogen,covariate_encoder=summary,input_mode=scheduled_final,input_normalization=b0,evaluation_seasons=recent_two,actual_share=0.5,log_loss_weight=0.25",calibrated,flu_admissions_log,equal_season_mean,0.8679304151756215,0.008490820375158005,2
"pilot_method=two_stage,pilot_nowcaster=real_tree,forecast_targets=flu,pathogen_inputs=flu,ili_units=flu_scaled,ili_steps=1200,correction_weeks=1,ili_training=pretrain,joint_weight=0.05,correction_penalty=30.0,correction_strength=0.75,reporting_strength=2.0,lookback=10,count_transform=sqrt,ed_transform=logit,loss_weights=flu_hosp_ed,width=96,epochs=160,patience=25,batch_size=16,fit_partition=pathogen,covariate_encoder=summary,signal_features=multiscale,covariate_set=kinsa,input_mode=scheduled_final,input_normalization=b0,evaluation_seasons=recent_two,correction_realizations=2,uncorrected_share=0.1",half,flu_admissions_log,equal_season_mean,0.8683751021227012,0.060739082989857716,2
"pilot_method=joint,forecast_targets=flu,pathogen_inputs=flu,correction_weeks=2,reporting_random_strength=1,joint_weight=0.1,correction_penalty=3.0,reporting_missingness=0,nowcast_weeks=4,ed_transform=logit,loss_weights=flu_hosp_ed,spatial=neighbors,sum_wis_weight=0.25,width=96,epochs=240,patience=25,lr=0.0005,fit_partition=pathogen,covariate_encoder=summary,signal_features=multiscale,input_mode=scheduled_final,input_normalization=b0,evaluation_seasons=recent_two,actual_share=0.25",corrected,flu_admissions_log,equal_season_mean,0.8695074579572694,0.07231320026231697,2
"pilot_method=two_stage,pilot_nowcaster=real_tree,forecast_targets=flu,pathogen_inputs=flu,correction_weeks=2,joint_weight=0.05,correction_penalty=30.0,reporting_missingness=0,count_transform=sqrt,ed_transform=logit,loss_weights=flu_hosp_ed,width=96,epochs=160,patience=25,batch_size=16,lr=0.002,fit_partition=pathogen,covariate_encoder=summary,covariate_set=kinsa,input_mode=scheduled_final,input_normalization=b0,evaluation_seasons=recent_two,actual_share=0.5,log_loss_weight=0.5",corrected,flu_admissions_log,equal_season_mean,0.8725268418877365,0.007522820064816505,2
"pilot_method=joint,forecast_targets=flu,pathogen_inputs=flu,correction_weeks=2,joint_weight=0.1,correction_penalty=3.0,reporting_missingness=0,nowcast_weeks=4,ed_transform=logit,loss_weights=flu_hosp_ed,spatial=neighbors,decoder=quantile,width=96,epochs=240,patience=25,lr=0.0005,fit_partition=pathogen,covariate_encoder=summary,input_mode=scheduled_final,input_normalization=b0,evaluation_seasons=recent_two,actual_share=1.0",half,flu_admissions_log,equal_season_mean,0.8792324512426376,0.0138305052092101,2
"pilot_method=joint,forecast_targets=flu,pathogen_inputs=flu,correction_weeks=2,joint_weight=0.1,correction_penalty=3.0,reporting_missingness=0,nowcast_weeks=4,ed_transform=logit,loss_weights=flu_hosp_ed,spatial=neighbors,sum_wis_weight=0.25,width=96,epochs=240,patience=25,lr=0.0005,fit_partition=pathogen,covariate_encoder=summary,input_mode=scheduled_final,input_normalization=b0,evaluation_seasons=recent_two",raw,flu_admissions_log,equal_season_mean,0.882416800423276,0.05014086764176382,2
"pilot_method=joint,forecast_targets=flu,pathogen_inputs=flu,correction_weeks=3,reporting_random_strength=1,joint_weight=0.1,correction_penalty=3.0,reporting_strength=2.0,nowcast_weeks=4,ed_transform=logit,loss_weights=flu_hosp_ed,spatial=neighbors,decoder=quantile,width=96,epochs=240,patience=25,fit_partition=pathogen,covariate_encoder=summary,input_mode=scheduled_final,input_normalization=b0,evaluation_seasons=recent_two,actual_share=1.0,log_loss_weight=0.25",corrected,flu_admissions_log,equal_season_mean,0.8853754390885584,0.0341283758776599,2
"pilot_method=joint,pilot_nowcaster=real_tree,forecast_targets=flu,pathogen_inputs=flu,ili_units=flu_scaled,ili_steps=1200,correction_weeks=3,ili_training=pretrain,joint_weight=0.1,correction_penalty=3.0,reporting_strength=1.5,nowcast_weeks=4,lookback=10,ed_transform=logit,loss_weights=flu_hosp_ed,spatial=neighbors,decoder=quantile,latent=32,epochs=240,patience=25,lr=0.0005,fit_partition=pathogen,covariate_encoder=summary,input_mode=scheduled_final,input_normalization=b0,evaluation_seasons=recent_two,actual_share=0.5,nowcast_noise=1.0",raw,flu_admissions_log,equal_season_mean,0.8863967176360833,0.0038183467908714146,2
"pilot_method=two_stage,pilot_nowcaster=real_tree,forecast_targets=flu,pathogen_inputs=flu,correction_weeks=2,joint_weight=0.05,correction_penalty=30.0,reporting_missingness=0,count_transform=sqrt,ed_transform=logit,loss_weights=flu_hosp_ed,width=96,epochs=160,patience=25,lr=0.002,fit_partition=pathogen,covariate_encoder=summary,covariate_set=kinsa,input_mode=scheduled_final,input_normalization=b0,evaluation_seasons=recent_two",calibrated,flu_admissions_log,equal_season_mean,0.8869982687186619,0.12622791348544402,2
"pilot_method=joint,forecast_targets=flu,pathogen_inputs=flu,correction_weeks=2,reporting_random_strength=1,joint_weight=0.1,correction_penalty=3.0,reporting_missingness=0,nowcast_weeks=4,ed_transform=logit,loss_weights=flu_hosp_ed,spatial=neighbors,sum_wis_weight=0.25,width=96,epochs=240,patience=25,lr=0.0005,fit_partition=pathogen,covariate_encoder=summary,signal_features=multiscale,input_mode=scheduled_final,input_normalization=b0,evaluation_seasons=recent_two,actual_share=0.25",half,flu_admissions_log,equal_season_mean,0.8879110920129979,0.08545680994264575,2
"pilot_method=two_stage,pilot_nowcaster=real_tree,forecast_targets=flu,pathogen_inputs=flu,ili_units=flu_scaled,ili_steps=1200,correction_weeks=1,ili_training=pretrain,joint_weight=0.05,correction_penalty=30.0,correction_strength=0.75,reporting_strength=2.0,lookback=10,count_transform=sqrt,ed_transform=logit,loss_weights=flu_hosp_ed,width=96,epochs=160,patience=25,batch_size=16,fit_partition=pathogen,covariate_encoder=summary,signal_features=multiscale,covariate_set=kinsa,input_mode=scheduled_final,input_normalization=b0,evaluation_seasons=recent_two,correction_realizations=2,uncorrected_share=0.1",raw,flu_admissions_log,equal_season_mean,0.8901905339102401,0.0716912273605119,2
"pilot_method=joint,forecast_targets=flu,pathogen_inputs=flu,correction_weeks=2,reporting_random_strength=1,joint_weight=0.1,correction_penalty=3.0,reporting_missingness=0,nowcast_weeks=4,ed_transform=logit,loss_weights=flu_hosp_ed,spatial=neighbors,sum_wis_weight=0.25,width=96,epochs=240,patience=25,lr=0.0005,fit_partition=pathogen,covariate_encoder=summary,signal_features=multiscale,input_mode=scheduled_final,input_normalization=b0,evaluation_seasons=recent_two,actual_share=0.25",calibrated,flu_admissions_log,equal_season_mean,0.8942371745847506,0.06420242957518808,2
"pilot_method=joint,forecast_targets=flu,pathogen_inputs=flu,correction_weeks=2,reporting_random_strength=1,joint_weight=0.1,correction_penalty=300.0,reporting_missingness=0,nowcast_weeks=4,ed_transform=logit,loss_weights=flu_hosp_ed,spatial=neighbors,sum_wis_weight=0.25,width=96,epochs=240,patience=25,lr=0.0005,fit_partition=pathogen,covariate_encoder=summary,input_mode=scheduled_final,input_normalization=b0,evaluation_seasons=recent_two,actual_share=0.5,log_loss_weight=0.25",raw,flu_admissions_log,equal_season_mean,0.8972273826634565,0.01413756979351613,2
"pilot_method=two_stage,pilot_nowcaster=real_tree,forecast_targets=flu,pathogen_inputs=flu,correction_weeks=2,joint_weight=0.05,correction_penalty=30.0,reporting_missingness=0,count_transform=sqrt,ed_transform=logit,loss_weights=flu_hosp_ed,width=96,epochs=160,patience=25,lr=0.002,fit_partition=pathogen,covariate_encoder=summary,covariate_set=kinsa,input_mode=scheduled_final,input_normalization=b0,evaluation_seasons=recent_two,actual_share=0.5",corrected,flu_admissions_log,equal_season_mean,0.8981192999792967,0.08600267871685202,2
"pilot_method=joint,forecast_targets=flu,pathogen_inputs=flu,correction_weeks=2,joint_weight=0.1,correction_penalty=3.0,reporting_missingness=0,nowcast_weeks=4,ed_transform=logit,loss_weights=flu_hosp_ed,spatial=neighbors,decoder=quantile,width=96,epochs=240,patience=25,lr=0.0005,fit_partition=pathogen,covariate_encoder=summary,input_mode=scheduled_final,input_normalization=b0,evaluation_seasons=recent_two,actual_share=1.0",raw,flu_admissions_log,equal_season_mean,0.9016256447196874,0.010666304461759899,2
"pilot_method=joint,forecast_targets=flu,pathogen_inputs=flu,correction_weeks=2,joint_weight=0.1,correction_penalty=3.0,reporting_missingness=0,nowcast_weeks=4,ed_transform=logit,loss_weights=flu_hosp_ed,spatial=neighbors,decoder=quantile,width=96,epochs=240,patience=25,lr=0.0005,fit_partition=pathogen,covariate_encoder=summary,input_mode=scheduled_final,input_normalization=b0,evaluation_seasons=recent_two,actual_share=1.0",calibrated,flu_admissions_log,equal_season_mean,0.902358671221533,0.053033122815951995,2
"pilot_method=two_stage,pilot_nowcaster=real_tree,forecast_targets=flu,pathogen_inputs=flu,correction_weeks=2,joint_weight=0.05,correction_penalty=30.0,reporting_missingness=0,count_transform=sqrt,ed_transform=logit,loss_weights=flu_hosp_ed,width=96,epochs=160,patience=25,batch_size=16,lr=0.002,fit_partition=pathogen,covariate_encoder=summary,covariate_set=kinsa,input_mode=scheduled_final,input_normalization=b0,evaluation_seasons=recent_two,actual_share=0.5,log_loss_weight=0.5",calibrated,flu_admissions_log,equal_season_mean,0.9027011631952095,0.01722508872966379,2
"pilot_method=two_stage,pilot_nowcaster=real_tree,forecast_targets=flu,pathogen_inputs=flu,correction_weeks=2,joint_weight=0.05,correction_penalty=30.0,reporting_missingness=0,count_transform=sqrt,ed_transform=logit,loss_weights=flu_hosp_ed,width=96,epochs=160,patience=25,lr=0.002,fit_partition=pathogen,covariate_encoder=summary,covariate_set=kinsa,input_mode=scheduled_final,input_normalization=b0,evaluation_seasons=recent_two",half,flu_admissions_log,equal_season_mean,0.9029299389444132,0.12950991757363767,2
"pilot_method=joint,forecast_targets=flu,pathogen_inputs=flu,correction_weeks=2,joint_weight=0.1,correction_penalty=3.0,reporting_missingness=0,nowcast_weeks=4,ed_transform=logit,loss_weights=flu_hosp_ed,spatial=neighbors,decoder=quantile,width=96,epochs=240,patience=25,batch_size=16,lr=0.0005,fit_partition=pathogen,covariate_encoder=summary,input_mode=scheduled_final,input_normalization=b0,evaluation_seasons=recent_two,actual_share=1.0",corrected,flu_admissions_log,equal_season_mean,0.903041836272487,0.08078406552259994,2
"pilot_method=joint,forecast_targets=flu,pathogen_inputs=flu,correction_weeks=2,joint_weight=0.1,correction_penalty=3.0,reporting_missingness=0,nowcast_weeks=4,ed_transform=logit,loss_weights=flu_hosp_ed,spatial=neighbors,decoder=quantile,width=96,epochs=240,patience=25,batch_size=16,lr=0.0005,fit_partition=pathogen,covariate_encoder=summary,input_mode=scheduled_final,input_normalization=b0,evaluation_seasons=recent_two,actual_share=1.0",calibrated,flu_admissions_log,equal_season_mean,0.9031621591817043,0.07872305374911329,2
"pilot_method=joint,forecast_targets=flu,pathogen_inputs=flu,correction_weeks=3,reporting_random_strength=1,joint_weight=0.1,correction_penalty=3.0,reporting_strength=2.0,nowcast_weeks=4,ed_transform=logit,loss_weights=flu_hosp_ed,spatial=neighbors,decoder=quantile,width=96,epochs=240,patience=25,fit_partition=pathogen,covariate_encoder=summary,input_mode=scheduled_final,input_normalization=b0,evaluation_seasons=recent_two,actual_share=1.0,log_loss_weight=0.25",half,flu_admissions_log,equal_season_mean,0.9032865535195709,0.03589054100347743,2
"pilot_method=joint,forecast_targets=flu,pathogen_inputs=flu,correction_weeks=3,reporting_random_strength=1,joint_weight=0.1,correction_penalty=3.0,reporting_strength=2.0,nowcast_weeks=4,ed_transform=logit,loss_weights=flu_hosp_ed,spatial=neighbors,decoder=quantile,width=96,epochs=240,patience=25,fit_partition=pathogen,covariate_encoder=summary,input_mode=scheduled_final,input_normalization=b0,evaluation_seasons=recent_two,actual_share=1.0,log_loss_weight=0.25",calibrated,flu_admissions_log,equal_season_mean,0.9111223580590749,0.06189058695066851,2
"pilot_method=joint,forecast_targets=flu,pathogen_inputs=flu,correction_weeks=2,joint_weight=0.1,correction_penalty=3.0,reporting_missingness=0,nowcast_weeks=4,ed_transform=logit,loss_weights=flu_hosp_ed,spatial=neighbors,decoder=quantile,width=96,epochs=240,patience=25,lr=0.0005,fit_partition=pathogen,covariate_encoder=summary,input_mode=scheduled_final,input_normalization=b0,evaluation_seasons=recent_two",corrected,flu_admissions_log,equal_season_mean,0.9148961681834202,0.07197577518394847,2
"pilot_method=joint,forecast_targets=flu,pathogen_inputs=flu,correction_weeks=2,reporting_random_strength=1,joint_weight=0.1,correction_penalty=3.0,reporting_missingness=0,nowcast_weeks=4,ed_transform=logit,loss_weights=flu_hosp_ed,spatial=neighbors,sum_wis_weight=0.25,width=96,epochs=240,patience=25,lr=0.0005,fit_partition=pathogen,covariate_encoder=summary,signal_features=multiscale,input_mode=scheduled_final,input_normalization=b0,evaluation_seasons=recent_two,actual_share=0.25",raw,flu_admissions_log,equal_season_mean,0.9149251457655264,0.09841367417973584,2
"pilot_method=joint,forecast_targets=flu,pathogen_inputs=flu,correction_weeks=2,joint_weight=0.1,correction_penalty=3.0,reporting_missingness=0,nowcast_weeks=4,ed_transform=logit,loss_weights=flu_hosp_ed,spatial=neighbors,decoder=quantile,width=96,epochs=240,patience=25,batch_size=16,lr=0.0005,fit_partition=pathogen,covariate_encoder=summary,input_mode=scheduled_final,input_normalization=b0,evaluation_seasons=recent_two,actual_share=1.0",half,flu_admissions_log,equal_season_mean,0.9188639059936123,0.08319720164523281,2
"pilot_method=two_stage,pilot_nowcaster=real_tree,forecast_targets=flu,pathogen_inputs=flu,correction_weeks=2,joint_weight=0.05,correction_penalty=100.0,count_transform=sqrt,ed_transform=logit,loss_weights=flu_hosp_ed,spatial=distance,width=128,epochs=160,patience=25,lr=0.002,fit_partition=pathogen,weight_decay=3e-05,covariate_encoder=summary,covariate_set=kinsa,input_mode=scheduled_final,input_normalization=b0,evaluation_seasons=recent_two,actual_share=0.25,correction_realizations=4,uncorrected_share=0.1,log_loss_weight=1.0",raw,flu_admissions_log,equal_season_mean,0.9190058103877897,0.004289327528543842,2
"pilot_method=two_stage,pilot_nowcaster=real_tree,forecast_targets=flu,pathogen_inputs=flu,correction_weeks=2,joint_weight=0.05,correction_penalty=30.0,reporting_missingness=0,count_transform=sqrt,ed_transform=logit,loss_weights=flu_hosp_ed,width=96,epochs=160,patience=25,batch_size=16,lr=0.002,fit_partition=pathogen,covariate_encoder=summary,covariate_set=kinsa,input_mode=scheduled_final,input_normalization=b0,evaluation_seasons=recent_two,actual_share=0.5,log_loss_weight=0.5",half,flu_admissions_log,equal_season_mean,0.9197552424968964,0.006708232590550687,2
"pilot_method=two_stage,pilot_nowcaster=real_tree,forecast_targets=flu,pathogen_inputs=flu,correction_weeks=2,joint_weight=0.05,correction_penalty=30.0,reporting_missingness=0,count_transform=sqrt,ed_transform=logit,loss_weights=flu_hosp_ed,width=96,epochs=160,patience=25,lr=0.002,fit_partition=pathogen,covariate_encoder=summary,covariate_set=kinsa,input_mode=scheduled_final,input_normalization=b0,evaluation_seasons=recent_two,log_loss_weight=0.5",corrected,flu_admissions_log,equal_season_mean,0.9249939653106871,0.12227156858290457,2
"pilot_method=joint,forecast_targets=flu,pathogen_inputs=flu,correction_weeks=3,reporting_random_strength=1,joint_weight=0.1,correction_penalty=3.0,reporting_strength=2.0,nowcast_weeks=4,ed_transform=logit,loss_weights=flu_hosp_ed,spatial=neighbors,decoder=quantile,width=96,epochs=240,patience=25,fit_partition=pathogen,covariate_encoder=summary,input_mode=scheduled_final,input_normalization=b0,evaluation_seasons=recent_two,actual_share=1.0,log_loss_weight=0.25",raw,flu_admissions_log,equal_season_mean,0.9263331280071815,0.037363190512079494,2
"pilot_method=two_stage,pilot_nowcaster=real_tree,forecast_targets=flu,pathogen_inputs=flu,correction_weeks=2,joint_weight=0.05,correction_penalty=30.0,reporting_missingness=0,count_transform=sqrt,ed_transform=logit,loss_weights=flu_hosp_ed,width=96,epochs=160,patience=25,lr=0.002,fit_partition=pathogen,covariate_encoder=summary,covariate_set=kinsa,input_mode=scheduled_final,input_normalization=b0,evaluation_seasons=recent_two,actual_share=0.5",calibrated,flu_admissions_log,equal_season_mean,0.9315664216910534,0.11423720590263665,2
"pilot_method=joint,forecast_targets=flu,pathogen_inputs=flu,correction_weeks=2,joint_weight=0.1,correction_penalty=3.0,reporting_missingness=0,nowcast_weeks=4,ed_transform=logit,loss_weights=flu_hosp_ed,spatial=neighbors,decoder=quantile,width=96,epochs=240,patience=25,lr=0.0005,fit_partition=pathogen,covariate_encoder=summary,input_mode=scheduled_final,input_normalization=b0,evaluation_seasons=recent_two",calibrated,flu_admissions_log,equal_season_mean,0.933855381907212,0.08677190814446434,2
"pilot_method=joint,forecast_targets=flu,pathogen_inputs=flu,correction_weeks=2,joint_weight=0.1,correction_penalty=3.0,reporting_missingness=0,nowcast_weeks=4,ed_transform=logit,loss_weights=flu_hosp_ed,spatial=neighbors,decoder=quantile,width=96,epochs=240,patience=25,batch_size=16,lr=0.0005,fit_partition=pathogen,covariate_encoder=summary,input_mode=scheduled_final,input_normalization=b0,evaluation_seasons=recent_two,actual_share=1.0",raw,flu_admissions_log,equal_season_mean,0.9400203604095333,0.085891530272329,2
"pilot_method=joint,forecast_targets=flu,pathogen_inputs=flu,correction_weeks=2,joint_weight=0.1,correction_penalty=3.0,reporting_missingness=0,nowcast_weeks=4,ed_transform=logit,loss_weights=flu_hosp_ed,spatial=neighbors,decoder=quantile,width=96,epochs=240,patience=25,lr=0.0005,fit_partition=pathogen,covariate_encoder=summary,input_mode=scheduled_final,input_normalization=b0,evaluation_seasons=recent_two",half,flu_admissions_log,equal_season_mean,0.9470962681110454,0.08517193441529233,2
"pilot_method=two_stage,pilot_nowcaster=real_tree,forecast_targets=flu,pathogen_inputs=flu,correction_weeks=2,joint_weight=0.05,correction_penalty=30.0,reporting_missingness=0,count_transform=sqrt,ed_transform=logit,loss_weights=flu_hosp_ed,width=96,epochs=160,patience=25,lr=0.002,fit_partition=pathogen,covariate_encoder=summary,covariate_set=kinsa,input_mode=scheduled_final,input_normalization=b0,evaluation_seasons=recent_two,log_loss_weight=0.5",calibrated,flu_admissions_log,equal_season_mean,0.9475208240413355,0.14989963589744273,2
"pilot_method=two_stage,pilot_nowcaster=real_tree,forecast_targets=flu,pathogen_inputs=flu,correction_weeks=2,joint_weight=0.05,correction_penalty=30.0,reporting_missingness=0,count_transform=sqrt,ed_transform=logit,loss_weights=flu_hosp_ed,width=96,epochs=160,patience=25,lr=0.002,fit_partition=pathogen,covariate_encoder=summary,covariate_set=kinsa,input_mode=scheduled_final,input_normalization=b0,evaluation_seasons=recent_two,actual_share=0.5",half,flu_admissions_log,equal_season_mean,0.950384717572252,0.1021814117201389,2
"pilot_method=two_stage,pilot_nowcaster=real_tree,forecast_targets=flu,pathogen_inputs=flu,correction_weeks=2,joint_weight=0.05,correction_penalty=30.0,reporting_missingness=0,count_transform=sqrt,ed_transform=logit,loss_weights=flu_hosp_ed,width=96,epochs=160,patience=25,lr=0.002,fit_partition=pathogen,covariate_encoder=summary,covariate_set=kinsa,input_mode=scheduled_final,input_normalization=b0,evaluation_seasons=recent_two",raw,flu_admissions_log,equal_season_mean,0.9590063355092461,0.15650781315540715,2
"pilot_method=two_stage,pilot_nowcaster=real_tree,forecast_targets=flu,pathogen_inputs=flu,correction_weeks=2,joint_weight=0.05,correction_penalty=30.0,reporting_missingness=0,count_transform=sqrt,ed_transform=logit,loss_weights=flu_hosp_ed,width=96,epochs=160,patience=25,lr=0.002,fit_partition=pathogen,covariate_encoder=summary,covariate_set=kinsa,input_mode=scheduled_final,input_normalization=b0,evaluation_seasons=recent_two,log_loss_weight=0.5",half,flu_admissions_log,equal_season_mean,0.9747490376109654,0.14111047510229352,2
"pilot_method=two_stage,pilot_nowcaster=real_tree,forecast_targets=flu,pathogen_inputs=flu,correction_weeks=2,joint_weight=0.05,correction_penalty=30.0,reporting_missingness=0,count_transform=sqrt,ed_transform=logit,loss_weights=flu_hosp_ed,width=96,epochs=160,patience=25,batch_size=16,lr=0.002,fit_partition=pathogen,covariate_encoder=summary,covariate_set=kinsa,input_mode=scheduled_final,input_normalization=b0,evaluation_seasons=recent_two,actual_share=0.5,log_loss_weight=0.5",raw,flu_admissions_log,equal_season_mean,0.9847012611603588,0.0058395044650884015,2
"pilot_method=joint,forecast_targets=flu,pathogen_inputs=flu,correction_weeks=2,joint_weight=0.1,correction_penalty=3.0,reporting_missingness=0,nowcast_weeks=4,ed_transform=logit,loss_weights=flu_hosp_ed,spatial=neighbors,decoder=quantile,width=96,epochs=240,patience=25,lr=0.0005,fit_partition=pathogen,covariate_encoder=summary,input_mode=scheduled_final,input_normalization=b0,evaluation_seasons=recent_two",raw,flu_admissions_log,equal_season_mean,1.004121760218593,0.10050780949834992,2
"pilot_method=two_stage,pilot_nowcaster=real_tree,forecast_targets=flu,pathogen_inputs=flu,correction_weeks=2,joint_weight=0.05,correction_penalty=30.0,reporting_missingness=0,count_transform=sqrt,ed_transform=logit,loss_weights=flu_hosp_ed,width=96,epochs=160,patience=25,lr=0.002,fit_partition=pathogen,covariate_encoder=summary,covariate_set=kinsa,input_mode=scheduled_final,input_normalization=b0,evaluation_seasons=recent_two,actual_share=0.5",raw,flu_admissions_log,equal_season_mean,1.0218595757897626,0.1161538084537183,2
"pilot_method=two_stage,pilot_nowcaster=real_tree,forecast_targets=flu,pathogen_inputs=flu,correction_weeks=2,joint_weight=0.05,correction_penalty=30.0,reporting_missingness=0,count_transform=sqrt,ed_transform=logit,loss_weights=flu_hosp_ed,width=96,epochs=160,patience=25,lr=0.002,fit_partition=pathogen,covariate_encoder=summary,covariate_set=kinsa,input_mode=scheduled_final,input_normalization=b0,evaluation_seasons=recent_two,log_loss_weight=0.5",raw,flu_admissions_log,equal_season_mean,1.0412463655343807,0.15843003057984836,2
"pilot_method=joint,forecast_targets=flu,pathogen_inputs=flu,correction_weeks=3,growth_anchor=1,joint_weight=0.1,correction_penalty=3.0,reporting_missingness=0,reporting_method=synchronous_log,reporting_strength=2.0,nowcast_weeks=4,lookback=10,ed_transform=logit,loss_weights=flu_hosp_ed,spatial=neighbors,decoder=residual2,sum_wis_weight=0.5,us_error=shared_factor,width=96,epochs=240,patience=25,batch_size=4,lr=0.0005,fit_partition=pathogen,covariate_encoder=summary,input_mode=scheduled_final,input_normalization=b0,evaluation_seasons=recent_two,actual_share=0.5",corrected,flu_admissions_log,equal_season_mean,1.1718223829959338,0.10068584518847881,2
"pilot_method=joint,forecast_targets=flu,pathogen_inputs=flu,correction_weeks=3,growth_anchor=1,joint_weight=0.1,correction_penalty=3.0,reporting_missingness=0,reporting_method=synchronous_log,reporting_strength=2.0,nowcast_weeks=4,lookback=10,ed_transform=logit,loss_weights=flu_hosp_ed,spatial=neighbors,decoder=residual2,sum_wis_weight=0.5,us_error=shared_factor,width=96,epochs=240,patience=25,batch_size=4,lr=0.0005,fit_partition=pathogen,covariate_encoder=summary,input_mode=scheduled_final,input_normalization=b0,evaluation_seasons=recent_two,actual_share=0.5",calibrated,flu_admissions_log,equal_season_mean,1.1970445448405358,0.1303465326518832,2
"pilot_method=joint,forecast_targets=flu,pathogen_inputs=flu,correction_weeks=3,growth_anchor=1,joint_weight=0.1,correction_penalty=3.0,reporting_missingness=0,reporting_method=synchronous_log,reporting_strength=2.0,nowcast_weeks=4,lookback=10,ed_transform=logit,loss_weights=flu_hosp_ed,spatial=neighbors,decoder=residual2,sum_wis_weight=0.5,us_error=shared_factor,width=96,epochs=240,patience=25,batch_size=4,lr=0.0005,fit_partition=pathogen,covariate_encoder=summary,input_mode=scheduled_final,input_normalization=b0,evaluation_seasons=recent_two,actual_share=0.5",half,flu_admissions_log,equal_season_mean,1.2307385995439541,0.07374763222296196,2
"pilot_method=joint,forecast_targets=flu,pathogen_inputs=flu,correction_weeks=3,growth_anchor=1,joint_weight=0.1,correction_penalty=3.0,reporting_missingness=0,reporting_method=synchronous_log,reporting_strength=2.0,nowcast_weeks=4,lookback=10,ed_transform=logit,loss_weights=flu_hosp_ed,spatial=neighbors,decoder=residual2,sum_wis_weight=0.5,us_error=shared_factor,width=96,epochs=240,patience=25,batch_size=4,lr=0.0005,fit_partition=pathogen,covariate_encoder=summary,input_mode=scheduled_final,input_normalization=b0,evaluation_seasons=recent_two,actual_share=0.5",raw,flu_admissions_log,equal_season_mean,1.3307011904258408,0.04863870444003655,2
"pilot_method=joint,forecast_targets=flu,pathogen_inputs=flu,correction_weeks=2,joint_weight=0.1,correction_penalty=3.0,reporting_missingness=0,nowcast_weeks=4,ed_transform=logit,loss_weights=flu_hosp_ed,spatial=neighbors,sum_wis_weight=0.25,width=96,epochs=240,patience=25,lr=0.0005,fit_partition=pathogen,covariate_encoder=summary,input_mode=scheduled_final,input_normalization=b0,evaluation_seasons=recent_two",calibrated,flu_admissions_native,2024-2025,0.7469325682419539,0.07722738076215693,2
"pilot_method=joint,forecast_targets=flu,pathogen_inputs=flu,correction_weeks=2,joint_weight=0.1,correction_penalty=3.0,reporting_missingness=0,nowcast_weeks=4,ed_transform=logit,loss_weights=flu_hosp_ed,spatial=neighbors,sum_wis_weight=0.25,width=96,epochs=240,patience=25,lr=0.0005,fit_partition=pathogen,covariate_encoder=summary,input_mode=scheduled_final,input_normalization=b0,evaluation_seasons=recent_two",corrected,flu_admissions_native,2024-2025,0.7518728438170077,0.08920165967778992,2
"pilot_method=joint,forecast_targets=flu,pathogen_inputs=flu,correction_weeks=2,joint_weight=0.1,correction_penalty=3.0,reporting_missingness=0,nowcast_weeks=4,ed_transform=logit,loss_weights=flu_hosp_ed,spatial=neighbors,decoder=quantile,width=96,epochs=240,patience=25,lr=0.0005,fit_partition=pathogen,covariate_encoder=summary,input_mode=scheduled_final,input_normalization=b0,evaluation_seasons=recent_two,actual_share=1.0",corrected,flu_admissions_native,2024-2025,0.7550424746699295,0.05823449932727361,2
"pilot_method=joint,forecast_targets=flu,pathogen_inputs=flu,correction_weeks=2,joint_weight=0.1,correction_penalty=3.0,reporting_missingness=0,nowcast_weeks=4,ed_transform=logit,loss_weights=flu_hosp_ed,spatial=neighbors,decoder=quantile,width=96,epochs=240,patience=25,lr=0.0005,fit_partition=pathogen,covariate_encoder=summary,input_mode=scheduled_final,input_normalization=b0,evaluation_seasons=recent_two,actual_share=1.0",calibrated,flu_admissions_native,2024-2025,0.7635049239717359,0.07031105869594166,2
"pilot_method=two_stage,pilot_nowcaster=real_tree,forecast_targets=flu,pathogen_inputs=flu,correction_weeks=2,joint_weight=0.05,correction_penalty=30.0,reporting_missingness=0,count_transform=sqrt,ed_transform=logit,loss_weights=flu_hosp_ed,width=96,epochs=160,patience=25,lr=0.002,fit_partition=pathogen,covariate_encoder=summary,covariate_set=kinsa,input_mode=scheduled_final,input_normalization=b0,evaluation_seasons=recent_two",calibrated,flu_admissions_native,2024-2025,0.7657713772363869,0.03090245888138405,2
"pilot_method=joint,forecast_targets=flu,pathogen_inputs=flu,correction_weeks=2,reporting_random_strength=1,joint_weight=0.1,correction_penalty=300.0,reporting_missingness=0,nowcast_weeks=4,ed_transform=logit,loss_weights=flu_hosp_ed,spatial=neighbors,sum_wis_weight=0.25,width=96,epochs=240,patience=25,lr=0.0005,fit_partition=pathogen,covariate_encoder=summary,input_mode=scheduled_final,input_normalization=b0,evaluation_seasons=recent_two,actual_share=0.5,log_loss_weight=0.25",calibrated,flu_admissions_native,2024-2025,0.7659540762567447,0.041188419984352735,2
"pilot_method=two_stage,pilot_nowcaster=real_tree,forecast_targets=flu,pathogen_inputs=flu,correction_weeks=2,joint_weight=0.05,correction_penalty=30.0,reporting_missingness=0,count_transform=sqrt,ed_transform=logit,loss_weights=flu_hosp_ed,width=96,epochs=160,patience=25,lr=0.002,fit_partition=pathogen,covariate_encoder=summary,covariate_set=kinsa,input_mode=scheduled_final,input_normalization=b0,evaluation_seasons=recent_two,actual_share=0.5",calibrated,flu_admissions_native,2024-2025,0.7682099877876212,0.04457605111560145,2
"pilot_method=joint,forecast_targets=flu,pathogen_inputs=flu,correction_weeks=2,joint_weight=0.1,correction_penalty=3.0,reporting_missingness=0,nowcast_weeks=4,ed_transform=logit,loss_weights=flu_hosp_ed,spatial=neighbors,decoder=quantile,width=96,epochs=240,patience=25,lr=0.0005,fit_partition=pathogen,covariate_encoder=summary,input_mode=scheduled_final,input_normalization=b0,evaluation_seasons=recent_two,actual_share=1.0",half,flu_admissions_native,2024-2025,0.7685849900691546,0.06170213919539189,2
"pilot_method=joint,forecast_targets=flu,pathogen_inputs=flu,correction_weeks=2,reporting_random_strength=1,joint_weight=0.1,correction_penalty=300.0,reporting_missingness=0,nowcast_weeks=4,ed_transform=logit,loss_weights=flu_hosp_ed,spatial=neighbors,sum_wis_weight=0.25,width=96,epochs=240,patience=25,lr=0.0005,fit_partition=pathogen,covariate_encoder=summary,input_mode=scheduled_final,input_normalization=b0,evaluation_seasons=recent_two,actual_share=0.5,log_loss_weight=0.25",corrected,flu_admissions_native,2024-2025,0.7715380540729744,0.03424311444371948,2
"pilot_method=two_stage,pilot_nowcaster=real_tree,forecast_targets=flu,pathogen_inputs=flu,correction_weeks=2,joint_weight=0.05,correction_penalty=30.0,reporting_missingness=0,count_transform=sqrt,ed_transform=logit,loss_weights=flu_hosp_ed,width=96,epochs=160,patience=25,lr=0.002,fit_partition=pathogen,covariate_encoder=summary,covariate_set=kinsa,input_mode=scheduled_final,input_normalization=b0,evaluation_seasons=recent_two",corrected,flu_admissions_native,2024-2025,0.7735325874859587,0.028215789851912535,2
"pilot_method=joint,forecast_targets=flu,pathogen_inputs=flu,correction_weeks=2,joint_weight=0.1,correction_penalty=3.0,reporting_missingness=0,nowcast_weeks=4,ed_transform=logit,loss_weights=flu_hosp_ed,spatial=neighbors,sum_wis_weight=0.25,width=96,epochs=240,patience=25,lr=0.0005,fit_partition=pathogen,covariate_encoder=summary,input_mode=scheduled_final,input_normalization=b0,evaluation_seasons=recent_two",half,flu_admissions_native,2024-2025,0.7752243356815337,0.10154264424030451,2
"pilot_method=two_stage,pilot_nowcaster=real_tree,forecast_targets=flu,pathogen_inputs=flu,correction_weeks=2,joint_weight=0.05,correction_penalty=30.0,reporting_missingness=0,count_transform=sqrt,ed_transform=logit,loss_weights=flu_hosp_ed,width=96,epochs=160,patience=25,lr=0.002,fit_partition=pathogen,covariate_encoder=summary,covariate_set=kinsa,input_mode=scheduled_final,input_normalization=b0,evaluation_seasons=recent_two,actual_share=0.5",corrected,flu_admissions_native,2024-2025,0.7757967687623637,0.0411305912175179,2
"pilot_method=joint,forecast_targets=flu,pathogen_inputs=flu,correction_weeks=2,joint_weight=0.1,correction_penalty=3.0,reporting_missingness=0,nowcast_weeks=4,ed_transform=logit,loss_weights=flu_hosp_ed,spatial=neighbors,decoder=quantile,width=96,epochs=240,patience=25,batch_size=16,lr=0.0005,fit_partition=pathogen,covariate_encoder=summary,input_mode=scheduled_final,input_normalization=b0,evaluation_seasons=recent_two,actual_share=1.0",calibrated,flu_admissions_native,2024-2025,0.7839887649603872,0.0228311977830788,2
"pilot_method=joint,forecast_targets=flu,pathogen_inputs=flu,correction_weeks=2,joint_weight=0.1,correction_penalty=3.0,reporting_missingness=0,nowcast_weeks=4,ed_transform=logit,loss_weights=flu_hosp_ed,spatial=neighbors,decoder=quantile,width=96,epochs=240,patience=25,lr=0.0005,fit_partition=pathogen,covariate_encoder=summary,input_mode=scheduled_final,input_normalization=b0,evaluation_seasons=recent_two,actual_share=1.0",raw,flu_admissions_native,2024-2025,0.7849221574239083,0.06539618521940423,2
"pilot_method=joint,forecast_targets=flu,pathogen_inputs=flu,correction_weeks=2,joint_weight=0.1,correction_penalty=3.0,reporting_missingness=0,nowcast_weeks=4,ed_transform=logit,loss_weights=flu_hosp_ed,spatial=neighbors,decoder=quantile,width=96,epochs=240,patience=25,batch_size=16,lr=0.0005,fit_partition=pathogen,covariate_encoder=summary,input_mode=scheduled_final,input_normalization=b0,evaluation_seasons=recent_two,actual_share=1.0",corrected,flu_admissions_native,2024-2025,0.787135133936081,0.021088449510646125,2
"pilot_method=joint,forecast_targets=flu,pathogen_inputs=flu,correction_weeks=2,reporting_random_strength=1,joint_weight=0.1,correction_penalty=300.0,reporting_missingness=0,nowcast_weeks=4,ed_transform=logit,loss_weights=flu_hosp_ed,spatial=neighbors,sum_wis_weight=0.25,width=96,epochs=240,patience=25,lr=0.0005,fit_partition=pathogen,covariate_encoder=summary,input_mode=scheduled_final,input_normalization=b0,evaluation_seasons=recent_two,actual_share=0.5,log_loss_weight=0.25",half,flu_admissions_native,2024-2025,0.7889416702000444,0.03347295400817072,2
"pilot_method=joint,forecast_targets=flu,pathogen_inputs=flu,correction_weeks=2,joint_weight=0.1,correction_penalty=3.0,reporting_missingness=0,nowcast_weeks=4,ed_transform=logit,loss_weights=flu_hosp_ed,spatial=neighbors,decoder=quantile,width=96,epochs=240,patience=25,batch_size=16,lr=0.0005,fit_partition=pathogen,covariate_encoder=summary,input_mode=scheduled_final,input_normalization=b0,evaluation_seasons=recent_two,actual_share=1.0",half,flu_admissions_native,2024-2025,0.7976440315183206,0.018001070226692027,2
"pilot_method=two_stage,pilot_nowcaster=real_tree,forecast_targets=flu,pathogen_inputs=flu,ili_units=flu_scaled,ili_steps=1200,correction_weeks=1,ili_training=pretrain,joint_weight=0.05,correction_penalty=30.0,correction_strength=0.75,reporting_strength=2.0,lookback=10,count_transform=sqrt,ed_transform=logit,loss_weights=flu_hosp_ed,width=96,epochs=160,patience=25,batch_size=16,fit_partition=pathogen,covariate_encoder=summary,signal_features=multiscale,covariate_set=kinsa,input_mode=scheduled_final,input_normalization=b0,evaluation_seasons=recent_two,correction_realizations=2,uncorrected_share=0.1",calibrated,flu_admissions_native,2024-2025,0.797775582377861,0.07147470539970971,2
"pilot_method=joint,forecast_targets=flu,pathogen_inputs=flu,correction_weeks=2,reporting_random_strength=1,joint_weight=0.1,correction_penalty=3.0,reporting_missingness=0,nowcast_weeks=4,ed_transform=logit,loss_weights=flu_hosp_ed,spatial=neighbors,sum_wis_weight=0.25,width=96,epochs=240,patience=25,lr=0.0005,fit_partition=pathogen,covariate_encoder=summary,signal_features=multiscale,input_mode=scheduled_final,input_normalization=b0,evaluation_seasons=recent_two,actual_share=0.25",calibrated,flu_admissions_native,2024-2025,0.8012608620630155,0.16898866704336646,2
"pilot_method=joint,forecast_targets=flu,pathogen_inputs=flu,correction_weeks=2,joint_weight=0.1,correction_penalty=3.0,reporting_missingness=0,nowcast_weeks=4,ed_transform=logit,loss_weights=flu_hosp_ed,spatial=neighbors,sum_wis_weight=0.25,width=96,epochs=240,patience=25,lr=0.0005,fit_partition=pathogen,covariate_encoder=summary,input_mode=scheduled_final,input_normalization=b0,evaluation_seasons=recent_two",raw,flu_admissions_native,2024-2025,0.8075002943501091,0.11338866270170926,2
"pilot_method=joint,forecast_targets=flu,pathogen_inputs=flu,correction_weeks=2,reporting_random_strength=1,joint_weight=0.1,correction_penalty=300.0,reporting_missingness=0,nowcast_weeks=4,ed_transform=logit,loss_weights=flu_hosp_ed,spatial=neighbors,sum_wis_weight=0.25,width=96,epochs=240,patience=25,lr=0.0005,fit_partition=pathogen,covariate_encoder=summary,input_mode=scheduled_final,input_normalization=b0,evaluation_seasons=recent_two,actual_share=0.5,log_loss_weight=0.25",raw,flu_admissions_native,2024-2025,0.8086986140399253,0.033716485556078014,2
"pilot_method=two_stage,pilot_nowcaster=real_tree,forecast_targets=flu,pathogen_inputs=flu,ili_units=flu_scaled,ili_steps=1200,correction_weeks=1,ili_training=pretrain,joint_weight=0.05,correction_penalty=30.0,correction_strength=0.75,reporting_strength=2.0,lookback=10,count_transform=sqrt,ed_transform=logit,loss_weights=flu_hosp_ed,width=96,epochs=160,patience=25,batch_size=16,fit_partition=pathogen,covariate_encoder=summary,signal_features=multiscale,covariate_set=kinsa,input_mode=scheduled_final,input_normalization=b0,evaluation_seasons=recent_two,correction_realizations=2,uncorrected_share=0.1",corrected,flu_admissions_native,2024-2025,0.8107844308103347,0.07561616893936299,2
"pilot_method=joint,forecast_targets=flu,pathogen_inputs=flu,correction_weeks=2,joint_weight=0.1,correction_penalty=3.0,reporting_missingness=0,nowcast_weeks=4,ed_transform=logit,loss_weights=flu_hosp_ed,spatial=neighbors,decoder=quantile,width=96,epochs=240,patience=25,batch_size=16,lr=0.0005,fit_partition=pathogen,covariate_encoder=summary,input_mode=scheduled_final,input_normalization=b0,evaluation_seasons=recent_two,actual_share=1.0",raw,flu_admissions_native,2024-2025,0.8110090667567241,0.014949451526854717,2
"pilot_method=two_stage,pilot_nowcaster=real_tree,forecast_targets=flu,pathogen_inputs=flu,correction_weeks=2,joint_weight=0.05,correction_penalty=100.0,count_transform=sqrt,ed_transform=logit,loss_weights=flu_hosp_ed,spatial=distance,width=128,epochs=160,patience=25,lr=0.002,fit_partition=pathogen,weight_decay=3e-05,covariate_encoder=summary,covariate_set=kinsa,input_mode=scheduled_final,input_normalization=b0,evaluation_seasons=recent_two,actual_share=0.25,correction_realizations=4,uncorrected_share=0.1,log_loss_weight=1.0",calibrated,flu_admissions_native,2024-2025,0.8124909483797241,0.07731085248299366,2
"pilot_method=two_stage,pilot_nowcaster=real_tree,forecast_targets=flu,pathogen_inputs=flu,correction_weeks=2,joint_weight=0.05,correction_penalty=30.0,reporting_missingness=0,count_transform=sqrt,ed_transform=logit,loss_weights=flu_hosp_ed,width=96,epochs=160,patience=25,lr=0.002,fit_partition=pathogen,covariate_encoder=summary,covariate_set=kinsa,input_mode=scheduled_final,input_normalization=b0,evaluation_seasons=recent_two",half,flu_admissions_native,2024-2025,0.8129148874123846,0.04136238030244749,2
"pilot_method=joint,pilot_nowcaster=real_tree,forecast_targets=flu,pathogen_inputs=flu,ili_units=flu_scaled,ili_steps=1200,correction_weeks=3,ili_training=pretrain,joint_weight=0.1,correction_penalty=3.0,reporting_strength=1.5,nowcast_weeks=4,lookback=10,ed_transform=logit,loss_weights=flu_hosp_ed,spatial=neighbors,decoder=quantile,latent=32,epochs=240,patience=25,lr=0.0005,fit_partition=pathogen,covariate_encoder=summary,input_mode=scheduled_final,input_normalization=b0,evaluation_seasons=recent_two,actual_share=0.5,nowcast_noise=1.0",calibrated,flu_admissions_native,2024-2025,0.8146240058015125,0.021686121735505527,2
"pilot_method=two_stage,pilot_nowcaster=real_tree,forecast_targets=flu,pathogen_inputs=flu,correction_weeks=2,joint_weight=0.05,correction_penalty=30.0,reporting_missingness=0,count_transform=sqrt,ed_transform=logit,loss_weights=flu_hosp_ed,width=96,epochs=160,patience=25,lr=0.002,fit_partition=pathogen,covariate_encoder=summary,covariate_set=kinsa,input_mode=scheduled_final,input_normalization=b0,evaluation_seasons=recent_two,actual_share=0.5",half,flu_admissions_native,2024-2025,0.8163820995370941,0.05574927330761045,2
"pilot_method=joint,pilot_nowcaster=real_tree,forecast_targets=flu,pathogen_inputs=flu,ili_units=flu_scaled,ili_steps=1200,correction_weeks=3,ili_training=pretrain,joint_weight=0.1,correction_penalty=3.0,reporting_strength=1.5,nowcast_weeks=4,lookback=10,ed_transform=logit,loss_weights=flu_hosp_ed,spatial=neighbors,decoder=quantile,latent=32,epochs=240,patience=25,lr=0.0005,fit_partition=pathogen,covariate_encoder=summary,input_mode=scheduled_final,input_normalization=b0,evaluation_seasons=recent_two,actual_share=0.5,nowcast_noise=1.0",corrected,flu_admissions_native,2024-2025,0.8193660123297172,0.027815381634898505,2
"pilot_method=joint,forecast_targets=flu,pathogen_inputs=flu,correction_weeks=2,reporting_random_strength=1,joint_weight=0.1,correction_penalty=3.0,reporting_missingness=0,nowcast_weeks=4,ed_transform=logit,loss_weights=flu_hosp_ed,spatial=neighbors,sum_wis_weight=0.25,width=96,epochs=240,patience=25,lr=0.0005,fit_partition=pathogen,covariate_encoder=summary,signal_features=multiscale,input_mode=scheduled_final,input_normalization=b0,evaluation_seasons=recent_two,actual_share=0.25",corrected,flu_admissions_native,2024-2025,0.8271969420522187,0.1971484815043985,2
"pilot_method=two_stage,pilot_nowcaster=real_tree,forecast_targets=flu,pathogen_inputs=flu,ili_units=flu_scaled,ili_steps=1200,correction_weeks=1,ili_training=pretrain,joint_weight=0.05,correction_penalty=30.0,correction_strength=0.75,reporting_strength=2.0,lookback=10,count_transform=sqrt,ed_transform=logit,loss_weights=flu_hosp_ed,width=96,epochs=160,patience=25,batch_size=16,fit_partition=pathogen,covariate_encoder=summary,signal_features=multiscale,covariate_set=kinsa,input_mode=scheduled_final,input_normalization=b0,evaluation_seasons=recent_two,correction_realizations=2,uncorrected_share=0.1",half,flu_admissions_native,2024-2025,0.8275517206173987,0.09372410382771243,2
"pilot_method=two_stage,pilot_nowcaster=real_tree,forecast_targets=flu,pathogen_inputs=flu,correction_weeks=2,joint_weight=0.05,correction_penalty=100.0,count_transform=sqrt,ed_transform=logit,loss_weights=flu_hosp_ed,spatial=distance,width=128,epochs=160,patience=25,lr=0.002,fit_partition=pathogen,weight_decay=3e-05,covariate_encoder=summary,covariate_set=kinsa,input_mode=scheduled_final,input_normalization=b0,evaluation_seasons=recent_two,actual_share=0.25,correction_realizations=4,uncorrected_share=0.1,log_loss_weight=1.0",corrected,flu_admissions_native,2024-2025,0.8306219996631999,0.08279627963487828,2
"pilot_method=two_stage,pilot_nowcaster=real_tree,forecast_targets=flu,pathogen_inputs=flu,correction_weeks=2,joint_weight=0.05,correction_penalty=30.0,reporting_missingness=0,count_transform=sqrt,ed_transform=logit,loss_weights=flu_hosp_ed,width=96,epochs=160,patience=25,lr=0.002,fit_partition=pathogen,covariate_encoder=summary,covariate_set=kinsa,input_mode=scheduled_final,input_normalization=b0,evaluation_seasons=recent_two,log_loss_weight=0.5",calibrated,flu_admissions_native,2024-2025,0.8326894129136911,0.05335693363829352,2
"pilot_method=joint,pilot_nowcaster=real_tree,forecast_targets=flu,pathogen_inputs=flu,ili_units=flu_scaled,ili_steps=1200,correction_weeks=3,ili_training=pretrain,joint_weight=0.1,correction_penalty=3.0,reporting_strength=1.5,nowcast_weeks=4,lookback=10,ed_transform=logit,loss_weights=flu_hosp_ed,spatial=neighbors,decoder=quantile,latent=32,epochs=240,patience=25,lr=0.0005,fit_partition=pathogen,covariate_encoder=summary,input_mode=scheduled_final,input_normalization=b0,evaluation_seasons=recent_two,actual_share=0.5,nowcast_noise=1.0",sampled,flu_admissions_native,2024-2025,0.8343670273455555,0.029869899718783476,2
"pilot_method=two_stage,pilot_nowcaster=real_tree,forecast_targets=flu,pathogen_inputs=flu,correction_weeks=2,joint_weight=0.05,correction_penalty=30.0,reporting_missingness=0,count_transform=sqrt,ed_transform=logit,loss_weights=flu_hosp_ed,width=96,epochs=160,patience=25,batch_size=16,lr=0.002,fit_partition=pathogen,covariate_encoder=summary,covariate_set=kinsa,input_mode=scheduled_final,input_normalization=b0,evaluation_seasons=recent_two,actual_share=0.5,log_loss_weight=0.5",calibrated,flu_admissions_native,2024-2025,0.8377329909204372,0.014715644322053818,2
"pilot_method=joint,forecast_targets=flu,pathogen_inputs=flu,correction_weeks=3,reporting_random_strength=1,joint_weight=0.1,correction_penalty=3.0,reporting_strength=2.0,nowcast_weeks=4,ed_transform=logit,loss_weights=flu_hosp_ed,spatial=neighbors,decoder=quantile,width=96,epochs=240,patience=25,fit_partition=pathogen,covariate_encoder=summary,input_mode=scheduled_final,input_normalization=b0,evaluation_seasons=recent_two,actual_share=1.0,log_loss_weight=0.25",calibrated,flu_admissions_native,2024-2025,0.8414560314245554,0.04957367511921581,2
"pilot_method=joint,forecast_targets=flu,pathogen_inputs=flu,correction_weeks=2,reporting_random_strength=1,joint_weight=0.1,correction_penalty=3.0,reporting_missingness=0,nowcast_weeks=4,ed_transform=logit,loss_weights=flu_hosp_ed,spatial=neighbors,sum_wis_weight=0.25,width=96,epochs=240,patience=25,lr=0.0005,fit_partition=pathogen,covariate_encoder=summary,signal_features=multiscale,input_mode=scheduled_final,input_normalization=b0,evaluation_seasons=recent_two,actual_share=0.25",half,flu_admissions_native,2024-2025,0.8430027243321332,0.2097578358074241,2
"pilot_method=joint,pilot_nowcaster=real_tree,forecast_targets=flu,pathogen_inputs=flu,ili_units=flu_scaled,ili_steps=1200,correction_weeks=3,ili_training=pretrain,joint_weight=0.1,correction_penalty=3.0,reporting_strength=1.5,nowcast_weeks=4,lookback=10,ed_transform=logit,loss_weights=flu_hosp_ed,spatial=neighbors,decoder=quantile,latent=32,epochs=240,patience=25,lr=0.0005,fit_partition=pathogen,covariate_encoder=summary,input_mode=scheduled_final,input_normalization=b0,evaluation_seasons=recent_two,actual_share=0.5,nowcast_noise=1.0",half,flu_admissions_native,2024-2025,0.8439668194064869,0.033875889029959694,2
"pilot_method=two_stage,pilot_nowcaster=real_tree,forecast_targets=flu,pathogen_inputs=flu,ili_units=flu_scaled,ili_steps=1200,correction_weeks=1,ili_training=pretrain,joint_weight=0.05,correction_penalty=30.0,correction_strength=0.75,reporting_strength=2.0,lookback=10,count_transform=sqrt,ed_transform=logit,loss_weights=flu_hosp_ed,width=96,epochs=160,patience=25,batch_size=16,fit_partition=pathogen,covariate_encoder=summary,signal_features=multiscale,covariate_set=kinsa,input_mode=scheduled_final,input_normalization=b0,evaluation_seasons=recent_two,correction_realizations=2,uncorrected_share=0.1",raw,flu_admissions_native,2024-2025,0.8512882945918128,0.10841366576832426,2
"pilot_method=joint,forecast_targets=flu,pathogen_inputs=flu,correction_weeks=3,reporting_random_strength=1,joint_weight=0.1,correction_penalty=3.0,reporting_strength=2.0,nowcast_weeks=4,ed_transform=logit,loss_weights=flu_hosp_ed,spatial=neighbors,decoder=quantile,width=96,epochs=240,patience=25,fit_partition=pathogen,covariate_encoder=summary,input_mode=scheduled_final,input_normalization=b0,evaluation_seasons=recent_two,actual_share=1.0,log_loss_weight=0.25",corrected,flu_admissions_native,2024-2025,0.8545494316522545,0.06227034017359641,2
"pilot_method=joint,forecast_targets=flu,pathogen_inputs=flu,correction_weeks=2,joint_weight=0.1,correction_penalty=3.0,reporting_missingness=0,nowcast_weeks=4,ed_transform=logit,loss_weights=flu_hosp_ed,spatial=neighbors,decoder=quantile,width=96,epochs=240,patience=25,lr=0.0005,fit_partition=pathogen,covariate_encoder=summary,input_mode=scheduled_final,input_normalization=b0,evaluation_seasons=recent_two",calibrated,flu_admissions_native,2024-2025,0.8553153759319727,0.10538672167360433,2
"pilot_method=two_stage,pilot_nowcaster=real_tree,forecast_targets=flu,pathogen_inputs=flu,correction_weeks=2,joint_weight=0.05,correction_penalty=30.0,reporting_missingness=0,count_transform=sqrt,ed_transform=logit,loss_weights=flu_hosp_ed,width=96,epochs=160,patience=25,lr=0.002,fit_partition=pathogen,covariate_encoder=summary,covariate_set=kinsa,input_mode=scheduled_final,input_normalization=b0,evaluation_seasons=recent_two,log_loss_weight=0.5",corrected,flu_admissions_native,2024-2025,0.8584837549137794,0.05303302049462941,2
"pilot_method=joint,forecast_targets=flu,pathogen_inputs=flu,correction_weeks=2,reporting_random_strength=1,joint_weight=0.1,correction_penalty=3.0,reporting_missingness=0,nowcast_weeks=4,ed_transform=logit,loss_weights=flu_hosp_ed,spatial=neighbors,sum_wis_weight=0.25,width=96,epochs=240,patience=25,lr=0.0005,fit_partition=pathogen,covariate_encoder=summary,signal_features=multiscale,input_mode=scheduled_final,input_normalization=b0,evaluation_seasons=recent_two,actual_share=0.25",raw,flu_admissions_native,2024-2025,0.86082994141173,0.22162289411037472,2
"pilot_method=two_stage,pilot_nowcaster=real_tree,forecast_targets=flu,pathogen_inputs=flu,correction_weeks=2,joint_weight=0.05,correction_penalty=30.0,reporting_missingness=0,count_transform=sqrt,ed_transform=logit,loss_weights=flu_hosp_ed,width=96,epochs=160,patience=25,lr=0.002,fit_partition=pathogen,covariate_encoder=summary,covariate_set=kinsa,input_mode=scheduled_final,input_normalization=b0,evaluation_seasons=recent_two",raw,flu_admissions_native,2024-2025,0.8662327695130962,0.05188918574264447,2
"pilot_method=two_stage,pilot_nowcaster=real_tree,forecast_targets=flu,pathogen_inputs=flu,correction_weeks=2,joint_weight=0.05,correction_penalty=30.0,reporting_missingness=0,count_transform=sqrt,ed_transform=logit,loss_weights=flu_hosp_ed,width=96,epochs=160,patience=25,batch_size=16,lr=0.002,fit_partition=pathogen,covariate_encoder=summary,covariate_set=kinsa,input_mode=scheduled_final,input_normalization=b0,evaluation_seasons=recent_two,actual_share=0.5,log_loss_weight=0.5",corrected,flu_admissions_native,2024-2025,0.8668592984203345,0.020411162745698066,2
"pilot_method=joint,forecast_targets=flu,pathogen_inputs=flu,correction_weeks=2,joint_weight=0.1,correction_penalty=3.0,reporting_missingness=0,nowcast_weeks=4,ed_transform=logit,loss_weights=flu_hosp_ed,spatial=neighbors,decoder=quantile,width=96,epochs=240,patience=25,lr=0.0005,fit_partition=pathogen,covariate_encoder=summary,input_mode=scheduled_final,input_normalization=b0,evaluation_seasons=recent_two",corrected,flu_admissions_native,2024-2025,0.8675713316920374,0.10831194794145431,2
"pilot_method=two_stage,pilot_nowcaster=real_tree,forecast_targets=flu,pathogen_inputs=flu,correction_weeks=2,joint_weight=0.05,correction_penalty=100.0,count_transform=sqrt,ed_transform=logit,loss_weights=flu_hosp_ed,spatial=distance,width=128,epochs=160,patience=25,lr=0.002,fit_partition=pathogen,weight_decay=3e-05,covariate_encoder=summary,covariate_set=kinsa,input_mode=scheduled_final,input_normalization=b0,evaluation_seasons=recent_two,actual_share=0.25,correction_realizations=4,uncorrected_share=0.1,log_loss_weight=1.0",half,flu_admissions_native,2024-2025,0.8696906457041341,0.08246170404788135,2
"pilot_method=two_stage,pilot_nowcaster=real_tree,forecast_targets=flu,pathogen_inputs=flu,correction_weeks=2,joint_weight=0.05,correction_penalty=30.0,reporting_missingness=0,count_transform=sqrt,ed_transform=logit,loss_weights=flu_hosp_ed,width=96,epochs=160,patience=25,lr=0.002,fit_partition=pathogen,covariate_encoder=summary,covariate_set=kinsa,input_mode=scheduled_final,input_normalization=b0,evaluation_seasons=recent_two,actual_share=0.5",raw,flu_admissions_native,2024-2025,0.87013444810809,0.06895218070001581,2
"pilot_method=joint,forecast_targets=flu,pathogen_inputs=flu,correction_weeks=3,reporting_random_strength=1,joint_weight=0.1,correction_penalty=3.0,reporting_strength=2.0,nowcast_weeks=4,ed_transform=logit,loss_weights=flu_hosp_ed,spatial=neighbors,decoder=quantile,width=96,epochs=240,patience=25,fit_partition=pathogen,covariate_encoder=summary,input_mode=scheduled_final,input_normalization=b0,evaluation_seasons=recent_two,actual_share=1.0,log_loss_weight=0.25",half,flu_admissions_native,2024-2025,0.8710784755672024,0.06661936041179262,2
"pilot_method=joint,pilot_nowcaster=real_tree,forecast_targets=flu,pathogen_inputs=flu,ili_units=flu_scaled,ili_steps=1200,correction_weeks=3,ili_training=pretrain,joint_weight=0.1,correction_penalty=3.0,reporting_strength=1.5,nowcast_weeks=4,lookback=10,ed_transform=logit,loss_weights=flu_hosp_ed,spatial=neighbors,decoder=quantile,latent=32,epochs=240,patience=25,lr=0.0005,fit_partition=pathogen,covariate_encoder=summary,input_mode=scheduled_final,input_normalization=b0,evaluation_seasons=recent_two,actual_share=0.5,nowcast_noise=1.0",raw,flu_admissions_native,2024-2025,0.8792614130765738,0.040377955649545154,2
"pilot_method=joint,forecast_targets=flu,pathogen_inputs=flu,correction_weeks=3,reporting_random_strength=1,joint_weight=0.1,correction_penalty=3.0,reporting_strength=2.0,nowcast_weeks=4,ed_transform=logit,loss_weights=flu_hosp_ed,spatial=neighbors,decoder=quantile,width=96,epochs=240,patience=25,fit_partition=pathogen,covariate_encoder=summary,input_mode=scheduled_final,input_normalization=b0,evaluation_seasons=recent_two,actual_share=1.0,log_loss_weight=0.25",raw,flu_admissions_native,2024-2025,0.8897945960122298,0.0709548905394963,2
"pilot_method=joint,forecast_targets=flu,pathogen_inputs=flu,correction_weeks=2,joint_weight=0.1,correction_penalty=3.0,reporting_missingness=0,nowcast_weeks=4,ed_transform=logit,loss_weights=flu_hosp_ed,spatial=neighbors,decoder=quantile,width=96,epochs=240,patience=25,lr=0.0005,fit_partition=pathogen,covariate_encoder=summary,input_mode=scheduled_final,input_normalization=b0,evaluation_seasons=recent_two",half,flu_admissions_native,2024-2025,0.9000446311676327,0.12112831281611057,2
"pilot_method=two_stage,pilot_nowcaster=real_tree,forecast_targets=flu,pathogen_inputs=flu,correction_weeks=2,joint_weight=0.05,correction_penalty=30.0,reporting_missingness=0,count_transform=sqrt,ed_transform=logit,loss_weights=flu_hosp_ed,width=96,epochs=160,patience=25,lr=0.002,fit_partition=pathogen,covariate_encoder=summary,covariate_set=kinsa,input_mode=scheduled_final,input_normalization=b0,evaluation_seasons=recent_two,log_loss_weight=0.5",half,flu_admissions_native,2024-2025,0.905646292188368,0.05267961939181399,2
"pilot_method=two_stage,pilot_nowcaster=real_tree,forecast_targets=flu,pathogen_inputs=flu,correction_weeks=2,joint_weight=0.05,correction_penalty=30.0,reporting_missingness=0,count_transform=sqrt,ed_transform=logit,loss_weights=flu_hosp_ed,width=96,epochs=160,patience=25,batch_size=16,lr=0.002,fit_partition=pathogen,covariate_encoder=summary,covariate_set=kinsa,input_mode=scheduled_final,input_normalization=b0,evaluation_seasons=recent_two,actual_share=0.5,log_loss_weight=0.5",half,flu_admissions_native,2024-2025,0.9155320498654251,0.021495180067939268,2
"pilot_method=two_stage,pilot_nowcaster=real_tree,forecast_targets=flu,pathogen_inputs=flu,correction_weeks=2,joint_weight=0.05,correction_penalty=100.0,count_transform=sqrt,ed_transform=logit,loss_weights=flu_hosp_ed,spatial=distance,width=128,epochs=160,patience=25,lr=0.002,fit_partition=pathogen,weight_decay=3e-05,covariate_encoder=summary,covariate_set=kinsa,input_mode=scheduled_final,input_normalization=b0,evaluation_seasons=recent_two,actual_share=0.25,correction_realizations=4,uncorrected_share=0.1,log_loss_weight=1.0",raw,flu_admissions_native,2024-2025,0.9207857612760826,0.08124928600834228,2
"pilot_method=joint,forecast_targets=flu,pathogen_inputs=flu,correction_weeks=2,joint_weight=0.1,correction_penalty=3.0,reporting_missingness=0,nowcast_weeks=4,ed_transform=logit,loss_weights=flu_hosp_ed,spatial=neighbors,decoder=quantile,width=96,epochs=240,patience=25,lr=0.0005,fit_partition=pathogen,covariate_encoder=summary,input_mode=scheduled_final,input_normalization=b0,evaluation_seasons=recent_two",raw,flu_admissions_native,2024-2025,0.941304785188088,0.13246715074657814,2
"pilot_method=two_stage,pilot_nowcaster=real_tree,forecast_targets=flu,pathogen_inputs=flu,correction_weeks=2,joint_weight=0.05,correction_penalty=30.0,reporting_missingness=0,count_transform=sqrt,ed_transform=logit,loss_weights=flu_hosp_ed,width=96,epochs=160,patience=25,lr=0.002,fit_partition=pathogen,covariate_encoder=summary,covariate_set=kinsa,input_mode=scheduled_final,input_normalization=b0,evaluation_seasons=recent_two,log_loss_weight=0.5",raw,flu_admissions_native,2024-2025,0.9635094617943545,0.05108860598373298,2
"pilot_method=two_stage,pilot_nowcaster=real_tree,forecast_targets=flu,pathogen_inputs=flu,correction_weeks=2,joint_weight=0.05,correction_penalty=30.0,reporting_missingness=0,count_transform=sqrt,ed_transform=logit,loss_weights=flu_hosp_ed,width=96,epochs=160,patience=25,batch_size=16,lr=0.002,fit_partition=pathogen,covariate_encoder=summary,covariate_set=kinsa,input_mode=scheduled_final,input_normalization=b0,evaluation_seasons=recent_two,actual_share=0.5,log_loss_weight=0.5",raw,flu_admissions_native,2024-2025,0.9747199613069641,0.022289726720064428,2
"pilot_method=joint,forecast_targets=flu,pathogen_inputs=flu,correction_weeks=3,growth_anchor=1,joint_weight=0.1,correction_penalty=3.0,reporting_missingness=0,reporting_method=synchronous_log,reporting_strength=2.0,nowcast_weeks=4,lookback=10,ed_transform=logit,loss_weights=flu_hosp_ed,spatial=neighbors,decoder=residual2,sum_wis_weight=0.5,us_error=shared_factor,width=96,epochs=240,patience=25,batch_size=4,lr=0.0005,fit_partition=pathogen,covariate_encoder=summary,input_mode=scheduled_final,input_normalization=b0,evaluation_seasons=recent_two,actual_share=0.5",corrected,flu_admissions_native,2024-2025,1.1449953204687837,0.13578653006034455,2
"pilot_method=joint,forecast_targets=flu,pathogen_inputs=flu,correction_weeks=3,growth_anchor=1,joint_weight=0.1,correction_penalty=3.0,reporting_missingness=0,reporting_method=synchronous_log,reporting_strength=2.0,nowcast_weeks=4,lookback=10,ed_transform=logit,loss_weights=flu_hosp_ed,spatial=neighbors,decoder=residual2,sum_wis_weight=0.5,us_error=shared_factor,width=96,epochs=240,patience=25,batch_size=4,lr=0.0005,fit_partition=pathogen,covariate_encoder=summary,input_mode=scheduled_final,input_normalization=b0,evaluation_seasons=recent_two,actual_share=0.5",calibrated,flu_admissions_native,2024-2025,1.1659538509643972,0.1761729156960061,2
"pilot_method=joint,forecast_targets=flu,pathogen_inputs=flu,correction_weeks=3,growth_anchor=1,joint_weight=0.1,correction_penalty=3.0,reporting_missingness=0,reporting_method=synchronous_log,reporting_strength=2.0,nowcast_weeks=4,lookback=10,ed_transform=logit,loss_weights=flu_hosp_ed,spatial=neighbors,decoder=residual2,sum_wis_weight=0.5,us_error=shared_factor,width=96,epochs=240,patience=25,batch_size=4,lr=0.0005,fit_partition=pathogen,covariate_encoder=summary,input_mode=scheduled_final,input_normalization=b0,evaluation_seasons=recent_two,actual_share=0.5",half,flu_admissions_native,2024-2025,1.1916906660123803,0.14284757905736686,2
"pilot_method=joint,forecast_targets=flu,pathogen_inputs=flu,correction_weeks=3,growth_anchor=1,joint_weight=0.1,correction_penalty=3.0,reporting_missingness=0,reporting_method=synchronous_log,reporting_strength=2.0,nowcast_weeks=4,lookback=10,ed_transform=logit,loss_weights=flu_hosp_ed,spatial=neighbors,decoder=residual2,sum_wis_weight=0.5,us_error=shared_factor,width=96,epochs=240,patience=25,batch_size=4,lr=0.0005,fit_partition=pathogen,covariate_encoder=summary,input_mode=scheduled_final,input_normalization=b0,evaluation_seasons=recent_two,actual_share=0.5",raw,flu_admissions_native,2024-2025,1.2465490698070374,0.15060271038694656,2
"pilot_method=two_stage,pilot_nowcaster=real_tree,forecast_targets=flu,pathogen_inputs=flu,ili_units=flu_scaled,ili_steps=1200,correction_weeks=1,ili_training=pretrain,joint_weight=0.05,correction_penalty=30.0,correction_strength=0.75,reporting_strength=2.0,lookback=10,count_transform=sqrt,ed_transform=logit,loss_weights=flu_hosp_ed,width=96,epochs=160,patience=25,batch_size=16,fit_partition=pathogen,covariate_encoder=summary,signal_features=multiscale,covariate_set=kinsa,input_mode=scheduled_final,input_normalization=b0,evaluation_seasons=recent_two,correction_realizations=2,uncorrected_share=0.1",raw,flu_admissions_native,2025-2026,0.7455673718421915,0.005254680028394223,2
"pilot_method=two_stage,pilot_nowcaster=real_tree,forecast_targets=flu,pathogen_inputs=flu,ili_units=flu_scaled,ili_steps=1200,correction_weeks=1,ili_training=pretrain,joint_weight=0.05,correction_penalty=30.0,correction_strength=0.75,reporting_strength=2.0,lookback=10,count_transform=sqrt,ed_transform=logit,loss_weights=flu_hosp_ed,width=96,epochs=160,patience=25,batch_size=16,fit_partition=pathogen,covariate_encoder=summary,signal_features=multiscale,covariate_set=kinsa,input_mode=scheduled_final,input_normalization=b0,evaluation_seasons=recent_two,correction_realizations=2,uncorrected_share=0.1",half,flu_admissions_native,2025-2026,0.7582679580320193,0.00971674753985407,2
"pilot_method=two_stage,pilot_nowcaster=real_tree,forecast_targets=flu,pathogen_inputs=flu,ili_units=flu_scaled,ili_steps=1200,correction_weeks=1,ili_training=pretrain,joint_weight=0.05,correction_penalty=30.0,correction_strength=0.75,reporting_strength=2.0,lookback=10,count_transform=sqrt,ed_transform=logit,loss_weights=flu_hosp_ed,width=96,epochs=160,patience=25,batch_size=16,fit_partition=pathogen,covariate_encoder=summary,signal_features=multiscale,covariate_set=kinsa,input_mode=scheduled_final,input_normalization=b0,evaluation_seasons=recent_two,correction_realizations=2,uncorrected_share=0.1",corrected,flu_admissions_native,2025-2026,0.775903616126548,0.01510212307147372,2
"pilot_method=two_stage,pilot_nowcaster=real_tree,forecast_targets=flu,pathogen_inputs=flu,ili_units=flu_scaled,ili_steps=1200,correction_weeks=1,ili_training=pretrain,joint_weight=0.05,correction_penalty=30.0,correction_strength=0.75,reporting_strength=2.0,lookback=10,count_transform=sqrt,ed_transform=logit,loss_weights=flu_hosp_ed,width=96,epochs=160,patience=25,batch_size=16,fit_partition=pathogen,covariate_encoder=summary,signal_features=multiscale,covariate_set=kinsa,input_mode=scheduled_final,input_normalization=b0,evaluation_seasons=recent_two,correction_realizations=2,uncorrected_share=0.1",calibrated,flu_admissions_native,2025-2026,0.7864003031233475,0.027843624884001307,2
"pilot_method=two_stage,pilot_nowcaster=real_tree,forecast_targets=flu,pathogen_inputs=flu,correction_weeks=2,joint_weight=0.05,correction_penalty=30.0,reporting_missingness=0,count_transform=sqrt,ed_transform=logit,loss_weights=flu_hosp_ed,width=96,epochs=160,patience=25,lr=0.002,fit_partition=pathogen,covariate_encoder=summary,covariate_set=kinsa,input_mode=scheduled_final,input_normalization=b0,evaluation_seasons=recent_two,actual_share=0.5",calibrated,flu_admissions_native,2025-2026,0.7971317959865343,0.04868772339553243,2
"pilot_method=two_stage,pilot_nowcaster=real_tree,forecast_targets=flu,pathogen_inputs=flu,correction_weeks=2,joint_weight=0.05,correction_penalty=30.0,reporting_missingness=0,count_transform=sqrt,ed_transform=logit,loss_weights=flu_hosp_ed,width=96,epochs=160,patience=25,lr=0.002,fit_partition=pathogen,covariate_encoder=summary,covariate_set=kinsa,input_mode=scheduled_final,input_normalization=b0,evaluation_seasons=recent_two",raw,flu_admissions_native,2025-2026,0.797499311746493,0.016582832827470338,2
"pilot_method=two_stage,pilot_nowcaster=real_tree,forecast_targets=flu,pathogen_inputs=flu,correction_weeks=2,joint_weight=0.05,correction_penalty=30.0,reporting_missingness=0,count_transform=sqrt,ed_transform=logit,loss_weights=flu_hosp_ed,width=96,epochs=160,patience=25,lr=0.002,fit_partition=pathogen,covariate_encoder=summary,covariate_set=kinsa,input_mode=scheduled_final,input_normalization=b0,evaluation_seasons=recent_two",half,flu_admissions_native,2025-2026,0.7982381749935394,0.002039998098857813,2
"pilot_method=two_stage,pilot_nowcaster=real_tree,forecast_targets=flu,pathogen_inputs=flu,correction_weeks=2,joint_weight=0.05,correction_penalty=30.0,reporting_missingness=0,count_transform=sqrt,ed_transform=logit,loss_weights=flu_hosp_ed,width=96,epochs=160,patience=25,lr=0.002,fit_partition=pathogen,covariate_encoder=summary,covariate_set=kinsa,input_mode=scheduled_final,input_normalization=b0,evaluation_seasons=recent_two,actual_share=0.5",corrected,flu_admissions_native,2025-2026,0.8005952582419291,0.049218990593599514,2
"pilot_method=two_stage,pilot_nowcaster=real_tree,forecast_targets=flu,pathogen_inputs=flu,correction_weeks=2,joint_weight=0.05,correction_penalty=30.0,reporting_missingness=0,count_transform=sqrt,ed_transform=logit,loss_weights=flu_hosp_ed,width=96,epochs=160,patience=25,lr=0.002,fit_partition=pathogen,covariate_encoder=summary,covariate_set=kinsa,input_mode=scheduled_final,input_normalization=b0,evaluation_seasons=recent_two",corrected,flu_admissions_native,2025-2026,0.8058440537559028,0.014972033771973748,2
"pilot_method=two_stage,pilot_nowcaster=real_tree,forecast_targets=flu,pathogen_inputs=flu,correction_weeks=2,joint_weight=0.05,correction_penalty=30.0,reporting_missingness=0,count_transform=sqrt,ed_transform=logit,loss_weights=flu_hosp_ed,width=96,epochs=160,patience=25,lr=0.002,fit_partition=pathogen,covariate_encoder=summary,covariate_set=kinsa,input_mode=scheduled_final,input_normalization=b0,evaluation_seasons=recent_two",calibrated,flu_admissions_native,2025-2026,0.8116380089219832,0.004345061789618299,2
"pilot_method=two_stage,pilot_nowcaster=real_tree,forecast_targets=flu,pathogen_inputs=flu,correction_weeks=2,joint_weight=0.05,correction_penalty=30.0,reporting_missingness=0,count_transform=sqrt,ed_transform=logit,loss_weights=flu_hosp_ed,width=96,epochs=160,patience=25,lr=0.002,fit_partition=pathogen,covariate_encoder=summary,covariate_set=kinsa,input_mode=scheduled_final,input_normalization=b0,evaluation_seasons=recent_two,actual_share=0.5",half,flu_admissions_native,2025-2026,0.8135873051640727,0.0489739080241243,2
"pilot_method=two_stage,pilot_nowcaster=real_tree,forecast_targets=flu,pathogen_inputs=flu,correction_weeks=2,joint_weight=0.05,correction_penalty=30.0,reporting_missingness=0,count_transform=sqrt,ed_transform=logit,loss_weights=flu_hosp_ed,width=96,epochs=160,patience=25,batch_size=16,lr=0.002,fit_partition=pathogen,covariate_encoder=summary,covariate_set=kinsa,input_mode=scheduled_final,input_normalization=b0,evaluation_seasons=recent_two,actual_share=0.5,log_loss_weight=0.5",half,flu_admissions_native,2025-2026,0.8169226036321982,0.03119229886349318,2
"pilot_method=joint,pilot_nowcaster=real_tree,forecast_targets=flu,pathogen_inputs=flu,ili_units=flu_scaled,ili_steps=1200,correction_weeks=3,ili_training=pretrain,joint_weight=0.1,correction_penalty=3.0,reporting_strength=1.5,nowcast_weeks=4,lookback=10,ed_transform=logit,loss_weights=flu_hosp_ed,spatial=neighbors,decoder=quantile,latent=32,epochs=240,patience=25,lr=0.0005,fit_partition=pathogen,covariate_encoder=summary,input_mode=scheduled_final,input_normalization=b0,evaluation_seasons=recent_two,actual_share=0.5,nowcast_noise=1.0",raw,flu_admissions_native,2025-2026,0.8174790014339033,0.04953416762985779,2
"pilot_method=joint,forecast_targets=flu,pathogen_inputs=flu,correction_weeks=2,reporting_random_strength=1,joint_weight=0.1,correction_penalty=3.0,reporting_missingness=0,nowcast_weeks=4,ed_transform=logit,loss_weights=flu_hosp_ed,spatial=neighbors,sum_wis_weight=0.25,width=96,epochs=240,patience=25,lr=0.0005,fit_partition=pathogen,covariate_encoder=summary,signal_features=multiscale,input_mode=scheduled_final,input_normalization=b0,evaluation_seasons=recent_two,actual_share=0.25",calibrated,flu_admissions_native,2025-2026,0.8180680338336478,0.12514068672086925,2
"pilot_method=two_stage,pilot_nowcaster=real_tree,forecast_targets=flu,pathogen_inputs=flu,correction_weeks=2,joint_weight=0.05,correction_penalty=30.0,reporting_missingness=0,count_transform=sqrt,ed_transform=logit,loss_weights=flu_hosp_ed,width=96,epochs=160,patience=25,batch_size=16,lr=0.002,fit_partition=pathogen,covariate_encoder=summary,covariate_set=kinsa,input_mode=scheduled_final,input_normalization=b0,evaluation_seasons=recent_two,actual_share=0.5,log_loss_weight=0.5",raw,flu_admissions_native,2025-2026,0.8183979600440513,0.020620695230808797,2
"pilot_method=two_stage,pilot_nowcaster=real_tree,forecast_targets=flu,pathogen_inputs=flu,correction_weeks=2,joint_weight=0.05,correction_penalty=30.0,reporting_missingness=0,count_transform=sqrt,ed_transform=logit,loss_weights=flu_hosp_ed,width=96,epochs=160,patience=25,batch_size=16,lr=0.002,fit_partition=pathogen,covariate_encoder=summary,covariate_set=kinsa,input_mode=scheduled_final,input_normalization=b0,evaluation_seasons=recent_two,actual_share=0.5,log_loss_weight=0.5",corrected,flu_admissions_native,2025-2026,0.8228227539229563,0.04242669237471327,2
"pilot_method=joint,forecast_targets=flu,pathogen_inputs=flu,correction_weeks=2,reporting_random_strength=1,joint_weight=0.1,correction_penalty=3.0,reporting_missingness=0,nowcast_weeks=4,ed_transform=logit,loss_weights=flu_hosp_ed,spatial=neighbors,sum_wis_weight=0.25,width=96,epochs=240,patience=25,lr=0.0005,fit_partition=pathogen,covariate_encoder=summary,signal_features=multiscale,input_mode=scheduled_final,input_normalization=b0,evaluation_seasons=recent_two,actual_share=0.25",raw,flu_admissions_native,2025-2026,0.8229862050378116,0.09871225949539054,2
"pilot_method=joint,forecast_targets=flu,pathogen_inputs=flu,correction_weeks=2,reporting_random_strength=1,joint_weight=0.1,correction_penalty=3.0,reporting_missingness=0,nowcast_weeks=4,ed_transform=logit,loss_weights=flu_hosp_ed,spatial=neighbors,sum_wis_weight=0.25,width=96,epochs=240,patience=25,lr=0.0005,fit_partition=pathogen,covariate_encoder=summary,signal_features=multiscale,input_mode=scheduled_final,input_normalization=b0,evaluation_seasons=recent_two,actual_share=0.25",half,flu_admissions_native,2025-2026,0.8232220049345041,0.10804294698879277,2
"pilot_method=joint,forecast_targets=flu,pathogen_inputs=flu,correction_weeks=2,reporting_random_strength=1,joint_weight=0.1,correction_penalty=3.0,reporting_missingness=0,nowcast_weeks=4,ed_transform=logit,loss_weights=flu_hosp_ed,spatial=neighbors,sum_wis_weight=0.25,width=96,epochs=240,patience=25,lr=0.0005,fit_partition=pathogen,covariate_encoder=summary,signal_features=multiscale,input_mode=scheduled_final,input_normalization=b0,evaluation_seasons=recent_two,actual_share=0.25",corrected,flu_admissions_native,2025-2026,0.8272517123233086,0.11778583153424625,2
"pilot_method=two_stage,pilot_nowcaster=real_tree,forecast_targets=flu,pathogen_inputs=flu,correction_weeks=2,joint_weight=0.05,correction_penalty=30.0,reporting_missingness=0,count_transform=sqrt,ed_transform=logit,loss_weights=flu_hosp_ed,width=96,epochs=160,patience=25,batch_size=16,lr=0.002,fit_partition=pathogen,covariate_encoder=summary,covariate_set=kinsa,input_mode=scheduled_final,input_normalization=b0,evaluation_seasons=recent_two,actual_share=0.5,log_loss_weight=0.5",calibrated,flu_admissions_native,2025-2026,0.8283734116683776,0.05631165740231627,2
"pilot_method=two_stage,pilot_nowcaster=real_tree,forecast_targets=flu,pathogen_inputs=flu,correction_weeks=2,joint_weight=0.05,correction_penalty=30.0,reporting_missingness=0,count_transform=sqrt,ed_transform=logit,loss_weights=flu_hosp_ed,width=96,epochs=160,patience=25,lr=0.002,fit_partition=pathogen,covariate_encoder=summary,covariate_set=kinsa,input_mode=scheduled_final,input_normalization=b0,evaluation_seasons=recent_two,actual_share=0.5",raw,flu_admissions_native,2025-2026,0.8345876078612864,0.049228034017691866,2
"pilot_method=joint,pilot_nowcaster=real_tree,forecast_targets=flu,pathogen_inputs=flu,ili_units=flu_scaled,ili_steps=1200,correction_weeks=3,ili_training=pretrain,joint_weight=0.1,correction_penalty=3.0,reporting_strength=1.5,nowcast_weeks=4,lookback=10,ed_transform=logit,loss_weights=flu_hosp_ed,spatial=neighbors,decoder=quantile,latent=32,epochs=240,patience=25,lr=0.0005,fit_partition=pathogen,covariate_encoder=summary,input_mode=scheduled_final,input_normalization=b0,evaluation_seasons=recent_two,actual_share=0.5,nowcast_noise=1.0",half,flu_admissions_native,2025-2026,0.8366516421529098,0.06716535317539477,2
"pilot_method=joint,forecast_targets=flu,pathogen_inputs=flu,correction_weeks=3,reporting_random_strength=1,joint_weight=0.1,correction_penalty=3.0,reporting_strength=2.0,nowcast_weeks=4,ed_transform=logit,loss_weights=flu_hosp_ed,spatial=neighbors,decoder=quantile,width=96,epochs=240,patience=25,fit_partition=pathogen,covariate_encoder=summary,input_mode=scheduled_final,input_normalization=b0,evaluation_seasons=recent_two,actual_share=1.0,log_loss_weight=0.25",calibrated,flu_admissions_native,2025-2026,0.8393132809495174,0.04641613821187423,2
"pilot_method=two_stage,pilot_nowcaster=real_tree,forecast_targets=flu,pathogen_inputs=flu,correction_weeks=2,joint_weight=0.05,correction_penalty=100.0,count_transform=sqrt,ed_transform=logit,loss_weights=flu_hosp_ed,spatial=distance,width=128,epochs=160,patience=25,lr=0.002,fit_partition=pathogen,weight_decay=3e-05,covariate_encoder=summary,covariate_set=kinsa,input_mode=scheduled_final,input_normalization=b0,evaluation_seasons=recent_two,actual_share=0.25,correction_realizations=4,uncorrected_share=0.1,log_loss_weight=1.0",raw,flu_admissions_native,2025-2026,0.846766358859723,0.03189769816621737,2
"pilot_method=joint,forecast_targets=flu,pathogen_inputs=flu,correction_weeks=2,joint_weight=0.1,correction_penalty=3.0,reporting_missingness=0,nowcast_weeks=4,ed_transform=logit,loss_weights=flu_hosp_ed,spatial=neighbors,sum_wis_weight=0.25,width=96,epochs=240,patience=25,lr=0.0005,fit_partition=pathogen,covariate_encoder=summary,input_mode=scheduled_final,input_normalization=b0,evaluation_seasons=recent_two",raw,flu_admissions_native,2025-2026,0.8468242332417855,0.006210187463664152,2
"pilot_method=joint,forecast_targets=flu,pathogen_inputs=flu,correction_weeks=2,joint_weight=0.1,correction_penalty=3.0,reporting_missingness=0,nowcast_weeks=4,ed_transform=logit,loss_weights=flu_hosp_ed,spatial=neighbors,decoder=quantile,width=96,epochs=240,patience=25,lr=0.0005,fit_partition=pathogen,covariate_encoder=summary,input_mode=scheduled_final,input_normalization=b0,evaluation_seasons=recent_two,actual_share=1.0",calibrated,flu_admissions_native,2025-2026,0.8473337249313276,0.053509030917438506,2
"pilot_method=joint,forecast_targets=flu,pathogen_inputs=flu,correction_weeks=2,joint_weight=0.1,correction_penalty=3.0,reporting_missingness=0,nowcast_weeks=4,ed_transform=logit,loss_weights=flu_hosp_ed,spatial=neighbors,decoder=quantile,width=96,epochs=240,patience=25,lr=0.0005,fit_partition=pathogen,covariate_encoder=summary,input_mode=scheduled_final,input_normalization=b0,evaluation_seasons=recent_two",half,flu_admissions_native,2025-2026,0.8486062242192016,0.09071286060382062,2
"pilot_method=joint,forecast_targets=flu,pathogen_inputs=flu,correction_weeks=2,joint_weight=0.1,correction_penalty=3.0,reporting_missingness=0,nowcast_weeks=4,ed_transform=logit,loss_weights=flu_hosp_ed,spatial=neighbors,decoder=quantile,width=96,epochs=240,patience=25,lr=0.0005,fit_partition=pathogen,covariate_encoder=summary,input_mode=scheduled_final,input_normalization=b0,evaluation_seasons=recent_two",raw,flu_admissions_native,2025-2026,0.848753088808363,0.09044527658453594,2
"pilot_method=joint,forecast_targets=flu,pathogen_inputs=flu,correction_weeks=2,joint_weight=0.1,correction_penalty=3.0,reporting_missingness=0,nowcast_weeks=4,ed_transform=logit,loss_weights=flu_hosp_ed,spatial=neighbors,decoder=quantile,width=96,epochs=240,patience=25,lr=0.0005,fit_partition=pathogen,covariate_encoder=summary,input_mode=scheduled_final,input_normalization=b0,evaluation_seasons=recent_two",calibrated,flu_admissions_native,2025-2026,0.8503045342806164,0.08921548489615676,2
"pilot_method=joint,forecast_targets=flu,pathogen_inputs=flu,correction_weeks=2,joint_weight=0.1,correction_penalty=3.0,reporting_missingness=0,nowcast_weeks=4,ed_transform=logit,loss_weights=flu_hosp_ed,spatial=neighbors,decoder=quantile,width=96,epochs=240,patience=25,lr=0.0005,fit_partition=pathogen,covariate_encoder=summary,input_mode=scheduled_final,input_normalization=b0,evaluation_seasons=recent_two,actual_share=1.0",raw,flu_admissions_native,2025-2026,0.8520269484713752,0.046401441830991264,2
"pilot_method=joint,forecast_targets=flu,pathogen_inputs=flu,correction_weeks=3,reporting_random_strength=1,joint_weight=0.1,correction_penalty=3.0,reporting_strength=2.0,nowcast_weeks=4,ed_transform=logit,loss_weights=flu_hosp_ed,spatial=neighbors,decoder=quantile,width=96,epochs=240,patience=25,fit_partition=pathogen,covariate_encoder=summary,input_mode=scheduled_final,input_normalization=b0,evaluation_seasons=recent_two,actual_share=1.0,log_loss_weight=0.25",half,flu_admissions_native,2025-2026,0.8527132512309478,0.03655772604625572,2
"pilot_method=joint,forecast_targets=flu,pathogen_inputs=flu,correction_weeks=3,reporting_random_strength=1,joint_weight=0.1,correction_penalty=3.0,reporting_strength=2.0,nowcast_weeks=4,ed_transform=logit,loss_weights=flu_hosp_ed,spatial=neighbors,decoder=quantile,width=96,epochs=240,patience=25,fit_partition=pathogen,covariate_encoder=summary,input_mode=scheduled_final,input_normalization=b0,evaluation_seasons=recent_two,actual_share=1.0,log_loss_weight=0.25",raw,flu_admissions_native,2025-2026,0.8533821027587883,0.03724796404684924,2
"pilot_method=joint,forecast_targets=flu,pathogen_inputs=flu,correction_weeks=2,joint_weight=0.1,correction_penalty=3.0,reporting_missingness=0,nowcast_weeks=4,ed_transform=logit,loss_weights=flu_hosp_ed,spatial=neighbors,decoder=quantile,width=96,epochs=240,patience=25,lr=0.0005,fit_partition=pathogen,covariate_encoder=summary,input_mode=scheduled_final,input_normalization=b0,evaluation_seasons=recent_two,actual_share=1.0",half,flu_admissions_native,2025-2026,0.8536468007857172,0.053240113090125135,2
"pilot_method=joint,forecast_targets=flu,pathogen_inputs=flu,correction_weeks=3,reporting_random_strength=1,joint_weight=0.1,correction_penalty=3.0,reporting_strength=2.0,nowcast_weeks=4,ed_transform=logit,loss_weights=flu_hosp_ed,spatial=neighbors,decoder=quantile,width=96,epochs=240,patience=25,fit_partition=pathogen,covariate_encoder=summary,input_mode=scheduled_final,input_normalization=b0,evaluation_seasons=recent_two,actual_share=1.0,log_loss_weight=0.25",corrected,flu_admissions_native,2025-2026,0.8543920362554622,0.035905815102489164,2
"pilot_method=joint,forecast_targets=flu,pathogen_inputs=flu,correction_weeks=2,joint_weight=0.1,correction_penalty=3.0,reporting_missingness=0,nowcast_weeks=4,ed_transform=logit,loss_weights=flu_hosp_ed,spatial=neighbors,decoder=quantile,width=96,epochs=240,patience=25,lr=0.0005,fit_partition=pathogen,covariate_encoder=summary,input_mode=scheduled_final,input_normalization=b0,evaluation_seasons=recent_two,actual_share=1.0",corrected,flu_admissions_native,2025-2026,0.8577264551560779,0.05994162325441934,2
"pilot_method=joint,forecast_targets=flu,pathogen_inputs=flu,correction_weeks=2,joint_weight=0.1,correction_penalty=3.0,reporting_missingness=0,nowcast_weeks=4,ed_transform=logit,loss_weights=flu_hosp_ed,spatial=neighbors,sum_wis_weight=0.25,width=96,epochs=240,patience=25,lr=0.0005,fit_partition=pathogen,covariate_encoder=summary,input_mode=scheduled_final,input_normalization=b0,evaluation_seasons=recent_two",half,flu_admissions_native,2025-2026,0.8577916168929638,0.017117658549542107,2
"pilot_method=joint,forecast_targets=flu,pathogen_inputs=flu,correction_weeks=2,joint_weight=0.1,correction_penalty=3.0,reporting_missingness=0,nowcast_weeks=4,ed_transform=logit,loss_weights=flu_hosp_ed,spatial=neighbors,decoder=quantile,width=96,epochs=240,patience=25,lr=0.0005,fit_partition=pathogen,covariate_encoder=summary,input_mode=scheduled_final,input_normalization=b0,evaluation_seasons=recent_two",corrected,flu_admissions_native,2025-2026,0.8614400939773834,0.09001651314094222,2
"pilot_method=joint,forecast_targets=flu,pathogen_inputs=flu,correction_weeks=2,reporting_random_strength=1,joint_weight=0.1,correction_penalty=300.0,reporting_missingness=0,nowcast_weeks=4,ed_transform=logit,loss_weights=flu_hosp_ed,spatial=neighbors,sum_wis_weight=0.25,width=96,epochs=240,patience=25,lr=0.0005,fit_partition=pathogen,covariate_encoder=summary,input_mode=scheduled_final,input_normalization=b0,evaluation_seasons=recent_two,actual_share=0.5,log_loss_weight=0.25",calibrated,flu_admissions_native,2025-2026,0.8615601700668629,0.027105789082882914,2
"pilot_method=two_stage,pilot_nowcaster=real_tree,forecast_targets=flu,pathogen_inputs=flu,correction_weeks=2,joint_weight=0.05,correction_penalty=100.0,count_transform=sqrt,ed_transform=logit,loss_weights=flu_hosp_ed,spatial=distance,width=128,epochs=160,patience=25,lr=0.002,fit_partition=pathogen,weight_decay=3e-05,covariate_encoder=summary,covariate_set=kinsa,input_mode=scheduled_final,input_normalization=b0,evaluation_seasons=recent_two,actual_share=0.25,correction_realizations=4,uncorrected_share=0.1,log_loss_weight=1.0",half,flu_admissions_native,2025-2026,0.8616164159368365,0.037124318501441426,2
"pilot_method=joint,pilot_nowcaster=real_tree,forecast_targets=flu,pathogen_inputs=flu,ili_units=flu_scaled,ili_steps=1200,correction_weeks=3,ili_training=pretrain,joint_weight=0.1,correction_penalty=3.0,reporting_strength=1.5,nowcast_weeks=4,lookback=10,ed_transform=logit,loss_weights=flu_hosp_ed,spatial=neighbors,decoder=quantile,latent=32,epochs=240,patience=25,lr=0.0005,fit_partition=pathogen,covariate_encoder=summary,input_mode=scheduled_final,input_normalization=b0,evaluation_seasons=recent_two,actual_share=0.5,nowcast_noise=1.0",calibrated,flu_admissions_native,2025-2026,0.8670435389385853,0.09223836363271168,2
"pilot_method=joint,pilot_nowcaster=real_tree,forecast_targets=flu,pathogen_inputs=flu,ili_units=flu_scaled,ili_steps=1200,correction_weeks=3,ili_training=pretrain,joint_weight=0.1,correction_penalty=3.0,reporting_strength=1.5,nowcast_weeks=4,lookback=10,ed_transform=logit,loss_weights=flu_hosp_ed,spatial=neighbors,decoder=quantile,latent=32,epochs=240,patience=25,lr=0.0005,fit_partition=pathogen,covariate_encoder=summary,input_mode=scheduled_final,input_normalization=b0,evaluation_seasons=recent_two,actual_share=0.5,nowcast_noise=1.0",corrected,flu_admissions_native,2025-2026,0.867274636163922,0.08609527399468843,2
"pilot_method=joint,forecast_targets=flu,pathogen_inputs=flu,correction_weeks=2,joint_weight=0.1,correction_penalty=3.0,reporting_missingness=0,nowcast_weeks=4,ed_transform=logit,loss_weights=flu_hosp_ed,spatial=neighbors,sum_wis_weight=0.25,width=96,epochs=240,patience=25,lr=0.0005,fit_partition=pathogen,covariate_encoder=summary,input_mode=scheduled_final,input_normalization=b0,evaluation_seasons=recent_two",calibrated,flu_admissions_native,2025-2026,0.870090607381794,0.023687854463146335,2
"pilot_method=two_stage,pilot_nowcaster=real_tree,forecast_targets=flu,pathogen_inputs=flu,correction_weeks=2,joint_weight=0.05,correction_penalty=100.0,count_transform=sqrt,ed_transform=logit,loss_weights=flu_hosp_ed,spatial=distance,width=128,epochs=160,patience=25,lr=0.002,fit_partition=pathogen,weight_decay=3e-05,covariate_encoder=summary,covariate_set=kinsa,input_mode=scheduled_final,input_normalization=b0,evaluation_seasons=recent_two,actual_share=0.25,correction_realizations=4,uncorrected_share=0.1,log_loss_weight=1.0",calibrated,flu_admissions_native,2025-2026,0.874817451500107,0.04250234098645804,2
"pilot_method=joint,forecast_targets=flu,pathogen_inputs=flu,correction_weeks=2,reporting_random_strength=1,joint_weight=0.1,correction_penalty=300.0,reporting_missingness=0,nowcast_weeks=4,ed_transform=logit,loss_weights=flu_hosp_ed,spatial=neighbors,sum_wis_weight=0.25,width=96,epochs=240,patience=25,lr=0.0005,fit_partition=pathogen,covariate_encoder=summary,input_mode=scheduled_final,input_normalization=b0,evaluation_seasons=recent_two,actual_share=0.5,log_loss_weight=0.25",half,flu_admissions_native,2025-2026,0.8770669321092881,0.04093308942113553,2
"pilot_method=joint,forecast_targets=flu,pathogen_inputs=flu,correction_weeks=2,reporting_random_strength=1,joint_weight=0.1,correction_penalty=300.0,reporting_missingness=0,nowcast_weeks=4,ed_transform=logit,loss_weights=flu_hosp_ed,spatial=neighbors,sum_wis_weight=0.25,width=96,epochs=240,patience=25,lr=0.0005,fit_partition=pathogen,covariate_encoder=summary,input_mode=scheduled_final,input_normalization=b0,evaluation_seasons=recent_two,actual_share=0.5,log_loss_weight=0.25",corrected,flu_admissions_native,2025-2026,0.8775575108860981,0.04462100298816613,2
"pilot_method=joint,forecast_targets=flu,pathogen_inputs=flu,correction_weeks=2,joint_weight=0.1,correction_penalty=3.0,reporting_missingness=0,nowcast_weeks=4,ed_transform=logit,loss_weights=flu_hosp_ed,spatial=neighbors,decoder=quantile,width=96,epochs=240,patience=25,batch_size=16,lr=0.0005,fit_partition=pathogen,covariate_encoder=summary,input_mode=scheduled_final,input_normalization=b0,evaluation_seasons=recent_two,actual_share=1.0",calibrated,flu_admissions_native,2025-2026,0.8785524666478473,0.06943861385586217,2
"pilot_method=joint,forecast_targets=flu,pathogen_inputs=flu,correction_weeks=2,reporting_random_strength=1,joint_weight=0.1,correction_penalty=300.0,reporting_missingness=0,nowcast_weeks=4,ed_transform=logit,loss_weights=flu_hosp_ed,spatial=neighbors,sum_wis_weight=0.25,width=96,epochs=240,patience=25,lr=0.0005,fit_partition=pathogen,covariate_encoder=summary,input_mode=scheduled_final,input_normalization=b0,evaluation_seasons=recent_two,actual_share=0.5,log_loss_weight=0.25",raw,flu_admissions_native,2025-2026,0.8800343949432923,0.03763804054265423,2
"pilot_method=joint,forecast_targets=flu,pathogen_inputs=flu,correction_weeks=2,joint_weight=0.1,correction_penalty=3.0,reporting_missingness=0,nowcast_weeks=4,ed_transform=logit,loss_weights=flu_hosp_ed,spatial=neighbors,sum_wis_weight=0.25,width=96,epochs=240,patience=25,lr=0.0005,fit_partition=pathogen,covariate_encoder=summary,input_mode=scheduled_final,input_normalization=b0,evaluation_seasons=recent_two",corrected,flu_admissions_native,2025-2026,0.8840767932811469,0.025650422826903618,2
"pilot_method=two_stage,pilot_nowcaster=real_tree,forecast_targets=flu,pathogen_inputs=flu,correction_weeks=2,joint_weight=0.05,correction_penalty=100.0,count_transform=sqrt,ed_transform=logit,loss_weights=flu_hosp_ed,spatial=distance,width=128,epochs=160,patience=25,lr=0.002,fit_partition=pathogen,weight_decay=3e-05,covariate_encoder=summary,covariate_set=kinsa,input_mode=scheduled_final,input_normalization=b0,evaluation_seasons=recent_two,actual_share=0.25,correction_realizations=4,uncorrected_share=0.1,log_loss_weight=1.0",corrected,flu_admissions_native,2025-2026,0.8846979518892719,0.043733655625518224,2
"pilot_method=joint,pilot_nowcaster=real_tree,forecast_targets=flu,pathogen_inputs=flu,ili_units=flu_scaled,ili_steps=1200,correction_weeks=3,ili_training=pretrain,joint_weight=0.1,correction_penalty=3.0,reporting_strength=1.5,nowcast_weeks=4,lookback=10,ed_transform=logit,loss_weights=flu_hosp_ed,spatial=neighbors,decoder=quantile,latent=32,epochs=240,patience=25,lr=0.0005,fit_partition=pathogen,covariate_encoder=summary,input_mode=scheduled_final,input_normalization=b0,evaluation_seasons=recent_two,actual_share=0.5,nowcast_noise=1.0",sampled,flu_admissions_native,2025-2026,0.8883494486849882,0.10068900024485473,2
"pilot_method=joint,forecast_targets=flu,pathogen_inputs=flu,correction_weeks=2,joint_weight=0.1,correction_penalty=3.0,reporting_missingness=0,nowcast_weeks=4,ed_transform=logit,loss_weights=flu_hosp_ed,spatial=neighbors,decoder=quantile,width=96,epochs=240,patience=25,batch_size=16,lr=0.0005,fit_partition=pathogen,covariate_encoder=summary,input_mode=scheduled_final,input_normalization=b0,evaluation_seasons=recent_two,actual_share=1.0",half,flu_admissions_native,2025-2026,0.8896790327751285,0.09920693379541896,2
"pilot_method=joint,forecast_targets=flu,pathogen_inputs=flu,correction_weeks=2,joint_weight=0.1,correction_penalty=3.0,reporting_missingness=0,nowcast_weeks=4,ed_transform=logit,loss_weights=flu_hosp_ed,spatial=neighbors,decoder=quantile,width=96,epochs=240,patience=25,batch_size=16,lr=0.0005,fit_partition=pathogen,covariate_encoder=summary,input_mode=scheduled_final,input_normalization=b0,evaluation_seasons=recent_two,actual_share=1.0",corrected,flu_admissions_native,2025-2026,0.8904731897028135,0.09008081905277754,2
"pilot_method=joint,forecast_targets=flu,pathogen_inputs=flu,correction_weeks=2,joint_weight=0.1,correction_penalty=3.0,reporting_missingness=0,nowcast_weeks=4,ed_transform=logit,loss_weights=flu_hosp_ed,spatial=neighbors,decoder=quantile,width=96,epochs=240,patience=25,batch_size=16,lr=0.0005,fit_partition=pathogen,covariate_encoder=summary,input_mode=scheduled_final,input_normalization=b0,evaluation_seasons=recent_two,actual_share=1.0",raw,flu_admissions_native,2025-2026,0.8912397788362229,0.1081682555212124,2
"pilot_method=two_stage,pilot_nowcaster=real_tree,forecast_targets=flu,pathogen_inputs=flu,correction_weeks=2,joint_weight=0.05,correction_penalty=30.0,reporting_missingness=0,count_transform=sqrt,ed_transform=logit,loss_weights=flu_hosp_ed,width=96,epochs=160,patience=25,lr=0.002,fit_partition=pathogen,covariate_encoder=summary,covariate_set=kinsa,input_mode=scheduled_final,input_normalization=b0,evaluation_seasons=recent_two,log_loss_weight=0.5",corrected,flu_admissions_native,2025-2026,0.902004720059314,0.18504879589750559,2
"pilot_method=two_stage,pilot_nowcaster=real_tree,forecast_targets=flu,pathogen_inputs=flu,correction_weeks=2,joint_weight=0.05,correction_penalty=30.0,reporting_missingness=0,count_transform=sqrt,ed_transform=logit,loss_weights=flu_hosp_ed,width=96,epochs=160,patience=25,lr=0.002,fit_partition=pathogen,covariate_encoder=summary,covariate_set=kinsa,input_mode=scheduled_final,input_normalization=b0,evaluation_seasons=recent_two,log_loss_weight=0.5",half,flu_admissions_native,2025-2026,0.9050365369756224,0.19739579834179,2
"pilot_method=two_stage,pilot_nowcaster=real_tree,forecast_targets=flu,pathogen_inputs=flu,correction_weeks=2,joint_weight=0.05,correction_penalty=30.0,reporting_missingness=0,count_transform=sqrt,ed_transform=logit,loss_weights=flu_hosp_ed,width=96,epochs=160,patience=25,lr=0.002,fit_partition=pathogen,covariate_encoder=summary,covariate_set=kinsa,input_mode=scheduled_final,input_normalization=b0,evaluation_seasons=recent_two,log_loss_weight=0.5",calibrated,flu_admissions_native,2025-2026,0.9120043435208663,0.2027679272016475,2
"pilot_method=two_stage,pilot_nowcaster=real_tree,forecast_targets=flu,pathogen_inputs=flu,correction_weeks=2,joint_weight=0.05,correction_penalty=30.0,reporting_missingness=0,count_transform=sqrt,ed_transform=logit,loss_weights=flu_hosp_ed,width=96,epochs=160,patience=25,lr=0.002,fit_partition=pathogen,covariate_encoder=summary,covariate_set=kinsa,input_mode=scheduled_final,input_normalization=b0,evaluation_seasons=recent_two,log_loss_weight=0.5",raw,flu_admissions_native,2025-2026,0.9135611887257065,0.2115700551239001,2
"pilot_method=joint,forecast_targets=flu,pathogen_inputs=flu,correction_weeks=3,growth_anchor=1,joint_weight=0.1,correction_penalty=3.0,reporting_missingness=0,reporting_method=synchronous_log,reporting_strength=2.0,nowcast_weeks=4,lookback=10,ed_transform=logit,loss_weights=flu_hosp_ed,spatial=neighbors,decoder=residual2,sum_wis_weight=0.5,us_error=shared_factor,width=96,epochs=240,patience=25,batch_size=4,lr=0.0005,fit_partition=pathogen,covariate_encoder=summary,input_mode=scheduled_final,input_normalization=b0,evaluation_seasons=recent_two,actual_share=0.5",raw,flu_admissions_native,2025-2026,1.00167566065097,0.15636836602393184,2
"pilot_method=joint,forecast_targets=flu,pathogen_inputs=flu,correction_weeks=3,growth_anchor=1,joint_weight=0.1,correction_penalty=3.0,reporting_missingness=0,reporting_method=synchronous_log,reporting_strength=2.0,nowcast_weeks=4,lookback=10,ed_transform=logit,loss_weights=flu_hosp_ed,spatial=neighbors,decoder=residual2,sum_wis_weight=0.5,us_error=shared_factor,width=96,epochs=240,patience=25,batch_size=4,lr=0.0005,fit_partition=pathogen,covariate_encoder=summary,input_mode=scheduled_final,input_normalization=b0,evaluation_seasons=recent_two,actual_share=0.5",half,flu_admissions_native,2025-2026,1.030702354221466,0.2074570816097907,2
"pilot_method=joint,forecast_targets=flu,pathogen_inputs=flu,correction_weeks=3,growth_anchor=1,joint_weight=0.1,correction_penalty=3.0,reporting_missingness=0,reporting_method=synchronous_log,reporting_strength=2.0,nowcast_weeks=4,lookback=10,ed_transform=logit,loss_weights=flu_hosp_ed,spatial=neighbors,decoder=residual2,sum_wis_weight=0.5,us_error=shared_factor,width=96,epochs=240,patience=25,batch_size=4,lr=0.0005,fit_partition=pathogen,covariate_encoder=summary,input_mode=scheduled_final,input_normalization=b0,evaluation_seasons=recent_two,actual_share=0.5",corrected,flu_admissions_native,2025-2026,1.0732777864893945,0.26408184439511734,2
"pilot_method=joint,forecast_targets=flu,pathogen_inputs=flu,correction_weeks=3,growth_anchor=1,joint_weight=0.1,correction_penalty=3.0,reporting_missingness=0,reporting_method=synchronous_log,reporting_strength=2.0,nowcast_weeks=4,lookback=10,ed_transform=logit,loss_weights=flu_hosp_ed,spatial=neighbors,decoder=residual2,sum_wis_weight=0.5,us_error=shared_factor,width=96,epochs=240,patience=25,batch_size=4,lr=0.0005,fit_partition=pathogen,covariate_encoder=summary,input_mode=scheduled_final,input_normalization=b0,evaluation_seasons=recent_two,actual_share=0.5",calibrated,flu_admissions_native,2025-2026,1.1108310980703169,0.3138461335488184,2
"pilot_method=two_stage,pilot_nowcaster=real_tree,forecast_targets=flu,pathogen_inputs=flu,correction_weeks=2,joint_weight=0.05,correction_penalty=30.0,reporting_missingness=0,count_transform=sqrt,ed_transform=logit,loss_weights=flu_hosp_ed,width=96,epochs=160,patience=25,lr=0.002,fit_partition=pathogen,covariate_encoder=summary,covariate_set=kinsa,input_mode=scheduled_final,input_normalization=b0,evaluation_seasons=recent_two,actual_share=0.5",calibrated,flu_admissions_native,equal_season_mean,0.7826708918870777,0.04663188725556696,2
"pilot_method=two_stage,pilot_nowcaster=real_tree,forecast_targets=flu,pathogen_inputs=flu,correction_weeks=2,joint_weight=0.05,correction_penalty=30.0,reporting_missingness=0,count_transform=sqrt,ed_transform=logit,loss_weights=flu_hosp_ed,width=96,epochs=160,patience=25,lr=0.002,fit_partition=pathogen,covariate_encoder=summary,covariate_set=kinsa,input_mode=scheduled_final,input_normalization=b0,evaluation_seasons=recent_two,actual_share=0.5",corrected,flu_admissions_native,equal_season_mean,0.7881960135021465,0.045174790905558745,2
"pilot_method=two_stage,pilot_nowcaster=real_tree,forecast_targets=flu,pathogen_inputs=flu,correction_weeks=2,joint_weight=0.05,correction_penalty=30.0,reporting_missingness=0,count_transform=sqrt,ed_transform=logit,loss_weights=flu_hosp_ed,width=96,epochs=160,patience=25,lr=0.002,fit_partition=pathogen,covariate_encoder=summary,covariate_set=kinsa,input_mode=scheduled_final,input_normalization=b0,evaluation_seasons=recent_two",calibrated,flu_admissions_native,equal_season_mean,0.788704693079185,0.013278698545882778,2
"pilot_method=two_stage,pilot_nowcaster=real_tree,forecast_targets=flu,pathogen_inputs=flu,correction_weeks=2,joint_weight=0.05,correction_penalty=30.0,reporting_missingness=0,count_transform=sqrt,ed_transform=logit,loss_weights=flu_hosp_ed,width=96,epochs=160,patience=25,lr=0.002,fit_partition=pathogen,covariate_encoder=summary,covariate_set=kinsa,input_mode=scheduled_final,input_normalization=b0,evaluation_seasons=recent_two",corrected,flu_admissions_native,equal_season_mean,0.7896883206209308,0.006621878039969433,2
"pilot_method=two_stage,pilot_nowcaster=real_tree,forecast_targets=flu,pathogen_inputs=flu,ili_units=flu_scaled,ili_steps=1200,correction_weeks=1,ili_training=pretrain,joint_weight=0.05,correction_penalty=30.0,correction_strength=0.75,reporting_strength=2.0,lookback=10,count_transform=sqrt,ed_transform=logit,loss_weights=flu_hosp_ed,width=96,epochs=160,patience=25,batch_size=16,fit_partition=pathogen,covariate_encoder=summary,signal_features=multiscale,covariate_set=kinsa,input_mode=scheduled_final,input_normalization=b0,evaluation_seasons=recent_two,correction_realizations=2,uncorrected_share=0.1",calibrated,flu_admissions_native,equal_season_mean,0.7920879427506042,0.04965916514185545,2
"pilot_method=two_stage,pilot_nowcaster=real_tree,forecast_targets=flu,pathogen_inputs=flu,ili_units=flu_scaled,ili_steps=1200,correction_weeks=1,ili_training=pretrain,joint_weight=0.05,correction_penalty=30.0,correction_strength=0.75,reporting_strength=2.0,lookback=10,count_transform=sqrt,ed_transform=logit,loss_weights=flu_hosp_ed,width=96,epochs=160,patience=25,batch_size=16,fit_partition=pathogen,covariate_encoder=summary,signal_features=multiscale,covariate_set=kinsa,input_mode=scheduled_final,input_normalization=b0,evaluation_seasons=recent_two,correction_realizations=2,uncorrected_share=0.1",half,flu_admissions_native,equal_season_mean,0.7929098393247089,0.05172042568378327,2
"pilot_method=two_stage,pilot_nowcaster=real_tree,forecast_targets=flu,pathogen_inputs=flu,ili_units=flu_scaled,ili_steps=1200,correction_weeks=1,ili_training=pretrain,joint_weight=0.05,correction_penalty=30.0,correction_strength=0.75,reporting_strength=2.0,lookback=10,count_transform=sqrt,ed_transform=logit,loss_weights=flu_hosp_ed,width=96,epochs=160,patience=25,batch_size=16,fit_partition=pathogen,covariate_encoder=summary,signal_features=multiscale,covariate_set=kinsa,input_mode=scheduled_final,input_normalization=b0,evaluation_seasons=recent_two,correction_realizations=2,uncorrected_share=0.1",corrected,flu_admissions_native,equal_season_mean,0.7933440234684414,0.04535914600541843,2
"pilot_method=two_stage,pilot_nowcaster=real_tree,forecast_targets=flu,pathogen_inputs=flu,ili_units=flu_scaled,ili_steps=1200,correction_weeks=1,ili_training=pretrain,joint_weight=0.05,correction_penalty=30.0,correction_strength=0.75,reporting_strength=2.0,lookback=10,count_transform=sqrt,ed_transform=logit,loss_weights=flu_hosp_ed,width=96,epochs=160,patience=25,batch_size=16,fit_partition=pathogen,covariate_encoder=summary,signal_features=multiscale,covariate_set=kinsa,input_mode=scheduled_final,input_normalization=b0,evaluation_seasons=recent_two,correction_realizations=2,uncorrected_share=0.1",raw,flu_admissions_native,equal_season_mean,0.7984278332170021,0.05683417289835922,2
"pilot_method=joint,forecast_targets=flu,pathogen_inputs=flu,correction_weeks=2,joint_weight=0.1,correction_penalty=3.0,reporting_missingness=0,nowcast_weeks=4,ed_transform=logit,loss_weights=flu_hosp_ed,spatial=neighbors,decoder=quantile,width=96,epochs=240,patience=25,lr=0.0005,fit_partition=pathogen,covariate_encoder=summary,input_mode=scheduled_final,input_normalization=b0,evaluation_seasons=recent_two,actual_share=1.0",calibrated,flu_admissions_native,equal_season_mean,0.8054193244515317,0.06191004480669009,2
"pilot_method=two_stage,pilot_nowcaster=real_tree,forecast_targets=flu,pathogen_inputs=flu,correction_weeks=2,joint_weight=0.05,correction_penalty=30.0,reporting_missingness=0,count_transform=sqrt,ed_transform=logit,loss_weights=flu_hosp_ed,width=96,epochs=160,patience=25,lr=0.002,fit_partition=pathogen,covariate_encoder=summary,covariate_set=kinsa,input_mode=scheduled_final,input_normalization=b0,evaluation_seasons=recent_two",half,flu_admissions_native,equal_season_mean,0.805576531202962,0.02170118920065265,2
"pilot_method=joint,forecast_targets=flu,pathogen_inputs=flu,correction_weeks=2,joint_weight=0.1,correction_penalty=3.0,reporting_missingness=0,nowcast_weeks=4,ed_transform=logit,loss_weights=flu_hosp_ed,spatial=neighbors,decoder=quantile,width=96,epochs=240,patience=25,lr=0.0005,fit_partition=pathogen,covariate_encoder=summary,input_mode=scheduled_final,input_normalization=b0,evaluation_seasons=recent_two,actual_share=1.0",corrected,flu_admissions_native,equal_season_mean,0.8063844649130038,0.05908806129084646,2
"pilot_method=joint,forecast_targets=flu,pathogen_inputs=flu,correction_weeks=2,joint_weight=0.1,correction_penalty=3.0,reporting_missingness=0,nowcast_weeks=4,ed_transform=logit,loss_weights=flu_hosp_ed,spatial=neighbors,sum_wis_weight=0.25,width=96,epochs=240,patience=25,lr=0.0005,fit_partition=pathogen,covariate_encoder=summary,input_mode=scheduled_final,input_normalization=b0,evaluation_seasons=recent_two",calibrated,flu_admissions_native,equal_season_mean,0.8085115878118739,0.02676976314950522,2
"pilot_method=joint,forecast_targets=flu,pathogen_inputs=flu,correction_weeks=2,reporting_random_strength=1,joint_weight=0.1,correction_penalty=3.0,reporting_missingness=0,nowcast_weeks=4,ed_transform=logit,loss_weights=flu_hosp_ed,spatial=neighbors,sum_wis_weight=0.25,width=96,epochs=240,patience=25,lr=0.0005,fit_partition=pathogen,covariate_encoder=summary,signal_features=multiscale,input_mode=scheduled_final,input_normalization=b0,evaluation_seasons=recent_two,actual_share=0.25",calibrated,flu_admissions_native,equal_season_mean,0.8096644479483316,0.021923990161248602,2
"pilot_method=joint,forecast_targets=flu,pathogen_inputs=flu,correction_weeks=2,joint_weight=0.1,correction_penalty=3.0,reporting_missingness=0,nowcast_weeks=4,ed_transform=logit,loss_weights=flu_hosp_ed,spatial=neighbors,decoder=quantile,width=96,epochs=240,patience=25,lr=0.0005,fit_partition=pathogen,covariate_encoder=summary,input_mode=scheduled_final,input_normalization=b0,evaluation_seasons=recent_two,actual_share=1.0",half,flu_admissions_native,equal_season_mean,0.8111158954274358,0.057471126142758434,2
"pilot_method=joint,forecast_targets=flu,pathogen_inputs=flu,correction_weeks=2,reporting_random_strength=1,joint_weight=0.1,correction_penalty=300.0,reporting_missingness=0,nowcast_weeks=4,ed_transform=logit,loss_weights=flu_hosp_ed,spatial=neighbors,sum_wis_weight=0.25,width=96,epochs=240,patience=25,lr=0.0005,fit_partition=pathogen,covariate_encoder=summary,input_mode=scheduled_final,input_normalization=b0,evaluation_seasons=recent_two,actual_share=0.5,log_loss_weight=0.25",calibrated,flu_admissions_native,equal_season_mean,0.8137571231618038,0.03414710453361783,2
"pilot_method=two_stage,pilot_nowcaster=real_tree,forecast_targets=flu,pathogen_inputs=flu,correction_weeks=2,joint_weight=0.05,correction_penalty=30.0,reporting_missingness=0,count_transform=sqrt,ed_transform=logit,loss_weights=flu_hosp_ed,width=96,epochs=160,patience=25,lr=0.002,fit_partition=pathogen,covariate_encoder=summary,covariate_set=kinsa,input_mode=scheduled_final,input_normalization=b0,evaluation_seasons=recent_two,actual_share=0.5",half,flu_admissions_native,equal_season_mean,0.8149847023505834,0.0523615906658673,2
"pilot_method=joint,forecast_targets=flu,pathogen_inputs=flu,correction_weeks=2,joint_weight=0.1,correction_penalty=3.0,reporting_missingness=0,nowcast_weeks=4,ed_transform=logit,loss_weights=flu_hosp_ed,spatial=neighbors,sum_wis_weight=0.25,width=96,epochs=240,patience=25,lr=0.0005,fit_partition=pathogen,covariate_encoder=summary,input_mode=scheduled_final,input_normalization=b0,evaluation_seasons=recent_two",half,flu_admissions_native,equal_season_mean,0.8165079762872487,0.042212492845381186,2
"pilot_method=joint,forecast_targets=flu,pathogen_inputs=flu,correction_weeks=2,joint_weight=0.1,correction_penalty=3.0,reporting_missingness=0,nowcast_weeks=4,ed_transform=logit,loss_weights=flu_hosp_ed,spatial=neighbors,sum_wis_weight=0.25,width=96,epochs=240,patience=25,lr=0.0005,fit_partition=pathogen,covariate_encoder=summary,input_mode=scheduled_final,input_normalization=b0,evaluation_seasons=recent_two",corrected,flu_admissions_native,equal_season_mean,0.8179748185490773,0.031775618425443075,2
"pilot_method=joint,forecast_targets=flu,pathogen_inputs=flu,correction_weeks=2,joint_weight=0.1,correction_penalty=3.0,reporting_missingness=0,nowcast_weeks=4,ed_transform=logit,loss_weights=flu_hosp_ed,spatial=neighbors,decoder=quantile,width=96,epochs=240,patience=25,lr=0.0005,fit_partition=pathogen,covariate_encoder=summary,input_mode=scheduled_final,input_normalization=b0,evaluation_seasons=recent_two,actual_share=1.0",raw,flu_admissions_native,equal_season_mean,0.8184745529476417,0.055898813525197745,2
"pilot_method=joint,forecast_targets=flu,pathogen_inputs=flu,correction_weeks=2,reporting_random_strength=1,joint_weight=0.1,correction_penalty=300.0,reporting_missingness=0,nowcast_weeks=4,ed_transform=logit,loss_weights=flu_hosp_ed,spatial=neighbors,sum_wis_weight=0.25,width=96,epochs=240,patience=25,lr=0.0005,fit_partition=pathogen,covariate_encoder=summary,input_mode=scheduled_final,input_normalization=b0,evaluation_seasons=recent_two,actual_share=0.5,log_loss_weight=0.25",corrected,flu_admissions_native,equal_season_mean,0.8245477824795362,0.039432058715942804,2
"pilot_method=joint,forecast_targets=flu,pathogen_inputs=flu,correction_weeks=2,joint_weight=0.1,correction_penalty=3.0,reporting_missingness=0,nowcast_weeks=4,ed_transform=logit,loss_weights=flu_hosp_ed,spatial=neighbors,sum_wis_weight=0.25,width=96,epochs=240,patience=25,lr=0.0005,fit_partition=pathogen,covariate_encoder=summary,input_mode=scheduled_final,input_normalization=b0,evaluation_seasons=recent_two",raw,flu_admissions_native,equal_season_mean,0.8271622637959473,0.05358923761902249,2
"pilot_method=joint,forecast_targets=flu,pathogen_inputs=flu,correction_weeks=2,reporting_random_strength=1,joint_weight=0.1,correction_penalty=3.0,reporting_missingness=0,nowcast_weeks=4,ed_transform=logit,loss_weights=flu_hosp_ed,spatial=neighbors,sum_wis_weight=0.25,width=96,epochs=240,patience=25,lr=0.0005,fit_partition=pathogen,covariate_encoder=summary,signal_features=multiscale,input_mode=scheduled_final,input_normalization=b0,evaluation_seasons=recent_two,actual_share=0.25",corrected,flu_admissions_native,equal_season_mean,0.8272243271877637,0.039681324985076157,2
"pilot_method=joint,forecast_targets=flu,pathogen_inputs=flu,correction_weeks=2,joint_weight=0.1,correction_penalty=3.0,reporting_missingness=0,nowcast_weeks=4,ed_transform=logit,loss_weights=flu_hosp_ed,spatial=neighbors,decoder=quantile,width=96,epochs=240,patience=25,batch_size=16,lr=0.0005,fit_partition=pathogen,covariate_encoder=summary,input_mode=scheduled_final,input_normalization=b0,evaluation_seasons=recent_two,actual_share=1.0",calibrated,flu_admissions_native,equal_season_mean,0.8312706158041172,0.046134905819470565,2
"pilot_method=two_stage,pilot_nowcaster=real_tree,forecast_targets=flu,pathogen_inputs=flu,correction_weeks=2,joint_weight=0.05,correction_penalty=30.0,reporting_missingness=0,count_transform=sqrt,ed_transform=logit,loss_weights=flu_hosp_ed,width=96,epochs=160,patience=25,lr=0.002,fit_partition=pathogen,covariate_encoder=summary,covariate_set=kinsa,input_mode=scheduled_final,input_normalization=b0,evaluation_seasons=recent_two",raw,flu_admissions_native,equal_season_mean,0.8318660406297947,0.03423600928505745,2
"pilot_method=joint,forecast_targets=flu,pathogen_inputs=flu,correction_weeks=2,reporting_random_strength=1,joint_weight=0.1,correction_penalty=300.0,reporting_missingness=0,nowcast_weeks=4,ed_transform=logit,loss_weights=flu_hosp_ed,spatial=neighbors,sum_wis_weight=0.25,width=96,epochs=240,patience=25,lr=0.0005,fit_partition=pathogen,covariate_encoder=summary,input_mode=scheduled_final,input_normalization=b0,evaluation_seasons=recent_two,actual_share=0.5,log_loss_weight=0.25",half,flu_admissions_native,equal_season_mean,0.8330043011546662,0.037203021714653145,2
"pilot_method=two_stage,pilot_nowcaster=real_tree,forecast_targets=flu,pathogen_inputs=flu,correction_weeks=2,joint_weight=0.05,correction_penalty=30.0,reporting_missingness=0,count_transform=sqrt,ed_transform=logit,loss_weights=flu_hosp_ed,width=96,epochs=160,patience=25,batch_size=16,lr=0.002,fit_partition=pathogen,covariate_encoder=summary,covariate_set=kinsa,input_mode=scheduled_final,input_normalization=b0,evaluation_seasons=recent_two,actual_share=0.5,log_loss_weight=0.5",calibrated,flu_admissions_native,equal_season_mean,0.8330532012944074,0.02079800654013123,2
"pilot_method=joint,forecast_targets=flu,pathogen_inputs=flu,correction_weeks=2,reporting_random_strength=1,joint_weight=0.1,correction_penalty=3.0,reporting_missingness=0,nowcast_weeks=4,ed_transform=logit,loss_weights=flu_hosp_ed,spatial=neighbors,sum_wis_weight=0.25,width=96,epochs=240,patience=25,lr=0.0005,fit_partition=pathogen,covariate_encoder=summary,signal_features=multiscale,input_mode=scheduled_final,input_normalization=b0,evaluation_seasons=recent_two,actual_share=0.25",half,flu_admissions_native,equal_season_mean,0.8331123646333187,0.0508574444093156,2
"pilot_method=joint,forecast_targets=flu,pathogen_inputs=flu,correction_weeks=2,joint_weight=0.1,correction_penalty=3.0,reporting_missingness=0,nowcast_weeks=4,ed_transform=logit,loss_weights=flu_hosp_ed,spatial=neighbors,decoder=quantile,width=96,epochs=240,patience=25,batch_size=16,lr=0.0005,fit_partition=pathogen,covariate_encoder=summary,input_mode=scheduled_final,input_normalization=b0,evaluation_seasons=recent_two,actual_share=1.0",corrected,flu_admissions_native,equal_season_mean,0.8388041618194473,0.055584634281711814,2
"pilot_method=joint,pilot_nowcaster=real_tree,forecast_targets=flu,pathogen_inputs=flu,ili_units=flu_scaled,ili_steps=1200,correction_weeks=3,ili_training=pretrain,joint_weight=0.1,correction_penalty=3.0,reporting_strength=1.5,nowcast_weeks=4,lookback=10,ed_transform=logit,loss_weights=flu_hosp_ed,spatial=neighbors,decoder=quantile,latent=32,epochs=240,patience=25,lr=0.0005,fit_partition=pathogen,covariate_encoder=summary,input_mode=scheduled_final,input_normalization=b0,evaluation_seasons=recent_two,actual_share=0.5,nowcast_noise=1.0",half,flu_admissions_native,equal_season_mean,0.8403092307796982,0.05052062110267731,2
"pilot_method=joint,forecast_targets=flu,pathogen_inputs=flu,correction_weeks=3,reporting_random_strength=1,joint_weight=0.1,correction_penalty=3.0,reporting_strength=2.0,nowcast_weeks=4,ed_transform=logit,loss_weights=flu_hosp_ed,spatial=neighbors,decoder=quantile,width=96,epochs=240,patience=25,fit_partition=pathogen,covariate_encoder=summary,input_mode=scheduled_final,input_normalization=b0,evaluation_seasons=recent_two,actual_share=1.0,log_loss_weight=0.25",calibrated,flu_admissions_native,equal_season_mean,0.8403846561870365,0.04799490666554492,2
"pilot_method=joint,pilot_nowcaster=real_tree,forecast_targets=flu,pathogen_inputs=flu,ili_units=flu_scaled,ili_steps=1200,correction_weeks=3,ili_training=pretrain,joint_weight=0.1,correction_penalty=3.0,reporting_strength=1.5,nowcast_weeks=4,lookback=10,ed_transform=logit,loss_weights=flu_hosp_ed,spatial=neighbors,decoder=quantile,latent=32,epochs=240,patience=25,lr=0.0005,fit_partition=pathogen,covariate_encoder=summary,input_mode=scheduled_final,input_normalization=b0,evaluation_seasons=recent_two,actual_share=0.5,nowcast_noise=1.0",calibrated,flu_admissions_native,equal_season_mean,0.840833772370049,0.05696224268410851,2
"pilot_method=joint,forecast_targets=flu,pathogen_inputs=flu,correction_weeks=2,reporting_random_strength=1,joint_weight=0.1,correction_penalty=3.0,reporting_missingness=0,nowcast_weeks=4,ed_transform=logit,loss_weights=flu_hosp_ed,spatial=neighbors,sum_wis_weight=0.25,width=96,epochs=240,patience=25,lr=0.0005,fit_partition=pathogen,covariate_encoder=summary,signal_features=multiscale,input_mode=scheduled_final,input_normalization=b0,evaluation_seasons=recent_two,actual_share=0.25",raw,flu_admissions_native,equal_season_mean,0.8419080732247708,0.061455317307492,2
"pilot_method=joint,pilot_nowcaster=real_tree,forecast_targets=flu,pathogen_inputs=flu,ili_units=flu_scaled,ili_steps=1200,correction_weeks=3,ili_training=pretrain,joint_weight=0.1,correction_penalty=3.0,reporting_strength=1.5,nowcast_weeks=4,lookback=10,ed_transform=logit,loss_weights=flu_hosp_ed,spatial=neighbors,decoder=quantile,latent=32,epochs=240,patience=25,lr=0.0005,fit_partition=pathogen,covariate_encoder=summary,input_mode=scheduled_final,input_normalization=b0,evaluation_seasons=recent_two,actual_share=0.5,nowcast_noise=1.0",corrected,flu_admissions_native,equal_season_mean,0.8433203242468196,0.05695532781479347,2
"pilot_method=two_stage,pilot_nowcaster=real_tree,forecast_targets=flu,pathogen_inputs=flu,correction_weeks=2,joint_weight=0.05,correction_penalty=100.0,count_transform=sqrt,ed_transform=logit,loss_weights=flu_hosp_ed,spatial=distance,width=128,epochs=160,patience=25,lr=0.002,fit_partition=pathogen,weight_decay=3e-05,covariate_encoder=summary,covariate_set=kinsa,input_mode=scheduled_final,input_normalization=b0,evaluation_seasons=recent_two,actual_share=0.25,correction_realizations=4,uncorrected_share=0.1,log_loss_weight=1.0",calibrated,flu_admissions_native,equal_season_mean,0.8436541999399155,0.01740425574826775,2
"pilot_method=joint,forecast_targets=flu,pathogen_inputs=flu,correction_weeks=2,joint_weight=0.1,correction_penalty=3.0,reporting_missingness=0,nowcast_weeks=4,ed_transform=logit,loss_weights=flu_hosp_ed,spatial=neighbors,decoder=quantile,width=96,epochs=240,patience=25,batch_size=16,lr=0.0005,fit_partition=pathogen,covariate_encoder=summary,input_mode=scheduled_final,input_normalization=b0,evaluation_seasons=recent_two,actual_share=1.0",half,flu_admissions_native,equal_season_mean,0.8436615321467245,0.058604002011055416,2
"pilot_method=joint,forecast_targets=flu,pathogen_inputs=flu,correction_weeks=2,reporting_random_strength=1,joint_weight=0.1,correction_penalty=300.0,reporting_missingness=0,nowcast_weeks=4,ed_transform=logit,loss_weights=flu_hosp_ed,spatial=neighbors,sum_wis_weight=0.25,width=96,epochs=240,patience=25,lr=0.0005,fit_partition=pathogen,covariate_encoder=summary,input_mode=scheduled_final,input_normalization=b0,evaluation_seasons=recent_two,actual_share=0.5,log_loss_weight=0.25",raw,flu_admissions_native,equal_season_mean,0.8443665044916088,0.03567726304936608,2
"pilot_method=two_stage,pilot_nowcaster=real_tree,forecast_targets=flu,pathogen_inputs=flu,correction_weeks=2,joint_weight=0.05,correction_penalty=30.0,reporting_missingness=0,count_transform=sqrt,ed_transform=logit,loss_weights=flu_hosp_ed,width=96,epochs=160,patience=25,batch_size=16,lr=0.002,fit_partition=pathogen,covariate_encoder=summary,covariate_set=kinsa,input_mode=scheduled_final,input_normalization=b0,evaluation_seasons=recent_two,actual_share=0.5,log_loss_weight=0.5",corrected,flu_admissions_native,equal_season_mean,0.8448410261716455,0.011007764814507603,2
"pilot_method=joint,pilot_nowcaster=real_tree,forecast_targets=flu,pathogen_inputs=flu,ili_units=flu_scaled,ili_steps=1200,correction_weeks=3,ili_training=pretrain,joint_weight=0.1,correction_penalty=3.0,reporting_strength=1.5,nowcast_weeks=4,lookback=10,ed_transform=logit,loss_weights=flu_hosp_ed,spatial=neighbors,decoder=quantile,latent=32,epochs=240,patience=25,lr=0.0005,fit_partition=pathogen,covariate_encoder=summary,input_mode=scheduled_final,input_normalization=b0,evaluation_seasons=recent_two,actual_share=0.5,nowcast_noise=1.0",raw,flu_admissions_native,equal_season_mean,0.8483702072552386,0.04495606163970141,2
"pilot_method=joint,forecast_targets=flu,pathogen_inputs=flu,correction_weeks=2,joint_weight=0.1,correction_penalty=3.0,reporting_missingness=0,nowcast_weeks=4,ed_transform=logit,loss_weights=flu_hosp_ed,spatial=neighbors,decoder=quantile,width=96,epochs=240,patience=25,batch_size=16,lr=0.0005,fit_partition=pathogen,covariate_encoder=summary,input_mode=scheduled_final,input_normalization=b0,evaluation_seasons=recent_two,actual_share=1.0",raw,flu_admissions_native,equal_season_mean,0.8511244227964735,0.06155885352403356,2
"pilot_method=two_stage,pilot_nowcaster=real_tree,forecast_targets=flu,pathogen_inputs=flu,correction_weeks=2,joint_weight=0.05,correction_penalty=30.0,reporting_missingness=0,count_transform=sqrt,ed_transform=logit,loss_weights=flu_hosp_ed,width=96,epochs=160,patience=25,lr=0.002,fit_partition=pathogen,covariate_encoder=summary,covariate_set=kinsa,input_mode=scheduled_final,input_normalization=b0,evaluation_seasons=recent_two,actual_share=0.5",raw,flu_admissions_native,equal_season_mean,0.8523610279846883,0.05909010735885387,2
"pilot_method=joint,forecast_targets=flu,pathogen_inputs=flu,correction_weeks=2,joint_weight=0.1,correction_penalty=3.0,reporting_missingness=0,nowcast_weeks=4,ed_transform=logit,loss_weights=flu_hosp_ed,spatial=neighbors,decoder=quantile,width=96,epochs=240,patience=25,lr=0.0005,fit_partition=pathogen,covariate_encoder=summary,input_mode=scheduled_final,input_normalization=b0,evaluation_seasons=recent_two",calibrated,flu_admissions_native,equal_season_mean,0.8528099551062944,0.008085618388723766,2
"pilot_method=joint,forecast_targets=flu,pathogen_inputs=flu,correction_weeks=3,reporting_random_strength=1,joint_weight=0.1,correction_penalty=3.0,reporting_strength=2.0,nowcast_weeks=4,ed_transform=logit,loss_weights=flu_hosp_ed,spatial=neighbors,decoder=quantile,width=96,epochs=240,patience=25,fit_partition=pathogen,covariate_encoder=summary,input_mode=scheduled_final,input_normalization=b0,evaluation_seasons=recent_two,actual_share=1.0,log_loss_weight=0.25",corrected,flu_admissions_native,equal_season_mean,0.8544707339538584,0.049088077638042765,2
"pilot_method=two_stage,pilot_nowcaster=real_tree,forecast_targets=flu,pathogen_inputs=flu,correction_weeks=2,joint_weight=0.05,correction_penalty=100.0,count_transform=sqrt,ed_transform=logit,loss_weights=flu_hosp_ed,spatial=distance,width=128,epochs=160,patience=25,lr=0.002,fit_partition=pathogen,weight_decay=3e-05,covariate_encoder=summary,covariate_set=kinsa,input_mode=scheduled_final,input_normalization=b0,evaluation_seasons=recent_two,actual_share=0.25,correction_realizations=4,uncorrected_share=0.1,log_loss_weight=1.0",corrected,flu_admissions_native,equal_season_mean,0.857659975776236,0.019531312004680022,2
"pilot_method=joint,pilot_nowcaster=real_tree,forecast_targets=flu,pathogen_inputs=flu,ili_units=flu_scaled,ili_steps=1200,correction_weeks=3,ili_training=pretrain,joint_weight=0.1,correction_penalty=3.0,reporting_strength=1.5,nowcast_weeks=4,lookback=10,ed_transform=logit,loss_weights=flu_hosp_ed,spatial=neighbors,decoder=quantile,latent=32,epochs=240,patience=25,lr=0.0005,fit_partition=pathogen,covariate_encoder=summary,input_mode=scheduled_final,input_normalization=b0,evaluation_seasons=recent_two,actual_share=0.5,nowcast_noise=1.0",sampled,flu_admissions_native,equal_season_mean,0.8613582380152718,0.06527944998181914,2
"pilot_method=joint,forecast_targets=flu,pathogen_inputs=flu,correction_weeks=3,reporting_random_strength=1,joint_weight=0.1,correction_penalty=3.0,reporting_strength=2.0,nowcast_weeks=4,ed_transform=logit,loss_weights=flu_hosp_ed,spatial=neighbors,decoder=quantile,width=96,epochs=240,patience=25,fit_partition=pathogen,covariate_encoder=summary,input_mode=scheduled_final,input_normalization=b0,evaluation_seasons=recent_two,actual_share=1.0,log_loss_weight=0.25",half,flu_admissions_native,equal_season_mean,0.8618958633990751,0.05158854322902425,2
"pilot_method=joint,forecast_targets=flu,pathogen_inputs=flu,correction_weeks=2,joint_weight=0.1,correction_penalty=3.0,reporting_missingness=0,nowcast_weeks=4,ed_transform=logit,loss_weights=flu_hosp_ed,spatial=neighbors,decoder=quantile,width=96,epochs=240,patience=25,lr=0.0005,fit_partition=pathogen,covariate_encoder=summary,input_mode=scheduled_final,input_normalization=b0,evaluation_seasons=recent_two",corrected,flu_admissions_native,equal_season_mean,0.8645057128347104,0.009147717400256026,2
"pilot_method=two_stage,pilot_nowcaster=real_tree,forecast_targets=flu,pathogen_inputs=flu,correction_weeks=2,joint_weight=0.05,correction_penalty=100.0,count_transform=sqrt,ed_transform=logit,loss_weights=flu_hosp_ed,spatial=distance,width=128,epochs=160,patience=25,lr=0.002,fit_partition=pathogen,weight_decay=3e-05,covariate_encoder=summary,covariate_set=kinsa,input_mode=scheduled_final,input_normalization=b0,evaluation_seasons=recent_two,actual_share=0.25,correction_realizations=4,uncorrected_share=0.1,log_loss_weight=1.0",half,flu_admissions_native,equal_season_mean,0.8656535308204854,0.022668692773220003,2
"pilot_method=two_stage,pilot_nowcaster=real_tree,forecast_targets=flu,pathogen_inputs=flu,correction_weeks=2,joint_weight=0.05,correction_penalty=30.0,reporting_missingness=0,count_transform=sqrt,ed_transform=logit,loss_weights=flu_hosp_ed,width=96,epochs=160,patience=25,batch_size=16,lr=0.002,fit_partition=pathogen,covariate_encoder=summary,covariate_set=kinsa,input_mode=scheduled_final,input_normalization=b0,evaluation_seasons=recent_two,actual_share=0.5,log_loss_weight=0.5",half,flu_admissions_native,equal_season_mean,0.8662273267488116,0.004848559397776976,2
"pilot_method=joint,forecast_targets=flu,pathogen_inputs=flu,correction_weeks=3,reporting_random_strength=1,joint_weight=0.1,correction_penalty=3.0,reporting_strength=2.0,nowcast_weeks=4,ed_transform=logit,loss_weights=flu_hosp_ed,spatial=neighbors,decoder=quantile,width=96,epochs=240,patience=25,fit_partition=pathogen,covariate_encoder=summary,input_mode=scheduled_final,input_normalization=b0,evaluation_seasons=recent_two,actual_share=1.0,log_loss_weight=0.25",raw,flu_admissions_native,equal_season_mean,0.871588349385509,0.054101427293172806,2
"pilot_method=two_stage,pilot_nowcaster=real_tree,forecast_targets=flu,pathogen_inputs=flu,correction_weeks=2,joint_weight=0.05,correction_penalty=30.0,reporting_missingness=0,count_transform=sqrt,ed_transform=logit,loss_weights=flu_hosp_ed,width=96,epochs=160,patience=25,lr=0.002,fit_partition=pathogen,covariate_encoder=summary,covariate_set=kinsa,input_mode=scheduled_final,input_normalization=b0,evaluation_seasons=recent_two,log_loss_weight=0.5",calibrated,flu_admissions_native,equal_season_mean,0.8723468782172787,0.0747054967816769,2
"pilot_method=joint,forecast_targets=flu,pathogen_inputs=flu,correction_weeks=2,joint_weight=0.1,correction_penalty=3.0,reporting_missingness=0,nowcast_weeks=4,ed_transform=logit,loss_weights=flu_hosp_ed,spatial=neighbors,decoder=quantile,width=96,epochs=240,patience=25,lr=0.0005,fit_partition=pathogen,covariate_encoder=summary,input_mode=scheduled_final,input_normalization=b0,evaluation_seasons=recent_two",half,flu_admissions_native,equal_season_mean,0.8743254276934171,0.015207726106144896,2
"pilot_method=two_stage,pilot_nowcaster=real_tree,forecast_targets=flu,pathogen_inputs=flu,correction_weeks=2,joint_weight=0.05,correction_penalty=30.0,reporting_missingness=0,count_transform=sqrt,ed_transform=logit,loss_weights=flu_hosp_ed,width=96,epochs=160,patience=25,lr=0.002,fit_partition=pathogen,covariate_encoder=summary,covariate_set=kinsa,input_mode=scheduled_final,input_normalization=b0,evaluation_seasons=recent_two,log_loss_weight=0.5",corrected,flu_admissions_native,equal_season_mean,0.8802442374865467,0.06600788770143814,2
"pilot_method=two_stage,pilot_nowcaster=real_tree,forecast_targets=flu,pathogen_inputs=flu,correction_weeks=2,joint_weight=0.05,correction_penalty=100.0,count_transform=sqrt,ed_transform=logit,loss_weights=flu_hosp_ed,spatial=distance,width=128,epochs=160,patience=25,lr=0.002,fit_partition=pathogen,weight_decay=3e-05,covariate_encoder=summary,covariate_set=kinsa,input_mode=scheduled_final,input_normalization=b0,evaluation_seasons=recent_two,actual_share=0.25,correction_realizations=4,uncorrected_share=0.1,log_loss_weight=1.0",raw,flu_admissions_native,equal_season_mean,0.8837760600679028,0.024675793921062436,2
"pilot_method=joint,forecast_targets=flu,pathogen_inputs=flu,correction_weeks=2,joint_weight=0.1,correction_penalty=3.0,reporting_missingness=0,nowcast_weeks=4,ed_transform=logit,loss_weights=flu_hosp_ed,spatial=neighbors,decoder=quantile,width=96,epochs=240,patience=25,lr=0.0005,fit_partition=pathogen,covariate_encoder=summary,input_mode=scheduled_final,input_normalization=b0,evaluation_seasons=recent_two",raw,flu_admissions_native,equal_season_mean,0.8950289369982256,0.021010937081021187,2
"pilot_method=two_stage,pilot_nowcaster=real_tree,forecast_targets=flu,pathogen_inputs=flu,correction_weeks=2,joint_weight=0.05,correction_penalty=30.0,reporting_missingness=0,count_transform=sqrt,ed_transform=logit,loss_weights=flu_hosp_ed,width=96,epochs=160,patience=25,batch_size=16,lr=0.002,fit_partition=pathogen,covariate_encoder=summary,covariate_set=kinsa,input_mode=scheduled_final,input_normalization=b0,evaluation_seasons=recent_two,actual_share=0.5,log_loss_weight=0.5",raw,flu_admissions_native,equal_season_mean,0.8965589606755077,0.0008345157446278345,2
"pilot_method=two_stage,pilot_nowcaster=real_tree,forecast_targets=flu,pathogen_inputs=flu,correction_weeks=2,joint_weight=0.05,correction_penalty=30.0,reporting_missingness=0,count_transform=sqrt,ed_transform=logit,loss_weights=flu_hosp_ed,width=96,epochs=160,patience=25,lr=0.002,fit_partition=pathogen,covariate_encoder=summary,covariate_set=kinsa,input_mode=scheduled_final,input_normalization=b0,evaluation_seasons=recent_two,log_loss_weight=0.5",half,flu_admissions_native,equal_season_mean,0.9053414145819951,0.072358089474988,2
"pilot_method=two_stage,pilot_nowcaster=real_tree,forecast_targets=flu,pathogen_inputs=flu,correction_weeks=2,joint_weight=0.05,correction_penalty=30.0,reporting_missingness=0,count_transform=sqrt,ed_transform=logit,loss_weights=flu_hosp_ed,width=96,epochs=160,patience=25,lr=0.002,fit_partition=pathogen,covariate_encoder=summary,covariate_set=kinsa,input_mode=scheduled_final,input_normalization=b0,evaluation_seasons=recent_two,log_loss_weight=0.5",raw,flu_admissions_native,equal_season_mean,0.9385353252600305,0.08024072457008363,2
"pilot_method=joint,forecast_targets=flu,pathogen_inputs=flu,correction_weeks=3,growth_anchor=1,joint_weight=0.1,correction_penalty=3.0,reporting_missingness=0,reporting_method=synchronous_log,reporting_strength=2.0,nowcast_weeks=4,lookback=10,ed_transform=logit,loss_weights=flu_hosp_ed,spatial=neighbors,decoder=residual2,sum_wis_weight=0.5,us_error=shared_factor,width=96,epochs=240,patience=25,batch_size=4,lr=0.0005,fit_partition=pathogen,covariate_encoder=summary,input_mode=scheduled_final,input_normalization=b0,evaluation_seasons=recent_two,actual_share=0.5",corrected,flu_admissions_native,equal_season_mean,1.1091365534790891,0.19993418722773085,2
"pilot_method=joint,forecast_targets=flu,pathogen_inputs=flu,correction_weeks=3,growth_anchor=1,joint_weight=0.1,correction_penalty=3.0,reporting_missingness=0,reporting_method=synchronous_log,reporting_strength=2.0,nowcast_weeks=4,lookback=10,ed_transform=logit,loss_weights=flu_hosp_ed,spatial=neighbors,decoder=residual2,sum_wis_weight=0.5,us_error=shared_factor,width=96,epochs=240,patience=25,batch_size=4,lr=0.0005,fit_partition=pathogen,covariate_encoder=summary,input_mode=scheduled_final,input_normalization=b0,evaluation_seasons=recent_two,actual_share=0.5",half,flu_admissions_native,equal_season_mean,1.111196510116923,0.17515233033357877,2
"pilot_method=joint,forecast_targets=flu,pathogen_inputs=flu,correction_weeks=3,growth_anchor=1,joint_weight=0.1,correction_penalty=3.0,reporting_missingness=0,reporting_method=synchronous_log,reporting_strength=2.0,nowcast_weeks=4,lookback=10,ed_transform=logit,loss_weights=flu_hosp_ed,spatial=neighbors,decoder=residual2,sum_wis_weight=0.5,us_error=shared_factor,width=96,epochs=240,patience=25,batch_size=4,lr=0.0005,fit_partition=pathogen,covariate_encoder=summary,input_mode=scheduled_final,input_normalization=b0,evaluation_seasons=recent_two,actual_share=0.5",raw,flu_admissions_native,equal_season_mean,1.1241123652290037,0.15348553820543914,2
"pilot_method=joint,forecast_targets=flu,pathogen_inputs=flu,correction_weeks=3,growth_anchor=1,joint_weight=0.1,correction_penalty=3.0,reporting_missingness=0,reporting_method=synchronous_log,reporting_strength=2.0,nowcast_weeks=4,lookback=10,ed_transform=logit,loss_weights=flu_hosp_ed,spatial=neighbors,decoder=residual2,sum_wis_weight=0.5,us_error=shared_factor,width=96,epochs=240,patience=25,batch_size=4,lr=0.0005,fit_partition=pathogen,covariate_encoder=summary,input_mode=scheduled_final,input_normalization=b0,evaluation_seasons=recent_two,actual_share=0.5",calibrated,flu_admissions_native,equal_season_mean,1.138392474517357,0.2450095246224123,2
"pilot_method=two_stage,pilot_nowcaster=real_tree,forecast_targets=flu,pathogen_inputs=flu,ili_units=flu_scaled,ili_steps=1200,correction_weeks=1,ili_training=pretrain,joint_weight=0.05,correction_penalty=30.0,correction_strength=0.75,reporting_strength=2.0,lookback=10,count_transform=sqrt,ed_transform=logit,loss_weights=flu_hosp_ed,width=96,epochs=160,patience=25,batch_size=16,fit_partition=pathogen,covariate_encoder=summary,signal_features=multiscale,covariate_set=kinsa,input_mode=scheduled_final,input_normalization=b0,evaluation_seasons=recent_two,correction_realizations=2,uncorrected_share=0.1",calibrated,flu_ed_native,2025-2026,0.7881436549746181,0.03061855252629859,2
"pilot_method=two_stage,pilot_nowcaster=real_tree,forecast_targets=flu,pathogen_inputs=flu,ili_units=flu_scaled,ili_steps=1200,correction_weeks=1,ili_training=pretrain,joint_weight=0.05,correction_penalty=30.0,correction_strength=0.75,reporting_strength=2.0,lookback=10,count_transform=sqrt,ed_transform=logit,loss_weights=flu_hosp_ed,width=96,epochs=160,patience=25,batch_size=16,fit_partition=pathogen,covariate_encoder=summary,signal_features=multiscale,covariate_set=kinsa,input_mode=scheduled_final,input_normalization=b0,evaluation_seasons=recent_two,correction_realizations=2,uncorrected_share=0.1",corrected,flu_ed_native,2025-2026,0.7968214680035508,0.026668025217949896,2
"pilot_method=two_stage,pilot_nowcaster=real_tree,forecast_targets=flu,pathogen_inputs=flu,ili_units=flu_scaled,ili_steps=1200,correction_weeks=1,ili_training=pretrain,joint_weight=0.05,correction_penalty=30.0,correction_strength=0.75,reporting_strength=2.0,lookback=10,count_transform=sqrt,ed_transform=logit,loss_weights=flu_hosp_ed,width=96,epochs=160,patience=25,batch_size=16,fit_partition=pathogen,covariate_encoder=summary,signal_features=multiscale,covariate_set=kinsa,input_mode=scheduled_final,input_normalization=b0,evaluation_seasons=recent_two,correction_realizations=2,uncorrected_share=0.1",half,flu_ed_native,2025-2026,0.7983848107084207,0.02607197003828219,2
"pilot_method=two_stage,pilot_nowcaster=real_tree,forecast_targets=flu,pathogen_inputs=flu,ili_units=flu_scaled,ili_steps=1200,correction_weeks=1,ili_training=pretrain,joint_weight=0.05,correction_penalty=30.0,correction_strength=0.75,reporting_strength=2.0,lookback=10,count_transform=sqrt,ed_transform=logit,loss_weights=flu_hosp_ed,width=96,epochs=160,patience=25,batch_size=16,fit_partition=pathogen,covariate_encoder=summary,signal_features=multiscale,covariate_set=kinsa,input_mode=scheduled_final,input_normalization=b0,evaluation_seasons=recent_two,correction_realizations=2,uncorrected_share=0.1",raw,flu_ed_native,2025-2026,0.8006805841054372,0.02503405410240814,2
"pilot_method=joint,pilot_nowcaster=real_tree,forecast_targets=flu,pathogen_inputs=flu,ili_units=flu_scaled,ili_steps=1200,correction_weeks=3,ili_training=pretrain,joint_weight=0.1,correction_penalty=3.0,reporting_strength=1.5,nowcast_weeks=4,lookback=10,ed_transform=logit,loss_weights=flu_hosp_ed,spatial=neighbors,decoder=quantile,latent=32,epochs=240,patience=25,lr=0.0005,fit_partition=pathogen,covariate_encoder=summary,input_mode=scheduled_final,input_normalization=b0,evaluation_seasons=recent_two,actual_share=0.5,nowcast_noise=1.0",calibrated,flu_ed_native,2025-2026,0.8116813196562804,0.008688345776803608,2
"pilot_method=joint,pilot_nowcaster=real_tree,forecast_targets=flu,pathogen_inputs=flu,ili_units=flu_scaled,ili_steps=1200,correction_weeks=3,ili_training=pretrain,joint_weight=0.1,correction_penalty=3.0,reporting_strength=1.5,nowcast_weeks=4,lookback=10,ed_transform=logit,loss_weights=flu_hosp_ed,spatial=neighbors,decoder=quantile,latent=32,epochs=240,patience=25,lr=0.0005,fit_partition=pathogen,covariate_encoder=summary,input_mode=scheduled_final,input_normalization=b0,evaluation_seasons=recent_two,actual_share=0.5,nowcast_noise=1.0",sampled,flu_ed_native,2025-2026,0.8270581927733784,0.012336148962286632,2
"pilot_method=joint,pilot_nowcaster=real_tree,forecast_targets=flu,pathogen_inputs=flu,ili_units=flu_scaled,ili_steps=1200,correction_weeks=3,ili_training=pretrain,joint_weight=0.1,correction_penalty=3.0,reporting_strength=1.5,nowcast_weeks=4,lookback=10,ed_transform=logit,loss_weights=flu_hosp_ed,spatial=neighbors,decoder=quantile,latent=32,epochs=240,patience=25,lr=0.0005,fit_partition=pathogen,covariate_encoder=summary,input_mode=scheduled_final,input_normalization=b0,evaluation_seasons=recent_two,actual_share=0.5,nowcast_noise=1.0",corrected,flu_ed_native,2025-2026,0.8273350811894549,0.012441250161657423,2
"pilot_method=joint,pilot_nowcaster=real_tree,forecast_targets=flu,pathogen_inputs=flu,ili_units=flu_scaled,ili_steps=1200,correction_weeks=3,ili_training=pretrain,joint_weight=0.1,correction_penalty=3.0,reporting_strength=1.5,nowcast_weeks=4,lookback=10,ed_transform=logit,loss_weights=flu_hosp_ed,spatial=neighbors,decoder=quantile,latent=32,epochs=240,patience=25,lr=0.0005,fit_partition=pathogen,covariate_encoder=summary,input_mode=scheduled_final,input_normalization=b0,evaluation_seasons=recent_two,actual_share=0.5,nowcast_noise=1.0",half,flu_ed_native,2025-2026,0.8285392182197677,0.012556378510960281,2
"pilot_method=joint,pilot_nowcaster=real_tree,forecast_targets=flu,pathogen_inputs=flu,ili_units=flu_scaled,ili_steps=1200,correction_weeks=3,ili_training=pretrain,joint_weight=0.1,correction_penalty=3.0,reporting_strength=1.5,nowcast_weeks=4,lookback=10,ed_transform=logit,loss_weights=flu_hosp_ed,spatial=neighbors,decoder=quantile,latent=32,epochs=240,patience=25,lr=0.0005,fit_partition=pathogen,covariate_encoder=summary,input_mode=scheduled_final,input_normalization=b0,evaluation_seasons=recent_two,actual_share=0.5,nowcast_noise=1.0",raw,flu_ed_native,2025-2026,0.8298582991671839,0.012617797474503463,2
"pilot_method=two_stage,pilot_nowcaster=real_tree,forecast_targets=flu,pathogen_inputs=flu,correction_weeks=2,joint_weight=0.05,correction_penalty=30.0,reporting_missingness=0,count_transform=sqrt,ed_transform=logit,loss_weights=flu_hosp_ed,width=96,epochs=160,patience=25,lr=0.002,fit_partition=pathogen,covariate_encoder=summary,covariate_set=kinsa,input_mode=scheduled_final,input_normalization=b0,evaluation_seasons=recent_two,actual_share=0.5",calibrated,flu_ed_native,2025-2026,0.8348767779162347,0.027174180068419033,2
"pilot_method=two_stage,pilot_nowcaster=real_tree,forecast_targets=flu,pathogen_inputs=flu,correction_weeks=2,joint_weight=0.05,correction_penalty=30.0,reporting_missingness=0,count_transform=sqrt,ed_transform=logit,loss_weights=flu_hosp_ed,width=96,epochs=160,patience=25,lr=0.002,fit_partition=pathogen,covariate_encoder=summary,covariate_set=kinsa,input_mode=scheduled_final,input_normalization=b0,evaluation_seasons=recent_two,actual_share=0.5",raw,flu_ed_native,2025-2026,0.841350533586231,0.03441562618080663,2
"pilot_method=two_stage,pilot_nowcaster=real_tree,forecast_targets=flu,pathogen_inputs=flu,correction_weeks=2,joint_weight=0.05,correction_penalty=30.0,reporting_missingness=0,count_transform=sqrt,ed_transform=logit,loss_weights=flu_hosp_ed,width=96,epochs=160,patience=25,lr=0.002,fit_partition=pathogen,covariate_encoder=summary,covariate_set=kinsa,input_mode=scheduled_final,input_normalization=b0,evaluation_seasons=recent_two,actual_share=0.5",half,flu_ed_native,2025-2026,0.8421102453745489,0.03502516472854732,2
"pilot_method=two_stage,pilot_nowcaster=real_tree,forecast_targets=flu,pathogen_inputs=flu,correction_weeks=2,joint_weight=0.05,correction_penalty=30.0,reporting_missingness=0,count_transform=sqrt,ed_transform=logit,loss_weights=flu_hosp_ed,width=96,epochs=160,patience=25,lr=0.002,fit_partition=pathogen,covariate_encoder=summary,covariate_set=kinsa,input_mode=scheduled_final,input_normalization=b0,evaluation_seasons=recent_two,actual_share=0.5",corrected,flu_ed_native,2025-2026,0.842996097198577,0.035571946560236746,2
"pilot_method=two_stage,pilot_nowcaster=real_tree,forecast_targets=flu,pathogen_inputs=flu,correction_weeks=2,joint_weight=0.05,correction_penalty=30.0,reporting_missingness=0,count_transform=sqrt,ed_transform=logit,loss_weights=flu_hosp_ed,width=96,epochs=160,patience=25,lr=0.002,fit_partition=pathogen,covariate_encoder=summary,covariate_set=kinsa,input_mode=scheduled_final,input_normalization=b0,evaluation_seasons=recent_two",corrected,flu_ed_native,2025-2026,0.849795852135494,0.0631611135528091,2
"pilot_method=joint,forecast_targets=flu,pathogen_inputs=flu,correction_weeks=2,reporting_random_strength=1,joint_weight=0.1,correction_penalty=3.0,reporting_missingness=0,nowcast_weeks=4,ed_transform=logit,loss_weights=flu_hosp_ed,spatial=neighbors,sum_wis_weight=0.25,width=96,epochs=240,patience=25,lr=0.0005,fit_partition=pathogen,covariate_encoder=summary,signal_features=multiscale,input_mode=scheduled_final,input_normalization=b0,evaluation_seasons=recent_two,actual_share=0.25",calibrated,flu_ed_native,2025-2026,0.8499968433087373,0.07010965063631658,2
"pilot_method=two_stage,pilot_nowcaster=real_tree,forecast_targets=flu,pathogen_inputs=flu,correction_weeks=2,joint_weight=0.05,correction_penalty=30.0,reporting_missingness=0,count_transform=sqrt,ed_transform=logit,loss_weights=flu_hosp_ed,width=96,epochs=160,patience=25,lr=0.002,fit_partition=pathogen,covariate_encoder=summary,covariate_set=kinsa,input_mode=scheduled_final,input_normalization=b0,evaluation_seasons=recent_two",half,flu_ed_native,2025-2026,0.8508113918882518,0.06184436638315095,2
"pilot_method=two_stage,pilot_nowcaster=real_tree,forecast_targets=flu,pathogen_inputs=flu,correction_weeks=2,joint_weight=0.05,correction_penalty=30.0,reporting_missingness=0,count_transform=sqrt,ed_transform=logit,loss_weights=flu_hosp_ed,width=96,epochs=160,patience=25,lr=0.002,fit_partition=pathogen,covariate_encoder=summary,covariate_set=kinsa,input_mode=scheduled_final,input_normalization=b0,evaluation_seasons=recent_two",raw,flu_ed_native,2025-2026,0.8521070992987774,0.06051441728820224,2
"pilot_method=joint,forecast_targets=flu,pathogen_inputs=flu,correction_weeks=2,reporting_random_strength=1,joint_weight=0.1,correction_penalty=3.0,reporting_missingness=0,nowcast_weeks=4,ed_transform=logit,loss_weights=flu_hosp_ed,spatial=neighbors,sum_wis_weight=0.25,width=96,epochs=240,patience=25,lr=0.0005,fit_partition=pathogen,covariate_encoder=summary,signal_features=multiscale,input_mode=scheduled_final,input_normalization=b0,evaluation_seasons=recent_two,actual_share=0.25",corrected,flu_ed_native,2025-2026,0.8645112696398278,0.07844046453270828,2
"pilot_method=joint,forecast_targets=flu,pathogen_inputs=flu,correction_weeks=2,reporting_random_strength=1,joint_weight=0.1,correction_penalty=3.0,reporting_missingness=0,nowcast_weeks=4,ed_transform=logit,loss_weights=flu_hosp_ed,spatial=neighbors,sum_wis_weight=0.25,width=96,epochs=240,patience=25,lr=0.0005,fit_partition=pathogen,covariate_encoder=summary,signal_features=multiscale,input_mode=scheduled_final,input_normalization=b0,evaluation_seasons=recent_two,actual_share=0.25",half,flu_ed_native,2025-2026,0.8649693888698666,0.07859899222389612,2
"pilot_method=joint,forecast_targets=flu,pathogen_inputs=flu,correction_weeks=2,reporting_random_strength=1,joint_weight=0.1,correction_penalty=3.0,reporting_missingness=0,nowcast_weeks=4,ed_transform=logit,loss_weights=flu_hosp_ed,spatial=neighbors,sum_wis_weight=0.25,width=96,epochs=240,patience=25,lr=0.0005,fit_partition=pathogen,covariate_encoder=summary,signal_features=multiscale,input_mode=scheduled_final,input_normalization=b0,evaluation_seasons=recent_two,actual_share=0.25",raw,flu_ed_native,2025-2026,0.8655940208384791,0.07880673828865135,2
"pilot_method=joint,forecast_targets=flu,pathogen_inputs=flu,correction_weeks=3,reporting_random_strength=1,joint_weight=0.1,correction_penalty=3.0,reporting_strength=2.0,nowcast_weeks=4,ed_transform=logit,loss_weights=flu_hosp_ed,spatial=neighbors,decoder=quantile,width=96,epochs=240,patience=25,fit_partition=pathogen,covariate_encoder=summary,input_mode=scheduled_final,input_normalization=b0,evaluation_seasons=recent_two,actual_share=1.0,log_loss_weight=0.25",calibrated,flu_ed_native,2025-2026,0.8705709760517375,0.03397654401229159,2
"pilot_method=joint,forecast_targets=flu,pathogen_inputs=flu,correction_weeks=2,joint_weight=0.1,correction_penalty=3.0,reporting_missingness=0,nowcast_weeks=4,ed_transform=logit,loss_weights=flu_hosp_ed,spatial=neighbors,sum_wis_weight=0.25,width=96,epochs=240,patience=25,lr=0.0005,fit_partition=pathogen,covariate_encoder=summary,input_mode=scheduled_final,input_normalization=b0,evaluation_seasons=recent_two",calibrated,flu_ed_native,2025-2026,0.8712479530732068,0.00588541461535855,2
"pilot_method=joint,forecast_targets=flu,pathogen_inputs=flu,correction_weeks=2,joint_weight=0.1,correction_penalty=3.0,reporting_missingness=0,nowcast_weeks=4,ed_transform=logit,loss_weights=flu_hosp_ed,spatial=neighbors,decoder=quantile,width=96,epochs=240,patience=25,lr=0.0005,fit_partition=pathogen,covariate_encoder=summary,input_mode=scheduled_final,input_normalization=b0,evaluation_seasons=recent_two",calibrated,flu_ed_native,2025-2026,0.8713701312550406,0.111067068165248,2
"pilot_method=two_stage,pilot_nowcaster=real_tree,forecast_targets=flu,pathogen_inputs=flu,correction_weeks=2,joint_weight=0.05,correction_penalty=30.0,reporting_missingness=0,count_transform=sqrt,ed_transform=logit,loss_weights=flu_hosp_ed,width=96,epochs=160,patience=25,lr=0.002,fit_partition=pathogen,covariate_encoder=summary,covariate_set=kinsa,input_mode=scheduled_final,input_normalization=b0,evaluation_seasons=recent_two",calibrated,flu_ed_native,2025-2026,0.8749769176372998,0.0874523999949192,2
"pilot_method=joint,forecast_targets=flu,pathogen_inputs=flu,correction_weeks=3,growth_anchor=1,joint_weight=0.1,correction_penalty=3.0,reporting_missingness=0,reporting_method=synchronous_log,reporting_strength=2.0,nowcast_weeks=4,lookback=10,ed_transform=logit,loss_weights=flu_hosp_ed,spatial=neighbors,decoder=residual2,sum_wis_weight=0.5,us_error=shared_factor,width=96,epochs=240,patience=25,batch_size=4,lr=0.0005,fit_partition=pathogen,covariate_encoder=summary,input_mode=scheduled_final,input_normalization=b0,evaluation_seasons=recent_two,actual_share=0.5",calibrated,flu_ed_native,2025-2026,0.8767246831046926,0.018165626069631336,2
"pilot_method=two_stage,pilot_nowcaster=real_tree,forecast_targets=flu,pathogen_inputs=flu,correction_weeks=2,joint_weight=0.05,correction_penalty=100.0,count_transform=sqrt,ed_transform=logit,loss_weights=flu_hosp_ed,spatial=distance,width=128,epochs=160,patience=25,lr=0.002,fit_partition=pathogen,weight_decay=3e-05,covariate_encoder=summary,covariate_set=kinsa,input_mode=scheduled_final,input_normalization=b0,evaluation_seasons=recent_two,actual_share=0.25,correction_realizations=4,uncorrected_share=0.1,log_loss_weight=1.0",corrected,flu_ed_native,2025-2026,0.8796256348583145,0.08486618235662897,2
"pilot_method=joint,forecast_targets=flu,pathogen_inputs=flu,correction_weeks=3,growth_anchor=1,joint_weight=0.1,correction_penalty=3.0,reporting_missingness=0,reporting_method=synchronous_log,reporting_strength=2.0,nowcast_weeks=4,lookback=10,ed_transform=logit,loss_weights=flu_hosp_ed,spatial=neighbors,decoder=residual2,sum_wis_weight=0.5,us_error=shared_factor,width=96,epochs=240,patience=25,batch_size=4,lr=0.0005,fit_partition=pathogen,covariate_encoder=summary,input_mode=scheduled_final,input_normalization=b0,evaluation_seasons=recent_two,actual_share=0.5",corrected,flu_ed_native,2025-2026,0.8868783095997936,0.031038891055140523,2
"pilot_method=joint,forecast_targets=flu,pathogen_inputs=flu,correction_weeks=2,joint_weight=0.1,correction_penalty=3.0,reporting_missingness=0,nowcast_weeks=4,ed_transform=logit,loss_weights=flu_hosp_ed,spatial=neighbors,decoder=quantile,width=96,epochs=240,patience=25,lr=0.0005,fit_partition=pathogen,covariate_encoder=summary,input_mode=scheduled_final,input_normalization=b0,evaluation_seasons=recent_two,actual_share=1.0",calibrated,flu_ed_native,2025-2026,0.8877229807801871,0.048270505689899774,2
"pilot_method=two_stage,pilot_nowcaster=real_tree,forecast_targets=flu,pathogen_inputs=flu,correction_weeks=2,joint_weight=0.05,correction_penalty=100.0,count_transform=sqrt,ed_transform=logit,loss_weights=flu_hosp_ed,spatial=distance,width=128,epochs=160,patience=25,lr=0.002,fit_partition=pathogen,weight_decay=3e-05,covariate_encoder=summary,covariate_set=kinsa,input_mode=scheduled_final,input_normalization=b0,evaluation_seasons=recent_two,actual_share=0.25,correction_realizations=4,uncorrected_share=0.1,log_loss_weight=1.0",half,flu_ed_native,2025-2026,0.8881379108224456,0.084306598750047,2
"pilot_method=joint,forecast_targets=flu,pathogen_inputs=flu,correction_weeks=2,joint_weight=0.1,correction_penalty=3.0,reporting_missingness=0,nowcast_weeks=4,ed_transform=logit,loss_weights=flu_hosp_ed,spatial=neighbors,sum_wis_weight=0.25,width=96,epochs=240,patience=25,lr=0.0005,fit_partition=pathogen,covariate_encoder=summary,input_mode=scheduled_final,input_normalization=b0,evaluation_seasons=recent_two",corrected,flu_ed_native,2025-2026,0.8910619862035908,0.009415146326710437,2
"pilot_method=joint,forecast_targets=flu,pathogen_inputs=flu,correction_weeks=3,growth_anchor=1,joint_weight=0.1,correction_penalty=3.0,reporting_missingness=0,reporting_method=synchronous_log,reporting_strength=2.0,nowcast_weeks=4,lookback=10,ed_transform=logit,loss_weights=flu_hosp_ed,spatial=neighbors,decoder=residual2,sum_wis_weight=0.5,us_error=shared_factor,width=96,epochs=240,patience=25,batch_size=4,lr=0.0005,fit_partition=pathogen,covariate_encoder=summary,input_mode=scheduled_final,input_normalization=b0,evaluation_seasons=recent_two,actual_share=0.5",half,flu_ed_native,2025-2026,0.8913081071604296,0.025873093087825812,2
"pilot_method=joint,forecast_targets=flu,pathogen_inputs=flu,correction_weeks=2,joint_weight=0.1,correction_penalty=3.0,reporting_missingness=0,nowcast_weeks=4,ed_transform=logit,loss_weights=flu_hosp_ed,spatial=neighbors,sum_wis_weight=0.25,width=96,epochs=240,patience=25,lr=0.0005,fit_partition=pathogen,covariate_encoder=summary,input_mode=scheduled_final,input_normalization=b0,evaluation_seasons=recent_two",half,flu_ed_native,2025-2026,0.8914070783379908,0.008850878460170263,2
"pilot_method=joint,forecast_targets=flu,pathogen_inputs=flu,correction_weeks=2,joint_weight=0.1,correction_penalty=3.0,reporting_missingness=0,nowcast_weeks=4,ed_transform=logit,loss_weights=flu_hosp_ed,spatial=neighbors,sum_wis_weight=0.25,width=96,epochs=240,patience=25,lr=0.0005,fit_partition=pathogen,covariate_encoder=summary,input_mode=scheduled_final,input_normalization=b0,evaluation_seasons=recent_two",raw,flu_ed_native,2025-2026,0.8922698879635294,0.008240885324318487,2
"pilot_method=joint,forecast_targets=flu,pathogen_inputs=flu,correction_weeks=2,joint_weight=0.1,correction_penalty=3.0,reporting_missingness=0,nowcast_weeks=4,ed_transform=logit,loss_weights=flu_hosp_ed,spatial=neighbors,decoder=quantile,width=96,epochs=240,patience=25,lr=0.0005,fit_partition=pathogen,covariate_encoder=summary,input_mode=scheduled_final,input_normalization=b0,evaluation_seasons=recent_two",corrected,flu_ed_native,2025-2026,0.8927071433320435,0.11835446005946947,2
"pilot_method=two_stage,pilot_nowcaster=real_tree,forecast_targets=flu,pathogen_inputs=flu,correction_weeks=2,joint_weight=0.05,correction_penalty=100.0,count_transform=sqrt,ed_transform=logit,loss_weights=flu_hosp_ed,spatial=distance,width=128,epochs=160,patience=25,lr=0.002,fit_partition=pathogen,weight_decay=3e-05,covariate_encoder=summary,covariate_set=kinsa,input_mode=scheduled_final,input_normalization=b0,evaluation_seasons=recent_two,actual_share=0.25,correction_realizations=4,uncorrected_share=0.1,log_loss_weight=1.0",calibrated,flu_ed_native,2025-2026,0.892810245938803,0.058724078373103596,2
"pilot_method=joint,forecast_targets=flu,pathogen_inputs=flu,correction_weeks=2,joint_weight=0.1,correction_penalty=3.0,reporting_missingness=0,nowcast_weeks=4,ed_transform=logit,loss_weights=flu_hosp_ed,spatial=neighbors,decoder=quantile,width=96,epochs=240,patience=25,lr=0.0005,fit_partition=pathogen,covariate_encoder=summary,input_mode=scheduled_final,input_normalization=b0,evaluation_seasons=recent_two",half,flu_ed_native,2025-2026,0.8930563762255674,0.1178507771114347,2
"pilot_method=joint,forecast_targets=flu,pathogen_inputs=flu,correction_weeks=2,joint_weight=0.1,correction_penalty=3.0,reporting_missingness=0,nowcast_weeks=4,ed_transform=logit,loss_weights=flu_hosp_ed,spatial=neighbors,decoder=quantile,width=96,epochs=240,patience=25,lr=0.0005,fit_partition=pathogen,covariate_encoder=summary,input_mode=scheduled_final,input_normalization=b0,evaluation_seasons=recent_two",raw,flu_ed_native,2025-2026,0.8934874956873171,0.1171904558931805,2
"pilot_method=joint,forecast_targets=flu,pathogen_inputs=flu,correction_weeks=3,reporting_random_strength=1,joint_weight=0.1,correction_penalty=3.0,reporting_strength=2.0,nowcast_weeks=4,ed_transform=logit,loss_weights=flu_hosp_ed,spatial=neighbors,decoder=quantile,width=96,epochs=240,patience=25,fit_partition=pathogen,covariate_encoder=summary,input_mode=scheduled_final,input_normalization=b0,evaluation_seasons=recent_two,actual_share=1.0,log_loss_weight=0.25",raw,flu_ed_native,2025-2026,0.894793974480077,0.04000427829774335,2
"pilot_method=joint,forecast_targets=flu,pathogen_inputs=flu,correction_weeks=3,reporting_random_strength=1,joint_weight=0.1,correction_penalty=3.0,reporting_strength=2.0,nowcast_weeks=4,ed_transform=logit,loss_weights=flu_hosp_ed,spatial=neighbors,decoder=quantile,width=96,epochs=240,patience=25,fit_partition=pathogen,covariate_encoder=summary,input_mode=scheduled_final,input_normalization=b0,evaluation_seasons=recent_two,actual_share=1.0,log_loss_weight=0.25",half,flu_ed_native,2025-2026,0.8951823753941864,0.040237672174234976,2
"pilot_method=joint,forecast_targets=flu,pathogen_inputs=flu,correction_weeks=3,reporting_random_strength=1,joint_weight=0.1,correction_penalty=3.0,reporting_strength=2.0,nowcast_weeks=4,ed_transform=logit,loss_weights=flu_hosp_ed,spatial=neighbors,decoder=quantile,width=96,epochs=240,patience=25,fit_partition=pathogen,covariate_encoder=summary,input_mode=scheduled_final,input_normalization=b0,evaluation_seasons=recent_two,actual_share=1.0,log_loss_weight=0.25",corrected,flu_ed_native,2025-2026,0.8955624788331902,0.04047605590219441,2
"pilot_method=joint,forecast_targets=flu,pathogen_inputs=flu,correction_weeks=3,growth_anchor=1,joint_weight=0.1,correction_penalty=3.0,reporting_missingness=0,reporting_method=synchronous_log,reporting_strength=2.0,nowcast_weeks=4,lookback=10,ed_transform=logit,loss_weights=flu_hosp_ed,spatial=neighbors,decoder=residual2,sum_wis_weight=0.5,us_error=shared_factor,width=96,epochs=240,patience=25,batch_size=4,lr=0.0005,fit_partition=pathogen,covariate_encoder=summary,input_mode=scheduled_final,input_normalization=b0,evaluation_seasons=recent_two,actual_share=0.5",raw,flu_ed_native,2025-2026,0.8969390003234244,0.020371446554684546,2
"pilot_method=two_stage,pilot_nowcaster=real_tree,forecast_targets=flu,pathogen_inputs=flu,correction_weeks=2,joint_weight=0.05,correction_penalty=100.0,count_transform=sqrt,ed_transform=logit,loss_weights=flu_hosp_ed,spatial=distance,width=128,epochs=160,patience=25,lr=0.002,fit_partition=pathogen,weight_decay=3e-05,covariate_encoder=summary,covariate_set=kinsa,input_mode=scheduled_final,input_normalization=b0,evaluation_seasons=recent_two,actual_share=0.25,correction_realizations=4,uncorrected_share=0.1,log_loss_weight=1.0",raw,flu_ed_native,2025-2026,0.8976500864814927,0.08343551292026748,2
"pilot_method=joint,forecast_targets=flu,pathogen_inputs=flu,correction_weeks=2,reporting_random_strength=1,joint_weight=0.1,correction_penalty=300.0,reporting_missingness=0,nowcast_weeks=4,ed_transform=logit,loss_weights=flu_hosp_ed,spatial=neighbors,sum_wis_weight=0.25,width=96,epochs=240,patience=25,lr=0.0005,fit_partition=pathogen,covariate_encoder=summary,input_mode=scheduled_final,input_normalization=b0,evaluation_seasons=recent_two,actual_share=0.5,log_loss_weight=0.25",calibrated,flu_ed_native,2025-2026,0.8983838903909954,0.002823399318578261,2
"pilot_method=two_stage,pilot_nowcaster=real_tree,forecast_targets=flu,pathogen_inputs=flu,correction_weeks=2,joint_weight=0.05,correction_penalty=30.0,reporting_missingness=0,count_transform=sqrt,ed_transform=logit,loss_weights=flu_hosp_ed,width=96,epochs=160,patience=25,batch_size=16,lr=0.002,fit_partition=pathogen,covariate_encoder=summary,covariate_set=kinsa,input_mode=scheduled_final,input_normalization=b0,evaluation_seasons=recent_two,actual_share=0.5,log_loss_weight=0.5",raw,flu_ed_native,2025-2026,0.9010584813849407,0.03522053427359476,2
"pilot_method=joint,forecast_targets=flu,pathogen_inputs=flu,correction_weeks=2,joint_weight=0.1,correction_penalty=3.0,reporting_missingness=0,nowcast_weeks=4,ed_transform=logit,loss_weights=flu_hosp_ed,spatial=neighbors,decoder=quantile,width=96,epochs=240,patience=25,batch_size=16,lr=0.0005,fit_partition=pathogen,covariate_encoder=summary,input_mode=scheduled_final,input_normalization=b0,evaluation_seasons=recent_two,actual_share=1.0",calibrated,flu_ed_native,2025-2026,0.9014019114848479,0.10336374457041415,2
"pilot_method=two_stage,pilot_nowcaster=real_tree,forecast_targets=flu,pathogen_inputs=flu,correction_weeks=2,joint_weight=0.05,correction_penalty=30.0,reporting_missingness=0,count_transform=sqrt,ed_transform=logit,loss_weights=flu_hosp_ed,width=96,epochs=160,patience=25,batch_size=16,lr=0.002,fit_partition=pathogen,covariate_encoder=summary,covariate_set=kinsa,input_mode=scheduled_final,input_normalization=b0,evaluation_seasons=recent_two,actual_share=0.5,log_loss_weight=0.5",half,flu_ed_native,2025-2026,0.9016921444797878,0.033438155645791154,2
"pilot_method=two_stage,pilot_nowcaster=real_tree,forecast_targets=flu,pathogen_inputs=flu,correction_weeks=2,joint_weight=0.05,correction_penalty=30.0,reporting_missingness=0,count_transform=sqrt,ed_transform=logit,loss_weights=flu_hosp_ed,width=96,epochs=160,patience=25,batch_size=16,lr=0.002,fit_partition=pathogen,covariate_encoder=summary,covariate_set=kinsa,input_mode=scheduled_final,input_normalization=b0,evaluation_seasons=recent_two,actual_share=0.5,log_loss_weight=0.5",corrected,flu_ed_native,2025-2026,0.902641667715744,0.03137973696088211,2
"pilot_method=joint,forecast_targets=flu,pathogen_inputs=flu,correction_weeks=2,joint_weight=0.1,correction_penalty=3.0,reporting_missingness=0,nowcast_weeks=4,ed_transform=logit,loss_weights=flu_hosp_ed,spatial=neighbors,decoder=quantile,width=96,epochs=240,patience=25,lr=0.0005,fit_partition=pathogen,covariate_encoder=summary,input_mode=scheduled_final,input_normalization=b0,evaluation_seasons=recent_two,actual_share=1.0",corrected,flu_ed_native,2025-2026,0.9105210340441112,0.046678419179670534,2
"pilot_method=joint,forecast_targets=flu,pathogen_inputs=flu,correction_weeks=2,joint_weight=0.1,correction_penalty=3.0,reporting_missingness=0,nowcast_weeks=4,ed_transform=logit,loss_weights=flu_hosp_ed,spatial=neighbors,decoder=quantile,width=96,epochs=240,patience=25,lr=0.0005,fit_partition=pathogen,covariate_encoder=summary,input_mode=scheduled_final,input_normalization=b0,evaluation_seasons=recent_two,actual_share=1.0",half,flu_ed_native,2025-2026,0.9105765599634897,0.04679618992385729,2
"pilot_method=joint,forecast_targets=flu,pathogen_inputs=flu,correction_weeks=2,joint_weight=0.1,correction_penalty=3.0,reporting_missingness=0,nowcast_weeks=4,ed_transform=logit,loss_weights=flu_hosp_ed,spatial=neighbors,decoder=quantile,width=96,epochs=240,patience=25,lr=0.0005,fit_partition=pathogen,covariate_encoder=summary,input_mode=scheduled_final,input_normalization=b0,evaluation_seasons=recent_two,actual_share=1.0",raw,flu_ed_native,2025-2026,0.9105852857065799,0.04690003174304856,2
"pilot_method=two_stage,pilot_nowcaster=real_tree,forecast_targets=flu,pathogen_inputs=flu,correction_weeks=2,joint_weight=0.05,correction_penalty=30.0,reporting_missingness=0,count_transform=sqrt,ed_transform=logit,loss_weights=flu_hosp_ed,width=96,epochs=160,patience=25,batch_size=16,lr=0.002,fit_partition=pathogen,covariate_encoder=summary,covariate_set=kinsa,input_mode=scheduled_final,input_normalization=b0,evaluation_seasons=recent_two,actual_share=0.5,log_loss_weight=0.5",calibrated,flu_ed_native,2025-2026,0.9155328759570174,0.057284628349592755,2
"pilot_method=joint,forecast_targets=flu,pathogen_inputs=flu,correction_weeks=2,reporting_random_strength=1,joint_weight=0.1,correction_penalty=300.0,reporting_missingness=0,nowcast_weeks=4,ed_transform=logit,loss_weights=flu_hosp_ed,spatial=neighbors,sum_wis_weight=0.25,width=96,epochs=240,patience=25,lr=0.0005,fit_partition=pathogen,covariate_encoder=summary,input_mode=scheduled_final,input_normalization=b0,evaluation_seasons=recent_two,actual_share=0.5,log_loss_weight=0.25",half,flu_ed_native,2025-2026,0.9194971911698699,0.003519701926201485,2
"pilot_method=joint,forecast_targets=flu,pathogen_inputs=flu,correction_weeks=2,reporting_random_strength=1,joint_weight=0.1,correction_penalty=300.0,reporting_missingness=0,nowcast_weeks=4,ed_transform=logit,loss_weights=flu_hosp_ed,spatial=neighbors,sum_wis_weight=0.25,width=96,epochs=240,patience=25,lr=0.0005,fit_partition=pathogen,covariate_encoder=summary,input_mode=scheduled_final,input_normalization=b0,evaluation_seasons=recent_two,actual_share=0.5,log_loss_weight=0.25",corrected,flu_ed_native,2025-2026,0.9195544447828712,0.0028381154184624184,2
"pilot_method=joint,forecast_targets=flu,pathogen_inputs=flu,correction_weeks=2,reporting_random_strength=1,joint_weight=0.1,correction_penalty=300.0,reporting_missingness=0,nowcast_weeks=4,ed_transform=logit,loss_weights=flu_hosp_ed,spatial=neighbors,sum_wis_weight=0.25,width=96,epochs=240,patience=25,lr=0.0005,fit_partition=pathogen,covariate_encoder=summary,input_mode=scheduled_final,input_normalization=b0,evaluation_seasons=recent_two,actual_share=0.5,log_loss_weight=0.25",raw,flu_ed_native,2025-2026,0.9196817498436568,0.004183073010266144,2
"pilot_method=joint,forecast_targets=flu,pathogen_inputs=flu,correction_weeks=2,joint_weight=0.1,correction_penalty=3.0,reporting_missingness=0,nowcast_weeks=4,ed_transform=logit,loss_weights=flu_hosp_ed,spatial=neighbors,decoder=quantile,width=96,epochs=240,patience=25,batch_size=16,lr=0.0005,fit_partition=pathogen,covariate_encoder=summary,input_mode=scheduled_final,input_normalization=b0,evaluation_seasons=recent_two,actual_share=1.0",corrected,flu_ed_native,2025-2026,0.9312346057619263,0.12216435108995392,2
"pilot_method=joint,forecast_targets=flu,pathogen_inputs=flu,correction_weeks=2,joint_weight=0.1,correction_penalty=3.0,reporting_missingness=0,nowcast_weeks=4,ed_transform=logit,loss_weights=flu_hosp_ed,spatial=neighbors,decoder=quantile,width=96,epochs=240,patience=25,batch_size=16,lr=0.0005,fit_partition=pathogen,covariate_encoder=summary,input_mode=scheduled_final,input_normalization=b0,evaluation_seasons=recent_two,actual_share=1.0",half,flu_ed_native,2025-2026,0.931379080716019,0.12147359247280629,2
"pilot_method=joint,forecast_targets=flu,pathogen_inputs=flu,correction_weeks=2,joint_weight=0.1,correction_penalty=3.0,reporting_missingness=0,nowcast_weeks=4,ed_transform=logit,loss_weights=flu_hosp_ed,spatial=neighbors,decoder=quantile,width=96,epochs=240,patience=25,batch_size=16,lr=0.0005,fit_partition=pathogen,covariate_encoder=summary,input_mode=scheduled_final,input_normalization=b0,evaluation_seasons=recent_two,actual_share=1.0",raw,flu_ed_native,2025-2026,0.9314632124428687,0.12071638381385856,2
"pilot_method=two_stage,pilot_nowcaster=real_tree,forecast_targets=flu,pathogen_inputs=flu,correction_weeks=2,joint_weight=0.05,correction_penalty=30.0,reporting_missingness=0,count_transform=sqrt,ed_transform=logit,loss_weights=flu_hosp_ed,width=96,epochs=160,patience=25,lr=0.002,fit_partition=pathogen,covariate_encoder=summary,covariate_set=kinsa,input_mode=scheduled_final,input_normalization=b0,evaluation_seasons=recent_two,log_loss_weight=0.5",calibrated,flu_ed_native,2025-2026,1.004238576546869,0.21488791035429453,2
"pilot_method=two_stage,pilot_nowcaster=real_tree,forecast_targets=flu,pathogen_inputs=flu,correction_weeks=2,joint_weight=0.05,correction_penalty=30.0,reporting_missingness=0,count_transform=sqrt,ed_transform=logit,loss_weights=flu_hosp_ed,width=96,epochs=160,patience=25,lr=0.002,fit_partition=pathogen,covariate_encoder=summary,covariate_set=kinsa,input_mode=scheduled_final,input_normalization=b0,evaluation_seasons=recent_two,log_loss_weight=0.5",raw,flu_ed_native,2025-2026,1.0164120382054527,0.23244267231533836,2
"pilot_method=two_stage,pilot_nowcaster=real_tree,forecast_targets=flu,pathogen_inputs=flu,correction_weeks=2,joint_weight=0.05,correction_penalty=30.0,reporting_missingness=0,count_transform=sqrt,ed_transform=logit,loss_weights=flu_hosp_ed,width=96,epochs=160,patience=25,lr=0.002,fit_partition=pathogen,covariate_encoder=summary,covariate_set=kinsa,input_mode=scheduled_final,input_normalization=b0,evaluation_seasons=recent_two,log_loss_weight=0.5",half,flu_ed_native,2025-2026,1.0207384580511636,0.23214756013759702,2
"pilot_method=two_stage,pilot_nowcaster=real_tree,forecast_targets=flu,pathogen_inputs=flu,correction_weeks=2,joint_weight=0.05,correction_penalty=30.0,reporting_missingness=0,count_transform=sqrt,ed_transform=logit,loss_weights=flu_hosp_ed,width=96,epochs=160,patience=25,lr=0.002,fit_partition=pathogen,covariate_encoder=summary,covariate_set=kinsa,input_mode=scheduled_final,input_normalization=b0,evaluation_seasons=recent_two,log_loss_weight=0.5",corrected,flu_ed_native,2025-2026,1.025393982934091,0.2312000313816765,2
"pilot_method=two_stage,pilot_nowcaster=real_tree,forecast_targets=flu,pathogen_inputs=flu,ili_units=flu_scaled,ili_steps=1200,correction_weeks=1,ili_training=pretrain,joint_weight=0.05,correction_penalty=30.0,correction_strength=0.75,reporting_strength=2.0,lookback=10,count_transform=sqrt,ed_transform=logit,loss_weights=flu_hosp_ed,width=96,epochs=160,patience=25,batch_size=16,fit_partition=pathogen,covariate_encoder=summary,signal_features=multiscale,covariate_set=kinsa,input_mode=scheduled_final,input_normalization=b0,evaluation_seasons=recent_two,correction_realizations=2,uncorrected_share=0.1",calibrated,flu_ed_native,available_season_mean,0.7881436549746181,0.03061855252629859,2
"pilot_method=two_stage,pilot_nowcaster=real_tree,forecast_targets=flu,pathogen_inputs=flu,ili_units=flu_scaled,ili_steps=1200,correction_weeks=1,ili_training=pretrain,joint_weight=0.05,correction_penalty=30.0,correction_strength=0.75,reporting_strength=2.0,lookback=10,count_transform=sqrt,ed_transform=logit,loss_weights=flu_hosp_ed,width=96,epochs=160,patience=25,batch_size=16,fit_partition=pathogen,covariate_encoder=summary,signal_features=multiscale,covariate_set=kinsa,input_mode=scheduled_final,input_normalization=b0,evaluation_seasons=recent_two,correction_realizations=2,uncorrected_share=0.1",corrected,flu_ed_native,available_season_mean,0.7968214680035508,0.026668025217949896,2
"pilot_method=two_stage,pilot_nowcaster=real_tree,forecast_targets=flu,pathogen_inputs=flu,ili_units=flu_scaled,ili_steps=1200,correction_weeks=1,ili_training=pretrain,joint_weight=0.05,correction_penalty=30.0,correction_strength=0.75,reporting_strength=2.0,lookback=10,count_transform=sqrt,ed_transform=logit,loss_weights=flu_hosp_ed,width=96,epochs=160,patience=25,batch_size=16,fit_partition=pathogen,covariate_encoder=summary,signal_features=multiscale,covariate_set=kinsa,input_mode=scheduled_final,input_normalization=b0,evaluation_seasons=recent_two,correction_realizations=2,uncorrected_share=0.1",half,flu_ed_native,available_season_mean,0.7983848107084207,0.02607197003828219,2
"pilot_method=two_stage,pilot_nowcaster=real_tree,forecast_targets=flu,pathogen_inputs=flu,ili_units=flu_scaled,ili_steps=1200,correction_weeks=1,ili_training=pretrain,joint_weight=0.05,correction_penalty=30.0,correction_strength=0.75,reporting_strength=2.0,lookback=10,count_transform=sqrt,ed_transform=logit,loss_weights=flu_hosp_ed,width=96,epochs=160,patience=25,batch_size=16,fit_partition=pathogen,covariate_encoder=summary,signal_features=multiscale,covariate_set=kinsa,input_mode=scheduled_final,input_normalization=b0,evaluation_seasons=recent_two,correction_realizations=2,uncorrected_share=0.1",raw,flu_ed_native,available_season_mean,0.8006805841054372,0.02503405410240814,2
"pilot_method=joint,pilot_nowcaster=real_tree,forecast_targets=flu,pathogen_inputs=flu,ili_units=flu_scaled,ili_steps=1200,correction_weeks=3,ili_training=pretrain,joint_weight=0.1,correction_penalty=3.0,reporting_strength=1.5,nowcast_weeks=4,lookback=10,ed_transform=logit,loss_weights=flu_hosp_ed,spatial=neighbors,decoder=quantile,latent=32,epochs=240,patience=25,lr=0.0005,fit_partition=pathogen,covariate_encoder=summary,input_mode=scheduled_final,input_normalization=b0,evaluation_seasons=recent_two,actual_share=0.5,nowcast_noise=1.0",calibrated,flu_ed_native,available_season_mean,0.8116813196562804,0.008688345776803608,2
"pilot_method=joint,pilot_nowcaster=real_tree,forecast_targets=flu,pathogen_inputs=flu,ili_units=flu_scaled,ili_steps=1200,correction_weeks=3,ili_training=pretrain,joint_weight=0.1,correction_penalty=3.0,reporting_strength=1.5,nowcast_weeks=4,lookback=10,ed_transform=logit,loss_weights=flu_hosp_ed,spatial=neighbors,decoder=quantile,latent=32,epochs=240,patience=25,lr=0.0005,fit_partition=pathogen,covariate_encoder=summary,input_mode=scheduled_final,input_normalization=b0,evaluation_seasons=recent_two,actual_share=0.5,nowcast_noise=1.0",sampled,flu_ed_native,available_season_mean,0.8270581927733784,0.012336148962286632,2
"pilot_method=joint,pilot_nowcaster=real_tree,forecast_targets=flu,pathogen_inputs=flu,ili_units=flu_scaled,ili_steps=1200,correction_weeks=3,ili_training=pretrain,joint_weight=0.1,correction_penalty=3.0,reporting_strength=1.5,nowcast_weeks=4,lookback=10,ed_transform=logit,loss_weights=flu_hosp_ed,spatial=neighbors,decoder=quantile,latent=32,epochs=240,patience=25,lr=0.0005,fit_partition=pathogen,covariate_encoder=summary,input_mode=scheduled_final,input_normalization=b0,evaluation_seasons=recent_two,actual_share=0.5,nowcast_noise=1.0",corrected,flu_ed_native,available_season_mean,0.8273350811894549,0.012441250161657423,2
"pilot_method=joint,pilot_nowcaster=real_tree,forecast_targets=flu,pathogen_inputs=flu,ili_units=flu_scaled,ili_steps=1200,correction_weeks=3,ili_training=pretrain,joint_weight=0.1,correction_penalty=3.0,reporting_strength=1.5,nowcast_weeks=4,lookback=10,ed_transform=logit,loss_weights=flu_hosp_ed,spatial=neighbors,decoder=quantile,latent=32,epochs=240,patience=25,lr=0.0005,fit_partition=pathogen,covariate_encoder=summary,input_mode=scheduled_final,input_normalization=b0,evaluation_seasons=recent_two,actual_share=0.5,nowcast_noise=1.0",half,flu_ed_native,available_season_mean,0.8285392182197677,0.012556378510960281,2
"pilot_method=joint,pilot_nowcaster=real_tree,forecast_targets=flu,pathogen_inputs=flu,ili_units=flu_scaled,ili_steps=1200,correction_weeks=3,ili_training=pretrain,joint_weight=0.1,correction_penalty=3.0,reporting_strength=1.5,nowcast_weeks=4,lookback=10,ed_transform=logit,loss_weights=flu_hosp_ed,spatial=neighbors,decoder=quantile,latent=32,epochs=240,patience=25,lr=0.0005,fit_partition=pathogen,covariate_encoder=summary,input_mode=scheduled_final,input_normalization=b0,evaluation_seasons=recent_two,actual_share=0.5,nowcast_noise=1.0",raw,flu_ed_native,available_season_mean,0.8298582991671839,0.012617797474503463,2
"pilot_method=two_stage,pilot_nowcaster=real_tree,forecast_targets=flu,pathogen_inputs=flu,correction_weeks=2,joint_weight=0.05,correction_penalty=30.0,reporting_missingness=0,count_transform=sqrt,ed_transform=logit,loss_weights=flu_hosp_ed,width=96,epochs=160,patience=25,lr=0.002,fit_partition=pathogen,covariate_encoder=summary,covariate_set=kinsa,input_mode=scheduled_final,input_normalization=b0,evaluation_seasons=recent_two,actual_share=0.5",calibrated,flu_ed_native,available_season_mean,0.8348767779162347,0.027174180068419033,2
"pilot_method=two_stage,pilot_nowcaster=real_tree,forecast_targets=flu,pathogen_inputs=flu,correction_weeks=2,joint_weight=0.05,correction_penalty=30.0,reporting_missingness=0,count_transform=sqrt,ed_transform=logit,loss_weights=flu_hosp_ed,width=96,epochs=160,patience=25,lr=0.002,fit_partition=pathogen,covariate_encoder=summary,covariate_set=kinsa,input_mode=scheduled_final,input_normalization=b0,evaluation_seasons=recent_two,actual_share=0.5",raw,flu_ed_native,available_season_mean,0.841350533586231,0.03441562618080663,2
"pilot_method=two_stage,pilot_nowcaster=real_tree,forecast_targets=flu,pathogen_inputs=flu,correction_weeks=2,joint_weight=0.05,correction_penalty=30.0,reporting_missingness=0,count_transform=sqrt,ed_transform=logit,loss_weights=flu_hosp_ed,width=96,epochs=160,patience=25,lr=0.002,fit_partition=pathogen,covariate_encoder=summary,covariate_set=kinsa,input_mode=scheduled_final,input_normalization=b0,evaluation_seasons=recent_two,actual_share=0.5",half,flu_ed_native,available_season_mean,0.8421102453745489,0.03502516472854732,2
"pilot_method=two_stage,pilot_nowcaster=real_tree,forecast_targets=flu,pathogen_inputs=flu,correction_weeks=2,joint_weight=0.05,correction_penalty=30.0,reporting_missingness=0,count_transform=sqrt,ed_transform=logit,loss_weights=flu_hosp_ed,width=96,epochs=160,patience=25,lr=0.002,fit_partition=pathogen,covariate_encoder=summary,covariate_set=kinsa,input_mode=scheduled_final,input_normalization=b0,evaluation_seasons=recent_two,actual_share=0.5",corrected,flu_ed_native,available_season_mean,0.842996097198577,0.035571946560236746,2
"pilot_method=two_stage,pilot_nowcaster=real_tree,forecast_targets=flu,pathogen_inputs=flu,correction_weeks=2,joint_weight=0.05,correction_penalty=30.0,reporting_missingness=0,count_transform=sqrt,ed_transform=logit,loss_weights=flu_hosp_ed,width=96,epochs=160,patience=25,lr=0.002,fit_partition=pathogen,covariate_encoder=summary,covariate_set=kinsa,input_mode=scheduled_final,input_normalization=b0,evaluation_seasons=recent_two",corrected,flu_ed_native,available_season_mean,0.849795852135494,0.0631611135528091,2
"pilot_method=joint,forecast_targets=flu,pathogen_inputs=flu,correction_weeks=2,reporting_random_strength=1,joint_weight=0.1,correction_penalty=3.0,reporting_missingness=0,nowcast_weeks=4,ed_transform=logit,loss_weights=flu_hosp_ed,spatial=neighbors,sum_wis_weight=0.25,width=96,epochs=240,patience=25,lr=0.0005,fit_partition=pathogen,covariate_encoder=summary,signal_features=multiscale,input_mode=scheduled_final,input_normalization=b0,evaluation_seasons=recent_two,actual_share=0.25",calibrated,flu_ed_native,available_season_mean,0.8499968433087373,0.07010965063631658,2
"pilot_method=two_stage,pilot_nowcaster=real_tree,forecast_targets=flu,pathogen_inputs=flu,correction_weeks=2,joint_weight=0.05,correction_penalty=30.0,reporting_missingness=0,count_transform=sqrt,ed_transform=logit,loss_weights=flu_hosp_ed,width=96,epochs=160,patience=25,lr=0.002,fit_partition=pathogen,covariate_encoder=summary,covariate_set=kinsa,input_mode=scheduled_final,input_normalization=b0,evaluation_seasons=recent_two",half,flu_ed_native,available_season_mean,0.8508113918882518,0.06184436638315095,2
"pilot_method=two_stage,pilot_nowcaster=real_tree,forecast_targets=flu,pathogen_inputs=flu,correction_weeks=2,joint_weight=0.05,correction_penalty=30.0,reporting_missingness=0,count_transform=sqrt,ed_transform=logit,loss_weights=flu_hosp_ed,width=96,epochs=160,patience=25,lr=0.002,fit_partition=pathogen,covariate_encoder=summary,covariate_set=kinsa,input_mode=scheduled_final,input_normalization=b0,evaluation_seasons=recent_two",raw,flu_ed_native,available_season_mean,0.8521070992987774,0.06051441728820224,2
"pilot_method=joint,forecast_targets=flu,pathogen_inputs=flu,correction_weeks=2,reporting_random_strength=1,joint_weight=0.1,correction_penalty=3.0,reporting_missingness=0,nowcast_weeks=4,ed_transform=logit,loss_weights=flu_hosp_ed,spatial=neighbors,sum_wis_weight=0.25,width=96,epochs=240,patience=25,lr=0.0005,fit_partition=pathogen,covariate_encoder=summary,signal_features=multiscale,input_mode=scheduled_final,input_normalization=b0,evaluation_seasons=recent_two,actual_share=0.25",corrected,flu_ed_native,available_season_mean,0.8645112696398278,0.07844046453270828,2
"pilot_method=joint,forecast_targets=flu,pathogen_inputs=flu,correction_weeks=2,reporting_random_strength=1,joint_weight=0.1,correction_penalty=3.0,reporting_missingness=0,nowcast_weeks=4,ed_transform=logit,loss_weights=flu_hosp_ed,spatial=neighbors,sum_wis_weight=0.25,width=96,epochs=240,patience=25,lr=0.0005,fit_partition=pathogen,covariate_encoder=summary,signal_features=multiscale,input_mode=scheduled_final,input_normalization=b0,evaluation_seasons=recent_two,actual_share=0.25",half,flu_ed_native,available_season_mean,0.8649693888698666,0.07859899222389612,2
"pilot_method=joint,forecast_targets=flu,pathogen_inputs=flu,correction_weeks=2,reporting_random_strength=1,joint_weight=0.1,correction_penalty=3.0,reporting_missingness=0,nowcast_weeks=4,ed_transform=logit,loss_weights=flu_hosp_ed,spatial=neighbors,sum_wis_weight=0.25,width=96,epochs=240,patience=25,lr=0.0005,fit_partition=pathogen,covariate_encoder=summary,signal_features=multiscale,input_mode=scheduled_final,input_normalization=b0,evaluation_seasons=recent_two,actual_share=0.25",raw,flu_ed_native,available_season_mean,0.8655940208384791,0.07880673828865135,2
"pilot_method=joint,forecast_targets=flu,pathogen_inputs=flu,correction_weeks=3,reporting_random_strength=1,joint_weight=0.1,correction_penalty=3.0,reporting_strength=2.0,nowcast_weeks=4,ed_transform=logit,loss_weights=flu_hosp_ed,spatial=neighbors,decoder=quantile,width=96,epochs=240,patience=25,fit_partition=pathogen,covariate_encoder=summary,input_mode=scheduled_final,input_normalization=b0,evaluation_seasons=recent_two,actual_share=1.0,log_loss_weight=0.25",calibrated,flu_ed_native,available_season_mean,0.8705709760517375,0.03397654401229159,2
"pilot_method=joint,forecast_targets=flu,pathogen_inputs=flu,correction_weeks=2,joint_weight=0.1,correction_penalty=3.0,reporting_missingness=0,nowcast_weeks=4,ed_transform=logit,loss_weights=flu_hosp_ed,spatial=neighbors,sum_wis_weight=0.25,width=96,epochs=240,patience=25,lr=0.0005,fit_partition=pathogen,covariate_encoder=summary,input_mode=scheduled_final,input_normalization=b0,evaluation_seasons=recent_two",calibrated,flu_ed_native,available_season_mean,0.8712479530732068,0.00588541461535855,2
"pilot_method=joint,forecast_targets=flu,pathogen_inputs=flu,correction_weeks=2,joint_weight=0.1,correction_penalty=3.0,reporting_missingness=0,nowcast_weeks=4,ed_transform=logit,loss_weights=flu_hosp_ed,spatial=neighbors,decoder=quantile,width=96,epochs=240,patience=25,lr=0.0005,fit_partition=pathogen,covariate_encoder=summary,input_mode=scheduled_final,input_normalization=b0,evaluation_seasons=recent_two",calibrated,flu_ed_native,available_season_mean,0.8713701312550406,0.111067068165248,2
"pilot_method=two_stage,pilot_nowcaster=real_tree,forecast_targets=flu,pathogen_inputs=flu,correction_weeks=2,joint_weight=0.05,correction_penalty=30.0,reporting_missingness=0,count_transform=sqrt,ed_transform=logit,loss_weights=flu_hosp_ed,width=96,epochs=160,patience=25,lr=0.002,fit_partition=pathogen,covariate_encoder=summary,covariate_set=kinsa,input_mode=scheduled_final,input_normalization=b0,evaluation_seasons=recent_two",calibrated,flu_ed_native,available_season_mean,0.8749769176372998,0.0874523999949192,2
"pilot_method=joint,forecast_targets=flu,pathogen_inputs=flu,correction_weeks=3,growth_anchor=1,joint_weight=0.1,correction_penalty=3.0,reporting_missingness=0,reporting_method=synchronous_log,reporting_strength=2.0,nowcast_weeks=4,lookback=10,ed_transform=logit,loss_weights=flu_hosp_ed,spatial=neighbors,decoder=residual2,sum_wis_weight=0.5,us_error=shared_factor,width=96,epochs=240,patience=25,batch_size=4,lr=0.0005,fit_partition=pathogen,covariate_encoder=summary,input_mode=scheduled_final,input_normalization=b0,evaluation_seasons=recent_two,actual_share=0.5",calibrated,flu_ed_native,available_season_mean,0.8767246831046926,0.018165626069631336,2
"pilot_method=two_stage,pilot_nowcaster=real_tree,forecast_targets=flu,pathogen_inputs=flu,correction_weeks=2,joint_weight=0.05,correction_penalty=100.0,count_transform=sqrt,ed_transform=logit,loss_weights=flu_hosp_ed,spatial=distance,width=128,epochs=160,patience=25,lr=0.002,fit_partition=pathogen,weight_decay=3e-05,covariate_encoder=summary,covariate_set=kinsa,input_mode=scheduled_final,input_normalization=b0,evaluation_seasons=recent_two,actual_share=0.25,correction_realizations=4,uncorrected_share=0.1,log_loss_weight=1.0",corrected,flu_ed_native,available_season_mean,0.8796256348583145,0.08486618235662897,2
"pilot_method=joint,forecast_targets=flu,pathogen_inputs=flu,correction_weeks=3,growth_anchor=1,joint_weight=0.1,correction_penalty=3.0,reporting_missingness=0,reporting_method=synchronous_log,reporting_strength=2.0,nowcast_weeks=4,lookback=10,ed_transform=logit,loss_weights=flu_hosp_ed,spatial=neighbors,decoder=residual2,sum_wis_weight=0.5,us_error=shared_factor,width=96,epochs=240,patience=25,batch_size=4,lr=0.0005,fit_partition=pathogen,covariate_encoder=summary,input_mode=scheduled_final,input_normalization=b0,evaluation_seasons=recent_two,actual_share=0.5",corrected,flu_ed_native,available_season_mean,0.8868783095997936,0.031038891055140523,2
"pilot_method=joint,forecast_targets=flu,pathogen_inputs=flu,correction_weeks=2,joint_weight=0.1,correction_penalty=3.0,reporting_missingness=0,nowcast_weeks=4,ed_transform=logit,loss_weights=flu_hosp_ed,spatial=neighbors,decoder=quantile,width=96,epochs=240,patience=25,lr=0.0005,fit_partition=pathogen,covariate_encoder=summary,input_mode=scheduled_final,input_normalization=b0,evaluation_seasons=recent_two,actual_share=1.0",calibrated,flu_ed_native,available_season_mean,0.8877229807801871,0.048270505689899774,2
"pilot_method=two_stage,pilot_nowcaster=real_tree,forecast_targets=flu,pathogen_inputs=flu,correction_weeks=2,joint_weight=0.05,correction_penalty=100.0,count_transform=sqrt,ed_transform=logit,loss_weights=flu_hosp_ed,spatial=distance,width=128,epochs=160,patience=25,lr=0.002,fit_partition=pathogen,weight_decay=3e-05,covariate_encoder=summary,covariate_set=kinsa,input_mode=scheduled_final,input_normalization=b0,evaluation_seasons=recent_two,actual_share=0.25,correction_realizations=4,uncorrected_share=0.1,log_loss_weight=1.0",half,flu_ed_native,available_season_mean,0.8881379108224456,0.084306598750047,2
"pilot_method=joint,forecast_targets=flu,pathogen_inputs=flu,correction_weeks=2,joint_weight=0.1,correction_penalty=3.0,reporting_missingness=0,nowcast_weeks=4,ed_transform=logit,loss_weights=flu_hosp_ed,spatial=neighbors,sum_wis_weight=0.25,width=96,epochs=240,patience=25,lr=0.0005,fit_partition=pathogen,covariate_encoder=summary,input_mode=scheduled_final,input_normalization=b0,evaluation_seasons=recent_two",corrected,flu_ed_native,available_season_mean,0.8910619862035908,0.009415146326710437,2
"pilot_method=joint,forecast_targets=flu,pathogen_inputs=flu,correction_weeks=3,growth_anchor=1,joint_weight=0.1,correction_penalty=3.0,reporting_missingness=0,reporting_method=synchronous_log,reporting_strength=2.0,nowcast_weeks=4,lookback=10,ed_transform=logit,loss_weights=flu_hosp_ed,spatial=neighbors,decoder=residual2,sum_wis_weight=0.5,us_error=shared_factor,width=96,epochs=240,patience=25,batch_size=4,lr=0.0005,fit_partition=pathogen,covariate_encoder=summary,input_mode=scheduled_final,input_normalization=b0,evaluation_seasons=recent_two,actual_share=0.5",half,flu_ed_native,available_season_mean,0.8913081071604296,0.025873093087825812,2
"pilot_method=joint,forecast_targets=flu,pathogen_inputs=flu,correction_weeks=2,joint_weight=0.1,correction_penalty=3.0,reporting_missingness=0,nowcast_weeks=4,ed_transform=logit,loss_weights=flu_hosp_ed,spatial=neighbors,sum_wis_weight=0.25,width=96,epochs=240,patience=25,lr=0.0005,fit_partition=pathogen,covariate_encoder=summary,input_mode=scheduled_final,input_normalization=b0,evaluation_seasons=recent_two",half,flu_ed_native,available_season_mean,0.8914070783379908,0.008850878460170263,2
"pilot_method=joint,forecast_targets=flu,pathogen_inputs=flu,correction_weeks=2,joint_weight=0.1,correction_penalty=3.0,reporting_missingness=0,nowcast_weeks=4,ed_transform=logit,loss_weights=flu_hosp_ed,spatial=neighbors,sum_wis_weight=0.25,width=96,epochs=240,patience=25,lr=0.0005,fit_partition=pathogen,covariate_encoder=summary,input_mode=scheduled_final,input_normalization=b0,evaluation_seasons=recent_two",raw,flu_ed_native,available_season_mean,0.8922698879635294,0.008240885324318487,2
"pilot_method=joint,forecast_targets=flu,pathogen_inputs=flu,correction_weeks=2,joint_weight=0.1,correction_penalty=3.0,reporting_missingness=0,nowcast_weeks=4,ed_transform=logit,loss_weights=flu_hosp_ed,spatial=neighbors,decoder=quantile,width=96,epochs=240,patience=25,lr=0.0005,fit_partition=pathogen,covariate_encoder=summary,input_mode=scheduled_final,input_normalization=b0,evaluation_seasons=recent_two",corrected,flu_ed_native,available_season_mean,0.8927071433320435,0.11835446005946947,2
"pilot_method=two_stage,pilot_nowcaster=real_tree,forecast_targets=flu,pathogen_inputs=flu,correction_weeks=2,joint_weight=0.05,correction_penalty=100.0,count_transform=sqrt,ed_transform=logit,loss_weights=flu_hosp_ed,spatial=distance,width=128,epochs=160,patience=25,lr=0.002,fit_partition=pathogen,weight_decay=3e-05,covariate_encoder=summary,covariate_set=kinsa,input_mode=scheduled_final,input_normalization=b0,evaluation_seasons=recent_two,actual_share=0.25,correction_realizations=4,uncorrected_share=0.1,log_loss_weight=1.0",calibrated,flu_ed_native,available_season_mean,0.892810245938803,0.058724078373103596,2
"pilot_method=joint,forecast_targets=flu,pathogen_inputs=flu,correction_weeks=2,joint_weight=0.1,correction_penalty=3.0,reporting_missingness=0,nowcast_weeks=4,ed_transform=logit,loss_weights=flu_hosp_ed,spatial=neighbors,decoder=quantile,width=96,epochs=240,patience=25,lr=0.0005,fit_partition=pathogen,covariate_encoder=summary,input_mode=scheduled_final,input_normalization=b0,evaluation_seasons=recent_two",half,flu_ed_native,available_season_mean,0.8930563762255674,0.1178507771114347,2
"pilot_method=joint,forecast_targets=flu,pathogen_inputs=flu,correction_weeks=2,joint_weight=0.1,correction_penalty=3.0,reporting_missingness=0,nowcast_weeks=4,ed_transform=logit,loss_weights=flu_hosp_ed,spatial=neighbors,decoder=quantile,width=96,epochs=240,patience=25,lr=0.0005,fit_partition=pathogen,covariate_encoder=summary,input_mode=scheduled_final,input_normalization=b0,evaluation_seasons=recent_two",raw,flu_ed_native,available_season_mean,0.8934874956873171,0.1171904558931805,2
"pilot_method=joint,forecast_targets=flu,pathogen_inputs=flu,correction_weeks=3,reporting_random_strength=1,joint_weight=0.1,correction_penalty=3.0,reporting_strength=2.0,nowcast_weeks=4,ed_transform=logit,loss_weights=flu_hosp_ed,spatial=neighbors,decoder=quantile,width=96,epochs=240,patience=25,fit_partition=pathogen,covariate_encoder=summary,input_mode=scheduled_final,input_normalization=b0,evaluation_seasons=recent_two,actual_share=1.0,log_loss_weight=0.25",raw,flu_ed_native,available_season_mean,0.894793974480077,0.04000427829774335,2
"pilot_method=joint,forecast_targets=flu,pathogen_inputs=flu,correction_weeks=3,reporting_random_strength=1,joint_weight=0.1,correction_penalty=3.0,reporting_strength=2.0,nowcast_weeks=4,ed_transform=logit,loss_weights=flu_hosp_ed,spatial=neighbors,decoder=quantile,width=96,epochs=240,patience=25,fit_partition=pathogen,covariate_encoder=summary,input_mode=scheduled_final,input_normalization=b0,evaluation_seasons=recent_two,actual_share=1.0,log_loss_weight=0.25",half,flu_ed_native,available_season_mean,0.8951823753941864,0.040237672174234976,2
"pilot_method=joint,forecast_targets=flu,pathogen_inputs=flu,correction_weeks=3,reporting_random_strength=1,joint_weight=0.1,correction_penalty=3.0,reporting_strength=2.0,nowcast_weeks=4,ed_transform=logit,loss_weights=flu_hosp_ed,spatial=neighbors,decoder=quantile,width=96,epochs=240,patience=25,fit_partition=pathogen,covariate_encoder=summary,input_mode=scheduled_final,input_normalization=b0,evaluation_seasons=recent_two,actual_share=1.0,log_loss_weight=0.25",corrected,flu_ed_native,available_season_mean,0.8955624788331902,0.04047605590219441,2
"pilot_method=joint,forecast_targets=flu,pathogen_inputs=flu,correction_weeks=3,growth_anchor=1,joint_weight=0.1,correction_penalty=3.0,reporting_missingness=0,reporting_method=synchronous_log,reporting_strength=2.0,nowcast_weeks=4,lookback=10,ed_transform=logit,loss_weights=flu_hosp_ed,spatial=neighbors,decoder=residual2,sum_wis_weight=0.5,us_error=shared_factor,width=96,epochs=240,patience=25,batch_size=4,lr=0.0005,fit_partition=pathogen,covariate_encoder=summary,input_mode=scheduled_final,input_normalization=b0,evaluation_seasons=recent_two,actual_share=0.5",raw,flu_ed_native,available_season_mean,0.8969390003234244,0.020371446554684546,2
"pilot_method=two_stage,pilot_nowcaster=real_tree,forecast_targets=flu,pathogen_inputs=flu,correction_weeks=2,joint_weight=0.05,correction_penalty=100.0,count_transform=sqrt,ed_transform=logit,loss_weights=flu_hosp_ed,spatial=distance,width=128,epochs=160,patience=25,lr=0.002,fit_partition=pathogen,weight_decay=3e-05,covariate_encoder=summary,covariate_set=kinsa,input_mode=scheduled_final,input_normalization=b0,evaluation_seasons=recent_two,actual_share=0.25,correction_realizations=4,uncorrected_share=0.1,log_loss_weight=1.0",raw,flu_ed_native,available_season_mean,0.8976500864814927,0.08343551292026748,2
"pilot_method=joint,forecast_targets=flu,pathogen_inputs=flu,correction_weeks=2,reporting_random_strength=1,joint_weight=0.1,correction_penalty=300.0,reporting_missingness=0,nowcast_weeks=4,ed_transform=logit,loss_weights=flu_hosp_ed,spatial=neighbors,sum_wis_weight=0.25,width=96,epochs=240,patience=25,lr=0.0005,fit_partition=pathogen,covariate_encoder=summary,input_mode=scheduled_final,input_normalization=b0,evaluation_seasons=recent_two,actual_share=0.5,log_loss_weight=0.25",calibrated,flu_ed_native,available_season_mean,0.8983838903909954,0.002823399318578261,2
"pilot_method=two_stage,pilot_nowcaster=real_tree,forecast_targets=flu,pathogen_inputs=flu,correction_weeks=2,joint_weight=0.05,correction_penalty=30.0,reporting_missingness=0,count_transform=sqrt,ed_transform=logit,loss_weights=flu_hosp_ed,width=96,epochs=160,patience=25,batch_size=16,lr=0.002,fit_partition=pathogen,covariate_encoder=summary,covariate_set=kinsa,input_mode=scheduled_final,input_normalization=b0,evaluation_seasons=recent_two,actual_share=0.5,log_loss_weight=0.5",raw,flu_ed_native,available_season_mean,0.9010584813849407,0.03522053427359476,2
"pilot_method=joint,forecast_targets=flu,pathogen_inputs=flu,correction_weeks=2,joint_weight=0.1,correction_penalty=3.0,reporting_missingness=0,nowcast_weeks=4,ed_transform=logit,loss_weights=flu_hosp_ed,spatial=neighbors,decoder=quantile,width=96,epochs=240,patience=25,batch_size=16,lr=0.0005,fit_partition=pathogen,covariate_encoder=summary,input_mode=scheduled_final,input_normalization=b0,evaluation_seasons=recent_two,actual_share=1.0",calibrated,flu_ed_native,available_season_mean,0.9014019114848479,0.10336374457041415,2
"pilot_method=two_stage,pilot_nowcaster=real_tree,forecast_targets=flu,pathogen_inputs=flu,correction_weeks=2,joint_weight=0.05,correction_penalty=30.0,reporting_missingness=0,count_transform=sqrt,ed_transform=logit,loss_weights=flu_hosp_ed,width=96,epochs=160,patience=25,batch_size=16,lr=0.002,fit_partition=pathogen,covariate_encoder=summary,covariate_set=kinsa,input_mode=scheduled_final,input_normalization=b0,evaluation_seasons=recent_two,actual_share=0.5,log_loss_weight=0.5",half,flu_ed_native,available_season_mean,0.9016921444797878,0.033438155645791154,2
"pilot_method=two_stage,pilot_nowcaster=real_tree,forecast_targets=flu,pathogen_inputs=flu,correction_weeks=2,joint_weight=0.05,correction_penalty=30.0,reporting_missingness=0,count_transform=sqrt,ed_transform=logit,loss_weights=flu_hosp_ed,width=96,epochs=160,patience=25,batch_size=16,lr=0.002,fit_partition=pathogen,covariate_encoder=summary,covariate_set=kinsa,input_mode=scheduled_final,input_normalization=b0,evaluation_seasons=recent_two,actual_share=0.5,log_loss_weight=0.5",corrected,flu_ed_native,available_season_mean,0.902641667715744,0.03137973696088211,2
"pilot_method=joint,forecast_targets=flu,pathogen_inputs=flu,correction_weeks=2,joint_weight=0.1,correction_penalty=3.0,reporting_missingness=0,nowcast_weeks=4,ed_transform=logit,loss_weights=flu_hosp_ed,spatial=neighbors,decoder=quantile,width=96,epochs=240,patience=25,lr=0.0005,fit_partition=pathogen,covariate_encoder=summary,input_mode=scheduled_final,input_normalization=b0,evaluation_seasons=recent_two,actual_share=1.0",corrected,flu_ed_native,available_season_mean,0.9105210340441112,0.046678419179670534,2
"pilot_method=joint,forecast_targets=flu,pathogen_inputs=flu,correction_weeks=2,joint_weight=0.1,correction_penalty=3.0,reporting_missingness=0,nowcast_weeks=4,ed_transform=logit,loss_weights=flu_hosp_ed,spatial=neighbors,decoder=quantile,width=96,epochs=240,patience=25,lr=0.0005,fit_partition=pathogen,covariate_encoder=summary,input_mode=scheduled_final,input_normalization=b0,evaluation_seasons=recent_two,actual_share=1.0",half,flu_ed_native,available_season_mean,0.9105765599634897,0.04679618992385729,2
"pilot_method=joint,forecast_targets=flu,pathogen_inputs=flu,correction_weeks=2,joint_weight=0.1,correction_penalty=3.0,reporting_missingness=0,nowcast_weeks=4,ed_transform=logit,loss_weights=flu_hosp_ed,spatial=neighbors,decoder=quantile,width=96,epochs=240,patience=25,lr=0.0005,fit_partition=pathogen,covariate_encoder=summary,input_mode=scheduled_final,input_normalization=b0,evaluation_seasons=recent_two,actual_share=1.0",raw,flu_ed_native,available_season_mean,0.9105852857065799,0.04690003174304856,2
"pilot_method=two_stage,pilot_nowcaster=real_tree,forecast_targets=flu,pathogen_inputs=flu,correction_weeks=2,joint_weight=0.05,correction_penalty=30.0,reporting_missingness=0,count_transform=sqrt,ed_transform=logit,loss_weights=flu_hosp_ed,width=96,epochs=160,patience=25,batch_size=16,lr=0.002,fit_partition=pathogen,covariate_encoder=summary,covariate_set=kinsa,input_mode=scheduled_final,input_normalization=b0,evaluation_seasons=recent_two,actual_share=0.5,log_loss_weight=0.5",calibrated,flu_ed_native,available_season_mean,0.9155328759570174,0.057284628349592755,2
"pilot_method=joint,forecast_targets=flu,pathogen_inputs=flu,correction_weeks=2,reporting_random_strength=1,joint_weight=0.1,correction_penalty=300.0,reporting_missingness=0,nowcast_weeks=4,ed_transform=logit,loss_weights=flu_hosp_ed,spatial=neighbors,sum_wis_weight=0.25,width=96,epochs=240,patience=25,lr=0.0005,fit_partition=pathogen,covariate_encoder=summary,input_mode=scheduled_final,input_normalization=b0,evaluation_seasons=recent_two,actual_share=0.5,log_loss_weight=0.25",half,flu_ed_native,available_season_mean,0.9194971911698699,0.003519701926201485,2
"pilot_method=joint,forecast_targets=flu,pathogen_inputs=flu,correction_weeks=2,reporting_random_strength=1,joint_weight=0.1,correction_penalty=300.0,reporting_missingness=0,nowcast_weeks=4,ed_transform=logit,loss_weights=flu_hosp_ed,spatial=neighbors,sum_wis_weight=0.25,width=96,epochs=240,patience=25,lr=0.0005,fit_partition=pathogen,covariate_encoder=summary,input_mode=scheduled_final,input_normalization=b0,evaluation_seasons=recent_two,actual_share=0.5,log_loss_weight=0.25",corrected,flu_ed_native,available_season_mean,0.9195544447828712,0.0028381154184624184,2
"pilot_method=joint,forecast_targets=flu,pathogen_inputs=flu,correction_weeks=2,reporting_random_strength=1,joint_weight=0.1,correction_penalty=300.0,reporting_missingness=0,nowcast_weeks=4,ed_transform=logit,loss_weights=flu_hosp_ed,spatial=neighbors,sum_wis_weight=0.25,width=96,epochs=240,patience=25,lr=0.0005,fit_partition=pathogen,covariate_encoder=summary,input_mode=scheduled_final,input_normalization=b0,evaluation_seasons=recent_two,actual_share=0.5,log_loss_weight=0.25",raw,flu_ed_native,available_season_mean,0.9196817498436568,0.004183073010266144,2
"pilot_method=joint,forecast_targets=flu,pathogen_inputs=flu,correction_weeks=2,joint_weight=0.1,correction_penalty=3.0,reporting_missingness=0,nowcast_weeks=4,ed_transform=logit,loss_weights=flu_hosp_ed,spatial=neighbors,decoder=quantile,width=96,epochs=240,patience=25,batch_size=16,lr=0.0005,fit_partition=pathogen,covariate_encoder=summary,input_mode=scheduled_final,input_normalization=b0,evaluation_seasons=recent_two,actual_share=1.0",corrected,flu_ed_native,available_season_mean,0.9312346057619263,0.12216435108995392,2
"pilot_method=joint,forecast_targets=flu,pathogen_inputs=flu,correction_weeks=2,joint_weight=0.1,correction_penalty=3.0,reporting_missingness=0,nowcast_weeks=4,ed_transform=logit,loss_weights=flu_hosp_ed,spatial=neighbors,decoder=quantile,width=96,epochs=240,patience=25,batch_size=16,lr=0.0005,fit_partition=pathogen,covariate_encoder=summary,input_mode=scheduled_final,input_normalization=b0,evaluation_seasons=recent_two,actual_share=1.0",half,flu_ed_native,available_season_mean,0.931379080716019,0.12147359247280629,2
"pilot_method=joint,forecast_targets=flu,pathogen_inputs=flu,correction_weeks=2,joint_weight=0.1,correction_penalty=3.0,reporting_missingness=0,nowcast_weeks=4,ed_transform=logit,loss_weights=flu_hosp_ed,spatial=neighbors,decoder=quantile,width=96,epochs=240,patience=25,batch_size=16,lr=0.0005,fit_partition=pathogen,covariate_encoder=summary,input_mode=scheduled_final,input_normalization=b0,evaluation_seasons=recent_two,actual_share=1.0",raw,flu_ed_native,available_season_mean,0.9314632124428687,0.12071638381385856,2
"pilot_method=two_stage,pilot_nowcaster=real_tree,forecast_targets=flu,pathogen_inputs=flu,correction_weeks=2,joint_weight=0.05,correction_penalty=30.0,reporting_missingness=0,count_transform=sqrt,ed_transform=logit,loss_weights=flu_hosp_ed,width=96,epochs=160,patience=25,lr=0.002,fit_partition=pathogen,covariate_encoder=summary,covariate_set=kinsa,input_mode=scheduled_final,input_normalization=b0,evaluation_seasons=recent_two,log_loss_weight=0.5",calibrated,flu_ed_native,available_season_mean,1.004238576546869,0.21488791035429453,2
"pilot_method=two_stage,pilot_nowcaster=real_tree,forecast_targets=flu,pathogen_inputs=flu,correction_weeks=2,joint_weight=0.05,correction_penalty=30.0,reporting_missingness=0,count_transform=sqrt,ed_transform=logit,loss_weights=flu_hosp_ed,width=96,epochs=160,patience=25,lr=0.002,fit_partition=pathogen,covariate_encoder=summary,covariate_set=kinsa,input_mode=scheduled_final,input_normalization=b0,evaluation_seasons=recent_two,log_loss_weight=0.5",raw,flu_ed_native,available_season_mean,1.0164120382054527,0.23244267231533836,2
"pilot_method=two_stage,pilot_nowcaster=real_tree,forecast_targets=flu,pathogen_inputs=flu,correction_weeks=2,joint_weight=0.05,correction_penalty=30.0,reporting_missingness=0,count_transform=sqrt,ed_transform=logit,loss_weights=flu_hosp_ed,width=96,epochs=160,patience=25,lr=0.002,fit_partition=pathogen,covariate_encoder=summary,covariate_set=kinsa,input_mode=scheduled_final,input_normalization=b0,evaluation_seasons=recent_two,log_loss_weight=0.5",half,flu_ed_native,available_season_mean,1.0207384580511636,0.23214756013759702,2
"pilot_method=two_stage,pilot_nowcaster=real_tree,forecast_targets=flu,pathogen_inputs=flu,correction_weeks=2,joint_weight=0.05,correction_penalty=30.0,reporting_missingness=0,count_transform=sqrt,ed_transform=logit,loss_weights=flu_hosp_ed,width=96,epochs=160,patience=25,lr=0.002,fit_partition=pathogen,covariate_encoder=summary,covariate_set=kinsa,input_mode=scheduled_final,input_normalization=b0,evaluation_seasons=recent_two,log_loss_weight=0.5",corrected,flu_ed_native,available_season_mean,1.025393982934091,0.2312000313816765,2
"pilot_method=joint,forecast_targets=flu,pathogen_inputs=flu,correction_weeks=2,joint_weight=0.1,correction_penalty=3.0,reporting_missingness=0,nowcast_weeks=4,ed_transform=logit,loss_weights=flu_hosp_ed,spatial=neighbors,sum_wis_weight=0.25,width=96,epochs=240,patience=25,lr=0.0005,fit_partition=pathogen,covariate_encoder=summary,input_mode=scheduled_final,input_normalization=b0,evaluation_seasons=recent_two",calibrated,flu_native,2024-2025,0.7469325682419539,0.07722738076215693,2
"pilot_method=joint,forecast_targets=flu,pathogen_inputs=flu,correction_weeks=2,joint_weight=0.1,correction_penalty=3.0,reporting_missingness=0,nowcast_weeks=4,ed_transform=logit,loss_weights=flu_hosp_ed,spatial=neighbors,sum_wis_weight=0.25,width=96,epochs=240,patience=25,lr=0.0005,fit_partition=pathogen,covariate_encoder=summary,input_mode=scheduled_final,input_normalization=b0,evaluation_seasons=recent_two",corrected,flu_native,2024-2025,0.7518728438170077,0.08920165967778992,2
"pilot_method=joint,forecast_targets=flu,pathogen_inputs=flu,correction_weeks=2,joint_weight=0.1,correction_penalty=3.0,reporting_missingness=0,nowcast_weeks=4,ed_transform=logit,loss_weights=flu_hosp_ed,spatial=neighbors,decoder=quantile,width=96,epochs=240,patience=25,lr=0.0005,fit_partition=pathogen,covariate_encoder=summary,input_mode=scheduled_final,input_normalization=b0,evaluation_seasons=recent_two,actual_share=1.0",corrected,flu_native,2024-2025,0.7550424746699295,0.05823449932727361,2
"pilot_method=joint,forecast_targets=flu,pathogen_inputs=flu,correction_weeks=2,joint_weight=0.1,correction_penalty=3.0,reporting_missingness=0,nowcast_weeks=4,ed_transform=logit,loss_weights=flu_hosp_ed,spatial=neighbors,decoder=quantile,width=96,epochs=240,patience=25,lr=0.0005,fit_partition=pathogen,covariate_encoder=summary,input_mode=scheduled_final,input_normalization=b0,evaluation_seasons=recent_two,actual_share=1.0",calibrated,flu_native,2024-2025,0.7635049239717359,0.07031105869594166,2
"pilot_method=two_stage,pilot_nowcaster=real_tree,forecast_targets=flu,pathogen_inputs=flu,correction_weeks=2,joint_weight=0.05,correction_penalty=30.0,reporting_missingness=0,count_transform=sqrt,ed_transform=logit,loss_weights=flu_hosp_ed,width=96,epochs=160,patience=25,lr=0.002,fit_partition=pathogen,covariate_encoder=summary,covariate_set=kinsa,input_mode=scheduled_final,input_normalization=b0,evaluation_seasons=recent_two",calibrated,flu_native,2024-2025,0.7657713772363869,0.03090245888138405,2
"pilot_method=joint,forecast_targets=flu,pathogen_inputs=flu,correction_weeks=2,reporting_random_strength=1,joint_weight=0.1,correction_penalty=300.0,reporting_missingness=0,nowcast_weeks=4,ed_transform=logit,loss_weights=flu_hosp_ed,spatial=neighbors,sum_wis_weight=0.25,width=96,epochs=240,patience=25,lr=0.0005,fit_partition=pathogen,covariate_encoder=summary,input_mode=scheduled_final,input_normalization=b0,evaluation_seasons=recent_two,actual_share=0.5,log_loss_weight=0.25",calibrated,flu_native,2024-2025,0.7659540762567447,0.041188419984352735,2
"pilot_method=two_stage,pilot_nowcaster=real_tree,forecast_targets=flu,pathogen_inputs=flu,correction_weeks=2,joint_weight=0.05,correction_penalty=30.0,reporting_missingness=0,count_transform=sqrt,ed_transform=logit,loss_weights=flu_hosp_ed,width=96,epochs=160,patience=25,lr=0.002,fit_partition=pathogen,covariate_encoder=summary,covariate_set=kinsa,input_mode=scheduled_final,input_normalization=b0,evaluation_seasons=recent_two,actual_share=0.5",calibrated,flu_native,2024-2025,0.7682099877876212,0.04457605111560145,2
"pilot_method=joint,forecast_targets=flu,pathogen_inputs=flu,correction_weeks=2,joint_weight=0.1,correction_penalty=3.0,reporting_missingness=0,nowcast_weeks=4,ed_transform=logit,loss_weights=flu_hosp_ed,spatial=neighbors,decoder=quantile,width=96,epochs=240,patience=25,lr=0.0005,fit_partition=pathogen,covariate_encoder=summary,input_mode=scheduled_final,input_normalization=b0,evaluation_seasons=recent_two,actual_share=1.0",half,flu_native,2024-2025,0.7685849900691546,0.06170213919539189,2
"pilot_method=joint,forecast_targets=flu,pathogen_inputs=flu,correction_weeks=2,reporting_random_strength=1,joint_weight=0.1,correction_penalty=300.0,reporting_missingness=0,nowcast_weeks=4,ed_transform=logit,loss_weights=flu_hosp_ed,spatial=neighbors,sum_wis_weight=0.25,width=96,epochs=240,patience=25,lr=0.0005,fit_partition=pathogen,covariate_encoder=summary,input_mode=scheduled_final,input_normalization=b0,evaluation_seasons=recent_two,actual_share=0.5,log_loss_weight=0.25",corrected,flu_native,2024-2025,0.7715380540729744,0.03424311444371948,2
"pilot_method=two_stage,pilot_nowcaster=real_tree,forecast_targets=flu,pathogen_inputs=flu,correction_weeks=2,joint_weight=0.05,correction_penalty=30.0,reporting_missingness=0,count_transform=sqrt,ed_transform=logit,loss_weights=flu_hosp_ed,width=96,epochs=160,patience=25,lr=0.002,fit_partition=pathogen,covariate_encoder=summary,covariate_set=kinsa,input_mode=scheduled_final,input_normalization=b0,evaluation_seasons=recent_two",corrected,flu_native,2024-2025,0.7735325874859587,0.028215789851912535,2
"pilot_method=joint,forecast_targets=flu,pathogen_inputs=flu,correction_weeks=2,joint_weight=0.1,correction_penalty=3.0,reporting_missingness=0,nowcast_weeks=4,ed_transform=logit,loss_weights=flu_hosp_ed,spatial=neighbors,sum_wis_weight=0.25,width=96,epochs=240,patience=25,lr=0.0005,fit_partition=pathogen,covariate_encoder=summary,input_mode=scheduled_final,input_normalization=b0,evaluation_seasons=recent_two",half,flu_native,2024-2025,0.7752243356815337,0.10154264424030451,2
"pilot_method=two_stage,pilot_nowcaster=real_tree,forecast_targets=flu,pathogen_inputs=flu,correction_weeks=2,joint_weight=0.05,correction_penalty=30.0,reporting_missingness=0,count_transform=sqrt,ed_transform=logit,loss_weights=flu_hosp_ed,width=96,epochs=160,patience=25,lr=0.002,fit_partition=pathogen,covariate_encoder=summary,covariate_set=kinsa,input_mode=scheduled_final,input_normalization=b0,evaluation_seasons=recent_two,actual_share=0.5",corrected,flu_native,2024-2025,0.7757967687623637,0.0411305912175179,2
"pilot_method=joint,forecast_targets=flu,pathogen_inputs=flu,correction_weeks=2,joint_weight=0.1,correction_penalty=3.0,reporting_missingness=0,nowcast_weeks=4,ed_transform=logit,loss_weights=flu_hosp_ed,spatial=neighbors,decoder=quantile,width=96,epochs=240,patience=25,batch_size=16,lr=0.0005,fit_partition=pathogen,covariate_encoder=summary,input_mode=scheduled_final,input_normalization=b0,evaluation_seasons=recent_two,actual_share=1.0",calibrated,flu_native,2024-2025,0.7839887649603872,0.0228311977830788,2
"pilot_method=joint,forecast_targets=flu,pathogen_inputs=flu,correction_weeks=2,joint_weight=0.1,correction_penalty=3.0,reporting_missingness=0,nowcast_weeks=4,ed_transform=logit,loss_weights=flu_hosp_ed,spatial=neighbors,decoder=quantile,width=96,epochs=240,patience=25,lr=0.0005,fit_partition=pathogen,covariate_encoder=summary,input_mode=scheduled_final,input_normalization=b0,evaluation_seasons=recent_two,actual_share=1.0",raw,flu_native,2024-2025,0.7849221574239083,0.06539618521940423,2
"pilot_method=joint,forecast_targets=flu,pathogen_inputs=flu,correction_weeks=2,joint_weight=0.1,correction_penalty=3.0,reporting_missingness=0,nowcast_weeks=4,ed_transform=logit,loss_weights=flu_hosp_ed,spatial=neighbors,decoder=quantile,width=96,epochs=240,patience=25,batch_size=16,lr=0.0005,fit_partition=pathogen,covariate_encoder=summary,input_mode=scheduled_final,input_normalization=b0,evaluation_seasons=recent_two,actual_share=1.0",corrected,flu_native,2024-2025,0.787135133936081,0.021088449510646125,2
"pilot_method=joint,forecast_targets=flu,pathogen_inputs=flu,correction_weeks=2,reporting_random_strength=1,joint_weight=0.1,correction_penalty=300.0,reporting_missingness=0,nowcast_weeks=4,ed_transform=logit,loss_weights=flu_hosp_ed,spatial=neighbors,sum_wis_weight=0.25,width=96,epochs=240,patience=25,lr=0.0005,fit_partition=pathogen,covariate_encoder=summary,input_mode=scheduled_final,input_normalization=b0,evaluation_seasons=recent_two,actual_share=0.5,log_loss_weight=0.25",half,flu_native,2024-2025,0.7889416702000444,0.03347295400817072,2
"pilot_method=joint,forecast_targets=flu,pathogen_inputs=flu,correction_weeks=2,joint_weight=0.1,correction_penalty=3.0,reporting_missingness=0,nowcast_weeks=4,ed_transform=logit,loss_weights=flu_hosp_ed,spatial=neighbors,decoder=quantile,width=96,epochs=240,patience=25,batch_size=16,lr=0.0005,fit_partition=pathogen,covariate_encoder=summary,input_mode=scheduled_final,input_normalization=b0,evaluation_seasons=recent_two,actual_share=1.0",half,flu_native,2024-2025,0.7976440315183206,0.018001070226692027,2
"pilot_method=two_stage,pilot_nowcaster=real_tree,forecast_targets=flu,pathogen_inputs=flu,ili_units=flu_scaled,ili_steps=1200,correction_weeks=1,ili_training=pretrain,joint_weight=0.05,correction_penalty=30.0,correction_strength=0.75,reporting_strength=2.0,lookback=10,count_transform=sqrt,ed_transform=logit,loss_weights=flu_hosp_ed,width=96,epochs=160,patience=25,batch_size=16,fit_partition=pathogen,covariate_encoder=summary,signal_features=multiscale,covariate_set=kinsa,input_mode=scheduled_final,input_normalization=b0,evaluation_seasons=recent_two,correction_realizations=2,uncorrected_share=0.1",calibrated,flu_native,2024-2025,0.797775582377861,0.07147470539970971,2
"pilot_method=joint,forecast_targets=flu,pathogen_inputs=flu,correction_weeks=2,reporting_random_strength=1,joint_weight=0.1,correction_penalty=3.0,reporting_missingness=0,nowcast_weeks=4,ed_transform=logit,loss_weights=flu_hosp_ed,spatial=neighbors,sum_wis_weight=0.25,width=96,epochs=240,patience=25,lr=0.0005,fit_partition=pathogen,covariate_encoder=summary,signal_features=multiscale,input_mode=scheduled_final,input_normalization=b0,evaluation_seasons=recent_two,actual_share=0.25",calibrated,flu_native,2024-2025,0.8012608620630155,0.16898866704336646,2
"pilot_method=joint,forecast_targets=flu,pathogen_inputs=flu,correction_weeks=2,joint_weight=0.1,correction_penalty=3.0,reporting_missingness=0,nowcast_weeks=4,ed_transform=logit,loss_weights=flu_hosp_ed,spatial=neighbors,sum_wis_weight=0.25,width=96,epochs=240,patience=25,lr=0.0005,fit_partition=pathogen,covariate_encoder=summary,input_mode=scheduled_final,input_normalization=b0,evaluation_seasons=recent_two",raw,flu_native,2024-2025,0.8075002943501091,0.11338866270170926,2
"pilot_method=joint,forecast_targets=flu,pathogen_inputs=flu,correction_weeks=2,reporting_random_strength=1,joint_weight=0.1,correction_penalty=300.0,reporting_missingness=0,nowcast_weeks=4,ed_transform=logit,loss_weights=flu_hosp_ed,spatial=neighbors,sum_wis_weight=0.25,width=96,epochs=240,patience=25,lr=0.0005,fit_partition=pathogen,covariate_encoder=summary,input_mode=scheduled_final,input_normalization=b0,evaluation_seasons=recent_two,actual_share=0.5,log_loss_weight=0.25",raw,flu_native,2024-2025,0.8086986140399253,0.033716485556078014,2
"pilot_method=two_stage,pilot_nowcaster=real_tree,forecast_targets=flu,pathogen_inputs=flu,ili_units=flu_scaled,ili_steps=1200,correction_weeks=1,ili_training=pretrain,joint_weight=0.05,correction_penalty=30.0,correction_strength=0.75,reporting_strength=2.0,lookback=10,count_transform=sqrt,ed_transform=logit,loss_weights=flu_hosp_ed,width=96,epochs=160,patience=25,batch_size=16,fit_partition=pathogen,covariate_encoder=summary,signal_features=multiscale,covariate_set=kinsa,input_mode=scheduled_final,input_normalization=b0,evaluation_seasons=recent_two,correction_realizations=2,uncorrected_share=0.1",corrected,flu_native,2024-2025,0.8107844308103347,0.07561616893936299,2
"pilot_method=joint,forecast_targets=flu,pathogen_inputs=flu,correction_weeks=2,joint_weight=0.1,correction_penalty=3.0,reporting_missingness=0,nowcast_weeks=4,ed_transform=logit,loss_weights=flu_hosp_ed,spatial=neighbors,decoder=quantile,width=96,epochs=240,patience=25,batch_size=16,lr=0.0005,fit_partition=pathogen,covariate_encoder=summary,input_mode=scheduled_final,input_normalization=b0,evaluation_seasons=recent_two,actual_share=1.0",raw,flu_native,2024-2025,0.8110090667567241,0.014949451526854717,2
"pilot_method=two_stage,pilot_nowcaster=real_tree,forecast_targets=flu,pathogen_inputs=flu,correction_weeks=2,joint_weight=0.05,correction_penalty=100.0,count_transform=sqrt,ed_transform=logit,loss_weights=flu_hosp_ed,spatial=distance,width=128,epochs=160,patience=25,lr=0.002,fit_partition=pathogen,weight_decay=3e-05,covariate_encoder=summary,covariate_set=kinsa,input_mode=scheduled_final,input_normalization=b0,evaluation_seasons=recent_two,actual_share=0.25,correction_realizations=4,uncorrected_share=0.1,log_loss_weight=1.0",calibrated,flu_native,2024-2025,0.8124909483797241,0.07731085248299366,2
"pilot_method=two_stage,pilot_nowcaster=real_tree,forecast_targets=flu,pathogen_inputs=flu,correction_weeks=2,joint_weight=0.05,correction_penalty=30.0,reporting_missingness=0,count_transform=sqrt,ed_transform=logit,loss_weights=flu_hosp_ed,width=96,epochs=160,patience=25,lr=0.002,fit_partition=pathogen,covariate_encoder=summary,covariate_set=kinsa,input_mode=scheduled_final,input_normalization=b0,evaluation_seasons=recent_two",half,flu_native,2024-2025,0.8129148874123846,0.04136238030244749,2
"pilot_method=joint,pilot_nowcaster=real_tree,forecast_targets=flu,pathogen_inputs=flu,ili_units=flu_scaled,ili_steps=1200,correction_weeks=3,ili_training=pretrain,joint_weight=0.1,correction_penalty=3.0,reporting_strength=1.5,nowcast_weeks=4,lookback=10,ed_transform=logit,loss_weights=flu_hosp_ed,spatial=neighbors,decoder=quantile,latent=32,epochs=240,patience=25,lr=0.0005,fit_partition=pathogen,covariate_encoder=summary,input_mode=scheduled_final,input_normalization=b0,evaluation_seasons=recent_two,actual_share=0.5,nowcast_noise=1.0",calibrated,flu_native,2024-2025,0.8146240058015125,0.021686121735505527,2
"pilot_method=two_stage,pilot_nowcaster=real_tree,forecast_targets=flu,pathogen_inputs=flu,correction_weeks=2,joint_weight=0.05,correction_penalty=30.0,reporting_missingness=0,count_transform=sqrt,ed_transform=logit,loss_weights=flu_hosp_ed,width=96,epochs=160,patience=25,lr=0.002,fit_partition=pathogen,covariate_encoder=summary,covariate_set=kinsa,input_mode=scheduled_final,input_normalization=b0,evaluation_seasons=recent_two,actual_share=0.5",half,flu_native,2024-2025,0.8163820995370941,0.05574927330761045,2
"pilot_method=joint,pilot_nowcaster=real_tree,forecast_targets=flu,pathogen_inputs=flu,ili_units=flu_scaled,ili_steps=1200,correction_weeks=3,ili_training=pretrain,joint_weight=0.1,correction_penalty=3.0,reporting_strength=1.5,nowcast_weeks=4,lookback=10,ed_transform=logit,loss_weights=flu_hosp_ed,spatial=neighbors,decoder=quantile,latent=32,epochs=240,patience=25,lr=0.0005,fit_partition=pathogen,covariate_encoder=summary,input_mode=scheduled_final,input_normalization=b0,evaluation_seasons=recent_two,actual_share=0.5,nowcast_noise=1.0",corrected,flu_native,2024-2025,0.8193660123297172,0.027815381634898505,2
"pilot_method=joint,forecast_targets=flu,pathogen_inputs=flu,correction_weeks=2,reporting_random_strength=1,joint_weight=0.1,correction_penalty=3.0,reporting_missingness=0,nowcast_weeks=4,ed_transform=logit,loss_weights=flu_hosp_ed,spatial=neighbors,sum_wis_weight=0.25,width=96,epochs=240,patience=25,lr=0.0005,fit_partition=pathogen,covariate_encoder=summary,signal_features=multiscale,input_mode=scheduled_final,input_normalization=b0,evaluation_seasons=recent_two,actual_share=0.25",corrected,flu_native,2024-2025,0.8271969420522187,0.1971484815043985,2
"pilot_method=two_stage,pilot_nowcaster=real_tree,forecast_targets=flu,pathogen_inputs=flu,ili_units=flu_scaled,ili_steps=1200,correction_weeks=1,ili_training=pretrain,joint_weight=0.05,correction_penalty=30.0,correction_strength=0.75,reporting_strength=2.0,lookback=10,count_transform=sqrt,ed_transform=logit,loss_weights=flu_hosp_ed,width=96,epochs=160,patience=25,batch_size=16,fit_partition=pathogen,covariate_encoder=summary,signal_features=multiscale,covariate_set=kinsa,input_mode=scheduled_final,input_normalization=b0,evaluation_seasons=recent_two,correction_realizations=2,uncorrected_share=0.1",half,flu_native,2024-2025,0.8275517206173987,0.09372410382771243,2
"pilot_method=two_stage,pilot_nowcaster=real_tree,forecast_targets=flu,pathogen_inputs=flu,correction_weeks=2,joint_weight=0.05,correction_penalty=100.0,count_transform=sqrt,ed_transform=logit,loss_weights=flu_hosp_ed,spatial=distance,width=128,epochs=160,patience=25,lr=0.002,fit_partition=pathogen,weight_decay=3e-05,covariate_encoder=summary,covariate_set=kinsa,input_mode=scheduled_final,input_normalization=b0,evaluation_seasons=recent_two,actual_share=0.25,correction_realizations=4,uncorrected_share=0.1,log_loss_weight=1.0",corrected,flu_native,2024-2025,0.8306219996631999,0.08279627963487828,2
"pilot_method=two_stage,pilot_nowcaster=real_tree,forecast_targets=flu,pathogen_inputs=flu,correction_weeks=2,joint_weight=0.05,correction_penalty=30.0,reporting_missingness=0,count_transform=sqrt,ed_transform=logit,loss_weights=flu_hosp_ed,width=96,epochs=160,patience=25,lr=0.002,fit_partition=pathogen,covariate_encoder=summary,covariate_set=kinsa,input_mode=scheduled_final,input_normalization=b0,evaluation_seasons=recent_two,log_loss_weight=0.5",calibrated,flu_native,2024-2025,0.8326894129136911,0.05335693363829352,2
"pilot_method=joint,pilot_nowcaster=real_tree,forecast_targets=flu,pathogen_inputs=flu,ili_units=flu_scaled,ili_steps=1200,correction_weeks=3,ili_training=pretrain,joint_weight=0.1,correction_penalty=3.0,reporting_strength=1.5,nowcast_weeks=4,lookback=10,ed_transform=logit,loss_weights=flu_hosp_ed,spatial=neighbors,decoder=quantile,latent=32,epochs=240,patience=25,lr=0.0005,fit_partition=pathogen,covariate_encoder=summary,input_mode=scheduled_final,input_normalization=b0,evaluation_seasons=recent_two,actual_share=0.5,nowcast_noise=1.0",sampled,flu_native,2024-2025,0.8343670273455555,0.029869899718783476,2
"pilot_method=two_stage,pilot_nowcaster=real_tree,forecast_targets=flu,pathogen_inputs=flu,correction_weeks=2,joint_weight=0.05,correction_penalty=30.0,reporting_missingness=0,count_transform=sqrt,ed_transform=logit,loss_weights=flu_hosp_ed,width=96,epochs=160,patience=25,batch_size=16,lr=0.002,fit_partition=pathogen,covariate_encoder=summary,covariate_set=kinsa,input_mode=scheduled_final,input_normalization=b0,evaluation_seasons=recent_two,actual_share=0.5,log_loss_weight=0.5",calibrated,flu_native,2024-2025,0.8377329909204372,0.014715644322053818,2
"pilot_method=joint,forecast_targets=flu,pathogen_inputs=flu,correction_weeks=3,reporting_random_strength=1,joint_weight=0.1,correction_penalty=3.0,reporting_strength=2.0,nowcast_weeks=4,ed_transform=logit,loss_weights=flu_hosp_ed,spatial=neighbors,decoder=quantile,width=96,epochs=240,patience=25,fit_partition=pathogen,covariate_encoder=summary,input_mode=scheduled_final,input_normalization=b0,evaluation_seasons=recent_two,actual_share=1.0,log_loss_weight=0.25",calibrated,flu_native,2024-2025,0.8414560314245554,0.04957367511921581,2
"pilot_method=joint,forecast_targets=flu,pathogen_inputs=flu,correction_weeks=2,reporting_random_strength=1,joint_weight=0.1,correction_penalty=3.0,reporting_missingness=0,nowcast_weeks=4,ed_transform=logit,loss_weights=flu_hosp_ed,spatial=neighbors,sum_wis_weight=0.25,width=96,epochs=240,patience=25,lr=0.0005,fit_partition=pathogen,covariate_encoder=summary,signal_features=multiscale,input_mode=scheduled_final,input_normalization=b0,evaluation_seasons=recent_two,actual_share=0.25",half,flu_native,2024-2025,0.8430027243321332,0.2097578358074241,2
"pilot_method=joint,pilot_nowcaster=real_tree,forecast_targets=flu,pathogen_inputs=flu,ili_units=flu_scaled,ili_steps=1200,correction_weeks=3,ili_training=pretrain,joint_weight=0.1,correction_penalty=3.0,reporting_strength=1.5,nowcast_weeks=4,lookback=10,ed_transform=logit,loss_weights=flu_hosp_ed,spatial=neighbors,decoder=quantile,latent=32,epochs=240,patience=25,lr=0.0005,fit_partition=pathogen,covariate_encoder=summary,input_mode=scheduled_final,input_normalization=b0,evaluation_seasons=recent_two,actual_share=0.5,nowcast_noise=1.0",half,flu_native,2024-2025,0.8439668194064869,0.033875889029959694,2
"pilot_method=two_stage,pilot_nowcaster=real_tree,forecast_targets=flu,pathogen_inputs=flu,ili_units=flu_scaled,ili_steps=1200,correction_weeks=1,ili_training=pretrain,joint_weight=0.05,correction_penalty=30.0,correction_strength=0.75,reporting_strength=2.0,lookback=10,count_transform=sqrt,ed_transform=logit,loss_weights=flu_hosp_ed,width=96,epochs=160,patience=25,batch_size=16,fit_partition=pathogen,covariate_encoder=summary,signal_features=multiscale,covariate_set=kinsa,input_mode=scheduled_final,input_normalization=b0,evaluation_seasons=recent_two,correction_realizations=2,uncorrected_share=0.1",raw,flu_native,2024-2025,0.8512882945918128,0.10841366576832426,2
"pilot_method=joint,forecast_targets=flu,pathogen_inputs=flu,correction_weeks=3,reporting_random_strength=1,joint_weight=0.1,correction_penalty=3.0,reporting_strength=2.0,nowcast_weeks=4,ed_transform=logit,loss_weights=flu_hosp_ed,spatial=neighbors,decoder=quantile,width=96,epochs=240,patience=25,fit_partition=pathogen,covariate_encoder=summary,input_mode=scheduled_final,input_normalization=b0,evaluation_seasons=recent_two,actual_share=1.0,log_loss_weight=0.25",corrected,flu_native,2024-2025,0.8545494316522545,0.06227034017359641,2
"pilot_method=joint,forecast_targets=flu,pathogen_inputs=flu,correction_weeks=2,joint_weight=0.1,correction_penalty=3.0,reporting_missingness=0,nowcast_weeks=4,ed_transform=logit,loss_weights=flu_hosp_ed,spatial=neighbors,decoder=quantile,width=96,epochs=240,patience=25,lr=0.0005,fit_partition=pathogen,covariate_encoder=summary,input_mode=scheduled_final,input_normalization=b0,evaluation_seasons=recent_two",calibrated,flu_native,2024-2025,0.8553153759319727,0.10538672167360433,2
"pilot_method=two_stage,pilot_nowcaster=real_tree,forecast_targets=flu,pathogen_inputs=flu,correction_weeks=2,joint_weight=0.05,correction_penalty=30.0,reporting_missingness=0,count_transform=sqrt,ed_transform=logit,loss_weights=flu_hosp_ed,width=96,epochs=160,patience=25,lr=0.002,fit_partition=pathogen,covariate_encoder=summary,covariate_set=kinsa,input_mode=scheduled_final,input_normalization=b0,evaluation_seasons=recent_two,log_loss_weight=0.5",corrected,flu_native,2024-2025,0.8584837549137794,0.05303302049462941,2
"pilot_method=joint,forecast_targets=flu,pathogen_inputs=flu,correction_weeks=2,reporting_random_strength=1,joint_weight=0.1,correction_penalty=3.0,reporting_missingness=0,nowcast_weeks=4,ed_transform=logit,loss_weights=flu_hosp_ed,spatial=neighbors,sum_wis_weight=0.25,width=96,epochs=240,patience=25,lr=0.0005,fit_partition=pathogen,covariate_encoder=summary,signal_features=multiscale,input_mode=scheduled_final,input_normalization=b0,evaluation_seasons=recent_two,actual_share=0.25",raw,flu_native,2024-2025,0.86082994141173,0.22162289411037472,2
"pilot_method=two_stage,pilot_nowcaster=real_tree,forecast_targets=flu,pathogen_inputs=flu,correction_weeks=2,joint_weight=0.05,correction_penalty=30.0,reporting_missingness=0,count_transform=sqrt,ed_transform=logit,loss_weights=flu_hosp_ed,width=96,epochs=160,patience=25,lr=0.002,fit_partition=pathogen,covariate_encoder=summary,covariate_set=kinsa,input_mode=scheduled_final,input_normalization=b0,evaluation_seasons=recent_two",raw,flu_native,2024-2025,0.8662327695130962,0.05188918574264447,2
"pilot_method=two_stage,pilot_nowcaster=real_tree,forecast_targets=flu,pathogen_inputs=flu,correction_weeks=2,joint_weight=0.05,correction_penalty=30.0,reporting_missingness=0,count_transform=sqrt,ed_transform=logit,loss_weights=flu_hosp_ed,width=96,epochs=160,patience=25,batch_size=16,lr=0.002,fit_partition=pathogen,covariate_encoder=summary,covariate_set=kinsa,input_mode=scheduled_final,input_normalization=b0,evaluation_seasons=recent_two,actual_share=0.5,log_loss_weight=0.5",corrected,flu_native,2024-2025,0.8668592984203345,0.020411162745698066,2
"pilot_method=joint,forecast_targets=flu,pathogen_inputs=flu,correction_weeks=2,joint_weight=0.1,correction_penalty=3.0,reporting_missingness=0,nowcast_weeks=4,ed_transform=logit,loss_weights=flu_hosp_ed,spatial=neighbors,decoder=quantile,width=96,epochs=240,patience=25,lr=0.0005,fit_partition=pathogen,covariate_encoder=summary,input_mode=scheduled_final,input_normalization=b0,evaluation_seasons=recent_two",corrected,flu_native,2024-2025,0.8675713316920374,0.10831194794145431,2
"pilot_method=two_stage,pilot_nowcaster=real_tree,forecast_targets=flu,pathogen_inputs=flu,correction_weeks=2,joint_weight=0.05,correction_penalty=100.0,count_transform=sqrt,ed_transform=logit,loss_weights=flu_hosp_ed,spatial=distance,width=128,epochs=160,patience=25,lr=0.002,fit_partition=pathogen,weight_decay=3e-05,covariate_encoder=summary,covariate_set=kinsa,input_mode=scheduled_final,input_normalization=b0,evaluation_seasons=recent_two,actual_share=0.25,correction_realizations=4,uncorrected_share=0.1,log_loss_weight=1.0",half,flu_native,2024-2025,0.8696906457041341,0.08246170404788135,2
"pilot_method=two_stage,pilot_nowcaster=real_tree,forecast_targets=flu,pathogen_inputs=flu,correction_weeks=2,joint_weight=0.05,correction_penalty=30.0,reporting_missingness=0,count_transform=sqrt,ed_transform=logit,loss_weights=flu_hosp_ed,width=96,epochs=160,patience=25,lr=0.002,fit_partition=pathogen,covariate_encoder=summary,covariate_set=kinsa,input_mode=scheduled_final,input_normalization=b0,evaluation_seasons=recent_two,actual_share=0.5",raw,flu_native,2024-2025,0.87013444810809,0.06895218070001581,2
"pilot_method=joint,forecast_targets=flu,pathogen_inputs=flu,correction_weeks=3,reporting_random_strength=1,joint_weight=0.1,correction_penalty=3.0,reporting_strength=2.0,nowcast_weeks=4,ed_transform=logit,loss_weights=flu_hosp_ed,spatial=neighbors,decoder=quantile,width=96,epochs=240,patience=25,fit_partition=pathogen,covariate_encoder=summary,input_mode=scheduled_final,input_normalization=b0,evaluation_seasons=recent_two,actual_share=1.0,log_loss_weight=0.25",half,flu_native,2024-2025,0.8710784755672024,0.06661936041179262,2
"pilot_method=joint,pilot_nowcaster=real_tree,forecast_targets=flu,pathogen_inputs=flu,ili_units=flu_scaled,ili_steps=1200,correction_weeks=3,ili_training=pretrain,joint_weight=0.1,correction_penalty=3.0,reporting_strength=1.5,nowcast_weeks=4,lookback=10,ed_transform=logit,loss_weights=flu_hosp_ed,spatial=neighbors,decoder=quantile,latent=32,epochs=240,patience=25,lr=0.0005,fit_partition=pathogen,covariate_encoder=summary,input_mode=scheduled_final,input_normalization=b0,evaluation_seasons=recent_two,actual_share=0.5,nowcast_noise=1.0",raw,flu_native,2024-2025,0.8792614130765738,0.040377955649545154,2
"pilot_method=joint,forecast_targets=flu,pathogen_inputs=flu,correction_weeks=3,reporting_random_strength=1,joint_weight=0.1,correction_penalty=3.0,reporting_strength=2.0,nowcast_weeks=4,ed_transform=logit,loss_weights=flu_hosp_ed,spatial=neighbors,decoder=quantile,width=96,epochs=240,patience=25,fit_partition=pathogen,covariate_encoder=summary,input_mode=scheduled_final,input_normalization=b0,evaluation_seasons=recent_two,actual_share=1.0,log_loss_weight=0.25",raw,flu_native,2024-2025,0.8897945960122298,0.0709548905394963,2
"pilot_method=joint,forecast_targets=flu,pathogen_inputs=flu,correction_weeks=2,joint_weight=0.1,correction_penalty=3.0,reporting_missingness=0,nowcast_weeks=4,ed_transform=logit,loss_weights=flu_hosp_ed,spatial=neighbors,decoder=quantile,width=96,epochs=240,patience=25,lr=0.0005,fit_partition=pathogen,covariate_encoder=summary,input_mode=scheduled_final,input_normalization=b0,evaluation_seasons=recent_two",half,flu_native,2024-2025,0.9000446311676327,0.12112831281611057,2
"pilot_method=two_stage,pilot_nowcaster=real_tree,forecast_targets=flu,pathogen_inputs=flu,correction_weeks=2,joint_weight=0.05,correction_penalty=30.0,reporting_missingness=0,count_transform=sqrt,ed_transform=logit,loss_weights=flu_hosp_ed,width=96,epochs=160,patience=25,lr=0.002,fit_partition=pathogen,covariate_encoder=summary,covariate_set=kinsa,input_mode=scheduled_final,input_normalization=b0,evaluation_seasons=recent_two,log_loss_weight=0.5",half,flu_native,2024-2025,0.905646292188368,0.05267961939181399,2
"pilot_method=two_stage,pilot_nowcaster=real_tree,forecast_targets=flu,pathogen_inputs=flu,correction_weeks=2,joint_weight=0.05,correction_penalty=30.0,reporting_missingness=0,count_transform=sqrt,ed_transform=logit,loss_weights=flu_hosp_ed,width=96,epochs=160,patience=25,batch_size=16,lr=0.002,fit_partition=pathogen,covariate_encoder=summary,covariate_set=kinsa,input_mode=scheduled_final,input_normalization=b0,evaluation_seasons=recent_two,actual_share=0.5,log_loss_weight=0.5",half,flu_native,2024-2025,0.9155320498654251,0.021495180067939268,2
"pilot_method=two_stage,pilot_nowcaster=real_tree,forecast_targets=flu,pathogen_inputs=flu,correction_weeks=2,joint_weight=0.05,correction_penalty=100.0,count_transform=sqrt,ed_transform=logit,loss_weights=flu_hosp_ed,spatial=distance,width=128,epochs=160,patience=25,lr=0.002,fit_partition=pathogen,weight_decay=3e-05,covariate_encoder=summary,covariate_set=kinsa,input_mode=scheduled_final,input_normalization=b0,evaluation_seasons=recent_two,actual_share=0.25,correction_realizations=4,uncorrected_share=0.1,log_loss_weight=1.0",raw,flu_native,2024-2025,0.9207857612760826,0.08124928600834228,2
"pilot_method=joint,forecast_targets=flu,pathogen_inputs=flu,correction_weeks=2,joint_weight=0.1,correction_penalty=3.0,reporting_missingness=0,nowcast_weeks=4,ed_transform=logit,loss_weights=flu_hosp_ed,spatial=neighbors,decoder=quantile,width=96,epochs=240,patience=25,lr=0.0005,fit_partition=pathogen,covariate_encoder=summary,input_mode=scheduled_final,input_normalization=b0,evaluation_seasons=recent_two",raw,flu_native,2024-2025,0.941304785188088,0.13246715074657814,2
"pilot_method=two_stage,pilot_nowcaster=real_tree,forecast_targets=flu,pathogen_inputs=flu,correction_weeks=2,joint_weight=0.05,correction_penalty=30.0,reporting_missingness=0,count_transform=sqrt,ed_transform=logit,loss_weights=flu_hosp_ed,width=96,epochs=160,patience=25,lr=0.002,fit_partition=pathogen,covariate_encoder=summary,covariate_set=kinsa,input_mode=scheduled_final,input_normalization=b0,evaluation_seasons=recent_two,log_loss_weight=0.5",raw,flu_native,2024-2025,0.9635094617943545,0.05108860598373298,2
"pilot_method=two_stage,pilot_nowcaster=real_tree,forecast_targets=flu,pathogen_inputs=flu,correction_weeks=2,joint_weight=0.05,correction_penalty=30.0,reporting_missingness=0,count_transform=sqrt,ed_transform=logit,loss_weights=flu_hosp_ed,width=96,epochs=160,patience=25,batch_size=16,lr=0.002,fit_partition=pathogen,covariate_encoder=summary,covariate_set=kinsa,input_mode=scheduled_final,input_normalization=b0,evaluation_seasons=recent_two,actual_share=0.5,log_loss_weight=0.5",raw,flu_native,2024-2025,0.9747199613069641,0.022289726720064428,2
"pilot_method=joint,forecast_targets=flu,pathogen_inputs=flu,correction_weeks=3,growth_anchor=1,joint_weight=0.1,correction_penalty=3.0,reporting_missingness=0,reporting_method=synchronous_log,reporting_strength=2.0,nowcast_weeks=4,lookback=10,ed_transform=logit,loss_weights=flu_hosp_ed,spatial=neighbors,decoder=residual2,sum_wis_weight=0.5,us_error=shared_factor,width=96,epochs=240,patience=25,batch_size=4,lr=0.0005,fit_partition=pathogen,covariate_encoder=summary,input_mode=scheduled_final,input_normalization=b0,evaluation_seasons=recent_two,actual_share=0.5",corrected,flu_native,2024-2025,1.1449953204687837,0.13578653006034455,2
"pilot_method=joint,forecast_targets=flu,pathogen_inputs=flu,correction_weeks=3,growth_anchor=1,joint_weight=0.1,correction_penalty=3.0,reporting_missingness=0,reporting_method=synchronous_log,reporting_strength=2.0,nowcast_weeks=4,lookback=10,ed_transform=logit,loss_weights=flu_hosp_ed,spatial=neighbors,decoder=residual2,sum_wis_weight=0.5,us_error=shared_factor,width=96,epochs=240,patience=25,batch_size=4,lr=0.0005,fit_partition=pathogen,covariate_encoder=summary,input_mode=scheduled_final,input_normalization=b0,evaluation_seasons=recent_two,actual_share=0.5",calibrated,flu_native,2024-2025,1.1659538509643972,0.1761729156960061,2
"pilot_method=joint,forecast_targets=flu,pathogen_inputs=flu,correction_weeks=3,growth_anchor=1,joint_weight=0.1,correction_penalty=3.0,reporting_missingness=0,reporting_method=synchronous_log,reporting_strength=2.0,nowcast_weeks=4,lookback=10,ed_transform=logit,loss_weights=flu_hosp_ed,spatial=neighbors,decoder=residual2,sum_wis_weight=0.5,us_error=shared_factor,width=96,epochs=240,patience=25,batch_size=4,lr=0.0005,fit_partition=pathogen,covariate_encoder=summary,input_mode=scheduled_final,input_normalization=b0,evaluation_seasons=recent_two,actual_share=0.5",half,flu_native,2024-2025,1.1916906660123803,0.14284757905736686,2
"pilot_method=joint,forecast_targets=flu,pathogen_inputs=flu,correction_weeks=3,growth_anchor=1,joint_weight=0.1,correction_penalty=3.0,reporting_missingness=0,reporting_method=synchronous_log,reporting_strength=2.0,nowcast_weeks=4,lookback=10,ed_transform=logit,loss_weights=flu_hosp_ed,spatial=neighbors,decoder=residual2,sum_wis_weight=0.5,us_error=shared_factor,width=96,epochs=240,patience=25,batch_size=4,lr=0.0005,fit_partition=pathogen,covariate_encoder=summary,input_mode=scheduled_final,input_normalization=b0,evaluation_seasons=recent_two,actual_share=0.5",raw,flu_native,2024-2025,1.2465490698070374,0.15060271038694656,2
"pilot_method=two_stage,pilot_nowcaster=real_tree,forecast_targets=flu,pathogen_inputs=flu,ili_units=flu_scaled,ili_steps=1200,correction_weeks=1,ili_training=pretrain,joint_weight=0.05,correction_penalty=30.0,correction_strength=0.75,reporting_strength=2.0,lookback=10,count_transform=sqrt,ed_transform=logit,loss_weights=flu_hosp_ed,width=96,epochs=160,patience=25,batch_size=16,fit_partition=pathogen,covariate_encoder=summary,signal_features=multiscale,covariate_set=kinsa,input_mode=scheduled_final,input_normalization=b0,evaluation_seasons=recent_two,correction_realizations=2,uncorrected_share=0.1",raw,flu_native,2025-2026,0.7639384425966067,0.011847804719732184,2
"pilot_method=two_stage,pilot_nowcaster=real_tree,forecast_targets=flu,pathogen_inputs=flu,ili_units=flu_scaled,ili_steps=1200,correction_weeks=1,ili_training=pretrain,joint_weight=0.05,correction_penalty=30.0,correction_strength=0.75,reporting_strength=2.0,lookback=10,count_transform=sqrt,ed_transform=logit,loss_weights=flu_hosp_ed,width=96,epochs=160,patience=25,batch_size=16,fit_partition=pathogen,covariate_encoder=summary,signal_features=multiscale,covariate_set=kinsa,input_mode=scheduled_final,input_normalization=b0,evaluation_seasons=recent_two,correction_realizations=2,uncorrected_share=0.1",half,flu_native,2025-2026,0.7716402422574863,0.015168488372663469,2
"pilot_method=two_stage,pilot_nowcaster=real_tree,forecast_targets=flu,pathogen_inputs=flu,ili_units=flu_scaled,ili_steps=1200,correction_weeks=1,ili_training=pretrain,joint_weight=0.05,correction_penalty=30.0,correction_strength=0.75,reporting_strength=2.0,lookback=10,count_transform=sqrt,ed_transform=logit,loss_weights=flu_hosp_ed,width=96,epochs=160,patience=25,batch_size=16,fit_partition=pathogen,covariate_encoder=summary,signal_features=multiscale,covariate_set=kinsa,input_mode=scheduled_final,input_normalization=b0,evaluation_seasons=recent_two,correction_realizations=2,uncorrected_share=0.1",corrected,flu_native,2025-2026,0.7828762334188822,0.01895742378696574,2
"pilot_method=two_stage,pilot_nowcaster=real_tree,forecast_targets=flu,pathogen_inputs=flu,ili_units=flu_scaled,ili_steps=1200,correction_weeks=1,ili_training=pretrain,joint_weight=0.05,correction_penalty=30.0,correction_strength=0.75,reporting_strength=2.0,lookback=10,count_transform=sqrt,ed_transform=logit,loss_weights=flu_hosp_ed,width=96,epochs=160,patience=25,batch_size=16,fit_partition=pathogen,covariate_encoder=summary,signal_features=multiscale,covariate_set=kinsa,input_mode=scheduled_final,input_normalization=b0,evaluation_seasons=recent_two,correction_realizations=2,uncorrected_share=0.1",calibrated,flu_native,2025-2026,0.7869814204071044,0.02876860076476708,2
"pilot_method=two_stage,pilot_nowcaster=real_tree,forecast_targets=flu,pathogen_inputs=flu,correction_weeks=2,joint_weight=0.05,correction_penalty=30.0,reporting_missingness=0,count_transform=sqrt,ed_transform=logit,loss_weights=flu_hosp_ed,width=96,epochs=160,patience=25,lr=0.002,fit_partition=pathogen,covariate_encoder=summary,covariate_set=kinsa,input_mode=scheduled_final,input_normalization=b0,evaluation_seasons=recent_two,actual_share=0.5",calibrated,flu_native,2025-2026,0.8097134566297678,0.0415165422864947,2
"pilot_method=two_stage,pilot_nowcaster=real_tree,forecast_targets=flu,pathogen_inputs=flu,correction_weeks=2,joint_weight=0.05,correction_penalty=30.0,reporting_missingness=0,count_transform=sqrt,ed_transform=logit,loss_weights=flu_hosp_ed,width=96,epochs=160,patience=25,lr=0.002,fit_partition=pathogen,covariate_encoder=summary,covariate_set=kinsa,input_mode=scheduled_final,input_normalization=b0,evaluation_seasons=recent_two,actual_share=0.5",corrected,flu_native,2025-2026,0.8147288712274785,0.044669975915812093,2
"pilot_method=two_stage,pilot_nowcaster=real_tree,forecast_targets=flu,pathogen_inputs=flu,correction_weeks=2,joint_weight=0.05,correction_penalty=30.0,reporting_missingness=0,count_transform=sqrt,ed_transform=logit,loss_weights=flu_hosp_ed,width=96,epochs=160,patience=25,lr=0.002,fit_partition=pathogen,covariate_encoder=summary,covariate_set=kinsa,input_mode=scheduled_final,input_normalization=b0,evaluation_seasons=recent_two",raw,flu_native,2025-2026,0.8157019075972545,0.031226694314380986,2
"pilot_method=two_stage,pilot_nowcaster=real_tree,forecast_targets=flu,pathogen_inputs=flu,correction_weeks=2,joint_weight=0.05,correction_penalty=30.0,reporting_missingness=0,count_transform=sqrt,ed_transform=logit,loss_weights=flu_hosp_ed,width=96,epochs=160,patience=25,lr=0.002,fit_partition=pathogen,covariate_encoder=summary,covariate_set=kinsa,input_mode=scheduled_final,input_normalization=b0,evaluation_seasons=recent_two",half,flu_native,2025-2026,0.8157625806251103,0.021974787526955555,2
"pilot_method=two_stage,pilot_nowcaster=real_tree,forecast_targets=flu,pathogen_inputs=flu,correction_weeks=2,joint_weight=0.05,correction_penalty=30.0,reporting_missingness=0,count_transform=sqrt,ed_transform=logit,loss_weights=flu_hosp_ed,width=96,epochs=160,patience=25,lr=0.002,fit_partition=pathogen,covariate_encoder=summary,covariate_set=kinsa,input_mode=scheduled_final,input_normalization=b0,evaluation_seasons=recent_two",corrected,flu_native,2025-2026,0.8204946532157666,0.011072348669620508,2
"pilot_method=joint,pilot_nowcaster=real_tree,forecast_targets=flu,pathogen_inputs=flu,ili_units=flu_scaled,ili_steps=1200,correction_weeks=3,ili_training=pretrain,joint_weight=0.1,correction_penalty=3.0,reporting_strength=1.5,nowcast_weeks=4,lookback=10,ed_transform=logit,loss_weights=flu_hosp_ed,spatial=neighbors,decoder=quantile,latent=32,epochs=240,patience=25,lr=0.0005,fit_partition=pathogen,covariate_encoder=summary,input_mode=scheduled_final,input_normalization=b0,evaluation_seasons=recent_two,actual_share=0.5,nowcast_noise=1.0",raw,flu_native,2025-2026,0.8216054340116636,0.03722871091140622,2
"pilot_method=two_stage,pilot_nowcaster=real_tree,forecast_targets=flu,pathogen_inputs=flu,correction_weeks=2,joint_weight=0.05,correction_penalty=30.0,reporting_missingness=0,count_transform=sqrt,ed_transform=logit,loss_weights=flu_hosp_ed,width=96,epochs=160,patience=25,lr=0.002,fit_partition=pathogen,covariate_encoder=summary,covariate_set=kinsa,input_mode=scheduled_final,input_normalization=b0,evaluation_seasons=recent_two,actual_share=0.5",half,flu_native,2025-2026,0.8230949519008982,0.044324326925598775,2
"pilot_method=joint,forecast_targets=flu,pathogen_inputs=flu,correction_weeks=2,reporting_random_strength=1,joint_weight=0.1,correction_penalty=3.0,reporting_missingness=0,nowcast_weeks=4,ed_transform=logit,loss_weights=flu_hosp_ed,spatial=neighbors,sum_wis_weight=0.25,width=96,epochs=240,patience=25,lr=0.0005,fit_partition=pathogen,covariate_encoder=summary,signal_features=multiscale,input_mode=scheduled_final,input_normalization=b0,evaluation_seasons=recent_two,actual_share=0.25",calibrated,flu_native,2025-2026,0.8287109703253441,0.10679700802601831,2
"pilot_method=two_stage,pilot_nowcaster=real_tree,forecast_targets=flu,pathogen_inputs=flu,correction_weeks=2,joint_weight=0.05,correction_penalty=30.0,reporting_missingness=0,count_transform=sqrt,ed_transform=logit,loss_weights=flu_hosp_ed,width=96,epochs=160,patience=25,lr=0.002,fit_partition=pathogen,covariate_encoder=summary,covariate_set=kinsa,input_mode=scheduled_final,input_normalization=b0,evaluation_seasons=recent_two",calibrated,flu_native,2025-2026,0.8327509784937555,0.026254092138560853,2
"pilot_method=joint,pilot_nowcaster=real_tree,forecast_targets=flu,pathogen_inputs=flu,ili_units=flu_scaled,ili_steps=1200,correction_weeks=3,ili_training=pretrain,joint_weight=0.1,correction_penalty=3.0,reporting_strength=1.5,nowcast_weeks=4,lookback=10,ed_transform=logit,loss_weights=flu_hosp_ed,spatial=neighbors,decoder=quantile,latent=32,epochs=240,patience=25,lr=0.0005,fit_partition=pathogen,covariate_encoder=summary,input_mode=scheduled_final,input_normalization=b0,evaluation_seasons=recent_two,actual_share=0.5,nowcast_noise=1.0",half,flu_native,2025-2026,0.8339475008418624,0.04896236162058322,2
"pilot_method=two_stage,pilot_nowcaster=real_tree,forecast_targets=flu,pathogen_inputs=flu,correction_weeks=2,joint_weight=0.05,correction_penalty=30.0,reporting_missingness=0,count_transform=sqrt,ed_transform=logit,loss_weights=flu_hosp_ed,width=96,epochs=160,patience=25,lr=0.002,fit_partition=pathogen,covariate_encoder=summary,covariate_set=kinsa,input_mode=scheduled_final,input_normalization=b0,evaluation_seasons=recent_two,actual_share=0.5",raw,flu_native,2025-2026,0.8368419164362679,0.04429056473873011,2
"pilot_method=joint,forecast_targets=flu,pathogen_inputs=flu,correction_weeks=2,reporting_random_strength=1,joint_weight=0.1,correction_penalty=3.0,reporting_missingness=0,nowcast_weeks=4,ed_transform=logit,loss_weights=flu_hosp_ed,spatial=neighbors,sum_wis_weight=0.25,width=96,epochs=240,patience=25,lr=0.0005,fit_partition=pathogen,covariate_encoder=summary,signal_features=multiscale,input_mode=scheduled_final,input_normalization=b0,evaluation_seasons=recent_two,actual_share=0.25",half,flu_native,2025-2026,0.837137799579625,0.09822829540049396,2
"pilot_method=joint,forecast_targets=flu,pathogen_inputs=flu,correction_weeks=2,reporting_random_strength=1,joint_weight=0.1,correction_penalty=3.0,reporting_missingness=0,nowcast_weeks=4,ed_transform=logit,loss_weights=flu_hosp_ed,spatial=neighbors,sum_wis_weight=0.25,width=96,epochs=240,patience=25,lr=0.0005,fit_partition=pathogen,covariate_encoder=summary,signal_features=multiscale,input_mode=scheduled_final,input_normalization=b0,evaluation_seasons=recent_two,actual_share=0.25",raw,flu_native,2025-2026,0.8371888103047007,0.09207708575981084,2
"pilot_method=joint,forecast_targets=flu,pathogen_inputs=flu,correction_weeks=2,reporting_random_strength=1,joint_weight=0.1,correction_penalty=3.0,reporting_missingness=0,nowcast_weeks=4,ed_transform=logit,loss_weights=flu_hosp_ed,spatial=neighbors,sum_wis_weight=0.25,width=96,epochs=240,patience=25,lr=0.0005,fit_partition=pathogen,covariate_encoder=summary,signal_features=multiscale,input_mode=scheduled_final,input_normalization=b0,evaluation_seasons=recent_two,actual_share=0.25",corrected,flu_native,2025-2026,0.8396715647621483,0.10467070920040025,2
"pilot_method=two_stage,pilot_nowcaster=real_tree,forecast_targets=flu,pathogen_inputs=flu,correction_weeks=2,joint_weight=0.05,correction_penalty=30.0,reporting_missingness=0,count_transform=sqrt,ed_transform=logit,loss_weights=flu_hosp_ed,width=96,epochs=160,patience=25,batch_size=16,lr=0.002,fit_partition=pathogen,covariate_encoder=summary,covariate_set=kinsa,input_mode=scheduled_final,input_normalization=b0,evaluation_seasons=recent_two,actual_share=0.5,log_loss_weight=0.5",half,flu_native,2025-2026,0.8451791172480614,0.03194091779092581,2
"pilot_method=two_stage,pilot_nowcaster=real_tree,forecast_targets=flu,pathogen_inputs=flu,correction_weeks=2,joint_weight=0.05,correction_penalty=30.0,reporting_missingness=0,count_transform=sqrt,ed_transform=logit,loss_weights=flu_hosp_ed,width=96,epochs=160,patience=25,batch_size=16,lr=0.002,fit_partition=pathogen,covariate_encoder=summary,covariate_set=kinsa,input_mode=scheduled_final,input_normalization=b0,evaluation_seasons=recent_two,actual_share=0.5,log_loss_weight=0.5",raw,flu_native,2025-2026,0.8459514671576812,0.025487308245070787,2
"pilot_method=joint,pilot_nowcaster=real_tree,forecast_targets=flu,pathogen_inputs=flu,ili_units=flu_scaled,ili_steps=1200,correction_weeks=3,ili_training=pretrain,joint_weight=0.1,correction_penalty=3.0,reporting_strength=1.5,nowcast_weeks=4,lookback=10,ed_transform=logit,loss_weights=flu_hosp_ed,spatial=neighbors,decoder=quantile,latent=32,epochs=240,patience=25,lr=0.0005,fit_partition=pathogen,covariate_encoder=summary,input_mode=scheduled_final,input_normalization=b0,evaluation_seasons=recent_two,actual_share=0.5,nowcast_noise=1.0",calibrated,flu_native,2025-2026,0.8485894658444837,0.06438835768074223,2
"pilot_method=two_stage,pilot_nowcaster=real_tree,forecast_targets=flu,pathogen_inputs=flu,correction_weeks=2,joint_weight=0.05,correction_penalty=30.0,reporting_missingness=0,count_transform=sqrt,ed_transform=logit,loss_weights=flu_hosp_ed,width=96,epochs=160,patience=25,batch_size=16,lr=0.002,fit_partition=pathogen,covariate_encoder=summary,covariate_set=kinsa,input_mode=scheduled_final,input_normalization=b0,evaluation_seasons=recent_two,actual_share=0.5,log_loss_weight=0.5",corrected,flu_native,2025-2026,0.8494290585205522,0.038744373903436165,2
"pilot_method=joint,forecast_targets=flu,pathogen_inputs=flu,correction_weeks=3,reporting_random_strength=1,joint_weight=0.1,correction_penalty=3.0,reporting_strength=2.0,nowcast_weeks=4,ed_transform=logit,loss_weights=flu_hosp_ed,spatial=neighbors,decoder=quantile,width=96,epochs=240,patience=25,fit_partition=pathogen,covariate_encoder=summary,input_mode=scheduled_final,input_normalization=b0,evaluation_seasons=recent_two,actual_share=1.0,log_loss_weight=0.25",calibrated,flu_native,2025-2026,0.8497325126502573,0.0422696068120134,2
"pilot_method=joint,pilot_nowcaster=real_tree,forecast_targets=flu,pathogen_inputs=flu,ili_units=flu_scaled,ili_steps=1200,correction_weeks=3,ili_training=pretrain,joint_weight=0.1,correction_penalty=3.0,reporting_strength=1.5,nowcast_weeks=4,lookback=10,ed_transform=logit,loss_weights=flu_hosp_ed,spatial=neighbors,decoder=quantile,latent=32,epochs=240,patience=25,lr=0.0005,fit_partition=pathogen,covariate_encoder=summary,input_mode=scheduled_final,input_normalization=b0,evaluation_seasons=recent_two,actual_share=0.5,nowcast_noise=1.0",corrected,flu_native,2025-2026,0.8539614511724329,0.06154393271701139,2
"pilot_method=joint,forecast_targets=flu,pathogen_inputs=flu,correction_weeks=2,joint_weight=0.1,correction_penalty=3.0,reporting_missingness=0,nowcast_weeks=4,ed_transform=logit,loss_weights=flu_hosp_ed,spatial=neighbors,decoder=quantile,width=96,epochs=240,patience=25,lr=0.0005,fit_partition=pathogen,covariate_encoder=summary,input_mode=scheduled_final,input_normalization=b0,evaluation_seasons=recent_two",calibrated,flu_native,2025-2026,0.8573263999387579,0.09649934598585379,2
"pilot_method=two_stage,pilot_nowcaster=real_tree,forecast_targets=flu,pathogen_inputs=flu,correction_weeks=2,joint_weight=0.05,correction_penalty=30.0,reporting_missingness=0,count_transform=sqrt,ed_transform=logit,loss_weights=flu_hosp_ed,width=96,epochs=160,patience=25,batch_size=16,lr=0.002,fit_partition=pathogen,covariate_encoder=summary,covariate_set=kinsa,input_mode=scheduled_final,input_normalization=b0,evaluation_seasons=recent_two,actual_share=0.5,log_loss_weight=0.5",calibrated,flu_native,2025-2026,0.8574265664312575,0.05663598105140842,2
"pilot_method=joint,forecast_targets=flu,pathogen_inputs=flu,correction_weeks=2,joint_weight=0.1,correction_penalty=3.0,reporting_missingness=0,nowcast_weeks=4,ed_transform=logit,loss_weights=flu_hosp_ed,spatial=neighbors,decoder=quantile,width=96,epochs=240,patience=25,lr=0.0005,fit_partition=pathogen,covariate_encoder=summary,input_mode=scheduled_final,input_normalization=b0,evaluation_seasons=recent_two,actual_share=1.0",calibrated,flu_native,2025-2026,0.8607968102142807,0.051762855841592195,2
"pilot_method=joint,forecast_targets=flu,pathogen_inputs=flu,correction_weeks=2,joint_weight=0.1,correction_penalty=3.0,reporting_missingness=0,nowcast_weeks=4,ed_transform=logit,loss_weights=flu_hosp_ed,spatial=neighbors,sum_wis_weight=0.25,width=96,epochs=240,patience=25,lr=0.0005,fit_partition=pathogen,covariate_encoder=summary,input_mode=scheduled_final,input_normalization=b0,evaluation_seasons=recent_two",raw,flu_native,2025-2026,0.8619727848157002,0.0013931632010032722,2
"pilot_method=joint,forecast_targets=flu,pathogen_inputs=flu,correction_weeks=2,joint_weight=0.1,correction_penalty=3.0,reporting_missingness=0,nowcast_weeks=4,ed_transform=logit,loss_weights=flu_hosp_ed,spatial=neighbors,decoder=quantile,width=96,epochs=240,patience=25,lr=0.0005,fit_partition=pathogen,covariate_encoder=summary,input_mode=scheduled_final,input_normalization=b0,evaluation_seasons=recent_two",half,flu_native,2025-2026,0.8634229415546568,0.09975883277302532,2
"pilot_method=joint,forecast_targets=flu,pathogen_inputs=flu,correction_weeks=2,joint_weight=0.1,correction_penalty=3.0,reporting_missingness=0,nowcast_weeks=4,ed_transform=logit,loss_weights=flu_hosp_ed,spatial=neighbors,decoder=quantile,width=96,epochs=240,patience=25,lr=0.0005,fit_partition=pathogen,covariate_encoder=summary,input_mode=scheduled_final,input_normalization=b0,evaluation_seasons=recent_two",raw,flu_native,2025-2026,0.8636645577680144,0.09936033635408414,2
"pilot_method=two_stage,pilot_nowcaster=real_tree,forecast_targets=flu,pathogen_inputs=flu,correction_weeks=2,joint_weight=0.05,correction_penalty=100.0,count_transform=sqrt,ed_transform=logit,loss_weights=flu_hosp_ed,spatial=distance,width=128,epochs=160,patience=25,lr=0.002,fit_partition=pathogen,weight_decay=3e-05,covariate_encoder=summary,covariate_set=kinsa,input_mode=scheduled_final,input_normalization=b0,evaluation_seasons=recent_two,actual_share=0.25,correction_realizations=4,uncorrected_share=0.1,log_loss_weight=1.0",raw,flu_native,2025-2026,0.8637276014003128,0.04907696975090072,2
"pilot_method=joint,forecast_targets=flu,pathogen_inputs=flu,correction_weeks=3,reporting_random_strength=1,joint_weight=0.1,correction_penalty=3.0,reporting_strength=2.0,nowcast_weeks=4,ed_transform=logit,loss_weights=flu_hosp_ed,spatial=neighbors,decoder=quantile,width=96,epochs=240,patience=25,fit_partition=pathogen,covariate_encoder=summary,input_mode=scheduled_final,input_normalization=b0,evaluation_seasons=recent_two,actual_share=1.0,log_loss_weight=0.25",half,flu_native,2025-2026,0.8668696259520274,0.03778437475558202,2
"pilot_method=joint,forecast_targets=flu,pathogen_inputs=flu,correction_weeks=3,reporting_random_strength=1,joint_weight=0.1,correction_penalty=3.0,reporting_strength=2.0,nowcast_weeks=4,ed_transform=logit,loss_weights=flu_hosp_ed,spatial=neighbors,decoder=quantile,width=96,epochs=240,patience=25,fit_partition=pathogen,covariate_encoder=summary,input_mode=scheduled_final,input_normalization=b0,evaluation_seasons=recent_two,actual_share=1.0,log_loss_weight=0.25",raw,flu_native,2025-2026,0.8671860599992178,0.03816673546381392,2
"pilot_method=joint,pilot_nowcaster=real_tree,forecast_targets=flu,pathogen_inputs=flu,ili_units=flu_scaled,ili_steps=1200,correction_weeks=3,ili_training=pretrain,joint_weight=0.1,correction_penalty=3.0,reporting_strength=1.5,nowcast_weeks=4,lookback=10,ed_transform=logit,loss_weights=flu_hosp_ed,spatial=neighbors,decoder=quantile,latent=32,epochs=240,patience=25,lr=0.0005,fit_partition=pathogen,covariate_encoder=summary,input_mode=scheduled_final,input_normalization=b0,evaluation_seasons=recent_two,actual_share=0.5,nowcast_noise=1.0",sampled,flu_native,2025-2026,0.867919030047785,0.07123804981733205,2
"pilot_method=joint,forecast_targets=flu,pathogen_inputs=flu,correction_weeks=3,reporting_random_strength=1,joint_weight=0.1,correction_penalty=3.0,reporting_strength=2.0,nowcast_weeks=4,ed_transform=logit,loss_weights=flu_hosp_ed,spatial=neighbors,decoder=quantile,width=96,epochs=240,patience=25,fit_partition=pathogen,covariate_encoder=summary,input_mode=scheduled_final,input_normalization=b0,evaluation_seasons=recent_two,actual_share=1.0,log_loss_weight=0.25",corrected,flu_native,2025-2026,0.8681155171147049,0.037429228702390835,2
"pilot_method=joint,forecast_targets=flu,pathogen_inputs=flu,correction_weeks=2,joint_weight=0.1,correction_penalty=3.0,reporting_missingness=0,nowcast_weeks=4,ed_transform=logit,loss_weights=flu_hosp_ed,spatial=neighbors,sum_wis_weight=0.25,width=96,epochs=240,patience=25,lr=0.0005,fit_partition=pathogen,covariate_encoder=summary,input_mode=scheduled_final,input_normalization=b0,evaluation_seasons=recent_two",half,flu_native,2025-2026,0.8689967707079729,0.00846147954630465,2
"pilot_method=two_stage,pilot_nowcaster=real_tree,forecast_targets=flu,pathogen_inputs=flu,correction_weeks=2,joint_weight=0.05,correction_penalty=100.0,count_transform=sqrt,ed_transform=logit,loss_weights=flu_hosp_ed,spatial=distance,width=128,epochs=160,patience=25,lr=0.002,fit_partition=pathogen,weight_decay=3e-05,covariate_encoder=summary,covariate_set=kinsa,input_mode=scheduled_final,input_normalization=b0,evaluation_seasons=recent_two,actual_share=0.25,correction_realizations=4,uncorrected_share=0.1,log_loss_weight=1.0",half,flu_native,2025-2026,0.8704569142320395,0.05285174525097655,2
"pilot_method=joint,forecast_targets=flu,pathogen_inputs=flu,correction_weeks=2,joint_weight=0.1,correction_penalty=3.0,reporting_missingness=0,nowcast_weeks=4,ed_transform=logit,loss_weights=flu_hosp_ed,spatial=neighbors,sum_wis_weight=0.25,width=96,epochs=240,patience=25,lr=0.0005,fit_partition=pathogen,covariate_encoder=summary,input_mode=scheduled_final,input_normalization=b0,evaluation_seasons=recent_two",calibrated,flu_native,2025-2026,0.8704763892789316,0.013830098103644732,2
"pilot_method=joint,forecast_targets=flu,pathogen_inputs=flu,correction_weeks=2,joint_weight=0.1,correction_penalty=3.0,reporting_missingness=0,nowcast_weeks=4,ed_transform=logit,loss_weights=flu_hosp_ed,spatial=neighbors,decoder=quantile,width=96,epochs=240,patience=25,lr=0.0005,fit_partition=pathogen,covariate_encoder=summary,input_mode=scheduled_final,input_normalization=b0,evaluation_seasons=recent_two,actual_share=1.0",raw,flu_native,2025-2026,0.8715463942164434,0.046567638468343706,2
"pilot_method=joint,forecast_targets=flu,pathogen_inputs=flu,correction_weeks=2,joint_weight=0.1,correction_penalty=3.0,reporting_missingness=0,nowcast_weeks=4,ed_transform=logit,loss_weights=flu_hosp_ed,spatial=neighbors,decoder=quantile,width=96,epochs=240,patience=25,lr=0.0005,fit_partition=pathogen,covariate_encoder=summary,input_mode=scheduled_final,input_normalization=b0,evaluation_seasons=recent_two",corrected,flu_native,2025-2026,0.8718624437622701,0.09946249544711801,2
"pilot_method=joint,forecast_targets=flu,pathogen_inputs=flu,correction_weeks=2,joint_weight=0.1,correction_penalty=3.0,reporting_missingness=0,nowcast_weeks=4,ed_transform=logit,loss_weights=flu_hosp_ed,spatial=neighbors,decoder=quantile,width=96,epochs=240,patience=25,lr=0.0005,fit_partition=pathogen,covariate_encoder=summary,input_mode=scheduled_final,input_normalization=b0,evaluation_seasons=recent_two,actual_share=1.0",half,flu_native,2025-2026,0.872623387178308,0.05109213870136932,2
"pilot_method=joint,forecast_targets=flu,pathogen_inputs=flu,correction_weeks=2,reporting_random_strength=1,joint_weight=0.1,correction_penalty=300.0,reporting_missingness=0,nowcast_weeks=4,ed_transform=logit,loss_weights=flu_hosp_ed,spatial=neighbors,sum_wis_weight=0.25,width=96,epochs=240,patience=25,lr=0.0005,fit_partition=pathogen,covariate_encoder=summary,input_mode=scheduled_final,input_normalization=b0,evaluation_seasons=recent_two,actual_share=0.5,log_loss_weight=0.25",calibrated,flu_native,2025-2026,0.8738347435082405,0.01712939294906251,2
"pilot_method=joint,forecast_targets=flu,pathogen_inputs=flu,correction_weeks=2,joint_weight=0.1,correction_penalty=3.0,reporting_missingness=0,nowcast_weeks=4,ed_transform=logit,loss_weights=flu_hosp_ed,spatial=neighbors,decoder=quantile,width=96,epochs=240,patience=25,lr=0.0005,fit_partition=pathogen,covariate_encoder=summary,input_mode=scheduled_final,input_normalization=b0,evaluation_seasons=recent_two,actual_share=1.0",corrected,flu_native,2025-2026,0.8753246481187558,0.05552055522950318,2
"pilot_method=two_stage,pilot_nowcaster=real_tree,forecast_targets=flu,pathogen_inputs=flu,correction_weeks=2,joint_weight=0.05,correction_penalty=100.0,count_transform=sqrt,ed_transform=logit,loss_weights=flu_hosp_ed,spatial=distance,width=128,epochs=160,patience=25,lr=0.002,fit_partition=pathogen,weight_decay=3e-05,covariate_encoder=summary,covariate_set=kinsa,input_mode=scheduled_final,input_normalization=b0,evaluation_seasons=recent_two,actual_share=0.25,correction_realizations=4,uncorrected_share=0.1,log_loss_weight=1.0",calibrated,flu_native,2025-2026,0.8808150496463389,0.047909586782006595,2
"pilot_method=two_stage,pilot_nowcaster=real_tree,forecast_targets=flu,pathogen_inputs=flu,correction_weeks=2,joint_weight=0.05,correction_penalty=100.0,count_transform=sqrt,ed_transform=logit,loss_weights=flu_hosp_ed,spatial=distance,width=128,epochs=160,patience=25,lr=0.002,fit_partition=pathogen,weight_decay=3e-05,covariate_encoder=summary,covariate_set=kinsa,input_mode=scheduled_final,input_normalization=b0,evaluation_seasons=recent_two,actual_share=0.25,correction_realizations=4,uncorrected_share=0.1,log_loss_weight=1.0",corrected,flu_native,2025-2026,0.8830071795456195,0.057444497869221754,2
"pilot_method=joint,forecast_targets=flu,pathogen_inputs=flu,correction_weeks=2,joint_weight=0.1,correction_penalty=3.0,reporting_missingness=0,nowcast_weeks=4,ed_transform=logit,loss_weights=flu_hosp_ed,spatial=neighbors,decoder=quantile,width=96,epochs=240,patience=25,batch_size=16,lr=0.0005,fit_partition=pathogen,covariate_encoder=summary,input_mode=scheduled_final,input_normalization=b0,evaluation_seasons=recent_two,actual_share=1.0",calibrated,flu_native,2025-2026,0.8861689482601809,0.08074699076071293,2
"pilot_method=joint,forecast_targets=flu,pathogen_inputs=flu,correction_weeks=2,joint_weight=0.1,correction_penalty=3.0,reporting_missingness=0,nowcast_weeks=4,ed_transform=logit,loss_weights=flu_hosp_ed,spatial=neighbors,sum_wis_weight=0.25,width=96,epochs=240,patience=25,lr=0.0005,fit_partition=pathogen,covariate_encoder=summary,input_mode=scheduled_final,input_normalization=b0,evaluation_seasons=recent_two",corrected,flu_native,2025-2026,0.8864051909219616,0.013961899775698854,2
"pilot_method=joint,forecast_targets=flu,pathogen_inputs=flu,correction_weeks=2,reporting_random_strength=1,joint_weight=0.1,correction_penalty=300.0,reporting_missingness=0,nowcast_weeks=4,ed_transform=logit,loss_weights=flu_hosp_ed,spatial=neighbors,sum_wis_weight=0.25,width=96,epochs=240,patience=25,lr=0.0005,fit_partition=pathogen,covariate_encoder=summary,input_mode=scheduled_final,input_normalization=b0,evaluation_seasons=recent_two,actual_share=0.5,log_loss_weight=0.25",half,flu_native,2025-2026,0.8912103517961487,0.02611549230535642,2
"pilot_method=joint,forecast_targets=flu,pathogen_inputs=flu,correction_weeks=2,reporting_random_strength=1,joint_weight=0.1,correction_penalty=300.0,reporting_missingness=0,nowcast_weeks=4,ed_transform=logit,loss_weights=flu_hosp_ed,spatial=neighbors,sum_wis_weight=0.25,width=96,epochs=240,patience=25,lr=0.0005,fit_partition=pathogen,covariate_encoder=summary,input_mode=scheduled_final,input_normalization=b0,evaluation_seasons=recent_two,actual_share=0.5,log_loss_weight=0.25",corrected,flu_native,2025-2026,0.8915564888516891,0.02880129685262319,2
"pilot_method=joint,forecast_targets=flu,pathogen_inputs=flu,correction_weeks=2,reporting_random_strength=1,joint_weight=0.1,correction_penalty=300.0,reporting_missingness=0,nowcast_weeks=4,ed_transform=logit,loss_weights=flu_hosp_ed,spatial=neighbors,sum_wis_weight=0.25,width=96,epochs=240,patience=25,lr=0.0005,fit_partition=pathogen,covariate_encoder=summary,input_mode=scheduled_final,input_normalization=b0,evaluation_seasons=recent_two,actual_share=0.5,log_loss_weight=0.25",raw,flu_native,2025-2026,0.8932501799100805,0.023697669358347478,2
"pilot_method=joint,forecast_targets=flu,pathogen_inputs=flu,correction_weeks=2,joint_weight=0.1,correction_penalty=3.0,reporting_missingness=0,nowcast_weeks=4,ed_transform=logit,loss_weights=flu_hosp_ed,spatial=neighbors,decoder=quantile,width=96,epochs=240,patience=25,batch_size=16,lr=0.0005,fit_partition=pathogen,covariate_encoder=summary,input_mode=scheduled_final,input_normalization=b0,evaluation_seasons=recent_two,actual_share=1.0",half,flu_native,2025-2026,0.9035790487554254,0.10662915335454796,2
"pilot_method=joint,forecast_targets=flu,pathogen_inputs=flu,correction_weeks=2,joint_weight=0.1,correction_penalty=3.0,reporting_missingness=0,nowcast_weeks=4,ed_transform=logit,loss_weights=flu_hosp_ed,spatial=neighbors,decoder=quantile,width=96,epochs=240,patience=25,batch_size=16,lr=0.0005,fit_partition=pathogen,covariate_encoder=summary,input_mode=scheduled_final,input_normalization=b0,evaluation_seasons=recent_two,actual_share=1.0",corrected,flu_native,2025-2026,0.9040603283891846,0.10077532973183638,2
"pilot_method=joint,forecast_targets=flu,pathogen_inputs=flu,correction_weeks=2,joint_weight=0.1,correction_penalty=3.0,reporting_missingness=0,nowcast_weeks=4,ed_transform=logit,loss_weights=flu_hosp_ed,spatial=neighbors,decoder=quantile,width=96,epochs=240,patience=25,batch_size=16,lr=0.0005,fit_partition=pathogen,covariate_encoder=summary,input_mode=scheduled_final,input_normalization=b0,evaluation_seasons=recent_two,actual_share=1.0",raw,flu_native,2025-2026,0.9046475900384381,0.11235096495209451,2
"pilot_method=two_stage,pilot_nowcaster=real_tree,forecast_targets=flu,pathogen_inputs=flu,correction_weeks=2,joint_weight=0.05,correction_penalty=30.0,reporting_missingness=0,count_transform=sqrt,ed_transform=logit,loss_weights=flu_hosp_ed,width=96,epochs=160,patience=25,lr=0.002,fit_partition=pathogen,covariate_encoder=summary,covariate_set=kinsa,input_mode=scheduled_final,input_normalization=b0,evaluation_seasons=recent_two,log_loss_weight=0.5",calibrated,flu_native,2025-2026,0.9427490878628674,0.20680792158586322,2
"pilot_method=two_stage,pilot_nowcaster=real_tree,forecast_targets=flu,pathogen_inputs=flu,correction_weeks=2,joint_weight=0.05,correction_penalty=30.0,reporting_missingness=0,count_transform=sqrt,ed_transform=logit,loss_weights=flu_hosp_ed,width=96,epochs=160,patience=25,lr=0.002,fit_partition=pathogen,covariate_encoder=summary,covariate_set=kinsa,input_mode=scheduled_final,input_normalization=b0,evaluation_seasons=recent_two,log_loss_weight=0.5",corrected,flu_native,2025-2026,0.9431344743509062,0.20043254105889594,2
"pilot_method=two_stage,pilot_nowcaster=real_tree,forecast_targets=flu,pathogen_inputs=flu,correction_weeks=2,joint_weight=0.05,correction_penalty=30.0,reporting_missingness=0,count_transform=sqrt,ed_transform=logit,loss_weights=flu_hosp_ed,width=96,epochs=160,patience=25,lr=0.002,fit_partition=pathogen,covariate_encoder=summary,covariate_set=kinsa,input_mode=scheduled_final,input_normalization=b0,evaluation_seasons=recent_two,log_loss_weight=0.5",half,flu_native,2025-2026,0.9436038440008028,0.20897971894039236,2
"pilot_method=two_stage,pilot_nowcaster=real_tree,forecast_targets=flu,pathogen_inputs=flu,correction_weeks=2,joint_weight=0.05,correction_penalty=30.0,reporting_missingness=0,count_transform=sqrt,ed_transform=logit,loss_weights=flu_hosp_ed,width=96,epochs=160,patience=25,lr=0.002,fit_partition=pathogen,covariate_encoder=summary,covariate_set=kinsa,input_mode=scheduled_final,input_normalization=b0,evaluation_seasons=recent_two,log_loss_weight=0.5",raw,flu_native,2025-2026,0.9478448052189552,0.21852759418771284,2
"pilot_method=joint,forecast_targets=flu,pathogen_inputs=flu,correction_weeks=3,growth_anchor=1,joint_weight=0.1,correction_penalty=3.0,reporting_missingness=0,reporting_method=synchronous_log,reporting_strength=2.0,nowcast_weeks=4,lookback=10,ed_transform=logit,loss_weights=flu_hosp_ed,spatial=neighbors,decoder=residual2,sum_wis_weight=0.5,us_error=shared_factor,width=96,epochs=240,patience=25,batch_size=4,lr=0.0005,fit_partition=pathogen,covariate_encoder=summary,input_mode=scheduled_final,input_normalization=b0,evaluation_seasons=recent_two,actual_share=0.5",raw,flu_native,2025-2026,0.9667634405417882,0.09745509516439307,2
"pilot_method=joint,forecast_targets=flu,pathogen_inputs=flu,correction_weeks=3,growth_anchor=1,joint_weight=0.1,correction_penalty=3.0,reporting_missingness=0,reporting_method=synchronous_log,reporting_strength=2.0,nowcast_weeks=4,lookback=10,ed_transform=logit,loss_weights=flu_hosp_ed,spatial=neighbors,decoder=residual2,sum_wis_weight=0.5,us_error=shared_factor,width=96,epochs=240,patience=25,batch_size=4,lr=0.0005,fit_partition=pathogen,covariate_encoder=summary,input_mode=scheduled_final,input_normalization=b0,evaluation_seasons=recent_two,actual_share=0.5",half,flu_native,2025-2026,0.9842376052011205,0.12968035671058514,2
"pilot_method=joint,forecast_targets=flu,pathogen_inputs=flu,correction_weeks=3,growth_anchor=1,joint_weight=0.1,correction_penalty=3.0,reporting_missingness=0,reporting_method=synchronous_log,reporting_strength=2.0,nowcast_weeks=4,lookback=10,ed_transform=logit,loss_weights=flu_hosp_ed,spatial=neighbors,decoder=residual2,sum_wis_weight=0.5,us_error=shared_factor,width=96,epochs=240,patience=25,batch_size=4,lr=0.0005,fit_partition=pathogen,covariate_encoder=summary,input_mode=scheduled_final,input_normalization=b0,evaluation_seasons=recent_two,actual_share=0.5",corrected,flu_native,2025-2026,1.0111446275261942,0.16570826591169807,2
"pilot_method=joint,forecast_targets=flu,pathogen_inputs=flu,correction_weeks=3,growth_anchor=1,joint_weight=0.1,correction_penalty=3.0,reporting_missingness=0,reporting_method=synchronous_log,reporting_strength=2.0,nowcast_weeks=4,lookback=10,ed_transform=logit,loss_weights=flu_hosp_ed,spatial=neighbors,decoder=residual2,sum_wis_weight=0.5,us_error=shared_factor,width=96,epochs=240,patience=25,batch_size=4,lr=0.0005,fit_partition=pathogen,covariate_encoder=summary,input_mode=scheduled_final,input_normalization=b0,evaluation_seasons=recent_two,actual_share=0.5",calibrated,flu_native,2025-2026,1.0327956264151088,0.20317554700933516,2
"pilot_method=two_stage,pilot_nowcaster=real_tree,forecast_targets=flu,pathogen_inputs=flu,correction_weeks=2,joint_weight=0.05,correction_penalty=30.0,reporting_missingness=0,count_transform=sqrt,ed_transform=logit,loss_weights=flu_hosp_ed,width=96,epochs=160,patience=25,lr=0.002,fit_partition=pathogen,covariate_encoder=summary,covariate_set=kinsa,input_mode=scheduled_final,input_normalization=b0,evaluation_seasons=recent_two,actual_share=0.5",calibrated,flu_native,equal_season_mean,0.7889617222086944,0.043046296701047974,2
"pilot_method=two_stage,pilot_nowcaster=real_tree,forecast_targets=flu,pathogen_inputs=flu,ili_units=flu_scaled,ili_steps=1200,correction_weeks=1,ili_training=pretrain,joint_weight=0.05,correction_penalty=30.0,correction_strength=0.75,reporting_strength=2.0,lookback=10,count_transform=sqrt,ed_transform=logit,loss_weights=flu_hosp_ed,width=96,epochs=160,patience=25,batch_size=16,fit_partition=pathogen,covariate_encoder=summary,signal_features=multiscale,covariate_set=kinsa,input_mode=scheduled_final,input_normalization=b0,evaluation_seasons=recent_two,correction_realizations=2,uncorrected_share=0.1",calibrated,flu_native,equal_season_mean,0.7923785013924827,0.0501216530822384,2
"pilot_method=two_stage,pilot_nowcaster=real_tree,forecast_targets=flu,pathogen_inputs=flu,correction_weeks=2,joint_weight=0.05,correction_penalty=30.0,reporting_missingness=0,count_transform=sqrt,ed_transform=logit,loss_weights=flu_hosp_ed,width=96,epochs=160,patience=25,lr=0.002,fit_partition=pathogen,covariate_encoder=summary,covariate_set=kinsa,input_mode=scheduled_final,input_normalization=b0,evaluation_seasons=recent_two,actual_share=0.5",corrected,flu_native,equal_season_mean,0.7952628199949212,0.04290028356666502,2
"pilot_method=two_stage,pilot_nowcaster=real_tree,forecast_targets=flu,pathogen_inputs=flu,ili_units=flu_scaled,ili_steps=1200,correction_weeks=1,ili_training=pretrain,joint_weight=0.05,correction_penalty=30.0,correction_strength=0.75,reporting_strength=2.0,lookback=10,count_transform=sqrt,ed_transform=logit,loss_weights=flu_hosp_ed,width=96,epochs=160,patience=25,batch_size=16,fit_partition=pathogen,covariate_encoder=summary,signal_features=multiscale,covariate_set=kinsa,input_mode=scheduled_final,input_normalization=b0,evaluation_seasons=recent_two,correction_realizations=2,uncorrected_share=0.1",corrected,flu_native,equal_season_mean,0.7968303321146084,0.04728679636316443,2
"pilot_method=two_stage,pilot_nowcaster=real_tree,forecast_targets=flu,pathogen_inputs=flu,correction_weeks=2,joint_weight=0.05,correction_penalty=30.0,reporting_missingness=0,count_transform=sqrt,ed_transform=logit,loss_weights=flu_hosp_ed,width=96,epochs=160,patience=25,lr=0.002,fit_partition=pathogen,covariate_encoder=summary,covariate_set=kinsa,input_mode=scheduled_final,input_normalization=b0,evaluation_seasons=recent_two",corrected,flu_native,equal_season_mean,0.7970136203508627,0.01964406926076654,2
"pilot_method=two_stage,pilot_nowcaster=real_tree,forecast_targets=flu,pathogen_inputs=flu,correction_weeks=2,joint_weight=0.05,correction_penalty=30.0,reporting_missingness=0,count_transform=sqrt,ed_transform=logit,loss_weights=flu_hosp_ed,width=96,epochs=160,patience=25,lr=0.002,fit_partition=pathogen,covariate_encoder=summary,covariate_set=kinsa,input_mode=scheduled_final,input_normalization=b0,evaluation_seasons=recent_two",calibrated,flu_native,equal_season_mean,0.7992611778650711,0.028578275509972394,2
"pilot_method=two_stage,pilot_nowcaster=real_tree,forecast_targets=flu,pathogen_inputs=flu,ili_units=flu_scaled,ili_steps=1200,correction_weeks=1,ili_training=pretrain,joint_weight=0.05,correction_penalty=30.0,correction_strength=0.75,reporting_strength=2.0,lookback=10,count_transform=sqrt,ed_transform=logit,loss_weights=flu_hosp_ed,width=96,epochs=160,patience=25,batch_size=16,fit_partition=pathogen,covariate_encoder=summary,signal_features=multiscale,covariate_set=kinsa,input_mode=scheduled_final,input_normalization=b0,evaluation_seasons=recent_two,correction_realizations=2,uncorrected_share=0.1",half,flu_native,equal_season_mean,0.7995959814374425,0.05444629610018803,2
"pilot_method=two_stage,pilot_nowcaster=real_tree,forecast_targets=flu,pathogen_inputs=flu,ili_units=flu_scaled,ili_steps=1200,correction_weeks=1,ili_training=pretrain,joint_weight=0.05,correction_penalty=30.0,correction_strength=0.75,reporting_strength=2.0,lookback=10,count_transform=sqrt,ed_transform=logit,loss_weights=flu_hosp_ed,width=96,epochs=160,patience=25,batch_size=16,fit_partition=pathogen,covariate_encoder=summary,signal_features=multiscale,covariate_set=kinsa,input_mode=scheduled_final,input_normalization=b0,evaluation_seasons=recent_two,correction_realizations=2,uncorrected_share=0.1",raw,flu_native,equal_season_mean,0.8076133685942097,0.06013073524402816,2
"pilot_method=joint,forecast_targets=flu,pathogen_inputs=flu,correction_weeks=2,joint_weight=0.1,correction_penalty=3.0,reporting_missingness=0,nowcast_weeks=4,ed_transform=logit,loss_weights=flu_hosp_ed,spatial=neighbors,sum_wis_weight=0.25,width=96,epochs=240,patience=25,lr=0.0005,fit_partition=pathogen,covariate_encoder=summary,input_mode=scheduled_final,input_normalization=b0,evaluation_seasons=recent_two",calibrated,flu_native,equal_season_mean,0.8087044787604427,0.031698641329256115,2
"pilot_method=joint,forecast_targets=flu,pathogen_inputs=flu,correction_weeks=2,joint_weight=0.1,correction_penalty=3.0,reporting_missingness=0,nowcast_weeks=4,ed_transform=logit,loss_weights=flu_hosp_ed,spatial=neighbors,decoder=quantile,width=96,epochs=240,patience=25,lr=0.0005,fit_partition=pathogen,covariate_encoder=summary,input_mode=scheduled_final,input_normalization=b0,evaluation_seasons=recent_two,actual_share=1.0",calibrated,flu_native,equal_season_mean,0.8121508670930082,0.06103695726876695,2
"pilot_method=two_stage,pilot_nowcaster=real_tree,forecast_targets=flu,pathogen_inputs=flu,correction_weeks=2,joint_weight=0.05,correction_penalty=30.0,reporting_missingness=0,count_transform=sqrt,ed_transform=logit,loss_weights=flu_hosp_ed,width=96,epochs=160,patience=25,lr=0.002,fit_partition=pathogen,covariate_encoder=summary,covariate_set=kinsa,input_mode=scheduled_final,input_normalization=b0,evaluation_seasons=recent_two",half,flu_native,equal_season_mean,0.8143387340187475,0.0316685839147016,2
"pilot_method=joint,forecast_targets=flu,pathogen_inputs=flu,correction_weeks=2,reporting_random_strength=1,joint_weight=0.1,correction_penalty=3.0,reporting_missingness=0,nowcast_weeks=4,ed_transform=logit,loss_weights=flu_hosp_ed,spatial=neighbors,sum_wis_weight=0.25,width=96,epochs=240,patience=25,lr=0.0005,fit_partition=pathogen,covariate_encoder=summary,signal_features=multiscale,input_mode=scheduled_final,input_normalization=b0,evaluation_seasons=recent_two,actual_share=0.25",calibrated,flu_native,equal_season_mean,0.8149859161941798,0.03109582950867409,2
"pilot_method=joint,forecast_targets=flu,pathogen_inputs=flu,correction_weeks=2,joint_weight=0.1,correction_penalty=3.0,reporting_missingness=0,nowcast_weeks=4,ed_transform=logit,loss_weights=flu_hosp_ed,spatial=neighbors,decoder=quantile,width=96,epochs=240,patience=25,lr=0.0005,fit_partition=pathogen,covariate_encoder=summary,input_mode=scheduled_final,input_normalization=b0,evaluation_seasons=recent_two,actual_share=1.0",corrected,flu_native,equal_season_mean,0.8151835613943426,0.056877527278388414,2
"pilot_method=joint,forecast_targets=flu,pathogen_inputs=flu,correction_weeks=2,joint_weight=0.1,correction_penalty=3.0,reporting_missingness=0,nowcast_weeks=4,ed_transform=logit,loss_weights=flu_hosp_ed,spatial=neighbors,sum_wis_weight=0.25,width=96,epochs=240,patience=25,lr=0.0005,fit_partition=pathogen,covariate_encoder=summary,input_mode=scheduled_final,input_normalization=b0,evaluation_seasons=recent_two",corrected,flu_native,equal_season_mean,0.8191390173694846,0.03761987995104552,2
"pilot_method=two_stage,pilot_nowcaster=real_tree,forecast_targets=flu,pathogen_inputs=flu,correction_weeks=2,joint_weight=0.05,correction_penalty=30.0,reporting_missingness=0,count_transform=sqrt,ed_transform=logit,loss_weights=flu_hosp_ed,width=96,epochs=160,patience=25,lr=0.002,fit_partition=pathogen,covariate_encoder=summary,covariate_set=kinsa,input_mode=scheduled_final,input_normalization=b0,evaluation_seasons=recent_two,actual_share=0.5",half,flu_native,equal_season_mean,0.8197385257189962,0.05003680011660467,2
"pilot_method=joint,forecast_targets=flu,pathogen_inputs=flu,correction_weeks=2,reporting_random_strength=1,joint_weight=0.1,correction_penalty=300.0,reporting_missingness=0,nowcast_weeks=4,ed_transform=logit,loss_weights=flu_hosp_ed,spatial=neighbors,sum_wis_weight=0.25,width=96,epochs=240,patience=25,lr=0.0005,fit_partition=pathogen,covariate_encoder=summary,input_mode=scheduled_final,input_normalization=b0,evaluation_seasons=recent_two,actual_share=0.5,log_loss_weight=0.25",calibrated,flu_native,equal_season_mean,0.8198944098824925,0.029158906466707546,2
"pilot_method=joint,forecast_targets=flu,pathogen_inputs=flu,correction_weeks=2,joint_weight=0.1,correction_penalty=3.0,reporting_missingness=0,nowcast_weeks=4,ed_transform=logit,loss_weights=flu_hosp_ed,spatial=neighbors,decoder=quantile,width=96,epochs=240,patience=25,lr=0.0005,fit_partition=pathogen,covariate_encoder=summary,input_mode=scheduled_final,input_normalization=b0,evaluation_seasons=recent_two,actual_share=1.0",half,flu_native,equal_season_mean,0.8206041886237312,0.056397138948380506,2
"pilot_method=joint,forecast_targets=flu,pathogen_inputs=flu,correction_weeks=2,joint_weight=0.1,correction_penalty=3.0,reporting_missingness=0,nowcast_weeks=4,ed_transform=logit,loss_weights=flu_hosp_ed,spatial=neighbors,sum_wis_weight=0.25,width=96,epochs=240,patience=25,lr=0.0005,fit_partition=pathogen,covariate_encoder=summary,input_mode=scheduled_final,input_normalization=b0,evaluation_seasons=recent_two",half,flu_native,equal_season_mean,0.8221105531947532,0.04654058234699991,2
"pilot_method=joint,forecast_targets=flu,pathogen_inputs=flu,correction_weeks=2,joint_weight=0.1,correction_penalty=3.0,reporting_missingness=0,nowcast_weeks=4,ed_transform=logit,loss_weights=flu_hosp_ed,spatial=neighbors,decoder=quantile,width=96,epochs=240,patience=25,lr=0.0005,fit_partition=pathogen,covariate_encoder=summary,input_mode=scheduled_final,input_normalization=b0,evaluation_seasons=recent_two,actual_share=1.0",raw,flu_native,equal_season_mean,0.8282342758201757,0.05598191184387387,2
"pilot_method=joint,forecast_targets=flu,pathogen_inputs=flu,correction_weeks=2,reporting_random_strength=1,joint_weight=0.1,correction_penalty=300.0,reporting_missingness=0,nowcast_weeks=4,ed_transform=logit,loss_weights=flu_hosp_ed,spatial=neighbors,sum_wis_weight=0.25,width=96,epochs=240,patience=25,lr=0.0005,fit_partition=pathogen,covariate_encoder=summary,input_mode=scheduled_final,input_normalization=b0,evaluation_seasons=recent_two,actual_share=0.5,log_loss_weight=0.25",corrected,flu_native,equal_season_mean,0.8315472714623318,0.031522205648171334,2
"pilot_method=joint,pilot_nowcaster=real_tree,forecast_targets=flu,pathogen_inputs=flu,ili_units=flu_scaled,ili_steps=1200,correction_weeks=3,ili_training=pretrain,joint_weight=0.1,correction_penalty=3.0,reporting_strength=1.5,nowcast_weeks=4,lookback=10,ed_transform=logit,loss_weights=flu_hosp_ed,spatial=neighbors,decoder=quantile,latent=32,epochs=240,patience=25,lr=0.0005,fit_partition=pathogen,covariate_encoder=summary,input_mode=scheduled_final,input_normalization=b0,evaluation_seasons=recent_two,actual_share=0.5,nowcast_noise=1.0",calibrated,flu_native,equal_season_mean,0.831606735822998,0.043037239708123884,2
"pilot_method=joint,forecast_targets=flu,pathogen_inputs=flu,correction_weeks=2,reporting_random_strength=1,joint_weight=0.1,correction_penalty=3.0,reporting_missingness=0,nowcast_weeks=4,ed_transform=logit,loss_weights=flu_hosp_ed,spatial=neighbors,sum_wis_weight=0.25,width=96,epochs=240,patience=25,lr=0.0005,fit_partition=pathogen,covariate_encoder=summary,signal_features=multiscale,input_mode=scheduled_final,input_normalization=b0,evaluation_seasons=recent_two,actual_share=0.25",corrected,flu_native,equal_season_mean,0.8334342534071836,0.046238886151999156,2
"pilot_method=joint,forecast_targets=flu,pathogen_inputs=flu,correction_weeks=2,joint_weight=0.1,correction_penalty=3.0,reporting_missingness=0,nowcast_weeks=4,ed_transform=logit,loss_weights=flu_hosp_ed,spatial=neighbors,sum_wis_weight=0.25,width=96,epochs=240,patience=25,lr=0.0005,fit_partition=pathogen,covariate_encoder=summary,input_mode=scheduled_final,input_normalization=b0,evaluation_seasons=recent_two",raw,flu_native,equal_season_mean,0.8347365395829046,0.05599774975035293,2
"pilot_method=joint,forecast_targets=flu,pathogen_inputs=flu,correction_weeks=2,joint_weight=0.1,correction_penalty=3.0,reporting_missingness=0,nowcast_weeks=4,ed_transform=logit,loss_weights=flu_hosp_ed,spatial=neighbors,decoder=quantile,width=96,epochs=240,patience=25,batch_size=16,lr=0.0005,fit_partition=pathogen,covariate_encoder=summary,input_mode=scheduled_final,input_normalization=b0,evaluation_seasons=recent_two,actual_share=1.0",calibrated,flu_native,equal_season_mean,0.8350788566102839,0.051789094271895826,2
"pilot_method=joint,pilot_nowcaster=real_tree,forecast_targets=flu,pathogen_inputs=flu,ili_units=flu_scaled,ili_steps=1200,correction_weeks=3,ili_training=pretrain,joint_weight=0.1,correction_penalty=3.0,reporting_strength=1.5,nowcast_weeks=4,lookback=10,ed_transform=logit,loss_weights=flu_hosp_ed,spatial=neighbors,decoder=quantile,latent=32,epochs=240,patience=25,lr=0.0005,fit_partition=pathogen,covariate_encoder=summary,input_mode=scheduled_final,input_normalization=b0,evaluation_seasons=recent_two,actual_share=0.5,nowcast_noise=1.0",corrected,flu_native,equal_season_mean,0.836663731751075,0.04467965717595495,2
"pilot_method=joint,pilot_nowcaster=real_tree,forecast_targets=flu,pathogen_inputs=flu,ili_units=flu_scaled,ili_steps=1200,correction_weeks=3,ili_training=pretrain,joint_weight=0.1,correction_penalty=3.0,reporting_strength=1.5,nowcast_weeks=4,lookback=10,ed_transform=logit,loss_weights=flu_hosp_ed,spatial=neighbors,decoder=quantile,latent=32,epochs=240,patience=25,lr=0.0005,fit_partition=pathogen,covariate_encoder=summary,input_mode=scheduled_final,input_normalization=b0,evaluation_seasons=recent_two,actual_share=0.5,nowcast_noise=1.0",half,flu_native,equal_season_mean,0.8389571601241747,0.04141912532527149,2
"pilot_method=joint,forecast_targets=flu,pathogen_inputs=flu,correction_weeks=2,reporting_random_strength=1,joint_weight=0.1,correction_penalty=3.0,reporting_missingness=0,nowcast_weeks=4,ed_transform=logit,loss_weights=flu_hosp_ed,spatial=neighbors,sum_wis_weight=0.25,width=96,epochs=240,patience=25,lr=0.0005,fit_partition=pathogen,covariate_encoder=summary,signal_features=multiscale,input_mode=scheduled_final,input_normalization=b0,evaluation_seasons=recent_two,actual_share=0.25",half,flu_native,equal_season_mean,0.8400702619558791,0.05576477020346498,2
"pilot_method=joint,forecast_targets=flu,pathogen_inputs=flu,correction_weeks=2,reporting_random_strength=1,joint_weight=0.1,correction_penalty=300.0,reporting_missingness=0,nowcast_weeks=4,ed_transform=logit,loss_weights=flu_hosp_ed,spatial=neighbors,sum_wis_weight=0.25,width=96,epochs=240,patience=25,lr=0.0005,fit_partition=pathogen,covariate_encoder=summary,input_mode=scheduled_final,input_normalization=b0,evaluation_seasons=recent_two,actual_share=0.5,log_loss_weight=0.25",half,flu_native,equal_season_mean,0.8400760109980966,0.02979422315676355,2
"pilot_method=two_stage,pilot_nowcaster=real_tree,forecast_targets=flu,pathogen_inputs=flu,correction_weeks=2,joint_weight=0.05,correction_penalty=30.0,reporting_missingness=0,count_transform=sqrt,ed_transform=logit,loss_weights=flu_hosp_ed,width=96,epochs=160,patience=25,lr=0.002,fit_partition=pathogen,covariate_encoder=summary,covariate_set=kinsa,input_mode=scheduled_final,input_normalization=b0,evaluation_seasons=recent_two",raw,flu_native,equal_season_mean,0.8409673385551754,0.04155794002851277,2
"pilot_method=joint,forecast_targets=flu,pathogen_inputs=flu,correction_weeks=3,reporting_random_strength=1,joint_weight=0.1,correction_penalty=3.0,reporting_strength=2.0,nowcast_weeks=4,ed_transform=logit,loss_weights=flu_hosp_ed,spatial=neighbors,decoder=quantile,width=96,epochs=240,patience=25,fit_partition=pathogen,covariate_encoder=summary,input_mode=scheduled_final,input_normalization=b0,evaluation_seasons=recent_two,actual_share=1.0,log_loss_weight=0.25",calibrated,flu_native,equal_season_mean,0.8455942720374063,0.04592164096561461,2
"pilot_method=joint,forecast_targets=flu,pathogen_inputs=flu,correction_weeks=2,joint_weight=0.1,correction_penalty=3.0,reporting_missingness=0,nowcast_weeks=4,ed_transform=logit,loss_weights=flu_hosp_ed,spatial=neighbors,decoder=quantile,width=96,epochs=240,patience=25,batch_size=16,lr=0.0005,fit_partition=pathogen,covariate_encoder=summary,input_mode=scheduled_final,input_normalization=b0,evaluation_seasons=recent_two,actual_share=1.0",corrected,flu_native,equal_season_mean,0.8455977311626328,0.06093188962124119,2
"pilot_method=two_stage,pilot_nowcaster=real_tree,forecast_targets=flu,pathogen_inputs=flu,correction_weeks=2,joint_weight=0.05,correction_penalty=100.0,count_transform=sqrt,ed_transform=logit,loss_weights=flu_hosp_ed,spatial=distance,width=128,epochs=160,patience=25,lr=0.002,fit_partition=pathogen,weight_decay=3e-05,covariate_encoder=summary,covariate_set=kinsa,input_mode=scheduled_final,input_normalization=b0,evaluation_seasons=recent_two,actual_share=0.25,correction_realizations=4,uncorrected_share=0.1,log_loss_weight=1.0",calibrated,flu_native,equal_season_mean,0.8466529990130316,0.014700632850493627,2
"pilot_method=two_stage,pilot_nowcaster=real_tree,forecast_targets=flu,pathogen_inputs=flu,correction_weeks=2,joint_weight=0.05,correction_penalty=30.0,reporting_missingness=0,count_transform=sqrt,ed_transform=logit,loss_weights=flu_hosp_ed,width=96,epochs=160,patience=25,batch_size=16,lr=0.002,fit_partition=pathogen,covariate_encoder=summary,covariate_set=kinsa,input_mode=scheduled_final,input_normalization=b0,evaluation_seasons=recent_two,actual_share=0.5,log_loss_weight=0.5",calibrated,flu_native,equal_season_mean,0.8475797786758474,0.02096016836467722,2
"pilot_method=joint,forecast_targets=flu,pathogen_inputs=flu,correction_weeks=2,reporting_random_strength=1,joint_weight=0.1,correction_penalty=3.0,reporting_missingness=0,nowcast_weeks=4,ed_transform=logit,loss_weights=flu_hosp_ed,spatial=neighbors,sum_wis_weight=0.25,width=96,epochs=240,patience=25,lr=0.0005,fit_partition=pathogen,covariate_encoder=summary,signal_features=multiscale,input_mode=scheduled_final,input_normalization=b0,evaluation_seasons=recent_two,actual_share=0.25",raw,flu_native,equal_season_mean,0.8490093758582153,0.06477290417528193,2
"pilot_method=joint,pilot_nowcaster=real_tree,forecast_targets=flu,pathogen_inputs=flu,ili_units=flu_scaled,ili_steps=1200,correction_weeks=3,ili_training=pretrain,joint_weight=0.1,correction_penalty=3.0,reporting_strength=1.5,nowcast_weeks=4,lookback=10,ed_transform=logit,loss_weights=flu_hosp_ed,spatial=neighbors,decoder=quantile,latent=32,epochs=240,patience=25,lr=0.0005,fit_partition=pathogen,covariate_encoder=summary,input_mode=scheduled_final,input_normalization=b0,evaluation_seasons=recent_two,actual_share=0.5,nowcast_noise=1.0",raw,flu_native,equal_season_mean,0.8504334235441187,0.03880333328047571,2
"pilot_method=joint,forecast_targets=flu,pathogen_inputs=flu,correction_weeks=2,joint_weight=0.1,correction_penalty=3.0,reporting_missingness=0,nowcast_weeks=4,ed_transform=logit,loss_weights=flu_hosp_ed,spatial=neighbors,decoder=quantile,width=96,epochs=240,patience=25,batch_size=16,lr=0.0005,fit_partition=pathogen,covariate_encoder=summary,input_mode=scheduled_final,input_normalization=b0,evaluation_seasons=recent_two,actual_share=1.0",half,flu_native,equal_season_mean,0.850611540136873,0.06231511179061999,2
"pilot_method=joint,forecast_targets=flu,pathogen_inputs=flu,correction_weeks=2,reporting_random_strength=1,joint_weight=0.1,correction_penalty=300.0,reporting_missingness=0,nowcast_weeks=4,ed_transform=logit,loss_weights=flu_hosp_ed,spatial=neighbors,sum_wis_weight=0.25,width=96,epochs=240,patience=25,lr=0.0005,fit_partition=pathogen,covariate_encoder=summary,input_mode=scheduled_final,input_normalization=b0,evaluation_seasons=recent_two,actual_share=0.5,log_loss_weight=0.25",raw,flu_native,equal_season_mean,0.8509743969750028,0.028707077457212668,2
"pilot_method=joint,pilot_nowcaster=real_tree,forecast_targets=flu,pathogen_inputs=flu,ili_units=flu_scaled,ili_steps=1200,correction_weeks=3,ili_training=pretrain,joint_weight=0.1,correction_penalty=3.0,reporting_strength=1.5,nowcast_weeks=4,lookback=10,ed_transform=logit,loss_weights=flu_hosp_ed,spatial=neighbors,decoder=quantile,latent=32,epochs=240,patience=25,lr=0.0005,fit_partition=pathogen,covariate_encoder=summary,input_mode=scheduled_final,input_normalization=b0,evaluation_seasons=recent_two,actual_share=0.5,nowcast_noise=1.0",sampled,flu_native,equal_season_mean,0.8511430286966702,0.050553974768057765,2
"pilot_method=two_stage,pilot_nowcaster=real_tree,forecast_targets=flu,pathogen_inputs=flu,correction_weeks=2,joint_weight=0.05,correction_penalty=30.0,reporting_missingness=0,count_transform=sqrt,ed_transform=logit,loss_weights=flu_hosp_ed,width=96,epochs=160,patience=25,lr=0.002,fit_partition=pathogen,covariate_encoder=summary,covariate_set=kinsa,input_mode=scheduled_final,input_normalization=b0,evaluation_seasons=recent_two,actual_share=0.5",raw,flu_native,equal_season_mean,0.8534881822721789,0.05662137271937292,2
"pilot_method=joint,forecast_targets=flu,pathogen_inputs=flu,correction_weeks=2,joint_weight=0.1,correction_penalty=3.0,reporting_missingness=0,nowcast_weeks=4,ed_transform=logit,loss_weights=flu_hosp_ed,spatial=neighbors,decoder=quantile,width=96,epochs=240,patience=25,lr=0.0005,fit_partition=pathogen,covariate_encoder=summary,input_mode=scheduled_final,input_normalization=b0,evaluation_seasons=recent_two",calibrated,flu_native,equal_season_mean,0.8563208879353652,0.0044436878438752336,2
"pilot_method=two_stage,pilot_nowcaster=real_tree,forecast_targets=flu,pathogen_inputs=flu,correction_weeks=2,joint_weight=0.05,correction_penalty=100.0,count_transform=sqrt,ed_transform=logit,loss_weights=flu_hosp_ed,spatial=distance,width=128,epochs=160,patience=25,lr=0.002,fit_partition=pathogen,weight_decay=3e-05,covariate_encoder=summary,covariate_set=kinsa,input_mode=scheduled_final,input_normalization=b0,evaluation_seasons=recent_two,actual_share=0.25,correction_realizations=4,uncorrected_share=0.1,log_loss_weight=1.0",corrected,flu_native,equal_season_mean,0.8568145896044097,0.012675890882828335,2
"pilot_method=joint,forecast_targets=flu,pathogen_inputs=flu,correction_weeks=2,joint_weight=0.1,correction_penalty=3.0,reporting_missingness=0,nowcast_weeks=4,ed_transform=logit,loss_weights=flu_hosp_ed,spatial=neighbors,decoder=quantile,width=96,epochs=240,patience=25,batch_size=16,lr=0.0005,fit_partition=pathogen,covariate_encoder=summary,input_mode=scheduled_final,input_normalization=b0,evaluation_seasons=recent_two,actual_share=1.0",raw,flu_native,equal_season_mean,0.8578283283975812,0.06365020823947466,2
"pilot_method=two_stage,pilot_nowcaster=real_tree,forecast_targets=flu,pathogen_inputs=flu,correction_weeks=2,joint_weight=0.05,correction_penalty=30.0,reporting_missingness=0,count_transform=sqrt,ed_transform=logit,loss_weights=flu_hosp_ed,width=96,epochs=160,patience=25,batch_size=16,lr=0.002,fit_partition=pathogen,covariate_encoder=summary,covariate_set=kinsa,input_mode=scheduled_final,input_normalization=b0,evaluation_seasons=recent_two,actual_share=0.5,log_loss_weight=0.5",corrected,flu_native,equal_season_mean,0.8581441784704433,0.00916660557886905,2
"pilot_method=joint,forecast_targets=flu,pathogen_inputs=flu,correction_weeks=3,reporting_random_strength=1,joint_weight=0.1,correction_penalty=3.0,reporting_strength=2.0,nowcast_weeks=4,ed_transform=logit,loss_weights=flu_hosp_ed,spatial=neighbors,decoder=quantile,width=96,epochs=240,patience=25,fit_partition=pathogen,covariate_encoder=summary,input_mode=scheduled_final,input_normalization=b0,evaluation_seasons=recent_two,actual_share=1.0,log_loss_weight=0.25",corrected,flu_native,equal_season_mean,0.8613324743834797,0.0498497844379937,2
"pilot_method=joint,forecast_targets=flu,pathogen_inputs=flu,correction_weeks=3,reporting_random_strength=1,joint_weight=0.1,correction_penalty=3.0,reporting_strength=2.0,nowcast_weeks=4,ed_transform=logit,loss_weights=flu_hosp_ed,spatial=neighbors,decoder=quantile,width=96,epochs=240,patience=25,fit_partition=pathogen,covariate_encoder=summary,input_mode=scheduled_final,input_normalization=b0,evaluation_seasons=recent_two,actual_share=1.0,log_loss_weight=0.25",half,flu_native,equal_season_mean,0.8689740507596149,0.05220186758368734,2
"pilot_method=joint,forecast_targets=flu,pathogen_inputs=flu,correction_weeks=2,joint_weight=0.1,correction_penalty=3.0,reporting_missingness=0,nowcast_weeks=4,ed_transform=logit,loss_weights=flu_hosp_ed,spatial=neighbors,decoder=quantile,width=96,epochs=240,patience=25,lr=0.0005,fit_partition=pathogen,covariate_encoder=summary,input_mode=scheduled_final,input_normalization=b0,evaluation_seasons=recent_two",corrected,flu_native,equal_season_mean,0.8697168877271537,0.004424726247168152,2
"pilot_method=two_stage,pilot_nowcaster=real_tree,forecast_targets=flu,pathogen_inputs=flu,correction_weeks=2,joint_weight=0.05,correction_penalty=100.0,count_transform=sqrt,ed_transform=logit,loss_weights=flu_hosp_ed,spatial=distance,width=128,epochs=160,patience=25,lr=0.002,fit_partition=pathogen,weight_decay=3e-05,covariate_encoder=summary,covariate_set=kinsa,input_mode=scheduled_final,input_normalization=b0,evaluation_seasons=recent_two,actual_share=0.25,correction_realizations=4,uncorrected_share=0.1,log_loss_weight=1.0",half,flu_native,equal_season_mean,0.8700737799680868,0.014804979398452421,2
"pilot_method=joint,forecast_targets=flu,pathogen_inputs=flu,correction_weeks=3,reporting_random_strength=1,joint_weight=0.1,correction_penalty=3.0,reporting_strength=2.0,nowcast_weeks=4,ed_transform=logit,loss_weights=flu_hosp_ed,spatial=neighbors,decoder=quantile,width=96,epochs=240,patience=25,fit_partition=pathogen,covariate_encoder=summary,input_mode=scheduled_final,input_normalization=b0,evaluation_seasons=recent_two,actual_share=1.0,log_loss_weight=0.25",raw,flu_native,equal_season_mean,0.8784903280057238,0.054560813001655044,2
"pilot_method=two_stage,pilot_nowcaster=real_tree,forecast_targets=flu,pathogen_inputs=flu,correction_weeks=2,joint_weight=0.05,correction_penalty=30.0,reporting_missingness=0,count_transform=sqrt,ed_transform=logit,loss_weights=flu_hosp_ed,width=96,epochs=160,patience=25,batch_size=16,lr=0.002,fit_partition=pathogen,covariate_encoder=summary,covariate_set=kinsa,input_mode=scheduled_final,input_normalization=b0,evaluation_seasons=recent_two,actual_share=0.5,log_loss_weight=0.5",half,flu_native,equal_season_mean,0.8803555835567433,0.00522286886149335,2
"pilot_method=joint,forecast_targets=flu,pathogen_inputs=flu,correction_weeks=2,joint_weight=0.1,correction_penalty=3.0,reporting_missingness=0,nowcast_weeks=4,ed_transform=logit,loss_weights=flu_hosp_ed,spatial=neighbors,decoder=quantile,width=96,epochs=240,patience=25,lr=0.0005,fit_partition=pathogen,covariate_encoder=summary,input_mode=scheduled_final,input_normalization=b0,evaluation_seasons=recent_two",half,flu_native,equal_season_mean,0.8817337863611447,0.010684740021542646,2
"pilot_method=two_stage,pilot_nowcaster=real_tree,forecast_targets=flu,pathogen_inputs=flu,correction_weeks=2,joint_weight=0.05,correction_penalty=30.0,reporting_missingness=0,count_transform=sqrt,ed_transform=logit,loss_weights=flu_hosp_ed,width=96,epochs=160,patience=25,lr=0.002,fit_partition=pathogen,covariate_encoder=summary,covariate_set=kinsa,input_mode=scheduled_final,input_normalization=b0,evaluation_seasons=recent_two,log_loss_weight=0.5",calibrated,flu_native,equal_season_mean,0.8877192503882793,0.07672549397378493,2
"pilot_method=two_stage,pilot_nowcaster=real_tree,forecast_targets=flu,pathogen_inputs=flu,correction_weeks=2,joint_weight=0.05,correction_penalty=100.0,count_transform=sqrt,ed_transform=logit,loss_weights=flu_hosp_ed,spatial=distance,width=128,epochs=160,patience=25,lr=0.002,fit_partition=pathogen,weight_decay=3e-05,covariate_encoder=summary,covariate_set=kinsa,input_mode=scheduled_final,input_normalization=b0,evaluation_seasons=recent_two,actual_share=0.25,correction_realizations=4,uncorrected_share=0.1,log_loss_weight=1.0",raw,flu_native,equal_season_mean,0.8922566813381977,0.01608615812872076,2
"pilot_method=two_stage,pilot_nowcaster=real_tree,forecast_targets=flu,pathogen_inputs=flu,correction_weeks=2,joint_weight=0.05,correction_penalty=30.0,reporting_missingness=0,count_transform=sqrt,ed_transform=logit,loss_weights=flu_hosp_ed,width=96,epochs=160,patience=25,lr=0.002,fit_partition=pathogen,covariate_encoder=summary,covariate_set=kinsa,input_mode=scheduled_final,input_normalization=b0,evaluation_seasons=recent_two,log_loss_weight=0.5",corrected,flu_native,equal_season_mean,0.9008091146323428,0.07369976028213321,2
"pilot_method=joint,forecast_targets=flu,pathogen_inputs=flu,correction_weeks=2,joint_weight=0.1,correction_penalty=3.0,reporting_missingness=0,nowcast_weeks=4,ed_transform=logit,loss_weights=flu_hosp_ed,spatial=neighbors,decoder=quantile,width=96,epochs=240,patience=25,lr=0.0005,fit_partition=pathogen,covariate_encoder=summary,input_mode=scheduled_final,input_normalization=b0,evaluation_seasons=recent_two",raw,flu_native,equal_season_mean,0.9024846714780512,0.01655340719624702,2
"pilot_method=two_stage,pilot_nowcaster=real_tree,forecast_targets=flu,pathogen_inputs=flu,correction_weeks=2,joint_weight=0.05,correction_penalty=30.0,reporting_missingness=0,count_transform=sqrt,ed_transform=logit,loss_weights=flu_hosp_ed,width=96,epochs=160,patience=25,batch_size=16,lr=0.002,fit_partition=pathogen,covariate_encoder=summary,covariate_set=kinsa,input_mode=scheduled_final,input_normalization=b0,evaluation_seasons=recent_two,actual_share=0.5,log_loss_weight=0.5",raw,flu_native,equal_season_mean,0.9103357142323227,0.0015987907625031198,2
"pilot_method=two_stage,pilot_nowcaster=real_tree,forecast_targets=flu,pathogen_inputs=flu,correction_weeks=2,joint_weight=0.05,correction_penalty=30.0,reporting_missingness=0,count_transform=sqrt,ed_transform=logit,loss_weights=flu_hosp_ed,width=96,epochs=160,patience=25,lr=0.002,fit_partition=pathogen,covariate_encoder=summary,covariate_set=kinsa,input_mode=scheduled_final,input_normalization=b0,evaluation_seasons=recent_two,log_loss_weight=0.5",half,flu_native,equal_season_mean,0.9246250680945854,0.0781500497742892,2
"pilot_method=two_stage,pilot_nowcaster=real_tree,forecast_targets=flu,pathogen_inputs=flu,correction_weeks=2,joint_weight=0.05,correction_penalty=30.0,reporting_missingness=0,count_transform=sqrt,ed_transform=logit,loss_weights=flu_hosp_ed,width=96,epochs=160,patience=25,lr=0.002,fit_partition=pathogen,covariate_encoder=summary,covariate_set=kinsa,input_mode=scheduled_final,input_normalization=b0,evaluation_seasons=recent_two,log_loss_weight=0.5",raw,flu_native,equal_season_mean,0.9556771335066548,0.08371949410199,2
"pilot_method=joint,forecast_targets=flu,pathogen_inputs=flu,correction_weeks=3,growth_anchor=1,joint_weight=0.1,correction_penalty=3.0,reporting_missingness=0,reporting_method=synchronous_log,reporting_strength=2.0,nowcast_weeks=4,lookback=10,ed_transform=logit,loss_weights=flu_hosp_ed,spatial=neighbors,decoder=residual2,sum_wis_weight=0.5,us_error=shared_factor,width=96,epochs=240,patience=25,batch_size=4,lr=0.0005,fit_partition=pathogen,covariate_encoder=summary,input_mode=scheduled_final,input_normalization=b0,evaluation_seasons=recent_two,actual_share=0.5",corrected,flu_native,equal_season_mean,1.078069973997489,0.15074739798602135,2
"pilot_method=joint,forecast_targets=flu,pathogen_inputs=flu,correction_weeks=3,growth_anchor=1,joint_weight=0.1,correction_penalty=3.0,reporting_missingness=0,reporting_method=synchronous_log,reporting_strength=2.0,nowcast_weeks=4,lookback=10,ed_transform=logit,loss_weights=flu_hosp_ed,spatial=neighbors,decoder=residual2,sum_wis_weight=0.5,us_error=shared_factor,width=96,epochs=240,patience=25,batch_size=4,lr=0.0005,fit_partition=pathogen,covariate_encoder=summary,input_mode=scheduled_final,input_normalization=b0,evaluation_seasons=recent_two,actual_share=0.5",half,flu_native,equal_season_mean,1.0879641356067502,0.13626396788397585,2
"pilot_method=joint,forecast_targets=flu,pathogen_inputs=flu,correction_weeks=3,growth_anchor=1,joint_weight=0.1,correction_penalty=3.0,reporting_missingness=0,reporting_method=synchronous_log,reporting_strength=2.0,nowcast_weeks=4,lookback=10,ed_transform=logit,loss_weights=flu_hosp_ed,spatial=neighbors,decoder=residual2,sum_wis_weight=0.5,us_error=shared_factor,width=96,epochs=240,patience=25,batch_size=4,lr=0.0005,fit_partition=pathogen,covariate_encoder=summary,input_mode=scheduled_final,input_normalization=b0,evaluation_seasons=recent_two,actual_share=0.5",calibrated,flu_native,equal_season_mean,1.099374738689753,0.18967423135267067,2
"pilot_method=joint,forecast_targets=flu,pathogen_inputs=flu,correction_weeks=3,growth_anchor=1,joint_weight=0.1,correction_penalty=3.0,reporting_missingness=0,reporting_method=synchronous_log,reporting_strength=2.0,nowcast_weeks=4,lookback=10,ed_transform=logit,loss_weights=flu_hosp_ed,spatial=neighbors,decoder=residual2,sum_wis_weight=0.5,us_error=shared_factor,width=96,epochs=240,patience=25,batch_size=4,lr=0.0005,fit_partition=pathogen,covariate_encoder=summary,input_mode=scheduled_final,input_normalization=b0,evaluation_seasons=recent_two,actual_share=0.5",raw,flu_native,equal_season_mean,1.1066562551744128,0.12402890277566977,2
