config_id,seed,geography,season,wk inc flu hosp,wk inc covid hosp,wk inc rsv hosp,wk inc flu prop ed visits,wk inc covid prop ed visits,wk inc rsv prop ed visits,combined,architecture,treatment,family,run_id,matched_raw,paired_change_percent,shared_flu_covid_admissions_wis_ratio,training_seasons,error_donor_season,forecaster,nowcaster,evaluation,mixture_interpretation
"weekend_family=fixed_corrected,fixed_forecaster=data/experiments/nowcast-overnight-joint-pilot-20261005/mlp-pathogen-scheduled_final-80b8b346616c/s{seed}/attempt-001/eval_{season}/model.pt,fixed_nowcaster=data/experiments/nowcast-overnight-pair-support-20261005/mlp-pathogen-scheduled_final-01dc8706b337/s{seed}/attempt-001/eval_{season}/nowcast_correctors.pt,fixed_history_mode=point,reporting_probability=0.0,correction_strength=0.5,reporting_augmentation=vintage,reporting_missingness=0,ed_transform=logit,spatial=distance,epochs=300,patience=30,fit_partition=pathogen,covariate_encoder=summary,input_mode=scheduled_final,input_normalization=b0,evaluation_seasons=recent_two",42,US,2024-2025,0.5853959439081075,1.3211746835739269,,,,,0.9532853137410172,C1,Point nonlinear correction; log strength 0.5,fixed_corrected,mlp-pathogen-scheduled_final-95a8c6a81971,1.0539361655805062,-9.549995068634033,0.9532853137410171,"2022-23,2023-24,2025-26",2025-26,"Saved C1 pathogen-specific MLP, distance sharing, no covariates; trained on unchanged final inputs/future labels; no retraining",Saved per-seed nonlinear trajectory nowcaster; full synthetic errors on permitted training trajectories; final recent-history labels; all synthetic supervised cells,Archived Wednesday values under B2 availability/lags and explicit final proxies; same history-bank inference and256future draws; correction affects only target histories,"Equal raw/full hypotheses coherent across all targets/locations/weeks per draw; sensitivity distribution, not calibrated posterior"
"weekend_family=fixed_corrected,fixed_forecaster=data/experiments/nowcast-overnight-joint-pilot-20261005/mlp-pathogen-scheduled_final-80b8b346616c/s{seed}/attempt-001/eval_{season}/model.pt,fixed_nowcaster=data/experiments/nowcast-overnight-pair-support-20261005/mlp-pathogen-scheduled_final-01dc8706b337/s{seed}/attempt-001/eval_{season}/nowcast_correctors.pt,fixed_history_mode=point,reporting_probability=0.0,correction_strength=0.5,reporting_augmentation=vintage,reporting_missingness=0,ed_transform=logit,spatial=distance,epochs=300,patience=30,fit_partition=pathogen,covariate_encoder=summary,input_mode=scheduled_final,input_normalization=b0,evaluation_seasons=recent_two",42,US,2025-2026,0.94789329757786,0.6978530895652235,0.6311322445537669,0.901557377572036,1.7849292571926778,0.7466037671411356,0.8874275183666168,C1,Point nonlinear correction; log strength 0.5,fixed_corrected,mlp-pathogen-scheduled_final-95a8c6a81971,0.9195678668418866,-3.4951578490504343,0.8228731935715418,"2022-23,2023-24,2024-25",2024-25,"Saved C1 pathogen-specific MLP, distance sharing, no covariates; trained on unchanged final inputs/future labels; no retraining",Saved per-seed nonlinear trajectory nowcaster; full synthetic errors on permitted training trajectories; final recent-history labels; all synthetic supervised cells,Archived Wednesday values under B2 availability/lags and explicit final proxies; same history-bank inference and256future draws; correction affects only target histories,"Equal raw/full hypotheses coherent across all targets/locations/weeks per draw; sensitivity distribution, not calibrated posterior"
"weekend_family=fixed_corrected,fixed_forecaster=data/experiments/nowcast-overnight-joint-pilot-20261005/mlp-pathogen-scheduled_final-80b8b346616c/s{seed}/attempt-001/eval_{season}/model.pt,fixed_nowcaster=data/experiments/nowcast-overnight-pair-support-20261005/mlp-pathogen-scheduled_final-01dc8706b337/s{seed}/attempt-001/eval_{season}/nowcast_correctors.pt,fixed_history_mode=point,reporting_probability=0.0,correction_strength=0.5,reporting_augmentation=vintage,reporting_missingness=0,ed_transform=logit,spatial=distance,epochs=300,patience=30,fit_partition=pathogen,covariate_encoder=summary,input_mode=scheduled_final,input_normalization=b0,evaluation_seasons=recent_two",42,all,2024-2025,0.7535559395270319,1.0252980437367631,,,,,0.8894269916318975,C1,Point nonlinear correction; log strength 0.5,fixed_corrected,mlp-pathogen-scheduled_final-95a8c6a81971,0.9332716260532744,-4.697950006986929,0.8894269916318975,"2022-23,2023-24,2025-26",2025-26,"Saved C1 pathogen-specific MLP, distance sharing, no covariates; trained on unchanged final inputs/future labels; no retraining",Saved per-seed nonlinear trajectory nowcaster; full synthetic errors on permitted training trajectories; final recent-history labels; all synthetic supervised cells,Archived Wednesday values under B2 availability/lags and explicit final proxies; same history-bank inference and256future draws; correction affects only target histories,"Equal raw/full hypotheses coherent across all targets/locations/weeks per draw; sensitivity distribution, not calibrated posterior"
"weekend_family=fixed_corrected,fixed_forecaster=data/experiments/nowcast-overnight-joint-pilot-20261005/mlp-pathogen-scheduled_final-80b8b346616c/s{seed}/attempt-001/eval_{season}/model.pt,fixed_nowcaster=data/experiments/nowcast-overnight-pair-support-20261005/mlp-pathogen-scheduled_final-01dc8706b337/s{seed}/attempt-001/eval_{season}/nowcast_correctors.pt,fixed_history_mode=point,reporting_probability=0.0,correction_strength=0.5,reporting_augmentation=vintage,reporting_missingness=0,ed_transform=logit,spatial=distance,epochs=300,patience=30,fit_partition=pathogen,covariate_encoder=summary,input_mode=scheduled_final,input_normalization=b0,evaluation_seasons=recent_two",42,all,2025-2026,0.8978442949502021,0.9171424217756348,0.9061520174710898,0.9190527566587726,1.2292198105156011,0.7423404574733482,0.925876721449064,C1,Point nonlinear correction; log strength 0.5,fixed_corrected,mlp-pathogen-scheduled_final-95a8c6a81971,0.9403554480574092,-1.5397078453956436,0.9074933583629184,"2022-23,2023-24,2024-25",2024-25,"Saved C1 pathogen-specific MLP, distance sharing, no covariates; trained on unchanged final inputs/future labels; no retraining",Saved per-seed nonlinear trajectory nowcaster; full synthetic errors on permitted training trajectories; final recent-history labels; all synthetic supervised cells,Archived Wednesday values under B2 availability/lags and explicit final proxies; same history-bank inference and256future draws; correction affects only target histories,"Equal raw/full hypotheses coherent across all targets/locations/weeks per draw; sensitivity distribution, not calibrated posterior"
"weekend_family=fixed_corrected,fixed_forecaster=data/experiments/nowcast-overnight-joint-pilot-20261005/mlp-pathogen-scheduled_final-80b8b346616c/s{seed}/attempt-001/eval_{season}/model.pt,fixed_nowcaster=data/experiments/nowcast-overnight-pair-support-20261005/mlp-pathogen-scheduled_final-01dc8706b337/s{seed}/attempt-001/eval_{season}/nowcast_correctors.pt,fixed_history_mode=point,reporting_probability=0.0,correction_strength=0.5,reporting_augmentation=vintage,reporting_missingness=0,ed_transform=logit,spatial=distance,epochs=300,patience=30,fit_partition=pathogen,covariate_encoder=summary,input_mode=scheduled_final,input_normalization=b0,evaluation_seasons=recent_two",42,states_dc,2024-2025,0.7955959384317631,0.951328883777472,,,,,0.8734624111046175,C1,Point nonlinear correction; log strength 0.5,fixed_corrected,mlp-pathogen-scheduled_final-95a8c6a81971,0.9031054911714664,-3.2823496653084594,0.8734624111046176,"2022-23,2023-24,2025-26",2025-26,"Saved C1 pathogen-specific MLP, distance sharing, no covariates; trained on unchanged final inputs/future labels; no retraining",Saved per-seed nonlinear trajectory nowcaster; full synthetic errors on permitted training trajectories; final recent-history labels; all synthetic supervised cells,Archived Wednesday values under B2 availability/lags and explicit final proxies; same history-bank inference and256future draws; correction affects only target histories,"Equal raw/full hypotheses coherent across all targets/locations/weeks per draw; sensitivity distribution, not calibrated posterior"
"weekend_family=fixed_corrected,fixed_forecaster=data/experiments/nowcast-overnight-joint-pilot-20261005/mlp-pathogen-scheduled_final-80b8b346616c/s{seed}/attempt-001/eval_{season}/model.pt,fixed_nowcaster=data/experiments/nowcast-overnight-pair-support-20261005/mlp-pathogen-scheduled_final-01dc8706b337/s{seed}/attempt-001/eval_{season}/nowcast_correctors.pt,fixed_history_mode=point,reporting_probability=0.0,correction_strength=0.5,reporting_augmentation=vintage,reporting_missingness=0,ed_transform=logit,spatial=distance,epochs=300,patience=30,fit_partition=pathogen,covariate_encoder=summary,input_mode=scheduled_final,input_normalization=b0,evaluation_seasons=recent_two",42,states_dc,2025-2026,0.8853320442932875,0.9719647548282374,0.9749069607004208,0.9234266014304564,1.090292448846332,0.7412746300564014,0.9354890222196756,C1,Point nonlinear correction; log strength 0.5,fixed_corrected,mlp-pathogen-scheduled_final-95a8c6a81971,0.9455523433612896,-1.064279646945876,0.9286483995607624,"2022-23,2023-24,2024-25",2024-25,"Saved C1 pathogen-specific MLP, distance sharing, no covariates; trained on unchanged final inputs/future labels; no retraining",Saved per-seed nonlinear trajectory nowcaster; full synthetic errors on permitted training trajectories; final recent-history labels; all synthetic supervised cells,Archived Wednesday values under B2 availability/lags and explicit final proxies; same history-bank inference and256future draws; correction affects only target histories,"Equal raw/full hypotheses coherent across all targets/locations/weeks per draw; sensitivity distribution, not calibrated posterior"
"weekend_family=fixed_corrected,fixed_forecaster=data/experiments/nowcast-overnight-joint-pilot-20261005/mlp-pathogen-scheduled_final-80b8b346616c/s{seed}/attempt-001/eval_{season}/model.pt,fixed_nowcaster=data/experiments/nowcast-overnight-pair-support-20261005/mlp-pathogen-scheduled_final-01dc8706b337/s{seed}/attempt-001/eval_{season}/nowcast_correctors.pt,fixed_history_mode=point,reporting_probability=0.0,correction_strength=0.5,reporting_augmentation=vintage,reporting_missingness=0,ed_transform=logit,spatial=distance,epochs=300,patience=30,fit_partition=pathogen,covariate_encoder=summary,input_mode=scheduled_final,input_normalization=b0,evaluation_seasons=recent_two",43,US,2024-2025,0.5762227659484397,1.171770835946338,,,,,0.8739968009473889,C1,Point nonlinear correction; log strength 0.5,fixed_corrected,mlp-pathogen-scheduled_final-95a8c6a81971,0.9849525908425284,-11.265089398894613,0.8739968009473889,"2022-23,2023-24,2025-26",2025-26,"Saved C1 pathogen-specific MLP, distance sharing, no covariates; trained on unchanged final inputs/future labels; no retraining",Saved per-seed nonlinear trajectory nowcaster; full synthetic errors on permitted training trajectories; final recent-history labels; all synthetic supervised cells,Archived Wednesday values under B2 availability/lags and explicit final proxies; same history-bank inference and256future draws; correction affects only target histories,"Equal raw/full hypotheses coherent across all targets/locations/weeks per draw; sensitivity distribution, not calibrated posterior"
"weekend_family=fixed_corrected,fixed_forecaster=data/experiments/nowcast-overnight-joint-pilot-20261005/mlp-pathogen-scheduled_final-80b8b346616c/s{seed}/attempt-001/eval_{season}/model.pt,fixed_nowcaster=data/experiments/nowcast-overnight-pair-support-20261005/mlp-pathogen-scheduled_final-01dc8706b337/s{seed}/attempt-001/eval_{season}/nowcast_correctors.pt,fixed_history_mode=point,reporting_probability=0.0,correction_strength=0.5,reporting_augmentation=vintage,reporting_missingness=0,ed_transform=logit,spatial=distance,epochs=300,patience=30,fit_partition=pathogen,covariate_encoder=summary,input_mode=scheduled_final,input_normalization=b0,evaluation_seasons=recent_two",43,US,2025-2026,0.8983028003238673,0.726111024597714,0.4424973691163389,0.8539501368314677,1.7608183212186226,0.6117702666142297,0.8178179014155733,C1,Point nonlinear correction; log strength 0.5,fixed_corrected,mlp-pathogen-scheduled_final-95a8c6a81971,0.8245434758285453,-0.8156725036498225,0.8122069124607907,"2022-23,2023-24,2024-25",2024-25,"Saved C1 pathogen-specific MLP, distance sharing, no covariates; trained on unchanged final inputs/future labels; no retraining",Saved per-seed nonlinear trajectory nowcaster; full synthetic errors on permitted training trajectories; final recent-history labels; all synthetic supervised cells,Archived Wednesday values under B2 availability/lags and explicit final proxies; same history-bank inference and256future draws; correction affects only target histories,"Equal raw/full hypotheses coherent across all targets/locations/weeks per draw; sensitivity distribution, not calibrated posterior"
"weekend_family=fixed_corrected,fixed_forecaster=data/experiments/nowcast-overnight-joint-pilot-20261005/mlp-pathogen-scheduled_final-80b8b346616c/s{seed}/attempt-001/eval_{season}/model.pt,fixed_nowcaster=data/experiments/nowcast-overnight-pair-support-20261005/mlp-pathogen-scheduled_final-01dc8706b337/s{seed}/attempt-001/eval_{season}/nowcast_correctors.pt,fixed_history_mode=point,reporting_probability=0.0,correction_strength=0.5,reporting_augmentation=vintage,reporting_missingness=0,ed_transform=logit,spatial=distance,epochs=300,patience=30,fit_partition=pathogen,covariate_encoder=summary,input_mode=scheduled_final,input_normalization=b0,evaluation_seasons=recent_two",43,all,2024-2025,0.7003716900795508,1.0219180726825832,,,,,0.8611448813810669,C1,Point nonlinear correction; log strength 0.5,fixed_corrected,mlp-pathogen-scheduled_final-95a8c6a81971,0.9176432190373348,-6.156895892015434,0.8611448813810669,"2022-23,2023-24,2025-26",2025-26,"Saved C1 pathogen-specific MLP, distance sharing, no covariates; trained on unchanged final inputs/future labels; no retraining",Saved per-seed nonlinear trajectory nowcaster; full synthetic errors on permitted training trajectories; final recent-history labels; all synthetic supervised cells,Archived Wednesday values under B2 availability/lags and explicit final proxies; same history-bank inference and256future draws; correction affects only target histories,"Equal raw/full hypotheses coherent across all targets/locations/weeks per draw; sensitivity distribution, not calibrated posterior"
"weekend_family=fixed_corrected,fixed_forecaster=data/experiments/nowcast-overnight-joint-pilot-20261005/mlp-pathogen-scheduled_final-80b8b346616c/s{seed}/attempt-001/eval_{season}/model.pt,fixed_nowcaster=data/experiments/nowcast-overnight-pair-support-20261005/mlp-pathogen-scheduled_final-01dc8706b337/s{seed}/attempt-001/eval_{season}/nowcast_correctors.pt,fixed_history_mode=point,reporting_probability=0.0,correction_strength=0.5,reporting_augmentation=vintage,reporting_missingness=0,ed_transform=logit,spatial=distance,epochs=300,patience=30,fit_partition=pathogen,covariate_encoder=summary,input_mode=scheduled_final,input_normalization=b0,evaluation_seasons=recent_two",43,all,2025-2026,0.9024537369529312,0.9668439064892186,0.82198305508502,0.9035595005971426,1.2908597337778938,0.7344292090710488,0.9234899822778252,C1,Point nonlinear correction; log strength 0.5,fixed_corrected,mlp-pathogen-scheduled_final-95a8c6a81971,0.924768743891806,-0.1382790694892222,0.9346488217210749,"2022-23,2023-24,2024-25",2024-25,"Saved C1 pathogen-specific MLP, distance sharing, no covariates; trained on unchanged final inputs/future labels; no retraining",Saved per-seed nonlinear trajectory nowcaster; full synthetic errors on permitted training trajectories; final recent-history labels; all synthetic supervised cells,Archived Wednesday values under B2 availability/lags and explicit final proxies; same history-bank inference and256future draws; correction affects only target histories,"Equal raw/full hypotheses coherent across all targets/locations/weeks per draw; sensitivity distribution, not calibrated posterior"
"weekend_family=fixed_corrected,fixed_forecaster=data/experiments/nowcast-overnight-joint-pilot-20261005/mlp-pathogen-scheduled_final-80b8b346616c/s{seed}/attempt-001/eval_{season}/model.pt,fixed_nowcaster=data/experiments/nowcast-overnight-pair-support-20261005/mlp-pathogen-scheduled_final-01dc8706b337/s{seed}/attempt-001/eval_{season}/nowcast_correctors.pt,fixed_history_mode=point,reporting_probability=0.0,correction_strength=0.5,reporting_augmentation=vintage,reporting_missingness=0,ed_transform=logit,spatial=distance,epochs=300,patience=30,fit_partition=pathogen,covariate_encoder=summary,input_mode=scheduled_final,input_normalization=b0,evaluation_seasons=recent_two",43,states_dc,2024-2025,0.7314089211123286,0.9844548818666444,,,,,0.8579319014894866,C1,Point nonlinear correction; log strength 0.5,fixed_corrected,mlp-pathogen-scheduled_final-95a8c6a81971,0.9008158760860364,-4.760570471168513,0.8579319014894865,"2022-23,2023-24,2025-26",2025-26,"Saved C1 pathogen-specific MLP, distance sharing, no covariates; trained on unchanged final inputs/future labels; no retraining",Saved per-seed nonlinear trajectory nowcaster; full synthetic errors on permitted training trajectories; final recent-history labels; all synthetic supervised cells,Archived Wednesday values under B2 availability/lags and explicit final proxies; same history-bank inference and256future draws; correction affects only target histories,"Equal raw/full hypotheses coherent across all targets/locations/weeks per draw; sensitivity distribution, not calibrated posterior"
"weekend_family=fixed_corrected,fixed_forecaster=data/experiments/nowcast-overnight-joint-pilot-20261005/mlp-pathogen-scheduled_final-80b8b346616c/s{seed}/attempt-001/eval_{season}/model.pt,fixed_nowcaster=data/experiments/nowcast-overnight-pair-support-20261005/mlp-pathogen-scheduled_final-01dc8706b337/s{seed}/attempt-001/eval_{season}/nowcast_correctors.pt,fixed_history_mode=point,reporting_probability=0.0,correction_strength=0.5,reporting_augmentation=vintage,reporting_missingness=0,ed_transform=logit,spatial=distance,epochs=300,patience=30,fit_partition=pathogen,covariate_encoder=summary,input_mode=scheduled_final,input_normalization=b0,evaluation_seasons=recent_two",43,states_dc,2025-2026,0.9034914711101972,1.0270271269620947,0.9168544765771902,0.915961841538561,1.1733700869177113,0.7650939446852536,0.9499080024933876,C1,Point nonlinear correction; log strength 0.5,fixed_corrected,mlp-pathogen-scheduled_final-95a8c6a81971,0.9498250609076212,0.00873230126052782,0.9652592990361459,"2022-23,2023-24,2024-25",2024-25,"Saved C1 pathogen-specific MLP, distance sharing, no covariates; trained on unchanged final inputs/future labels; no retraining",Saved per-seed nonlinear trajectory nowcaster; full synthetic errors on permitted training trajectories; final recent-history labels; all synthetic supervised cells,Archived Wednesday values under B2 availability/lags and explicit final proxies; same history-bank inference and256future draws; correction affects only target histories,"Equal raw/full hypotheses coherent across all targets/locations/weeks per draw; sensitivity distribution, not calibrated posterior"
"weekend_family=fixed_corrected,fixed_forecaster=data/experiments/nowcast-overnight-joint-pilot-20261005/mlp-pathogen-scheduled_final-80b8b346616c/s{seed}/attempt-001/eval_{season}/model.pt,fixed_nowcaster=data/experiments/nowcast-overnight-pair-support-20261005/mlp-pathogen-scheduled_final-01dc8706b337/s{seed}/attempt-001/eval_{season}/nowcast_correctors.pt,fixed_history_mode=point,reporting_probability=0.0,correction_strength=0.5,reporting_augmentation=vintage,reporting_missingness=0,ed_transform=logit,spatial=distance,epochs=300,patience=30,fit_partition=pathogen,covariate_encoder=summary,input_mode=scheduled_final,input_normalization=b0,evaluation_seasons=recent_two",44,US,2024-2025,0.6809678215479267,1.577425676155941,,,,,1.129196748851934,C1,Point nonlinear correction; log strength 0.5,fixed_corrected,mlp-pathogen-scheduled_final-95a8c6a81971,1.25910504131327,-10.317510310802913,1.1291967488519339,"2022-23,2023-24,2025-26",2025-26,"Saved C1 pathogen-specific MLP, distance sharing, no covariates; trained on unchanged final inputs/future labels; no retraining",Saved per-seed nonlinear trajectory nowcaster; full synthetic errors on permitted training trajectories; final recent-history labels; all synthetic supervised cells,Archived Wednesday values under B2 availability/lags and explicit final proxies; same history-bank inference and256future draws; correction affects only target histories,"Equal raw/full hypotheses coherent across all targets/locations/weeks per draw; sensitivity distribution, not calibrated posterior"
"weekend_family=fixed_corrected,fixed_forecaster=data/experiments/nowcast-overnight-joint-pilot-20261005/mlp-pathogen-scheduled_final-80b8b346616c/s{seed}/attempt-001/eval_{season}/model.pt,fixed_nowcaster=data/experiments/nowcast-overnight-pair-support-20261005/mlp-pathogen-scheduled_final-01dc8706b337/s{seed}/attempt-001/eval_{season}/nowcast_correctors.pt,fixed_history_mode=point,reporting_probability=0.0,correction_strength=0.5,reporting_augmentation=vintage,reporting_missingness=0,ed_transform=logit,spatial=distance,epochs=300,patience=30,fit_partition=pathogen,covariate_encoder=summary,input_mode=scheduled_final,input_normalization=b0,evaluation_seasons=recent_two",44,US,2025-2026,0.8874371905630296,0.7787923688591266,0.5785182522506427,0.9969006947302153,1.4540400809034948,0.8159309225428755,0.8618185912802425,C1,Point nonlinear correction; log strength 0.5,fixed_corrected,mlp-pathogen-scheduled_final-95a8c6a81971,0.8880120713963813,-2.9496761316487596,0.8331147797110781,"2022-23,2023-24,2024-25",2024-25,"Saved C1 pathogen-specific MLP, distance sharing, no covariates; trained on unchanged final inputs/future labels; no retraining",Saved per-seed nonlinear trajectory nowcaster; full synthetic errors on permitted training trajectories; final recent-history labels; all synthetic supervised cells,Archived Wednesday values under B2 availability/lags and explicit final proxies; same history-bank inference and256future draws; correction affects only target histories,"Equal raw/full hypotheses coherent across all targets/locations/weeks per draw; sensitivity distribution, not calibrated posterior"
"weekend_family=fixed_corrected,fixed_forecaster=data/experiments/nowcast-overnight-joint-pilot-20261005/mlp-pathogen-scheduled_final-80b8b346616c/s{seed}/attempt-001/eval_{season}/model.pt,fixed_nowcaster=data/experiments/nowcast-overnight-pair-support-20261005/mlp-pathogen-scheduled_final-01dc8706b337/s{seed}/attempt-001/eval_{season}/nowcast_correctors.pt,fixed_history_mode=point,reporting_probability=0.0,correction_strength=0.5,reporting_augmentation=vintage,reporting_missingness=0,ed_transform=logit,spatial=distance,epochs=300,patience=30,fit_partition=pathogen,covariate_encoder=summary,input_mode=scheduled_final,input_normalization=b0,evaluation_seasons=recent_two",44,all,2024-2025,0.7564069887084841,1.1158386473934638,,,,,0.936122818050974,C1,Point nonlinear correction; log strength 0.5,fixed_corrected,mlp-pathogen-scheduled_final-95a8c6a81971,0.9945175127850672,-5.871660778558185,0.936122818050974,"2022-23,2023-24,2025-26",2025-26,"Saved C1 pathogen-specific MLP, distance sharing, no covariates; trained on unchanged final inputs/future labels; no retraining",Saved per-seed nonlinear trajectory nowcaster; full synthetic errors on permitted training trajectories; final recent-history labels; all synthetic supervised cells,Archived Wednesday values under B2 availability/lags and explicit final proxies; same history-bank inference and256future draws; correction affects only target histories,"Equal raw/full hypotheses coherent across all targets/locations/weeks per draw; sensitivity distribution, not calibrated posterior"
"weekend_family=fixed_corrected,fixed_forecaster=data/experiments/nowcast-overnight-joint-pilot-20261005/mlp-pathogen-scheduled_final-80b8b346616c/s{seed}/attempt-001/eval_{season}/model.pt,fixed_nowcaster=data/experiments/nowcast-overnight-pair-support-20261005/mlp-pathogen-scheduled_final-01dc8706b337/s{seed}/attempt-001/eval_{season}/nowcast_correctors.pt,fixed_history_mode=point,reporting_probability=0.0,correction_strength=0.5,reporting_augmentation=vintage,reporting_missingness=0,ed_transform=logit,spatial=distance,epochs=300,patience=30,fit_partition=pathogen,covariate_encoder=summary,input_mode=scheduled_final,input_normalization=b0,evaluation_seasons=recent_two",44,all,2025-2026,0.8718152110750174,0.9779094947888758,0.8538996492157225,0.9537283869106988,1.223774186813002,0.7884481585899242,0.9303554936080952,C1,Point nonlinear correction; log strength 0.5,fixed_corrected,mlp-pathogen-scheduled_final-95a8c6a81971,0.9333592839333548,-0.3218257295948268,0.9248623529319466,"2022-23,2023-24,2024-25",2024-25,"Saved C1 pathogen-specific MLP, distance sharing, no covariates; trained on unchanged final inputs/future labels; no retraining",Saved per-seed nonlinear trajectory nowcaster; full synthetic errors on permitted training trajectories; final recent-history labels; all synthetic supervised cells,Archived Wednesday values under B2 availability/lags and explicit final proxies; same history-bank inference and256future draws; correction affects only target histories,"Equal raw/full hypotheses coherent across all targets/locations/weeks per draw; sensitivity distribution, not calibrated posterior"
"weekend_family=fixed_corrected,fixed_forecaster=data/experiments/nowcast-overnight-joint-pilot-20261005/mlp-pathogen-scheduled_final-80b8b346616c/s{seed}/attempt-001/eval_{season}/model.pt,fixed_nowcaster=data/experiments/nowcast-overnight-pair-support-20261005/mlp-pathogen-scheduled_final-01dc8706b337/s{seed}/attempt-001/eval_{season}/nowcast_correctors.pt,fixed_history_mode=point,reporting_probability=0.0,correction_strength=0.5,reporting_augmentation=vintage,reporting_missingness=0,ed_transform=logit,spatial=distance,epochs=300,patience=30,fit_partition=pathogen,covariate_encoder=summary,input_mode=scheduled_final,input_normalization=b0,evaluation_seasons=recent_two",44,states_dc,2024-2025,0.7752667804986232,1.0004418902028445,,,,,0.8878543353507338,C1,Point nonlinear correction; log strength 0.5,fixed_corrected,mlp-pathogen-scheduled_final-95a8c6a81971,0.9283706306530164,-4.364237079945477,0.8878543353507338,"2022-23,2023-24,2025-26",2025-26,"Saved C1 pathogen-specific MLP, distance sharing, no covariates; trained on unchanged final inputs/future labels; no retraining",Saved per-seed nonlinear trajectory nowcaster; full synthetic errors on permitted training trajectories; final recent-history labels; all synthetic supervised cells,Archived Wednesday values under B2 availability/lags and explicit final proxies; same history-bank inference and256future draws; correction affects only target histories,"Equal raw/full hypotheses coherent across all targets/locations/weeks per draw; sensitivity distribution, not calibrated posterior"
"weekend_family=fixed_corrected,fixed_forecaster=data/experiments/nowcast-overnight-joint-pilot-20261005/mlp-pathogen-scheduled_final-80b8b346616c/s{seed}/attempt-001/eval_{season}/model.pt,fixed_nowcaster=data/experiments/nowcast-overnight-pair-support-20261005/mlp-pathogen-scheduled_final-01dc8706b337/s{seed}/attempt-001/eval_{season}/nowcast_correctors.pt,fixed_history_mode=point,reporting_probability=0.0,correction_strength=0.5,reporting_augmentation=vintage,reporting_missingness=0,ed_transform=logit,spatial=distance,epochs=300,patience=30,fit_partition=pathogen,covariate_encoder=summary,input_mode=scheduled_final,input_normalization=b0,evaluation_seasons=recent_two",44,states_dc,2025-2026,0.8679097162030142,1.027688776271313,0.9227449984569924,0.9429353099558198,1.1662077132903783,0.7815774676016864,0.9474897191900582,C1,Point nonlinear correction; log strength 0.5,fixed_corrected,mlp-pathogen-scheduled_final-95a8c6a81971,0.944696087067598,0.29571754987700594,0.9477992462371636,"2022-23,2023-24,2024-25",2024-25,"Saved C1 pathogen-specific MLP, distance sharing, no covariates; trained on unchanged final inputs/future labels; no retraining",Saved per-seed nonlinear trajectory nowcaster; full synthetic errors on permitted training trajectories; final recent-history labels; all synthetic supervised cells,Archived Wednesday values under B2 availability/lags and explicit final proxies; same history-bank inference and256future draws; correction affects only target histories,"Equal raw/full hypotheses coherent across all targets/locations/weeks per draw; sensitivity distribution, not calibrated posterior"
"weekend_family=fixed_corrected,fixed_forecaster=data/experiments/nowcast-overnight-joint-pilot-20261005/mlp-pathogen-scheduled_final-80b8b346616c/s{seed}/attempt-001/eval_{season}/model.pt,fixed_nowcaster=data/experiments/nowcast-overnight-pair-support-20261005/mlp-pathogen-scheduled_final-6bf754ece815/s{seed}/attempt-001/eval_{season}/nowcast_correctors.pt,fixed_history_mode=point,reporting_probability=0.0,reporting_augmentation=vintage,reporting_missingness=0,ed_transform=logit,spatial=distance,epochs=300,patience=30,fit_partition=pathogen,covariate_encoder=summary,input_mode=scheduled_final,input_normalization=b0,evaluation_seasons=recent_two",42,US,2024-2025,0.5660071796084994,1.191859843121912,,,,,0.8789335113652057,C1,Point nonlinear correction; log strength 1,fixed_corrected,mlp-pathogen-scheduled_final-73b02ebe83a5,1.0539361655805062,-16.60467302769797,0.8789335113652057,"2022-23,2023-24,2025-26",2025-26,"Saved C1 pathogen-specific MLP, distance sharing, no covariates; trained on unchanged final inputs/future labels; no retraining",Saved per-seed nonlinear trajectory nowcaster; full synthetic errors on permitted training trajectories; final recent-history labels; all synthetic supervised cells,Archived Wednesday values under B2 availability/lags and explicit final proxies; same history-bank inference and256future draws; correction affects only target histories,"Equal raw/full hypotheses coherent across all targets/locations/weeks per draw; sensitivity distribution, not calibrated posterior"
"weekend_family=fixed_corrected,fixed_forecaster=data/experiments/nowcast-overnight-joint-pilot-20261005/mlp-pathogen-scheduled_final-80b8b346616c/s{seed}/attempt-001/eval_{season}/model.pt,fixed_nowcaster=data/experiments/nowcast-overnight-pair-support-20261005/mlp-pathogen-scheduled_final-6bf754ece815/s{seed}/attempt-001/eval_{season}/nowcast_correctors.pt,fixed_history_mode=point,reporting_probability=0.0,reporting_augmentation=vintage,reporting_missingness=0,ed_transform=logit,spatial=distance,epochs=300,patience=30,fit_partition=pathogen,covariate_encoder=summary,input_mode=scheduled_final,input_normalization=b0,evaluation_seasons=recent_two",42,US,2025-2026,0.9763007536114596,0.6830876475994861,0.5412289376455908,0.8959668469622489,1.8007499368057918,0.7448239939479576,0.8714194950476747,C1,Point nonlinear correction; log strength 1,fixed_corrected,mlp-pathogen-scheduled_final-73b02ebe83a5,0.9195678668418866,-5.235978064302104,0.8296942006054728,"2022-23,2023-24,2024-25",2024-25,"Saved C1 pathogen-specific MLP, distance sharing, no covariates; trained on unchanged final inputs/future labels; no retraining",Saved per-seed nonlinear trajectory nowcaster; full synthetic errors on permitted training trajectories; final recent-history labels; all synthetic supervised cells,Archived Wednesday values under B2 availability/lags and explicit final proxies; same history-bank inference and256future draws; correction affects only target histories,"Equal raw/full hypotheses coherent across all targets/locations/weeks per draw; sensitivity distribution, not calibrated posterior"
"weekend_family=fixed_corrected,fixed_forecaster=data/experiments/nowcast-overnight-joint-pilot-20261005/mlp-pathogen-scheduled_final-80b8b346616c/s{seed}/attempt-001/eval_{season}/model.pt,fixed_nowcaster=data/experiments/nowcast-overnight-pair-support-20261005/mlp-pathogen-scheduled_final-6bf754ece815/s{seed}/attempt-001/eval_{season}/nowcast_correctors.pt,fixed_history_mode=point,reporting_probability=0.0,reporting_augmentation=vintage,reporting_missingness=0,ed_transform=logit,spatial=distance,epochs=300,patience=30,fit_partition=pathogen,covariate_encoder=summary,input_mode=scheduled_final,input_normalization=b0,evaluation_seasons=recent_two",42,all,2024-2025,0.7476638877084244,0.9768891125426528,,,,,0.8622765001255386,C1,Point nonlinear correction; log strength 1,fixed_corrected,mlp-pathogen-scheduled_final-73b02ebe83a5,0.9332716260532744,-7.607123579655806,0.8622765001255386,"2022-23,2023-24,2025-26",2025-26,"Saved C1 pathogen-specific MLP, distance sharing, no covariates; trained on unchanged final inputs/future labels; no retraining",Saved per-seed nonlinear trajectory nowcaster; full synthetic errors on permitted training trajectories; final recent-history labels; all synthetic supervised cells,Archived Wednesday values under B2 availability/lags and explicit final proxies; same history-bank inference and256future draws; correction affects only target histories,"Equal raw/full hypotheses coherent across all targets/locations/weeks per draw; sensitivity distribution, not calibrated posterior"
"weekend_family=fixed_corrected,fixed_forecaster=data/experiments/nowcast-overnight-joint-pilot-20261005/mlp-pathogen-scheduled_final-80b8b346616c/s{seed}/attempt-001/eval_{season}/model.pt,fixed_nowcaster=data/experiments/nowcast-overnight-pair-support-20261005/mlp-pathogen-scheduled_final-6bf754ece815/s{seed}/attempt-001/eval_{season}/nowcast_correctors.pt,fixed_history_mode=point,reporting_probability=0.0,reporting_augmentation=vintage,reporting_missingness=0,ed_transform=logit,spatial=distance,epochs=300,patience=30,fit_partition=pathogen,covariate_encoder=summary,input_mode=scheduled_final,input_normalization=b0,evaluation_seasons=recent_two",42,all,2025-2026,0.8980150553718462,0.9271977320957429,0.8718389395356356,0.915284832746635,1.2570205580045264,0.7420336261076232,0.9231602745405816,C1,Point nonlinear correction; log strength 1,fixed_corrected,mlp-pathogen-scheduled_final-73b02ebe83a5,0.9403554480574092,-1.8285823251568911,0.9126063937337945,"2022-23,2023-24,2024-25",2024-25,"Saved C1 pathogen-specific MLP, distance sharing, no covariates; trained on unchanged final inputs/future labels; no retraining",Saved per-seed nonlinear trajectory nowcaster; full synthetic errors on permitted training trajectories; final recent-history labels; all synthetic supervised cells,Archived Wednesday values under B2 availability/lags and explicit final proxies; same history-bank inference and256future draws; correction affects only target histories,"Equal raw/full hypotheses coherent across all targets/locations/weeks per draw; sensitivity distribution, not calibrated posterior"
"weekend_family=fixed_corrected,fixed_forecaster=data/experiments/nowcast-overnight-joint-pilot-20261005/mlp-pathogen-scheduled_final-80b8b346616c/s{seed}/attempt-001/eval_{season}/model.pt,fixed_nowcaster=data/experiments/nowcast-overnight-pair-support-20261005/mlp-pathogen-scheduled_final-6bf754ece815/s{seed}/attempt-001/eval_{season}/nowcast_correctors.pt,fixed_history_mode=point,reporting_probability=0.0,reporting_augmentation=vintage,reporting_missingness=0,ed_transform=logit,spatial=distance,epochs=300,patience=30,fit_partition=pathogen,covariate_encoder=summary,input_mode=scheduled_final,input_normalization=b0,evaluation_seasons=recent_two",42,states_dc,2024-2025,0.7930780647334057,0.9231464298978378,,,,,0.8581122473156217,C1,Point nonlinear correction; log strength 1,fixed_corrected,mlp-pathogen-scheduled_final-73b02ebe83a5,0.9031054911714664,-4.982058496564068,0.8581122473156217,"2022-23,2023-24,2025-26",2025-26,"Saved C1 pathogen-specific MLP, distance sharing, no covariates; trained on unchanged final inputs/future labels; no retraining",Saved per-seed nonlinear trajectory nowcaster; full synthetic errors on permitted training trajectories; final recent-history labels; all synthetic supervised cells,Archived Wednesday values under B2 availability/lags and explicit final proxies; same history-bank inference and256future draws; correction affects only target histories,"Equal raw/full hypotheses coherent across all targets/locations/weeks per draw; sensitivity distribution, not calibrated posterior"
"weekend_family=fixed_corrected,fixed_forecaster=data/experiments/nowcast-overnight-joint-pilot-20261005/mlp-pathogen-scheduled_final-80b8b346616c/s{seed}/attempt-001/eval_{season}/model.pt,fixed_nowcaster=data/experiments/nowcast-overnight-pair-support-20261005/mlp-pathogen-scheduled_final-6bf754ece815/s{seed}/attempt-001/eval_{season}/nowcast_correctors.pt,fixed_history_mode=point,reporting_probability=0.0,reporting_augmentation=vintage,reporting_missingness=0,ed_transform=logit,spatial=distance,epochs=300,patience=30,fit_partition=pathogen,covariate_encoder=summary,input_mode=scheduled_final,input_normalization=b0,evaluation_seasons=recent_two",42,states_dc,2025-2026,0.8784436308119428,0.9882252532198068,0.9544914400081468,0.9201143291927312,1.1210882133042102,0.7413360341475397,0.9360954694138084,C1,Point nonlinear correction; log strength 1,fixed_corrected,mlp-pathogen-scheduled_final-73b02ebe83a5,0.9455523433612896,-1.0001428280388414,0.9333344420158748,"2022-23,2023-24,2024-25",2024-25,"Saved C1 pathogen-specific MLP, distance sharing, no covariates; trained on unchanged final inputs/future labels; no retraining",Saved per-seed nonlinear trajectory nowcaster; full synthetic errors on permitted training trajectories; final recent-history labels; all synthetic supervised cells,Archived Wednesday values under B2 availability/lags and explicit final proxies; same history-bank inference and256future draws; correction affects only target histories,"Equal raw/full hypotheses coherent across all targets/locations/weeks per draw; sensitivity distribution, not calibrated posterior"
"weekend_family=fixed_corrected,fixed_forecaster=data/experiments/nowcast-overnight-joint-pilot-20261005/mlp-pathogen-scheduled_final-80b8b346616c/s{seed}/attempt-001/eval_{season}/model.pt,fixed_nowcaster=data/experiments/nowcast-overnight-pair-support-20261005/mlp-pathogen-scheduled_final-6bf754ece815/s{seed}/attempt-001/eval_{season}/nowcast_correctors.pt,fixed_history_mode=point,reporting_probability=0.0,reporting_augmentation=vintage,reporting_missingness=0,ed_transform=logit,spatial=distance,epochs=300,patience=30,fit_partition=pathogen,covariate_encoder=summary,input_mode=scheduled_final,input_normalization=b0,evaluation_seasons=recent_two",43,US,2024-2025,0.5596643477031781,1.0326718906905568,,,,,0.7961681191968675,C1,Point nonlinear correction; log strength 1,fixed_corrected,mlp-pathogen-scheduled_final-73b02ebe83a5,0.9849525908425284,-19.166858730142,0.7961681191968675,"2022-23,2023-24,2025-26",2025-26,"Saved C1 pathogen-specific MLP, distance sharing, no covariates; trained on unchanged final inputs/future labels; no retraining",Saved per-seed nonlinear trajectory nowcaster; full synthetic errors on permitted training trajectories; final recent-history labels; all synthetic supervised cells,Archived Wednesday values under B2 availability/lags and explicit final proxies; same history-bank inference and256future draws; correction affects only target histories,"Equal raw/full hypotheses coherent across all targets/locations/weeks per draw; sensitivity distribution, not calibrated posterior"
"weekend_family=fixed_corrected,fixed_forecaster=data/experiments/nowcast-overnight-joint-pilot-20261005/mlp-pathogen-scheduled_final-80b8b346616c/s{seed}/attempt-001/eval_{season}/model.pt,fixed_nowcaster=data/experiments/nowcast-overnight-pair-support-20261005/mlp-pathogen-scheduled_final-6bf754ece815/s{seed}/attempt-001/eval_{season}/nowcast_correctors.pt,fixed_history_mode=point,reporting_probability=0.0,reporting_augmentation=vintage,reporting_missingness=0,ed_transform=logit,spatial=distance,epochs=300,patience=30,fit_partition=pathogen,covariate_encoder=summary,input_mode=scheduled_final,input_normalization=b0,evaluation_seasons=recent_two",43,US,2025-2026,0.917992140435212,0.7459346722484984,0.4623821625631627,0.8455646153858737,1.755415570299078,0.616783495150209,0.8300424034809896,C1,Point nonlinear correction; log strength 1,fixed_corrected,mlp-pathogen-scheduled_final-73b02ebe83a5,0.8245434758285453,0.6669057258525735,0.8319634063418553,"2022-23,2023-24,2024-25",2024-25,"Saved C1 pathogen-specific MLP, distance sharing, no covariates; trained on unchanged final inputs/future labels; no retraining",Saved per-seed nonlinear trajectory nowcaster; full synthetic errors on permitted training trajectories; final recent-history labels; all synthetic supervised cells,Archived Wednesday values under B2 availability/lags and explicit final proxies; same history-bank inference and256future draws; correction affects only target histories,"Equal raw/full hypotheses coherent across all targets/locations/weeks per draw; sensitivity distribution, not calibrated posterior"
"weekend_family=fixed_corrected,fixed_forecaster=data/experiments/nowcast-overnight-joint-pilot-20261005/mlp-pathogen-scheduled_final-80b8b346616c/s{seed}/attempt-001/eval_{season}/model.pt,fixed_nowcaster=data/experiments/nowcast-overnight-pair-support-20261005/mlp-pathogen-scheduled_final-6bf754ece815/s{seed}/attempt-001/eval_{season}/nowcast_correctors.pt,fixed_history_mode=point,reporting_probability=0.0,reporting_augmentation=vintage,reporting_missingness=0,ed_transform=logit,spatial=distance,epochs=300,patience=30,fit_partition=pathogen,covariate_encoder=summary,input_mode=scheduled_final,input_normalization=b0,evaluation_seasons=recent_two",43,all,2024-2025,0.6935816574128142,0.9541514033962296,,,,,0.8238665304045218,C1,Point nonlinear correction; log strength 1,fixed_corrected,mlp-pathogen-scheduled_final-73b02ebe83a5,0.9176432190373348,-10.219297291946495,0.8238665304045218,"2022-23,2023-24,2025-26",2025-26,"Saved C1 pathogen-specific MLP, distance sharing, no covariates; trained on unchanged final inputs/future labels; no retraining",Saved per-seed nonlinear trajectory nowcaster; full synthetic errors on permitted training trajectories; final recent-history labels; all synthetic supervised cells,Archived Wednesday values under B2 availability/lags and explicit final proxies; same history-bank inference and256future draws; correction affects only target histories,"Equal raw/full hypotheses coherent across all targets/locations/weeks per draw; sensitivity distribution, not calibrated posterior"
"weekend_family=fixed_corrected,fixed_forecaster=data/experiments/nowcast-overnight-joint-pilot-20261005/mlp-pathogen-scheduled_final-80b8b346616c/s{seed}/attempt-001/eval_{season}/model.pt,fixed_nowcaster=data/experiments/nowcast-overnight-pair-support-20261005/mlp-pathogen-scheduled_final-6bf754ece815/s{seed}/attempt-001/eval_{season}/nowcast_correctors.pt,fixed_history_mode=point,reporting_probability=0.0,reporting_augmentation=vintage,reporting_missingness=0,ed_transform=logit,spatial=distance,epochs=300,patience=30,fit_partition=pathogen,covariate_encoder=summary,input_mode=scheduled_final,input_normalization=b0,evaluation_seasons=recent_two",43,all,2025-2026,0.909869110974048,0.992612703511153,0.830826241594321,0.8991014527919803,1.3036756885897791,0.7378979253926082,0.9341434643259348,C1,Point nonlinear correction; log strength 1,fixed_corrected,mlp-pathogen-scheduled_final-73b02ebe83a5,0.924768743891806,1.0137367310530054,0.9512409072426005,"2022-23,2023-24,2024-25",2024-25,"Saved C1 pathogen-specific MLP, distance sharing, no covariates; trained on unchanged final inputs/future labels; no retraining",Saved per-seed nonlinear trajectory nowcaster; full synthetic errors on permitted training trajectories; final recent-history labels; all synthetic supervised cells,Archived Wednesday values under B2 availability/lags and explicit final proxies; same history-bank inference and256future draws; correction affects only target histories,"Equal raw/full hypotheses coherent across all targets/locations/weeks per draw; sensitivity distribution, not calibrated posterior"
"weekend_family=fixed_corrected,fixed_forecaster=data/experiments/nowcast-overnight-joint-pilot-20261005/mlp-pathogen-scheduled_final-80b8b346616c/s{seed}/attempt-001/eval_{season}/model.pt,fixed_nowcaster=data/experiments/nowcast-overnight-pair-support-20261005/mlp-pathogen-scheduled_final-6bf754ece815/s{seed}/attempt-001/eval_{season}/nowcast_correctors.pt,fixed_history_mode=point,reporting_probability=0.0,reporting_augmentation=vintage,reporting_missingness=0,ed_transform=logit,spatial=distance,epochs=300,patience=30,fit_partition=pathogen,covariate_encoder=summary,input_mode=scheduled_final,input_normalization=b0,evaluation_seasons=recent_two",43,states_dc,2024-2025,0.7270609848402232,0.9345212815726478,,,,,0.8307911332064355,C1,Point nonlinear correction; log strength 1,fixed_corrected,mlp-pathogen-scheduled_final-73b02ebe83a5,0.9008158760860364,-7.7734801015999055,0.8307911332064355,"2022-23,2023-24,2025-26",2025-26,"Saved C1 pathogen-specific MLP, distance sharing, no covariates; trained on unchanged final inputs/future labels; no retraining",Saved per-seed nonlinear trajectory nowcaster; full synthetic errors on permitted training trajectories; final recent-history labels; all synthetic supervised cells,Archived Wednesday values under B2 availability/lags and explicit final proxies; same history-bank inference and256future draws; correction affects only target histories,"Equal raw/full hypotheses coherent across all targets/locations/weeks per draw; sensitivity distribution, not calibrated posterior"
"weekend_family=fixed_corrected,fixed_forecaster=data/experiments/nowcast-overnight-joint-pilot-20261005/mlp-pathogen-scheduled_final-80b8b346616c/s{seed}/attempt-001/eval_{season}/model.pt,fixed_nowcaster=data/experiments/nowcast-overnight-pair-support-20261005/mlp-pathogen-scheduled_final-6bf754ece815/s{seed}/attempt-001/eval_{season}/nowcast_correctors.pt,fixed_history_mode=point,reporting_probability=0.0,reporting_augmentation=vintage,reporting_missingness=0,ed_transform=logit,spatial=distance,epochs=300,patience=30,fit_partition=pathogen,covariate_encoder=summary,input_mode=scheduled_final,input_normalization=b0,evaluation_seasons=recent_two",43,states_dc,2025-2026,0.9078383536087572,1.0542822113268162,0.9229372613521106,0.9124856621435068,1.1907407181624543,0.768176532953208,0.9601687295371708,C1,Point nonlinear correction; log strength 1,fixed_corrected,mlp-pathogen-scheduled_final-73b02ebe83a5,0.9498250609076212,1.089007761036065,0.9810602824677868,"2022-23,2023-24,2024-25",2024-25,"Saved C1 pathogen-specific MLP, distance sharing, no covariates; trained on unchanged final inputs/future labels; no retraining",Saved per-seed nonlinear trajectory nowcaster; full synthetic errors on permitted training trajectories; final recent-history labels; all synthetic supervised cells,Archived Wednesday values under B2 availability/lags and explicit final proxies; same history-bank inference and256future draws; correction affects only target histories,"Equal raw/full hypotheses coherent across all targets/locations/weeks per draw; sensitivity distribution, not calibrated posterior"
"weekend_family=fixed_corrected,fixed_forecaster=data/experiments/nowcast-overnight-joint-pilot-20261005/mlp-pathogen-scheduled_final-80b8b346616c/s{seed}/attempt-001/eval_{season}/model.pt,fixed_nowcaster=data/experiments/nowcast-overnight-pair-support-20261005/mlp-pathogen-scheduled_final-6bf754ece815/s{seed}/attempt-001/eval_{season}/nowcast_correctors.pt,fixed_history_mode=point,reporting_probability=0.0,reporting_augmentation=vintage,reporting_missingness=0,ed_transform=logit,spatial=distance,epochs=300,patience=30,fit_partition=pathogen,covariate_encoder=summary,input_mode=scheduled_final,input_normalization=b0,evaluation_seasons=recent_two",44,US,2024-2025,0.6348912414714813,1.4034600717178305,,,,,1.0191756565946557,C1,Point nonlinear correction; log strength 1,fixed_corrected,mlp-pathogen-scheduled_final-73b02ebe83a5,1.25910504131327,-19.055549524951754,1.019175656594656,"2022-23,2023-24,2025-26",2025-26,"Saved C1 pathogen-specific MLP, distance sharing, no covariates; trained on unchanged final inputs/future labels; no retraining",Saved per-seed nonlinear trajectory nowcaster; full synthetic errors on permitted training trajectories; final recent-history labels; all synthetic supervised cells,Archived Wednesday values under B2 availability/lags and explicit final proxies; same history-bank inference and256future draws; correction affects only target histories,"Equal raw/full hypotheses coherent across all targets/locations/weeks per draw; sensitivity distribution, not calibrated posterior"
"weekend_family=fixed_corrected,fixed_forecaster=data/experiments/nowcast-overnight-joint-pilot-20261005/mlp-pathogen-scheduled_final-80b8b346616c/s{seed}/attempt-001/eval_{season}/model.pt,fixed_nowcaster=data/experiments/nowcast-overnight-pair-support-20261005/mlp-pathogen-scheduled_final-6bf754ece815/s{seed}/attempt-001/eval_{season}/nowcast_correctors.pt,fixed_history_mode=point,reporting_probability=0.0,reporting_augmentation=vintage,reporting_missingness=0,ed_transform=logit,spatial=distance,epochs=300,patience=30,fit_partition=pathogen,covariate_encoder=summary,input_mode=scheduled_final,input_normalization=b0,evaluation_seasons=recent_two",44,US,2025-2026,0.9082719566111072,0.8006751791414403,0.5190819901634223,0.9902073281228548,1.4411726941136016,0.8187632922715279,0.8562446184822137,C1,Point nonlinear correction; log strength 1,fixed_corrected,mlp-pathogen-scheduled_final-73b02ebe83a5,0.8880120713963813,-3.577367238286966,0.8544735678762737,"2022-23,2023-24,2024-25",2024-25,"Saved C1 pathogen-specific MLP, distance sharing, no covariates; trained on unchanged final inputs/future labels; no retraining",Saved per-seed nonlinear trajectory nowcaster; full synthetic errors on permitted training trajectories; final recent-history labels; all synthetic supervised cells,Archived Wednesday values under B2 availability/lags and explicit final proxies; same history-bank inference and256future draws; correction affects only target histories,"Equal raw/full hypotheses coherent across all targets/locations/weeks per draw; sensitivity distribution, not calibrated posterior"
"weekend_family=fixed_corrected,fixed_forecaster=data/experiments/nowcast-overnight-joint-pilot-20261005/mlp-pathogen-scheduled_final-80b8b346616c/s{seed}/attempt-001/eval_{season}/model.pt,fixed_nowcaster=data/experiments/nowcast-overnight-pair-support-20261005/mlp-pathogen-scheduled_final-6bf754ece815/s{seed}/attempt-001/eval_{season}/nowcast_correctors.pt,fixed_history_mode=point,reporting_probability=0.0,reporting_augmentation=vintage,reporting_missingness=0,ed_transform=logit,spatial=distance,epochs=300,patience=30,fit_partition=pathogen,covariate_encoder=summary,input_mode=scheduled_final,input_normalization=b0,evaluation_seasons=recent_two",44,all,2024-2025,0.7338667614811456,1.0538608583578672,,,,,0.8938638099195064,C1,Point nonlinear correction; log strength 1,fixed_corrected,mlp-pathogen-scheduled_final-73b02ebe83a5,0.9945175127850672,-10.120857759828484,0.8938638099195064,"2022-23,2023-24,2025-26",2025-26,"Saved C1 pathogen-specific MLP, distance sharing, no covariates; trained on unchanged final inputs/future labels; no retraining",Saved per-seed nonlinear trajectory nowcaster; full synthetic errors on permitted training trajectories; final recent-history labels; all synthetic supervised cells,Archived Wednesday values under B2 availability/lags and explicit final proxies; same history-bank inference and256future draws; correction affects only target histories,"Equal raw/full hypotheses coherent across all targets/locations/weeks per draw; sensitivity distribution, not calibrated posterior"
"weekend_family=fixed_corrected,fixed_forecaster=data/experiments/nowcast-overnight-joint-pilot-20261005/mlp-pathogen-scheduled_final-80b8b346616c/s{seed}/attempt-001/eval_{season}/model.pt,fixed_nowcaster=data/experiments/nowcast-overnight-pair-support-20261005/mlp-pathogen-scheduled_final-6bf754ece815/s{seed}/attempt-001/eval_{season}/nowcast_correctors.pt,fixed_history_mode=point,reporting_probability=0.0,reporting_augmentation=vintage,reporting_missingness=0,ed_transform=logit,spatial=distance,epochs=300,patience=30,fit_partition=pathogen,covariate_encoder=summary,input_mode=scheduled_final,input_normalization=b0,evaluation_seasons=recent_two",44,all,2025-2026,0.8820386705698722,1.0198940199507958,0.8337014229749611,0.9544963847450918,1.2482260292741545,0.7927265036501617,0.9407463494067408,C1,Point nonlinear correction; log strength 1,fixed_corrected,mlp-pathogen-scheduled_final-73b02ebe83a5,0.9333592839333548,0.7914492950941154,0.950966345260334,"2022-23,2023-24,2024-25",2024-25,"Saved C1 pathogen-specific MLP, distance sharing, no covariates; trained on unchanged final inputs/future labels; no retraining",Saved per-seed nonlinear trajectory nowcaster; full synthetic errors on permitted training trajectories; final recent-history labels; all synthetic supervised cells,Archived Wednesday values under B2 availability/lags and explicit final proxies; same history-bank inference and256future draws; correction affects only target histories,"Equal raw/full hypotheses coherent across all targets/locations/weeks per draw; sensitivity distribution, not calibrated posterior"
"weekend_family=fixed_corrected,fixed_forecaster=data/experiments/nowcast-overnight-joint-pilot-20261005/mlp-pathogen-scheduled_final-80b8b346616c/s{seed}/attempt-001/eval_{season}/model.pt,fixed_nowcaster=data/experiments/nowcast-overnight-pair-support-20261005/mlp-pathogen-scheduled_final-6bf754ece815/s{seed}/attempt-001/eval_{season}/nowcast_correctors.pt,fixed_history_mode=point,reporting_probability=0.0,reporting_augmentation=vintage,reporting_missingness=0,ed_transform=logit,spatial=distance,epochs=300,patience=30,fit_partition=pathogen,covariate_encoder=summary,input_mode=scheduled_final,input_normalization=b0,evaluation_seasons=recent_two",44,states_dc,2024-2025,0.7586106414835615,0.9664610550178764,,,,,0.862535848250719,C1,Point nonlinear correction; log strength 1,fixed_corrected,mlp-pathogen-scheduled_final-73b02ebe83a5,0.9283706306530164,-7.091433122565405,0.8625358482507189,"2022-23,2023-24,2025-26",2025-26,"Saved C1 pathogen-specific MLP, distance sharing, no covariates; trained on unchanged final inputs/future labels; no retraining",Saved per-seed nonlinear trajectory nowcaster; full synthetic errors on permitted training trajectories; final recent-history labels; all synthetic supervised cells,Archived Wednesday values under B2 availability/lags and explicit final proxies; same history-bank inference and256future draws; correction affects only target histories,"Equal raw/full hypotheses coherent across all targets/locations/weeks per draw; sensitivity distribution, not calibrated posterior"
"weekend_family=fixed_corrected,fixed_forecaster=data/experiments/nowcast-overnight-joint-pilot-20261005/mlp-pathogen-scheduled_final-80b8b346616c/s{seed}/attempt-001/eval_{season}/model.pt,fixed_nowcaster=data/experiments/nowcast-overnight-pair-support-20261005/mlp-pathogen-scheduled_final-6bf754ece815/s{seed}/attempt-001/eval_{season}/nowcast_correctors.pt,fixed_history_mode=point,reporting_probability=0.0,reporting_augmentation=vintage,reporting_missingness=0,ed_transform=logit,spatial=distance,epochs=300,patience=30,fit_partition=pathogen,covariate_encoder=summary,input_mode=scheduled_final,input_normalization=b0,evaluation_seasons=recent_two",44,states_dc,2025-2026,0.8754803490595634,1.0746987301531346,0.9123562811778456,0.9455686489006508,1.1999893630642928,0.7862173064948204,0.9618717821378724,C1,Point nonlinear correction; log strength 1,fixed_corrected,mlp-pathogen-scheduled_final-73b02ebe83a5,0.944696087067598,1.8181185785990595,0.975089539606349,"2022-23,2023-24,2024-25",2024-25,"Saved C1 pathogen-specific MLP, distance sharing, no covariates; trained on unchanged final inputs/future labels; no retraining",Saved per-seed nonlinear trajectory nowcaster; full synthetic errors on permitted training trajectories; final recent-history labels; all synthetic supervised cells,Archived Wednesday values under B2 availability/lags and explicit final proxies; same history-bank inference and256future draws; correction affects only target histories,"Equal raw/full hypotheses coherent across all targets/locations/weeks per draw; sensitivity distribution, not calibrated posterior"
"weekend_family=fixed_corrected,fixed_forecaster=data/experiments/nowcast-overnight-joint-pilot-20261005/mlp-pathogen-scheduled_final-80b8b346616c/s{seed}/attempt-001/eval_{season}/model.pt,fixed_nowcaster=data/experiments/nowcast-overnight-pair-support-20261005/mlp-pathogen-scheduled_final-6bf754ece815/s{seed}/attempt-001/eval_{season}/nowcast_correctors.pt,fixed_history_mode=raw_full_mixture,reporting_probability=0.0,reporting_augmentation=vintage,reporting_missingness=0,ed_transform=logit,spatial=distance,epochs=300,patience=30,fit_partition=pathogen,covariate_encoder=summary,input_mode=scheduled_final,input_normalization=b0,evaluation_seasons=recent_two",42,US,2024-2025,0.5846949976878889,1.3016892283633634,,,,,0.9431921130256262,C1,Equal mixture of raw and full nonlinear-corrected histories; coherent global hypothesis per predictive draw,fixed_corrected,mlp-pathogen-scheduled_final-efb8ff91d30a,1.0539361655805062,-10.507662244789017,0.9431921130256262,"2022-23,2023-24,2025-26",2025-26,"Saved C1 pathogen-specific MLP, distance sharing, no covariates; trained on unchanged final inputs/future labels; no retraining",Saved per-seed nonlinear trajectory nowcaster; full synthetic errors on permitted training trajectories; final recent-history labels; all synthetic supervised cells,Archived Wednesday values under B2 availability/lags and explicit final proxies; same history-bank inference and256future draws; correction affects only target histories,"Equal raw/full hypotheses coherent across all targets/locations/weeks per draw; sensitivity distribution, not calibrated posterior"
"weekend_family=fixed_corrected,fixed_forecaster=data/experiments/nowcast-overnight-joint-pilot-20261005/mlp-pathogen-scheduled_final-80b8b346616c/s{seed}/attempt-001/eval_{season}/model.pt,fixed_nowcaster=data/experiments/nowcast-overnight-pair-support-20261005/mlp-pathogen-scheduled_final-6bf754ece815/s{seed}/attempt-001/eval_{season}/nowcast_correctors.pt,fixed_history_mode=raw_full_mixture,reporting_probability=0.0,reporting_augmentation=vintage,reporting_missingness=0,ed_transform=logit,spatial=distance,epochs=300,patience=30,fit_partition=pathogen,covariate_encoder=summary,input_mode=scheduled_final,input_normalization=b0,evaluation_seasons=recent_two",42,US,2025-2026,0.9449249920346052,0.6813974704251942,0.6267023529934559,0.9010049649128056,1.7836420413683485,0.7471337498509678,0.8819811541154035,C1,Equal mixture of raw and full nonlinear-corrected histories; coherent global hypothesis per predictive draw,fixed_corrected,mlp-pathogen-scheduled_final-efb8ff91d30a,0.9195678668418866,-4.087432160452598,0.8131612312298997,"2022-23,2023-24,2024-25",2024-25,"Saved C1 pathogen-specific MLP, distance sharing, no covariates; trained on unchanged final inputs/future labels; no retraining",Saved per-seed nonlinear trajectory nowcaster; full synthetic errors on permitted training trajectories; final recent-history labels; all synthetic supervised cells,Archived Wednesday values under B2 availability/lags and explicit final proxies; same history-bank inference and256future draws; correction affects only target histories,"Equal raw/full hypotheses coherent across all targets/locations/weeks per draw; sensitivity distribution, not calibrated posterior"
"weekend_family=fixed_corrected,fixed_forecaster=data/experiments/nowcast-overnight-joint-pilot-20261005/mlp-pathogen-scheduled_final-80b8b346616c/s{seed}/attempt-001/eval_{season}/model.pt,fixed_nowcaster=data/experiments/nowcast-overnight-pair-support-20261005/mlp-pathogen-scheduled_final-6bf754ece815/s{seed}/attempt-001/eval_{season}/nowcast_correctors.pt,fixed_history_mode=raw_full_mixture,reporting_probability=0.0,reporting_augmentation=vintage,reporting_missingness=0,ed_transform=logit,spatial=distance,epochs=300,patience=30,fit_partition=pathogen,covariate_encoder=summary,input_mode=scheduled_final,input_normalization=b0,evaluation_seasons=recent_two",42,all,2024-2025,0.7524315129876815,1.0185632307625971,,,,,0.8854973718751393,C1,Equal mixture of raw and full nonlinear-corrected histories; coherent global hypothesis per predictive draw,fixed_corrected,mlp-pathogen-scheduled_final-efb8ff91d30a,0.9332716260532744,-5.11900853347147,0.8854973718751393,"2022-23,2023-24,2025-26",2025-26,"Saved C1 pathogen-specific MLP, distance sharing, no covariates; trained on unchanged final inputs/future labels; no retraining",Saved per-seed nonlinear trajectory nowcaster; full synthetic errors on permitted training trajectories; final recent-history labels; all synthetic supervised cells,Archived Wednesday values under B2 availability/lags and explicit final proxies; same history-bank inference and256future draws; correction affects only target histories,"Equal raw/full hypotheses coherent across all targets/locations/weeks per draw; sensitivity distribution, not calibrated posterior"
"weekend_family=fixed_corrected,fixed_forecaster=data/experiments/nowcast-overnight-joint-pilot-20261005/mlp-pathogen-scheduled_final-80b8b346616c/s{seed}/attempt-001/eval_{season}/model.pt,fixed_nowcaster=data/experiments/nowcast-overnight-pair-support-20261005/mlp-pathogen-scheduled_final-6bf754ece815/s{seed}/attempt-001/eval_{season}/nowcast_correctors.pt,fixed_history_mode=raw_full_mixture,reporting_probability=0.0,reporting_augmentation=vintage,reporting_missingness=0,ed_transform=logit,spatial=distance,epochs=300,patience=30,fit_partition=pathogen,covariate_encoder=summary,input_mode=scheduled_final,input_normalization=b0,evaluation_seasons=recent_two",42,all,2025-2026,0.8964039590561617,0.9113303405458956,0.90484922014195,0.918792295058088,1.2261947659437238,0.7424208570840359,0.923619439730429,C1,Equal mixture of raw and full nonlinear-corrected histories; coherent global hypothesis per predictive draw,fixed_corrected,mlp-pathogen-scheduled_final-efb8ff91d30a,0.9403554480574092,-1.7797534285097782,0.9038671498010287,"2022-23,2023-24,2024-25",2024-25,"Saved C1 pathogen-specific MLP, distance sharing, no covariates; trained on unchanged final inputs/future labels; no retraining",Saved per-seed nonlinear trajectory nowcaster; full synthetic errors on permitted training trajectories; final recent-history labels; all synthetic supervised cells,Archived Wednesday values under B2 availability/lags and explicit final proxies; same history-bank inference and256future draws; correction affects only target histories,"Equal raw/full hypotheses coherent across all targets/locations/weeks per draw; sensitivity distribution, not calibrated posterior"
"weekend_family=fixed_corrected,fixed_forecaster=data/experiments/nowcast-overnight-joint-pilot-20261005/mlp-pathogen-scheduled_final-80b8b346616c/s{seed}/attempt-001/eval_{season}/model.pt,fixed_nowcaster=data/experiments/nowcast-overnight-pair-support-20261005/mlp-pathogen-scheduled_final-6bf754ece815/s{seed}/attempt-001/eval_{season}/nowcast_correctors.pt,fixed_history_mode=raw_full_mixture,reporting_probability=0.0,reporting_augmentation=vintage,reporting_missingness=0,ed_transform=logit,spatial=distance,epochs=300,patience=30,fit_partition=pathogen,covariate_encoder=summary,input_mode=scheduled_final,input_normalization=b0,evaluation_seasons=recent_two",42,states_dc,2024-2025,0.7943656418126298,0.9477817313624052,,,,,0.8710736865875175,C1,Equal mixture of raw and full nonlinear-corrected histories; coherent global hypothesis per predictive draw,fixed_corrected,mlp-pathogen-scheduled_final-efb8ff91d30a,0.9031054911714664,-3.546850827182857,0.8710736865875175,"2022-23,2023-24,2025-26",2025-26,"Saved C1 pathogen-specific MLP, distance sharing, no covariates; trained on unchanged final inputs/future labels; no retraining",Saved per-seed nonlinear trajectory nowcaster; full synthetic errors on permitted training trajectories; final recent-history labels; all synthetic supervised cells,Archived Wednesday values under B2 availability/lags and explicit final proxies; same history-bank inference and256future draws; correction affects only target histories,"Equal raw/full hypotheses coherent across all targets/locations/weeks per draw; sensitivity distribution, not calibrated posterior"
"weekend_family=fixed_corrected,fixed_forecaster=data/experiments/nowcast-overnight-joint-pilot-20261005/mlp-pathogen-scheduled_final-80b8b346616c/s{seed}/attempt-001/eval_{season}/model.pt,fixed_nowcaster=data/experiments/nowcast-overnight-pair-support-20261005/mlp-pathogen-scheduled_final-6bf754ece815/s{seed}/attempt-001/eval_{season}/nowcast_correctors.pt,fixed_history_mode=raw_full_mixture,reporting_probability=0.0,reporting_augmentation=vintage,reporting_missingness=0,ed_transform=logit,spatial=distance,epochs=300,patience=30,fit_partition=pathogen,covariate_encoder=summary,input_mode=scheduled_final,input_normalization=b0,evaluation_seasons=recent_two",42,states_dc,2025-2026,0.8842737008115508,0.9688135580760708,0.9743859369290736,0.9232391275944084,1.086832947087567,0.741242633892303,0.9340290111341856,C1,Equal mixture of raw and full nonlinear-corrected histories; coherent global hypothesis per predictive draw,fixed_corrected,mlp-pathogen-scheduled_final-efb8ff91d30a,0.9455523433612896,-1.2186879243660242,0.9265436294438107,"2022-23,2023-24,2024-25",2024-25,"Saved C1 pathogen-specific MLP, distance sharing, no covariates; trained on unchanged final inputs/future labels; no retraining",Saved per-seed nonlinear trajectory nowcaster; full synthetic errors on permitted training trajectories; final recent-history labels; all synthetic supervised cells,Archived Wednesday values under B2 availability/lags and explicit final proxies; same history-bank inference and256future draws; correction affects only target histories,"Equal raw/full hypotheses coherent across all targets/locations/weeks per draw; sensitivity distribution, not calibrated posterior"
"weekend_family=fixed_corrected,fixed_forecaster=data/experiments/nowcast-overnight-joint-pilot-20261005/mlp-pathogen-scheduled_final-80b8b346616c/s{seed}/attempt-001/eval_{season}/model.pt,fixed_nowcaster=data/experiments/nowcast-overnight-pair-support-20261005/mlp-pathogen-scheduled_final-6bf754ece815/s{seed}/attempt-001/eval_{season}/nowcast_correctors.pt,fixed_history_mode=raw_full_mixture,reporting_probability=0.0,reporting_augmentation=vintage,reporting_missingness=0,ed_transform=logit,spatial=distance,epochs=300,patience=30,fit_partition=pathogen,covariate_encoder=summary,input_mode=scheduled_final,input_normalization=b0,evaluation_seasons=recent_two",43,US,2024-2025,0.5739185665821526,1.1519205433774091,,,,,0.862919554979781,C1,Equal mixture of raw and full nonlinear-corrected histories; coherent global hypothesis per predictive draw,fixed_corrected,mlp-pathogen-scheduled_final-efb8ff91d30a,0.9849525908425284,-12.389737028699056,0.8629195549797808,"2022-23,2023-24,2025-26",2025-26,"Saved C1 pathogen-specific MLP, distance sharing, no covariates; trained on unchanged final inputs/future labels; no retraining",Saved per-seed nonlinear trajectory nowcaster; full synthetic errors on permitted training trajectories; final recent-history labels; all synthetic supervised cells,Archived Wednesday values under B2 availability/lags and explicit final proxies; same history-bank inference and256future draws; correction affects only target histories,"Equal raw/full hypotheses coherent across all targets/locations/weeks per draw; sensitivity distribution, not calibrated posterior"
"weekend_family=fixed_corrected,fixed_forecaster=data/experiments/nowcast-overnight-joint-pilot-20261005/mlp-pathogen-scheduled_final-80b8b346616c/s{seed}/attempt-001/eval_{season}/model.pt,fixed_nowcaster=data/experiments/nowcast-overnight-pair-support-20261005/mlp-pathogen-scheduled_final-6bf754ece815/s{seed}/attempt-001/eval_{season}/nowcast_correctors.pt,fixed_history_mode=raw_full_mixture,reporting_probability=0.0,reporting_augmentation=vintage,reporting_missingness=0,ed_transform=logit,spatial=distance,epochs=300,patience=30,fit_partition=pathogen,covariate_encoder=summary,input_mode=scheduled_final,input_normalization=b0,evaluation_seasons=recent_two",43,US,2025-2026,0.8975211315811469,0.7151332618590861,0.4408798957933298,0.8539227314410026,1.760203893795666,0.6123719148243856,0.8148407909475757,C1,Equal mixture of raw and full nonlinear-corrected histories; coherent global hypothesis per predictive draw,fixed_corrected,mlp-pathogen-scheduled_final-efb8ff91d30a,0.8245434758285453,-1.1767341765963057,0.8063271967201164,"2022-23,2023-24,2024-25",2024-25,"Saved C1 pathogen-specific MLP, distance sharing, no covariates; trained on unchanged final inputs/future labels; no retraining",Saved per-seed nonlinear trajectory nowcaster; full synthetic errors on permitted training trajectories; final recent-history labels; all synthetic supervised cells,Archived Wednesday values under B2 availability/lags and explicit final proxies; same history-bank inference and256future draws; correction affects only target histories,"Equal raw/full hypotheses coherent across all targets/locations/weeks per draw; sensitivity distribution, not calibrated posterior"
"weekend_family=fixed_corrected,fixed_forecaster=data/experiments/nowcast-overnight-joint-pilot-20261005/mlp-pathogen-scheduled_final-80b8b346616c/s{seed}/attempt-001/eval_{season}/model.pt,fixed_nowcaster=data/experiments/nowcast-overnight-pair-support-20261005/mlp-pathogen-scheduled_final-6bf754ece815/s{seed}/attempt-001/eval_{season}/nowcast_correctors.pt,fixed_history_mode=raw_full_mixture,reporting_probability=0.0,reporting_augmentation=vintage,reporting_missingness=0,ed_transform=logit,spatial=distance,epochs=300,patience=30,fit_partition=pathogen,covariate_encoder=summary,input_mode=scheduled_final,input_normalization=b0,evaluation_seasons=recent_two",43,all,2024-2025,0.6989679021132215,1.013888208802344,,,,,0.8564280554577828,C1,Equal mixture of raw and full nonlinear-corrected histories; coherent global hypothesis per predictive draw,fixed_corrected,mlp-pathogen-scheduled_final-efb8ff91d30a,0.9176432190373348,-6.670911124235257,0.8564280554577828,"2022-23,2023-24,2025-26",2025-26,"Saved C1 pathogen-specific MLP, distance sharing, no covariates; trained on unchanged final inputs/future labels; no retraining",Saved per-seed nonlinear trajectory nowcaster; full synthetic errors on permitted training trajectories; final recent-history labels; all synthetic supervised cells,Archived Wednesday values under B2 availability/lags and explicit final proxies; same history-bank inference and256future draws; correction affects only target histories,"Equal raw/full hypotheses coherent across all targets/locations/weeks per draw; sensitivity distribution, not calibrated posterior"
"weekend_family=fixed_corrected,fixed_forecaster=data/experiments/nowcast-overnight-joint-pilot-20261005/mlp-pathogen-scheduled_final-80b8b346616c/s{seed}/attempt-001/eval_{season}/model.pt,fixed_nowcaster=data/experiments/nowcast-overnight-pair-support-20261005/mlp-pathogen-scheduled_final-6bf754ece815/s{seed}/attempt-001/eval_{season}/nowcast_correctors.pt,fixed_history_mode=raw_full_mixture,reporting_probability=0.0,reporting_augmentation=vintage,reporting_missingness=0,ed_transform=logit,spatial=distance,epochs=300,patience=30,fit_partition=pathogen,covariate_encoder=summary,input_mode=scheduled_final,input_normalization=b0,evaluation_seasons=recent_two",43,all,2025-2026,0.9017989168858924,0.959704088114832,0.8206244499177746,0.9038732814791528,1.2895149319678694,0.7347347463443827,0.9213753188476004,C1,Equal mixture of raw and full nonlinear-corrected histories; coherent global hypothesis per predictive draw,fixed_corrected,mlp-pathogen-scheduled_final-efb8ff91d30a,0.924768743891806,-0.3669485010841411,0.9307515025003622,"2022-23,2023-24,2024-25",2024-25,"Saved C1 pathogen-specific MLP, distance sharing, no covariates; trained on unchanged final inputs/future labels; no retraining",Saved per-seed nonlinear trajectory nowcaster; full synthetic errors on permitted training trajectories; final recent-history labels; all synthetic supervised cells,Archived Wednesday values under B2 availability/lags and explicit final proxies; same history-bank inference and256future draws; correction affects only target histories,"Equal raw/full hypotheses coherent across all targets/locations/weeks per draw; sensitivity distribution, not calibrated posterior"
"weekend_family=fixed_corrected,fixed_forecaster=data/experiments/nowcast-overnight-joint-pilot-20261005/mlp-pathogen-scheduled_final-80b8b346616c/s{seed}/attempt-001/eval_{season}/model.pt,fixed_nowcaster=data/experiments/nowcast-overnight-pair-support-20261005/mlp-pathogen-scheduled_final-6bf754ece815/s{seed}/attempt-001/eval_{season}/nowcast_correctors.pt,fixed_history_mode=raw_full_mixture,reporting_probability=0.0,reporting_augmentation=vintage,reporting_missingness=0,ed_transform=logit,spatial=distance,epochs=300,patience=30,fit_partition=pathogen,covariate_encoder=summary,input_mode=scheduled_final,input_normalization=b0,evaluation_seasons=recent_two",43,states_dc,2024-2025,0.7302302359959886,0.9793801251585774,,,,,0.8548051805772829,C1,Equal mixture of raw and full nonlinear-corrected histories; coherent global hypothesis per predictive draw,fixed_corrected,mlp-pathogen-scheduled_final-efb8ff91d30a,0.9008158760860364,-5.1076692507536325,0.8548051805772829,"2022-23,2023-24,2025-26",2025-26,"Saved C1 pathogen-specific MLP, distance sharing, no covariates; trained on unchanged final inputs/future labels; no retraining",Saved per-seed nonlinear trajectory nowcaster; full synthetic errors on permitted training trajectories; final recent-history labels; all synthetic supervised cells,Archived Wednesday values under B2 availability/lags and explicit final proxies; same history-bank inference and256future draws; correction affects only target histories,"Equal raw/full hypotheses coherent across all targets/locations/weeks per draw; sensitivity distribution, not calibrated posterior"
"weekend_family=fixed_corrected,fixed_forecaster=data/experiments/nowcast-overnight-joint-pilot-20261005/mlp-pathogen-scheduled_final-80b8b346616c/s{seed}/attempt-001/eval_{season}/model.pt,fixed_nowcaster=data/experiments/nowcast-overnight-pair-support-20261005/mlp-pathogen-scheduled_final-6bf754ece815/s{seed}/attempt-001/eval_{season}/nowcast_correctors.pt,fixed_history_mode=raw_full_mixture,reporting_probability=0.0,reporting_augmentation=vintage,reporting_missingness=0,ed_transform=logit,spatial=distance,epochs=300,patience=30,fit_partition=pathogen,covariate_encoder=summary,input_mode=scheduled_final,input_normalization=b0,evaluation_seasons=recent_two",43,states_dc,2025-2026,0.9028683632120788,1.0208467946787685,0.9155605884488855,0.91636091898869,1.17184269151092,0.7653254542243821,0.9480089508226064,C1,Equal mixture of raw and full nonlinear-corrected histories; coherent global hypothesis per predictive draw,fixed_corrected,mlp-pathogen-scheduled_final-efb8ff91d30a,0.9498250609076212,-0.19120469229138015,0.9618575789454236,"2022-23,2023-24,2024-25",2024-25,"Saved C1 pathogen-specific MLP, distance sharing, no covariates; trained on unchanged final inputs/future labels; no retraining",Saved per-seed nonlinear trajectory nowcaster; full synthetic errors on permitted training trajectories; final recent-history labels; all synthetic supervised cells,Archived Wednesday values under B2 availability/lags and explicit final proxies; same history-bank inference and256future draws; correction affects only target histories,"Equal raw/full hypotheses coherent across all targets/locations/weeks per draw; sensitivity distribution, not calibrated posterior"
"weekend_family=fixed_corrected,fixed_forecaster=data/experiments/nowcast-overnight-joint-pilot-20261005/mlp-pathogen-scheduled_final-80b8b346616c/s{seed}/attempt-001/eval_{season}/model.pt,fixed_nowcaster=data/experiments/nowcast-overnight-pair-support-20261005/mlp-pathogen-scheduled_final-6bf754ece815/s{seed}/attempt-001/eval_{season}/nowcast_correctors.pt,fixed_history_mode=raw_full_mixture,reporting_probability=0.0,reporting_augmentation=vintage,reporting_missingness=0,ed_transform=logit,spatial=distance,epochs=300,patience=30,fit_partition=pathogen,covariate_encoder=summary,input_mode=scheduled_final,input_normalization=b0,evaluation_seasons=recent_two",44,US,2024-2025,0.6763323014054808,1.533149824853627,,,,,1.104741063129554,C1,Equal mixture of raw and full nonlinear-corrected histories; coherent global hypothesis per predictive draw,fixed_corrected,mlp-pathogen-scheduled_final-efb8ff91d30a,1.25910504131327,-12.259817339998225,1.104741063129554,"2022-23,2023-24,2025-26",2025-26,"Saved C1 pathogen-specific MLP, distance sharing, no covariates; trained on unchanged final inputs/future labels; no retraining",Saved per-seed nonlinear trajectory nowcaster; full synthetic errors on permitted training trajectories; final recent-history labels; all synthetic supervised cells,Archived Wednesday values under B2 availability/lags and explicit final proxies; same history-bank inference and256future draws; correction affects only target histories,"Equal raw/full hypotheses coherent across all targets/locations/weeks per draw; sensitivity distribution, not calibrated posterior"
"weekend_family=fixed_corrected,fixed_forecaster=data/experiments/nowcast-overnight-joint-pilot-20261005/mlp-pathogen-scheduled_final-80b8b346616c/s{seed}/attempt-001/eval_{season}/model.pt,fixed_nowcaster=data/experiments/nowcast-overnight-pair-support-20261005/mlp-pathogen-scheduled_final-6bf754ece815/s{seed}/attempt-001/eval_{season}/nowcast_correctors.pt,fixed_history_mode=raw_full_mixture,reporting_probability=0.0,reporting_augmentation=vintage,reporting_missingness=0,ed_transform=logit,spatial=distance,epochs=300,patience=30,fit_partition=pathogen,covariate_encoder=summary,input_mode=scheduled_final,input_normalization=b0,evaluation_seasons=recent_two",44,US,2025-2026,0.8889310434429538,0.7626222391650183,0.5628950383822017,0.9972994402476252,1.4527918214330802,0.816130802154712,0.8550131895350849,C1,Equal mixture of raw and full nonlinear-corrected histories; coherent global hypothesis per predictive draw,fixed_corrected,mlp-pathogen-scheduled_final-efb8ff91d30a,0.8880120713963813,-3.7160397841671577,0.825776641303986,"2022-23,2023-24,2024-25",2024-25,"Saved C1 pathogen-specific MLP, distance sharing, no covariates; trained on unchanged final inputs/future labels; no retraining",Saved per-seed nonlinear trajectory nowcaster; full synthetic errors on permitted training trajectories; final recent-history labels; all synthetic supervised cells,Archived Wednesday values under B2 availability/lags and explicit final proxies; same history-bank inference and256future draws; correction affects only target histories,"Equal raw/full hypotheses coherent across all targets/locations/weeks per draw; sensitivity distribution, not calibrated posterior"
"weekend_family=fixed_corrected,fixed_forecaster=data/experiments/nowcast-overnight-joint-pilot-20261005/mlp-pathogen-scheduled_final-80b8b346616c/s{seed}/attempt-001/eval_{season}/model.pt,fixed_nowcaster=data/experiments/nowcast-overnight-pair-support-20261005/mlp-pathogen-scheduled_final-6bf754ece815/s{seed}/attempt-001/eval_{season}/nowcast_correctors.pt,fixed_history_mode=raw_full_mixture,reporting_probability=0.0,reporting_augmentation=vintage,reporting_missingness=0,ed_transform=logit,spatial=distance,epochs=300,patience=30,fit_partition=pathogen,covariate_encoder=summary,input_mode=scheduled_final,input_normalization=b0,evaluation_seasons=recent_two",44,all,2024-2025,0.753765298212439,1.1027654159442144,,,,,0.9282653570783268,C1,Equal mixture of raw and full nonlinear-corrected histories; coherent global hypothesis per predictive draw,fixed_corrected,mlp-pathogen-scheduled_final-efb8ff91d30a,0.9945175127850672,-6.66173846664665,0.9282653570783267,"2022-23,2023-24,2025-26",2025-26,"Saved C1 pathogen-specific MLP, distance sharing, no covariates; trained on unchanged final inputs/future labels; no retraining",Saved per-seed nonlinear trajectory nowcaster; full synthetic errors on permitted training trajectories; final recent-history labels; all synthetic supervised cells,Archived Wednesday values under B2 availability/lags and explicit final proxies; same history-bank inference and256future draws; correction affects only target histories,"Equal raw/full hypotheses coherent across all targets/locations/weeks per draw; sensitivity distribution, not calibrated posterior"
"weekend_family=fixed_corrected,fixed_forecaster=data/experiments/nowcast-overnight-joint-pilot-20261005/mlp-pathogen-scheduled_final-80b8b346616c/s{seed}/attempt-001/eval_{season}/model.pt,fixed_nowcaster=data/experiments/nowcast-overnight-pair-support-20261005/mlp-pathogen-scheduled_final-6bf754ece815/s{seed}/attempt-001/eval_{season}/nowcast_correctors.pt,fixed_history_mode=raw_full_mixture,reporting_probability=0.0,reporting_augmentation=vintage,reporting_missingness=0,ed_transform=logit,spatial=distance,epochs=300,patience=30,fit_partition=pathogen,covariate_encoder=summary,input_mode=scheduled_final,input_normalization=b0,evaluation_seasons=recent_two",44,all,2025-2026,0.8714351455526416,0.9708991033502798,0.8494825465251317,0.9540112097781978,1.220318610895575,0.7886893769462038,0.9274058653862316,C1,Equal mixture of raw and full nonlinear-corrected histories; coherent global hypothesis per predictive draw,fixed_corrected,mlp-pathogen-scheduled_final-efb8ff91d30a,0.9333592839333548,-0.637848538028607,0.9211671244514608,"2022-23,2023-24,2024-25",2024-25,"Saved C1 pathogen-specific MLP, distance sharing, no covariates; trained on unchanged final inputs/future labels; no retraining",Saved per-seed nonlinear trajectory nowcaster; full synthetic errors on permitted training trajectories; final recent-history labels; all synthetic supervised cells,Archived Wednesday values under B2 availability/lags and explicit final proxies; same history-bank inference and256future draws; correction affects only target histories,"Equal raw/full hypotheses coherent across all targets/locations/weeks per draw; sensitivity distribution, not calibrated posterior"
"weekend_family=fixed_corrected,fixed_forecaster=data/experiments/nowcast-overnight-joint-pilot-20261005/mlp-pathogen-scheduled_final-80b8b346616c/s{seed}/attempt-001/eval_{season}/model.pt,fixed_nowcaster=data/experiments/nowcast-overnight-pair-support-20261005/mlp-pathogen-scheduled_final-6bf754ece815/s{seed}/attempt-001/eval_{season}/nowcast_correctors.pt,fixed_history_mode=raw_full_mixture,reporting_probability=0.0,reporting_augmentation=vintage,reporting_missingness=0,ed_transform=logit,spatial=distance,epochs=300,patience=30,fit_partition=pathogen,covariate_encoder=summary,input_mode=scheduled_final,input_normalization=b0,evaluation_seasons=recent_two",44,states_dc,2024-2025,0.7731235474141784,0.995169313716861,,,,,0.8841464305655198,C1,Equal mixture of raw and full nonlinear-corrected histories; coherent global hypothesis per predictive draw,fixed_corrected,mlp-pathogen-scheduled_final-efb8ff91d30a,0.9283706306530164,-4.763636270612015,0.8841464305655198,"2022-23,2023-24,2025-26",2025-26,"Saved C1 pathogen-specific MLP, distance sharing, no covariates; trained on unchanged final inputs/future labels; no retraining",Saved per-seed nonlinear trajectory nowcaster; full synthetic errors on permitted training trajectories; final recent-history labels; all synthetic supervised cells,Archived Wednesday values under B2 availability/lags and explicit final proxies; same history-bank inference and256future draws; correction affects only target histories,"Equal raw/full hypotheses coherent across all targets/locations/weeks per draw; sensitivity distribution, not calibrated posterior"
"weekend_family=fixed_corrected,fixed_forecaster=data/experiments/nowcast-overnight-joint-pilot-20261005/mlp-pathogen-scheduled_final-80b8b346616c/s{seed}/attempt-001/eval_{season}/model.pt,fixed_nowcaster=data/experiments/nowcast-overnight-pair-support-20261005/mlp-pathogen-scheduled_final-6bf754ece815/s{seed}/attempt-001/eval_{season}/nowcast_correctors.pt,fixed_history_mode=raw_full_mixture,reporting_probability=0.0,reporting_augmentation=vintage,reporting_missingness=0,ed_transform=logit,spatial=distance,epochs=300,patience=30,fit_partition=pathogen,covariate_encoder=summary,input_mode=scheduled_final,input_normalization=b0,evaluation_seasons=recent_two",44,states_dc,2025-2026,0.8670611710800634,1.0229683193965953,0.921129423560864,0.9431891521608408,1.1622003082611987,0.7818290206440768,0.945504034349018,C1,Equal mixture of raw and full nonlinear-corrected histories; coherent global hypothesis per predictive draw,fixed_corrected,mlp-pathogen-scheduled_final-efb8ff91d30a,0.944696087067598,0.08552457160353466,0.9450147452383293,"2022-23,2023-24,2024-25",2024-25,"Saved C1 pathogen-specific MLP, distance sharing, no covariates; trained on unchanged final inputs/future labels; no retraining",Saved per-seed nonlinear trajectory nowcaster; full synthetic errors on permitted training trajectories; final recent-history labels; all synthetic supervised cells,Archived Wednesday values under B2 availability/lags and explicit final proxies; same history-bank inference and256future draws; correction affects only target histories,"Equal raw/full hypotheses coherent across all targets/locations/weeks per draw; sensitivity distribution, not calibrated posterior"
"weekend_family=fixed_corrected,fixed_forecaster=data/experiments/nowcast-overnight-joint-pilot-20261005/mlp-pathogen-scheduled_final-80b8b346616c/s{seed}/attempt-001/eval_{season}/model.pt,fixed_nowcaster=raw,fixed_history_mode=point,reporting_probability=0.0,reporting_augmentation=vintage,reporting_missingness=0,ed_transform=logit,spatial=distance,epochs=300,patience=30,fit_partition=pathogen,covariate_encoder=summary,input_mode=scheduled_final,input_normalization=b0,evaluation_seasons=recent_two",42,US,2024-2025,0.619413960113444,1.4884583710475685,,,,,1.0539361655805062,C1,Raw archived input histories; identical history-bank CPU control,fixed_corrected,mlp-pathogen-scheduled_final-40eb78af29b5,1.0539361655805062,0.0,1.0539361655805062,"2022-23,2023-24,2025-26",2025-26,"Saved C1 pathogen-specific MLP, distance sharing, no covariates; trained on unchanged final inputs/future labels; no retraining",Saved per-seed nonlinear trajectory nowcaster; full synthetic errors on permitted training trajectories; final recent-history labels; all synthetic supervised cells,Archived Wednesday values under B2 availability/lags and explicit final proxies; same history-bank inference and256future draws; correction affects only target histories,"Equal raw/full hypotheses coherent across all targets/locations/weeks per draw; sensitivity distribution, not calibrated posterior"
"weekend_family=fixed_corrected,fixed_forecaster=data/experiments/nowcast-overnight-joint-pilot-20261005/mlp-pathogen-scheduled_final-80b8b346616c/s{seed}/attempt-001/eval_{season}/model.pt,fixed_nowcaster=raw,fixed_history_mode=point,reporting_probability=0.0,reporting_augmentation=vintage,reporting_missingness=0,ed_transform=logit,spatial=distance,epochs=300,patience=30,fit_partition=pathogen,covariate_encoder=summary,input_mode=scheduled_final,input_normalization=b0,evaluation_seasons=recent_two",42,US,2025-2026,0.9310485864549384,0.7465182630932538,0.746880835201962,0.9071712858538116,1.7708171044100756,0.749227041812784,0.9195678668418866,C1,Raw archived input histories; identical history-bank CPU control,fixed_corrected,mlp-pathogen-scheduled_final-40eb78af29b5,0.9195678668418866,0.0,0.8387834247740961,"2022-23,2023-24,2024-25",2024-25,"Saved C1 pathogen-specific MLP, distance sharing, no covariates; trained on unchanged final inputs/future labels; no retraining",Saved per-seed nonlinear trajectory nowcaster; full synthetic errors on permitted training trajectories; final recent-history labels; all synthetic supervised cells,Archived Wednesday values under B2 availability/lags and explicit final proxies; same history-bank inference and256future draws; correction affects only target histories,"Equal raw/full hypotheses coherent across all targets/locations/weeks per draw; sensitivity distribution, not calibrated posterior"
"weekend_family=fixed_corrected,fixed_forecaster=data/experiments/nowcast-overnight-joint-pilot-20261005/mlp-pathogen-scheduled_final-80b8b346616c/s{seed}/attempt-001/eval_{season}/model.pt,fixed_nowcaster=raw,fixed_history_mode=point,reporting_probability=0.0,reporting_augmentation=vintage,reporting_missingness=0,ed_transform=logit,spatial=distance,epochs=300,patience=30,fit_partition=pathogen,covariate_encoder=summary,input_mode=scheduled_final,input_normalization=b0,evaluation_seasons=recent_two",42,all,2024-2025,0.7708034473178141,1.0957398047887348,,,,,0.9332716260532744,C1,Raw archived input histories; identical history-bank CPU control,fixed_corrected,mlp-pathogen-scheduled_final-40eb78af29b5,0.9332716260532744,0.0,0.9332716260532745,"2022-23,2023-24,2025-26",2025-26,"Saved C1 pathogen-specific MLP, distance sharing, no covariates; trained on unchanged final inputs/future labels; no retraining",Saved per-seed nonlinear trajectory nowcaster; full synthetic errors on permitted training trajectories; final recent-history labels; all synthetic supervised cells,Archived Wednesday values under B2 availability/lags and explicit final proxies; same history-bank inference and256future draws; correction affects only target histories,"Equal raw/full hypotheses coherent across all targets/locations/weeks per draw; sensitivity distribution, not calibrated posterior"
"weekend_family=fixed_corrected,fixed_forecaster=data/experiments/nowcast-overnight-joint-pilot-20261005/mlp-pathogen-scheduled_final-80b8b346616c/s{seed}/attempt-001/eval_{season}/model.pt,fixed_nowcaster=raw,fixed_history_mode=point,reporting_probability=0.0,reporting_augmentation=vintage,reporting_missingness=0,ed_transform=logit,spatial=distance,epochs=300,patience=30,fit_partition=pathogen,covariate_encoder=summary,input_mode=scheduled_final,input_normalization=b0,evaluation_seasons=recent_two",42,all,2025-2026,0.9054514898972688,0.9345203002355622,0.9523559701537264,0.9232682960677336,1.2115295806895798,0.7437456351862549,0.9403554480574092,C1,Raw archived input histories; identical history-bank CPU control,fixed_corrected,mlp-pathogen-scheduled_final-40eb78af29b5,0.9403554480574092,0.0,0.9199858950664155,"2022-23,2023-24,2024-25",2024-25,"Saved C1 pathogen-specific MLP, distance sharing, no covariates; trained on unchanged final inputs/future labels; no retraining",Saved per-seed nonlinear trajectory nowcaster; full synthetic errors on permitted training trajectories; final recent-history labels; all synthetic supervised cells,Archived Wednesday values under B2 availability/lags and explicit final proxies; same history-bank inference and256future draws; correction affects only target histories,"Equal raw/full hypotheses coherent across all targets/locations/weeks per draw; sensitivity distribution, not calibrated posterior"
"weekend_family=fixed_corrected,fixed_forecaster=data/experiments/nowcast-overnight-joint-pilot-20261005/mlp-pathogen-scheduled_final-80b8b346616c/s{seed}/attempt-001/eval_{season}/model.pt,fixed_nowcaster=raw,fixed_history_mode=point,reporting_probability=0.0,reporting_augmentation=vintage,reporting_missingness=0,ed_transform=logit,spatial=distance,epochs=300,patience=30,fit_partition=pathogen,covariate_encoder=summary,input_mode=scheduled_final,input_normalization=b0,evaluation_seasons=recent_two",42,states_dc,2024-2025,0.8086508191189066,0.9975601632240264,,,,,0.9031054911714664,C1,Raw archived input histories; identical history-bank CPU control,fixed_corrected,mlp-pathogen-scheduled_final-40eb78af29b5,0.9031054911714664,0.0,0.9031054911714664,"2022-23,2023-24,2025-26",2025-26,"Saved C1 pathogen-specific MLP, distance sharing, no covariates; trained on unchanged final inputs/future labels; no retraining",Saved per-seed nonlinear trajectory nowcaster; full synthetic errors on permitted training trajectories; final recent-history labels; all synthetic supervised cells,Archived Wednesday values under B2 availability/lags and explicit final proxies; same history-bank inference and256future draws; correction affects only target histories,"Equal raw/full hypotheses coherent across all targets/locations/weeks per draw; sensitivity distribution, not calibrated posterior"
"weekend_family=fixed_corrected,fixed_forecaster=data/experiments/nowcast-overnight-joint-pilot-20261005/mlp-pathogen-scheduled_final-80b8b346616c/s{seed}/attempt-001/eval_{season}/model.pt,fixed_nowcaster=raw,fixed_history_mode=point,reporting_probability=0.0,reporting_augmentation=vintage,reporting_missingness=0,ed_transform=logit,spatial=distance,epochs=300,patience=30,fit_partition=pathogen,covariate_encoder=summary,input_mode=scheduled_final,input_normalization=b0,evaluation_seasons=recent_two",42,states_dc,2025-2026,0.8990522157578512,0.9815208095211394,1.0037247538916674,0.9272925486212138,1.0717076997594557,0.7423752835296226,0.9455523433612896,C1,Raw archived input histories; identical history-bank CPU control,fixed_corrected,mlp-pathogen-scheduled_final-40eb78af29b5,0.9455523433612896,0.0,0.9402865126394953,"2022-23,2023-24,2024-25",2024-25,"Saved C1 pathogen-specific MLP, distance sharing, no covariates; trained on unchanged final inputs/future labels; no retraining",Saved per-seed nonlinear trajectory nowcaster; full synthetic errors on permitted training trajectories; final recent-history labels; all synthetic supervised cells,Archived Wednesday values under B2 availability/lags and explicit final proxies; same history-bank inference and256future draws; correction affects only target histories,"Equal raw/full hypotheses coherent across all targets/locations/weeks per draw; sensitivity distribution, not calibrated posterior"
"weekend_family=fixed_corrected,fixed_forecaster=data/experiments/nowcast-overnight-joint-pilot-20261005/mlp-pathogen-scheduled_final-80b8b346616c/s{seed}/attempt-001/eval_{season}/model.pt,fixed_nowcaster=raw,fixed_history_mode=point,reporting_probability=0.0,reporting_augmentation=vintage,reporting_missingness=0,ed_transform=logit,spatial=distance,epochs=300,patience=30,fit_partition=pathogen,covariate_encoder=summary,input_mode=scheduled_final,input_normalization=b0,evaluation_seasons=recent_two",43,US,2024-2025,0.6108321559529024,1.3590730257321546,,,,,0.9849525908425284,C1,Raw archived input histories; identical history-bank CPU control,fixed_corrected,mlp-pathogen-scheduled_final-40eb78af29b5,0.9849525908425284,0.0,0.9849525908425285,"2022-23,2023-24,2025-26",2025-26,"Saved C1 pathogen-specific MLP, distance sharing, no covariates; trained on unchanged final inputs/future labels; no retraining",Saved per-seed nonlinear trajectory nowcaster; full synthetic errors on permitted training trajectories; final recent-history labels; all synthetic supervised cells,Archived Wednesday values under B2 availability/lags and explicit final proxies; same history-bank inference and256future draws; correction affects only target histories,"Equal raw/full hypotheses coherent across all targets/locations/weeks per draw; sensitivity distribution, not calibrated posterior"
"weekend_family=fixed_corrected,fixed_forecaster=data/experiments/nowcast-overnight-joint-pilot-20261005/mlp-pathogen-scheduled_final-80b8b346616c/s{seed}/attempt-001/eval_{season}/model.pt,fixed_nowcaster=raw,fixed_history_mode=point,reporting_probability=0.0,reporting_augmentation=vintage,reporting_missingness=0,ed_transform=logit,spatial=distance,epochs=300,patience=30,fit_partition=pathogen,covariate_encoder=summary,input_mode=scheduled_final,input_normalization=b0,evaluation_seasons=recent_two",43,US,2025-2026,0.8873316374000854,0.7507312161518397,0.4530384961971138,0.8626135176415717,1.7674997158064611,0.6085753495107967,0.8245434758285453,C1,Raw archived input histories; identical history-bank CPU control,fixed_corrected,mlp-pathogen-scheduled_final-40eb78af29b5,0.8245434758285453,0.0,0.8190314267759625,"2022-23,2023-24,2024-25",2024-25,"Saved C1 pathogen-specific MLP, distance sharing, no covariates; trained on unchanged final inputs/future labels; no retraining",Saved per-seed nonlinear trajectory nowcaster; full synthetic errors on permitted training trajectories; final recent-history labels; all synthetic supervised cells,Archived Wednesday values under B2 availability/lags and explicit final proxies; same history-bank inference and256future draws; correction affects only target histories,"Equal raw/full hypotheses coherent across all targets/locations/weeks per draw; sensitivity distribution, not calibrated posterior"
"weekend_family=fixed_corrected,fixed_forecaster=data/experiments/nowcast-overnight-joint-pilot-20261005/mlp-pathogen-scheduled_final-80b8b346616c/s{seed}/attempt-001/eval_{season}/model.pt,fixed_nowcaster=raw,fixed_history_mode=point,reporting_probability=0.0,reporting_augmentation=vintage,reporting_missingness=0,ed_transform=logit,spatial=distance,epochs=300,patience=30,fit_partition=pathogen,covariate_encoder=summary,input_mode=scheduled_final,input_normalization=b0,evaluation_seasons=recent_two",43,all,2024-2025,0.7190279030970246,1.116258534977645,,,,,0.9176432190373348,C1,Raw archived input histories; identical history-bank CPU control,fixed_corrected,mlp-pathogen-scheduled_final-40eb78af29b5,0.9176432190373348,0.0,0.9176432190373348,"2022-23,2023-24,2025-26",2025-26,"Saved C1 pathogen-specific MLP, distance sharing, no covariates; trained on unchanged final inputs/future labels; no retraining",Saved per-seed nonlinear trajectory nowcaster; full synthetic errors on permitted training trajectories; final recent-history labels; all synthetic supervised cells,Archived Wednesday values under B2 availability/lags and explicit final proxies; same history-bank inference and256future draws; correction affects only target histories,"Equal raw/full hypotheses coherent across all targets/locations/weeks per draw; sensitivity distribution, not calibrated posterior"
"weekend_family=fixed_corrected,fixed_forecaster=data/experiments/nowcast-overnight-joint-pilot-20261005/mlp-pathogen-scheduled_final-80b8b346616c/s{seed}/attempt-001/eval_{season}/model.pt,fixed_nowcaster=raw,fixed_history_mode=point,reporting_probability=0.0,reporting_augmentation=vintage,reporting_missingness=0,ed_transform=logit,spatial=distance,epochs=300,patience=30,fit_partition=pathogen,covariate_encoder=summary,input_mode=scheduled_final,input_normalization=b0,evaluation_seasons=recent_two",43,all,2025-2026,0.9027318222122912,0.971761439316311,0.8252807422792522,0.9088890315105874,1.2820815296843109,0.7324001262156462,0.924768743891806,C1,Raw archived input histories; identical history-bank CPU control,fixed_corrected,mlp-pathogen-scheduled_final-40eb78af29b5,0.924768743891806,0.0,0.937246630764301,"2022-23,2023-24,2024-25",2024-25,"Saved C1 pathogen-specific MLP, distance sharing, no covariates; trained on unchanged final inputs/future labels; no retraining",Saved per-seed nonlinear trajectory nowcaster; full synthetic errors on permitted training trajectories; final recent-history labels; all synthetic supervised cells,Archived Wednesday values under B2 availability/lags and explicit final proxies; same history-bank inference and256future draws; correction affects only target histories,"Equal raw/full hypotheses coherent across all targets/locations/weeks per draw; sensitivity distribution, not calibrated posterior"
"weekend_family=fixed_corrected,fixed_forecaster=data/experiments/nowcast-overnight-joint-pilot-20261005/mlp-pathogen-scheduled_final-80b8b346616c/s{seed}/attempt-001/eval_{season}/model.pt,fixed_nowcaster=raw,fixed_history_mode=point,reporting_probability=0.0,reporting_augmentation=vintage,reporting_missingness=0,ed_transform=logit,spatial=distance,epochs=300,patience=30,fit_partition=pathogen,covariate_encoder=summary,input_mode=scheduled_final,input_normalization=b0,evaluation_seasons=recent_two",43,states_dc,2024-2025,0.746076839883055,1.0555549122890175,,,,,0.9008158760860364,C1,Raw archived input histories; identical history-bank CPU control,fixed_corrected,mlp-pathogen-scheduled_final-40eb78af29b5,0.9008158760860364,0.0,0.9008158760860363,"2022-23,2023-24,2025-26",2025-26,"Saved C1 pathogen-specific MLP, distance sharing, no covariates; trained on unchanged final inputs/future labels; no retraining",Saved per-seed nonlinear trajectory nowcaster; full synthetic errors on permitted training trajectories; final recent-history labels; all synthetic supervised cells,Archived Wednesday values under B2 availability/lags and explicit final proxies; same history-bank inference and256future draws; correction affects only target histories,"Equal raw/full hypotheses coherent across all targets/locations/weeks per draw; sensitivity distribution, not calibrated posterior"
"weekend_family=fixed_corrected,fixed_forecaster=data/experiments/nowcast-overnight-joint-pilot-20261005/mlp-pathogen-scheduled_final-80b8b346616c/s{seed}/attempt-001/eval_{season}/model.pt,fixed_nowcaster=raw,fixed_history_mode=point,reporting_probability=0.0,reporting_augmentation=vintage,reporting_missingness=0,ed_transform=logit,spatial=distance,epochs=300,patience=30,fit_partition=pathogen,covariate_encoder=summary,input_mode=scheduled_final,input_normalization=b0,evaluation_seasons=recent_two",43,states_dc,2025-2026,0.9065818684153426,1.027018995107429,0.9183413037997868,0.9204579099778412,1.1607269831537732,0.7633563203918586,0.9498250609076212,C1,Raw archived input histories; identical history-bank CPU control,fixed_corrected,mlp-pathogen-scheduled_final-40eb78af29b5,0.9498250609076212,0.0,0.9668004317613857,"2022-23,2023-24,2024-25",2024-25,"Saved C1 pathogen-specific MLP, distance sharing, no covariates; trained on unchanged final inputs/future labels; no retraining",Saved per-seed nonlinear trajectory nowcaster; full synthetic errors on permitted training trajectories; final recent-history labels; all synthetic supervised cells,Archived Wednesday values under B2 availability/lags and explicit final proxies; same history-bank inference and256future draws; correction affects only target histories,"Equal raw/full hypotheses coherent across all targets/locations/weeks per draw; sensitivity distribution, not calibrated posterior"
"weekend_family=fixed_corrected,fixed_forecaster=data/experiments/nowcast-overnight-joint-pilot-20261005/mlp-pathogen-scheduled_final-80b8b346616c/s{seed}/attempt-001/eval_{season}/model.pt,fixed_nowcaster=raw,fixed_history_mode=point,reporting_probability=0.0,reporting_augmentation=vintage,reporting_missingness=0,ed_transform=logit,spatial=distance,epochs=300,patience=30,fit_partition=pathogen,covariate_encoder=summary,input_mode=scheduled_final,input_normalization=b0,evaluation_seasons=recent_two",44,US,2024-2025,0.7401671903667323,1.7780428922598075,,,,,1.25910504131327,C1,Raw archived input histories; identical history-bank CPU control,fixed_corrected,mlp-pathogen-scheduled_final-40eb78af29b5,1.25910504131327,0.0,1.2591050413132698,"2022-23,2023-24,2025-26",2025-26,"Saved C1 pathogen-specific MLP, distance sharing, no covariates; trained on unchanged final inputs/future labels; no retraining",Saved per-seed nonlinear trajectory nowcaster; full synthetic errors on permitted training trajectories; final recent-history labels; all synthetic supervised cells,Archived Wednesday values under B2 availability/lags and explicit final proxies; same history-bank inference and256future draws; correction affects only target histories,"Equal raw/full hypotheses coherent across all targets/locations/weeks per draw; sensitivity distribution, not calibrated posterior"
"weekend_family=fixed_corrected,fixed_forecaster=data/experiments/nowcast-overnight-joint-pilot-20261005/mlp-pathogen-scheduled_final-80b8b346616c/s{seed}/attempt-001/eval_{season}/model.pt,fixed_nowcaster=raw,fixed_history_mode=point,reporting_probability=0.0,reporting_augmentation=vintage,reporting_missingness=0,ed_transform=logit,spatial=distance,epochs=300,patience=30,fit_partition=pathogen,covariate_encoder=summary,input_mode=scheduled_final,input_normalization=b0,evaluation_seasons=recent_two",44,US,2025-2026,0.8772342249762736,0.8073904985416445,0.668741427562927,1.003643935109915,1.4672471085402343,0.8144852967555908,0.8880120713963813,C1,Raw archived input histories; identical history-bank CPU control,fixed_corrected,mlp-pathogen-scheduled_final-40eb78af29b5,0.8880120713963813,0.0,0.842312361758959,"2022-23,2023-24,2024-25",2024-25,"Saved C1 pathogen-specific MLP, distance sharing, no covariates; trained on unchanged final inputs/future labels; no retraining",Saved per-seed nonlinear trajectory nowcaster; full synthetic errors on permitted training trajectories; final recent-history labels; all synthetic supervised cells,Archived Wednesday values under B2 availability/lags and explicit final proxies; same history-bank inference and256future draws; correction affects only target histories,"Equal raw/full hypotheses coherent across all targets/locations/weeks per draw; sensitivity distribution, not calibrated posterior"
"weekend_family=fixed_corrected,fixed_forecaster=data/experiments/nowcast-overnight-joint-pilot-20261005/mlp-pathogen-scheduled_final-80b8b346616c/s{seed}/attempt-001/eval_{season}/model.pt,fixed_nowcaster=raw,fixed_history_mode=point,reporting_probability=0.0,reporting_augmentation=vintage,reporting_missingness=0,ed_transform=logit,spatial=distance,epochs=300,patience=30,fit_partition=pathogen,covariate_encoder=summary,input_mode=scheduled_final,input_normalization=b0,evaluation_seasons=recent_two",44,all,2024-2025,0.7886299852445717,1.2004050403255628,,,,,0.9945175127850672,C1,Raw archived input histories; identical history-bank CPU control,fixed_corrected,mlp-pathogen-scheduled_final-40eb78af29b5,0.9945175127850672,0.0,0.9945175127850673,"2022-23,2023-24,2025-26",2025-26,"Saved C1 pathogen-specific MLP, distance sharing, no covariates; trained on unchanged final inputs/future labels; no retraining",Saved per-seed nonlinear trajectory nowcaster; full synthetic errors on permitted training trajectories; final recent-history labels; all synthetic supervised cells,Archived Wednesday values under B2 availability/lags and explicit final proxies; same history-bank inference and256future draws; correction affects only target histories,"Equal raw/full hypotheses coherent across all targets/locations/weeks per draw; sensitivity distribution, not calibrated posterior"
"weekend_family=fixed_corrected,fixed_forecaster=data/experiments/nowcast-overnight-joint-pilot-20261005/mlp-pathogen-scheduled_final-80b8b346616c/s{seed}/attempt-001/eval_{season}/model.pt,fixed_nowcaster=raw,fixed_history_mode=point,reporting_probability=0.0,reporting_augmentation=vintage,reporting_missingness=0,ed_transform=logit,spatial=distance,epochs=300,patience=30,fit_partition=pathogen,covariate_encoder=summary,input_mode=scheduled_final,input_normalization=b0,evaluation_seasons=recent_two",44,all,2025-2026,0.8705042523143453,0.9688581067970852,0.8876446539572991,0.9541053180069928,1.2063862109512695,0.7857280003044707,0.9333592839333548,C1,Raw archived input histories; identical history-bank CPU control,fixed_corrected,mlp-pathogen-scheduled_final-40eb78af29b5,0.9333592839333548,0.0,0.9196811795557152,"2022-23,2023-24,2024-25",2024-25,"Saved C1 pathogen-specific MLP, distance sharing, no covariates; trained on unchanged final inputs/future labels; no retraining",Saved per-seed nonlinear trajectory nowcaster; full synthetic errors on permitted training trajectories; final recent-history labels; all synthetic supervised cells,Archived Wednesday values under B2 availability/lags and explicit final proxies; same history-bank inference and256future draws; correction affects only target histories,"Equal raw/full hypotheses coherent across all targets/locations/weeks per draw; sensitivity distribution, not calibrated posterior"
"weekend_family=fixed_corrected,fixed_forecaster=data/experiments/nowcast-overnight-joint-pilot-20261005/mlp-pathogen-scheduled_final-80b8b346616c/s{seed}/attempt-001/eval_{season}/model.pt,fixed_nowcaster=raw,fixed_history_mode=point,reporting_probability=0.0,reporting_augmentation=vintage,reporting_missingness=0,ed_transform=logit,spatial=distance,epochs=300,patience=30,fit_partition=pathogen,covariate_encoder=summary,input_mode=scheduled_final,input_normalization=b0,evaluation_seasons=recent_two",44,states_dc,2024-2025,0.8007456839640313,1.0559955773420016,,,,,0.9283706306530164,C1,Raw archived input histories; identical history-bank CPU control,fixed_corrected,mlp-pathogen-scheduled_final-40eb78af29b5,0.9283706306530164,0.0,0.9283706306530164,"2022-23,2023-24,2025-26",2025-26,"Saved C1 pathogen-specific MLP, distance sharing, no covariates; trained on unchanged final inputs/future labels; no retraining",Saved per-seed nonlinear trajectory nowcaster; full synthetic errors on permitted training trajectories; final recent-history labels; all synthetic supervised cells,Archived Wednesday values under B2 availability/lags and explicit final proxies; same history-bank inference and256future draws; correction affects only target histories,"Equal raw/full hypotheses coherent across all targets/locations/weeks per draw; sensitivity distribution, not calibrated posterior"
"weekend_family=fixed_corrected,fixed_forecaster=data/experiments/nowcast-overnight-joint-pilot-20261005/mlp-pathogen-scheduled_final-80b8b346616c/s{seed}/attempt-001/eval_{season}/model.pt,fixed_nowcaster=raw,fixed_history_mode=point,reporting_probability=0.0,reporting_augmentation=vintage,reporting_missingness=0,ed_transform=logit,spatial=distance,epochs=300,patience=30,fit_partition=pathogen,covariate_encoder=summary,input_mode=scheduled_final,input_normalization=b0,evaluation_seasons=recent_two",44,states_dc,2025-2026,0.868821759148863,1.0092250088609451,0.942370460555892,0.9417206637312622,1.1411709865540285,0.7785386761916906,0.944696087067598,C1,Raw archived input histories; identical history-bank CPU control,fixed_corrected,mlp-pathogen-scheduled_final-40eb78af29b5,0.944696087067598,0.0,0.939023384004904,"2022-23,2023-24,2024-25",2024-25,"Saved C1 pathogen-specific MLP, distance sharing, no covariates; trained on unchanged final inputs/future labels; no retraining",Saved per-seed nonlinear trajectory nowcaster; full synthetic errors on permitted training trajectories; final recent-history labels; all synthetic supervised cells,Archived Wednesday values under B2 availability/lags and explicit final proxies; same history-bank inference and256future draws; correction affects only target histories,"Equal raw/full hypotheses coherent across all targets/locations/weeks per draw; sensitivity distribution, not calibrated posterior"
